timestamp, power.draw [W], power.draw.instant [W], clocks.current.sm [MHz], clocks.current.memory [MHz], utilization.gpu [%], utilization.memory [%], memory.used [MiB], memory.reserved [MiB], temperature.gpu, pstate
2026/08/23 13:21:49.752, 30.91, 31.44, 210, 405, 7, 7, 1728, 254, 56, P8
2026/08/23 13:21:50.269, 30.96, 31.18, 210, 405, 4, 6, 1728, 254, 56, P8
2026/08/23 13:21:50.779, 30.65, 29.83, 210, 405, 3, 6, 1693, 254, 56, P8
2026/08/23 13:21:51.292, 30.13, 28.83, 210, 405, 3, 4, 1691, 254, 56, P8
2026/08/23 13:21:51.807, 29.21, 28.50, 210, 405, 6, 17, 1691, 254, 56, P8
2026/08/23 13:21:52.319, 29.14, 28.74, 210, 405, 4, 7, 1691, 254, 56, P8
2026/08/23 13:21:52.846, 29.32, 28.55, 210, 405, 3, 3, 1689, 254, 56, P8
2026/08/23 13:21:53.357, 31.06, 36.86, 210, 405, 36, 19, 1649, 254, 56, P8
2026/08/23 13:21:53.873, 33.96, 38.71, 210, 405, 35, 19, 1676, 254, 56, P8
2026/08/23 13:21:54.384, 35.85, 32.47, 225, 405, 12, 7, 1677, 254, 56, P8
2026/08/23 13:21:54.895, 33.89, 29.29, 225, 405, 6, 4, 1677, 254, 56, P8
2026/08/23 13:21:55.408, 32.87, 34.52, 225, 405, 15, 14, 1689, 254, 56, P8
2026/08/23 13:21:55.918, 32.46, 29.65, 210, 405, 2, 14, 1689, 254, 56, P8
2026/08/23 13:21:56.431, 30.46, 28.97, 210, 405, 4, 12, 1688, 254, 56, P8
2026/08/23 13:21:56.941, 30.36, 30.73, 210, 405, 5, 11, 1688, 254, 56, P8
2026/08/23 13:21:57.467, 30.83, 32.01, 210, 405, 12, 7, 1688, 254, 56, P8
2026/08/23 13:21:57.975, 31.78, 31.98, 210, 405, 13, 7, 1688, 254, 56, P8
2026/08/23 13:21:58.487, 31.91, 32.24, 210, 405, 14, 8, 1688, 254, 56, P8
2026/08/23 13:21:58.995, 31.53, 32.15, 210, 405, 17, 11, 1688, 254, 56, P8
2026/08/23 13:21:59.502, 30.97, 29.11, 210, 405, 3, 11, 1688, 254, 56, P8
2026/08/23 13:22:00.013, 29.96, 28.72, 210, 405, 8, 14, 1688, 254, 56, P8
2026/08/23 13:22:00.526, 29.97, 28.83, 210, 405, 3, 3, 1688, 254, 56, P8
2026/08/23 13:22:01.035, 30.15, 29.55, 210, 405, 5, 11, 1688, 254, 56, P8
2026/08/23 13:22:01.547, 29.58, 29.53, 210, 405, 1, 8, 1688, 254, 56, P8
2026/08/23 13:22:02.059, 30.87, 33.48, 210, 405, 17, 11, 1688, 254, 56, P8
2026/08/23 13:22:02.571, 32.09, 32.46, 210, 405, 12, 17, 1688, 254, 56, P8
2026/08/23 13:22:03.079, 31.08, 30.92, 210, 405, 8, 16, 1688, 254, 56, P8
2026/08/23 13:22:03.591, 30.04, 29.84, 210, 405, 7, 16, 1688, 254, 56, P8
2026/08/23 13:22:04.105, 30.46, 32.69, 210, 405, 17, 18, 1688, 254, 56, P8
2026/08/23 13:22:04.614, 31.11, 31.35, 210, 405, 11, 7, 1688, 254, 56, P8
2026/08/23 13:22:05.127, 30.51, 29.22, 210, 405, 4, 22, 1688, 254, 56, P8
2026/08/23 13:22:05.638, 31.08, 31.34, 210, 405, 6, 6, 1688, 254, 56, P8
2026/08/23 13:22:06.148, 30.82, 30.16, 210, 405, 3, 3, 1688, 254, 56, P8
2026/08/23 13:22:06.661, 30.03, 31.53, 210, 405, 5, 5, 1688, 254, 56, P8
2026/08/23 13:22:07.168, 29.90, 30.14, 210, 405, 4, 28, 1688, 254, 56, P8
2026/08/23 13:22:07.678, 29.75, 29.19, 210, 405, 4, 9, 1688, 254, 56, P8
2026/08/23 13:22:08.193, 29.66, 29.16, 210, 405, 3, 5, 1700, 254, 56, P8
2026/08/23 13:22:08.704, 29.95, 29.95, 210, 405, 5, 5, 1700, 254, 56, P8
2026/08/23 13:22:09.216, 29.87, 28.25, 210, 405, 3, 5, 1700, 254, 56, P8
2026/08/23 13:22:09.723, 29.72, 29.70, 210, 405, 4, 8, 1700, 254, 56, P8
2026/08/23 13:22:10.234, 29.75, 28.83, 210, 405, 3, 3, 1669, 254, 56, P8
2026/08/23 13:22:10.745, 29.98, 28.48, 210, 405, 2, 6, 1669, 254, 56, P8
2026/08/23 13:22:11.258, 29.50, 29.14, 210, 405, 3, 10, 1669, 254, 56, P8
2026/08/23 13:22:11.773, 29.45, 28.52, 210, 405, 2, 17, 1669, 254, 56, P8
2026/08/23 13:22:12.286, 29.42, 28.85, 210, 405, 4, 4, 1669, 254, 56, P8
2026/08/23 13:22:12.796, 29.22, 28.75, 210, 405, 4, 4, 1669, 254, 56, P8
2026/08/23 13:22:13.307, 29.35, 29.24, 210, 405, 4, 7, 1669, 254, 56, P8
2026/08/23 13:22:13.815, 29.47, 29.10, 210, 405, 4, 17, 1669, 254, 56, P8
2026/08/23 13:22:14.328, 29.98, 29.86, 210, 405, 5, 4, 1669, 254, 56, P8
2026/08/23 13:22:14.835, 29.97, 28.54, 210, 405, 3, 12, 1669, 254, 56, P8
2026/08/23 13:22:15.350, 29.89, 32.47, 210, 405, 4, 14, 1669, 254, 56, P8
2026/08/23 13:22:15.862, 30.60, 29.62, 210, 405, 6, 13, 1669, 254, 56, P8
2026/08/23 13:22:16.374, 30.57, 30.99, 210, 405, 4, 25, 1669, 254, 56, P8
2026/08/23 13:22:16.884, 30.01, 28.87, 210, 405, 3, 8, 1669, 254, 56, P8
2026/08/23 13:22:17.392, 29.85, 30.92, 210, 405, 5, 4, 1669, 254, 56, P8
2026/08/23 13:22:17.904, 29.98, 30.08, 210, 405, 6, 13, 1669, 254, 56, P8
2026/08/23 13:22:18.416, 30.36, 29.29, 210, 405, 4, 7, 1669, 254, 56, P8
2026/08/23 13:22:18.931, 29.87, 29.02, 210, 405, 3, 15, 1669, 254, 56, P8
2026/08/23 13:22:19.443, 29.48, 29.38, 210, 405, 4, 6, 1669, 254, 56, P8
2026/08/23 13:22:19.954, 29.65, 29.33, 210, 405, 3, 6, 1669, 254, 56, P8
2026/08/23 13:22:20.466, 30.03, 29.28, 210, 405, 5, 13, 1669, 254, 56, P8
2026/08/23 13:22:20.977, 30.04, 29.25, 210, 405, 6, 4, 1669, 254, 56, P8
2026/08/23 13:22:21.494, 29.59, 29.34, 210, 405, 4, 19, 1669, 254, 56, P8
2026/08/23 13:22:22.005, 29.36, 29.30, 210, 405, 4, 4, 1669, 254, 56, P8
2026/08/23 13:22:22.520, 29.76, 31.57, 210, 405, 4, 14, 1669, 254, 56, P8
2026/08/23 13:22:23.034, 30.01, 30.30, 210, 405, 4, 4, 1669, 254, 56, P8
2026/08/23 13:22:23.546, 30.39, 32.02, 210, 405, 7, 10, 1669, 254, 56, P8
2026/08/23 13:22:24.059, 30.29, 29.49, 210, 405, 5, 4, 1669, 254, 56, P8
2026/08/23 13:22:24.570, 30.21, 29.12, 210, 405, 4, 14, 1669, 254, 56, P8
2026/08/23 13:22:25.080, 29.74, 28.13, 210, 405, 2, 6, 1669, 254, 56, P8
2026/08/23 13:22:25.590, 29.70, 29.42, 210, 405, 4, 13, 1669, 254, 56, P8
2026/08/23 13:22:26.101, 29.76, 28.69, 210, 405, 5, 4, 1669, 254, 56, P8
2026/08/23 13:22:26.615, 29.40, 28.76, 210, 405, 4, 4, 1669, 254, 56, P8
2026/08/23 13:22:27.129, 29.20, 30.59, 210, 405, 5, 10, 1669, 254, 56, P8
2026/08/23 13:22:27.641, 29.37, 29.20, 210, 405, 4, 6, 1669, 254, 56, P8
2026/08/23 13:22:28.152, 30.05, 29.16, 210, 405, 3, 6, 1669, 254, 56, P8
2026/08/23 13:22:28.662, 30.05, 30.16, 210, 405, 3, 3, 1669, 254, 56, P8
2026/08/23 13:22:29.175, 30.19, 30.46, 210, 405, 7, 5, 1669, 254, 56, P8
2026/08/23 13:22:29.687, 30.29, 28.90, 210, 405, 5, 10, 1669, 254, 56, P8
2026/08/23 13:22:30.199, 29.93, 30.47, 210, 405, 5, 4, 1669, 254, 56, P8
2026/08/23 13:22:30.712, 29.73, 29.25, 210, 405, 5, 11, 1669, 254, 56, P8
2026/08/23 13:22:31.226, 29.79, 30.74, 210, 405, 6, 8, 1669, 254, 56, P8
2026/08/23 13:22:31.739, 29.77, 29.47, 210, 405, 3, 8, 1669, 254, 56, P8
2026/08/23 13:22:32.252, 29.79, 28.60, 210, 405, 4, 4, 1669, 254, 56, P8
2026/08/23 13:22:32.768, 29.43, 29.57, 210, 405, 5, 14, 1669, 254, 56, P8
2026/08/23 13:22:33.279, 29.39, 29.69, 210, 405, 5, 13, 1669, 254, 56, P8
2026/08/23 13:22:33.790, 29.53, 30.58, 210, 405, 4, 7, 1669, 254, 56, P8
2026/08/23 13:22:34.305, 29.91, 29.72, 210, 405, 5, 7, 1669, 254, 56, P8
2026/08/23 13:22:34.820, 29.40, 29.57, 210, 405, 5, 4, 1669, 254, 56, P8
2026/08/23 13:22:35.330, 30.02, 30.89, 210, 405, 7, 8, 1669, 254, 56, P8
2026/08/23 13:22:35.840, 30.73, 29.60, 210, 405, 3, 11, 1669, 254, 56, P8
2026/08/23 13:22:36.357, 30.33, 31.11, 210, 405, 5, 4, 1669, 254, 56, P8
2026/08/23 13:22:36.867, 29.96, 29.71, 210, 405, 5, 16, 1669, 254, 56, P8
2026/08/23 13:22:37.379, 30.16, 29.19, 210, 405, 4, 14, 1669, 254, 56, P8
2026/08/23 13:22:37.889, 29.98, 30.80, 210, 405, 4, 4, 1669, 254, 56, P8
2026/08/23 13:22:38.398, 30.05, 29.61, 210, 405, 4, 7, 1669, 254, 56, P8
2026/08/23 13:22:38.911, 29.91, 28.92, 210, 405, 5, 4, 1669, 254, 56, P8
2026/08/23 13:22:39.417, 29.55, 30.26, 210, 405, 4, 4, 1669, 254, 56, P8
2026/08/23 13:22:39.929, 29.61, 29.05, 210, 405, 3, 9, 1669, 254, 56, P8
2026/08/23 13:22:40.440, 29.73, 29.79, 210, 405, 4, 4, 1669, 254, 56, P8
2026/08/23 13:22:40.952, 29.41, 28.77, 210, 405, 4, 18, 1669, 254, 56, P8
2026/08/23 13:22:41.464, 29.16, 30.55, 210, 405, 3, 3, 1669, 254, 56, P8
2026/08/23 13:22:41.975, 29.46, 28.80, 210, 405, 5, 10, 1669, 254, 56, P8
2026/08/23 13:22:42.488, 29.81, 29.07, 210, 405, 4, 8, 1669, 254, 56, P8
2026/08/23 13:22:42.999, 29.63, 28.98, 210, 405, 4, 8, 1669, 254, 56, P8
2026/08/23 13:22:43.508, 29.85, 31.12, 210, 405, 7, 9, 1669, 254, 56, P8
2026/08/23 13:22:44.022, 30.49, 31.88, 210, 405, 7, 9, 1669, 254, 56, P8
2026/08/23 13:22:44.534, 30.88, 30.19, 210, 405, 3, 12, 1669, 254, 56, P8
2026/08/23 13:22:45.047, 30.35, 29.21, 210, 405, 4, 4, 1669, 254, 56, P8
2026/08/23 13:22:45.556, 29.81, 29.98, 210, 405, 7, 11, 1669, 254, 56, P8
2026/08/23 13:22:46.072, 29.89, 30.47, 210, 405, 6, 13, 1669, 254, 56, P8
2026/08/23 13:22:46.588, 30.03, 28.72, 210, 405, 3, 17, 1669, 254, 56, P8
2026/08/23 13:22:47.098, 30.05, 30.02, 210, 405, 4, 4, 1669, 254, 56, P8
2026/08/23 13:22:47.612, 30.29, 31.11, 210, 405, 7, 9, 1669, 254, 56, P8
2026/08/23 13:22:48.125, 29.99, 28.10, 210, 405, 3, 11, 1669, 254, 56, P8
2026/08/23 13:22:48.636, 28.79, 28.22, 210, 405, 4, 10, 1669, 254, 56, P8
2026/08/23 13:22:49.151, 28.43, 27.86, 210, 405, 3, 3, 1669, 254, 56, P8
2026/08/23 13:22:49.662, 28.73, 28.54, 210, 405, 5, 9, 1669, 254, 56, P8
2026/08/23 13:22:50.171, 28.80, 28.56, 210, 405, 6, 7, 1669, 254, 56, P8
2026/08/23 13:22:50.681, 29.28, 31.04, 210, 405, 6, 5, 1669, 254, 56, P8
2026/08/23 13:22:51.192, 29.51, 28.62, 210, 405, 3, 8, 1669, 254, 56, P8
2026/08/23 13:22:51.704, 29.67, 29.05, 210, 405, 4, 7, 1669, 254, 56, P8
2026/08/23 13:22:52.218, 29.74, 30.39, 210, 405, 4, 4, 1669, 254, 56, P8
2026/08/23 13:22:52.732, 29.75, 29.51, 210, 405, 6, 7, 1669, 254, 56, P8
2026/08/23 13:22:53.244, 29.91, 28.56, 210, 405, 3, 12, 1669, 254, 56, P8
2026/08/23 13:22:53.756, 29.83, 29.01, 210, 405, 5, 4, 1669, 254, 56, P8
2026/08/23 13:22:54.271, 29.58, 28.77, 210, 405, 6, 5, 1669, 254, 56, P8
2026/08/23 13:22:54.783, 29.61, 29.59, 210, 405, 4, 4, 1669, 254, 56, P8
2026/08/23 13:22:55.297, 30.01, 30.29, 210, 405, 4, 4, 1669, 254, 56, P8
2026/08/23 13:22:55.810, 30.01, 29.62, 210, 405, 4, 12, 1669, 254, 56, P8
2026/08/23 13:22:56.324, 30.16, 28.91, 210, 405, 4, 12, 1669, 254, 56, P8
2026/08/23 13:22:56.834, 30.09, 29.55, 210, 405, 4, 6, 1669, 254, 56, P8
2026/08/23 13:22:57.348, 30.30, 29.51, 210, 405, 6, 5, 1669, 254, 56, P8
2026/08/23 13:22:57.860, 30.22, 29.11, 210, 405, 5, 5, 1669, 254, 56, P8
2026/08/23 13:22:58.372, 30.18, 29.58, 210, 405, 4, 4, 1669, 254, 56, P8
2026/08/23 13:22:58.886, 30.34, 31.28, 210, 405, 7, 5, 1669, 254, 56, P8
2026/08/23 13:22:59.398, 30.23, 29.42, 210, 405, 4, 4, 1669, 254, 56, P8
2026/08/23 13:22:59.909, 29.90, 29.10, 210, 405, 3, 6, 1669, 254, 56, P8
2026/08/23 13:23:00.417, 29.47, 30.69, 210, 405, 6, 15, 1669, 254, 56, P8
2026/08/23 13:23:00.931, 30.18, 29.38, 210, 405, 4, 4, 1669, 254, 56, P8
2026/08/23 13:23:01.445, 31.42, 29.46, 210, 405, 4, 7, 1669, 254, 56, P8
2026/08/23 13:23:01.958, 30.60, 28.90, 210, 405, 3, 7, 1669, 254, 56, P8
2026/08/23 13:23:02.470, 29.77, 30.80, 210, 405, 7, 7, 1669, 254, 56, P8
2026/08/23 13:23:02.980, 29.74, 28.91, 210, 405, 3, 11, 1669, 254, 56, P8
2026/08/23 13:23:03.494, 29.91, 32.45, 210, 405, 11, 10, 1669, 254, 56, P8
2026/08/23 13:23:04.005, 29.94, 30.35, 210, 405, 3, 3, 1669, 254, 56, P8
2026/08/23 13:23:04.518, 30.40, 31.97, 210, 405, 13, 9, 1669, 254, 56, P8
2026/08/23 13:23:05.031, 30.13, 28.74, 210, 405, 2, 3, 1669, 254, 56, P8
2026/08/23 13:23:05.540, 30.08, 33.67, 210, 405, 9, 6, 1669, 254, 56, P8
2026/08/23 13:23:06.054, 29.93, 29.23, 210, 405, 4, 4, 1669, 254, 56, P8
2026/08/23 13:23:06.563, 29.71, 30.11, 210, 405, 8, 4, 1669, 254, 56, P8
2026/08/23 13:23:07.078, 29.66, 29.29, 210, 405, 6, 5, 1669, 254, 56, P8
2026/08/23 13:23:07.586, 30.09, 30.69, 210, 405, 8, 6, 1669, 254, 56, P8
2026/08/23 13:23:08.099, 30.04, 29.61, 210, 405, 4, 4, 1669, 254, 56, P8
2026/08/23 13:23:08.613, 30.19, 31.18, 210, 405, 8, 11, 1669, 254, 56, P8
2026/08/23 13:23:09.129, 30.10, 29.87, 210, 405, 7, 29, 1669, 254, 56, P8
2026/08/23 13:23:09.642, 30.18, 31.22, 210, 405, 6, 4, 1669, 254, 56, P8
2026/08/23 13:23:10.152, 30.45, 30.60, 210, 405, 7, 6, 1669, 254, 56, P8
2026/08/23 13:23:10.662, 30.47, 31.32, 210, 405, 7, 4, 1669, 254, 56, P8
2026/08/23 13:23:11.173, 30.93, 34.63, 210, 405, 4, 4, 1669, 254, 56, P8
2026/08/23 13:23:11.686, 30.92, 30.71, 210, 405, 7, 20, 1669, 254, 56, P8
2026/08/23 13:23:12.201, 30.43, 30.60, 210, 405, 4, 4, 1669, 254, 56, P8
2026/08/23 13:23:12.712, 30.38, 33.34, 210, 405, 8, 5, 1669, 254, 56, P8
2026/08/23 13:23:13.224, 30.64, 29.56, 210, 405, 6, 11, 1669, 254, 56, P8
2026/08/23 13:23:13.734, 30.71, 32.63, 210, 405, 10, 6, 1669, 254, 56, P8
2026/08/23 13:23:14.247, 30.02, 29.98, 210, 405, 3, 5, 1669, 254, 56, P8
2026/08/23 13:23:14.757, 30.77, 31.41, 210, 405, 7, 4, 1669, 254, 56, P8
2026/08/23 13:23:15.272, 30.71, 29.64, 210, 405, 3, 4, 1669, 254, 56, P8
2026/08/23 13:23:15.786, 30.51, 31.20, 210, 405, 8, 6, 1669, 254, 56, P8
2026/08/23 13:23:16.301, 30.25, 28.85, 210, 405, 3, 7, 1672, 254, 56, P8
2026/08/23 13:23:16.813, 29.72, 29.92, 210, 405, 7, 23, 1895, 254, 56, P8
2026/08/23 13:23:17.323, 102.37, 121.65, 1725, 9501, 1, 0, 1895, 254, 60, P2
2026/08/23 13:23:17.837, 121.53, 121.29, 1725, 9501, 1, 0, 1895, 254, 60, P2
2026/08/23 13:23:18.352, 121.55, 122.09, 1725, 9501, 2, 0, 1895, 254, 61, P2
2026/08/23 13:23:18.868, 129.73, 159.46, 1965, 9501, 70, 4, 14623, 254, 62, P2
2026/08/23 13:23:19.380, 143.54, 151.97, 1965, 9501, 18, 1, 14623, 254, 62, P2
2026/08/23 13:23:19.894, 152.45, 151.59, 1965, 9501, 17, 1, 14623, 254, 63, P2
2026/08/23 13:23:20.409, 151.80, 152.04, 1965, 9501, 17, 1, 14623, 254, 63, P2
2026/08/23 13:23:20.923, 147.16, 124.22, 1725, 9501, 18, 1, 14623, 254, 62, P2
2026/08/23 13:23:21.433, 134.64, 124.47, 1725, 9501, 18, 1, 14623, 254, 62, P2
2026/08/23 13:23:21.949, 124.17, 124.27, 1725, 9501, 18, 1, 14623, 254, 62, P2
2026/08/23 13:23:22.462, 124.23, 124.87, 1725, 9501, 18, 1, 16151, 254, 62, P2
2026/08/23 13:23:22.974, 135.45, 122.38, 1725, 9501, 1, 0, 16151, 254, 62, P2
2026/08/23 13:23:23.487, 127.25, 85.32, 1185, 5001, 0, 0, 16151, 254, 61, P3
2026/08/23 13:23:23.994, 97.86, 83.95, 900, 5001, 2, 0, 16151, 254, 60, P3
2026/08/23 13:23:24.506, 84.17, 83.34, 765, 5001, 3, 0, 16151, 254, 60, P3
2026/08/23 13:23:25.016, 83.25, 82.94, 585, 5001, 2, 0, 16151, 254, 60, P3
2026/08/23 13:23:25.528, 79.38, 44.63, 495, 810, 3, 2, 16151, 254, 59, P5
2026/08/23 13:23:26.036, 56.62, 35.72, 390, 810, 2, 2, 16151, 254, 58, P5
2026/08/23 13:23:26.547, 37.85, 36.66, 330, 810, 3, 2, 16151, 254, 58, P5
2026/08/23 13:23:27.056, 36.28, 36.41, 255, 810, 6, 3, 16151, 254, 58, P5
2026/08/23 13:23:27.570, 35.28, 31.94, 210, 405, 3, 4, 16151, 254, 58, P8
2026/08/23 13:23:28.082, 33.14, 31.00, 210, 405, 6, 4, 16151, 254, 58, P8
2026/08/23 13:23:28.591, 31.43, 31.95, 210, 405, 5, 20, 16151, 254, 58, P8
2026/08/23 13:23:29.101, 30.74, 29.44, 210, 405, 5, 27, 16151, 254, 58, P8
2026/08/23 13:23:29.645, 31.33, 30.81, 210, 405, 3, 19, 16151, 254, 58, P8
2026/08/23 13:23:30.153, 31.59, 29.71, 210, 405, 5, 8, 16151, 254, 58, P8
2026/08/23 13:23:30.666, 31.19, 31.52, 210, 405, 4, 8, 16151, 254, 58, P8
2026/08/23 13:23:31.177, 30.67, 29.80, 210, 405, 4, 4, 16151, 254, 58, P8
2026/08/23 13:23:31.688, 30.41, 30.68, 210, 405, 3, 7, 16151, 254, 58, P8
2026/08/23 13:23:32.197, 31.27, 30.97, 210, 405, 6, 4, 16151, 254, 58, P8
2026/08/23 13:23:32.704, 33.12, 34.59, 210, 405, 22, 7, 16151, 254, 58, P8
2026/08/23 13:23:33.216, 32.94, 30.15, 210, 405, 5, 4, 16151, 254, 58, P8
2026/08/23 13:23:33.728, 32.07, 31.39, 210, 405, 10, 6, 16151, 254, 58, P8
2026/08/23 13:23:34.236, 30.76, 30.77, 210, 405, 5, 4, 16151, 254, 58, P8
2026/08/23 13:23:34.748, 30.96, 31.19, 210, 405, 6, 4, 16151, 254, 58, P8
2026/08/23 13:23:35.258, 30.96, 30.28, 210, 405, 6, 5, 16151, 254, 58, P8
2026/08/23 13:23:35.771, 31.78, 31.00, 210, 405, 8, 5, 16151, 254, 58, P8
2026/08/23 13:23:36.281, 32.27, 31.78, 210, 405, 5, 4, 16151, 254, 58, P8
2026/08/23 13:23:36.792, 31.67, 32.02, 210, 405, 9, 6, 16151, 254, 58, P8
2026/08/23 13:23:37.305, 31.24, 31.58, 210, 405, 12, 7, 16151, 254, 58, P8
2026/08/23 13:23:37.818, 30.92, 29.09, 210, 405, 5, 4, 16151, 254, 57, P8
2026/08/23 13:23:38.329, 30.64, 31.07, 210, 405, 8, 5, 16151, 254, 58, P8
2026/08/23 13:23:38.837, 30.78, 32.19, 210, 405, 13, 6, 16151, 254, 58, P8
2026/08/23 13:23:39.350, 31.35, 30.33, 210, 405, 4, 4, 16151, 254, 57, P8
2026/08/23 13:23:39.862, 30.84, 31.75, 210, 405, 7, 4, 16151, 254, 57, P8
2026/08/23 13:23:40.371, 30.48, 30.67, 210, 405, 8, 4, 16151, 254, 57, P8
2026/08/23 13:23:40.882, 30.52, 29.49, 210, 405, 3, 2, 16151, 254, 57, P8
2026/08/23 13:23:41.392, 29.93, 29.37, 210, 405, 5, 4, 16151, 254, 57, P8
2026/08/23 13:23:41.901, 29.84, 29.79, 210, 405, 3, 3, 16151, 254, 57, P8
2026/08/23 13:23:42.414, 30.04, 30.01, 210, 405, 3, 4, 16151, 254, 57, P8
2026/08/23 13:23:42.924, 30.36, 31.80, 210, 405, 5, 4, 16151, 254, 57, P8
2026/08/23 13:23:43.434, 30.15, 29.26, 210, 405, 3, 4, 16151, 254, 57, P8
2026/08/23 13:23:43.946, 29.43, 28.25, 210, 405, 3, 3, 16151, 254, 57, P8
2026/08/23 13:23:44.460, 28.99, 28.69, 210, 405, 6, 4, 16151, 254, 57, P8
2026/08/23 13:23:44.971, 29.40, 30.41, 210, 405, 4, 3, 16151, 254, 57, P8
2026/08/23 13:23:45.483, 29.49, 30.98, 210, 405, 8, 5, 16151, 254, 57, P8
2026/08/23 13:23:45.993, 29.68, 29.56, 210, 405, 3, 3, 16151, 254, 57, P8
2026/08/23 13:23:46.499, 30.34, 30.18, 210, 405, 5, 4, 16151, 254, 57, P8
2026/08/23 13:23:47.011, 30.26, 29.14, 210, 405, 3, 2, 16151, 254, 57, P8
2026/08/23 13:23:47.522, 29.78, 30.43, 210, 405, 6, 4, 16151, 254, 57, P8
2026/08/23 13:23:48.030, 29.60, 28.89, 210, 405, 3, 2, 16151, 254, 57, P8
2026/08/23 13:23:48.540, 29.75, 32.57, 210, 405, 8, 5, 16151, 254, 57, P8
2026/08/23 13:23:49.050, 29.37, 29.02, 210, 405, 3, 3, 16151, 254, 57, P8
2026/08/23 13:23:49.564, 29.11, 29.58, 210, 405, 4, 4, 16151, 254, 57, P8
2026/08/23 13:23:50.072, 28.89, 28.30, 210, 405, 3, 3, 16151, 254, 57, P8
2026/08/23 13:23:50.582, 29.10, 30.24, 210, 405, 6, 4, 16151, 254, 57, P8
2026/08/23 13:23:51.095, 28.98, 28.54, 210, 405, 3, 3, 16151, 254, 57, P8
2026/08/23 13:23:51.608, 29.01, 30.33, 210, 405, 5, 4, 16151, 254, 57, P8
2026/08/23 13:23:52.117, 29.19, 29.39, 210, 405, 3, 3, 16151, 254, 57, P8
2026/08/23 13:23:52.626, 29.62, 30.24, 210, 405, 3, 4, 16151, 254, 57, P8
2026/08/23 13:23:53.136, 29.96, 29.56, 210, 405, 3, 3, 16151, 254, 57, P8
2026/08/23 13:23:53.644, 30.18, 30.32, 210, 405, 4, 4, 16151, 254, 57, P8
2026/08/23 13:23:54.157, 30.01, 31.16, 210, 405, 7, 4, 16151, 254, 57, P8
2026/08/23 13:23:54.670, 29.67, 29.36, 210, 405, 6, 4, 16151, 254, 57, P8
2026/08/23 13:23:55.183, 29.27, 29.08, 210, 405, 4, 3, 16151, 254, 57, P8
2026/08/23 13:23:55.697, 29.13, 29.01, 210, 405, 4, 3, 16151, 254, 57, P8
2026/08/23 13:23:56.206, 29.29, 28.81, 210, 405, 3, 2, 16151, 254, 57, P8
2026/08/23 13:23:56.719, 29.66, 30.58, 210, 405, 4, 4, 16151, 254, 57, P8
2026/08/23 13:23:57.230, 30.11, 30.47, 210, 405, 5, 4, 16151, 254, 57, P8
2026/08/23 13:23:57.737, 29.74, 29.04, 210, 405, 4, 4, 16151, 254, 57, P8
2026/08/23 13:23:58.254, 29.36, 28.53, 210, 405, 2, 3, 16151, 254, 57, P8
2026/08/23 13:23:58.764, 29.75, 29.80, 210, 405, 3, 4, 16151, 254, 57, P8
2026/08/23 13:23:59.276, 29.97, 29.68, 210, 405, 3, 2, 16151, 254, 57, P8
2026/08/23 13:23:59.789, 30.10, 30.60, 210, 405, 7, 5, 16151, 254, 57, P8
2026/08/23 13:24:00.304, 30.52, 34.53, 210, 405, 19, 8, 16151, 254, 57, P8
2026/08/23 13:24:00.826, 31.24, 28.38, 210, 405, 4, 3, 16151, 254, 57, P8
2026/08/23 13:24:01.333, 29.48, 31.33, 210, 405, 8, 5, 16151, 254, 57, P8
2026/08/23 13:24:01.841, 30.02, 30.81, 210, 405, 3, 3, 16151, 254, 57, P8
2026/08/23 13:24:02.350, 30.08, 29.26, 210, 405, 3, 4, 16151, 254, 57, P8
2026/08/23 13:24:02.858, 29.22, 28.26, 210, 405, 3, 3, 16151, 254, 57, P8
2026/08/23 13:24:03.370, 28.90, 28.92, 210, 405, 3, 4, 16151, 254, 57, P8
2026/08/23 13:24:03.882, 28.90, 28.49, 210, 405, 3, 3, 16151, 254, 57, P8
2026/08/23 13:24:04.391, 29.17, 29.42, 210, 405, 4, 4, 16151, 254, 57, P8
2026/08/23 13:24:04.900, 29.75, 30.30, 210, 405, 6, 3, 16151, 254, 57, P8
2026/08/23 13:24:05.416, 29.92, 29.53, 210, 405, 5, 4, 16151, 254, 57, P8
2026/08/23 13:24:05.923, 30.31, 35.24, 210, 405, 18, 8, 16151, 254, 57, P8
2026/08/23 13:24:06.436, 30.28, 30.02, 210, 405, 5, 4, 16151, 254, 57, P8
2026/08/23 13:24:06.950, 30.45, 29.68, 210, 405, 3, 3, 16151, 254, 57, P8
2026/08/23 13:24:07.460, 30.22, 31.12, 210, 405, 5, 4, 16151, 254, 57, P8
2026/08/23 13:24:07.968, 30.29, 30.47, 210, 405, 5, 3, 16151, 254, 57, P8
2026/08/23 13:24:08.480, 30.00, 29.37, 210, 405, 4, 4, 16151, 254, 57, P8
2026/08/23 13:24:08.993, 30.03, 30.07, 210, 405, 3, 3, 16151, 254, 57, P8
2026/08/23 13:24:09.505, 30.00, 29.46, 210, 405, 5, 4, 16151, 254, 57, P8
2026/08/23 13:24:10.016, 30.27, 32.86, 210, 405, 8, 6, 16151, 254, 57, P8
2026/08/23 13:24:10.527, 31.17, 32.87, 210, 405, 7, 5, 16151, 254, 57, P8
2026/08/23 13:24:11.038, 31.16, 29.92, 210, 405, 6, 4, 16151, 254, 57, P8
2026/08/23 13:24:11.549, 30.81, 31.26, 210, 405, 6, 4, 16151, 254, 57, P8
2026/08/23 13:24:12.057, 30.58, 29.94, 210, 405, 4, 3, 16151, 254, 57, P8
2026/08/23 13:24:12.569, 30.05, 30.07, 210, 405, 7, 5, 16151, 254, 57, P8
2026/08/23 13:24:13.081, 29.39, 28.30, 210, 405, 2, 3, 16151, 254, 57, P8
2026/08/23 13:24:13.592, 30.59, 29.90, 210, 405, 4, 4, 16151, 254, 57, P8
2026/08/23 13:24:14.100, 31.85, 32.38, 210, 405, 15, 7, 16151, 254, 57, P8
2026/08/23 13:24:14.609, 33.40, 33.13, 210, 405, 10, 6, 16151, 254, 57, P8
2026/08/23 13:24:15.123, 33.60, 31.40, 210, 405, 11, 6, 16151, 254, 57, P8
2026/08/23 13:24:15.635, 31.61, 31.79, 210, 405, 8, 5, 16151, 254, 57, P8
2026/08/23 13:24:16.141, 33.04, 51.30, 1725, 9501, 27, 3, 16151, 254, 59, P2
2026/08/23 13:24:16.655, 74.45, 122.64, 1725, 9501, 4, 0, 16151, 254, 61, P2
2026/08/23 13:24:17.161, 115.44, 121.63, 1725, 9501, 0, 0, 16151, 254, 61, P2
2026/08/23 13:24:17.669, 122.07, 122.07, 1725, 9501, 2, 0, 16151, 254, 62, P2
2026/08/23 13:24:18.176, 122.00, 122.00, 1725, 9501, 0, 0, 16151, 254, 62, P2
2026/08/23 13:24:18.687, 108.92, 46.75, 405, 810, 2, 2, 16151, 254, 59, P5
2026/08/23 13:24:19.200, 74.57, 46.45, 315, 810, 1, 1, 16151, 254, 59, P5
2026/08/23 13:24:19.714, 44.99, 33.66, 270, 405, 5, 4, 16151, 254, 58, P8
2026/08/23 13:24:20.224, 37.25, 29.92, 210, 405, 4, 3, 16151, 254, 58, P8
2026/08/23 13:24:20.734, 31.38, 30.84, 210, 405, 5, 4, 16151, 254, 58, P8
2026/08/23 13:24:21.245, 31.06, 30.04, 210, 405, 3, 3, 16151, 254, 58, P8
2026/08/23 13:24:21.761, 30.97, 31.15, 210, 405, 7, 3, 16151, 254, 58, P8
2026/08/23 13:24:22.268, 30.83, 30.25, 210, 405, 3, 3, 16151, 254, 58, P8
2026/08/23 13:24:22.780, 30.87, 30.89, 210, 405, 4, 3, 16151, 254, 58, P8
2026/08/23 13:24:23.286, 30.93, 30.75, 210, 405, 5, 4, 16151, 254, 58, P8
2026/08/23 13:24:23.800, 30.45, 30.12, 210, 405, 4, 3, 16151, 254, 58, P8
2026/08/23 13:24:24.312, 30.23, 30.18, 210, 405, 2, 3, 16151, 254, 58, P8
2026/08/23 13:24:24.827, 30.06, 29.08, 210, 405, 3, 3, 16151, 254, 58, P8
2026/08/23 13:24:25.337, 29.54, 29.49, 210, 405, 7, 4, 16151, 254, 58, P8
2026/08/23 13:24:25.849, 29.15, 28.76, 210, 405, 2, 3, 16151, 254, 58, P8
2026/08/23 13:24:26.359, 29.03, 28.77, 210, 405, 4, 3, 16151, 254, 58, P8
2026/08/23 13:24:26.869, 29.37, 29.79, 210, 405, 3, 3, 16151, 254, 58, P8
2026/08/23 13:24:27.379, 29.94, 29.73, 210, 405, 4, 3, 16151, 254, 58, P8
2026/08/23 13:24:27.891, 30.03, 29.57, 210, 405, 3, 2, 16151, 254, 58, P8
2026/08/23 13:24:28.401, 29.67, 30.85, 210, 405, 8, 4, 16151, 254, 58, P8
2026/08/23 13:24:28.912, 29.57, 29.94, 210, 405, 4, 3, 16151, 254, 58, P8
2026/08/23 13:24:29.423, 31.14, 34.79, 210, 405, 17, 9, 16151, 254, 58, P8
2026/08/23 13:24:29.934, 32.20, 30.48, 210, 405, 5, 4, 16151, 254, 58, P8
2026/08/23 13:24:30.448, 32.28, 31.15, 210, 405, 7, 4, 16151, 254, 58, P8
2026/08/23 13:24:30.958, 31.36, 30.88, 210, 405, 6, 4, 16151, 254, 58, P8
2026/08/23 13:24:31.470, 30.16, 29.78, 210, 405, 4, 3, 16151, 254, 58, P8
2026/08/23 13:24:31.977, 29.96, 29.94, 210, 405, 5, 3, 16151, 254, 58, P8
2026/08/23 13:24:32.488, 29.64, 28.89, 210, 405, 7, 4, 16151, 254, 58, P8
2026/08/23 13:24:33.004, 29.60, 30.03, 210, 405, 2, 3, 16151, 254, 58, P8
2026/08/23 13:24:33.513, 29.69, 28.44, 210, 405, 3, 3, 16151, 254, 57, P8
2026/08/23 13:24:34.024, 29.95, 29.31, 210, 405, 2, 3, 16151, 254, 57, P8
2026/08/23 13:24:34.535, 30.43, 30.02, 210, 405, 5, 3, 16151, 254, 58, P8
2026/08/23 13:24:35.040, 30.24, 29.76, 210, 405, 3, 2, 16151, 254, 57, P8
2026/08/23 13:24:35.552, 29.97, 29.30, 210, 405, 5, 4, 16151, 254, 57, P8
2026/08/23 13:24:36.066, 29.60, 29.82, 210, 405, 3, 3, 16151, 254, 57, P8
2026/08/23 13:24:36.578, 29.69, 30.00, 210, 405, 3, 3, 16151, 254, 57, P8
2026/08/23 13:24:37.088, 30.48, 29.65, 210, 405, 2, 3, 16151, 254, 57, P8
2026/08/23 13:24:37.600, 30.74, 30.67, 210, 405, 2, 3, 16151, 254, 57, P8
2026/08/23 13:24:38.112, 30.41, 29.94, 210, 405, 3, 3, 16151, 254, 57, P8
2026/08/23 13:24:38.635, 30.48, 35.17, 210, 405, 16, 7, 16151, 254, 58, P8
2026/08/23 13:24:39.153, 31.52, 38.75, 210, 405, 6, 4, 1669, 254, 58, P8
2026/08/23 13:24:39.667, 31.70, 29.51, 210, 405, 3, 4, 1669, 254, 57, P8
2026/08/23 13:24:40.180, 30.77, 29.18, 210, 405, 2, 3, 1669, 254, 57, P8
2026/08/23 13:24:40.696, 29.39, 28.99, 210, 405, 4, 4, 1669, 254, 57, P8
2026/08/23 13:24:41.207, 29.00, 28.18, 210, 405, 3, 3, 1669, 254, 57, P8
2026/08/23 13:24:41.715, 29.69, 29.65, 210, 405, 3, 4, 1670, 254, 57, P8
2026/08/23 13:24:42.223, 30.18, 30.20, 210, 405, 8, 4, 1670, 254, 57, P8
2026/08/23 13:24:42.735, 30.40, 30.51, 210, 405, 3, 4, 1670, 254, 57, P8
2026/08/23 13:24:43.246, 30.36, 28.84, 210, 405, 3, 2, 1670, 254, 57, P8
2026/08/23 13:24:43.759, 30.59, 29.70, 210, 405, 9, 5, 1670, 254, 57, P8
2026/08/23 13:24:44.268, 30.23, 28.49, 210, 405, 2, 3, 1670, 254, 57, P8
2026/08/23 13:24:44.781, 29.28, 29.01, 210, 405, 4, 4, 1670, 254, 57, P8
2026/08/23 13:24:45.293, 28.86, 28.56, 210, 405, 2, 3, 1670, 254, 57, P8
2026/08/23 13:24:45.804, 29.00, 29.08, 210, 405, 5, 4, 1670, 254, 57, P8
2026/08/23 13:24:46.313, 29.51, 29.66, 210, 405, 2, 3, 1670, 254, 57, P8
2026/08/23 13:24:46.828, 29.51, 28.79, 210, 405, 3, 3, 1670, 254, 57, P8
2026/08/23 13:24:47.340, 29.09, 28.43, 210, 405, 4, 4, 1670, 254, 57, P8
2026/08/23 13:24:47.849, 28.69, 28.16, 210, 405, 2, 3, 1670, 254, 57, P8
2026/08/23 13:24:48.360, 28.62, 28.65, 210, 405, 4, 4, 1670, 254, 57, P8
2026/08/23 13:24:48.872, 28.81, 28.83, 210, 405, 3, 3, 1670, 254, 57, P8
2026/08/23 13:24:49.383, 28.88, 29.03, 210, 405, 7, 4, 1670, 254, 57, P8
2026/08/23 13:24:49.897, 29.25, 29.22, 210, 405, 2, 3, 1670, 254, 57, P8
2026/08/23 13:24:50.405, 29.56, 30.04, 210, 405, 4, 4, 1670, 254, 57, P8
2026/08/23 13:24:50.918, 29.50, 29.67, 210, 405, 3, 3, 1670, 254, 57, P8
2026/08/23 13:24:51.425, 29.70, 29.81, 210, 405, 4, 4, 1670, 254, 57, P8
2026/08/23 13:24:51.932, 29.52, 29.45, 210, 405, 5, 4, 1670, 254, 57, P8
2026/08/23 13:24:52.442, 29.34, 29.56, 210, 405, 4, 4, 1670, 254, 57, P8
2026/08/23 13:24:52.955, 29.21, 29.32, 210, 405, 3, 3, 1670, 254, 57, P8
2026/08/23 13:24:53.463, 29.30, 30.45, 210, 405, 4, 3, 1670, 254, 57, P8
2026/08/23 13:24:53.978, 29.61, 29.47, 210, 405, 2, 3, 1670, 254, 57, P8
2026/08/23 13:24:54.494, 29.58, 27.73, 210, 405, 4, 4, 1670, 254, 57, P8
2026/08/23 13:24:55.007, 28.78, 28.92, 210, 405, 2, 3, 1670, 254, 57, P8
2026/08/23 13:24:55.520, 28.54, 28.52, 210, 405, 4, 4, 1670, 254, 57, P8
2026/08/23 13:24:56.029, 28.38, 27.39, 210, 405, 3, 2, 1670, 254, 57, P8
2026/08/23 13:24:56.539, 28.62, 31.26, 210, 405, 7, 4, 1670, 254, 57, P8
2026/08/23 13:24:57.051, 29.18, 29.04, 210, 405, 4, 3, 1670, 254, 57, P8
2026/08/23 13:24:57.561, 29.42, 29.84, 210, 405, 4, 3, 1670, 254, 57, P8
2026/08/23 13:24:58.072, 28.95, 30.08, 210, 405, 10, 5, 1670, 254, 57, P8
2026/08/23 13:24:58.581, 29.12, 29.85, 210, 405, 4, 4, 1670, 254, 57, P8
2026/08/23 13:24:59.093, 29.63, 29.82, 210, 405, 2, 3, 1670, 254, 57, P8
2026/08/23 13:24:59.601, 29.81, 30.10, 210, 405, 4, 4, 1670, 254, 57, P8
2026/08/23 13:25:00.113, 29.82, 29.63, 210, 405, 2, 2, 1895, 254, 57, P8
2026/08/23 13:25:00.622, 57.41, 121.12, 1725, 9501, 0, 0, 1895, 254, 60, P2
2026/08/23 13:25:01.134, 98.99, 121.74, 1725, 9501, 1, 0, 1895, 254, 61, P2
2026/08/23 13:25:01.650, 121.63, 121.79, 1725, 9501, 2, 0, 2983, 254, 62, P2
2026/08/23 13:25:02.162, 123.25, 131.85, 1725, 9501, 98, 6, 14623, 254, 62, P2
2026/08/23 13:25:02.675, 135.44, 151.96, 1965, 9501, 18, 1, 14623, 254, 63, P2
2026/08/23 13:25:03.190, 148.56, 151.92, 1965, 9501, 17, 1, 14623, 254, 64, P2
2026/08/23 13:25:03.704, 151.95, 151.85, 1965, 9501, 18, 1, 14623, 254, 64, P2
2026/08/23 13:25:04.216, 152.14, 152.66, 1950, 9501, 17, 1, 14623, 254, 64, P2
2026/08/23 13:25:04.729, 142.54, 124.74, 1725, 9501, 18, 1, 14623, 254, 63, P2
2026/08/23 13:25:05.245, 130.51, 127.24, 1725, 9501, 17, 1, 14623, 254, 63, P2
2026/08/23 13:25:05.757, 126.99, 128.39, 1725, 9501, 17, 1, 16151, 254, 63, P2
2026/08/23 13:25:06.269, 139.94, 137.95, 1950, 9501, 0, 0, 16151, 254, 65, P2
2026/08/23 13:25:06.783, 150.24, 150.90, 1950, 9501, 1, 0, 16151, 254, 64, P2
2026/08/23 13:25:07.297, 149.85, 151.12, 1950, 9501, 1, 0, 16151, 254, 64, P2
2026/08/23 13:25:07.803, 150.99, 151.14, 1950, 9501, 1, 0, 16151, 254, 65, P2
2026/08/23 13:25:08.313, 133.74, 84.71, 390, 5001, 0, 0, 16161, 254, 62, P3
2026/08/23 13:25:08.824, 108.34, 113.09, 330, 5001, 99, 12, 16165, 254, 62, P2
2026/08/23 13:25:09.335, 318.14, 353.72, 1635, 9501, 100, 28, 16165, 254, 75, P2
2026/08/23 13:25:09.847, 343.77, 348.96, 1680, 9501, 97, 83, 16165, 254, 74, P2
2026/08/23 13:25:10.362, 344.13, 342.92, 1620, 9501, 96, 82, 16165, 254, 74, P2
2026/08/23 13:25:10.875, 345.11, 352.68, 1680, 9501, 97, 84, 16165, 254, 74, P2
2026/08/23 13:25:11.387, 342.37, 325.24, 1680, 9501, 91, 76, 16165, 254, 74, P2
2026/08/23 13:25:11.899, 344.46, 347.62, 1680, 9501, 96, 83, 16165, 254, 74, P2
2026/08/23 13:25:12.401, 343.29, 334.76, 1635, 9501, 97, 82, 16165, 254, 74, P2
2026/08/23 13:25:12.913, 344.61, 349.37, 1665, 9501, 97, 84, 16165, 254, 74, P2
2026/08/23 13:25:13.428, 343.97, 339.78, 1635, 9501, 97, 83, 16165, 254, 75, P2
2026/08/23 13:25:13.943, 344.99, 349.32, 1665, 9501, 97, 83, 16165, 254, 75, P2
2026/08/23 13:25:14.457, 343.83, 339.92, 1650, 9501, 97, 83, 16165, 254, 75, P2
2026/08/23 13:25:14.972, 345.80, 351.17, 1665, 9501, 97, 84, 16165, 254, 75, P2
2026/08/23 13:25:15.482, 344.05, 339.67, 1650, 9501, 97, 82, 16165, 254, 75, P2
2026/08/23 13:25:15.985, 345.40, 348.73, 1665, 9501, 97, 83, 16165, 254, 75, P2
2026/08/23 13:25:16.498, 344.52, 342.53, 1650, 9501, 97, 83, 16165, 254, 75, P2
2026/08/23 13:25:17.007, 345.43, 348.10, 1650, 9501, 97, 84, 16165, 254, 75, P2
2026/08/23 13:25:17.520, 342.59, 321.19, 1725, 9501, 91, 75, 16165, 254, 75, P2
2026/08/23 13:25:18.032, 345.19, 346.37, 1650, 9501, 97, 84, 16165, 254, 75, P2
2026/08/23 13:25:18.534, 344.13, 332.80, 1635, 9501, 96, 82, 16165, 254, 75, P2
2026/08/23 13:25:19.047, 344.75, 338.93, 1665, 9501, 97, 82, 16165, 254, 76, P2
2026/08/23 13:25:19.562, 344.17, 336.16, 1635, 9501, 98, 84, 16165, 254, 75, P2
2026/08/23 13:25:20.077, 345.11, 348.60, 1650, 9501, 97, 84, 16165, 254, 76, P2
2026/08/23 13:25:20.580, 344.49, 342.56, 1635, 9501, 96, 82, 16165, 254, 76, P2
2026/08/23 13:25:21.093, 345.19, 348.08, 1665, 9501, 97, 83, 16165, 254, 76, P2
2026/08/23 13:25:21.605, 344.71, 339.51, 1635, 9501, 97, 82, 16165, 254, 76, P2
2026/08/23 13:25:22.119, 346.05, 351.42, 1665, 9501, 97, 83, 16165, 254, 76, P2
2026/08/23 13:25:22.633, 344.91, 340.42, 1635, 9501, 98, 84, 16165, 254, 76, P2
2026/08/23 13:25:23.148, 345.40, 349.77, 1665, 9501, 97, 83, 16165, 254, 76, P2
2026/08/23 13:25:23.661, 344.46, 333.23, 1650, 9501, 96, 80, 16165, 254, 76, P2
2026/08/23 13:25:24.172, 345.63, 347.90, 1650, 9501, 97, 83, 16165, 254, 76, P2
2026/08/23 13:25:24.684, 343.94, 333.22, 1635, 9501, 97, 82, 16165, 254, 76, P2
2026/08/23 13:25:25.199, 345.42, 349.66, 1650, 9501, 98, 84, 16165, 254, 77, P2
2026/08/23 13:25:25.711, 345.00, 334.43, 1620, 9501, 97, 82, 16165, 254, 76, P2
2026/08/23 13:25:26.221, 345.90, 348.70, 1650, 9501, 97, 83, 16165, 254, 77, P2
2026/08/23 13:25:26.736, 268.58, 157.59, 1935, 9501, 1, 0, 16165, 254, 71, P2
2026/08/23 13:25:27.250, 184.23, 157.20, 1935, 9501, 0, 0, 16165, 254, 70, P2
2026/08/23 13:25:27.759, 157.52, 156.88, 1935, 9501, 1, 0, 16165, 254, 70, P2
2026/08/23 13:25:28.273, 154.31, 130.12, 420, 9501, 1, 0, 16165, 254, 69, P2
2026/08/23 13:25:28.783, 129.96, 86.62, 330, 5001, 1, 0, 16165, 254, 66, P3
2026/08/23 13:25:29.295, 98.04, 85.97, 270, 5001, 1, 0, 16165, 254, 65, P3
2026/08/23 13:25:29.806, 85.79, 84.48, 240, 5001, 5, 0, 16165, 254, 65, P3
2026/08/23 13:25:30.319, 84.86, 84.31, 240, 5001, 7, 0, 16165, 254, 65, P3
2026/08/23 13:25:30.829, 67.54, 39.34, 210, 810, 5, 2, 16165, 254, 63, P5
2026/08/23 13:25:31.337, 38.50, 38.11, 210, 810, 3, 2, 16165, 254, 62, P5
2026/08/23 13:25:31.849, 37.92, 34.61, 210, 405, 2, 3, 16165, 254, 62, P8
2026/08/23 13:25:32.363, 35.38, 32.95, 210, 405, 4, 3, 16165, 254, 61, P8
2026/08/23 13:25:32.876, 33.62, 37.41, 210, 405, 15, 7, 16165, 254, 61, P8
2026/08/23 13:25:33.390, 34.75, 34.61, 210, 405, 7, 5, 16165, 254, 61, P8
2026/08/23 13:25:33.901, 34.26, 32.43, 210, 405, 3, 3, 16165, 254, 61, P8
2026/08/23 13:25:34.414, 32.17, 31.48, 210, 405, 4, 4, 16165, 254, 60, P8
2026/08/23 13:25:34.923, 31.39, 30.53, 210, 405, 3, 3, 16165, 254, 60, P8
2026/08/23 13:25:35.435, 31.45, 31.95, 210, 405, 3, 3, 16165, 254, 60, P8
2026/08/23 13:25:35.946, 31.86, 31.38, 210, 405, 2, 3, 16165, 254, 60, P8
2026/08/23 13:25:36.457, 32.23, 31.54, 210, 405, 3, 3, 16165, 254, 60, P8
2026/08/23 13:25:36.969, 31.96, 31.85, 210, 405, 3, 3, 16165, 254, 59, P8
2026/08/23 13:25:37.481, 31.56, 30.58, 210, 405, 3, 4, 16165, 254, 59, P8
2026/08/23 13:25:37.990, 32.40, 31.76, 210, 405, 3, 3, 16165, 254, 59, P8
2026/08/23 13:25:38.499, 32.40, 32.04, 210, 405, 4, 4, 16165, 254, 59, P8
2026/08/23 13:25:39.013, 31.88, 31.61, 210, 405, 4, 3, 16165, 254, 59, P8
2026/08/23 13:25:39.528, 32.25, 32.70, 210, 405, 4, 4, 16165, 254, 59, P8
2026/08/23 13:25:40.040, 32.19, 31.00, 210, 405, 4, 3, 16165, 254, 58, P8
2026/08/23 13:25:40.553, 31.75, 30.82, 210, 405, 4, 4, 16165, 254, 58, P8
2026/08/23 13:25:41.062, 31.34, 31.56, 210, 405, 2, 3, 16165, 254, 58, P8
2026/08/23 13:25:41.574, 31.36, 30.45, 210, 405, 3, 4, 16165, 254, 58, P8
2026/08/23 13:25:42.088, 31.23, 30.64, 210, 405, 3, 3, 16165, 254, 58, P8
2026/08/23 13:25:42.602, 58.48, 122.78, 1725, 9501, 1, 0, 16165, 254, 61, P2
2026/08/23 13:25:43.113, 100.39, 123.93, 1725, 9501, 3, 0, 16165, 254, 61, P2
2026/08/23 13:25:43.624, 123.42, 123.37, 1725, 9501, 1, 0, 16165, 254, 62, P2
2026/08/23 13:25:44.133, 123.65, 123.65, 1725, 9501, 0, 0, 16165, 254, 62, P2
2026/08/23 13:25:44.646, 105.37, 46.80, 390, 810, 3, 2, 16165, 254, 59, P5
2026/08/23 13:25:45.151, 70.33, 46.30, 330, 810, 1, 1, 16165, 254, 58, P5
2026/08/23 13:25:45.659, 42.28, 31.89, 255, 405, 8, 5, 16165, 254, 58, P8
2026/08/23 13:25:46.172, 35.93, 32.59, 225, 405, 4, 3, 16165, 254, 57, P8
2026/08/23 13:25:46.686, 39.89, 60.28, 390, 405, 100, 68, 16165, 254, 58, P2
2026/08/23 13:25:47.202, 176.78, 351.73, 1695, 9501, 100, 25, 16165, 254, 70, P2
2026/08/23 13:25:47.712, 314.87, 349.28, 1620, 9501, 100, 28, 16165, 254, 72, P2
2026/08/23 13:25:48.223, 344.31, 355.16, 1680, 9501, 97, 86, 16165, 254, 71, P2
2026/08/23 13:25:48.731, 343.44, 343.62, 1620, 9501, 98, 84, 16165, 254, 71, P2
2026/08/23 13:25:49.237, 344.39, 348.10, 1680, 9501, 97, 84, 16165, 254, 72, P2
2026/08/23 13:25:49.744, 342.97, 334.34, 1725, 9501, 92, 75, 16165, 254, 72, P2
2026/08/23 13:25:50.248, 345.32, 349.77, 1680, 9501, 97, 83, 16165, 254, 72, P2
2026/08/23 13:25:50.753, 344.39, 348.40, 1710, 9501, 97, 81, 16165, 254, 72, P2
2026/08/23 13:25:51.269, 345.03, 343.58, 1665, 9501, 97, 83, 16165, 254, 72, P2
2026/08/23 13:25:51.778, 345.16, 345.17, 1695, 9501, 97, 82, 16165, 254, 73, P2
2026/08/23 13:25:52.290, 344.72, 342.32, 1680, 9501, 97, 83, 16165, 254, 72, P2
2026/08/23 13:25:52.805, 344.22, 338.80, 1710, 9501, 97, 80, 16165, 254, 73, P2
2026/08/23 13:25:53.319, 345.40, 343.68, 1650, 9501, 97, 84, 16165, 254, 73, P2
2026/08/23 13:25:53.835, 345.14, 343.85, 1665, 9501, 97, 82, 16165, 254, 73, P2
2026/08/23 13:25:54.346, 344.42, 340.19, 1665, 9501, 97, 82, 16165, 254, 73, P2
2026/08/23 13:25:54.862, 345.42, 347.11, 1665, 9501, 98, 84, 16165, 254, 74, P2
2026/08/23 13:25:55.374, 345.23, 338.77, 1665, 9501, 97, 81, 16165, 254, 74, P2
2026/08/23 13:25:55.885, 345.51, 343.30, 1665, 9501, 97, 84, 16165, 254, 74, P2
2026/08/23 13:25:56.399, 344.84, 338.57, 1650, 9501, 98, 83, 16165, 254, 74, P2
2026/08/23 13:25:56.914, 345.85, 347.67, 1650, 9501, 97, 85, 16165, 254, 74, P2
2026/08/23 13:25:57.426, 344.97, 340.62, 1665, 9501, 97, 82, 16165, 254, 74, P2
2026/08/23 13:25:57.940, 345.76, 344.33, 1665, 9501, 96, 82, 16165, 254, 75, P2
2026/08/23 13:25:58.456, 345.20, 344.48, 1665, 9501, 97, 84, 16165, 254, 74, P2
2026/08/23 13:25:58.971, 345.88, 352.48, 1650, 9501, 98, 85, 16165, 254, 75, P2
2026/08/23 13:25:59.484, 345.66, 339.36, 1665, 9501, 96, 81, 16165, 254, 74, P2
2026/08/23 13:26:00.000, 346.27, 353.57, 1665, 9501, 98, 83, 16165, 254, 75, P2
2026/08/23 13:26:00.516, 345.75, 347.02, 1650, 9501, 97, 82, 16165, 254, 75, P2
2026/08/23 13:26:01.028, 345.30, 351.66, 1665, 9501, 98, 84, 16165, 254, 75, P2
2026/08/23 13:26:01.539, 345.43, 342.90, 1665, 9501, 97, 83, 16165, 254, 75, P2
2026/08/23 13:26:02.051, 346.56, 345.42, 1665, 9501, 97, 82, 16165, 254, 75, P2
2026/08/23 13:26:02.563, 345.44, 340.53, 1635, 9501, 97, 83, 16165, 254, 75, P2
2026/08/23 13:26:03.076, 346.13, 348.75, 1680, 9501, 97, 83, 16165, 254, 76, P2
2026/08/23 13:26:03.591, 345.37, 335.50, 1650, 9501, 97, 80, 16165, 254, 75, P2
2026/08/23 13:26:04.104, 346.45, 349.61, 1665, 9501, 96, 82, 16165, 254, 76, P2
2026/08/23 13:26:04.615, 282.74, 154.58, 1935, 9501, 0, 0, 16165, 254, 70, P2
2026/08/23 13:26:05.127, 197.24, 154.61, 1935, 9501, 2, 0, 16165, 254, 69, P2
2026/08/23 13:26:05.638, 154.89, 153.66, 1935, 9501, 1, 0, 16165, 254, 68, P2
2026/08/23 13:26:06.150, 150.61, 118.07, 510, 9501, 2, 0, 16165, 254, 67, P2
2026/08/23 13:26:06.661, 122.74, 86.05, 390, 5001, 0, 0, 16165, 254, 65, P3
2026/08/23 13:26:07.173, 91.70, 84.60, 330, 5001, 6, 0, 16165, 254, 64, P3
2026/08/23 13:26:07.684, 84.79, 83.83, 255, 5001, 3, 0, 16165, 254, 64, P3
2026/08/23 13:26:08.195, 84.11, 84.48, 240, 5001, 12, 1, 16165, 254, 64, P3
2026/08/23 13:26:08.704, 83.95, 83.69, 240, 5001, 3, 0, 16165, 254, 64, P3
2026/08/23 13:26:09.215, 83.84, 83.59, 240, 5001, 6, 0, 16165, 254, 63, P3
2026/08/23 13:26:09.727, 91.28, 115.60, 1545, 9501, 100, 13, 16165, 254, 64, P2
2026/08/23 13:26:10.241, 205.12, 356.30, 1680, 9501, 100, 26, 16165, 254, 74, P2
2026/08/23 13:26:10.754, 319.95, 352.01, 1635, 9501, 100, 28, 16165, 254, 76, P2
2026/08/23 13:26:11.270, 345.68, 353.30, 1665, 9501, 97, 84, 16165, 254, 75, P2
2026/08/23 13:26:11.781, 345.64, 342.70, 1590, 9501, 97, 84, 16165, 254, 75, P2
2026/08/23 13:26:12.293, 346.14, 353.02, 1680, 9501, 97, 84, 16165, 254, 75, P2
2026/08/23 13:26:12.804, 344.36, 330.18, 1665, 9501, 91, 76, 16165, 254, 75, P2
2026/08/23 13:26:13.317, 345.65, 346.96, 1680, 9501, 97, 80, 16165, 254, 75, P2
2026/08/23 13:26:13.831, 344.68, 336.04, 1650, 9501, 98, 83, 16166, 254, 75, P2
2026/08/23 13:26:14.348, 344.54, 335.34, 1665, 9501, 97, 81, 16166, 254, 76, P2
2026/08/23 13:26:14.860, 346.23, 349.23, 1650, 9501, 97, 84, 16165, 254, 76, P2
2026/08/23 13:26:15.375, 345.17, 340.80, 1635, 9501, 97, 83, 16165, 254, 76, P2
2026/08/23 13:26:15.890, 346.56, 351.90, 1665, 9501, 97, 82, 16165, 254, 76, P2
2026/08/23 13:26:16.403, 345.57, 342.12, 1635, 9501, 97, 84, 16165, 254, 76, P2
2026/08/23 13:26:16.915, 346.48, 353.20, 1650, 9501, 97, 85, 16165, 254, 76, P2
2026/08/23 13:26:17.427, 345.69, 338.50, 1635, 9501, 97, 82, 16165, 254, 76, P2
2026/08/23 13:26:17.940, 346.67, 354.30, 1665, 9501, 97, 85, 16165, 254, 77, P2
2026/08/23 13:26:18.455, 344.65, 341.63, 1755, 9501, 94, 77, 16165, 254, 76, P2
2026/08/23 13:26:18.968, 347.23, 351.58, 1665, 9501, 96, 83, 16165, 254, 77, P2
2026/08/23 13:26:19.482, 345.04, 335.51, 1635, 9501, 97, 83, 16165, 254, 76, P2
2026/08/23 13:26:19.999, 346.39, 353.65, 1665, 9501, 97, 84, 16165, 254, 77, P2
2026/08/23 13:26:20.513, 345.71, 339.62, 1620, 9501, 97, 82, 16165, 254, 77, P2
2026/08/23 13:26:21.029, 346.84, 353.69, 1665, 9501, 97, 84, 16165, 254, 77, P2
2026/08/23 13:26:21.542, 345.77, 344.48, 1620, 9501, 97, 84, 16165, 254, 77, P2
2026/08/23 13:26:22.055, 346.51, 355.17, 1650, 9501, 97, 85, 16165, 254, 77, P2
2026/08/23 13:26:22.565, 346.08, 345.19, 1635, 9501, 97, 82, 16165, 254, 77, P2
2026/08/23 13:26:23.075, 346.99, 354.56, 1650, 9501, 97, 84, 16165, 254, 77, P2
2026/08/23 13:26:23.591, 346.95, 350.79, 1620, 9501, 97, 84, 16165, 254, 77, P2
2026/08/23 13:26:24.101, 345.86, 351.08, 1650, 9501, 97, 84, 16165, 254, 78, P2
2026/08/23 13:26:24.615, 346.00, 344.04, 1650, 9501, 97, 83, 16165, 254, 77, P2
2026/08/23 13:26:25.129, 347.15, 345.86, 1635, 9501, 97, 83, 16165, 254, 77, P2
2026/08/23 13:26:25.644, 346.14, 343.59, 1620, 9501, 97, 84, 16165, 254, 77, P2
2026/08/23 13:26:26.161, 345.98, 345.85, 1650, 9501, 97, 84, 16165, 254, 78, P2
2026/08/23 13:26:26.672, 346.41, 345.61, 1635, 9501, 98, 84, 16165, 254, 78, P2
2026/08/23 13:26:27.185, 346.74, 353.01, 1650, 9501, 97, 84, 16165, 254, 78, P2
2026/08/23 13:26:27.697, 273.65, 159.49, 1935, 9501, 0, 0, 16165, 254, 72, P2
2026/08/23 13:26:28.209, 190.61, 159.43, 1935, 9501, 0, 0, 16165, 254, 71, P2
2026/08/23 13:26:28.721, 159.85, 159.34, 1935, 9501, 0, 0, 16165, 254, 71, P2
2026/08/23 13:26:29.236, 155.61, 119.47, 420, 9501, 0, 0, 16165, 254, 69, P2
2026/08/23 13:26:29.751, 134.94, 113.47, 315, 810, 1, 0, 16165, 254, 68, P5
2026/08/23 13:26:30.263, 86.38, 50.12, 270, 810, 0, 2, 16165, 254, 65, P5
2026/08/23 13:26:30.775, 48.81, 40.76, 210, 810, 2, 1, 16165, 254, 64, P5
2026/08/23 13:26:31.286, 42.04, 33.69, 210, 405, 3, 3, 16165, 254, 64, P8
2026/08/23 13:26:31.797, 36.12, 33.54, 210, 405, 2, 3, 16165, 254, 64, P8
2026/08/23 13:26:32.308, 34.81, 33.77, 210, 405, 6, 4, 16165, 254, 63, P8
2026/08/23 13:26:32.822, 90.61, 356.97, 1665, 9501, 100, 27, 16165, 254, 74, P2
2026/08/23 13:26:33.337, 344.20, 311.78, 1680, 9501, 79, 48, 16165, 254, 77, P2
2026/08/23 13:26:33.852, 345.30, 345.01, 1635, 9501, 97, 84, 16165, 254, 76, P2
2026/08/23 13:26:34.364, 344.92, 336.80, 1650, 9501, 96, 83, 16165, 254, 76, P2
2026/08/23 13:26:34.878, 346.48, 346.38, 1635, 9501, 97, 84, 16165, 254, 77, P2
2026/08/23 13:26:35.393, 346.51, 348.51, 1635, 9501, 97, 84, 16165, 254, 77, P2
2026/08/23 13:26:35.907, 346.97, 350.23, 1635, 9501, 97, 83, 16165, 254, 77, P2
2026/08/23 13:26:36.422, 346.47, 345.91, 1650, 9501, 98, 84, 16165, 254, 77, P2
2026/08/23 13:26:36.936, 345.71, 353.05, 1650, 9501, 97, 84, 16165, 254, 77, P2
2026/08/23 13:26:37.450, 346.52, 341.80, 1650, 9501, 97, 83, 16165, 254, 77, P2
2026/08/23 13:26:37.961, 347.01, 350.74, 1650, 9501, 97, 83, 16165, 254, 77, P2
2026/08/23 13:26:38.476, 346.11, 337.12, 1635, 9501, 97, 83, 16165, 254, 77, P2
2026/08/23 13:26:38.992, 346.83, 347.78, 1650, 9501, 97, 83, 16165, 254, 78, P2
2026/08/23 13:26:39.502, 345.95, 337.73, 1620, 9501, 97, 84, 16165, 254, 77, P2
2026/08/23 13:26:40.012, 347.08, 352.51, 1650, 9501, 97, 84, 16165, 254, 78, P2
2026/08/23 13:26:40.529, 346.28, 340.30, 1620, 9501, 97, 82, 16165, 254, 78, P2
2026/08/23 13:26:41.042, 346.53, 349.89, 1650, 9501, 97, 83, 16165, 254, 78, P2
2026/08/23 13:26:41.556, 346.69, 346.27, 1605, 9501, 97, 84, 16165, 254, 78, P2
2026/08/23 13:26:42.071, 346.58, 352.14, 1650, 9501, 97, 84, 16165, 254, 78, P2
2026/08/23 13:26:42.584, 346.35, 339.08, 1605, 9501, 97, 82, 16165, 254, 78, P2
2026/08/23 13:26:43.099, 346.52, 351.01, 1650, 9501, 97, 83, 16165, 254, 78, P2
2026/08/23 13:26:43.613, 345.94, 341.90, 1605, 9501, 97, 83, 16165, 254, 78, P2
2026/08/23 13:26:44.126, 346.80, 353.67, 1650, 9501, 98, 84, 16165, 254, 78, P2
2026/08/23 13:26:44.638, 346.48, 344.71, 1620, 9501, 97, 83, 16165, 254, 78, P2
2026/08/23 13:26:45.145, 347.61, 352.82, 1650, 9501, 97, 84, 16165, 254, 78, P2
2026/08/23 13:26:45.658, 346.12, 339.26, 1605, 9501, 97, 83, 16165, 254, 78, P2
2026/08/23 13:26:46.171, 346.71, 354.56, 1635, 9501, 96, 83, 16165, 254, 79, P2
2026/08/23 13:26:46.684, 346.21, 344.66, 1620, 9501, 97, 83, 16165, 254, 78, P2
2026/08/23 13:26:47.201, 346.80, 352.09, 1650, 9501, 97, 83, 16165, 254, 79, P2
2026/08/23 13:26:47.715, 345.56, 353.29, 1635, 9501, 97, 83, 16165, 254, 79, P2
2026/08/23 13:26:48.217, 347.67, 353.94, 1650, 9501, 97, 84, 16165, 254, 79, P2
2026/08/23 13:26:48.729, 347.08, 352.99, 1650, 9501, 96, 83, 16165, 254, 79, P2
2026/08/23 13:26:49.239, 347.09, 352.26, 1650, 9501, 98, 83, 16165, 254, 79, P2
2026/08/23 13:26:49.749, 347.90, 352.02, 1635, 9501, 97, 83, 16165, 254, 79, P2
2026/08/23 13:26:50.260, 328.66, 149.50, 1920, 9501, 0, 0, 16165, 254, 75, P2
2026/08/23 13:26:50.774, 243.19, 161.53, 1920, 9501, 0, 0, 16165, 254, 73, P2
2026/08/23 13:26:51.284, 160.63, 160.44, 1920, 9501, 0, 0, 16165, 254, 72, P2
2026/08/23 13:26:51.798, 160.64, 159.70, 1920, 9501, 0, 0, 2117, 254, 72, P2
2026/08/23 13:26:52.315, 148.28, 114.90, 375, 9751, 1, 0, 1670, 254, 70, P0
2026/08/23 13:26:52.817, 117.22, 51.82, 285, 810, 0, 2, 1670, 254, 67, P5
2026/08/23 13:26:53.333, 75.49, 50.73, 240, 810, 1, 1, 1670, 254, 66, P5
2026/08/23 13:26:53.846, 40.04, 33.70, 210, 405, 2, 3, 1670, 254, 65, P8
2026/08/23 13:26:54.363, 34.37, 33.42, 210, 405, 3, 3, 1670, 254, 65, P8
2026/08/23 13:26:54.876, 33.26, 32.44, 210, 405, 3, 3, 1670, 254, 64, P8
2026/08/23 13:26:55.390, 32.96, 32.82, 210, 405, 3, 3, 1670, 254, 64, P8
2026/08/23 13:26:55.900, 33.52, 33.44, 210, 405, 5, 3, 1670, 254, 64, P8
2026/08/23 13:26:56.414, 33.62, 32.77, 210, 405, 2, 3, 1670, 254, 63, P8
2026/08/23 13:26:56.926, 32.96, 32.08, 210, 405, 2, 3, 1670, 254, 63, P8
2026/08/23 13:26:57.438, 32.64, 32.04, 210, 405, 2, 3, 1670, 254, 63, P8
2026/08/23 13:26:57.951, 32.40, 32.67, 210, 405, 3, 3, 1670, 254, 63, P8
2026/08/23 13:26:58.464, 32.60, 32.65, 210, 405, 4, 3, 1670, 254, 63, P8
2026/08/23 13:26:58.976, 33.25, 32.00, 210, 405, 3, 3, 1670, 254, 62, P8
2026/08/23 13:26:59.490, 33.60, 32.06, 210, 405, 2, 3, 1670, 254, 62, P8
2026/08/23 13:26:59.998, 33.36, 31.66, 210, 405, 3, 3, 1670, 254, 62, P8
2026/08/23 13:27:00.509, 32.89, 31.93, 210, 405, 3, 2, 1670, 254, 62, P8
2026/08/23 13:27:01.020, 32.43, 31.98, 210, 405, 3, 3, 1670, 254, 61, P8
2026/08/23 13:27:01.532, 32.28, 31.10, 210, 405, 2, 2, 1670, 254, 61, P8
2026/08/23 13:27:02.045, 32.39, 33.31, 210, 405, 5, 6, 1670, 254, 61, P8
2026/08/23 13:27:02.559, 32.49, 33.40, 210, 405, 5, 5, 1670, 254, 61, P8
2026/08/23 13:27:03.067, 32.59, 32.17, 210, 405, 3, 3, 1670, 254, 61, P8
2026/08/23 13:27:03.582, 32.68, 31.47, 210, 405, 2, 3, 1670, 254, 61, P8
2026/08/23 13:27:04.092, 32.76, 31.58, 210, 405, 2, 3, 1670, 254, 60, P8
2026/08/23 13:27:04.602, 32.20, 31.30, 210, 405, 2, 14, 1670, 254, 60, P8
2026/08/23 13:27:05.117, 31.92, 31.29, 210, 405, 3, 3, 1670, 254, 60, P8
2026/08/23 13:27:05.625, 31.90, 31.49, 210, 405, 4, 15, 1670, 254, 60, P8
2026/08/23 13:27:06.140, 31.81, 31.68, 210, 405, 2, 17, 1670, 254, 60, P8
2026/08/23 13:27:06.649, 31.98, 32.34, 210, 405, 3, 3, 1670, 254, 60, P8
2026/08/23 13:27:07.162, 31.89, 33.06, 210, 405, 5, 4, 1670, 254, 59, P8
2026/08/23 13:27:07.674, 31.66, 32.92, 210, 405, 5, 4, 1670, 254, 59, P8
2026/08/23 13:27:08.184, 31.53, 30.99, 210, 405, 3, 13, 1670, 254, 59, P8
2026/08/23 13:27:08.697, 31.52, 30.54, 210, 405, 2, 3, 1670, 254, 59, P8
2026/08/23 13:27:09.209, 31.91, 32.67, 210, 405, 8, 6, 1670, 254, 59, P8
2026/08/23 13:27:09.722, 31.92, 33.75, 210, 405, 9, 5, 1670, 254, 59, P8
2026/08/23 13:27:10.232, 31.61, 30.68, 210, 405, 3, 17, 1670, 254, 59, P8
2026/08/23 13:27:10.742, 31.21, 30.61, 210, 405, 2, 8, 1670, 254, 59, P8
2026/08/23 13:27:11.254, 31.27, 30.09, 210, 405, 3, 18, 1670, 254, 58, P8
2026/08/23 13:27:11.768, 31.32, 30.10, 210, 405, 2, 7, 1670, 254, 58, P8
2026/08/23 13:27:12.282, 30.76, 29.94, 210, 405, 2, 3, 1670, 254, 58, P8
2026/08/23 13:27:12.794, 30.19, 29.28, 210, 405, 3, 6, 1670, 254, 58, P8
2026/08/23 13:27:13.308, 30.21, 30.38, 210, 405, 3, 4, 1895, 254, 58, P8
2026/08/23 13:27:13.813, 51.92, 122.58, 1725, 9501, 0, 0, 1895, 254, 61, P2
2026/08/23 13:27:14.329, 94.54, 126.49, 1725, 9501, 22, 3, 1895, 254, 62, P2
2026/08/23 13:27:14.844, 123.94, 123.71, 1725, 9501, 1, 0, 1895, 254, 62, P2
2026/08/23 13:27:15.347, 125.69, 132.70, 1965, 9501, 98, 6, 14567, 254, 63, P2
2026/08/23 13:27:15.861, 139.70, 152.90, 1965, 9501, 18, 1, 14957, 254, 63, P2
2026/08/23 13:27:16.376, 151.96, 153.24, 1965, 9501, 18, 1, 14957, 254, 64, P2
2026/08/23 13:27:16.890, 153.31, 153.40, 1965, 9501, 18, 1, 14957, 254, 64, P2
2026/08/23 13:27:17.404, 153.38, 153.28, 1725, 9501, 18, 1, 14957, 254, 63, P2
2026/08/23 13:27:17.916, 141.40, 126.33, 1725, 9501, 18, 1, 14957, 254, 62, P2
2026/08/23 13:27:18.429, 129.17, 126.46, 1725, 9501, 19, 1, 14957, 254, 62, P2
2026/08/23 13:27:18.944, 126.43, 126.51, 1725, 9501, 19, 1, 14957, 254, 62, P2
2026/08/23 13:27:19.452, 125.15, 161.86, 1890, 9501, 80, 68, 17349, 254, 64, P2
2026/08/23 13:27:19.959, 139.06, 151.54, 1965, 9501, 1, 0, 17349, 254, 63, P2
2026/08/23 13:27:20.468, 154.92, 151.41, 1965, 9501, 1, 0, 17349, 254, 64, P2
2026/08/23 13:27:20.984, 151.36, 151.27, 1965, 9501, 1, 0, 17349, 254, 64, P2
2026/08/23 13:27:21.499, 140.07, 84.93, 465, 5001, 2, 0, 17349, 254, 61, P3
2026/08/23 13:27:22.016, 109.77, 84.49, 390, 5001, 0, 0, 17349, 254, 61, P3
2026/08/23 13:27:22.526, 84.25, 82.89, 300, 5001, 7, 1, 17349, 254, 60, P3
2026/08/23 13:27:23.039, 83.23, 82.29, 255, 5001, 4, 0, 17349, 254, 60, P3
2026/08/23 13:27:23.554, 85.04, 102.79, 435, 810, 98, 9, 17359, 254, 60, P5
2026/08/23 13:27:24.066, 153.99, 357.26, 1710, 9501, 100, 29, 17363, 254, 70, P2
2026/08/23 13:27:24.582, 268.17, 292.31, 1695, 9501, 67, 16, 17373, 254, 72, P2
2026/08/23 13:27:25.095, 333.33, 323.26, 1785, 9501, 60, 39, 17375, 254, 72, P2
2026/08/23 13:27:25.607, 330.47, 337.26, 1770, 9501, 89, 60, 17375, 254, 72, P2
2026/08/23 13:27:26.118, 342.54, 338.93, 1680, 9501, 89, 60, 17375, 254, 72, P2
2026/08/23 13:27:26.628, 344.05, 360.39, 1665, 9501, 91, 61, 17375, 254, 73, P2
2026/08/23 13:27:27.143, 342.03, 351.29, 1725, 9501, 86, 59, 17375, 254, 73, P2
2026/08/23 13:27:27.656, 343.88, 352.50, 1665, 9501, 89, 58, 17375, 254, 73, P2
2026/08/23 13:27:28.169, 343.30, 349.05, 1710, 9501, 87, 59, 17375, 254, 74, P2
2026/08/23 13:27:28.682, 344.68, 356.21, 1680, 9501, 94, 62, 17375, 254, 74, P2
2026/08/23 13:27:29.194, 344.55, 335.23, 1665, 9501, 89, 56, 17375, 254, 74, P2
2026/08/23 13:27:29.708, 345.59, 343.36, 1665, 9501, 94, 60, 17375, 254, 74, P2
2026/08/23 13:27:30.220, 344.63, 350.48, 1665, 9501, 94, 61, 17375, 254, 75, P2
2026/08/23 13:27:30.734, 344.29, 343.90, 1665, 9501, 92, 62, 17375, 254, 74, P2
2026/08/23 13:27:31.246, 344.49, 351.27, 1665, 9501, 94, 62, 17375, 254, 75, P2
2026/08/23 13:27:31.759, 343.61, 333.39, 1680, 9501, 91, 58, 17375, 254, 74, P2
2026/08/23 13:27:32.274, 345.45, 349.26, 1680, 9501, 93, 61, 17375, 254, 75, P2
2026/08/23 13:27:32.784, 343.20, 342.31, 1650, 9501, 86, 56, 17375, 254, 75, P2
2026/08/23 13:27:33.301, 278.06, 153.55, 1935, 9501, 2, 0, 17375, 254, 68, P2
2026/08/23 13:27:33.812, 191.62, 152.30, 1935, 9501, 1, 0, 17375, 254, 67, P2
2026/08/23 13:27:34.325, 152.62, 152.16, 1935, 9501, 1, 0, 17375, 254, 67, P2
2026/08/23 13:27:34.834, 152.29, 151.98, 465, 5001, 1, 0, 17375, 254, 66, P3
2026/08/23 13:27:35.346, 92.06, 83.88, 315, 5001, 6, 0, 17375, 254, 63, P3
2026/08/23 13:27:35.857, 84.12, 83.57, 270, 5001, 6, 0, 17375, 254, 63, P3
2026/08/23 13:27:36.383, 83.55, 83.12, 240, 5001, 6, 0, 17375, 254, 63, P3
2026/08/23 13:27:36.897, 83.39, 83.02, 240, 5001, 5, 0, 17375, 254, 62, P3
2026/08/23 13:27:37.406, 83.25, 83.36, 240, 5001, 8, 0, 17375, 254, 62, P3
2026/08/23 13:27:37.919, 83.19, 83.01, 240, 5001, 6, 0, 17375, 254, 62, P3
2026/08/23 13:27:38.433, 83.30, 83.84, 240, 5001, 14, 1, 17375, 254, 62, P3
2026/08/23 13:27:38.943, 83.52, 83.25, 240, 5001, 10, 1, 17375, 254, 62, P3
2026/08/23 13:27:39.454, 66.96, 40.44, 210, 810, 13, 4, 17377, 254, 60, P5
2026/08/23 13:27:39.968, 44.89, 38.24, 210, 810, 9, 3, 17377, 254, 60, P5
2026/08/23 13:27:40.482, 39.72, 40.88, 210, 810, 12, 4, 17376, 254, 60, P5
2026/08/23 13:27:40.996, 38.87, 34.81, 210, 405, 9, 6, 17376, 254, 59, P8
2026/08/23 13:27:41.504, 36.10, 34.87, 210, 405, 13, 7, 17376, 254, 59, P8
2026/08/23 13:27:42.016, 33.37, 32.45, 210, 405, 8, 5, 17376, 254, 59, P8
2026/08/23 13:27:42.529, 33.58, 36.08, 210, 405, 16, 6, 17376, 254, 59, P8
2026/08/23 13:27:43.041, 33.76, 31.99, 210, 405, 3, 3, 17376, 254, 59, P8
2026/08/23 13:27:43.553, 33.44, 32.10, 210, 405, 7, 4, 17376, 254, 58, P8
2026/08/23 13:27:44.063, 33.39, 34.22, 210, 405, 11, 6, 17376, 254, 58, P8
2026/08/23 13:27:44.576, 33.43, 32.07, 210, 405, 7, 4, 17376, 254, 58, P8
2026/08/23 13:27:45.084, 33.17, 32.03, 210, 405, 3, 3, 17376, 254, 58, P8
2026/08/23 13:27:45.594, 33.40, 37.85, 210, 405, 7, 4, 17376, 254, 58, P8
2026/08/23 13:27:46.105, 33.71, 32.71, 210, 405, 6, 5, 17376, 254, 58, P8
2026/08/23 13:27:46.619, 32.98, 30.71, 210, 405, 4, 2, 17376, 254, 58, P8
2026/08/23 13:27:47.133, 32.46, 31.31, 210, 405, 9, 5, 17376, 254, 57, P8
2026/08/23 13:27:47.642, 31.82, 30.01, 210, 405, 5, 4, 17376, 254, 57, P8
2026/08/23 13:27:48.155, 31.53, 29.82, 210, 405, 3, 3, 17376, 254, 57, P8
2026/08/23 13:27:48.667, 31.55, 31.47, 210, 405, 5, 4, 17376, 254, 57, P8
2026/08/23 13:27:49.180, 31.72, 29.94, 210, 405, 3, 3, 17376, 254, 57, P8
2026/08/23 13:27:49.695, 31.85, 31.65, 210, 405, 6, 4, 17376, 254, 57, P8
2026/08/23 13:27:50.205, 31.76, 33.41, 210, 405, 13, 6, 17376, 254, 57, P8
2026/08/23 13:27:50.715, 31.80, 29.57, 210, 405, 7, 4, 17376, 254, 57, P8
2026/08/23 13:27:51.223, 32.12, 37.64, 210, 405, 23, 9, 17376, 254, 57, P8
2026/08/23 13:27:51.731, 32.10, 30.87, 210, 405, 7, 4, 17376, 254, 56, P8
2026/08/23 13:27:52.242, 32.73, 34.28, 210, 405, 10, 5, 17376, 254, 56, P8
2026/08/23 13:27:52.757, 32.13, 35.83, 210, 405, 18, 8, 17376, 254, 56, P8
2026/08/23 13:27:53.271, 59.34, 277.22, 1710, 9501, 100, 26, 17376, 254, 65, P2
2026/08/23 13:27:53.785, 205.33, 353.60, 1695, 9501, 100, 28, 17376, 254, 70, P2
2026/08/23 13:27:54.297, 337.76, 349.75, 1680, 9501, 100, 29, 17376, 254, 71, P2
2026/08/23 13:27:54.808, 335.59, 357.03, 1755, 9501, 85, 56, 17376, 254, 71, P2
2026/08/23 13:27:55.320, 340.72, 355.61, 1650, 9501, 89, 57, 17376, 254, 71, P2
2026/08/23 13:27:55.833, 342.01, 335.16, 1755, 9501, 87, 59, 17376, 254, 71, P2
2026/08/23 13:27:56.344, 344.49, 342.74, 1665, 9501, 94, 62, 17376, 254, 72, P2
2026/08/23 13:27:56.855, 341.31, 332.05, 1785, 9501, 89, 57, 17376, 254, 72, P2
2026/08/23 13:27:57.371, 341.86, 332.95, 1665, 9501, 90, 58, 17376, 254, 72, P2
2026/08/23 13:27:57.884, 343.27, 350.24, 1695, 9501, 94, 61, 17376, 254, 73, P2
2026/08/23 13:27:58.399, 344.03, 360.37, 1650, 9501, 95, 62, 17376, 254, 73, P2
2026/08/23 13:27:58.913, 342.96, 338.00, 1665, 9501, 86, 54, 17376, 254, 73, P2
2026/08/23 13:27:59.428, 345.75, 348.18, 1680, 9501, 95, 60, 17376, 254, 73, P2
2026/08/23 13:27:59.942, 343.78, 339.02, 1650, 9501, 93, 60, 17376, 254, 73, P2
2026/08/23 13:28:00.447, 344.47, 348.60, 1665, 9501, 93, 64, 17376, 254, 74, P2
2026/08/23 13:28:00.963, 344.11, 336.24, 1650, 9501, 93, 61, 17376, 254, 74, P2
2026/08/23 13:28:01.477, 344.60, 348.39, 1725, 9501, 93, 60, 17376, 254, 74, P2
2026/08/23 13:28:01.992, 297.39, 153.99, 1935, 9501, 2, 0, 17376, 254, 68, P2
2026/08/23 13:28:02.503, 210.12, 152.54, 1950, 9501, 1, 0, 17376, 254, 66, P2
2026/08/23 13:28:03.013, 152.88, 154.40, 1950, 9501, 4, 0, 17376, 254, 66, P2
2026/08/23 13:28:03.527, 153.24, 153.47, 525, 5001, 3, 0, 17376, 254, 65, P3
2026/08/23 13:28:04.039, 123.55, 85.23, 450, 5001, 4, 0, 17376, 254, 63, P3
2026/08/23 13:28:04.549, 91.93, 83.47, 345, 5001, 3, 0, 17376, 254, 62, P3
2026/08/23 13:28:05.060, 84.07, 83.57, 300, 5001, 5, 0, 17376, 254, 62, P3
2026/08/23 13:28:05.570, 83.35, 83.02, 240, 5001, 2, 0, 17376, 254, 62, P3
2026/08/23 13:28:06.078, 83.07, 83.14, 240, 5001, 6, 0, 17376, 254, 61, P3
2026/08/23 13:28:06.594, 82.95, 83.28, 240, 5001, 8, 1, 17376, 254, 61, P3
2026/08/23 13:28:07.101, 93.28, 125.45, 435, 5001, 100, 16, 17376, 254, 63, P3
2026/08/23 13:28:07.610, 207.78, 353.90, 1680, 9501, 99, 25, 17376, 254, 72, P2
2026/08/23 13:28:08.121, 317.01, 352.04, 1680, 9501, 100, 27, 17376, 254, 74, P2
2026/08/23 13:28:08.635, 336.17, 353.47, 1755, 9501, 81, 59, 17376, 254, 73, P2
2026/08/23 13:28:09.148, 338.58, 349.17, 1755, 9501, 87, 60, 17376, 254, 74, P2
2026/08/23 13:28:09.662, 344.78, 344.80, 1725, 9501, 92, 61, 17376, 254, 74, P2
2026/08/23 13:28:10.174, 345.24, 346.03, 1650, 9501, 91, 59, 17376, 254, 74, P2
2026/08/23 13:28:10.688, 344.12, 345.49, 1680, 9501, 89, 57, 17376, 254, 74, P2
2026/08/23 13:28:11.204, 343.84, 356.84, 1665, 9501, 85, 55, 17376, 254, 75, P2
2026/08/23 13:28:11.714, 344.03, 351.55, 1665, 9501, 93, 63, 17376, 254, 74, P2
2026/08/23 13:28:12.228, 343.70, 328.00, 1710, 9501, 93, 60, 17376, 254, 74, P2
2026/08/23 13:28:12.739, 343.43, 335.07, 1710, 9501, 92, 60, 17376, 254, 75, P2
2026/08/23 13:28:13.256, 343.47, 333.14, 1650, 9501, 94, 60, 17376, 254, 75, P2
2026/08/23 13:28:13.768, 343.66, 346.16, 1665, 9501, 95, 60, 17376, 254, 75, P2
2026/08/23 13:28:14.284, 344.09, 337.05, 1620, 9501, 94, 61, 17376, 254, 75, P2
2026/08/23 13:28:14.793, 345.30, 351.60, 1650, 9501, 94, 60, 17376, 254, 75, P2
2026/08/23 13:28:15.307, 344.20, 347.95, 1650, 9501, 94, 61, 17376, 254, 76, P2
2026/08/23 13:28:15.817, 345.09, 347.70, 1665, 9501, 95, 61, 17376, 254, 76, P2
2026/08/23 13:28:16.328, 322.79, 149.58, 1935, 9501, 76, 48, 17376, 254, 73, P2
2026/08/23 13:28:16.838, 238.35, 155.55, 1935, 9501, 1, 0, 17376, 254, 69, P2
2026/08/23 13:28:17.348, 155.41, 154.62, 1950, 9501, 0, 0, 17376, 254, 68, P2
2026/08/23 13:28:17.862, 131.03, 86.43, 525, 5001, 3, 0, 17376, 254, 65, P3
2026/08/23 13:28:18.372, 99.51, 85.78, 405, 5001, 4, 0, 17376, 254, 64, P3
2026/08/23 13:28:18.887, 85.34, 84.16, 345, 5001, 5, 0, 17376, 254, 64, P3
2026/08/23 13:28:19.400, 84.46, 84.07, 270, 5001, 2, 0, 17376, 254, 63, P3
2026/08/23 13:28:19.911, 84.06, 83.99, 240, 5001, 3, 0, 17376, 254, 63, P3
2026/08/23 13:28:20.424, 83.97, 83.84, 240, 5001, 4, 0, 17376, 254, 63, P3
2026/08/23 13:28:20.934, 85.51, 102.07, 240, 5001, 5, 0, 17376, 254, 63, P3
2026/08/23 13:28:21.447, 156.31, 360.85, 1680, 9501, 100, 29, 17376, 254, 72, P2
2026/08/23 13:28:21.958, 271.39, 297.10, 1710, 9501, 90, 25, 17376, 254, 72, P2
2026/08/23 13:28:22.475, 339.50, 349.11, 1740, 9501, 86, 62, 17376, 254, 75, P2
2026/08/23 13:28:22.978, 336.20, 342.32, 1755, 9501, 88, 61, 17376, 254, 74, P2
2026/08/23 13:28:23.493, 344.68, 333.61, 1710, 9501, 91, 56, 17376, 254, 75, P2
2026/08/23 13:28:24.010, 345.43, 357.68, 1665, 9501, 94, 62, 17376, 254, 75, P2
2026/08/23 13:28:24.523, 344.68, 352.36, 1680, 9501, 86, 57, 17376, 254, 76, P2
2026/08/23 13:28:25.035, 345.65, 357.62, 1665, 9501, 91, 60, 17376, 254, 75, P2
2026/08/23 13:28:25.548, 345.33, 347.30, 1725, 9501, 86, 59, 17376, 254, 76, P2
2026/08/23 13:28:26.061, 345.35, 355.92, 1665, 9501, 94, 61, 17376, 254, 76, P2
2026/08/23 13:28:26.572, 342.74, 334.83, 1740, 9501, 89, 57, 17376, 254, 76, P2
2026/08/23 13:28:27.082, 347.09, 350.01, 1665, 9501, 94, 61, 17376, 254, 76, P2
2026/08/23 13:28:27.597, 344.58, 347.40, 1665, 9501, 93, 60, 17376, 254, 77, P2
2026/08/23 13:28:28.112, 344.98, 347.42, 1665, 9501, 94, 61, 17376, 254, 76, P2
2026/08/23 13:28:28.626, 345.15, 341.70, 1650, 9501, 94, 61, 17376, 254, 77, P2
2026/08/23 13:28:29.139, 344.70, 336.35, 1680, 9501, 91, 58, 17376, 254, 77, P2
2026/08/23 13:28:29.654, 345.49, 351.88, 1650, 9501, 94, 62, 17376, 254, 77, P2
2026/08/23 13:28:30.166, 343.99, 336.19, 1725, 9501, 87, 55, 17376, 254, 77, P2
2026/08/23 13:28:30.680, 282.87, 155.04, 1920, 9501, 1, 0, 17376, 254, 71, P2
2026/08/23 13:28:31.187, 196.72, 157.74, 1935, 9501, 1, 0, 17376, 254, 70, P2
2026/08/23 13:28:31.700, 156.54, 154.38, 1935, 9501, 1, 0, 17376, 254, 69, P2
2026/08/23 13:28:32.214, 155.16, 155.60, 1935, 9501, 1, 0, 1670, 254, 69, P3
2026/08/23 13:28:32.724, 124.50, 86.47, 375, 5001, 2, 0, 1670, 254, 66, P3
2026/08/23 13:28:33.236, 93.09, 84.38, 315, 5001, 6, 0, 1670, 254, 65, P3
2026/08/23 13:28:33.746, 84.72, 83.91, 255, 5001, 4, 0, 1670, 254, 65, P3
2026/08/23 13:28:34.258, 84.07, 84.07, 240, 5001, 6, 0, 1670, 254, 64, P3
2026/08/23 13:28:34.766, 83.95, 83.82, 240, 5001, 6, 0, 1670, 254, 64, P3
2026/08/23 13:28:35.280, 83.91, 83.82, 240, 5001, 5, 0, 1670, 254, 64, P3
2026/08/23 13:28:35.792, 83.83, 83.67, 240, 5001, 5, 0, 1670, 254, 64, P3
2026/08/23 13:28:36.304, 83.79, 83.83, 240, 5001, 7, 0, 1670, 254, 64, P3
2026/08/23 13:28:36.817, 83.77, 83.51, 240, 5001, 8, 0, 1670, 254, 63, P3
2026/08/23 13:28:37.328, 67.47, 42.38, 210, 810, 10, 3, 1670, 254, 62, P5
2026/08/23 13:28:37.842, 39.88, 40.30, 210, 810, 11, 3, 1670, 254, 61, P5
2026/08/23 13:28:38.350, 39.43, 36.24, 210, 405, 17, 19, 1670, 254, 61, P8
2026/08/23 13:28:38.864, 37.36, 34.97, 210, 405, 11, 6, 1670, 254, 61, P8
2026/08/23 13:28:39.373, 34.75, 33.92, 210, 405, 6, 6, 1670, 254, 60, P8
2026/08/23 13:28:39.888, 33.93, 35.55, 210, 405, 13, 7, 1670, 254, 60, P8
2026/08/23 13:28:40.397, 33.61, 31.88, 210, 405, 4, 6, 1670, 254, 60, P8
2026/08/23 13:28:40.911, 33.47, 34.95, 210, 405, 9, 8, 1670, 254, 60, P8
2026/08/23 13:28:41.423, 32.96, 32.94, 210, 405, 6, 5, 1670, 254, 60, P8
2026/08/23 13:28:41.934, 33.64, 35.69, 210, 405, 14, 9, 1670, 254, 59, P8
2026/08/23 13:28:42.446, 33.91, 36.36, 210, 405, 5, 5, 1670, 254, 59, P8
2026/08/23 13:28:42.956, 34.27, 35.54, 210, 405, 9, 6, 1670, 254, 59, P8
2026/08/23 13:28:43.465, 34.29, 33.06, 210, 405, 5, 4, 1670, 254, 59, P8
2026/08/23 13:28:43.976, 33.95, 34.96, 210, 405, 9, 6, 1670, 254, 59, P8
2026/08/23 13:28:44.489, 33.76, 32.95, 210, 405, 5, 5, 1670, 254, 59, P8
2026/08/23 13:28:44.998, 33.48, 34.12, 210, 405, 8, 6, 1670, 254, 59, P8
2026/08/23 13:28:45.510, 32.86, 33.67, 210, 405, 8, 5, 1670, 254, 58, P8
2026/08/23 13:28:46.024, 32.39, 33.74, 210, 405, 6, 5, 1670, 254, 58, P8
2026/08/23 13:28:46.537, 32.19, 31.28, 210, 405, 3, 4, 1670, 254, 58, P8
2026/08/23 13:28:47.047, 32.30, 32.97, 210, 405, 6, 5, 1670, 254, 58, P8
2026/08/23 13:28:47.560, 32.22, 31.67, 210, 405, 3, 10, 1670, 254, 58, P8
2026/08/23 13:28:48.074, 32.33, 34.36, 210, 405, 10, 8, 1670, 254, 58, P8
2026/08/23 13:28:48.585, 32.25, 30.82, 210, 405, 2, 4, 1670, 254, 58, P8
2026/08/23 13:28:49.098, 31.90, 31.72, 210, 405, 4, 4, 1670, 254, 57, P8
2026/08/23 13:28:49.609, 31.46, 31.66, 210, 405, 2, 4, 1670, 254, 57, P8
2026/08/23 13:28:50.124, 31.69, 33.79, 210, 405, 10, 5, 1670, 254, 57, P8
2026/08/23 13:28:50.639, 31.36, 31.31, 210, 405, 6, 5, 1670, 254, 57, P8
2026/08/23 13:28:51.155, 31.09, 32.52, 210, 405, 6, 12, 1670, 254, 57, P8
2026/08/23 13:28:51.668, 30.56, 29.87, 210, 405, 3, 2, 1670, 254, 57, P8
2026/08/23 13:28:52.182, 30.70, 31.25, 210, 405, 6, 4, 1670, 254, 57, P8
2026/08/23 13:28:52.691, 30.02, 29.24, 210, 405, 3, 10, 1670, 254, 57, P8
2026/08/23 13:28:53.204, 29.69, 29.61, 210, 405, 5, 3, 1673, 254, 56, P8
2026/08/23 13:28:53.715, 30.23, 37.65, 1725, 9751, 21, 3, 1896, 254, 56, P2
2026/08/23 13:28:54.226, 72.32, 122.52, 1725, 9501, 1, 0, 1896, 254, 60, P2
2026/08/23 13:28:54.742, 115.14, 122.45, 1725, 9501, 0, 0, 1896, 254, 60, P2
2026/08/23 13:28:55.246, 123.06, 122.85, 1725, 9501, 1, 0, 1896, 254, 60, P2
2026/08/23 13:28:55.759, 122.48, 122.35, 1725, 9501, 0, 0, 14958, 254, 61, P2
2026/08/23 13:28:56.274, 135.74, 151.84, 1965, 9501, 18, 1, 14958, 254, 62, P2
2026/08/23 13:28:56.782, 148.81, 151.37, 1965, 9501, 18, 1, 14958, 254, 62, P2
2026/08/23 13:28:57.296, 151.45, 151.51, 1965, 9501, 17, 1, 14958, 254, 62, P2
2026/08/23 13:28:57.809, 151.45, 151.67, 1965, 9501, 18, 1, 14958, 254, 62, P2
2026/08/23 13:28:58.322, 142.35, 125.84, 1725, 9501, 18, 1, 14958, 254, 61, P2
2026/08/23 13:28:58.836, 130.50, 125.34, 1725, 9501, 17, 1, 14958, 254, 61, P2
2026/08/23 13:28:59.348, 125.54, 125.76, 1725, 9501, 19, 1, 14958, 254, 61, P2
2026/08/23 13:28:59.861, 143.95, 151.83, 1965, 9501, 2, 0, 18248, 254, 63, P2
2026/08/23 13:29:00.376, 155.17, 150.17, 1965, 9501, 1, 0, 18248, 254, 62, P2
2026/08/23 13:29:00.889, 150.55, 150.95, 1965, 9501, 3, 0, 18248, 254, 62, P2
2026/08/23 13:29:01.397, 150.34, 149.69, 1965, 9501, 0, 0, 18248, 254, 62, P2
2026/08/23 13:29:01.909, 127.11, 84.47, 405, 5001, 5, 0, 18248, 254, 60, P3
2026/08/23 13:29:02.421, 97.00, 84.14, 345, 5001, 0, 0, 18248, 254, 59, P3
2026/08/23 13:29:02.931, 83.69, 82.54, 270, 810, 9, 0, 18248, 254, 59, P5
2026/08/23 13:29:03.443, 63.35, 36.99, 225, 810, 5, 2, 18258, 254, 57, P5
2026/08/23 13:29:03.960, 100.98, 361.34, 1710, 9501, 99, 29, 18260, 254, 66, P2
2026/08/23 13:29:04.473, 239.70, 355.29, 1710, 9501, 96, 27, 18272, 254, 71, P2
2026/08/23 13:29:04.984, 337.65, 258.24, 1905, 9501, 63, 16, 18274, 254, 72, P2
2026/08/23 13:29:05.497, 330.38, 359.98, 1725, 9501, 93, 70, 18278, 254, 71, P2
2026/08/23 13:29:06.014, 333.23, 349.74, 1800, 9501, 85, 64, 18278, 254, 72, P2
2026/08/23 13:29:06.524, 346.76, 344.64, 1710, 9501, 88, 64, 18278, 254, 72, P2
2026/08/23 13:29:07.038, 346.33, 325.69, 1800, 9501, 93, 55, 18278, 254, 72, P2
2026/08/23 13:29:07.548, 344.36, 345.65, 1755, 9501, 92, 67, 18278, 254, 72, P2
2026/08/23 13:29:08.062, 342.62, 350.69, 1755, 9501, 89, 59, 18278, 254, 72, P2
2026/08/23 13:29:08.576, 343.76, 331.06, 1800, 9501, 93, 56, 18278, 254, 73, P2
2026/08/23 13:29:09.091, 345.36, 347.30, 1755, 9501, 91, 67, 18278, 254, 73, P2
2026/08/23 13:29:09.601, 345.37, 345.06, 1755, 9501, 92, 59, 18278, 254, 73, P2
2026/08/23 13:29:10.117, 345.08, 337.65, 1815, 9501, 87, 58, 18278, 254, 73, P2
2026/08/23 13:29:10.632, 346.41, 358.42, 1770, 9501, 92, 68, 18278, 254, 74, P2
2026/08/23 13:29:11.146, 347.39, 356.39, 1755, 9501, 94, 61, 18278, 254, 74, P2
2026/08/23 13:29:11.663, 347.41, 348.81, 1725, 9501, 85, 62, 18278, 254, 74, P2
2026/08/23 13:29:12.176, 309.24, 156.26, 1935, 9501, 2, 0, 18278, 254, 69, P2
2026/08/23 13:29:12.686, 220.49, 152.43, 1935, 9501, 1, 0, 18278, 254, 67, P2
2026/08/23 13:29:13.196, 153.03, 152.46, 1935, 9501, 1, 0, 18278, 254, 66, P2
2026/08/23 13:29:13.710, 152.32, 152.18, 1935, 9501, 1, 0, 18278, 254, 66, P2
2026/08/23 13:29:14.223, 128.67, 85.33, 375, 5001, 5, 0, 18278, 254, 63, P3
2026/08/23 13:29:14.733, 98.10, 85.08, 315, 5001, 6, 0, 18278, 254, 62, P3
2026/08/23 13:29:15.242, 84.44, 83.38, 255, 5001, 7, 0, 18278, 254, 62, P3
2026/08/23 13:29:15.754, 83.53, 83.09, 240, 5001, 6, 0, 18278, 254, 62, P3
2026/08/23 13:29:16.262, 83.08, 83.05, 240, 5001, 6, 0, 18278, 254, 61, P3
2026/08/23 13:29:16.771, 83.00, 82.92, 240, 5001, 5, 0, 18278, 254, 61, P3
2026/08/23 13:29:17.283, 82.93, 82.88, 240, 5001, 5, 0, 18278, 254, 61, P3
2026/08/23 13:29:17.795, 82.85, 82.74, 240, 5001, 3, 0, 18278, 254, 61, P3
2026/08/23 13:29:18.310, 82.74, 82.64, 210, 810, 8, 0, 18278, 254, 61, P5
2026/08/23 13:29:18.818, 61.98, 38.31, 210, 810, 7, 2, 18278, 254, 59, P5
2026/08/23 13:29:19.328, 39.76, 39.06, 210, 810, 6, 2, 18278, 254, 59, P5
2026/08/23 13:29:19.836, 38.12, 37.50, 210, 810, 6, 2, 18278, 254, 59, P5
2026/08/23 13:29:20.349, 34.62, 31.86, 210, 405, 5, 4, 18278, 254, 58, P8
2026/08/23 13:29:20.863, 32.95, 32.48, 210, 405, 6, 11, 18278, 254, 58, P8
2026/08/23 13:29:21.376, 32.90, 32.66, 210, 405, 6, 5, 18278, 254, 58, P8
2026/08/23 13:29:21.891, 32.77, 34.55, 210, 405, 8, 8, 18278, 254, 58, P8
2026/08/23 13:29:22.404, 32.65, 32.97, 210, 405, 7, 18, 18278, 254, 57, P8
2026/08/23 13:29:22.915, 33.00, 34.56, 210, 405, 7, 7, 18278, 254, 57, P8
2026/08/23 13:29:23.428, 33.18, 32.62, 210, 405, 7, 15, 18278, 254, 57, P8
2026/08/23 13:29:23.939, 32.61, 32.84, 210, 405, 12, 5, 18278, 254, 57, P8
2026/08/23 13:29:24.448, 31.88, 30.62, 210, 405, 6, 13, 18278, 254, 57, P8
2026/08/23 13:29:24.961, 32.42, 31.45, 210, 405, 5, 5, 18278, 254, 57, P8
2026/08/23 13:29:25.475, 33.03, 32.56, 210, 405, 5, 14, 18278, 254, 57, P8
2026/08/23 13:29:25.983, 31.93, 30.86, 210, 405, 8, 4, 18278, 254, 56, P8
2026/08/23 13:29:26.496, 31.08, 31.35, 210, 405, 4, 7, 18278, 254, 56, P8
2026/08/23 13:29:27.008, 31.31, 31.60, 210, 405, 6, 17, 18278, 254, 56, P8
2026/08/23 13:29:27.523, 31.40, 31.23, 210, 405, 2, 6, 18278, 254, 56, P8
2026/08/23 13:29:28.033, 31.83, 32.43, 210, 405, 6, 22, 18278, 254, 56, P8
2026/08/23 13:29:28.545, 31.84, 31.03, 210, 405, 3, 6, 18278, 254, 56, P8
2026/08/23 13:29:29.056, 31.68, 31.91, 210, 405, 6, 4, 18278, 254, 56, P8
2026/08/23 13:29:29.565, 31.74, 30.66, 210, 405, 3, 27, 18278, 254, 56, P8
2026/08/23 13:29:30.076, 31.78, 31.05, 210, 405, 6, 4, 18278, 254, 56, P8
2026/08/23 13:29:30.592, 31.62, 32.00, 210, 405, 6, 4, 18278, 254, 56, P8
2026/08/23 13:29:31.105, 31.61, 30.49, 210, 405, 2, 19, 18278, 254, 55, P8
2026/08/23 13:29:31.615, 31.81, 32.54, 210, 405, 6, 17, 18278, 254, 55, P8
2026/08/23 13:29:32.126, 34.48, 53.55, 405, 405, 100, 57, 18278, 254, 56, P8
2026/08/23 13:29:32.640, 121.43, 360.37, 1695, 9501, 99, 29, 18278, 254, 66, P2
2026/08/23 13:29:33.154, 256.91, 264.04, 1710, 9501, 60, 14, 18278, 254, 68, P2
2026/08/23 13:29:33.667, 334.83, 351.65, 1815, 9501, 87, 55, 18278, 254, 69, P2
2026/08/23 13:29:34.183, 331.59, 335.08, 1755, 9501, 84, 58, 18278, 254, 70, P2
2026/08/23 13:29:34.699, 344.96, 338.85, 1845, 9501, 85, 56, 18278, 254, 70, P2
2026/08/23 13:29:35.211, 346.42, 354.31, 1755, 9501, 94, 64, 18278, 254, 71, P2
2026/08/23 13:29:35.725, 348.32, 363.87, 1725, 9501, 93, 69, 18278, 254, 71, P2
2026/08/23 13:29:36.240, 348.91, 356.55, 1725, 9501, 93, 62, 18278, 254, 72, P2
2026/08/23 13:29:36.758, 346.31, 329.91, 1830, 9501, 87, 58, 18278, 254, 71, P2
2026/08/23 13:29:37.266, 346.30, 363.26, 1695, 9501, 86, 65, 18278, 254, 72, P2
2026/08/23 13:29:37.782, 347.13, 348.56, 1710, 9501, 91, 52, 18278, 254, 72, P2
2026/08/23 13:29:38.292, 348.08, 351.60, 1740, 9501, 92, 67, 18278, 254, 72, P2
2026/08/23 13:29:38.808, 344.67, 329.79, 1785, 9501, 88, 57, 18278, 254, 72, P2
2026/08/23 13:29:39.319, 348.14, 356.05, 1695, 9501, 91, 67, 18278, 254, 73, P2
2026/08/23 13:29:39.828, 345.72, 345.55, 1755, 9501, 92, 50, 18278, 254, 72, P2
2026/08/23 13:29:40.341, 345.27, 343.45, 1770, 9501, 85, 62, 18278, 254, 73, P2
2026/08/23 13:29:40.854, 186.40, 151.38, 1935, 9501, 1, 0, 18278, 254, 65, P2
2026/08/23 13:29:41.365, 151.44, 150.91, 1935, 9501, 0, 0, 18278, 254, 65, P2
2026/08/23 13:29:41.876, 151.12, 151.07, 420, 5001, 0, 0, 18278, 254, 65, P3
2026/08/23 13:29:42.384, 121.74, 84.72, 360, 5001, 1, 0, 18278, 254, 62, P3
2026/08/23 13:29:42.894, 91.05, 83.03, 270, 5001, 3, 0, 18278, 254, 61, P3
2026/08/23 13:29:43.400, 83.27, 82.77, 240, 5001, 3, 0, 18278, 254, 61, P3
2026/08/23 13:29:43.907, 82.64, 82.38, 240, 5001, 2, 0, 18278, 254, 61, P3
2026/08/23 13:29:44.417, 82.39, 82.07, 240, 5001, 2, 0, 18278, 254, 61, P3
2026/08/23 13:29:44.932, 82.28, 82.21, 240, 5001, 2, 0, 18278, 254, 60, P3
2026/08/23 13:29:45.444, 103.40, 257.51, 1695, 9501, 99, 24, 18278, 254, 62, P2
2026/08/23 13:29:45.953, 225.49, 355.52, 1680, 9501, 99, 28, 18278, 254, 72, P2
2026/08/23 13:29:46.467, 335.39, 353.89, 1680, 9501, 99, 29, 18278, 254, 73, P2
2026/08/23 13:29:46.983, 336.38, 351.60, 1755, 9501, 90, 61, 18278, 254, 72, P2
2026/08/23 13:29:47.489, 338.09, 334.33, 1800, 9501, 89, 57, 18278, 254, 73, P2
2026/08/23 13:29:47.998, 342.99, 339.62, 1755, 9501, 89, 56, 18278, 254, 73, P2
2026/08/23 13:29:48.506, 344.55, 337.92, 1785, 9501, 90, 56, 18278, 254, 73, P2
2026/08/23 13:29:49.021, 345.01, 344.37, 1725, 9501, 96, 62, 18278, 254, 73, P2
2026/08/23 13:29:49.534, 344.87, 353.26, 1755, 9501, 88, 65, 18278, 254, 73, P2
2026/08/23 13:29:50.048, 344.97, 329.86, 1755, 9501, 89, 59, 18278, 254, 73, P2
2026/08/23 13:29:50.553, 347.20, 354.24, 1740, 9501, 95, 65, 18278, 254, 74, P2
2026/08/23 13:29:51.065, 346.46, 353.59, 1770, 9501, 91, 66, 18278, 254, 74, P2
2026/08/23 13:29:51.572, 346.49, 355.41, 1695, 9501, 91, 52, 18278, 254, 74, P2
2026/08/23 13:29:52.089, 345.01, 344.24, 1755, 9501, 90, 68, 18278, 254, 74, P2
2026/08/23 13:29:52.603, 346.90, 356.42, 1770, 9501, 95, 61, 18278, 254, 75, P2
2026/08/23 13:29:53.116, 346.16, 342.14, 1800, 9501, 87, 62, 18278, 254, 74, P2
2026/08/23 13:29:53.626, 295.29, 153.18, 1935, 9501, 0, 0, 18278, 254, 69, P2
2026/08/23 13:29:54.138, 206.98, 152.24, 1935, 9501, 1, 0, 18278, 254, 67, P2
2026/08/23 13:29:54.649, 152.46, 151.81, 1935, 9501, 0, 0, 18278, 254, 67, P2
2026/08/23 13:29:55.161, 152.03, 151.64, 435, 5001, 0, 0, 18278, 254, 67, P3
2026/08/23 13:29:55.671, 122.40, 85.10, 375, 5001, 0, 0, 18278, 254, 64, P3
2026/08/23 13:29:56.182, 91.57, 83.43, 285, 5001, 2, 0, 18278, 254, 63, P3
2026/08/23 13:29:56.691, 83.82, 83.19, 240, 5001, 2, 0, 18278, 254, 63, P3
2026/08/23 13:29:57.202, 83.18, 82.94, 240, 5001, 3, 0, 18278, 254, 62, P3
2026/08/23 13:29:57.714, 82.93, 82.92, 240, 5001, 4, 0, 18278, 254, 62, P3
2026/08/23 13:29:58.228, 82.76, 82.64, 240, 5001, 2, 0, 18278, 254, 62, P3
2026/08/23 13:29:58.742, 88.81, 120.32, 420, 5001, 100, 16, 18278, 254, 63, P3
2026/08/23 13:29:59.257, 182.08, 346.98, 1695, 9501, 99, 25, 18278, 254, 72, P2
2026/08/23 13:29:59.771, 295.70, 357.10, 1680, 9501, 99, 27, 18278, 254, 74, P2
2026/08/23 13:30:00.285, 336.67, 346.13, 1770, 9501, 90, 62, 18278, 254, 74, P2
2026/08/23 13:30:00.794, 337.61, 355.20, 1755, 9501, 88, 57, 18278, 254, 74, P2
2026/08/23 13:30:01.306, 338.25, 323.89, 1815, 9501, 92, 56, 18278, 254, 74, P2
2026/08/23 13:30:01.814, 341.22, 345.56, 1695, 9501, 92, 65, 18278, 254, 74, P2
2026/08/23 13:30:02.329, 340.04, 343.57, 1770, 9501, 85, 59, 18278, 254, 74, P2
2026/08/23 13:30:02.842, 342.30, 328.03, 1770, 9501, 91, 61, 18278, 254, 74, P2
2026/08/23 13:30:03.354, 340.00, 334.24, 1740, 9501, 92, 65, 18278, 254, 75, P2
2026/08/23 13:30:03.871, 341.90, 343.17, 1770, 9501, 92, 54, 18278, 254, 75, P2
2026/08/23 13:30:04.387, 342.19, 328.10, 1770, 9501, 85, 60, 18278, 254, 75, P2
2026/08/23 13:30:04.899, 344.68, 338.42, 1695, 9501, 92, 64, 18278, 254, 75, P2
2026/08/23 13:30:05.415, 342.97, 357.52, 1755, 9501, 89, 63, 18278, 254, 75, P2
2026/08/23 13:30:05.926, 341.56, 340.57, 1770, 9501, 91, 57, 18278, 254, 76, P2
2026/08/23 13:30:06.440, 309.73, 156.00, 1920, 9501, 0, 0, 18278, 254, 70, P2
2026/08/23 13:30:06.949, 223.18, 153.44, 1935, 9501, 1, 0, 18278, 254, 68, P2
2026/08/23 13:30:07.461, 153.57, 152.52, 1935, 9501, 0, 0, 18278, 254, 68, P2
2026/08/23 13:30:07.974, 152.77, 152.25, 1935, 9501, 0, 0, 18278, 254, 68, P2
2026/08/23 13:30:08.487, 135.24, 86.24, 390, 5001, 3, 0, 1670, 254, 65, P3
2026/08/23 13:30:09.000, 104.76, 85.35, 300, 5001, 1, 0, 1670, 254, 64, P3
2026/08/23 13:30:09.515, 85.02, 83.62, 255, 5001, 2, 0, 1670, 254, 64, P3
2026/08/23 13:30:10.038, 84.04, 83.53, 240, 5001, 2, 0, 1670, 254, 63, P3
2026/08/23 13:30:10.550, 83.56, 83.48, 240, 5001, 3, 0, 1670, 254, 63, P3
2026/08/23 13:30:11.062, 83.40, 83.01, 240, 5001, 1, 0, 1670, 254, 63, P3
2026/08/23 13:30:11.574, 83.22, 83.22, 240, 5001, 4, 0, 1670, 254, 63, P3
2026/08/23 13:30:12.084, 83.10, 83.00, 240, 5001, 4, 0, 1670, 254, 63, P3
2026/08/23 13:30:12.594, 83.08, 82.97, 240, 5001, 2, 0, 1670, 254, 63, P3
2026/08/23 13:30:13.102, 65.78, 36.75, 210, 810, 2, 2, 1670, 254, 61, P5
2026/08/23 13:30:13.619, 43.01, 36.78, 210, 810, 2, 1, 1670, 254, 60, P5
2026/08/23 13:30:14.127, 37.41, 37.15, 210, 810, 2, 2, 1670, 254, 60, P5
2026/08/23 13:30:14.638, 36.86, 31.72, 210, 405, 3, 4, 1670, 254, 60, P8
2026/08/23 13:30:15.147, 34.82, 32.18, 210, 405, 2, 11, 1670, 254, 60, P8
2026/08/23 13:30:15.658, 32.75, 35.20, 210, 405, 3, 3, 1670, 254, 59, P8
2026/08/23 13:30:16.171, 32.20, 31.31, 210, 405, 3, 4, 1670, 254, 59, P8
2026/08/23 13:30:16.685, 32.10, 32.03, 210, 405, 4, 10, 1670, 254, 59, P8
2026/08/23 13:30:17.197, 31.72, 30.82, 210, 405, 2, 8, 1670, 254, 59, P8
2026/08/23 13:30:17.706, 31.96, 31.12, 210, 405, 3, 3, 1670, 254, 59, P8
2026/08/23 13:30:18.217, 32.01, 31.76, 210, 405, 3, 20, 1670, 254, 59, P8
2026/08/23 13:30:18.726, 31.97, 31.52, 210, 405, 3, 20, 1670, 254, 58, P8
2026/08/23 13:30:19.237, 31.64, 30.59, 210, 405, 2, 5, 1670, 254, 58, P8
2026/08/23 13:30:19.751, 31.17, 30.76, 210, 405, 3, 3, 1670, 254, 58, P8
2026/08/23 13:30:20.264, 30.99, 30.88, 210, 405, 2, 10, 1670, 254, 58, P8
2026/08/23 13:30:20.775, 30.97, 30.44, 210, 405, 3, 17, 1670, 254, 58, P8
2026/08/23 13:30:21.286, 31.07, 32.37, 210, 405, 6, 8, 1670, 254, 58, P8
2026/08/23 13:30:21.801, 30.99, 31.91, 210, 405, 4, 4, 1670, 254, 58, P8
2026/08/23 13:30:22.314, 30.99, 30.42, 210, 405, 2, 3, 1670, 254, 57, P8
2026/08/23 13:30:22.826, 31.23, 31.18, 210, 405, 3, 3, 1670, 254, 57, P8
2026/08/23 13:30:23.336, 31.54, 31.29, 210, 405, 3, 3, 1670, 254, 57, P8
2026/08/23 13:30:23.850, 31.60, 31.25, 210, 405, 3, 3, 1670, 254, 57, P8
2026/08/23 13:30:24.364, 31.59, 30.80, 210, 405, 3, 3, 1670, 254, 57, P8
2026/08/23 13:30:24.877, 30.96, 29.63, 210, 405, 3, 3, 1670, 254, 57, P8
2026/08/23 13:30:25.383, 30.62, 30.35, 210, 405, 2, 9, 1670, 254, 57, P8
2026/08/23 13:30:25.895, 30.42, 30.71, 210, 405, 4, 3, 1670, 254, 56, P8
2026/08/23 13:30:26.405, 30.00, 30.72, 210, 405, 6, 4, 1670, 254, 56, P8
2026/08/23 13:30:26.917, 29.65, 29.99, 210, 405, 2, 3, 1670, 254, 56, P8
2026/08/23 13:30:27.425, 30.05, 29.39, 210, 405, 2, 3, 1670, 254, 56, P8
2026/08/23 13:30:27.936, 30.48, 30.08, 210, 405, 2, 5, 1670, 254, 56, P8
2026/08/23 13:30:28.451, 30.33, 29.64, 210, 405, 2, 19, 1670, 254, 56, P8
2026/08/23 13:30:28.967, 30.26, 30.60, 210, 405, 3, 22, 1670, 254, 56, P8
2026/08/23 13:30:29.481, 30.34, 29.75, 210, 405, 4, 3, 1673, 254, 56, P8
2026/08/23 13:30:29.996, 52.19, 120.72, 1725, 9501, 0, 0, 1896, 254, 59, P2
2026/08/23 13:30:30.507, 93.44, 121.21, 1725, 9501, 0, 0, 1896, 254, 59, P2
2026/08/23 13:30:31.021, 121.30, 121.58, 1725, 9501, 1, 0, 1896, 254, 60, P2
2026/08/23 13:30:31.534, 122.45, 131.18, 1725, 9501, 98, 6, 14624, 254, 60, P2
2026/08/23 13:30:32.047, 134.62, 150.66, 1965, 9501, 18, 1, 14624, 254, 61, P2
2026/08/23 13:30:32.559, 147.83, 150.77, 1965, 9501, 17, 1, 14624, 254, 61, P2
2026/08/23 13:30:33.076, 150.86, 150.94, 1965, 9501, 17, 1, 14624, 254, 62, P2
2026/08/23 13:30:33.587, 150.90, 150.76, 1965, 9501, 18, 1, 14624, 254, 62, P2
2026/08/23 13:30:34.102, 141.73, 124.66, 1725, 9501, 17, 1, 14624, 254, 61, P2
2026/08/23 13:30:34.619, 129.70, 124.32, 1725, 9501, 17, 1, 14624, 254, 60, P2
2026/08/23 13:30:35.131, 124.46, 124.40, 1725, 9501, 17, 1, 16136, 254, 60, P2
2026/08/23 13:30:35.644, 136.89, 146.27, 1965, 9501, 1, 0, 16152, 254, 62, P2
2026/08/23 13:30:36.154, 148.25, 149.53, 1965, 9501, 1, 0, 16152, 254, 62, P2
2026/08/23 13:30:36.665, 149.16, 149.50, 1965, 9501, 0, 0, 16152, 254, 62, P2
2026/08/23 13:30:37.177, 149.60, 149.55, 1965, 9501, 0, 0, 16152, 254, 62, P2
2026/08/23 13:30:37.689, 132.57, 84.24, 405, 5001, 1, 0, 16162, 254, 59, P3
2026/08/23 13:30:38.202, 107.63, 112.34, 1575, 9501, 99, 13, 16166, 254, 61, P2
2026/08/23 13:30:38.712, 201.02, 353.76, 1695, 9501, 99, 26, 16166, 254, 71, P2
2026/08/23 13:30:39.222, 318.58, 351.96, 1635, 9501, 100, 28, 16166, 254, 72, P2
2026/08/23 13:30:39.730, 345.84, 351.03, 1680, 9501, 96, 84, 16166, 254, 71, P2
2026/08/23 13:30:40.247, 343.59, 350.08, 1620, 9501, 97, 84, 16166, 254, 71, P2
2026/08/23 13:30:40.763, 344.87, 353.81, 1665, 9501, 98, 85, 16166, 254, 71, P2
2026/08/23 13:30:41.279, 343.35, 328.07, 1680, 9501, 90, 75, 16166, 254, 71, P2
2026/08/23 13:30:41.791, 345.08, 349.78, 1710, 9501, 96, 83, 16166, 254, 71, P2
2026/08/23 13:30:42.305, 343.97, 335.93, 1710, 9501, 97, 82, 16166, 254, 72, P2
2026/08/23 13:30:42.807, 345.75, 344.19, 1665, 9501, 97, 85, 16166, 254, 72, P2
2026/08/23 13:30:43.321, 344.41, 343.67, 1680, 9501, 97, 84, 16166, 254, 72, P2
2026/08/23 13:30:43.834, 345.27, 346.12, 1650, 9501, 97, 85, 16166, 254, 72, P2
2026/08/23 13:30:44.351, 345.40, 349.43, 1665, 9501, 97, 83, 16166, 254, 73, P2
2026/08/23 13:30:44.866, 346.06, 351.89, 1665, 9501, 97, 84, 16166, 254, 73, P2
2026/08/23 13:30:45.379, 344.58, 345.86, 1680, 9501, 97, 83, 16166, 254, 73, P2
2026/08/23 13:30:45.895, 345.87, 343.49, 1665, 9501, 97, 84, 16166, 254, 73, P2
2026/08/23 13:30:46.409, 345.48, 343.48, 1665, 9501, 97, 83, 16166, 254, 73, P2
2026/08/23 13:30:46.926, 343.68, 330.31, 1680, 9501, 91, 76, 16166, 254, 73, P2
2026/08/23 13:30:47.438, 345.13, 339.39, 1680, 9501, 97, 82, 16166, 254, 73, P2
2026/08/23 13:30:47.951, 344.91, 336.23, 1665, 9501, 97, 81, 16166, 254, 73, P2
2026/08/23 13:30:48.466, 345.17, 346.70, 1665, 9501, 97, 84, 16166, 254, 74, P2
2026/08/23 13:30:48.977, 345.42, 344.86, 1650, 9501, 97, 83, 16166, 254, 74, P2
2026/08/23 13:30:49.490, 345.65, 348.87, 1665, 9501, 97, 83, 16166, 254, 74, P2
2026/08/23 13:30:50.005, 345.53, 349.77, 1665, 9501, 97, 84, 16166, 254, 74, P2
2026/08/23 13:30:50.509, 346.25, 349.61, 1665, 9501, 97, 83, 16166, 254, 74, P2
2026/08/23 13:30:51.024, 346.08, 343.73, 1650, 9501, 97, 83, 16166, 254, 74, P2
2026/08/23 13:30:51.539, 345.68, 348.41, 1665, 9501, 96, 83, 16166, 254, 75, P2
2026/08/23 13:30:52.055, 345.70, 345.82, 1650, 9501, 96, 84, 16166, 254, 74, P2
2026/08/23 13:30:52.571, 345.85, 342.55, 1665, 9501, 97, 83, 16166, 254, 75, P2
2026/08/23 13:30:53.085, 344.83, 332.67, 1680, 9501, 90, 75, 16166, 254, 75, P2
2026/08/23 13:30:53.596, 345.87, 342.49, 1665, 9501, 97, 83, 16166, 254, 75, P2
2026/08/23 13:30:54.111, 345.41, 346.53, 1665, 9501, 96, 84, 16166, 254, 75, P2
2026/08/23 13:30:54.628, 346.70, 349.20, 1635, 9501, 97, 83, 16166, 254, 75, P2
2026/08/23 13:30:55.143, 346.54, 350.10, 1635, 9501, 96, 82, 16166, 254, 76, P2
2026/08/23 13:30:55.655, 346.02, 350.62, 1635, 9501, 97, 82, 16166, 254, 76, P2
2026/08/23 13:30:56.165, 267.25, 154.00, 1935, 9501, 1, 0, 16166, 254, 69, P2
2026/08/23 13:30:56.674, 179.92, 154.13, 1935, 9501, 1, 0, 16166, 254, 68, P2
2026/08/23 13:30:57.187, 154.33, 153.60, 1935, 9501, 1, 0, 16166, 254, 68, P2
2026/08/23 13:30:57.699, 150.65, 117.66, 435, 9501, 1, 0, 16166, 254, 66, P2
2026/08/23 13:30:58.212, 122.50, 85.99, 330, 5001, 2, 0, 16166, 254, 65, P3
2026/08/23 13:30:58.723, 91.57, 85.46, 285, 5001, 0, 0, 16166, 254, 64, P3
2026/08/23 13:30:59.234, 85.15, 83.73, 240, 5001, 3, 0, 16166, 254, 64, P3
2026/08/23 13:30:59.743, 84.24, 83.67, 240, 5001, 3, 0, 16166, 254, 64, P3
2026/08/23 13:31:00.252, 83.78, 83.72, 240, 5001, 4, 0, 16166, 254, 63, P3
2026/08/23 13:31:00.766, 83.64, 83.61, 240, 5001, 4, 0, 16166, 254, 63, P3
2026/08/23 13:31:01.279, 68.39, 37.89, 210, 810, 3, 2, 16166, 254, 61, P5
2026/08/23 13:31:01.790, 44.50, 40.74, 210, 810, 7, 2, 16166, 254, 61, P5
2026/08/23 13:31:02.302, 39.38, 38.74, 210, 810, 8, 2, 16278, 254, 61, P5
2026/08/23 13:31:02.809, 40.00, 36.42, 210, 405, 8, 3, 16278, 254, 61, P8
2026/08/23 13:31:03.321, 37.29, 32.35, 210, 405, 5, 4, 16279, 254, 60, P8
2026/08/23 13:31:03.836, 60.60, 126.48, 1725, 9501, 2, 0, 16289, 254, 63, P2
2026/08/23 13:31:04.347, 102.13, 126.80, 1725, 9501, 2, 0, 16282, 254, 64, P2
2026/08/23 13:31:04.861, 127.18, 126.76, 1725, 9501, 1, 0, 16282, 254, 64, P2
2026/08/23 13:31:05.369, 110.00, 47.64, 435, 810, 2, 2, 16282, 254, 61, P5
2026/08/23 13:31:05.879, 73.80, 47.30, 345, 810, 1, 2, 16282, 254, 60, P5
2026/08/23 13:31:06.392, 43.92, 38.04, 285, 810, 3, 2, 16230, 254, 60, P5
2026/08/23 13:31:06.903, 39.48, 36.39, 225, 405, 12, 6, 16211, 254, 60, P8
2026/08/23 13:31:07.416, 36.95, 37.53, 210, 405, 23, 14, 16225, 254, 59, P8
2026/08/23 13:31:07.929, 36.79, 35.90, 210, 405, 13, 5, 16225, 254, 59, P8
2026/08/23 13:31:08.438, 35.74, 34.45, 210, 405, 9, 4, 16225, 254, 59, P8
2026/08/23 13:31:08.952, 33.97, 32.71, 210, 405, 7, 9, 16225, 254, 59, P8
2026/08/23 13:31:09.463, 33.63, 32.86, 210, 405, 10, 5, 16225, 254, 59, P8
2026/08/23 13:31:09.971, 33.64, 35.72, 210, 405, 12, 6, 16225, 254, 58, P8
2026/08/23 13:31:10.486, 33.73, 34.16, 210, 405, 10, 8, 16224, 254, 58, P8
2026/08/23 13:31:10.996, 34.06, 32.84, 210, 405, 7, 5, 16224, 254, 58, P8
2026/08/23 13:31:11.512, 33.59, 31.62, 210, 405, 9, 5, 16224, 254, 58, P8
2026/08/23 13:31:12.023, 33.22, 32.26, 210, 405, 5, 4, 16224, 254, 58, P8
2026/08/23 13:31:12.535, 32.81, 32.99, 210, 405, 5, 10, 16224, 254, 58, P8
2026/08/23 13:31:13.051, 32.20, 31.71, 210, 405, 6, 4, 16224, 254, 57, P8
2026/08/23 13:31:13.561, 31.92, 31.52, 210, 405, 3, 3, 16224, 254, 57, P8
2026/08/23 13:31:14.073, 32.06, 31.23, 210, 405, 3, 4, 16224, 254, 57, P8
2026/08/23 13:31:14.585, 33.26, 34.05, 210, 405, 9, 5, 16224, 254, 57, P8
2026/08/23 13:31:15.094, 32.94, 31.06, 210, 405, 5, 4, 16224, 254, 57, P8
2026/08/23 13:31:15.609, 31.98, 31.78, 210, 405, 6, 4, 16224, 254, 57, P8
2026/08/23 13:31:16.123, 88.56, 354.42, 1710, 9501, 100, 28, 16224, 254, 67, P2
2026/08/23 13:31:16.635, 233.91, 349.48, 1710, 9501, 100, 27, 16224, 254, 70, P2
2026/08/23 13:31:17.150, 342.74, 307.54, 1680, 9501, 79, 45, 16224, 254, 71, P2
2026/08/23 13:31:17.661, 342.59, 351.08, 1710, 9501, 96, 84, 16224, 254, 71, P2
2026/08/23 13:31:18.178, 342.81, 331.42, 1680, 9501, 97, 82, 16224, 254, 71, P2
2026/08/23 13:31:18.691, 345.68, 353.63, 1680, 9501, 97, 85, 16224, 254, 72, P2
2026/08/23 13:31:19.203, 344.73, 339.99, 1665, 9501, 97, 83, 16224, 254, 72, P2
2026/08/23 13:31:19.717, 345.33, 355.23, 1680, 9501, 97, 84, 16224, 254, 72, P2
2026/08/23 13:31:20.225, 344.49, 337.74, 1665, 9501, 97, 83, 16224, 254, 72, P2
2026/08/23 13:31:20.738, 345.39, 348.31, 1680, 9501, 97, 84, 16224, 254, 73, P2
2026/08/23 13:31:21.240, 344.52, 336.28, 1650, 9501, 97, 83, 16224, 254, 72, P2
2026/08/23 13:31:21.753, 345.67, 354.55, 1680, 9501, 98, 84, 16224, 254, 73, P2
2026/08/23 13:31:22.266, 345.33, 341.33, 1650, 9501, 97, 83, 16224, 254, 73, P2
2026/08/23 13:31:22.783, 346.23, 346.20, 1680, 9501, 97, 83, 16224, 254, 73, P2
2026/08/23 13:31:23.297, 345.34, 343.03, 1650, 9501, 97, 83, 16224, 254, 73, P2
2026/08/23 13:31:23.810, 345.04, 347.40, 1665, 9501, 97, 83, 16224, 254, 74, P2
2026/08/23 13:31:24.322, 345.77, 345.40, 1650, 9501, 96, 83, 16224, 254, 74, P2
2026/08/23 13:31:24.840, 345.91, 346.45, 1665, 9501, 97, 84, 16224, 254, 74, P2
2026/08/23 13:31:25.353, 344.65, 349.40, 1665, 9501, 96, 82, 16224, 254, 74, P2
2026/08/23 13:31:25.865, 346.48, 350.08, 1665, 9501, 97, 84, 16224, 254, 74, P2
2026/08/23 13:31:26.378, 345.66, 343.14, 1650, 9501, 97, 83, 16224, 254, 74, P2
2026/08/23 13:31:26.891, 345.58, 345.27, 1680, 9501, 97, 83, 16224, 254, 75, P2
2026/08/23 13:31:27.393, 345.42, 342.26, 1665, 9501, 97, 83, 16224, 254, 74, P2
2026/08/23 13:31:27.907, 345.92, 344.85, 1665, 9501, 97, 82, 16224, 254, 75, P2
2026/08/23 13:31:28.421, 345.63, 343.39, 1650, 9501, 97, 83, 16224, 254, 75, P2
2026/08/23 13:31:28.923, 345.95, 346.79, 1665, 9501, 97, 84, 16224, 254, 75, P2
2026/08/23 13:31:29.435, 345.75, 343.47, 1665, 9501, 96, 83, 16224, 254, 75, P2
2026/08/23 13:31:29.948, 345.85, 346.43, 1665, 9501, 97, 83, 16224, 254, 75, P2
2026/08/23 13:31:30.460, 346.30, 348.61, 1650, 9501, 97, 83, 16224, 254, 75, P2
2026/08/23 13:31:30.973, 345.90, 352.36, 1665, 9501, 96, 81, 16224, 254, 76, P2
2026/08/23 13:31:31.490, 346.24, 341.07, 1635, 9501, 97, 82, 16224, 254, 76, P2
2026/08/23 13:31:32.001, 347.26, 351.15, 1650, 9501, 97, 83, 16224, 254, 76, P2
2026/08/23 13:31:32.504, 345.18, 339.53, 1650, 9501, 97, 82, 16224, 254, 76, P2
2026/08/23 13:31:33.015, 346.52, 350.74, 1665, 9501, 97, 83, 16224, 254, 76, P2
2026/08/23 13:31:33.530, 335.21, 223.47, 1920, 9501, 38, 32, 16224, 254, 72, P2
2026/08/23 13:31:34.043, 249.92, 157.59, 1935, 9501, 1, 0, 16217, 254, 70, P2
2026/08/23 13:31:34.556, 162.76, 156.30, 1935, 9501, 2, 0, 16217, 254, 69, P2
2026/08/23 13:31:35.069, 156.24, 155.72, 1935, 9501, 1, 0, 16217, 254, 69, P2
2026/08/23 13:31:35.579, 142.62, 90.51, 465, 5001, 1, 0, 16217, 254, 66, P3
2026/08/23 13:31:36.092, 111.11, 86.30, 360, 5001, 1, 0, 16217, 254, 65, P3
2026/08/23 13:31:36.602, 86.17, 84.32, 300, 5001, 4, 0, 16217, 254, 65, P3
2026/08/23 13:31:37.111, 84.72, 84.29, 240, 5001, 5, 0, 16217, 254, 64, P3
2026/08/23 13:31:37.620, 84.14, 84.34, 240, 5001, 8, 0, 16217, 254, 64, P3
2026/08/23 13:31:38.131, 83.97, 84.04, 240, 5001, 6, 0, 16217, 254, 64, P3
2026/08/23 13:31:38.645, 84.14, 86.58, 240, 5001, 19, 2, 16217, 254, 64, P3
2026/08/23 13:31:39.159, 132.64, 341.38, 1695, 9501, 100, 28, 16217, 254, 73, P2
2026/08/23 13:31:39.670, 251.28, 313.93, 1695, 9501, 89, 22, 16217, 254, 75, P2
2026/08/23 13:31:40.183, 344.43, 355.72, 1665, 9501, 89, 71, 16217, 254, 76, P2
2026/08/23 13:31:40.694, 344.69, 351.52, 1650, 9501, 96, 83, 16217, 254, 75, P2
2026/08/23 13:31:41.208, 347.19, 343.18, 1665, 9501, 97, 84, 16217, 254, 75, P2
2026/08/23 13:31:41.725, 346.66, 352.10, 1665, 9501, 97, 83, 16217, 254, 76, P2
2026/08/23 13:31:42.238, 346.50, 342.92, 1635, 9501, 97, 82, 16217, 254, 75, P2
2026/08/23 13:31:42.753, 346.36, 351.25, 1680, 9501, 97, 83, 16217, 254, 76, P2
2026/08/23 13:31:43.254, 345.89, 344.60, 1635, 9501, 96, 83, 16217, 254, 76, P2
2026/08/23 13:31:43.769, 345.61, 350.57, 1665, 9501, 97, 82, 16217, 254, 76, P2
2026/08/23 13:31:44.282, 346.49, 349.35, 1650, 9501, 96, 82, 16217, 254, 76, P2
2026/08/23 13:31:44.796, 346.68, 350.35, 1665, 9501, 96, 82, 16217, 254, 76, P2
2026/08/23 13:31:45.311, 346.29, 348.33, 1650, 9501, 97, 82, 16217, 254, 76, P2
2026/08/23 13:31:45.822, 346.51, 346.77, 1650, 9501, 97, 83, 16217, 254, 77, P2
2026/08/23 13:31:46.337, 346.71, 344.30, 1650, 9501, 96, 82, 16217, 254, 76, P2
2026/08/23 13:31:46.848, 346.99, 352.77, 1635, 9501, 97, 84, 16217, 254, 77, P2
2026/08/23 13:31:47.362, 346.68, 349.71, 1635, 9501, 97, 82, 16217, 254, 77, P2
2026/08/23 13:31:47.874, 346.39, 360.39, 1665, 9501, 97, 83, 16217, 254, 77, P2
2026/08/23 13:31:48.388, 346.33, 344.47, 1650, 9501, 96, 80, 16217, 254, 77, P2
2026/08/23 13:31:48.901, 347.32, 345.66, 1665, 9501, 96, 82, 16217, 254, 77, P2
2026/08/23 13:31:49.415, 346.74, 348.16, 1665, 9501, 97, 82, 16217, 254, 77, P2
2026/08/23 13:31:49.927, 346.43, 341.83, 1650, 9501, 97, 83, 16217, 254, 77, P2
2026/08/23 13:31:50.443, 346.88, 352.27, 1665, 9501, 96, 82, 16217, 254, 78, P2
2026/08/23 13:31:50.957, 345.99, 344.36, 1635, 9501, 97, 83, 16217, 254, 77, P2
2026/08/23 13:31:51.473, 347.23, 352.16, 1665, 9501, 97, 83, 16217, 254, 78, P2
2026/08/23 13:31:51.986, 345.98, 339.62, 1635, 9501, 96, 83, 16217, 254, 77, P2
2026/08/23 13:31:52.489, 347.32, 349.91, 1650, 9501, 98, 83, 16217, 254, 78, P2
2026/08/23 13:31:53.002, 345.88, 343.48, 1650, 9501, 96, 82, 16217, 254, 78, P2
2026/08/23 13:31:53.512, 346.91, 348.95, 1650, 9501, 97, 83, 16217, 254, 78, P2
2026/08/23 13:31:54.028, 346.36, 364.87, 1665, 9501, 87, 70, 16217, 254, 78, P2
2026/08/23 13:31:54.541, 346.27, 351.48, 1680, 9501, 97, 83, 16217, 254, 78, P2
2026/08/23 13:31:55.056, 348.01, 347.82, 1650, 9501, 97, 81, 16217, 254, 78, P2
2026/08/23 13:31:55.569, 346.74, 353.89, 1665, 9501, 97, 82, 16217, 254, 78, P2
2026/08/23 13:31:56.083, 346.97, 348.89, 1635, 9501, 97, 82, 16217, 254, 78, P2
2026/08/23 13:31:56.595, 340.46, 271.37, 1650, 9501, 97, 83, 16217, 254, 78, P2
2026/08/23 13:31:57.107, 257.31, 161.36, 1920, 9501, 1, 0, 16217, 254, 72, P2
2026/08/23 13:31:57.617, 171.18, 160.35, 1920, 9501, 1, 0, 16217, 254, 72, P2
2026/08/23 13:31:58.128, 159.97, 158.61, 1935, 9501, 1, 0, 16217, 254, 71, P2
2026/08/23 13:31:58.642, 151.28, 115.08, 450, 9501, 3, 0, 16217, 254, 70, P2
2026/08/23 13:31:59.154, 124.40, 88.48, 345, 5001, 3, 0, 16217, 254, 68, P3
2026/08/23 13:31:59.669, 95.95, 87.95, 300, 5001, 4, 0, 16217, 254, 67, P3
2026/08/23 13:32:00.181, 86.97, 85.22, 240, 5001, 5, 0, 16217, 254, 67, P3
2026/08/23 13:32:00.689, 85.51, 85.03, 240, 5001, 5, 0, 16217, 254, 67, P3
2026/08/23 13:32:01.204, 63.99, 40.68, 210, 810, 9, 3, 16217, 254, 65, P5
2026/08/23 13:32:01.719, 41.79, 40.44, 210, 810, 6, 2, 16217, 254, 64, P5
2026/08/23 13:32:02.230, 123.18, 355.85, 1680, 9501, 100, 28, 16217, 254, 74, P2
2026/08/23 13:32:02.741, 262.99, 327.69, 1680, 9501, 100, 27, 16217, 254, 76, P2
2026/08/23 13:32:03.252, 345.00, 363.08, 1665, 9501, 95, 82, 16217, 254, 78, P2
2026/08/23 13:32:03.765, 343.93, 347.76, 1650, 9501, 97, 84, 16217, 254, 77, P2
2026/08/23 13:32:04.278, 348.35, 346.40, 1665, 9501, 97, 82, 16217, 254, 77, P2
2026/08/23 13:32:04.793, 346.78, 347.59, 1650, 9501, 97, 82, 16217, 254, 78, P2
2026/08/23 13:32:05.309, 347.22, 347.39, 1635, 9501, 97, 83, 16217, 254, 77, P2
2026/08/23 13:32:05.821, 346.95, 345.95, 1650, 9501, 97, 83, 16217, 254, 78, P2
2026/08/23 13:32:06.333, 346.90, 345.48, 1635, 9501, 97, 83, 16217, 254, 78, P2
2026/08/23 13:32:06.849, 346.57, 343.78, 1635, 9501, 97, 83, 16217, 254, 78, P2
2026/08/23 13:32:07.366, 346.01, 347.91, 1650, 9501, 96, 83, 16217, 254, 78, P2
2026/08/23 13:32:07.880, 347.15, 347.76, 1635, 9501, 96, 82, 16217, 254, 78, P2
2026/08/23 13:32:08.394, 346.67, 348.60, 1650, 9501, 97, 82, 16217, 254, 78, P2
2026/08/23 13:32:08.905, 347.01, 349.66, 1635, 9501, 97, 83, 16217, 254, 78, P2
2026/08/23 13:32:09.408, 347.43, 355.70, 1635, 9501, 98, 84, 16217, 254, 79, P2
2026/08/23 13:32:09.919, 346.68, 349.45, 1635, 9501, 97, 83, 16217, 254, 78, P2
2026/08/23 13:32:10.436, 347.02, 353.50, 1650, 9501, 97, 82, 16217, 254, 79, P2
2026/08/23 13:32:10.938, 346.49, 351.07, 1680, 9501, 96, 80, 16217, 254, 79, P2
2026/08/23 13:32:11.449, 345.59, 351.13, 1650, 9501, 96, 82, 16217, 254, 79, P2
2026/08/23 13:32:11.964, 347.24, 353.90, 1650, 9501, 97, 83, 16217, 254, 79, P2
2026/08/23 13:32:12.478, 347.47, 346.12, 1635, 9501, 97, 82, 16217, 254, 79, P2
2026/08/23 13:32:12.994, 347.32, 354.76, 1650, 9501, 97, 81, 16217, 254, 79, P2
2026/08/23 13:32:13.506, 346.76, 341.70, 1620, 9501, 97, 82, 16217, 254, 79, P2
2026/08/23 13:32:14.021, 346.37, 350.29, 1665, 9501, 97, 82, 16217, 254, 79, P2
2026/08/23 13:32:14.536, 346.29, 345.45, 1635, 9501, 96, 77, 16217, 254, 79, P2
2026/08/23 13:32:15.044, 346.80, 350.05, 1665, 9501, 97, 82, 16217, 254, 79, P2
2026/08/23 13:32:15.562, 346.31, 341.57, 1635, 9501, 97, 82, 16217, 254, 79, P2
2026/08/23 13:32:16.065, 347.33, 345.84, 1650, 9501, 97, 81, 16217, 254, 79, P2
2026/08/23 13:32:16.581, 346.61, 341.55, 1650, 9501, 97, 81, 16217, 254, 79, P2
2026/08/23 13:32:17.095, 346.48, 344.64, 1635, 9501, 97, 82, 16217, 254, 79, P2
2026/08/23 13:32:17.597, 346.39, 351.56, 1650, 9501, 97, 82, 16217, 254, 80, P2
2026/08/23 13:32:18.112, 346.64, 343.22, 1635, 9501, 96, 80, 16217, 254, 79, P2
2026/08/23 13:32:18.624, 347.74, 348.93, 1680, 9501, 96, 79, 16217, 254, 80, P2
2026/08/23 13:32:19.138, 347.03, 339.26, 1635, 9501, 97, 80, 16217, 254, 80, P2
2026/08/23 13:32:19.651, 346.73, 352.93, 1665, 9501, 97, 81, 16217, 254, 80, P2
2026/08/23 13:32:20.162, 295.49, 164.72, 1920, 9501, 2, 0, 16217, 254, 75, P2
2026/08/23 13:32:20.675, 213.37, 163.45, 1920, 9501, 2, 0, 16217, 254, 73, P2
2026/08/23 13:32:21.188, 163.31, 162.42, 1920, 9501, 1, 0, 16217, 254, 73, P2
2026/08/23 13:32:21.700, 162.41, 162.18, 1920, 9501, 1, 0, 1724, 254, 73, P2
2026/08/23 13:32:22.214, 142.94, 117.42, 405, 9751, 7, 0, 1721, 254, 70, P0
2026/08/23 13:32:22.727, 99.79, 52.31, 345, 810, 5, 2, 1721, 254, 68, P5
2026/08/23 13:32:23.241, 64.70, 51.42, 270, 810, 4, 2, 1721, 254, 67, P5
2026/08/23 13:32:23.756, 47.00, 37.62, 240, 405, 15, 5, 1721, 254, 66, P8
2026/08/23 13:32:24.269, 40.38, 34.16, 210, 405, 1, 3, 1721, 254, 66, P8
2026/08/23 13:32:24.785, 35.68, 35.49, 210, 405, 9, 5, 1721, 254, 65, P8
2026/08/23 13:32:25.298, 34.63, 34.14, 210, 405, 6, 3, 1721, 254, 65, P8
2026/08/23 13:32:25.809, 34.60, 34.86, 210, 405, 7, 4, 1721, 254, 65, P8
2026/08/23 13:32:26.321, 34.71, 34.42, 210, 405, 6, 4, 1721, 254, 64, P8
2026/08/23 13:32:26.836, 35.30, 35.91, 210, 405, 8, 5, 1721, 254, 64, P8
2026/08/23 13:32:27.350, 35.77, 38.08, 210, 405, 20, 7, 1721, 254, 64, P8
2026/08/23 13:32:27.860, 35.97, 37.40, 210, 405, 17, 5, 1721, 254, 63, P8
2026/08/23 13:32:28.376, 36.54, 37.47, 210, 405, 20, 7, 1721, 254, 63, P8
2026/08/23 13:32:28.888, 37.19, 35.35, 210, 405, 9, 5, 1721, 254, 63, P8
2026/08/23 13:32:29.397, 37.12, 37.92, 210, 405, 16, 6, 1724, 254, 63, P8
2026/08/23 13:32:29.908, 36.56, 33.53, 210, 405, 6, 4, 1724, 254, 63, P8
2026/08/23 13:32:30.418, 35.03, 32.69, 210, 405, 4, 4, 1724, 254, 62, P8
2026/08/23 13:32:30.930, 34.26, 34.58, 210, 405, 4, 4, 1724, 254, 62, P8
2026/08/23 13:32:31.442, 34.67, 35.12, 210, 405, 10, 5, 1724, 254, 62, P8
2026/08/23 13:32:31.955, 34.82, 33.33, 210, 405, 5, 4, 1724, 254, 62, P8
2026/08/23 13:32:32.471, 34.17, 35.33, 210, 405, 14, 6, 1724, 254, 62, P8
2026/08/23 13:32:32.987, 34.85, 36.02, 210, 405, 17, 6, 1723, 254, 62, P8
2026/08/23 13:32:33.498, 35.88, 34.90, 210, 405, 10, 5, 1723, 254, 61, P8
2026/08/23 13:32:34.010, 36.07, 35.20, 210, 405, 9, 15, 1723, 254, 61, P8
2026/08/23 13:32:34.521, 35.03, 34.46, 210, 405, 8, 4, 1723, 254, 61, P8
2026/08/23 13:32:35.036, 33.82, 31.74, 210, 405, 10, 10, 1723, 254, 61, P8
2026/08/23 13:32:35.545, 34.31, 34.73, 210, 405, 6, 4, 1723, 254, 61, P8
2026/08/23 13:32:36.058, 33.62, 34.19, 210, 405, 6, 7, 1723, 254, 61, P8
2026/08/23 13:32:36.569, 33.32, 33.95, 210, 405, 10, 5, 1723, 254, 60, P8
2026/08/23 13:32:37.079, 33.95, 33.14, 210, 405, 7, 5, 1723, 254, 60, P8
2026/08/23 13:32:37.591, 34.43, 31.96, 210, 405, 2, 3, 1723, 254, 60, P8
2026/08/23 13:32:38.103, 34.11, 34.41, 210, 405, 9, 5, 1723, 254, 60, P8
2026/08/23 13:32:38.614, 33.43, 31.87, 210, 405, 3, 3, 1723, 254, 60, P8
2026/08/23 13:32:39.126, 33.52, 33.30, 210, 405, 7, 4, 1723, 254, 60, P8
2026/08/23 13:32:39.636, 32.90, 31.87, 210, 405, 7, 4, 1723, 254, 59, P8
2026/08/23 13:32:40.149, 33.26, 34.42, 210, 405, 11, 5, 1723, 254, 59, P8
2026/08/23 13:32:40.662, 33.83, 32.35, 210, 405, 6, 5, 1723, 254, 59, P8
2026/08/23 13:32:41.175, 34.02, 32.18, 210, 405, 5, 4, 1723, 254, 59, P8
2026/08/23 13:32:41.686, 33.50, 33.03, 210, 405, 9, 5, 1723, 254, 59, P8
2026/08/23 13:32:42.195, 33.20, 32.21, 210, 405, 6, 4, 1723, 254, 59, P8
2026/08/23 13:32:42.705, 33.94, 33.33, 210, 405, 6, 7, 1723, 254, 59, P8
2026/08/23 13:32:43.218, 33.53, 33.70, 210, 405, 8, 5, 1949, 254, 59, P8
2026/08/23 13:32:43.730, 66.20, 124.79, 1725, 9501, 5, 1, 1949, 254, 62, P2
2026/08/23 13:32:44.233, 108.07, 124.52, 1725, 9501, 1, 0, 1949, 254, 62, P2
2026/08/23 13:32:44.745, 124.71, 124.81, 1725, 9501, 2, 0, 1949, 254, 62, P2
2026/08/23 13:32:45.258, 124.73, 124.42, 1725, 9501, 1, 0, 1949, 254, 62, P2
2026/08/23 13:32:45.771, 124.69, 124.64, 1725, 9501, 2, 0, 1949, 254, 63, P2
2026/08/23 13:32:46.283, 124.67, 124.63, 1725, 9501, 2, 0, 1949, 254, 63, P2
2026/08/23 13:32:46.791, 124.65, 124.79, 1725, 9501, 1, 0, 1949, 254, 63, P2
2026/08/23 13:32:47.306, 124.73, 124.94, 1725, 9501, 1, 0, 1949, 254, 63, P2
2026/08/23 13:32:47.820, 124.80, 124.38, 1725, 9501, 0, 0, 1949, 254, 63, P2
2026/08/23 13:32:48.331, 124.60, 125.12, 1725, 9501, 3, 0, 1949, 254, 63, P2
2026/08/23 13:32:48.840, 124.53, 124.64, 1725, 9501, 2, 0, 1949, 254, 63, P2
2026/08/23 13:32:49.351, 124.79, 124.79, 1725, 9501, 1, 0, 1949, 254, 63, P2
2026/08/23 13:32:49.864, 68.45, 47.24, 315, 810, 7, 3, 1949, 254, 59, P5
2026/08/23 13:32:50.373, 42.37, 31.67, 240, 405, 4, 4, 1949, 254, 59, P8
2026/08/23 13:32:50.888, 45.15, 114.29, 1725, 9501, 98, 7, 9821, 254, 59, P2
2026/08/23 13:32:51.402, 96.12, 153.11, 1965, 9501, 19, 1, 17039, 254, 63, P2
2026/08/23 13:32:51.917, 149.15, 153.10, 1965, 9501, 17, 1, 17039, 254, 63, P2
2026/08/23 13:32:52.433, 153.32, 153.34, 1965, 9501, 17, 1, 17039, 254, 64, P2
2026/08/23 13:32:52.944, 153.37, 153.88, 1965, 9501, 17, 1, 17039, 254, 64, P2
2026/08/23 13:32:53.462, 130.04, 86.56, 1020, 5001, 20, 1, 17039, 254, 61, P3
2026/08/23 13:32:53.979, 96.61, 54.01, 930, 810, 57, 8, 17039, 254, 60, P5
2026/08/23 13:32:54.492, 79.24, 85.80, 1350, 5001, 18, 1, 17039, 254, 60, P3
2026/08/23 13:32:55.004, 79.02, 85.96, 1350, 5001, 18, 1, 17039, 254, 60, P3
2026/08/23 13:32:55.517, 85.82, 85.65, 1350, 5001, 18, 1, 18551, 254, 60, P3
2026/08/23 13:32:56.029, 112.67, 143.71, 1935, 9501, 1, 0, 18567, 254, 63, P2
2026/08/23 13:32:56.542, 138.95, 143.30, 1935, 9501, 1, 0, 18567, 254, 63, P2
2026/08/23 13:32:57.048, 143.72, 143.97, 1935, 9501, 2, 0, 18567, 254, 63, P2
2026/08/23 13:32:57.560, 143.84, 143.83, 525, 5001, 1, 0, 18567, 254, 63, P3
2026/08/23 13:32:58.068, 117.82, 84.71, 450, 5001, 5, 0, 18555, 254, 61, P3
2026/08/23 13:32:58.582, 97.65, 118.12, 1470, 9501, 100, 15, 18575, 254, 61, P2
2026/08/23 13:32:59.096, 203.60, 353.11, 1725, 9501, 100, 27, 18582, 254, 71, P2
2026/08/23 13:32:59.609, 318.68, 345.52, 1680, 9501, 100, 27, 18582, 254, 73, P2
2026/08/23 13:33:00.124, 345.10, 354.22, 1650, 9501, 97, 90, 18592, 254, 72, P2
2026/08/23 13:33:00.640, 344.80, 350.86, 1665, 9501, 97, 89, 18582, 254, 72, P2
2026/08/23 13:33:01.151, 346.12, 354.32, 1665, 9501, 97, 90, 18576, 254, 72, P2
2026/08/23 13:33:01.654, 345.89, 348.80, 1650, 9501, 97, 89, 18576, 254, 72, P2
2026/08/23 13:33:02.166, 345.70, 357.61, 1650, 9501, 97, 90, 18576, 254, 73, P2
2026/08/23 13:33:02.682, 345.63, 347.43, 1620, 9501, 97, 91, 18576, 254, 73, P2
2026/08/23 13:33:03.196, 345.36, 346.11, 1650, 9501, 97, 90, 18576, 254, 73, P2
2026/08/23 13:33:03.711, 345.53, 351.20, 1635, 9501, 97, 92, 18576, 254, 73, P2
2026/08/23 13:33:04.226, 345.86, 344.20, 1650, 9501, 97, 89, 18576, 254, 73, P2
2026/08/23 13:33:04.742, 346.35, 352.06, 1650, 9501, 97, 90, 18576, 254, 74, P2
2026/08/23 13:33:05.245, 345.83, 344.45, 1635, 9501, 97, 90, 18576, 254, 73, P2
2026/08/23 13:33:05.756, 346.14, 350.02, 1650, 9501, 98, 91, 18576, 254, 74, P2
2026/08/23 13:33:06.267, 345.84, 343.68, 1635, 9501, 97, 90, 18576, 254, 73, P2
2026/08/23 13:33:06.783, 346.73, 355.52, 1635, 9501, 97, 92, 18576, 254, 74, P2
2026/08/23 13:33:07.299, 344.98, 336.10, 1650, 9501, 95, 87, 18576, 254, 74, P2
2026/08/23 13:33:07.812, 346.71, 352.78, 1635, 9501, 97, 91, 18576, 254, 74, P2
2026/08/23 13:33:08.325, 345.39, 337.68, 1635, 9501, 97, 89, 18576, 254, 74, P2
2026/08/23 13:33:08.839, 345.52, 352.32, 1650, 9501, 97, 90, 18576, 254, 75, P2
2026/08/23 13:33:09.351, 345.37, 333.04, 1605, 9501, 97, 89, 18576, 254, 74, P2
2026/08/23 13:33:09.867, 345.47, 335.07, 1605, 9501, 97, 88, 18576, 254, 75, P2
2026/08/23 13:33:10.379, 347.04, 352.52, 1635, 9501, 97, 90, 18576, 254, 75, P2
2026/08/23 13:33:10.894, 345.89, 335.25, 1620, 9501, 96, 88, 18576, 254, 75, P2
2026/08/23 13:33:11.408, 346.43, 349.01, 1635, 9501, 97, 90, 18576, 254, 75, P2
2026/08/23 13:33:11.922, 345.67, 337.63, 1605, 9501, 97, 89, 18576, 254, 75, P2
2026/08/23 13:33:12.438, 347.09, 352.94, 1635, 9501, 98, 92, 18576, 254, 76, P2
2026/08/23 13:33:12.954, 345.49, 342.71, 1620, 9501, 98, 90, 18576, 254, 75, P2
2026/08/23 13:33:13.468, 347.02, 351.79, 1635, 9501, 97, 91, 18576, 254, 76, P2
2026/08/23 13:33:13.980, 345.87, 341.38, 1620, 9501, 97, 90, 18576, 254, 76, P2
2026/08/23 13:33:14.607, 347.18, 354.43, 1635, 9501, 97, 91, 18576, 254, 76, P2
2026/08/23 13:33:15.118, 346.00, 355.41, 1635, 9501, 97, 91, 18576, 254, 76, P2
2026/08/23 13:33:15.633, 346.86, 348.32, 1635, 9501, 97, 90, 18576, 254, 76, P2
2026/08/23 13:33:16.147, 347.84, 341.97, 1605, 9501, 97, 89, 18576, 254, 76, P2
2026/08/23 13:33:16.660, 346.49, 350.62, 1620, 9501, 97, 91, 18576, 254, 76, P2
2026/08/23 13:33:17.175, 346.47, 344.03, 1605, 9501, 98, 90, 18576, 254, 77, P2
2026/08/23 13:33:17.685, 346.69, 354.77, 1635, 9501, 97, 91, 18576, 254, 77, P2
2026/08/23 13:33:18.196, 284.39, 159.96, 1935, 9501, 2, 0, 18576, 254, 71, P2
2026/08/23 13:33:18.708, 200.05, 156.72, 1935, 9501, 1, 0, 18576, 254, 70, P2
2026/08/23 13:33:19.217, 156.97, 156.33, 1935, 9501, 1, 0, 18576, 254, 70, P2
2026/08/23 13:33:19.729, 155.94, 155.09, 435, 9501, 1, 0, 18576, 254, 70, P2
2026/08/23 13:33:20.241, 130.26, 87.48, 375, 5001, 2, 0, 18576, 254, 66, P3
2026/08/23 13:33:20.751, 98.97, 86.81, 285, 5001, 3, 0, 18576, 254, 66, P3
2026/08/23 13:33:21.264, 85.97, 84.87, 240, 5001, 6, 1, 18576, 254, 65, P3
2026/08/23 13:33:21.774, 84.91, 84.56, 240, 5001, 5, 0, 18576, 254, 65, P3
2026/08/23 13:33:22.288, 84.50, 84.37, 240, 5001, 4, 0, 18576, 254, 65, P3
2026/08/23 13:33:22.800, 84.29, 84.31, 240, 5001, 5, 0, 18576, 254, 65, P3
2026/08/23 13:33:23.314, 71.82, 41.80, 210, 810, 5, 3, 18576, 254, 63, P5
2026/08/23 13:33:23.827, 49.75, 41.30, 210, 810, 8, 3, 18576, 254, 63, P5
2026/08/23 13:33:24.340, 40.08, 40.67, 210, 810, 6, 3, 18576, 254, 62, P5
2026/08/23 13:33:24.848, 39.58, 39.16, 210, 405, 5, 3, 18576, 254, 62, P8
2026/08/23 13:33:25.356, 37.68, 37.01, 210, 405, 12, 7, 18576, 254, 62, P8
2026/08/23 13:33:25.868, 35.56, 34.83, 210, 405, 6, 5, 18576, 254, 61, P8
2026/08/23 13:33:26.380, 35.49, 34.68, 210, 405, 10, 6, 18576, 254, 61, P8
2026/08/23 13:33:26.893, 35.20, 34.63, 210, 405, 7, 6, 18576, 254, 61, P8
2026/08/23 13:33:27.406, 35.30, 36.47, 210, 405, 12, 7, 18576, 254, 61, P8
2026/08/23 13:33:27.919, 35.28, 36.41, 210, 405, 11, 7, 18576, 254, 61, P8
2026/08/23 13:33:28.430, 35.17, 34.49, 210, 405, 9, 6, 18576, 254, 60, P8
2026/08/23 13:33:28.947, 34.98, 34.93, 210, 405, 7, 6, 18576, 254, 60, P8
2026/08/23 13:33:29.464, 34.63, 36.29, 210, 405, 10, 6, 18576, 254, 60, P8
2026/08/23 13:33:29.971, 34.68, 34.35, 210, 405, 7, 5, 18576, 254, 60, P8
2026/08/23 13:33:30.480, 34.28, 33.50, 210, 405, 7, 5, 18576, 254, 60, P8
2026/08/23 13:33:30.992, 33.05, 32.63, 210, 405, 6, 5, 18576, 254, 60, P8
2026/08/23 13:33:31.500, 33.28, 36.29, 210, 405, 9, 6, 18576, 254, 59, P8
2026/08/23 13:33:32.010, 33.33, 33.83, 210, 405, 11, 6, 18576, 254, 59, P8
2026/08/23 13:33:32.522, 33.40, 34.65, 210, 405, 8, 6, 18576, 254, 59, P8
2026/08/23 13:33:33.034, 33.33, 34.53, 210, 405, 11, 16, 18576, 254, 59, P8
2026/08/23 13:33:33.546, 33.44, 35.31, 210, 405, 8, 5, 18576, 254, 59, P8
2026/08/23 13:33:34.054, 33.38, 37.02, 210, 405, 10, 6, 18576, 254, 59, P8
2026/08/23 13:33:34.569, 33.22, 35.22, 210, 405, 10, 5, 18576, 254, 59, P8
2026/08/23 13:33:35.078, 33.41, 34.61, 210, 405, 13, 6, 18576, 254, 59, P8
2026/08/23 13:33:35.593, 33.12, 34.21, 210, 405, 10, 4, 18576, 254, 58, P8
2026/08/23 13:33:36.106, 33.07, 34.53, 210, 405, 10, 5, 18576, 254, 58, P8
2026/08/23 13:33:36.618, 33.01, 34.82, 210, 405, 10, 5, 18576, 254, 58, P8
2026/08/23 13:33:37.126, 33.06, 35.03, 210, 405, 12, 5, 18576, 254, 58, P8
2026/08/23 13:33:37.639, 32.90, 32.34, 210, 405, 10, 5, 18576, 254, 58, P8
2026/08/23 13:33:38.154, 59.45, 283.49, 1725, 9501, 100, 28, 18576, 254, 60, P2
2026/08/23 13:33:38.667, 205.66, 352.98, 1725, 9501, 100, 26, 18576, 254, 72, P2
2026/08/23 13:33:39.183, 340.54, 327.96, 1680, 9501, 100, 26, 18576, 254, 73, P2
2026/08/23 13:33:39.698, 343.03, 352.92, 1665, 9501, 97, 91, 18576, 254, 72, P2
2026/08/23 13:33:40.214, 344.64, 335.24, 1575, 9501, 98, 91, 18576, 254, 72, P2
2026/08/23 13:33:40.724, 344.97, 346.99, 1665, 9501, 97, 90, 18576, 254, 72, P2
2026/08/23 13:33:41.242, 344.70, 340.17, 1620, 9501, 97, 90, 18576, 254, 73, P2
2026/08/23 13:33:41.757, 345.44, 338.44, 1650, 9501, 97, 90, 18576, 254, 72, P2
2026/08/23 13:33:42.270, 345.09, 341.26, 1605, 9501, 97, 90, 18576, 254, 73, P2
2026/08/23 13:33:42.783, 344.70, 345.20, 1650, 9501, 97, 90, 18576, 254, 73, P2
2026/08/23 13:33:43.298, 343.80, 352.08, 1650, 9501, 97, 91, 18576, 254, 73, P2
2026/08/23 13:33:43.813, 345.37, 339.51, 1650, 9501, 97, 89, 18576, 254, 73, P2
2026/08/23 13:33:44.327, 346.09, 344.09, 1650, 9501, 97, 90, 18576, 254, 73, P2
2026/08/23 13:33:44.829, 345.12, 337.48, 1650, 9501, 97, 89, 18576, 254, 73, P2
2026/08/23 13:33:45.344, 346.12, 349.84, 1635, 9501, 97, 91, 18576, 254, 74, P2
2026/08/23 13:33:45.860, 345.21, 339.09, 1635, 9501, 97, 89, 18576, 254, 74, P2
2026/08/23 13:33:46.361, 346.32, 346.00, 1635, 9501, 98, 90, 18576, 254, 74, P2
2026/08/23 13:33:46.872, 346.13, 350.86, 1650, 9501, 97, 90, 18576, 254, 74, P2
2026/08/23 13:33:47.386, 345.93, 334.67, 1635, 9501, 97, 89, 18576, 254, 74, P2
2026/08/23 13:33:47.896, 346.65, 342.14, 1635, 9501, 97, 89, 18576, 254, 75, P2
2026/08/23 13:33:48.413, 345.13, 334.75, 1605, 9501, 97, 89, 18576, 254, 74, P2
2026/08/23 13:33:48.925, 345.85, 346.12, 1635, 9501, 97, 89, 18576, 254, 75, P2
2026/08/23 13:33:49.439, 345.69, 340.25, 1620, 9501, 97, 89, 18576, 254, 75, P2
2026/08/23 13:33:49.946, 346.62, 347.42, 1620, 9501, 98, 89, 18576, 254, 75, P2
2026/08/23 13:33:50.460, 345.29, 338.49, 1635, 9501, 97, 89, 18576, 254, 75, P2
2026/08/23 13:33:50.975, 346.27, 348.10, 1635, 9501, 98, 90, 18576, 254, 75, P2
2026/08/23 13:33:51.487, 345.52, 341.00, 1635, 9501, 97, 88, 18576, 254, 75, P2
2026/08/23 13:33:52.004, 346.56, 348.95, 1650, 9501, 97, 89, 18576, 254, 76, P2
2026/08/23 13:33:52.514, 345.76, 336.46, 1620, 9501, 97, 89, 18576, 254, 75, P2
2026/08/23 13:33:53.028, 346.23, 343.64, 1635, 9501, 97, 89, 18576, 254, 76, P2
2026/08/23 13:33:53.543, 345.71, 334.51, 1620, 9501, 97, 89, 18576, 254, 76, P2
2026/08/23 13:33:54.054, 346.90, 354.11, 1635, 9501, 97, 91, 18576, 254, 76, P2
2026/08/23 13:33:54.571, 346.04, 337.54, 1605, 9501, 97, 89, 18576, 254, 76, P2
2026/08/23 13:33:55.084, 346.38, 349.82, 1635, 9501, 97, 90, 18576, 254, 76, P2
2026/08/23 13:33:55.596, 345.64, 337.27, 1605, 9501, 97, 90, 18576, 254, 76, P2
2026/08/23 13:33:56.111, 346.89, 348.19, 1620, 9501, 97, 90, 18576, 254, 77, P2
2026/08/23 13:33:56.625, 346.03, 335.67, 1605, 9501, 97, 88, 18576, 254, 76, P2
2026/08/23 13:33:57.140, 335.43, 227.12, 1920, 9501, 36, 33, 18576, 254, 73, P2
2026/08/23 13:33:57.654, 249.30, 159.04, 1935, 9501, 2, 0, 18576, 254, 71, P2
2026/08/23 13:33:58.167, 164.94, 157.72, 1935, 9501, 1, 0, 18576, 254, 70, P2
2026/08/23 13:33:58.678, 157.75, 157.35, 1935, 9501, 1, 0, 18576, 254, 70, P2
2026/08/23 13:33:59.190, 145.89, 114.55, 465, 9501, 4, 0, 18576, 254, 68, P2
2026/08/23 13:33:59.698, 115.49, 50.85, 360, 810, 3, 2, 18576, 254, 65, P5
2026/08/23 13:34:00.212, 74.23, 49.76, 300, 810, 5, 2, 18576, 254, 64, P5
2026/08/23 13:34:00.725, 46.13, 40.81, 240, 810, 5, 3, 18576, 254, 64, P5
2026/08/23 13:34:01.234, 41.17, 41.75, 210, 810, 7, 2, 18576, 254, 63, P5
2026/08/23 13:34:01.749, 38.78, 36.99, 210, 405, 8, 5, 18576, 254, 63, P8
2026/08/23 13:34:02.261, 37.54, 41.30, 210, 405, 34, 18, 18576, 254, 63, P8
2026/08/23 13:34:02.775, 96.58, 356.07, 1695, 9501, 100, 27, 18576, 254, 73, P2
2026/08/23 13:34:03.288, 240.23, 352.50, 1680, 9501, 100, 26, 18576, 254, 76, P2
2026/08/23 13:34:03.800, 345.26, 326.11, 1635, 9501, 89, 31, 18576, 254, 76, P2
2026/08/23 13:34:04.314, 344.06, 350.54, 1635, 9501, 97, 91, 18576, 254, 76, P2
2026/08/23 13:34:04.829, 345.32, 334.50, 1605, 9501, 98, 91, 18576, 254, 75, P2
2026/08/23 13:34:05.340, 346.24, 351.66, 1635, 9501, 97, 90, 18576, 254, 76, P2
2026/08/23 13:34:05.854, 346.00, 341.53, 1635, 9501, 97, 90, 18576, 254, 75, P2
2026/08/23 13:34:06.366, 346.38, 336.87, 1575, 9501, 98, 90, 18576, 254, 76, P2
2026/08/23 13:34:06.878, 346.96, 345.29, 1620, 9501, 97, 90, 18576, 254, 76, P2
2026/08/23 13:34:07.391, 346.29, 341.73, 1590, 9501, 97, 90, 18576, 254, 76, P2
2026/08/23 13:34:07.908, 345.69, 350.69, 1635, 9501, 97, 90, 18576, 254, 77, P2
2026/08/23 13:34:08.423, 346.29, 344.86, 1590, 9501, 97, 90, 18576, 254, 76, P2
2026/08/23 13:34:08.937, 347.06, 348.61, 1620, 9501, 97, 91, 18576, 254, 77, P2
2026/08/23 13:34:09.452, 346.12, 351.25, 1605, 9501, 97, 91, 18576, 254, 77, P2
2026/08/23 13:34:09.967, 346.60, 343.07, 1620, 9501, 97, 89, 18576, 254, 77, P2
2026/08/23 13:34:10.482, 346.68, 346.97, 1620, 9501, 97, 89, 18576, 254, 77, P2
2026/08/23 13:34:10.997, 346.25, 342.14, 1605, 9501, 97, 90, 18576, 254, 77, P2
2026/08/23 13:34:11.512, 346.88, 351.22, 1620, 9501, 97, 90, 18576, 254, 77, P2
2026/08/23 13:34:12.023, 346.65, 344.81, 1605, 9501, 97, 90, 18576, 254, 77, P2
2026/08/23 13:34:12.534, 347.03, 349.04, 1635, 9501, 97, 90, 18576, 254, 78, P2
2026/08/23 13:34:13.044, 345.93, 336.99, 1605, 9501, 97, 89, 18576, 254, 77, P2
2026/08/23 13:34:13.560, 346.36, 347.06, 1635, 9501, 97, 89, 18576, 254, 78, P2
2026/08/23 13:34:14.077, 346.37, 340.38, 1605, 9501, 97, 89, 18576, 254, 77, P2
2026/08/23 13:34:14.586, 346.55, 346.87, 1620, 9501, 97, 89, 18576, 254, 78, P2
2026/08/23 13:34:15.091, 346.40, 338.93, 1605, 9501, 97, 89, 18576, 254, 78, P2
2026/08/23 13:34:15.604, 347.57, 349.92, 1605, 9501, 97, 90, 18576, 254, 78, P2
2026/08/23 13:34:16.117, 346.38, 339.75, 1590, 9501, 98, 90, 18576, 254, 78, P2
2026/08/23 13:34:16.622, 346.34, 349.98, 1620, 9501, 97, 91, 18576, 254, 78, P2
2026/08/23 13:34:17.135, 346.95, 338.43, 1590, 9501, 97, 89, 18576, 254, 78, P2
2026/08/23 13:34:17.646, 347.32, 344.01, 1620, 9501, 97, 89, 18576, 254, 78, P2
2026/08/23 13:34:18.160, 346.51, 342.19, 1590, 9501, 97, 90, 18576, 254, 78, P2
2026/08/23 13:34:18.676, 347.44, 347.22, 1605, 9501, 97, 91, 18576, 254, 78, P2
2026/08/23 13:34:19.189, 346.90, 349.98, 1590, 9501, 97, 91, 18576, 254, 79, P2
2026/08/23 13:34:19.705, 347.95, 351.58, 1605, 9501, 98, 91, 18576, 254, 78, P2
2026/08/23 13:34:20.217, 347.36, 351.31, 1620, 9501, 97, 90, 18576, 254, 79, P2
2026/08/23 13:34:20.730, 347.57, 349.25, 1590, 9501, 97, 91, 18576, 254, 79, P2
2026/08/23 13:34:21.241, 347.46, 349.55, 1620, 9501, 97, 90, 18576, 254, 79, P2
2026/08/23 13:34:21.749, 335.61, 216.44, 1920, 9501, 31, 29, 18576, 254, 75, P2
2026/08/23 13:34:22.258, 251.68, 163.80, 1935, 9501, 2, 0, 18576, 254, 73, P2
2026/08/23 13:34:22.768, 167.87, 163.01, 1935, 9501, 1, 0, 18576, 254, 72, P2
2026/08/23 13:34:23.276, 163.27, 162.71, 1935, 9501, 1, 0, 18576, 254, 72, P2
2026/08/23 13:34:23.788, 154.87, 116.12, 435, 9501, 0, 0, 18576, 254, 70, P2
2026/08/23 13:34:24.296, 128.54, 60.75, 360, 810, 2, 2, 18576, 254, 68, P5
2026/08/23 13:34:24.806, 82.37, 52.36, 285, 810, 3, 2, 18576, 254, 66, P5
2026/08/23 13:34:25.318, 49.79, 43.09, 240, 810, 5, 2, 18576, 254, 66, P5
2026/08/23 13:34:25.828, 42.42, 38.29, 210, 405, 11, 5, 18576, 254, 65, P8
2026/08/23 13:34:26.339, 39.34, 38.18, 210, 405, 13, 7, 18576, 254, 65, P8
2026/08/23 13:34:26.847, 37.96, 46.47, 210, 405, 43, 24, 18576, 254, 65, P8
2026/08/23 13:34:27.361, 120.70, 357.39, 1695, 9501, 100, 27, 18576, 254, 76, P2
2026/08/23 13:34:27.876, 343.72, 349.49, 1650, 9501, 89, 67, 18576, 254, 77, P2
2026/08/23 13:34:28.387, 343.31, 347.19, 1620, 9501, 98, 91, 18576, 254, 77, P2
2026/08/23 13:34:28.890, 348.81, 341.28, 1620, 9501, 98, 89, 18583, 254, 77, P2
2026/08/23 13:34:29.402, 347.39, 349.47, 1605, 9501, 97, 90, 18583, 254, 77, P2
2026/08/23 13:34:29.916, 345.62, 329.53, 1650, 9501, 92, 82, 18580, 254, 77, P2
2026/08/23 13:34:30.430, 347.49, 354.22, 1620, 9501, 96, 88, 18573, 254, 78, P2
2026/08/23 13:34:30.941, 345.57, 339.64, 1635, 9501, 97, 88, 18573, 254, 77, P2
2026/08/23 13:34:31.444, 347.54, 350.46, 1605, 9501, 97, 91, 18573, 254, 78, P2
2026/08/23 13:34:31.960, 346.89, 337.99, 1605, 9501, 97, 90, 18573, 254, 77, P2
2026/08/23 13:34:32.473, 347.02, 353.21, 1635, 9501, 97, 91, 18573, 254, 78, P2
2026/08/23 13:34:32.985, 346.51, 336.62, 1605, 9501, 97, 89, 18573, 254, 78, P2
2026/08/23 13:34:33.498, 346.88, 352.38, 1635, 9501, 97, 90, 18573, 254, 78, P2
2026/08/23 13:34:34.000, 346.73, 337.39, 1590, 9501, 97, 89, 18573, 254, 78, P2
2026/08/23 13:34:34.510, 347.28, 347.67, 1635, 9501, 97, 89, 18573, 254, 78, P2
2026/08/23 13:34:35.013, 346.09, 339.55, 1590, 9501, 97, 89, 18573, 254, 78, P2
2026/08/23 13:34:35.517, 347.41, 350.33, 1620, 9501, 97, 90, 18573, 254, 78, P2
2026/08/23 13:34:36.033, 346.68, 346.85, 1605, 9501, 97, 90, 18573, 254, 78, P2
2026/08/23 13:34:36.549, 347.46, 350.12, 1620, 9501, 97, 90, 18573, 254, 78, P2
2026/08/23 13:34:37.063, 347.49, 344.88, 1575, 9501, 97, 90, 18573, 254, 78, P2
2026/08/23 13:34:37.576, 346.90, 349.08, 1620, 9501, 97, 89, 18573, 254, 79, P2
2026/08/23 13:34:38.091, 346.19, 344.28, 1605, 9501, 97, 88, 18573, 254, 79, P2
2026/08/23 13:34:38.604, 347.72, 347.85, 1620, 9501, 98, 89, 18573, 254, 79, P2
2026/08/23 13:34:39.115, 348.04, 351.02, 1605, 9501, 98, 91, 18573, 254, 79, P2
2026/08/23 13:34:39.630, 347.68, 347.52, 1590, 9501, 98, 90, 18573, 254, 79, P2
2026/08/23 13:34:40.145, 347.86, 349.70, 1605, 9501, 97, 90, 18573, 254, 79, P2
2026/08/23 13:34:40.657, 348.24, 350.45, 1590, 9501, 97, 90, 18573, 254, 79, P2
2026/08/23 13:34:41.173, 348.13, 348.04, 1620, 9501, 97, 90, 18573, 254, 79, P2
2026/08/23 13:34:41.688, 348.57, 348.40, 1620, 9501, 97, 89, 18573, 254, 79, P2
2026/08/23 13:34:42.200, 348.34, 347.48, 1605, 9501, 97, 90, 18573, 254, 79, P2
2026/08/23 13:34:42.715, 348.20, 343.53, 1605, 9501, 97, 90, 18573, 254, 79, P2
2026/08/23 13:34:43.229, 348.63, 350.79, 1590, 9501, 97, 89, 18573, 254, 79, P2
2026/08/23 13:34:43.732, 348.61, 347.82, 1560, 9501, 97, 90, 18573, 254, 79, P2
2026/08/23 13:34:44.247, 348.89, 349.22, 1590, 9501, 97, 89, 18573, 254, 79, P2
2026/08/23 13:34:44.761, 348.59, 347.92, 1605, 9501, 97, 90, 18573, 254, 79, P2
2026/08/23 13:34:45.276, 348.54, 348.59, 1590, 9501, 97, 90, 18573, 254, 79, P2
2026/08/23 13:34:45.789, 348.82, 348.14, 1590, 9501, 98, 91, 18573, 254, 79, P2
2026/08/23 13:34:46.299, 346.86, 322.91, 1875, 9501, 83, 76, 18573, 254, 77, P2
2026/08/23 13:34:46.809, 255.54, 145.02, 1800, 9501, 2, 0, 18573, 254, 72, P2
2026/08/23 13:34:47.320, 162.13, 144.40, 1800, 9501, 2, 0, 18573, 254, 71, P2
2026/08/23 13:34:47.832, 144.33, 143.62, 1800, 9501, 0, 0, 18573, 254, 71, P2
2026/08/23 13:34:48.344, 142.05, 122.51, 435, 9501, 6, 0, 1719, 254, 70, P2
2026/08/23 13:34:48.848, 131.50, 121.28, 345, 810, 3, 0, 1719, 254, 68, P5
2026/08/23 13:34:49.363, 91.91, 54.79, 300, 810, 7, 3, 1719, 254, 66, P5
2026/08/23 13:34:49.874, 49.38, 38.10, 210, 405, 10, 5, 1719, 254, 65, P8
2026/08/23 13:34:50.388, 41.96, 39.49, 210, 405, 11, 6, 1719, 254, 64, P8
2026/08/23 13:34:50.900, 38.51, 38.03, 210, 405, 12, 6, 1719, 254, 64, P8
2026/08/23 13:34:51.413, 37.84, 38.11, 210, 405, 10, 5, 1719, 254, 64, P8
2026/08/23 13:34:51.925, 37.07, 35.75, 210, 405, 6, 4, 1719, 254, 63, P8
2026/08/23 13:34:52.438, 37.43, 36.13, 210, 405, 8, 5, 1719, 254, 63, P8
2026/08/23 13:34:52.949, 36.28, 33.90, 210, 405, 5, 3, 1719, 254, 63, P8
2026/08/23 13:34:53.463, 35.35, 35.25, 210, 405, 5, 4, 1719, 254, 62, P8
2026/08/23 13:34:53.975, 34.91, 34.33, 210, 405, 8, 5, 1719, 254, 62, P8
2026/08/23 13:34:54.490, 35.32, 36.14, 210, 405, 7, 8, 1719, 254, 62, P8
2026/08/23 13:34:55.002, 35.89, 36.25, 210, 405, 10, 5, 1719, 254, 62, P8
2026/08/23 13:34:55.516, 35.46, 34.88, 210, 405, 7, 4, 1719, 254, 61, P8
2026/08/23 13:34:56.027, 34.76, 33.55, 210, 405, 5, 6, 1719, 254, 61, P8
2026/08/23 13:34:56.540, 34.38, 34.77, 210, 405, 6, 4, 1719, 254, 61, P8
2026/08/23 13:34:57.054, 33.85, 33.83, 210, 405, 6, 4, 1719, 254, 61, P8
2026/08/23 13:34:57.570, 33.27, 33.94, 210, 405, 6, 4, 1719, 254, 61, P8
2026/08/23 13:34:58.085, 33.16, 34.50, 210, 405, 6, 4, 1719, 254, 61, P8
2026/08/23 13:34:58.599, 34.23, 35.47, 210, 405, 15, 7, 1719, 254, 60, P8
2026/08/23 13:34:59.113, 34.80, 33.65, 210, 405, 7, 4, 1719, 254, 60, P8
2026/08/23 13:34:59.626, 33.79, 31.61, 210, 405, 3, 3, 1719, 254, 60, P8
2026/08/23 13:35:00.137, 33.21, 32.62, 210, 405, 8, 5, 1719, 254, 60, P8
2026/08/23 13:35:00.647, 33.46, 32.36, 210, 405, 3, 3, 1719, 254, 60, P8
2026/08/23 13:35:01.160, 34.03, 34.94, 210, 405, 10, 5, 1719, 254, 60, P8
2026/08/23 13:35:01.675, 34.04, 34.30, 210, 405, 10, 5, 1719, 254, 60, P8
2026/08/23 13:35:02.184, 34.51, 33.92, 210, 405, 10, 5, 1719, 254, 59, P8
2026/08/23 13:35:02.696, 34.37, 31.32, 210, 405, 2, 3, 1719, 254, 59, P8
2026/08/23 13:35:03.211, 34.42, 36.01, 210, 405, 14, 7, 1719, 254, 59, P8
2026/08/23 13:35:03.723, 34.83, 33.42, 210, 405, 7, 5, 1719, 254, 59, P8
2026/08/23 13:35:04.234, 35.00, 34.67, 210, 405, 11, 5, 1719, 254, 59, P8
2026/08/23 13:35:04.747, 33.88, 31.04, 210, 405, 2, 3, 1719, 254, 59, P8
2026/08/23 13:35:05.260, 33.24, 32.53, 210, 405, 5, 10, 1719, 254, 59, P8
2026/08/23 13:35:05.775, 33.43, 34.10, 210, 405, 9, 5, 1719, 254, 59, P8
2026/08/23 13:35:06.287, 34.07, 33.29, 210, 405, 7, 5, 1719, 254, 58, P8
2026/08/23 13:35:06.800, 34.31, 35.67, 210, 405, 8, 7, 1719, 254, 58, P8
2026/08/23 13:35:07.314, 34.22, 34.04, 210, 405, 10, 6, 1719, 254, 58, P8
2026/08/23 13:35:07.827, 33.78, 34.26, 210, 405, 6, 6, 1719, 254, 58, P8
2026/08/23 13:35:08.338, 33.16, 33.36, 210, 405, 6, 5, 1719, 254, 58, P8
2026/08/23 13:35:08.847, 32.96, 32.37, 210, 405, 5, 5, 1719, 254, 58, P8
2026/08/23 13:35:09.361, 32.93, 33.58, 210, 405, 8, 6, 1945, 254, 58, P8
2026/08/23 13:35:09.873, 83.67, 124.33, 1725, 9501, 1, 0, 1945, 254, 61, P2
2026/08/23 13:35:10.385, 124.34, 124.72, 1725, 9501, 1, 0, 1945, 254, 62, P2
2026/08/23 13:35:10.896, 124.67, 125.12, 1725, 9501, 1, 0, 1945, 254, 62, P2
2026/08/23 13:35:11.408, 124.96, 124.96, 1725, 9501, 1, 0, 1945, 254, 62, P2
2026/08/23 13:35:11.922, 125.03, 125.04, 1725, 9501, 2, 0, 1945, 254, 62, P2
2026/08/23 13:35:12.437, 124.92, 125.03, 1725, 9501, 2, 0, 1945, 254, 62, P2
2026/08/23 13:35:12.948, 124.90, 125.14, 1725, 9501, 2, 0, 1945, 254, 62, P2
2026/08/23 13:35:13.453, 125.00, 124.88, 1725, 9501, 1, 0, 1945, 254, 62, P2
2026/08/23 13:35:13.966, 124.96, 125.03, 1725, 9501, 2, 0, 1945, 254, 62, P2
2026/08/23 13:35:14.482, 124.79, 124.67, 1725, 9501, 0, 0, 1945, 254, 62, P2
2026/08/23 13:35:14.993, 124.85, 125.14, 1725, 9501, 2, 0, 1945, 254, 62, P2
2026/08/23 13:35:15.501, 124.86, 124.83, 1725, 9501, 0, 0, 1945, 254, 62, P2
2026/08/23 13:35:16.015, 124.95, 125.04, 1725, 9501, 1, 0, 1945, 254, 62, P2
2026/08/23 13:35:16.530, 107.99, 50.30, 435, 810, 87, 33, 10073, 254, 59, P5
2026/08/23 13:35:17.045, 97.45, 155.81, 1965, 9501, 59, 4, 17483, 254, 62, P2
2026/08/23 13:35:17.653, 120.00, 152.28, 1965, 9501, 18, 1, 17483, 254, 63, P2
2026/08/23 13:35:18.168, 152.80, 153.15, 1965, 9501, 18, 1, 17483, 254, 63, P2
2026/08/23 13:35:18.682, 152.83, 153.27, 1965, 9501, 19, 1, 17483, 254, 63, P2
2026/08/23 13:35:19.198, 136.36, 87.52, 1155, 5001, 21, 1, 17483, 254, 61, P3
2026/08/23 13:35:19.713, 106.32, 86.57, 1005, 810, 20, 1, 17483, 254, 60, P5
2026/08/23 13:35:20.222, 79.98, 86.13, 1365, 5001, 19, 1, 17483, 254, 60, P3
2026/08/23 13:35:20.733, 79.75, 86.66, 1365, 5001, 20, 2, 17483, 254, 60, P3
2026/08/23 13:35:21.244, 86.36, 86.07, 1365, 5001, 19, 1, 18995, 254, 60, P3
2026/08/23 13:35:21.757, 91.61, 139.46, 1890, 9501, 68, 55, 19013, 254, 62, P2
2026/08/23 13:35:22.270, 125.39, 150.34, 1965, 9501, 1, 0, 19013, 254, 63, P2
2026/08/23 13:35:22.779, 154.34, 151.16, 1965, 9501, 2, 0, 19013, 254, 63, P2
2026/08/23 13:35:23.290, 150.96, 151.23, 1965, 9501, 2, 0, 19013, 254, 63, P2
2026/08/23 13:35:23.803, 139.80, 85.09, 495, 5001, 5, 0, 19013, 254, 61, P3
2026/08/23 13:35:24.309, 106.58, 51.74, 420, 810, 3, 2, 19013, 254, 59, P5
2026/08/23 13:35:24.824, 61.13, 38.76, 330, 810, 6, 3, 19013, 254, 58, P5
2026/08/23 13:35:25.331, 39.85, 38.78, 285, 810, 7, 2, 19025, 254, 58, P5
2026/08/23 13:35:25.842, 38.41, 41.90, 225, 810, 18, 7, 19031, 254, 58, P5
2026/08/23 13:35:26.356, 63.06, 259.89, 1725, 9501, 99, 24, 19033, 254, 64, P2
2026/08/23 13:35:26.867, 334.33, 353.03, 1770, 9501, 100, 25, 19033, 254, 72, P2
2026/08/23 13:35:27.378, 341.70, 346.01, 1725, 9501, 84, 69, 19033, 254, 72, P2
2026/08/23 13:35:27.893, 345.63, 351.37, 1710, 9501, 97, 88, 19033, 254, 72, P2
2026/08/23 13:35:28.403, 346.68, 347.02, 1740, 9501, 97, 90, 19033, 254, 72, P2
2026/08/23 13:35:28.913, 346.28, 352.99, 1740, 9501, 97, 90, 19033, 254, 72, P2
2026/08/23 13:35:29.426, 347.04, 344.88, 1740, 9501, 96, 89, 19033, 254, 71, P2
2026/08/23 13:35:29.936, 346.18, 351.36, 1710, 9501, 97, 90, 19033, 254, 73, P2
2026/08/23 13:35:30.448, 345.85, 336.98, 1710, 9501, 97, 90, 19033, 254, 72, P2
2026/08/23 13:35:30.960, 346.38, 354.70, 1710, 9501, 97, 90, 19033, 254, 73, P2
2026/08/23 13:35:31.470, 345.47, 343.24, 1725, 9501, 94, 85, 19054, 254, 73, P2
2026/08/23 13:35:31.977, 346.99, 351.31, 1725, 9501, 97, 90, 19054, 254, 73, P2
2026/08/23 13:35:32.493, 345.65, 337.56, 1680, 9501, 95, 88, 19054, 254, 73, P2
2026/08/23 13:35:33.005, 347.21, 361.24, 1710, 9501, 96, 90, 19054, 254, 74, P2
2026/08/23 13:35:33.516, 345.67, 340.55, 1710, 9501, 95, 88, 19054, 254, 74, P2
2026/08/23 13:35:34.034, 346.20, 350.76, 1710, 9501, 96, 89, 19054, 254, 74, P2
2026/08/23 13:35:34.547, 346.39, 353.22, 1710, 9501, 96, 89, 19054, 254, 74, P2
2026/08/23 13:35:35.059, 347.07, 355.31, 1710, 9501, 96, 90, 19054, 254, 74, P2
2026/08/23 13:35:35.571, 347.17, 350.66, 1710, 9501, 95, 89, 19054, 254, 74, P2
2026/08/23 13:35:36.082, 347.98, 350.39, 1695, 9501, 96, 88, 19054, 254, 75, P2
2026/08/23 13:35:36.595, 345.32, 341.32, 1695, 9501, 87, 79, 19054, 254, 75, P2
2026/08/23 13:35:37.107, 345.76, 350.55, 1710, 9501, 95, 88, 19054, 254, 75, P2
2026/08/23 13:35:37.618, 346.51, 350.66, 1695, 9501, 96, 89, 19054, 254, 75, P2
2026/08/23 13:35:38.130, 346.24, 340.89, 1695, 9501, 96, 86, 19054, 254, 75, P2
2026/08/23 13:35:38.647, 347.37, 340.91, 1695, 9501, 95, 88, 19054, 254, 75, P2
2026/08/23 13:35:39.157, 346.49, 347.39, 1710, 9501, 95, 87, 19054, 254, 75, P2
2026/08/23 13:35:39.672, 346.57, 351.04, 1710, 9501, 94, 88, 19054, 254, 76, P2
2026/08/23 13:35:40.183, 347.26, 348.00, 1695, 9501, 96, 87, 19054, 254, 76, P2
2026/08/23 13:35:40.698, 347.18, 341.29, 1710, 9501, 95, 87, 19054, 254, 76, P2
2026/08/23 13:35:41.212, 346.95, 351.35, 1710, 9501, 95, 88, 19054, 254, 76, P2
2026/08/23 13:35:41.723, 346.94, 348.99, 1695, 9501, 96, 89, 19054, 254, 76, P2
2026/08/23 13:35:42.235, 347.19, 349.98, 1725, 9501, 96, 88, 19054, 254, 76, P2
2026/08/23 13:35:42.748, 346.58, 341.17, 1680, 9501, 93, 87, 19054, 254, 76, P2
2026/08/23 13:35:43.262, 348.01, 348.61, 1695, 9501, 96, 87, 19054, 254, 76, P2
2026/08/23 13:35:43.772, 346.39, 354.29, 1710, 9501, 95, 88, 19054, 254, 77, P2
2026/08/23 13:35:44.286, 346.89, 346.84, 1695, 9501, 95, 88, 19054, 254, 77, P2
2026/08/23 13:35:44.798, 347.97, 355.03, 1680, 9501, 96, 90, 19054, 254, 77, P2
2026/08/23 13:35:45.310, 347.34, 343.72, 1680, 9501, 96, 88, 19054, 254, 77, P2
2026/08/23 13:35:45.824, 347.71, 346.34, 1710, 9501, 95, 88, 19054, 254, 77, P2
2026/08/23 13:35:46.338, 347.16, 348.35, 1680, 9501, 95, 87, 19054, 254, 77, P2
2026/08/23 13:35:46.848, 292.33, 158.35, 1920, 9501, 1, 0, 19054, 254, 71, P2
2026/08/23 13:35:47.359, 206.28, 158.54, 1935, 9501, 2, 0, 19054, 254, 70, P2
2026/08/23 13:35:47.874, 153.90, 119.49, 570, 9501, 2, 0, 19054, 254, 68, P2
2026/08/23 13:35:48.461, 134.11, 113.72, 435, 5001, 3, 0, 19054, 254, 67, P3
2026/08/23 13:35:48.978, 102.68, 87.12, 375, 5001, 3, 0, 19054, 254, 66, P3
2026/08/23 13:35:49.494, 76.73, 49.60, 285, 810, 4, 2, 19054, 254, 64, P5
2026/08/23 13:35:50.004, 49.64, 40.63, 240, 810, 6, 2, 19054, 254, 63, P5
2026/08/23 13:35:50.516, 40.27, 38.83, 210, 810, 4, 2, 19054, 254, 63, P5
2026/08/23 13:35:51.028, 38.66, 33.65, 210, 405, 6, 11, 19054, 254, 63, P8
2026/08/23 13:35:51.539, 36.01, 33.67, 210, 405, 4, 32, 19054, 254, 62, P8
2026/08/23 13:35:52.056, 34.15, 33.05, 210, 405, 7, 4, 19054, 254, 62, P8
2026/08/23 13:35:52.567, 34.34, 33.11, 210, 405, 6, 33, 19054, 254, 62, P8
2026/08/23 13:35:53.075, 33.83, 32.62, 210, 405, 8, 16, 19054, 254, 62, P8
2026/08/23 13:35:53.595, 33.26, 33.14, 210, 405, 5, 26, 19054, 254, 61, P8
2026/08/23 13:35:54.108, 33.46, 36.90, 210, 405, 7, 4, 19054, 254, 61, P8
2026/08/23 13:35:54.619, 33.78, 33.37, 210, 405, 6, 6, 19054, 254, 61, P8
2026/08/23 13:35:55.129, 34.08, 33.62, 210, 405, 9, 18, 19054, 254, 61, P8
2026/08/23 13:35:55.641, 33.68, 32.44, 210, 405, 7, 13, 19054, 254, 61, P8
2026/08/23 13:35:56.152, 33.38, 33.99, 210, 405, 7, 4, 19054, 254, 60, P8
2026/08/23 13:35:56.666, 33.31, 32.65, 210, 405, 7, 18, 19054, 254, 60, P8
2026/08/23 13:35:57.180, 33.82, 34.03, 210, 405, 6, 14, 19054, 254, 60, P8
2026/08/23 13:35:57.690, 33.83, 33.15, 210, 405, 4, 15, 19054, 254, 60, P8
2026/08/23 13:35:58.204, 32.88, 32.87, 210, 405, 4, 14, 19054, 254, 60, P8
2026/08/23 13:35:58.715, 32.72, 34.70, 210, 405, 5, 23, 19054, 254, 60, P8
2026/08/23 13:35:59.228, 32.78, 33.50, 210, 405, 5, 4, 19054, 254, 60, P8
2026/08/23 13:35:59.738, 32.68, 34.77, 210, 405, 7, 5, 19054, 254, 59, P8
2026/08/23 13:36:00.251, 33.35, 37.43, 210, 405, 10, 5, 19054, 254, 59, P8
2026/08/23 13:36:00.764, 33.14, 31.85, 210, 405, 8, 5, 19054, 254, 59, P8
2026/08/23 13:36:01.277, 32.06, 33.61, 210, 405, 8, 5, 19054, 254, 59, P8
2026/08/23 13:36:01.789, 32.29, 32.70, 210, 405, 6, 8, 19054, 254, 59, P8
2026/08/23 13:36:02.299, 32.80, 33.04, 210, 405, 6, 15, 19054, 254, 59, P8
2026/08/23 13:36:02.810, 32.94, 31.09, 210, 405, 4, 16, 19054, 254, 59, P8
2026/08/23 13:36:03.321, 32.54, 33.13, 210, 405, 7, 8, 19054, 254, 58, P8
2026/08/23 13:36:03.844, 32.38, 34.19, 210, 405, 7, 5, 19054, 254, 58, P8
2026/08/23 13:36:04.353, 33.01, 33.84, 210, 405, 6, 5, 19054, 254, 58, P8
2026/08/23 13:36:04.865, 32.97, 32.48, 210, 405, 6, 9, 19054, 254, 58, P8
2026/08/23 13:36:05.376, 32.05, 30.08, 210, 405, 6, 23, 19054, 254, 58, P8
2026/08/23 13:36:05.889, 32.06, 31.83, 210, 405, 6, 13, 19054, 254, 58, P8
2026/08/23 13:36:06.400, 55.50, 246.85, 1725, 9501, 100, 25, 19054, 254, 60, P2
2026/08/23 13:36:06.914, 194.48, 351.37, 1770, 9501, 100, 24, 19054, 254, 71, P2
2026/08/23 13:36:07.427, 327.99, 354.06, 1770, 9501, 100, 25, 19054, 254, 72, P2
2026/08/23 13:36:07.939, 336.56, 344.66, 1860, 9501, 83, 67, 19054, 254, 72, P2
2026/08/23 13:36:08.452, 345.01, 350.63, 1725, 9501, 94, 88, 19054, 254, 72, P2
2026/08/23 13:36:08.963, 346.70, 343.80, 1725, 9501, 97, 90, 19054, 254, 72, P2
2026/08/23 13:36:09.477, 346.40, 353.01, 1740, 9501, 97, 90, 19054, 254, 73, P2
2026/08/23 13:36:09.989, 346.19, 338.21, 1710, 9501, 96, 88, 19054, 254, 72, P2
2026/08/23 13:36:10.498, 344.56, 356.58, 1740, 9501, 96, 89, 19054, 254, 73, P2
2026/08/23 13:36:11.011, 344.58, 339.08, 1680, 9501, 96, 89, 19054, 254, 73, P2
2026/08/23 13:36:11.525, 347.41, 348.24, 1695, 9501, 96, 89, 19054, 254, 74, P2
2026/08/23 13:36:12.038, 345.82, 343.48, 1695, 9501, 95, 88, 19054, 254, 74, P2
2026/08/23 13:36:12.552, 345.33, 342.64, 1710, 9501, 95, 89, 19054, 254, 74, P2
2026/08/23 13:36:13.064, 346.26, 351.69, 1740, 9501, 96, 89, 19054, 254, 74, P2
2026/08/23 13:36:13.575, 346.87, 345.95, 1710, 9501, 96, 89, 19054, 254, 74, P2
2026/08/23 13:36:14.086, 346.43, 351.57, 1710, 9501, 95, 88, 19054, 254, 74, P2
2026/08/23 13:36:14.599, 346.66, 360.81, 1740, 9501, 95, 89, 19054, 254, 75, P2
2026/08/23 13:36:15.111, 347.42, 350.78, 1725, 9501, 97, 89, 19054, 254, 74, P2
2026/08/23 13:36:15.620, 347.26, 348.79, 1710, 9501, 97, 89, 19054, 254, 75, P2
2026/08/23 13:36:16.133, 346.46, 348.95, 1680, 9501, 96, 89, 19054, 254, 75, P2
2026/08/23 13:36:16.647, 345.96, 345.01, 1680, 9501, 95, 88, 19054, 254, 75, P2
2026/08/23 13:36:17.162, 344.88, 347.38, 1710, 9501, 95, 86, 19054, 254, 75, P2
2026/08/23 13:36:17.673, 346.90, 352.94, 1695, 9501, 96, 89, 19054, 254, 75, P2
2026/08/23 13:36:18.187, 346.75, 341.62, 1695, 9501, 96, 88, 19054, 254, 75, P2
2026/08/23 13:36:18.700, 346.31, 345.98, 1710, 9501, 95, 87, 19054, 254, 75, P2
2026/08/23 13:36:19.276, 346.35, 347.93, 1710, 9501, 96, 89, 19054, 254, 75, P2
2026/08/23 13:36:19.785, 346.93, 348.72, 1695, 9501, 96, 88, 19054, 254, 76, P2
2026/08/23 13:36:20.298, 346.38, 336.75, 1695, 9501, 96, 87, 19054, 254, 76, P2
2026/08/23 13:36:20.813, 345.86, 346.82, 1710, 9501, 96, 89, 19054, 254, 76, P2
2026/08/23 13:36:21.328, 346.16, 346.54, 1710, 9501, 96, 87, 19054, 254, 76, P2
2026/08/23 13:36:21.842, 346.73, 345.57, 1680, 9501, 96, 89, 19054, 254, 76, P2
2026/08/23 13:36:22.357, 346.80, 347.07, 1710, 9501, 96, 88, 19054, 254, 76, P2
2026/08/23 13:36:22.869, 346.77, 346.99, 1695, 9501, 96, 90, 19054, 254, 76, P2
2026/08/23 13:36:23.383, 347.00, 350.51, 1710, 9501, 96, 89, 19054, 254, 77, P2
2026/08/23 13:36:23.895, 346.46, 352.82, 1710, 9501, 96, 88, 19054, 254, 77, P2
2026/08/23 13:36:24.405, 347.42, 351.15, 1695, 9501, 95, 88, 19054, 254, 77, P2
2026/08/23 13:36:24.917, 347.39, 341.68, 1695, 9501, 95, 88, 19054, 254, 77, P2
2026/08/23 13:36:25.426, 347.15, 348.94, 1695, 9501, 95, 89, 19054, 254, 77, P2
2026/08/23 13:36:25.939, 347.53, 347.87, 1695, 9501, 95, 88, 19054, 254, 77, P2
2026/08/23 13:36:26.455, 346.86, 342.04, 1680, 9501, 94, 87, 19054, 254, 77, P2
2026/08/23 13:36:26.968, 276.45, 159.97, 1935, 9501, 2, 0, 19054, 254, 72, P2
2026/08/23 13:36:27.483, 190.41, 156.57, 1935, 9501, 1, 0, 19054, 254, 70, P2
2026/08/23 13:36:28.005, 157.09, 157.03, 1935, 9501, 1, 0, 19054, 254, 70, P2
2026/08/23 13:36:28.517, 152.53, 118.48, 420, 9501, 1, 0, 19054, 254, 69, P2
2026/08/23 13:36:29.026, 124.05, 87.39, 360, 5001, 3, 0, 19054, 254, 67, P3
2026/08/23 13:36:29.538, 92.63, 85.54, 270, 5001, 3, 0, 19054, 254, 66, P3
2026/08/23 13:36:30.049, 85.81, 84.76, 240, 5001, 5, 0, 19054, 254, 66, P3
2026/08/23 13:36:30.560, 84.68, 84.42, 240, 5001, 3, 0, 19054, 254, 65, P3
2026/08/23 13:36:31.070, 84.43, 84.53, 240, 5001, 6, 0, 19054, 254, 65, P3
2026/08/23 13:36:31.582, 84.30, 84.40, 240, 5001, 4, 0, 19054, 254, 65, P3
2026/08/23 13:36:32.095, 89.07, 104.52, 240, 5001, 100, 10, 19054, 254, 66, P2
2026/08/23 13:36:32.605, 197.21, 344.17, 1755, 9501, 99, 22, 19054, 254, 76, P2
2026/08/23 13:36:33.118, 310.65, 301.10, 1740, 9501, 75, 17, 19054, 254, 75, P2
2026/08/23 13:36:33.630, 341.18, 301.43, 1740, 9501, 70, 29, 19054, 254, 76, P2
2026/08/23 13:36:34.139, 339.31, 347.06, 1725, 9501, 95, 87, 19044, 254, 77, P2
2026/08/23 13:36:34.652, 341.58, 332.87, 1680, 9501, 94, 87, 19044, 254, 76, P2
2026/08/23 13:36:35.164, 346.12, 345.16, 1680, 9501, 96, 88, 19044, 254, 77, P2
2026/08/23 13:36:35.676, 345.79, 344.92, 1710, 9501, 94, 88, 19044, 254, 77, P2
2026/08/23 13:36:36.192, 347.16, 344.53, 1710, 9501, 96, 87, 19044, 254, 77, P2
2026/08/23 13:36:36.705, 347.67, 350.23, 1695, 9501, 95, 88, 19044, 254, 77, P2
2026/08/23 13:36:37.217, 346.90, 351.30, 1710, 9501, 95, 87, 19044, 254, 77, P2
2026/08/23 13:36:37.733, 347.71, 350.59, 1680, 9501, 96, 90, 19044, 254, 77, P2
2026/08/23 13:36:38.247, 347.38, 348.73, 1710, 9501, 96, 88, 19044, 254, 77, P2
2026/08/23 13:36:38.763, 346.88, 348.52, 1695, 9501, 96, 90, 19044, 254, 77, P2
2026/08/23 13:36:39.276, 346.92, 346.19, 1695, 9501, 95, 87, 19044, 254, 77, P2
2026/08/23 13:36:39.781, 347.36, 345.49, 1680, 9501, 96, 88, 19044, 254, 78, P2
2026/08/23 13:36:40.294, 347.22, 348.99, 1695, 9501, 95, 87, 19044, 254, 78, P2
2026/08/23 13:36:40.806, 346.12, 341.97, 1710, 9501, 94, 88, 19044, 254, 78, P2
2026/08/23 13:36:41.320, 347.84, 347.06, 1695, 9501, 95, 88, 19044, 254, 78, P2
2026/08/23 13:36:41.833, 347.23, 345.01, 1710, 9501, 95, 88, 19044, 254, 78, P2
2026/08/23 13:36:42.350, 347.00, 349.13, 1680, 9501, 96, 88, 19044, 254, 78, P2
2026/08/23 13:36:42.859, 345.86, 335.66, 1740, 9501, 92, 83, 19044, 254, 78, P2
2026/08/23 13:36:43.373, 346.35, 337.22, 1665, 9501, 95, 88, 19044, 254, 78, P2
2026/08/23 13:36:43.887, 347.23, 347.32, 1665, 9501, 95, 87, 19044, 254, 78, P2
2026/08/23 13:36:44.397, 346.50, 341.58, 1665, 9501, 97, 89, 19044, 254, 78, P2
2026/08/23 13:36:44.907, 346.95, 346.92, 1710, 9501, 95, 87, 19044, 254, 79, P2
2026/08/23 13:36:45.421, 347.10, 342.99, 1695, 9501, 93, 85, 19044, 254, 79, P2
2026/08/23 13:36:45.935, 347.37, 350.34, 1695, 9501, 93, 86, 19044, 254, 79, P2
2026/08/23 13:36:46.447, 346.82, 347.93, 1695, 9501, 96, 88, 19044, 254, 79, P2
2026/08/23 13:36:46.958, 347.98, 343.23, 1695, 9501, 95, 88, 19044, 254, 79, P2
2026/08/23 13:36:47.474, 346.93, 349.19, 1695, 9501, 92, 86, 19044, 254, 79, P2
2026/08/23 13:36:47.988, 347.56, 342.97, 1695, 9501, 95, 87, 19044, 254, 79, P2
2026/08/23 13:36:48.501, 347.96, 348.48, 1695, 9501, 95, 88, 19044, 254, 79, P2
2026/08/23 13:36:49.015, 347.12, 344.71, 1680, 9501, 96, 88, 19044, 254, 79, P2
2026/08/23 13:36:49.526, 345.94, 351.32, 1695, 9501, 87, 80, 19044, 254, 79, P2
2026/08/23 13:36:50.039, 346.33, 342.35, 1710, 9501, 95, 86, 19044, 254, 79, P2
2026/08/23 13:36:50.549, 347.57, 345.09, 1695, 9501, 95, 88, 19044, 254, 79, P2
2026/08/23 13:36:51.062, 346.88, 346.92, 1725, 9501, 95, 85, 19044, 254, 80, P2
2026/08/23 13:36:51.578, 347.71, 345.27, 1680, 9501, 94, 88, 19044, 254, 79, P2
2026/08/23 13:36:52.090, 347.11, 345.90, 1710, 9501, 96, 88, 19044, 254, 80, P2
2026/08/23 13:36:52.603, 319.89, 163.62, 1920, 9501, 1, 0, 19044, 254, 76, P2
2026/08/23 13:36:53.126, 236.04, 163.43, 1920, 9501, 1, 0, 19044, 254, 73, P2
2026/08/23 13:36:53.637, 163.26, 162.52, 1920, 9501, 1, 0, 19044, 254, 73, P2
2026/08/23 13:36:54.152, 162.28, 162.04, 1920, 9501, 1, 0, 19044, 254, 73, P2
2026/08/23 13:36:54.660, 147.59, 93.52, 390, 5001, 2, 0, 19044, 254, 70, P3
2026/08/23 13:36:55.171, 114.75, 89.43, 300, 5001, 2, 0, 19044, 254, 69, P3
2026/08/23 13:36:55.682, 89.54, 87.09, 255, 5001, 3, 0, 19044, 254, 68, P3
2026/08/23 13:36:56.194, 87.36, 85.68, 240, 5001, 4, 0, 19044, 254, 68, P3
2026/08/23 13:36:56.707, 85.87, 85.93, 240, 5001, 7, 1, 19044, 254, 68, P3
2026/08/23 13:36:57.220, 85.66, 85.33, 240, 5001, 3, 0, 19044, 254, 67, P3
2026/08/23 13:36:57.729, 84.06, 69.80, 210, 810, 98, 37, 19044, 254, 67, P5
2026/08/23 13:36:58.242, 168.90, 346.59, 1755, 9501, 100, 25, 19044, 254, 77, P2
2026/08/23 13:36:58.754, 288.14, 345.91, 1740, 9501, 100, 23, 19044, 254, 79, P2
2026/08/23 13:36:59.265, 343.61, 349.25, 1740, 9501, 100, 24, 19044, 254, 79, P2
2026/08/23 13:36:59.779, 339.57, 348.30, 1680, 9501, 96, 90, 19044, 254, 79, P2
2026/08/23 13:37:00.292, 344.00, 342.99, 1680, 9501, 95, 87, 19044, 254, 78, P2
2026/08/23 13:37:00.803, 347.47, 348.11, 1680, 9501, 95, 89, 19044, 254, 78, P2
2026/08/23 13:37:01.312, 346.67, 343.50, 1695, 9501, 93, 84, 19044, 254, 79, P2
2026/08/23 13:37:01.825, 347.05, 352.87, 1695, 9501, 97, 89, 19044, 254, 79, P2
2026/08/23 13:37:02.342, 347.48, 343.58, 1695, 9501, 96, 87, 19044, 254, 79, P2
2026/08/23 13:37:02.856, 347.75, 348.17, 1695, 9501, 95, 89, 19044, 254, 79, P2
2026/08/23 13:37:03.368, 346.61, 346.52, 1710, 9501, 94, 86, 19044, 254, 79, P2
2026/08/23 13:37:03.880, 347.52, 347.37, 1695, 9501, 94, 87, 19044, 254, 79, P2
2026/08/23 13:37:04.393, 347.29, 343.67, 1710, 9501, 94, 87, 19044, 254, 79, P2
2026/08/23 13:37:04.908, 347.40, 350.81, 1680, 9501, 96, 88, 19044, 254, 79, P2
2026/08/23 13:37:05.421, 347.05, 341.88, 1680, 9501, 95, 88, 19044, 254, 79, P2
2026/08/23 13:37:05.933, 347.38, 351.88, 1695, 9501, 96, 88, 19044, 254, 80, P2
2026/08/23 13:37:06.445, 347.61, 343.19, 1665, 9501, 97, 89, 19044, 254, 79, P2
2026/08/23 13:37:06.958, 347.78, 344.04, 1695, 9501, 96, 88, 19044, 254, 80, P2
2026/08/23 13:37:07.476, 347.05, 342.17, 1680, 9501, 95, 87, 19044, 254, 80, P2
2026/08/23 13:37:07.985, 346.89, 342.51, 1695, 9501, 94, 87, 19044, 254, 80, P2
2026/08/23 13:37:08.500, 346.77, 346.46, 1680, 9501, 96, 88, 19044, 254, 80, P2
2026/08/23 13:37:09.014, 346.91, 347.10, 1665, 9501, 94, 87, 19044, 254, 80, P2
2026/08/23 13:37:09.529, 347.53, 349.27, 1665, 9501, 97, 89, 19044, 254, 80, P2
2026/08/23 13:37:10.036, 347.67, 343.38, 1665, 9501, 96, 88, 19044, 254, 80, P2
2026/08/23 13:37:10.549, 347.29, 348.93, 1695, 9501, 95, 88, 19044, 254, 80, P2
2026/08/23 13:37:11.057, 347.62, 344.30, 1680, 9501, 95, 87, 19044, 254, 80, P2
2026/08/23 13:37:11.568, 347.87, 346.36, 1680, 9501, 96, 89, 19044, 254, 80, P2
2026/08/23 13:37:12.081, 347.45, 349.13, 1680, 9501, 96, 88, 19044, 254, 80, P2
2026/08/23 13:37:12.594, 348.38, 350.50, 1665, 9501, 97, 89, 19044, 254, 80, P2
2026/08/23 13:37:13.107, 347.71, 348.80, 1695, 9501, 95, 88, 19044, 254, 80, P2
2026/08/23 13:37:13.624, 347.00, 335.90, 1695, 9501, 92, 83, 19044, 254, 80, P2
2026/08/23 13:37:14.137, 348.59, 352.76, 1680, 9501, 95, 88, 19044, 254, 80, P2
2026/08/23 13:37:14.649, 347.93, 346.14, 1665, 9501, 97, 88, 19044, 254, 80, P2
2026/08/23 13:37:15.162, 348.58, 348.49, 1680, 9501, 96, 88, 19044, 254, 81, P2
2026/08/23 13:37:15.676, 347.53, 348.99, 1680, 9501, 96, 89, 19044, 254, 81, P2
2026/08/23 13:37:16.189, 347.21, 338.35, 1665, 9501, 95, 86, 19044, 254, 80, P2
2026/08/23 13:37:16.702, 348.23, 356.73, 1695, 9501, 96, 89, 19044, 254, 81, P2
2026/08/23 13:37:17.214, 347.28, 338.47, 1665, 9501, 95, 87, 19044, 254, 80, P2
2026/08/23 13:37:17.726, 348.60, 343.95, 1710, 9501, 92, 86, 19044, 254, 80, P2
2026/08/23 13:37:18.238, 343.40, 305.87, 1815, 9501, 70, 65, 19044, 254, 80, P2
2026/08/23 13:37:18.749, 260.90, 165.37, 1920, 9501, 1, 0, 19044, 254, 75, P2
2026/08/23 13:37:19.263, 177.77, 164.36, 1920, 9501, 1, 0, 19044, 254, 74, P2
2026/08/23 13:37:19.777, 164.34, 163.36, 1920, 9501, 0, 0, 19044, 254, 73, P2
2026/08/23 13:37:20.291, 156.31, 120.58, 390, 9501, 1, 0, 1730, 254, 71, P2
2026/08/23 13:37:20.880, 100.19, 90.64, 255, 5001, 3, 0, 1730, 254, 69, P3
2026/08/23 13:37:21.392, 90.89, 89.26, 240, 5001, 2, 0, 1730, 254, 68, P3
2026/08/23 13:37:21.905, 89.36, 88.47, 210, 810, 4, 0, 1730, 254, 68, P5
2026/08/23 13:37:22.419, 67.37, 42.36, 210, 810, 4, 2, 1730, 254, 66, P5
2026/08/23 13:37:22.929, 48.13, 42.07, 210, 810, 5, 2, 1730, 254, 65, P5
2026/08/23 13:37:23.442, 41.86, 40.62, 210, 810, 3, 2, 1730, 254, 65, P5
2026/08/23 13:37:23.955, 40.33, 35.46, 210, 405, 5, 4, 1730, 254, 65, P8
2026/08/23 13:37:24.467, 37.23, 33.98, 210, 405, 4, 4, 1730, 254, 64, P8
2026/08/23 13:37:24.976, 34.81, 36.51, 210, 405, 4, 4, 1730, 254, 64, P8
2026/08/23 13:37:25.488, 34.50, 33.49, 210, 405, 3, 3, 1730, 254, 64, P8
2026/08/23 13:37:26.002, 34.15, 33.64, 210, 405, 5, 4, 1730, 254, 63, P8
2026/08/23 13:37:26.511, 33.94, 34.94, 210, 405, 4, 4, 1730, 254, 63, P8
2026/08/23 13:37:27.022, 34.31, 33.61, 210, 405, 4, 4, 1730, 254, 63, P8
2026/08/23 13:37:27.534, 33.88, 32.44, 210, 405, 2, 3, 1730, 254, 63, P8
2026/08/23 13:37:28.047, 32.95, 32.72, 210, 405, 5, 4, 1730, 254, 62, P8
2026/08/23 13:37:28.558, 33.20, 33.44, 210, 405, 1, 3, 1730, 254, 62, P8
2026/08/23 13:37:29.072, 34.36, 33.99, 210, 405, 5, 4, 1730, 254, 62, P8
2026/08/23 13:37:29.581, 34.53, 35.81, 210, 405, 3, 3, 1730, 254, 62, P8
2026/08/23 13:37:30.094, 33.96, 33.68, 210, 405, 4, 4, 1730, 254, 62, P8
2026/08/23 13:37:30.606, 34.03, 33.29, 210, 405, 3, 3, 1730, 254, 61, P8
2026/08/23 13:37:31.117, 33.63, 34.23, 210, 405, 3, 4, 1730, 254, 61, P8
2026/08/23 13:37:31.628, 34.18, 33.75, 210, 405, 7, 5, 1730, 254, 61, P8
2026/08/23 13:37:32.139, 34.51, 35.08, 210, 405, 18, 11, 1730, 254, 61, P8
2026/08/23 13:37:32.653, 34.45, 34.69, 210, 405, 8, 6, 1730, 254, 61, P8
2026/08/23 13:37:33.167, 34.13, 32.67, 210, 405, 5, 4, 1730, 254, 61, P8
2026/08/23 13:37:33.678, 33.04, 32.46, 210, 405, 3, 3, 1730, 254, 60, P8
2026/08/23 13:37:34.192, 32.95, 31.97, 210, 405, 4, 4, 1730, 254, 60, P8
2026/08/23 13:37:34.702, 32.95, 33.55, 210, 405, 3, 4, 1730, 254, 60, P8
2026/08/23 13:37:35.217, 33.01, 32.51, 210, 405, 3, 4, 1730, 254, 60, P8
2026/08/23 13:37:35.732, 32.99, 33.02, 210, 405, 5, 4, 1730, 254, 60, P8
2026/08/23 13:37:36.243, 33.14, 32.36, 210, 405, 4, 4, 1730, 254, 60, P8
2026/08/23 13:37:36.753, 33.42, 37.84, 210, 405, 27, 18, 1730, 254, 60, P8
2026/08/23 13:37:37.267, 33.25, 32.31, 210, 405, 3, 4, 1730, 254, 60, P8
2026/08/23 13:37:37.777, 33.44, 31.51, 210, 405, 3, 3, 1730, 254, 59, P8
2026/08/23 13:37:38.288, 32.60, 31.47, 210, 405, 3, 3, 1730, 254, 59, P8
2026/08/23 13:37:38.800, 32.09, 30.98, 210, 405, 3, 2, 1730, 254, 59, P8
2026/08/23 13:37:39.312, 32.16, 33.44, 210, 405, 5, 4, 1730, 254, 59, P8
2026/08/23 13:37:39.823, 32.22, 32.03, 210, 405, 4, 3, 1730, 254, 59, P8
2026/08/23 13:37:40.336, 32.69, 34.24, 210, 405, 8, 6, 1730, 254, 59, P8
2026/08/23 13:37:40.850, 32.69, 32.68, 210, 405, 6, 5, 1730, 254, 59, P8
2026/08/23 13:37:41.365, 33.46, 31.94, 210, 405, 3, 4, 1956, 254, 59, P8
2026/08/23 13:37:41.877, 77.34, 124.94, 1725, 9501, 1, 0, 1956, 254, 62, P2
2026/08/23 13:37:42.391, 119.28, 125.14, 1725, 9501, 0, 0, 1956, 254, 62, P2
2026/08/23 13:37:42.896, 125.21, 125.44, 1725, 9501, 1, 0, 1956, 254, 62, P2
2026/08/23 13:37:43.399, 125.35, 125.31, 1725, 9501, 0, 0, 1956, 254, 62, P2
2026/08/23 13:37:43.919, 125.47, 125.56, 1725, 9501, 1, 0, 1956, 254, 62, P2
2026/08/23 13:37:44.428, 125.44, 125.33, 1725, 9501, 0, 0, 1956, 254, 63, P2
2026/08/23 13:37:44.938, 125.49, 125.58, 1725, 9501, 1, 0, 1956, 254, 63, P2
2026/08/23 13:37:45.447, 125.54, 125.29, 1725, 9501, 0, 0, 1956, 254, 63, P2
2026/08/23 13:37:45.958, 125.57, 125.60, 1725, 9501, 1, 0, 1956, 254, 63, P2
2026/08/23 13:37:46.469, 125.58, 125.72, 1725, 9501, 1, 0, 1956, 254, 63, P2
2026/08/23 13:37:46.981, 125.61, 125.68, 1725, 9501, 1, 0, 1956, 254, 63, P2
2026/08/23 13:37:47.493, 125.82, 128.28, 1725, 9501, 32, 2, 10148, 254, 63, P2
2026/08/23 13:37:48.004, 138.58, 152.72, 1965, 9501, 7, 0, 14684, 254, 64, P2
2026/08/23 13:37:48.519, 151.18, 153.13, 1965, 9501, 8, 0, 14684, 254, 64, P2
2026/08/23 13:37:49.028, 153.30, 153.43, 1965, 9501, 8, 0, 14684, 254, 64, P2
2026/08/23 13:37:49.539, 153.39, 153.36, 1965, 9501, 8, 0, 14684, 254, 64, P2
2026/08/23 13:37:50.053, 116.54, 48.42, 675, 810, 27, 5, 14684, 254, 60, P5
2026/08/23 13:37:50.564, 60.06, 46.29, 645, 810, 29, 5, 14684, 254, 59, P5
2026/08/23 13:37:51.074, 46.58, 43.90, 585, 810, 23, 4, 14684, 254, 59, P5
2026/08/23 13:37:51.603, 44.90, 44.97, 555, 810, 29, 5, 14684, 254, 59, P5
2026/08/23 13:37:52.111, 44.32, 43.47, 510, 810, 23, 4, 14684, 254, 59, P5
2026/08/23 13:37:52.627, 44.13, 43.55, 480, 810, 25, 4, 14684, 254, 58, P5
2026/08/23 13:37:53.142, 43.92, 44.29, 435, 810, 29, 5, 14684, 254, 58, P5
2026/08/23 13:37:53.655, 43.66, 44.13, 555, 810, 30, 5, 14684, 254, 58, P5
2026/08/23 13:37:54.166, 43.89, 44.42, 555, 810, 31, 5, 14684, 254, 58, P5
2026/08/23 13:37:54.678, 44.37, 44.36, 555, 810, 30, 5, 14684, 254, 58, P5
2026/08/23 13:37:55.192, 44.34, 45.15, 555, 810, 34, 5, 14684, 254, 58, P5
2026/08/23 13:37:55.706, 44.11, 43.99, 450, 810, 30, 5, 16732, 254, 58, P5
2026/08/23 13:37:56.220, 44.87, 43.24, 1050, 810, 36, 12, 17086, 254, 58, P5
2026/08/23 13:37:56.733, 86.69, 150.57, 1965, 9501, 0, 0, 17086, 254, 62, P2
2026/08/23 13:37:57.242, 134.43, 150.93, 1965, 9501, 1, 0, 17086, 254, 63, P2
2026/08/23 13:37:57.754, 150.86, 150.60, 1965, 9501, 0, 0, 17086, 254, 63, P2
2026/08/23 13:37:58.266, 150.99, 151.19, 525, 5001, 1, 0, 17086, 254, 62, P3
2026/08/23 13:37:58.780, 121.60, 84.58, 450, 5001, 1, 0, 17086, 254, 60, P3
2026/08/23 13:37:59.296, 91.31, 83.45, 345, 5001, 2, 0, 17086, 254, 60, P3
2026/08/23 13:37:59.806, 70.88, 38.14, 285, 810, 3, 2, 17096, 254, 58, P5
2026/08/23 13:38:00.321, 57.00, 64.49, 1695, 9501, 89, 42, 17100, 254, 60, P2
2026/08/23 13:38:00.835, 180.70, 350.32, 1695, 9501, 99, 25, 17100, 254, 71, P2
2026/08/23 13:38:01.353, 314.87, 348.76, 1665, 9501, 100, 28, 17100, 254, 72, P2
2026/08/23 13:38:01.865, 338.28, 345.39, 1680, 9501, 97, 85, 17100, 254, 71, P2
2026/08/23 13:38:02.378, 340.32, 347.62, 1665, 9501, 97, 84, 17100, 254, 71, P2
2026/08/23 13:38:02.894, 345.92, 345.68, 1650, 9501, 96, 83, 17100, 254, 71, P2
2026/08/23 13:38:03.406, 342.18, 352.41, 1695, 9501, 96, 85, 17100, 254, 72, P2
2026/08/23 13:38:03.918, 341.90, 338.61, 1605, 9501, 95, 83, 17100, 254, 72, P2
2026/08/23 13:38:04.431, 344.80, 348.29, 1680, 9501, 96, 84, 17100, 254, 73, P2
2026/08/23 13:38:04.944, 343.65, 347.43, 1665, 9501, 95, 84, 17100, 254, 73, P2
2026/08/23 13:38:05.459, 345.57, 341.90, 1665, 9501, 94, 82, 17100, 254, 73, P2
2026/08/23 13:38:05.968, 345.46, 343.42, 1665, 9501, 96, 83, 17100, 254, 73, P2
2026/08/23 13:38:06.485, 345.40, 344.93, 1665, 9501, 96, 84, 17100, 254, 73, P2
2026/08/23 13:38:06.998, 345.42, 351.50, 1650, 9501, 93, 82, 17100, 254, 73, P2
2026/08/23 13:38:07.512, 346.16, 357.11, 1665, 9501, 96, 85, 17100, 254, 74, P2
2026/08/23 13:38:08.028, 346.10, 352.73, 1665, 9501, 96, 84, 17100, 254, 74, P2
2026/08/23 13:38:08.542, 346.66, 350.00, 1665, 9501, 93, 83, 17100, 254, 74, P2
2026/08/23 13:38:09.053, 346.71, 347.20, 1665, 9501, 95, 83, 17100, 254, 74, P2
2026/08/23 13:38:09.567, 345.75, 343.58, 1680, 9501, 94, 83, 17100, 254, 74, P2
2026/08/23 13:38:10.081, 345.44, 348.46, 1665, 9501, 94, 81, 17100, 254, 74, P2
2026/08/23 13:38:10.593, 345.04, 336.25, 1695, 9501, 93, 81, 17100, 254, 74, P2
2026/08/23 13:38:11.106, 344.98, 342.42, 1650, 9501, 93, 80, 17100, 254, 75, P2
2026/08/23 13:38:11.620, 345.32, 340.12, 1665, 9501, 95, 83, 17100, 254, 75, P2
2026/08/23 13:38:12.131, 346.43, 346.35, 1680, 9501, 96, 84, 17100, 254, 75, P2
2026/08/23 13:38:12.644, 345.75, 334.50, 1650, 9501, 95, 82, 17100, 254, 75, P2
2026/08/23 13:38:13.156, 346.71, 352.84, 1650, 9501, 97, 85, 17100, 254, 75, P2
2026/08/23 13:38:13.671, 345.28, 350.67, 1650, 9501, 95, 83, 17100, 254, 75, P2
2026/08/23 13:38:14.182, 345.78, 353.11, 1665, 9501, 95, 83, 17100, 254, 76, P2
2026/08/23 13:38:14.691, 346.25, 342.18, 1650, 9501, 95, 84, 17100, 254, 75, P2
2026/08/23 13:38:15.200, 347.31, 352.34, 1665, 9501, 95, 84, 17100, 254, 76, P2
2026/08/23 13:38:15.713, 345.55, 343.18, 1650, 9501, 96, 84, 17100, 254, 76, P2
2026/08/23 13:38:16.228, 347.17, 351.42, 1665, 9501, 96, 83, 17100, 254, 76, P2
2026/08/23 13:38:16.740, 345.80, 341.54, 1650, 9501, 96, 83, 17100, 254, 76, P2
2026/08/23 13:38:17.256, 345.55, 351.60, 1680, 9501, 96, 83, 17100, 254, 76, P2
2026/08/23 13:38:17.769, 345.81, 344.82, 1650, 9501, 96, 84, 17100, 254, 76, P2
2026/08/23 13:38:18.278, 307.24, 160.78, 1935, 9501, 1, 0, 17100, 254, 71, P2
2026/08/23 13:38:18.790, 221.36, 157.20, 1935, 9501, 0, 0, 17100, 254, 70, P2
2026/08/23 13:38:19.302, 157.97, 156.63, 1935, 9501, 1, 0, 17100, 254, 69, P2
2026/08/23 13:38:19.816, 156.86, 156.30, 1935, 9501, 0, 0, 17100, 254, 69, P2
2026/08/23 13:38:20.328, 141.46, 113.47, 360, 9501, 1, 0, 17100, 254, 67, P2
2026/08/23 13:38:20.841, 105.11, 49.43, 300, 810, 1, 1, 17100, 254, 64, P5
2026/08/23 13:38:21.354, 67.10, 44.80, 225, 810, 3, 2, 17100, 254, 64, P5
2026/08/23 13:38:21.867, 44.36, 34.91, 210, 405, 3, 3, 17100, 254, 63, P8
2026/08/23 13:38:22.473, 34.24, 39.10, 210, 405, 16, 10, 17100, 254, 62, P8
2026/08/23 13:38:22.986, 34.37, 34.01, 210, 405, 5, 4, 17100, 254, 62, P8
2026/08/23 13:38:23.512, 34.68, 33.75, 210, 405, 6, 4, 17100, 254, 62, P8
2026/08/23 13:38:24.023, 34.61, 33.16, 210, 405, 4, 4, 17100, 254, 62, P8
2026/08/23 13:38:24.537, 34.35, 32.67, 210, 405, 3, 3, 17100, 254, 61, P8
2026/08/23 13:38:25.050, 33.46, 32.68, 210, 405, 5, 4, 17100, 254, 61, P8
2026/08/23 13:38:25.558, 33.16, 32.36, 210, 405, 2, 3, 17100, 254, 61, P8
2026/08/23 13:38:26.069, 32.82, 32.00, 210, 405, 4, 4, 17100, 254, 61, P8
2026/08/23 13:38:26.580, 32.75, 33.87, 210, 405, 3, 3, 17100, 254, 61, P8
2026/08/23 13:38:27.093, 32.82, 33.59, 210, 405, 7, 6, 17100, 254, 60, P8
2026/08/23 13:38:27.608, 33.03, 33.91, 210, 405, 3, 3, 17100, 254, 60, P8
2026/08/23 13:38:28.133, 33.12, 33.13, 210, 405, 4, 3, 17100, 254, 60, P8
2026/08/23 13:38:28.649, 32.89, 32.61, 210, 405, 4, 4, 17100, 254, 60, P8
2026/08/23 13:38:29.163, 33.05, 33.23, 210, 405, 2, 3, 17100, 254, 60, P8
2026/08/23 13:38:29.677, 33.22, 32.85, 210, 405, 4, 4, 17100, 254, 60, P8
2026/08/23 13:38:30.186, 32.95, 31.84, 210, 405, 4, 4, 17100, 254, 59, P8
2026/08/23 13:38:30.698, 33.74, 38.83, 210, 405, 4, 3, 17100, 254, 59, P8
2026/08/23 13:38:31.211, 33.60, 32.52, 210, 405, 4, 4, 17100, 254, 59, P8
2026/08/23 13:38:31.722, 32.46, 33.52, 210, 405, 6, 5, 17100, 254, 59, P8
2026/08/23 13:38:32.237, 32.20, 32.24, 210, 405, 6, 5, 17096, 254, 59, P8
2026/08/23 13:38:32.747, 32.43, 31.83, 210, 405, 2, 3, 17096, 254, 59, P8
2026/08/23 13:38:33.259, 32.67, 31.71, 210, 405, 3, 3, 17096, 254, 59, P8
2026/08/23 13:38:33.769, 32.63, 32.91, 210, 405, 3, 4, 17096, 254, 58, P8
2026/08/23 13:38:34.294, 32.90, 32.85, 210, 405, 3, 3, 17096, 254, 58, P8
2026/08/23 13:38:34.805, 32.74, 31.65, 210, 405, 5, 4, 17096, 254, 58, P8
2026/08/23 13:38:35.321, 32.29, 31.90, 210, 405, 6, 4, 17096, 254, 58, P8
2026/08/23 13:38:35.832, 32.42, 31.94, 210, 405, 4, 3, 17096, 254, 58, P8
2026/08/23 13:38:36.346, 32.21, 31.58, 210, 405, 4, 3, 17096, 254, 58, P8
2026/08/23 13:38:36.856, 31.92, 31.90, 210, 405, 6, 5, 17096, 254, 58, P8
2026/08/23 13:38:37.372, 31.79, 33.37, 210, 405, 8, 5, 17096, 254, 58, P8
2026/08/23 13:38:37.887, 34.66, 56.02, 315, 405, 100, 54, 17096, 254, 58, P8
2026/08/23 13:38:38.399, 121.19, 350.49, 1695, 9501, 100, 28, 17096, 254, 70, P2
2026/08/23 13:38:38.923, 261.60, 296.22, 1695, 9501, 73, 18, 17096, 254, 72, P2
2026/08/23 13:38:39.439, 338.80, 343.34, 1710, 9501, 85, 75, 17096, 254, 71, P2
2026/08/23 13:38:39.950, 337.23, 352.08, 1695, 9501, 97, 85, 17096, 254, 72, P2
2026/08/23 13:38:40.465, 345.30, 339.06, 1665, 9501, 96, 83, 17096, 254, 72, P2
2026/08/23 13:38:40.978, 345.79, 350.36, 1710, 9501, 95, 83, 17096, 254, 72, P2
2026/08/23 13:38:41.491, 345.16, 340.43, 1665, 9501, 95, 82, 17096, 254, 72, P2
2026/08/23 13:38:42.006, 346.07, 343.71, 1665, 9501, 96, 83, 17096, 254, 73, P2
2026/08/23 13:38:42.520, 344.58, 340.70, 1680, 9501, 95, 83, 17096, 254, 73, P2
2026/08/23 13:38:43.031, 345.62, 348.59, 1680, 9501, 97, 86, 17096, 254, 73, P2
2026/08/23 13:38:43.543, 346.19, 347.05, 1665, 9501, 96, 84, 17096, 254, 73, P2
2026/08/23 13:38:44.057, 345.84, 347.06, 1650, 9501, 96, 83, 17096, 254, 73, P2
2026/08/23 13:38:44.568, 345.18, 343.94, 1665, 9501, 95, 83, 17096, 254, 74, P2
2026/08/23 13:38:45.080, 345.08, 340.63, 1695, 9501, 91, 77, 17096, 254, 74, P2
2026/08/23 13:38:45.590, 345.07, 347.96, 1680, 9501, 94, 83, 17096, 254, 74, P2
2026/08/23 13:38:46.104, 345.17, 350.89, 1680, 9501, 94, 83, 17096, 254, 74, P2
2026/08/23 13:38:46.618, 346.09, 345.30, 1650, 9501, 95, 82, 17096, 254, 74, P2
2026/08/23 13:38:47.131, 346.11, 344.72, 1695, 9501, 92, 80, 17096, 254, 74, P2
2026/08/23 13:38:47.643, 344.45, 344.61, 1695, 9501, 93, 81, 17096, 254, 75, P2
2026/08/23 13:38:48.157, 345.26, 338.64, 1650, 9501, 96, 85, 17096, 254, 74, P2
2026/08/23 13:38:48.669, 345.75, 344.99, 1695, 9501, 94, 81, 17096, 254, 75, P2
2026/08/23 13:38:49.183, 344.42, 330.16, 1680, 9501, 92, 80, 17096, 254, 74, P2
2026/08/23 13:38:49.694, 345.76, 343.58, 1695, 9501, 95, 83, 17096, 254, 75, P2
2026/08/23 13:38:50.207, 344.84, 349.85, 1680, 9501, 96, 84, 17096, 254, 75, P2
2026/08/23 13:38:50.718, 345.92, 338.64, 1650, 9501, 94, 83, 17096, 254, 75, P2
2026/08/23 13:38:51.231, 346.47, 345.65, 1710, 9501, 94, 82, 17096, 254, 75, P2
2026/08/23 13:38:51.745, 345.41, 341.33, 1665, 9501, 95, 82, 17096, 254, 75, P2
2026/08/23 13:38:52.257, 346.13, 345.49, 1665, 9501, 96, 84, 17096, 254, 76, P2
2026/08/23 13:38:52.774, 345.70, 341.63, 1680, 9501, 93, 82, 17096, 254, 76, P2
2026/08/23 13:38:53.288, 345.97, 341.38, 1665, 9501, 94, 82, 17096, 254, 76, P2
2026/08/23 13:38:53.802, 344.97, 333.28, 1680, 9501, 84, 72, 17096, 254, 76, P2
2026/08/23 13:38:54.315, 346.36, 341.92, 1650, 9501, 96, 83, 17096, 254, 76, P2
2026/08/23 13:38:54.828, 345.23, 341.19, 1680, 9501, 94, 81, 17096, 254, 76, P2
2026/08/23 13:38:55.341, 345.55, 348.87, 1665, 9501, 96, 82, 17096, 254, 77, P2
2026/08/23 13:38:55.856, 346.42, 348.57, 1665, 9501, 96, 83, 17096, 254, 77, P2
2026/08/23 13:38:56.368, 346.42, 350.44, 1785, 9501, 95, 83, 17096, 254, 77, P2
2026/08/23 13:38:56.879, 268.74, 157.58, 1935, 9501, 1, 0, 17096, 254, 70, P2
2026/08/23 13:38:57.391, 157.63, 156.59, 1935, 9501, 0, 0, 17096, 254, 69, P2
2026/08/23 13:38:57.905, 149.79, 114.04, 465, 5001, 1, 0, 17096, 254, 67, P3
2026/08/23 13:38:58.418, 118.60, 86.64, 390, 5001, 1, 0, 17096, 254, 66, P3
2026/08/23 13:38:58.928, 90.03, 85.15, 300, 5001, 2, 0, 17096, 254, 65, P3
2026/08/23 13:38:59.445, 85.41, 84.23, 255, 5001, 3, 0, 17096, 254, 65, P3
2026/08/23 13:38:59.955, 84.34, 84.26, 240, 5001, 5, 0, 17096, 254, 65, P3
2026/08/23 13:39:00.463, 84.02, 83.82, 240, 5001, 3, 0, 17096, 254, 65, P3
2026/08/23 13:39:00.970, 83.96, 83.81, 240, 5001, 5, 0, 17096, 254, 64, P3
2026/08/23 13:39:01.479, 105.32, 262.12, 1695, 9501, 100, 23, 17096, 254, 71, P2
2026/08/23 13:39:01.990, 225.77, 353.25, 1665, 9501, 100, 27, 17096, 254, 76, P2
2026/08/23 13:39:02.501, 334.48, 356.07, 1860, 9501, 100, 28, 17107, 254, 76, P2
2026/08/23 13:39:03.014, 338.25, 349.35, 1695, 9501, 95, 81, 17092, 254, 76, P2
2026/08/23 13:39:03.528, 345.20, 348.65, 1650, 9501, 96, 81, 17115, 254, 76, P2
2026/08/23 13:39:04.040, 346.65, 347.16, 1710, 9501, 95, 81, 17106, 254, 76, P2
2026/08/23 13:39:04.555, 345.78, 342.93, 1725, 9501, 93, 78, 17076, 254, 76, P2
2026/08/23 13:39:05.065, 346.16, 341.58, 1680, 9501, 95, 81, 17091, 254, 76, P2
2026/08/23 13:39:05.574, 346.41, 350.06, 1635, 9501, 96, 84, 17091, 254, 76, P2
2026/08/23 13:39:06.090, 346.22, 344.36, 1650, 9501, 95, 83, 17091, 254, 77, P2
2026/08/23 13:39:06.604, 345.65, 340.17, 1665, 9501, 96, 80, 17091, 254, 76, P2
2026/08/23 13:39:07.117, 346.19, 346.19, 1665, 9501, 95, 82, 17091, 254, 77, P2
2026/08/23 13:39:07.628, 345.42, 338.11, 1680, 9501, 95, 81, 17091, 254, 77, P2
2026/08/23 13:39:08.141, 345.93, 340.71, 1665, 9501, 96, 82, 17091, 254, 77, P2
2026/08/23 13:39:08.654, 345.71, 343.90, 1665, 9501, 96, 81, 17091, 254, 77, P2
2026/08/23 13:39:09.197, 346.21, 343.22, 1680, 9501, 96, 84, 17091, 254, 77, P2
2026/08/23 13:39:09.709, 346.13, 351.34, 1635, 9501, 95, 82, 17091, 254, 78, P2
2026/08/23 13:39:10.225, 346.52, 350.10, 1635, 9501, 97, 84, 17091, 254, 78, P2
2026/08/23 13:39:10.737, 346.93, 350.49, 1680, 9501, 95, 82, 17091, 254, 77, P2
2026/08/23 13:39:11.249, 345.88, 350.29, 1665, 9501, 95, 81, 17091, 254, 78, P2
2026/08/23 13:39:11.762, 347.35, 352.53, 1650, 9501, 96, 83, 17091, 254, 78, P2
2026/08/23 13:39:12.271, 347.52, 351.73, 1650, 9501, 96, 83, 17091, 254, 78, P2
2026/08/23 13:39:12.783, 347.25, 353.75, 1665, 9501, 96, 84, 17091, 254, 78, P2
2026/08/23 13:39:13.294, 346.97, 351.61, 1650, 9501, 96, 83, 17091, 254, 78, P2
2026/08/23 13:39:13.811, 346.61, 351.99, 1650, 9501, 95, 82, 17091, 254, 78, P2
2026/08/23 13:39:14.326, 346.27, 342.59, 1680, 9501, 95, 81, 17091, 254, 78, P2
2026/08/23 13:39:14.841, 348.25, 359.01, 1635, 9501, 96, 84, 17091, 254, 78, P2
2026/08/23 13:39:15.351, 346.52, 344.60, 1650, 9501, 94, 83, 17091, 254, 78, P2
2026/08/23 13:39:15.864, 346.06, 348.41, 1635, 9501, 91, 79, 17091, 254, 79, P2
2026/08/23 13:39:16.374, 346.02, 351.27, 1650, 9501, 94, 81, 17091, 254, 79, P2
2026/08/23 13:39:16.886, 345.10, 354.06, 1680, 9501, 95, 82, 17091, 254, 79, P2
2026/08/23 13:39:17.403, 345.99, 347.84, 1665, 9501, 96, 82, 17091, 254, 79, P2
2026/08/23 13:39:17.917, 347.27, 338.84, 1650, 9501, 95, 82, 17091, 254, 79, P2
2026/08/23 13:39:18.430, 346.31, 349.76, 1665, 9501, 95, 83, 17091, 254, 79, P2
2026/08/23 13:39:18.944, 345.58, 341.09, 1650, 9501, 94, 80, 17091, 254, 79, P2
2026/08/23 13:39:19.458, 347.05, 346.84, 1890, 9501, 95, 82, 17091, 254, 77, P2
2026/08/23 13:39:19.970, 263.23, 163.37, 1935, 9501, 1, 0, 17091, 254, 73, P2
2026/08/23 13:39:20.482, 178.86, 162.69, 1935, 9501, 2, 0, 17091, 254, 72, P2
2026/08/23 13:39:20.997, 162.73, 162.27, 1935, 9501, 2, 0, 17091, 254, 72, P2
2026/08/23 13:39:21.509, 158.40, 120.69, 465, 9501, 1, 0, 17091, 254, 70, P2
2026/08/23 13:39:22.026, 136.98, 116.03, 360, 810, 8, 1, 17091, 254, 69, P5
2026/08/23 13:39:22.538, 87.93, 51.51, 315, 810, 3, 2, 17091, 254, 67, P5
2026/08/23 13:39:23.054, 57.89, 45.50, 255, 810, 3, 2, 17091, 254, 66, P5
2026/08/23 13:39:23.564, 45.53, 37.28, 210, 405, 7, 5, 17091, 254, 65, P8
2026/08/23 13:39:24.153, 37.92, 35.64, 210, 405, 8, 14, 17091, 254, 65, P8
2026/08/23 13:39:24.664, 34.80, 34.81, 210, 405, 6, 8, 17091, 254, 64, P8
2026/08/23 13:39:25.177, 92.42, 354.53, 1665, 9501, 99, 27, 17091, 254, 75, P2
2026/08/23 13:39:25.687, 236.02, 352.86, 1875, 9501, 100, 27, 17091, 254, 77, P2
2026/08/23 13:39:26.201, 341.32, 306.10, 1665, 9501, 74, 30, 17091, 254, 77, P2
2026/08/23 13:39:26.715, 339.61, 346.84, 1680, 9501, 94, 81, 17091, 254, 78, P2
2026/08/23 13:39:27.226, 343.10, 335.29, 1665, 9501, 93, 80, 17091, 254, 77, P2
2026/08/23 13:39:27.736, 346.14, 344.06, 1665, 9501, 93, 80, 17091, 254, 78, P2
2026/08/23 13:39:28.250, 344.94, 335.28, 1680, 9501, 89, 75, 17091, 254, 78, P2
2026/08/23 13:39:28.765, 347.10, 350.35, 1665, 9501, 95, 82, 17091, 254, 78, P2
2026/08/23 13:39:29.277, 346.55, 347.56, 1635, 9501, 94, 82, 17091, 254, 78, P2
2026/08/23 13:39:29.788, 346.49, 349.55, 1680, 9501, 95, 82, 17091, 254, 78, P2
2026/08/23 13:39:30.299, 346.72, 344.75, 1695, 9501, 91, 79, 17091, 254, 78, P2
2026/08/23 13:39:30.804, 347.11, 351.86, 1650, 9501, 96, 83, 17091, 254, 78, P2
2026/08/23 13:39:31.318, 345.78, 342.41, 1665, 9501, 96, 82, 17091, 254, 78, P2
2026/08/23 13:39:31.836, 347.52, 350.74, 1635, 9501, 95, 83, 17091, 254, 78, P2
2026/08/23 13:39:32.349, 346.36, 348.00, 1650, 9501, 95, 82, 17091, 254, 79, P2
2026/08/23 13:39:32.861, 346.93, 349.32, 1650, 9501, 95, 82, 17082, 254, 79, P2
2026/08/23 13:39:33.375, 347.55, 348.95, 1635, 9501, 95, 83, 17082, 254, 79, P2
2026/08/23 13:39:33.888, 346.63, 344.56, 1695, 9501, 94, 81, 17078, 254, 79, P2
2026/08/23 13:39:34.400, 345.90, 344.52, 1650, 9501, 94, 81, 17078, 254, 79, P2
2026/08/23 13:39:34.913, 346.85, 338.75, 1620, 9501, 94, 80, 17078, 254, 79, P2
2026/08/23 13:39:35.425, 347.73, 347.90, 1650, 9501, 96, 82, 17078, 254, 79, P2
2026/08/23 13:39:35.938, 346.59, 342.83, 1635, 9501, 97, 84, 17078, 254, 79, P2
2026/08/23 13:39:36.452, 347.19, 351.82, 1650, 9501, 95, 83, 17078, 254, 79, P2
2026/08/23 13:39:36.968, 346.38, 348.09, 1635, 9501, 95, 83, 17078, 254, 79, P2
2026/08/23 13:39:37.481, 346.73, 350.32, 1680, 9501, 95, 81, 17078, 254, 80, P2
2026/08/23 13:39:37.994, 347.31, 345.51, 1635, 9501, 97, 83, 17078, 254, 79, P2
2026/08/23 13:39:38.507, 347.65, 352.00, 1665, 9501, 94, 81, 17078, 254, 80, P2
2026/08/23 13:39:39.019, 346.67, 342.88, 1665, 9501, 95, 83, 17078, 254, 80, P2
2026/08/23 13:39:39.533, 348.17, 351.65, 1650, 9501, 96, 84, 17078, 254, 80, P2
2026/08/23 13:39:40.048, 346.44, 343.31, 1665, 9501, 96, 82, 17078, 254, 80, P2
2026/08/23 13:39:40.562, 347.38, 352.65, 1650, 9501, 95, 83, 17078, 254, 80, P2
2026/08/23 13:39:41.074, 346.77, 342.91, 1650, 9501, 95, 81, 17078, 254, 80, P2
2026/08/23 13:39:41.590, 346.66, 349.04, 1665, 9501, 96, 83, 17078, 254, 80, P2
2026/08/23 13:39:42.104, 346.84, 342.15, 1635, 9501, 96, 82, 17078, 254, 80, P2
2026/08/23 13:39:42.616, 347.12, 347.58, 1665, 9501, 96, 84, 17078, 254, 80, P2
2026/08/23 13:39:43.130, 300.48, 164.82, 1920, 9501, 1, 0, 17078, 254, 76, P2
2026/08/23 13:39:43.641, 218.78, 164.36, 1935, 9501, 1, 0, 17078, 254, 74, P2
2026/08/23 13:39:44.156, 164.25, 164.46, 1935, 9501, 2, 0, 17078, 254, 73, P2
2026/08/23 13:39:44.683, 164.15, 162.93, 1935, 9501, 1, 0, 17078, 254, 73, P2
2026/08/23 13:39:45.195, 136.39, 90.87, 405, 5001, 3, 0, 1708, 254, 70, P3
2026/08/23 13:39:45.709, 102.37, 86.85, 345, 5001, 7, 1, 1708, 254, 69, P3
2026/08/23 13:39:46.226, 88.32, 86.72, 285, 5001, 9, 1, 1708, 254, 69, P3
2026/08/23 13:39:46.737, 86.58, 86.09, 240, 5001, 10, 1, 1708, 254, 68, P3
2026/08/23 13:39:47.251, 86.44, 86.60, 240, 5001, 12, 1, 1708, 254, 68, P3
2026/08/23 13:39:47.763, 86.10, 85.28, 240, 5001, 7, 0, 1708, 254, 68, P3
2026/08/23 13:39:48.277, 85.71, 85.22, 240, 5001, 3, 0, 1708, 254, 67, P3
2026/08/23 13:39:48.790, 77.68, 44.52, 210, 810, 8, 3, 1708, 254, 66, P5
2026/08/23 13:39:49.304, 55.25, 40.24, 210, 810, 4, 2, 1708, 254, 65, P5
2026/08/23 13:39:49.815, 40.99, 39.39, 210, 810, 2, 2, 1708, 254, 65, P5
2026/08/23 13:39:50.333, 40.91, 41.96, 210, 810, 9, 4, 1708, 254, 65, P5
2026/08/23 13:39:50.843, 39.20, 33.59, 210, 405, 4, 4, 1708, 254, 64, P8
2026/08/23 13:39:51.371, 36.65, 37.02, 210, 405, 10, 7, 1708, 254, 64, P8
2026/08/23 13:39:51.884, 36.27, 33.35, 210, 405, 5, 4, 1708, 254, 64, P8
2026/08/23 13:39:52.398, 34.01, 34.65, 210, 405, 10, 6, 1708, 254, 63, P8
2026/08/23 13:39:52.910, 34.06, 34.87, 210, 405, 10, 7, 1708, 254, 63, P8
2026/08/23 13:39:53.423, 34.10, 33.95, 210, 405, 6, 4, 1708, 254, 63, P8
2026/08/23 13:39:53.935, 34.04, 33.95, 210, 405, 4, 4, 1708, 254, 63, P8
2026/08/23 13:39:54.448, 34.02, 33.61, 210, 405, 4, 4, 1708, 254, 62, P8
2026/08/23 13:39:54.961, 34.34, 36.00, 210, 405, 14, 8, 1708, 254, 62, P8
2026/08/23 13:39:55.472, 34.99, 34.82, 210, 405, 8, 6, 1708, 254, 62, P8
2026/08/23 13:39:55.985, 35.47, 36.25, 210, 405, 14, 8, 1708, 254, 62, P8
2026/08/23 13:39:56.499, 35.57, 33.62, 210, 405, 9, 5, 1708, 254, 62, P8
2026/08/23 13:39:57.023, 35.74, 32.93, 210, 405, 4, 4, 1708, 254, 62, P8
2026/08/23 13:39:57.540, 34.23, 31.61, 210, 405, 3, 3, 1708, 254, 61, P8
2026/08/23 13:39:58.054, 33.51, 32.43, 210, 405, 6, 4, 1708, 254, 61, P8
2026/08/23 13:39:58.564, 33.61, 35.27, 210, 405, 9, 6, 1708, 254, 61, P8
2026/08/23 13:39:59.080, 33.63, 33.88, 210, 405, 10, 7, 1708, 254, 61, P8
2026/08/23 13:39:59.591, 33.69, 32.97, 210, 405, 5, 4, 1708, 254, 61, P8
2026/08/23 13:40:00.100, 34.13, 35.87, 210, 405, 16, 9, 1708, 254, 61, P8
2026/08/23 13:40:00.611, 34.66, 36.75, 210, 405, 19, 11, 1708, 254, 61, P8
2026/08/23 13:40:01.122, 35.35, 36.25, 210, 405, 16, 9, 1708, 254, 60, P8
2026/08/23 13:40:01.636, 34.73, 31.97, 210, 405, 3, 3, 1708, 254, 60, P8
2026/08/23 13:40:02.150, 33.35, 31.81, 210, 405, 4, 4, 1708, 254, 60, P8
2026/08/23 13:40:02.662, 34.30, 36.83, 210, 405, 18, 10, 1708, 254, 60, P8
2026/08/23 13:40:03.178, 35.28, 34.58, 210, 405, 15, 8, 1708, 254, 60, P8
2026/08/23 13:40:03.703, 35.03, 34.36, 210, 405, 15, 9, 1702, 254, 60, P8
2026/08/23 13:40:04.218, 34.65, 31.81, 210, 405, 4, 4, 1702, 254, 60, P8
2026/08/23 13:40:04.744, 33.96, 34.74, 210, 405, 14, 8, 1702, 254, 59, P8
2026/08/23 13:40:05.258, 33.30, 32.24, 210, 405, 4, 4, 1702, 254, 59, P8
2026/08/23 13:40:05.771, 33.85, 34.59, 210, 405, 12, 7, 1700, 254, 59, P8
2026/08/23 13:40:06.287, 33.72, 33.68, 210, 405, 8, 6, 1926, 254, 59, P8
2026/08/23 13:40:06.800, 54.16, 124.53, 1725, 9501, 1, 0, 1926, 254, 62, P2
2026/08/23 13:40:07.315, 95.86, 125.42, 1725, 9501, 1, 0, 1926, 254, 63, P2
2026/08/23 13:40:07.829, 125.62, 125.53, 1725, 9501, 1, 0, 4038, 254, 63, P2
2026/08/23 13:40:08.342, 126.54, 133.86, 1725, 9501, 93, 5, 14654, 254, 63, P2
2026/08/23 13:40:08.852, 138.93, 153.76, 1950, 9501, 18, 1, 14654, 254, 64, P2
2026/08/23 13:40:09.366, 151.99, 154.43, 1950, 9501, 18, 1, 14654, 254, 64, P2
2026/08/23 13:40:09.876, 154.10, 153.23, 1950, 9501, 10, 0, 14654, 254, 64, P2
2026/08/23 13:40:10.390, 144.29, 127.43, 1725, 9501, 9, 1, 14654, 254, 63, P2
2026/08/23 13:40:10.906, 132.13, 126.67, 1725, 9501, 8, 0, 14654, 254, 63, P2
2026/08/23 13:40:11.421, 126.92, 126.68, 1725, 9501, 9, 1, 14654, 254, 63, P2
2026/08/23 13:40:11.934, 126.92, 127.07, 1725, 9501, 9, 1, 14654, 254, 63, P2
2026/08/23 13:40:12.448, 126.99, 126.87, 1725, 9501, 8, 1, 14654, 254, 63, P2
2026/08/23 13:40:12.961, 126.98, 126.81, 1725, 9501, 10, 1, 14654, 254, 63, P2
2026/08/23 13:40:13.476, 103.55, 48.71, 750, 810, 31, 7, 14654, 254, 60, P5
2026/08/23 13:40:13.990, 67.49, 45.41, 705, 810, 27, 5, 14654, 254, 60, P5
2026/08/23 13:40:14.505, 46.57, 44.49, 675, 810, 28, 5, 14654, 254, 59, P5
2026/08/23 13:40:15.015, 45.54, 45.83, 645, 810, 78, 21, 16166, 254, 59, P5
2026/08/23 13:40:15.528, 67.69, 86.06, 1395, 5001, 3, 0, 16164, 254, 61, P3
2026/08/23 13:40:16.040, 86.40, 86.12, 1395, 5001, 5, 1, 16176, 254, 61, P3
2026/08/23 13:40:16.554, 86.49, 86.22, 1395, 5001, 4, 1, 16185, 254, 61, P3
2026/08/23 13:40:17.065, 97.65, 125.10, 1725, 9501, 1, 0, 16176, 254, 62, P2
2026/08/23 13:40:17.581, 115.71, 125.78, 1725, 9501, 2, 0, 16186, 254, 62, P2
2026/08/23 13:40:18.092, 125.72, 125.39, 1725, 9501, 1, 0, 16186, 254, 62, P2
2026/08/23 13:40:18.607, 166.26, 360.74, 1725, 9501, 96, 25, 16200, 254, 68, P2
2026/08/23 13:40:19.119, 270.05, 356.69, 1680, 9501, 100, 28, 16200, 254, 73, P2
2026/08/23 13:40:19.632, 341.89, 293.06, 1815, 9501, 72, 42, 16200, 254, 72, P2
2026/08/23 13:40:20.146, 341.80, 349.38, 1680, 9501, 97, 83, 16200, 254, 73, P2
2026/08/23 13:40:20.659, 342.69, 334.42, 1665, 9501, 97, 82, 16200, 254, 72, P2
2026/08/23 13:40:21.175, 346.32, 350.60, 1680, 9501, 97, 84, 16200, 254, 73, P2
2026/08/23 13:40:21.689, 345.45, 353.98, 1665, 9501, 97, 85, 16200, 254, 73, P2
2026/08/23 13:40:22.206, 346.01, 349.46, 1680, 9501, 97, 83, 16200, 254, 73, P2
2026/08/23 13:40:22.721, 346.37, 345.17, 1665, 9501, 97, 83, 16200, 254, 73, P2
2026/08/23 13:40:23.235, 346.66, 355.67, 1680, 9501, 97, 84, 16200, 254, 74, P2
2026/08/23 13:40:23.749, 345.72, 345.96, 1665, 9501, 97, 83, 16200, 254, 74, P2
2026/08/23 13:40:24.263, 346.28, 353.23, 1680, 9501, 97, 83, 16200, 254, 74, P2
2026/08/23 13:40:24.778, 345.44, 340.79, 1665, 9501, 97, 83, 16200, 254, 74, P2
2026/08/23 13:40:25.369, 346.64, 350.65, 1680, 9501, 96, 83, 16200, 254, 75, P2
2026/08/23 13:40:25.884, 345.97, 342.58, 1650, 9501, 97, 83, 16200, 254, 74, P2
2026/08/23 13:40:26.400, 346.21, 344.05, 1650, 9501, 97, 83, 16200, 254, 75, P2
2026/08/23 13:40:26.910, 346.09, 354.84, 1665, 9501, 97, 84, 16200, 254, 75, P2
2026/08/23 13:40:27.423, 344.60, 357.78, 1695, 9501, 97, 80, 16185, 254, 75, P2
2026/08/23 13:40:27.938, 346.68, 349.87, 1680, 9501, 97, 83, 16185, 254, 75, P2
2026/08/23 13:40:28.453, 347.45, 351.27, 1680, 9501, 97, 81, 16169, 254, 75, P2
2026/08/23 13:40:28.966, 346.11, 352.10, 1695, 9501, 96, 81, 16116, 254, 76, P2
2026/08/23 13:40:29.481, 347.20, 346.66, 1650, 9501, 96, 84, 16116, 254, 75, P2
2026/08/23 13:40:29.993, 346.62, 350.61, 1665, 9501, 96, 82, 16116, 254, 76, P2
2026/08/23 13:40:30.502, 346.32, 344.03, 1665, 9501, 97, 81, 16116, 254, 76, P2
2026/08/23 13:40:31.004, 346.23, 343.46, 1665, 9501, 97, 82, 16116, 254, 76, P2
2026/08/23 13:40:31.517, 346.19, 346.90, 1650, 9501, 97, 82, 16116, 254, 76, P2
2026/08/23 13:40:32.032, 346.18, 345.16, 1650, 9501, 97, 83, 16116, 254, 76, P2
2026/08/23 13:40:32.543, 345.93, 352.10, 1665, 9501, 97, 84, 16116, 254, 76, P2
2026/08/23 13:40:33.045, 346.67, 343.44, 1635, 9501, 97, 83, 16116, 254, 76, P2
2026/08/23 13:40:33.560, 346.10, 345.99, 1710, 9501, 95, 79, 16116, 254, 76, P2
2026/08/23 13:40:34.075, 346.19, 349.53, 1635, 9501, 97, 84, 16116, 254, 77, P2
2026/08/23 13:40:34.592, 345.82, 349.89, 1665, 9501, 97, 83, 16116, 254, 77, P2
2026/08/23 13:40:35.107, 346.98, 349.36, 1650, 9501, 97, 83, 16116, 254, 77, P2
2026/08/23 13:40:35.621, 347.16, 349.92, 1665, 9501, 97, 83, 16116, 254, 77, P2
2026/08/23 13:40:36.136, 346.94, 350.85, 1635, 9501, 97, 84, 16116, 254, 77, P2
2026/08/23 13:40:36.649, 275.03, 159.20, 1935, 9501, 1, 0, 16116, 254, 71, P2
2026/08/23 13:40:37.165, 187.98, 158.76, 1935, 9501, 0, 0, 16116, 254, 70, P2
2026/08/23 13:40:37.673, 159.39, 158.76, 1935, 9501, 1, 0, 16116, 254, 70, P2
2026/08/23 13:40:38.183, 155.03, 118.89, 450, 9501, 0, 0, 16116, 254, 69, P2
2026/08/23 13:40:38.694, 125.30, 87.12, 345, 5001, 3, 0, 16116, 254, 67, P3
2026/08/23 13:40:39.205, 92.49, 84.66, 300, 5001, 2, 0, 16116, 254, 66, P3
2026/08/23 13:40:39.717, 85.53, 84.53, 240, 5001, 5, 0, 16116, 254, 66, P3
2026/08/23 13:40:40.233, 84.48, 84.15, 240, 5001, 2, 0, 16116, 254, 65, P3
2026/08/23 13:40:40.746, 84.31, 84.20, 240, 5001, 6, 0, 16116, 254, 65, P3
2026/08/23 13:40:41.259, 84.11, 84.01, 240, 5001, 4, 0, 16116, 254, 65, P3
2026/08/23 13:40:41.771, 67.64, 39.66, 210, 810, 4, 2, 16116, 254, 63, P5
2026/08/23 13:40:42.284, 45.60, 38.50, 210, 810, 4, 2, 16117, 254, 63, P5
2026/08/23 13:40:42.795, 40.09, 42.30, 210, 810, 13, 5, 16127, 254, 62, P5
2026/08/23 13:40:43.309, 39.93, 37.05, 210, 405, 9, 4, 16127, 254, 62, P8
2026/08/23 13:40:43.821, 38.12, 37.26, 210, 405, 13, 6, 16117, 254, 62, P8
2026/08/23 13:40:44.332, 35.78, 33.66, 210, 405, 7, 4, 16117, 254, 62, P8
2026/08/23 13:40:44.844, 35.28, 34.40, 210, 405, 10, 5, 16117, 254, 61, P8
2026/08/23 13:40:45.354, 34.55, 35.46, 210, 405, 14, 7, 16117, 254, 61, P8
2026/08/23 13:40:45.867, 35.24, 36.17, 210, 405, 12, 11, 16117, 254, 61, P8
2026/08/23 13:40:46.378, 36.27, 35.65, 210, 405, 16, 7, 16117, 254, 61, P8
2026/08/23 13:40:46.889, 36.01, 33.51, 210, 405, 6, 4, 16117, 254, 61, P8
2026/08/23 13:40:47.399, 34.68, 37.18, 210, 405, 16, 7, 16117, 254, 60, P8
2026/08/23 13:40:47.911, 35.68, 35.58, 210, 405, 9, 5, 16117, 254, 60, P8
2026/08/23 13:40:48.426, 34.73, 33.60, 210, 405, 4, 5, 16117, 254, 60, P8
2026/08/23 13:40:48.940, 34.41, 34.13, 210, 405, 9, 6, 16117, 254, 60, P8
2026/08/23 13:40:49.451, 34.25, 35.11, 210, 405, 12, 7, 16117, 254, 60, P8
2026/08/23 13:40:49.960, 33.92, 32.85, 210, 405, 5, 5, 16117, 254, 60, P8
2026/08/23 13:40:50.469, 33.89, 34.35, 210, 405, 7, 7, 16117, 254, 60, P8
2026/08/23 13:40:50.984, 33.24, 33.72, 210, 405, 8, 9, 16117, 254, 59, P8
2026/08/23 13:40:51.494, 33.29, 34.53, 210, 405, 11, 7, 16117, 254, 59, P8
2026/08/23 13:40:52.007, 33.85, 33.80, 210, 405, 6, 7, 16117, 254, 59, P8
2026/08/23 13:40:52.520, 49.38, 124.93, 1725, 9501, 1, 0, 16117, 254, 61, P2
2026/08/23 13:40:53.031, 90.90, 125.68, 1725, 9501, 1, 0, 16117, 254, 62, P2
2026/08/23 13:40:53.540, 125.67, 125.85, 1725, 9501, 2, 0, 16117, 254, 63, P2
2026/08/23 13:40:54.049, 125.85, 125.81, 1725, 9501, 1, 0, 16117, 254, 63, P2
2026/08/23 13:40:54.564, 125.83, 125.79, 1725, 9501, 4, 0, 16117, 254, 63, P2
2026/08/23 13:40:55.078, 125.85, 126.23, 1725, 9501, 4, 0, 16117, 254, 63, P2
2026/08/23 13:40:55.590, 126.03, 126.40, 1725, 9501, 3, 0, 16117, 254, 63, P2
2026/08/23 13:40:56.127, 126.27, 126.12, 1725, 9501, 2, 0, 16125, 254, 63, P2
2026/08/23 13:40:56.637, 170.52, 354.06, 1710, 9501, 100, 29, 16100, 254, 69, P2
2026/08/23 13:40:57.149, 269.77, 312.69, 1845, 9501, 89, 22, 16100, 254, 73, P2
2026/08/23 13:40:57.665, 339.77, 304.34, 1860, 9501, 74, 47, 16188, 254, 72, P2
2026/08/23 13:40:58.178, 340.13, 351.62, 1695, 9501, 95, 82, 16188, 254, 73, P2
2026/08/23 13:40:58.692, 343.91, 333.41, 1680, 9501, 95, 80, 16188, 254, 73, P2
2026/08/23 13:40:59.207, 345.53, 348.85, 1710, 9501, 92, 78, 16184, 254, 73, P2
2026/08/23 13:40:59.717, 345.07, 357.92, 1695, 9501, 95, 81, 16184, 254, 73, P2
2026/08/23 13:41:00.229, 346.22, 346.96, 1680, 9501, 93, 80, 16184, 254, 74, P2
2026/08/23 13:41:00.740, 346.33, 339.81, 1695, 9501, 94, 80, 16184, 254, 73, P2
2026/08/23 13:41:01.252, 345.59, 351.41, 1680, 9501, 95, 81, 16184, 254, 74, P2
2026/08/23 13:41:01.763, 345.03, 337.44, 1680, 9501, 96, 80, 16184, 254, 74, P2
2026/08/23 13:41:02.282, 346.88, 351.98, 1665, 9501, 95, 82, 16184, 254, 75, P2
2026/08/23 13:41:02.808, 345.75, 340.76, 1680, 9501, 95, 81, 16184, 254, 74, P2
2026/08/23 13:41:03.319, 346.28, 349.38, 1680, 9501, 95, 82, 16184, 254, 75, P2
2026/08/23 13:41:03.830, 345.24, 337.35, 1680, 9501, 96, 81, 16184, 254, 74, P2
2026/08/23 13:41:04.339, 346.07, 351.77, 1695, 9501, 96, 83, 16184, 254, 75, P2
2026/08/23 13:41:04.855, 346.58, 350.18, 1665, 9501, 96, 82, 16184, 254, 75, P2
2026/08/23 13:41:05.367, 346.40, 347.25, 1680, 9501, 96, 82, 16184, 254, 75, P2
2026/08/23 13:41:05.883, 346.66, 345.02, 1680, 9501, 96, 81, 16184, 254, 75, P2
2026/08/23 13:41:06.397, 345.79, 342.48, 1650, 9501, 96, 81, 16184, 254, 76, P2
2026/08/23 13:41:06.911, 346.84, 347.46, 1665, 9501, 95, 81, 16184, 254, 76, P2
2026/08/23 13:41:07.423, 346.22, 343.98, 1665, 9501, 96, 79, 16184, 254, 76, P2
2026/08/23 13:41:07.931, 346.48, 353.88, 1665, 9501, 95, 82, 16184, 254, 76, P2
2026/08/23 13:41:08.445, 345.94, 351.86, 1665, 9501, 96, 81, 16184, 254, 76, P2
2026/08/23 13:41:08.959, 346.52, 353.27, 1680, 9501, 95, 82, 16172, 254, 76, P2
2026/08/23 13:41:09.468, 346.40, 345.08, 1680, 9501, 95, 80, 16157, 254, 76, P2
2026/08/23 13:41:09.977, 346.42, 347.11, 1665, 9501, 95, 81, 16157, 254, 76, P2
2026/08/23 13:41:10.487, 346.77, 354.08, 1650, 9501, 95, 81, 16157, 254, 77, P2
2026/08/23 13:41:11.003, 346.68, 346.42, 1665, 9501, 95, 82, 16157, 254, 77, P2
2026/08/23 13:41:11.514, 346.07, 347.86, 1665, 9501, 96, 79, 16154, 254, 77, P2
2026/08/23 13:41:12.026, 339.92, 344.08, 1680, 9501, 92, 79, 16154, 254, 77, P2
2026/08/23 13:41:12.538, 342.36, 348.11, 1665, 9501, 95, 80, 16154, 254, 77, P2
2026/08/23 13:41:13.051, 346.62, 352.21, 1680, 9501, 95, 81, 16154, 254, 77, P2
2026/08/23 13:41:13.564, 346.44, 353.47, 1680, 9501, 94, 80, 16154, 254, 77, P2
2026/08/23 13:41:14.074, 346.68, 339.63, 1710, 9501, 91, 78, 16154, 254, 77, P2
2026/08/23 13:41:14.584, 332.26, 192.90, 1920, 9501, 20, 16, 16154, 254, 77, P2
2026/08/23 13:41:15.097, 247.07, 157.57, 1920, 9501, 1, 0, 16154, 254, 71, P2
2026/08/23 13:41:15.612, 160.87, 156.87, 1920, 9501, 2, 0, 16154, 254, 70, P2
2026/08/23 13:41:16.123, 156.69, 158.06, 1935, 9501, 1, 0, 16154, 254, 70, P2
2026/08/23 13:41:16.640, 149.68, 114.46, 405, 5001, 3, 0, 16154, 254, 68, P3
2026/08/23 13:41:17.148, 118.87, 87.28, 330, 5001, 2, 0, 16154, 254, 67, P3
2026/08/23 13:41:17.675, 89.84, 84.82, 255, 5001, 4, 0, 16154, 254, 66, P3
2026/08/23 13:41:18.183, 85.58, 84.50, 240, 5001, 5, 0, 16154, 254, 66, P3
2026/08/23 13:41:18.694, 84.45, 84.46, 240, 5001, 4, 0, 16154, 254, 65, P3
2026/08/23 13:41:19.204, 84.33, 84.35, 240, 5001, 4, 0, 16154, 254, 65, P3
2026/08/23 13:41:19.718, 84.67, 89.25, 210, 810, 35, 3, 16154, 254, 65, P5
2026/08/23 13:41:20.229, 147.87, 353.22, 1665, 9501, 99, 28, 16154, 254, 74, P2
2026/08/23 13:41:20.744, 264.91, 302.89, 1680, 9501, 74, 18, 16154, 254, 75, P2
2026/08/23 13:41:21.258, 340.84, 361.69, 1665, 9501, 88, 77, 16154, 254, 76, P2
2026/08/23 13:41:21.774, 339.97, 343.21, 1665, 9501, 94, 79, 16154, 254, 77, P2
2026/08/23 13:41:22.289, 348.02, 338.08, 1650, 9501, 96, 82, 16154, 254, 76, P2
2026/08/23 13:41:22.805, 346.04, 344.40, 1680, 9501, 94, 80, 16154, 254, 77, P2
2026/08/23 13:41:23.318, 347.20, 346.28, 1635, 9501, 95, 82, 16154, 254, 77, P2
2026/08/23 13:41:23.833, 346.94, 343.58, 1680, 9501, 94, 80, 16154, 254, 77, P2
2026/08/23 13:41:24.341, 346.72, 350.79, 1650, 9501, 95, 82, 16154, 254, 77, P2
2026/08/23 13:41:24.858, 346.73, 349.08, 1665, 9501, 95, 81, 16154, 254, 78, P2
2026/08/23 13:41:25.371, 347.06, 351.18, 1680, 9501, 92, 79, 16154, 254, 77, P2
2026/08/23 13:41:25.884, 346.66, 353.98, 1680, 9501, 95, 82, 16154, 254, 78, P2
2026/08/23 13:41:26.402, 347.32, 346.09, 1665, 9501, 95, 81, 16154, 254, 78, P2
2026/08/23 13:41:26.984, 346.82, 350.37, 1650, 9501, 95, 82, 16154, 254, 78, P2
2026/08/23 13:41:27.502, 347.38, 346.38, 1635, 9501, 95, 81, 16154, 254, 78, P2
2026/08/23 13:41:28.020, 346.74, 346.40, 1650, 9501, 94, 81, 16154, 254, 78, P2
2026/08/23 13:41:28.534, 347.18, 353.38, 1635, 9501, 95, 82, 16154, 254, 78, P2
2026/08/23 13:41:29.050, 345.81, 339.30, 1680, 9501, 84, 70, 16154, 254, 77, P2
2026/08/23 13:41:29.565, 345.12, 348.40, 1635, 9501, 95, 80, 16154, 254, 78, P2
2026/08/23 13:41:30.081, 346.05, 343.41, 1650, 9501, 95, 82, 16154, 254, 78, P2
2026/08/23 13:41:30.595, 346.97, 341.44, 1680, 9501, 96, 80, 16119, 254, 78, P2
2026/08/23 13:41:31.109, 346.22, 342.92, 1710, 9501, 93, 78, 16126, 254, 78, P2
2026/08/23 13:41:31.622, 346.81, 348.71, 1680, 9501, 95, 81, 16126, 254, 79, P2
2026/08/23 13:41:32.137, 347.00, 344.70, 1650, 9501, 96, 83, 16126, 254, 78, P2
2026/08/23 13:41:32.650, 345.26, 350.31, 1665, 9501, 92, 80, 16126, 254, 79, P2
2026/08/23 13:41:33.162, 346.57, 342.83, 1650, 9501, 94, 81, 16126, 254, 79, P2
2026/08/23 13:41:33.672, 346.67, 344.11, 1680, 9501, 94, 81, 16126, 254, 79, P2
2026/08/23 13:41:34.190, 346.58, 349.45, 1665, 9501, 94, 81, 16126, 254, 79, P2
2026/08/23 13:41:34.700, 347.18, 348.56, 1665, 9501, 96, 82, 16126, 254, 79, P2
2026/08/23 13:41:35.213, 347.10, 345.27, 1635, 9501, 95, 82, 16126, 254, 79, P2
2026/08/23 13:41:35.731, 347.13, 352.99, 1650, 9501, 96, 83, 16126, 254, 79, P2
2026/08/23 13:41:36.244, 346.37, 343.34, 1620, 9501, 95, 81, 16126, 254, 79, P2
2026/08/23 13:41:36.760, 346.21, 349.39, 1665, 9501, 93, 79, 16126, 254, 79, P2
2026/08/23 13:41:37.274, 346.49, 342.73, 1635, 9501, 95, 81, 16126, 254, 79, P2
2026/08/23 13:41:37.788, 346.89, 347.59, 1665, 9501, 93, 80, 16126, 254, 79, P2
2026/08/23 13:41:38.296, 297.85, 163.39, 1920, 9501, 0, 0, 16126, 254, 74, P2
2026/08/23 13:41:38.808, 215.16, 160.37, 1920, 9501, 0, 0, 16126, 254, 73, P2
2026/08/23 13:41:39.318, 161.00, 159.75, 1920, 9501, 0, 0, 16126, 254, 72, P2
2026/08/23 13:41:39.841, 159.78, 158.85, 435, 9501, 0, 0, 16126, 254, 71, P2
2026/08/23 13:41:40.353, 137.74, 93.03, 375, 5001, 0, 0, 16126, 254, 69, P3
2026/08/23 13:41:40.860, 105.85, 88.72, 285, 5001, 1, 0, 16126, 254, 68, P3
2026/08/23 13:41:41.373, 88.70, 85.39, 240, 5001, 2, 0, 16126, 254, 68, P3
2026/08/23 13:41:41.884, 86.52, 85.36, 240, 5001, 5, 0, 16126, 254, 68, P3
2026/08/23 13:41:42.397, 85.17, 85.08, 210, 810, 3, 0, 16126, 254, 67, P3
2026/08/23 13:41:42.927, 62.88, 70.77, 240, 810, 100, 46, 16126, 254, 66, P5
2026/08/23 13:41:43.452, 155.55, 342.36, 1680, 9501, 99, 26, 16126, 254, 77, P2
2026/08/23 13:41:43.963, 290.33, 348.12, 1665, 9501, 100, 26, 16126, 254, 79, P2
2026/08/23 13:41:44.467, 341.08, 346.81, 1680, 9501, 96, 82, 16126, 254, 78, P2
2026/08/23 13:41:44.980, 345.47, 352.18, 1680, 9501, 95, 82, 16126, 254, 78, P2
2026/08/23 13:41:45.492, 347.30, 356.21, 1650, 9501, 94, 82, 16126, 254, 78, P2
2026/08/23 13:41:46.009, 347.93, 356.54, 1665, 9501, 96, 83, 16126, 254, 79, P2
2026/08/23 13:41:46.527, 347.65, 344.39, 1650, 9501, 93, 79, 16126, 254, 78, P2
2026/08/23 13:41:47.038, 346.70, 349.75, 1665, 9501, 92, 80, 16126, 254, 79, P2
2026/08/23 13:41:47.554, 346.84, 344.64, 1650, 9501, 95, 81, 16141, 254, 78, P2
2026/08/23 13:41:48.069, 346.27, 354.82, 1680, 9501, 96, 83, 16150, 254, 79, P2
2026/08/23 13:41:48.584, 347.23, 350.15, 1620, 9501, 96, 81, 16153, 254, 79, P2
2026/08/23 13:41:49.102, 346.60, 352.60, 1665, 9501, 96, 82, 16153, 254, 79, P2
2026/08/23 13:41:49.617, 346.79, 353.09, 1650, 9501, 96, 83, 16153, 254, 79, P2
2026/08/23 13:41:50.135, 347.17, 350.29, 1665, 9501, 94, 81, 16153, 254, 79, P2
2026/08/23 13:41:50.647, 346.41, 347.15, 1665, 9501, 95, 81, 16153, 254, 79, P2
2026/08/23 13:41:51.162, 347.74, 346.88, 1650, 9501, 96, 82, 16153, 254, 79, P2
2026/08/23 13:41:51.675, 347.44, 347.73, 1665, 9501, 95, 81, 16212, 254, 79, P2
2026/08/23 13:41:52.188, 347.23, 351.38, 1710, 9501, 95, 78, 16199, 254, 79, P2
2026/08/23 13:41:52.703, 345.69, 352.78, 1665, 9501, 90, 77, 16189, 254, 79, P2
2026/08/23 13:41:53.220, 346.53, 351.61, 1650, 9501, 96, 82, 16178, 254, 80, P2
2026/08/23 13:41:53.736, 347.89, 350.95, 1635, 9501, 96, 83, 16178, 254, 79, P2
2026/08/23 13:41:54.250, 347.70, 350.80, 1650, 9501, 96, 82, 16169, 254, 80, P2
2026/08/23 13:41:54.763, 346.50, 344.74, 1665, 9501, 95, 79, 16169, 254, 80, P2
2026/08/23 13:41:55.279, 347.62, 354.28, 1650, 9501, 95, 82, 16169, 254, 80, P2
2026/08/23 13:41:55.794, 346.30, 341.93, 1650, 9501, 96, 82, 16165, 254, 80, P2
2026/08/23 13:41:56.308, 347.29, 353.95, 1650, 9501, 95, 82, 16165, 254, 80, P2
2026/08/23 13:41:56.824, 346.70, 343.03, 1650, 9501, 97, 83, 16165, 254, 80, P2
2026/08/23 13:41:57.339, 347.30, 351.97, 1650, 9501, 94, 81, 16165, 254, 80, P2
2026/08/23 13:41:57.868, 346.73, 341.81, 1665, 9501, 94, 80, 16165, 254, 80, P2
2026/08/23 13:41:58.384, 347.68, 352.60, 1650, 9501, 95, 82, 16165, 254, 80, P2
2026/08/23 13:41:58.894, 347.22, 352.14, 1620, 9501, 92, 79, 16165, 254, 80, P2
2026/08/23 13:41:59.410, 346.92, 340.10, 1620, 9501, 94, 80, 16165, 254, 80, P2
2026/08/23 13:41:59.925, 347.27, 351.56, 1650, 9501, 96, 82, 16165, 254, 80, P2
2026/08/23 13:42:00.445, 346.71, 338.05, 1665, 9501, 95, 80, 16166, 254, 80, P2
2026/08/23 13:42:00.959, 347.99, 353.98, 1665, 9501, 94, 81, 16165, 254, 80, P2
2026/08/23 13:42:01.474, 296.47, 164.27, 1920, 9501, 0, 0, 16165, 254, 75, P2
2026/08/23 13:42:01.988, 213.65, 163.25, 1920, 9501, 1, 0, 16164, 254, 74, P2
2026/08/23 13:42:02.504, 163.17, 162.04, 1920, 9501, 0, 0, 16164, 254, 74, P2
2026/08/23 13:42:03.014, 162.35, 161.85, 1920, 9501, 0, 0, 16164, 254, 73, P2
2026/08/23 13:42:03.525, 141.82, 91.74, 345, 5001, 2, 0, 1668, 254, 70, P3
2026/08/23 13:42:04.028, 109.61, 90.85, 285, 5001, 1, 0, 1668, 254, 69, P3
2026/08/23 13:42:04.538, 90.35, 86.65, 240, 5001, 1, 0, 1668, 254, 69, P3
2026/08/23 13:42:05.048, 88.11, 86.14, 240, 5001, 2, 0, 1668, 254, 68, P3
2026/08/23 13:42:05.559, 86.28, 85.96, 240, 5001, 3, 0, 1668, 254, 68, P3
2026/08/23 13:42:06.071, 73.93, 44.15, 210, 810, 3, 2, 1668, 254, 66, P5
2026/08/23 13:42:06.582, 54.27, 39.63, 210, 810, 2, 2, 1668, 254, 66, P5
2026/08/23 13:42:07.092, 40.93, 40.62, 210, 810, 4, 2, 1668, 254, 65, P5
2026/08/23 13:42:07.607, 40.46, 39.99, 210, 405, 2, 1, 1668, 254, 65, P8
2026/08/23 13:42:08.120, 37.24, 33.23, 210, 405, 3, 3, 1668, 254, 65, P8
2026/08/23 13:42:08.631, 33.63, 32.08, 210, 405, 2, 3, 1668, 254, 64, P8
2026/08/23 13:42:09.140, 33.23, 32.98, 210, 405, 2, 3, 1668, 254, 64, P8
2026/08/23 13:42:09.653, 32.91, 31.49, 210, 405, 2, 3, 1668, 254, 64, P8
2026/08/23 13:42:10.167, 32.78, 32.95, 210, 405, 2, 3, 1668, 254, 64, P8
2026/08/23 13:42:10.680, 32.54, 32.01, 210, 405, 3, 3, 1668, 254, 63, P8
2026/08/23 13:42:11.192, 32.90, 34.01, 210, 405, 4, 3, 1668, 254, 63, P8
2026/08/23 13:42:11.707, 33.09, 32.48, 210, 405, 2, 3, 1668, 254, 63, P8
2026/08/23 13:42:12.233, 33.25, 33.77, 210, 405, 5, 3, 1668, 254, 63, P8
2026/08/23 13:42:12.757, 33.50, 34.44, 210, 405, 2, 3, 1628, 254, 62, P8
2026/08/23 13:42:13.273, 34.89, 33.03, 210, 405, 3, 2, 1628, 254, 62, P8
2026/08/23 13:42:13.786, 35.26, 39.95, 210, 405, 30, 17, 1631, 254, 62, P8
2026/08/23 13:42:14.300, 35.12, 32.73, 210, 405, 3, 3, 1631, 254, 62, P8
2026/08/23 13:42:14.813, 34.78, 32.20, 210, 405, 3, 3, 1627, 254, 62, P8
2026/08/23 13:42:15.325, 32.27, 31.64, 210, 405, 3, 3, 1627, 254, 62, P8
2026/08/23 13:42:15.841, 32.00, 31.81, 210, 405, 3, 3, 1627, 254, 61, P8
2026/08/23 13:42:16.353, 31.63, 31.27, 210, 405, 3, 3, 1627, 254, 61, P8
2026/08/23 13:42:16.882, 31.62, 31.79, 210, 405, 2, 3, 1627, 254, 61, P8
2026/08/23 13:42:17.396, 32.22, 32.19, 210, 405, 4, 3, 1627, 254, 61, P8
2026/08/23 13:42:17.908, 31.74, 31.58, 210, 405, 3, 3, 1627, 254, 61, P8
2026/08/23 13:42:18.421, 31.33, 30.66, 210, 405, 2, 3, 1627, 254, 60, P8
2026/08/23 13:42:18.935, 30.99, 30.92, 210, 405, 3, 3, 1627, 254, 60, P8
2026/08/23 13:42:19.447, 30.97, 30.60, 210, 405, 2, 3, 1627, 254, 60, P8
2026/08/23 13:42:19.965, 30.93, 30.95, 210, 405, 3, 3, 1627, 254, 60, P8
2026/08/23 13:42:20.475, 30.77, 29.39, 210, 405, 2, 3, 1627, 254, 60, P8
2026/08/23 13:42:20.990, 31.08, 31.21, 210, 405, 2, 3, 1627, 254, 60, P8
2026/08/23 13:42:21.502, 30.86, 30.08, 210, 405, 3, 3, 1627, 254, 60, P8
2026/08/23 13:42:22.014, 31.08, 31.50, 210, 405, 4, 3, 1627, 254, 59, P8
2026/08/23 13:42:22.527, 31.30, 31.00, 210, 405, 3, 3, 1627, 254, 59, P8
2026/08/23 13:42:23.040, 32.73, 37.66, 210, 405, 28, 16, 1641, 254, 59, P8
2026/08/23 13:42:23.553, 33.23, 31.56, 210, 405, 3, 3, 1641, 254, 59, P8
2026/08/23 13:42:24.068, 34.69, 33.94, 210, 405, 7, 5, 1644, 254, 59, P8
2026/08/23 13:42:24.583, 35.11, 41.25, 210, 405, 3, 2, 1870, 254, 59, P8
2026/08/23 13:42:25.099, 61.97, 124.78, 1725, 9501, 2, 0, 1869, 254, 62, P2
2026/08/23 13:42:25.609, 104.53, 129.12, 1725, 9501, 14, 2, 1875, 254, 63, P2
2026/08/23 13:42:26.120, 125.96, 125.26, 1725, 9501, 0, 0, 1875, 254, 63, P2
2026/08/23 13:42:26.636, 125.80, 125.33, 1725, 9501, 0, 0, 6419, 254, 63, P2
2026/08/23 13:42:27.153, 130.27, 162.21, 1965, 9501, 98, 6, 14937, 254, 64, P2
2026/08/23 13:42:27.665, 143.65, 153.95, 1965, 9501, 17, 1, 14937, 254, 65, P2
2026/08/23 13:42:28.168, 154.76, 153.29, 1965, 9501, 9, 0, 14933, 254, 65, P2
2026/08/23 13:42:28.698, 153.75, 155.14, 1965, 9501, 12, 1, 14941, 254, 65, P2
2026/08/23 13:42:29.211, 151.64, 129.45, 1725, 9501, 8, 0, 14941, 254, 64, P2
2026/08/23 13:42:29.727, 139.55, 127.86, 1725, 9501, 12, 1, 14944, 254, 63, P2
2026/08/23 13:42:30.241, 127.28, 127.49, 1725, 9501, 10, 1, 14949, 254, 63, P2
2026/08/23 13:42:30.745, 126.92, 126.41, 1725, 9501, 6, 0, 14949, 254, 63, P2
2026/08/23 13:42:31.261, 126.72, 126.27, 1725, 9501, 5, 0, 14949, 254, 63, P2
2026/08/23 13:42:31.773, 106.88, 48.35, 705, 810, 29, 5, 14942, 254, 60, P5
2026/08/23 13:42:32.288, 70.90, 46.32, 675, 810, 34, 11, 14937, 254, 60, P5
2026/08/23 13:42:32.790, 46.40, 43.97, 630, 810, 25, 4, 14937, 254, 59, P5
2026/08/23 13:42:33.295, 45.17, 45.43, 585, 810, 32, 9, 14933, 254, 59, P5
2026/08/23 13:42:33.804, 44.76, 44.22, 555, 810, 31, 5, 14933, 254, 59, P5
2026/08/23 13:42:34.316, 44.69, 43.01, 540, 810, 26, 4, 16771, 254, 59, P5
2026/08/23 13:42:34.831, 44.33, 48.81, 840, 810, 97, 38, 17325, 254, 59, P5
2026/08/23 13:42:35.344, 67.28, 122.99, 1815, 9501, 0, 0, 17325, 254, 62, P2
2026/08/23 13:42:35.859, 106.89, 131.80, 1815, 9501, 4, 1, 17325, 254, 62, P2
2026/08/23 13:42:36.384, 130.11, 129.88, 1815, 9501, 0, 0, 17325, 254, 62, P2
2026/08/23 13:42:36.896, 130.70, 129.92, 1815, 9501, 0, 0, 17325, 254, 62, P2
2026/08/23 13:42:37.405, 97.92, 84.62, 375, 5001, 17, 2, 17384, 254, 60, P3
2026/08/23 13:42:37.918, 84.06, 82.69, 330, 5001, 2, 0, 17384, 254, 60, P3
2026/08/23 13:42:38.427, 83.41, 82.55, 255, 5001, 4, 0, 17384, 254, 60, P3
2026/08/23 13:42:38.941, 74.21, 59.76, 225, 810, 87, 49, 17390, 254, 59, P5
2026/08/23 13:42:39.453, 144.14, 353.72, 1680, 9501, 100, 29, 17402, 254, 70, P2
2026/08/23 13:42:39.969, 267.69, 315.51, 1905, 9501, 82, 23, 17409, 254, 70, P2
2026/08/23 13:42:40.484, 330.05, 287.26, 1920, 9501, 65, 18, 17409, 254, 69, P2
2026/08/23 13:42:40.999, 303.25, 345.04, 1695, 9501, 73, 52, 17409, 254, 72, P2
2026/08/23 13:42:41.514, 308.45, 334.91, 1680, 9501, 84, 57, 17400, 254, 73, P2
2026/08/23 13:42:42.030, 330.04, 336.56, 1905, 9501, 65, 50, 17400, 254, 72, P2
2026/08/23 13:42:42.544, 329.53, 348.65, 1785, 9501, 77, 66, 17400, 254, 73, P2
2026/08/23 13:42:43.059, 333.63, 344.06, 1815, 9501, 86, 68, 17400, 254, 72, P2
2026/08/23 13:42:43.571, 328.18, 279.78, 1740, 9501, 41, 29, 17399, 254, 72, P2
2026/08/23 13:42:44.090, 326.41, 334.23, 1770, 9501, 62, 42, 17399, 254, 73, P2
2026/08/23 13:42:44.608, 320.62, 331.98, 1695, 9501, 74, 64, 17399, 254, 73, P2
2026/08/23 13:42:45.123, 326.56, 370.90, 1785, 9501, 91, 79, 17399, 254, 74, P2
2026/08/23 13:42:45.633, 334.96, 339.59, 1905, 9501, 87, 67, 17399, 254, 73, P2
2026/08/23 13:42:46.151, 328.62, 316.61, 1770, 9501, 58, 50, 17399, 254, 73, P2
2026/08/23 13:42:46.665, 317.58, 321.57, 1920, 9501, 72, 57, 17399, 254, 74, P2
2026/08/23 13:42:47.178, 322.53, 304.49, 1920, 9501, 65, 52, 17399, 254, 73, P2
2026/08/23 13:42:47.692, 322.13, 330.17, 1710, 9501, 73, 57, 17399, 254, 74, P2
2026/08/23 13:42:48.206, 315.81, 315.64, 1755, 9501, 68, 50, 17399, 254, 73, P2
2026/08/23 13:42:48.718, 324.24, 314.01, 1815, 9501, 76, 59, 17399, 254, 74, P2
2026/08/23 13:42:49.232, 332.20, 316.93, 1875, 9501, 67, 51, 17399, 254, 74, P2
2026/08/23 13:42:49.742, 332.95, 320.75, 1845, 9501, 63, 50, 17399, 254, 75, P2
2026/08/23 13:42:50.260, 331.99, 311.14, 1710, 9501, 69, 56, 17399, 254, 75, P2
2026/08/23 13:42:50.770, 328.48, 344.19, 1755, 9501, 76, 60, 17399, 254, 76, P2
2026/08/23 13:42:51.281, 329.92, 325.97, 1905, 9501, 71, 50, 17399, 254, 74, P2
2026/08/23 13:42:51.798, 332.56, 336.06, 1740, 9501, 75, 57, 17399, 254, 75, P2
2026/08/23 13:42:52.310, 329.59, 332.40, 1710, 9501, 76, 56, 17399, 254, 75, P2
2026/08/23 13:42:52.822, 336.22, 346.35, 1740, 9501, 81, 60, 17399, 254, 76, P2
2026/08/23 13:42:53.326, 336.26, 315.67, 1680, 9501, 65, 45, 17399, 254, 76, P2
2026/08/23 13:42:53.842, 336.97, 343.76, 1680, 9501, 79, 51, 17399, 254, 77, P2
2026/08/23 13:42:54.356, 333.14, 329.03, 1785, 9501, 82, 58, 17399, 254, 77, P2
2026/08/23 13:42:54.868, 338.45, 336.18, 1665, 9501, 85, 57, 17399, 254, 76, P2
2026/08/23 13:42:55.381, 314.06, 160.68, 1935, 9501, 0, 0, 17399, 254, 72, P2
2026/08/23 13:42:55.892, 230.75, 156.10, 1935, 9501, 0, 0, 17399, 254, 70, P2
2026/08/23 13:42:56.403, 155.38, 155.00, 1935, 9501, 0, 0, 17399, 254, 69, P2
2026/08/23 13:42:56.925, 137.18, 86.40, 375, 5001, 1, 0, 17399, 254, 66, P3
2026/08/23 13:42:57.438, 105.57, 84.18, 285, 5001, 3, 0, 17399, 254, 65, P3
2026/08/23 13:42:57.961, 84.92, 84.00, 240, 5001, 2, 0, 17399, 254, 65, P3
2026/08/23 13:42:58.472, 83.95, 83.71, 240, 5001, 2, 0, 17399, 254, 64, P3
2026/08/23 13:42:59.017, 83.74, 83.68, 240, 5001, 2, 0, 17399, 254, 64, P3
2026/08/23 13:42:59.542, 83.65, 83.52, 240, 5001, 2, 0, 17399, 254, 64, P3
2026/08/23 13:43:00.053, 83.66, 83.57, 240, 5001, 2, 0, 17399, 254, 64, P3
2026/08/23 13:43:00.564, 83.61, 83.59, 240, 5001, 3, 0, 17399, 254, 64, P3
2026/08/23 13:43:01.075, 79.92, 46.98, 210, 810, 2, 1, 17399, 254, 62, P5
2026/08/23 13:43:01.590, 59.88, 37.69, 210, 810, 2, 1, 17399, 254, 62, P5
2026/08/23 13:43:02.100, 39.76, 41.27, 210, 810, 15, 6, 17342, 254, 61, P5
2026/08/23 13:43:02.612, 39.22, 37.27, 210, 810, 2, 1, 17334, 254, 61, P5
2026/08/23 13:43:03.141, 38.86, 32.97, 210, 405, 3, 13, 17340, 254, 61, P8
2026/08/23 13:43:03.653, 37.41, 32.32, 210, 405, 3, 3, 17340, 254, 61, P8
2026/08/23 13:43:04.163, 36.03, 41.05, 210, 405, 29, 17, 17343, 254, 61, P8
2026/08/23 13:43:04.672, 34.91, 31.63, 210, 405, 3, 3, 17343, 254, 60, P8
2026/08/23 13:43:05.187, 32.69, 31.08, 210, 405, 3, 3, 17346, 254, 60, P8
2026/08/23 13:43:05.698, 33.59, 34.55, 210, 405, 12, 9, 17349, 254, 60, P8
2026/08/23 13:43:06.208, 33.90, 32.62, 210, 405, 3, 9, 17349, 254, 60, P8
2026/08/23 13:43:06.723, 34.12, 32.26, 210, 405, 4, 3, 17349, 254, 60, P8
2026/08/23 13:43:07.232, 33.89, 32.38, 210, 405, 4, 18, 17345, 254, 59, P8
2026/08/23 13:43:07.745, 32.21, 31.64, 210, 405, 4, 16, 17345, 254, 59, P8
2026/08/23 13:43:08.269, 32.79, 39.87, 210, 405, 35, 19, 17352, 254, 59, P8
2026/08/23 13:43:08.783, 33.87, 32.14, 210, 405, 3, 4, 17348, 254, 59, P8
2026/08/23 13:43:09.306, 33.75, 34.08, 210, 405, 4, 8, 17348, 254, 59, P8
2026/08/23 13:43:09.822, 32.40, 31.67, 210, 405, 3, 14, 17348, 254, 59, P8
2026/08/23 13:43:10.333, 31.95, 31.49, 210, 405, 2, 5, 17355, 254, 58, P8
2026/08/23 13:43:10.844, 32.99, 32.72, 210, 405, 5, 4, 17355, 254, 58, P8
2026/08/23 13:43:11.354, 33.81, 38.11, 210, 405, 5, 3, 17355, 254, 58, P8
2026/08/23 13:43:11.865, 36.28, 38.17, 210, 405, 29, 20, 17355, 254, 58, P8
2026/08/23 13:43:12.378, 36.31, 31.03, 210, 405, 4, 17, 17355, 254, 58, P8
2026/08/23 13:43:12.890, 34.05, 34.37, 210, 405, 4, 12, 17355, 254, 58, P8
2026/08/23 13:43:13.402, 36.82, 33.54, 210, 405, 11, 14, 17355, 254, 58, P8
2026/08/23 13:43:13.915, 34.79, 36.03, 210, 405, 19, 12, 17355, 254, 58, P8
2026/08/23 13:43:14.424, 33.63, 30.82, 210, 405, 3, 3, 17355, 254, 57, P8
2026/08/23 13:43:14.940, 31.83, 34.85, 210, 405, 24, 16, 17355, 254, 58, P8
2026/08/23 13:43:15.452, 101.65, 352.96, 1725, 9501, 68, 17, 17351, 254, 66, P2
2026/08/23 13:43:15.967, 247.70, 355.83, 1695, 9501, 100, 27, 17351, 254, 72, P2
2026/08/23 13:43:16.477, 333.57, 344.45, 1665, 9501, 100, 28, 17351, 254, 72, P2
2026/08/23 13:43:16.993, 311.89, 312.43, 1710, 9501, 78, 56, 17357, 254, 71, P2
2026/08/23 13:43:17.503, 320.55, 339.80, 1725, 9501, 82, 54, 17363, 254, 72, P2
2026/08/23 13:43:18.017, 323.76, 291.65, 1860, 9501, 79, 52, 17347, 254, 71, P2
2026/08/23 13:43:18.532, 325.64, 330.20, 1875, 9501, 80, 55, 17347, 254, 72, P2
2026/08/23 13:43:19.044, 327.47, 342.97, 1710, 9501, 79, 67, 17347, 254, 73, P2
2026/08/23 13:43:19.557, 328.73, 352.00, 1815, 9501, 86, 64, 17362, 254, 72, P2
2026/08/23 13:43:20.072, 332.28, 339.62, 1740, 9501, 85, 64, 17362, 254, 73, P2
2026/08/23 13:43:20.581, 338.92, 328.32, 1755, 9501, 96, 82, 17362, 254, 73, P2
2026/08/23 13:43:21.096, 342.67, 367.97, 1710, 9501, 82, 63, 17362, 254, 73, P2
2026/08/23 13:43:21.604, 343.22, 344.09, 1785, 9501, 85, 62, 17362, 254, 74, P2
2026/08/23 13:43:22.118, 345.59, 345.47, 1680, 9501, 89, 73, 17362, 254, 73, P2
2026/08/23 13:43:22.630, 341.94, 329.63, 1755, 9501, 87, 67, 17362, 254, 74, P2
2026/08/23 13:43:23.132, 340.17, 335.42, 1755, 9501, 87, 73, 17362, 254, 74, P2
2026/08/23 13:43:23.634, 340.64, 362.04, 1680, 9501, 91, 76, 17362, 254, 74, P2
2026/08/23 13:43:24.144, 340.95, 353.95, 1710, 9501, 84, 66, 17362, 254, 74, P2
2026/08/23 13:43:24.657, 341.61, 345.17, 1740, 9501, 83, 60, 17362, 254, 74, P2
2026/08/23 13:43:25.172, 340.29, 338.04, 1710, 9501, 87, 58, 17362, 254, 75, P2
2026/08/23 13:43:25.686, 338.65, 335.36, 1740, 9501, 86, 61, 17362, 254, 74, P2
2026/08/23 13:43:26.201, 339.19, 328.95, 1740, 9501, 84, 57, 17362, 254, 74, P2
2026/08/23 13:43:26.715, 340.30, 346.26, 1755, 9501, 89, 60, 17362, 254, 75, P2
2026/08/23 13:43:27.225, 339.97, 341.95, 1710, 9501, 84, 58, 17362, 254, 76, P2
2026/08/23 13:43:27.735, 342.34, 346.02, 1725, 9501, 84, 61, 17362, 254, 76, P2
2026/08/23 13:43:28.238, 341.61, 335.04, 1740, 9501, 89, 60, 17362, 254, 76, P2
2026/08/23 13:43:28.741, 344.16, 346.14, 1725, 9501, 88, 58, 17362, 254, 76, P2
2026/08/23 13:43:29.256, 345.30, 351.56, 1740, 9501, 86, 58, 17362, 254, 76, P2
2026/08/23 13:43:29.860, 336.00, 256.61, 1845, 9501, 47, 34, 17362, 254, 76, P2
2026/08/23 13:43:30.377, 250.05, 157.40, 1935, 9501, 1, 0, 17362, 254, 69, P2
2026/08/23 13:43:30.887, 164.67, 154.07, 1935, 9501, 1, 0, 17362, 254, 69, P2
2026/08/23 13:43:31.400, 154.54, 154.01, 1935, 9501, 1, 0, 17362, 254, 68, P2
2026/08/23 13:43:31.908, 105.58, 85.92, 390, 5001, 1, 0, 17362, 254, 65, P3
2026/08/23 13:43:32.419, 85.65, 84.18, 300, 5001, 1, 0, 17362, 254, 64, P3
2026/08/23 13:43:32.932, 84.64, 83.91, 255, 5001, 2, 0, 17362, 254, 64, P3
2026/08/23 13:43:33.447, 83.89, 83.55, 240, 5001, 2, 0, 17362, 254, 64, P3
2026/08/23 13:43:33.955, 83.62, 83.44, 240, 5001, 3, 0, 17362, 254, 64, P3
2026/08/23 13:43:34.467, 83.52, 83.48, 240, 5001, 2, 0, 17362, 254, 63, P3
2026/08/23 13:43:34.980, 127.94, 356.46, 1710, 9501, 60, 15, 17362, 254, 70, P2
2026/08/23 13:43:35.498, 249.53, 350.68, 1665, 9501, 100, 28, 17362, 254, 75, P2
2026/08/23 13:43:36.010, 343.88, 349.51, 1665, 9501, 100, 28, 17362, 254, 76, P2
2026/08/23 13:43:36.525, 333.36, 343.86, 1650, 9501, 93, 64, 17362, 254, 75, P2
2026/08/23 13:43:37.034, 336.50, 314.31, 1740, 9501, 83, 59, 17362, 254, 76, P2
2026/08/23 13:43:37.549, 342.19, 345.36, 1695, 9501, 89, 58, 17362, 254, 76, P2
2026/08/23 13:43:38.062, 341.73, 370.30, 1710, 9501, 82, 62, 17362, 254, 76, P2
2026/08/23 13:43:38.576, 343.58, 346.80, 1770, 9501, 85, 61, 17362, 254, 75, P2
2026/08/23 13:43:39.091, 341.76, 340.23, 1725, 9501, 84, 56, 17362, 254, 76, P2
2026/08/23 13:43:39.608, 339.23, 321.07, 1755, 9501, 87, 62, 17362, 254, 75, P2
2026/08/23 13:43:40.116, 342.85, 350.67, 1680, 9501, 92, 75, 17362, 254, 76, P2
2026/08/23 13:43:40.631, 342.02, 338.74, 1680, 9501, 82, 65, 17362, 254, 76, P2
2026/08/23 13:43:41.145, 342.86, 346.64, 1725, 9501, 87, 72, 17362, 254, 77, P2
2026/08/23 13:43:41.657, 340.60, 339.67, 1815, 9501, 81, 65, 17362, 254, 76, P2
2026/08/23 13:43:42.172, 339.82, 328.44, 1725, 9501, 81, 55, 17362, 254, 76, P2
2026/08/23 13:43:42.687, 341.05, 366.86, 1665, 9501, 96, 83, 17362, 254, 77, P2
2026/08/23 13:43:43.200, 341.19, 343.57, 1710, 9501, 90, 68, 17362, 254, 77, P2
2026/08/23 13:43:43.715, 343.34, 348.74, 1635, 9501, 86, 60, 17362, 254, 77, P2
2026/08/23 13:43:44.225, 339.24, 336.54, 1755, 9501, 85, 68, 17362, 254, 77, P2
2026/08/23 13:43:44.738, 339.61, 345.46, 1695, 9501, 85, 59, 17362, 254, 76, P2
2026/08/23 13:43:45.253, 340.74, 342.84, 1725, 9501, 86, 60, 17362, 254, 77, P2
2026/08/23 13:43:45.766, 344.95, 353.77, 1785, 9501, 84, 56, 17362, 254, 78, P2
2026/08/23 13:43:46.279, 346.55, 351.44, 1740, 9501, 88, 59, 17362, 254, 78, P2
2026/08/23 13:43:46.794, 346.42, 345.69, 1740, 9501, 86, 57, 17362, 254, 78, P2
2026/08/23 13:43:47.307, 346.07, 349.39, 1725, 9501, 88, 62, 17362, 254, 78, P2
2026/08/23 13:43:47.818, 344.70, 339.78, 1725, 9501, 89, 59, 17362, 254, 78, P2
2026/08/23 13:43:48.319, 345.80, 363.20, 1635, 9501, 90, 58, 17362, 254, 78, P2
2026/08/23 13:43:48.834, 330.66, 194.01, 1905, 9501, 18, 14, 17362, 254, 78, P2
2026/08/23 13:43:49.345, 247.15, 157.38, 1920, 9501, 0, 0, 17362, 254, 72, P2
2026/08/23 13:43:49.859, 161.99, 160.10, 1935, 9501, 1, 0, 17362, 254, 71, P2
2026/08/23 13:43:50.368, 158.19, 157.76, 1935, 9501, 1, 0, 17362, 254, 70, P2
2026/08/23 13:43:50.878, 140.01, 88.07, 420, 5001, 1, 0, 17362, 254, 68, P3
2026/08/23 13:43:51.389, 107.67, 87.13, 345, 5001, 0, 0, 17362, 254, 67, P3
2026/08/23 13:43:51.902, 86.76, 84.68, 270, 5001, 2, 0, 17362, 254, 66, P3
2026/08/23 13:43:52.411, 84.60, 84.33, 240, 5001, 2, 0, 17362, 254, 66, P3
2026/08/23 13:43:52.925, 84.46, 84.36, 240, 5001, 2, 0, 17362, 254, 65, P3
2026/08/23 13:43:53.438, 85.03, 91.43, 240, 5001, 37, 5, 17362, 254, 65, P3
2026/08/23 13:43:53.953, 137.01, 351.75, 1695, 9501, 100, 25, 17362, 254, 73, P2
2026/08/23 13:43:54.469, 258.25, 352.11, 1665, 9501, 100, 27, 17362, 254, 77, P2
2026/08/23 13:43:54.984, 339.62, 285.17, 1785, 9501, 69, 18, 17362, 254, 78, P2
2026/08/23 13:43:55.498, 337.71, 345.83, 1635, 9501, 93, 61, 17362, 254, 77, P2
2026/08/23 13:43:56.011, 338.47, 328.23, 1680, 9501, 84, 68, 17362, 254, 76, P2
2026/08/23 13:43:56.527, 340.95, 344.85, 1740, 9501, 87, 57, 17362, 254, 77, P2
2026/08/23 13:43:57.029, 340.08, 353.29, 1665, 9501, 95, 81, 17362, 254, 77, P2
2026/08/23 13:43:57.541, 342.42, 358.99, 1770, 9501, 83, 58, 17362, 254, 77, P2
2026/08/23 13:43:58.044, 342.09, 344.80, 1755, 9501, 83, 58, 17362, 254, 78, P2
2026/08/23 13:43:58.558, 341.73, 328.79, 1770, 9501, 87, 63, 17362, 254, 77, P2
2026/08/23 13:43:59.073, 341.42, 347.69, 1680, 9501, 94, 76, 17362, 254, 78, P2
2026/08/23 13:43:59.585, 340.86, 350.07, 1740, 9501, 82, 66, 17362, 254, 78, P2
2026/08/23 13:44:00.098, 342.30, 340.79, 1695, 9501, 88, 72, 17362, 254, 78, P2
2026/08/23 13:44:00.609, 341.27, 340.60, 1770, 9501, 82, 67, 17362, 254, 78, P2
2026/08/23 13:44:01.122, 339.29, 329.44, 1695, 9501, 82, 55, 17362, 254, 77, P2
2026/08/23 13:44:01.635, 340.21, 364.03, 1665, 9501, 95, 83, 17362, 254, 78, P2
2026/08/23 13:44:02.149, 340.60, 348.28, 1710, 9501, 89, 68, 17362, 254, 79, P2
2026/08/23 13:44:02.665, 343.81, 354.10, 1665, 9501, 82, 59, 17362, 254, 78, P2
2026/08/23 13:44:03.179, 341.30, 341.77, 1755, 9501, 86, 67, 17362, 254, 78, P2
2026/08/23 13:44:03.694, 340.78, 346.05, 1695, 9501, 86, 58, 17362, 254, 78, P2
2026/08/23 13:44:04.209, 339.91, 332.25, 1695, 9501, 80, 58, 17362, 254, 78, P2
2026/08/23 13:44:04.721, 342.13, 344.29, 1755, 9501, 85, 57, 17362, 254, 79, P2
2026/08/23 13:44:05.234, 343.37, 337.51, 1725, 9501, 87, 58, 17362, 254, 79, P2
2026/08/23 13:44:05.746, 344.00, 350.15, 1725, 9501, 87, 57, 17362, 254, 79, P2
2026/08/23 13:44:06.260, 343.40, 347.50, 1740, 9501, 88, 60, 17362, 254, 79, P2
2026/08/23 13:44:06.773, 345.35, 342.77, 1740, 9501, 87, 59, 17362, 254, 79, P2
2026/08/23 13:44:07.285, 346.00, 361.06, 1665, 9501, 87, 58, 17362, 254, 79, P2
2026/08/23 13:44:07.794, 333.30, 220.69, 1890, 9501, 29, 22, 17362, 254, 78, P2
2026/08/23 13:44:08.303, 250.90, 161.63, 1920, 9501, 1, 0, 17362, 254, 73, P2
2026/08/23 13:44:08.815, 167.15, 160.78, 1920, 9501, 0, 0, 17362, 254, 72, P2
2026/08/23 13:44:09.322, 160.34, 158.49, 1935, 9501, 0, 0, 17362, 254, 72, P2
2026/08/23 13:44:09.834, 141.30, 89.69, 435, 5001, 0, 0, 1656, 254, 69, P3
2026/08/23 13:44:10.349, 108.99, 88.45, 330, 5001, 1, 0, 1656, 254, 68, P3
2026/08/23 13:44:10.861, 87.90, 85.16, 270, 5001, 2, 0, 1656, 254, 67, P3
2026/08/23 13:44:11.375, 86.02, 84.83, 240, 5001, 2, 0, 1656, 254, 67, P3
2026/08/23 13:44:11.886, 84.89, 84.60, 240, 5001, 3, 0, 1656, 254, 67, P3
2026/08/23 13:44:12.396, 84.80, 84.89, 240, 5001, 7, 0, 1656, 254, 67, P3
2026/08/23 13:44:12.912, 84.55, 84.60, 240, 5001, 5, 0, 1656, 254, 66, P3
2026/08/23 13:44:13.422, 81.06, 47.14, 210, 810, 2, 2, 1656, 254, 66, P5
2026/08/23 13:44:13.936, 60.95, 39.23, 210, 810, 2, 2, 1656, 254, 64, P5
2026/08/23 13:44:14.452, 40.32, 38.46, 210, 810, 3, 2, 1656, 254, 64, P5
2026/08/23 13:44:14.962, 38.86, 38.29, 210, 810, 2, 2, 1656, 254, 63, P5
2026/08/23 13:44:15.477, 36.94, 32.34, 210, 405, 3, 3, 1656, 254, 63, P8
2026/08/23 13:44:15.987, 33.96, 32.29, 210, 405, 2, 4, 1656, 254, 63, P8
2026/08/23 13:44:16.500, 32.64, 31.95, 210, 405, 3, 3, 1656, 254, 62, P8
2026/08/23 13:44:17.012, 32.39, 32.17, 210, 405, 2, 6, 1656, 254, 62, P8
2026/08/23 13:44:17.528, 32.51, 32.42, 210, 405, 3, 3, 1656, 254, 62, P8
2026/08/23 13:44:18.041, 32.57, 32.05, 210, 405, 3, 3, 1656, 254, 62, P8
2026/08/23 13:44:18.553, 33.24, 36.88, 210, 405, 3, 3, 1656, 254, 62, P8
2026/08/23 13:44:19.065, 33.26, 31.98, 210, 405, 2, 3, 1656, 254, 61, P8
2026/08/23 13:44:19.581, 32.70, 31.76, 210, 405, 4, 16, 1656, 254, 61, P8
2026/08/23 13:44:20.094, 32.06, 31.62, 210, 405, 2, 3, 1656, 254, 61, P8
2026/08/23 13:44:20.607, 32.03, 31.11, 210, 405, 2, 3, 1656, 254, 61, P8
2026/08/23 13:44:21.120, 32.29, 33.27, 210, 405, 7, 19, 1656, 254, 61, P8
2026/08/23 13:44:21.635, 32.62, 32.03, 210, 405, 3, 10, 1656, 254, 61, P8
2026/08/23 13:44:22.148, 32.53, 32.65, 210, 405, 2, 3, 1656, 254, 60, P8
2026/08/23 13:44:22.660, 32.03, 30.16, 210, 405, 3, 3, 1656, 254, 60, P8
2026/08/23 13:44:23.172, 31.71, 31.14, 210, 405, 4, 3, 1656, 254, 60, P8
2026/08/23 13:44:23.687, 31.34, 30.95, 210, 405, 4, 3, 1656, 254, 60, P8
2026/08/23 13:44:24.199, 31.41, 31.68, 210, 405, 2, 3, 1656, 254, 60, P8
2026/08/23 13:44:24.714, 31.48, 30.83, 210, 405, 3, 3, 1656, 254, 60, P8
2026/08/23 13:44:25.225, 31.03, 30.23, 210, 405, 3, 3, 1656, 254, 59, P8
2026/08/23 13:44:25.737, 30.57, 30.61, 210, 405, 3, 3, 1656, 254, 59, P8
2026/08/23 13:44:26.248, 30.65, 30.78, 210, 405, 2, 3, 1656, 254, 59, P8
2026/08/23 13:44:26.759, 32.07, 31.49, 210, 405, 2, 3, 1656, 254, 59, P8
2026/08/23 13:44:27.272, 32.35, 30.73, 210, 405, 2, 3, 1656, 254, 59, P8
2026/08/23 13:44:27.786, 31.40, 31.90, 210, 405, 2, 3, 1656, 254, 59, P8
2026/08/23 13:44:28.301, 31.82, 31.34, 210, 405, 3, 3, 1656, 254, 59, P8
2026/08/23 13:44:28.815, 31.64, 30.40, 210, 405, 3, 3, 1656, 254, 59, P8
2026/08/23 13:44:29.328, 30.95, 31.33, 210, 405, 2, 17, 1656, 254, 58, P8
2026/08/23 13:44:29.842, 30.84, 29.70, 210, 405, 3, 3, 1656, 254, 58, P8
2026/08/23 13:44:30.356, 30.75, 30.38, 210, 405, 3, 3, 1656, 254, 58, P8
2026/08/23 13:44:30.871, 30.48, 29.84, 210, 405, 2, 3, 1882, 254, 58, P8
2026/08/23 13:44:31.388, 46.26, 122.89, 1725, 9501, 0, 0, 2202, 254, 60, P2
2026/08/23 13:44:31.899, 88.47, 123.52, 1725, 9501, 0, 0, 1882, 254, 62, P2
2026/08/23 13:44:32.416, 124.18, 123.82, 1725, 9501, 0, 0, 1882, 254, 62, P2
2026/08/23 13:44:32.933, 125.61, 133.31, 1965, 9501, 98, 6, 11930, 254, 62, P2
2026/08/23 13:44:33.446, 140.10, 153.51, 1965, 9501, 18, 1, 14944, 254, 64, P2
2026/08/23 13:44:33.958, 152.71, 153.35, 1965, 9501, 17, 1, 14944, 254, 64, P2
2026/08/23 13:44:34.473, 153.43, 153.61, 1965, 9501, 18, 1, 14944, 254, 64, P2
2026/08/23 13:44:34.986, 153.35, 153.22, 1725, 9501, 17, 1, 14944, 254, 64, P2
2026/08/23 13:44:35.502, 141.42, 126.34, 1725, 9501, 17, 1, 14944, 254, 63, P2
2026/08/23 13:44:36.017, 129.16, 126.55, 1725, 9501, 17, 1, 14944, 254, 62, P2
2026/08/23 13:44:36.531, 126.42, 126.34, 1725, 9501, 17, 1, 14944, 254, 62, P2
2026/08/23 13:44:37.042, 138.43, 249.02, 1845, 9501, 66, 45, 17336, 254, 64, P2
2026/08/23 13:44:37.567, 149.29, 151.01, 1965, 9501, 0, 0, 17336, 254, 64, P2
2026/08/23 13:44:38.077, 159.74, 151.11, 1965, 9501, 0, 0, 17336, 254, 64, P2
2026/08/23 13:44:38.589, 151.15, 151.04, 1965, 9501, 0, 0, 17336, 254, 64, P2
2026/08/23 13:44:39.099, 139.80, 84.80, 390, 5001, 1, 0, 17336, 254, 62, P3
2026/08/23 13:44:39.610, 109.57, 84.45, 315, 5001, 1, 0, 17336, 254, 61, P3
2026/08/23 13:44:40.123, 84.03, 82.19, 255, 5001, 1, 0, 17336, 254, 60, P3
2026/08/23 13:44:40.635, 79.08, 44.81, 210, 810, 3, 2, 17336, 254, 60, P5
2026/08/23 13:44:41.152, 61.40, 65.87, 300, 810, 97, 38, 17346, 254, 59, P5
2026/08/23 13:44:41.664, 126.66, 354.14, 1680, 9501, 100, 29, 17350, 254, 69, P2
2026/08/23 13:44:42.179, 259.05, 291.31, 1680, 9501, 61, 15, 17360, 254, 70, P2
2026/08/23 13:44:42.695, 331.04, 339.84, 1770, 9501, 72, 48, 17362, 254, 71, P2
2026/08/23 13:44:43.209, 330.73, 340.64, 1755, 9501, 84, 63, 17362, 254, 72, P2
2026/08/23 13:44:43.723, 343.81, 329.27, 1680, 9501, 92, 59, 17362, 254, 73, P2
2026/08/23 13:44:44.227, 343.52, 359.52, 1665, 9501, 94, 63, 17362, 254, 73, P2
2026/08/23 13:44:44.738, 340.83, 342.73, 1725, 9501, 86, 60, 17362, 254, 73, P2
2026/08/23 13:44:45.251, 344.34, 353.19, 1650, 9501, 94, 62, 17362, 254, 74, P2
2026/08/23 13:44:45.760, 342.41, 343.82, 1665, 9501, 89, 59, 17362, 254, 73, P2
2026/08/23 13:44:46.274, 345.05, 353.49, 1680, 9501, 92, 61, 17362, 254, 74, P2
2026/08/23 13:44:46.788, 345.28, 359.16, 1650, 9501, 94, 63, 17362, 254, 74, P2
2026/08/23 13:44:47.302, 344.97, 355.02, 1650, 9501, 93, 61, 17362, 254, 75, P2
2026/08/23 13:44:47.816, 346.00, 341.82, 1650, 9501, 94, 61, 17362, 254, 75, P2
2026/08/23 13:44:48.319, 344.95, 346.45, 1680, 9501, 94, 60, 17362, 254, 75, P2
2026/08/23 13:44:48.832, 343.58, 335.29, 1680, 9501, 92, 60, 17362, 254, 75, P2
2026/08/23 13:44:49.345, 343.85, 352.33, 1665, 9501, 90, 60, 17362, 254, 75, P2
2026/08/23 13:44:49.860, 344.28, 347.04, 1650, 9501, 94, 61, 17362, 254, 75, P2
2026/08/23 13:44:50.369, 345.77, 357.58, 1665, 9501, 95, 63, 17362, 254, 75, P2
2026/08/23 13:44:50.885, 259.87, 154.52, 1935, 9501, 0, 0, 17362, 254, 69, P2
2026/08/23 13:44:51.396, 175.25, 154.34, 1950, 9501, 0, 0, 17362, 254, 68, P2
2026/08/23 13:44:51.907, 154.35, 153.83, 1950, 9501, 0, 0, 17362, 254, 67, P2
2026/08/23 13:44:52.417, 111.37, 85.28, 345, 5001, 0, 0, 17362, 254, 64, P3
2026/08/23 13:44:52.928, 85.20, 83.50, 270, 5001, 2, 0, 17362, 254, 63, P3
2026/08/23 13:44:53.441, 84.10, 83.48, 240, 5001, 3, 0, 17362, 254, 63, P3
2026/08/23 13:44:53.954, 83.39, 83.15, 240, 5001, 2, 0, 17362, 254, 63, P3
2026/08/23 13:44:54.464, 83.35, 83.42, 240, 5001, 4, 0, 17362, 254, 63, P3
2026/08/23 13:44:54.975, 83.39, 83.30, 240, 5001, 2, 0, 17362, 254, 63, P3
2026/08/23 13:44:55.486, 83.35, 83.21, 240, 5001, 4, 0, 17362, 254, 62, P3
2026/08/23 13:44:55.995, 83.30, 83.49, 210, 810, 7, 0, 17362, 254, 62, P5
2026/08/23 13:44:56.506, 61.87, 37.97, 210, 810, 3, 2, 17362, 254, 60, P5
2026/08/23 13:44:57.020, 43.47, 39.40, 210, 810, 8, 2, 17362, 254, 60, P5
2026/08/23 13:44:57.534, 38.39, 37.14, 210, 810, 2, 2, 17362, 254, 60, P5
2026/08/23 13:44:58.043, 37.78, 33.27, 210, 405, 7, 4, 17362, 254, 60, P8
2026/08/23 13:44:58.554, 35.30, 34.47, 210, 405, 9, 5, 17362, 254, 59, P8
2026/08/23 13:44:59.065, 33.23, 33.16, 210, 405, 9, 5, 17362, 254, 59, P8
2026/08/23 13:44:59.575, 33.86, 35.69, 210, 405, 13, 5, 17362, 254, 59, P8
2026/08/23 13:45:00.086, 34.22, 34.12, 210, 405, 9, 5, 17362, 254, 59, P8
2026/08/23 13:45:00.596, 33.31, 31.73, 210, 405, 4, 3, 17362, 254, 59, P8
2026/08/23 13:45:01.107, 32.97, 33.19, 210, 405, 11, 5, 17362, 254, 59, P8
2026/08/23 13:45:01.618, 33.33, 34.09, 210, 405, 9, 4, 17362, 254, 58, P8
2026/08/23 13:45:02.129, 32.93, 32.27, 210, 405, 4, 3, 17362, 254, 58, P8
2026/08/23 13:45:02.641, 32.67, 32.56, 210, 405, 5, 3, 17362, 254, 58, P8
2026/08/23 13:45:03.150, 32.44, 30.45, 210, 405, 3, 10, 17362, 254, 58, P8
2026/08/23 13:45:03.661, 31.57, 30.89, 210, 405, 5, 3, 17362, 254, 58, P8
2026/08/23 13:45:04.172, 31.65, 30.58, 210, 405, 3, 8, 17362, 254, 58, P8
2026/08/23 13:45:04.683, 32.65, 34.56, 210, 405, 7, 4, 17362, 254, 58, P8
2026/08/23 13:45:05.197, 32.66, 31.78, 210, 405, 6, 4, 17362, 254, 57, P8
2026/08/23 13:45:05.706, 32.33, 31.81, 210, 405, 6, 4, 17362, 254, 57, P8
2026/08/23 13:45:06.218, 31.86, 30.90, 210, 405, 3, 3, 17362, 254, 57, P8
2026/08/23 13:45:06.730, 32.00, 31.41, 210, 405, 4, 3, 17362, 254, 57, P8
2026/08/23 13:45:07.243, 32.33, 34.55, 210, 405, 16, 7, 17362, 254, 57, P8
2026/08/23 13:45:07.757, 32.81, 33.11, 210, 405, 7, 4, 17362, 254, 57, P8
2026/08/23 13:45:08.270, 32.75, 30.19, 210, 405, 3, 3, 17362, 254, 57, P8
2026/08/23 13:45:08.782, 31.51, 30.93, 210, 405, 4, 3, 17362, 254, 57, P8
2026/08/23 13:45:09.296, 31.39, 31.16, 210, 405, 5, 4, 17362, 254, 57, P8
2026/08/23 13:45:09.807, 31.57, 31.34, 210, 405, 9, 4, 17362, 254, 56, P8
2026/08/23 13:45:10.319, 31.80, 32.63, 210, 405, 6, 4, 17362, 254, 56, P8
2026/08/23 13:45:10.832, 61.13, 274.78, 1725, 9501, 100, 27, 17362, 254, 64, P2
2026/08/23 13:45:11.346, 206.08, 357.32, 1695, 9501, 100, 28, 17362, 254, 71, P2
2026/08/23 13:45:11.858, 336.21, 347.84, 1680, 9501, 100, 28, 17362, 254, 71, P2
2026/08/23 13:45:12.373, 335.14, 354.98, 1755, 9501, 85, 57, 17362, 254, 71, P2
2026/08/23 13:45:12.889, 340.92, 357.19, 1620, 9501, 89, 60, 17362, 254, 72, P2
2026/08/23 13:45:13.392, 341.39, 338.64, 1785, 9501, 84, 60, 17362, 254, 72, P2
2026/08/23 13:45:13.906, 341.41, 330.27, 1740, 9501, 92, 62, 17362, 254, 72, P2
2026/08/23 13:45:14.418, 342.30, 321.33, 1755, 9501, 88, 57, 17362, 254, 72, P2
2026/08/23 13:45:14.934, 343.11, 330.42, 1770, 9501, 87, 56, 17362, 254, 73, P2
2026/08/23 13:45:15.449, 342.84, 353.10, 1665, 9501, 93, 61, 17362, 254, 73, P2
2026/08/23 13:45:15.962, 342.53, 356.60, 1650, 9501, 95, 61, 17362, 254, 73, P2
2026/08/23 13:45:16.477, 344.15, 347.99, 1695, 9501, 86, 56, 17362, 254, 74, P2
2026/08/23 13:45:16.990, 345.19, 347.57, 1680, 9501, 90, 59, 17362, 254, 73, P2
2026/08/23 13:45:17.502, 345.61, 348.89, 1665, 9501, 93, 61, 17362, 254, 74, P2
2026/08/23 13:45:18.016, 344.65, 341.28, 1680, 9501, 94, 61, 17362, 254, 74, P2
2026/08/23 13:45:18.530, 343.57, 344.31, 1695, 9501, 92, 60, 17105, 254, 74, P2
2026/08/23 13:45:19.044, 343.71, 341.05, 1665, 9501, 95, 62, 17105, 254, 74, P2
2026/08/23 13:45:19.552, 303.14, 155.05, 1935, 9501, 2, 0, 17105, 254, 68, P2
2026/08/23 13:45:20.064, 216.57, 152.78, 1935, 9501, 2, 0, 17105, 254, 67, P2
2026/08/23 13:45:20.575, 152.89, 152.24, 1935, 9501, 2, 0, 17105, 254, 66, P2
2026/08/23 13:45:21.088, 152.19, 152.42, 585, 5001, 2, 0, 17105, 254, 65, P3
2026/08/23 13:45:21.601, 122.55, 85.22, 495, 5001, 1, 0, 17105, 254, 63, P3
2026/08/23 13:45:22.114, 91.82, 83.69, 375, 5001, 4, 0, 17105, 254, 63, P3
2026/08/23 13:45:22.628, 83.97, 83.28, 330, 5001, 4, 0, 17105, 254, 62, P3
2026/08/23 13:45:23.140, 83.26, 83.29, 255, 5001, 10, 1, 17105, 254, 62, P3
2026/08/23 13:45:23.655, 82.99, 82.86, 240, 5001, 6, 0, 17105, 254, 62, P3
2026/08/23 13:45:24.169, 82.88, 82.94, 240, 5001, 6, 0, 17105, 254, 62, P3
2026/08/23 13:45:24.680, 86.64, 107.59, 285, 5001, 100, 11, 17105, 254, 62, P3
2026/08/23 13:45:25.192, 177.66, 344.68, 1710, 9501, 99, 26, 17105, 254, 72, P2
2026/08/23 13:45:25.703, 291.38, 348.63, 1680, 9501, 100, 26, 17105, 254, 74, P2
2026/08/23 13:45:26.220, 335.08, 341.36, 1800, 9501, 85, 61, 17105, 254, 73, P2
2026/08/23 13:45:26.733, 341.07, 355.08, 1755, 9501, 87, 59, 17105, 254, 74, P2
2026/08/23 13:45:27.247, 345.31, 344.35, 1710, 9501, 90, 58, 17105, 254, 74, P2
2026/08/23 13:45:27.758, 346.25, 350.51, 1665, 9501, 94, 61, 17105, 254, 74, P2
2026/08/23 13:45:28.269, 343.85, 330.91, 1680, 9501, 86, 58, 17105, 254, 75, P2
2026/08/23 13:45:28.785, 342.74, 334.09, 1725, 9501, 88, 57, 17105, 254, 74, P2
2026/08/23 13:45:29.299, 343.29, 346.14, 1695, 9501, 89, 58, 17105, 254, 75, P2
2026/08/23 13:45:29.810, 344.98, 353.71, 1650, 9501, 92, 61, 17105, 254, 75, P2
2026/08/23 13:45:30.323, 345.43, 358.18, 1665, 9501, 95, 63, 17105, 254, 75, P2
2026/08/23 13:45:30.835, 344.70, 346.24, 1650, 9501, 95, 61, 17105, 254, 75, P2
2026/08/23 13:45:31.348, 345.89, 349.29, 1635, 9501, 94, 61, 17105, 254, 76, P2
2026/08/23 13:45:31.861, 345.00, 348.53, 1665, 9501, 92, 60, 17105, 254, 75, P2
2026/08/23 13:45:32.376, 344.69, 346.85, 1665, 9501, 94, 61, 17105, 254, 76, P2
2026/08/23 13:45:32.889, 343.65, 346.21, 1680, 9501, 89, 59, 17105, 254, 76, P2
2026/08/23 13:45:33.403, 344.54, 347.47, 1680, 9501, 95, 60, 17105, 254, 76, P2
2026/08/23 13:45:33.915, 345.30, 366.04, 1650, 9501, 94, 62, 17105, 254, 75, P2
2026/08/23 13:45:34.426, 179.76, 156.39, 1935, 9501, 2, 0, 17105, 254, 68, P2
2026/08/23 13:45:34.938, 156.46, 156.49, 1935, 9501, 4, 0, 17105, 254, 68, P2
2026/08/23 13:45:35.449, 150.28, 95.33, 510, 5001, 3, 0, 17105, 254, 66, P3
2026/08/23 13:45:35.959, 118.72, 86.67, 405, 5001, 8, 1, 17105, 254, 65, P3
2026/08/23 13:45:36.467, 86.73, 84.23, 345, 5001, 4, 0, 17105, 254, 64, P3
2026/08/23 13:45:36.976, 84.78, 83.93, 270, 5001, 5, 0, 17105, 254, 64, P3
2026/08/23 13:45:37.487, 83.97, 83.52, 240, 5001, 1, 0, 17105, 254, 64, P3
2026/08/23 13:45:37.997, 83.82, 83.94, 240, 5001, 10, 1, 17105, 254, 63, P3
2026/08/23 13:45:38.511, 83.70, 83.38, 240, 5001, 4, 0, 17105, 254, 63, P3
2026/08/23 13:45:39.022, 127.43, 341.13, 1695, 9501, 100, 28, 17105, 254, 72, P2
2026/08/23 13:45:39.529, 248.70, 344.18, 1860, 9501, 100, 28, 17105, 254, 73, P2
2026/08/23 13:45:40.040, 334.51, 262.27, 1710, 9501, 66, 18, 17105, 254, 75, P2
2026/08/23 13:45:40.553, 334.80, 342.44, 1740, 9501, 87, 58, 17105, 254, 75, P2
2026/08/23 13:45:41.069, 340.77, 338.75, 1650, 9501, 95, 60, 17105, 254, 75, P2
2026/08/23 13:45:41.583, 342.83, 350.07, 1710, 9501, 89, 60, 17105, 254, 75, P2
2026/08/23 13:45:42.099, 340.86, 323.85, 1740, 9501, 84, 57, 17105, 254, 76, P2
2026/08/23 13:45:42.615, 344.65, 341.34, 1710, 9501, 91, 59, 17105, 254, 76, P2
2026/08/23 13:45:43.117, 342.25, 326.31, 1755, 9501, 89, 57, 17105, 254, 76, P2
2026/08/23 13:45:43.628, 343.90, 332.34, 1665, 9501, 88, 58, 17105, 254, 76, P2
2026/08/23 13:45:44.140, 343.53, 347.93, 1680, 9501, 94, 61, 17105, 254, 76, P2
2026/08/23 13:45:44.642, 344.58, 355.20, 1680, 9501, 93, 61, 17105, 254, 76, P2
2026/08/23 13:45:45.144, 344.32, 344.18, 1665, 9501, 89, 57, 17105, 254, 77, P2
2026/08/23 13:45:45.659, 345.53, 343.32, 1665, 9501, 94, 61, 17105, 254, 77, P2
2026/08/23 13:45:46.172, 344.77, 343.90, 1665, 9501, 94, 60, 17105, 254, 77, P2
2026/08/23 13:45:46.686, 344.29, 344.68, 1665, 9501, 94, 61, 17105, 254, 77, P2
2026/08/23 13:45:47.201, 345.92, 351.01, 1635, 9501, 93, 61, 17105, 254, 77, P2
2026/08/23 13:45:47.717, 345.60, 348.19, 1680, 9501, 93, 60, 17105, 254, 77, P2
2026/08/23 13:45:48.230, 299.70, 158.65, 1920, 9501, 3, 0, 17105, 254, 71, P2
2026/08/23 13:45:48.742, 213.78, 157.30, 1935, 9501, 1, 0, 17105, 254, 70, P2
2026/08/23 13:45:49.249, 157.09, 156.85, 1935, 9501, 1, 0, 17105, 254, 69, P2
2026/08/23 13:45:49.762, 156.61, 156.47, 1935, 9501, 2, 0, 1441, 254, 69, P2
2026/08/23 13:45:50.278, 132.41, 88.32, 405, 5001, 9, 1, 1430, 254, 66, P3
2026/08/23 13:45:50.788, 100.46, 84.76, 345, 5001, 3, 0, 1430, 254, 65, P3
2026/08/23 13:45:51.300, 85.66, 84.29, 270, 5001, 4, 0, 1430, 254, 65, P3
2026/08/23 13:45:51.813, 84.23, 84.00, 240, 5001, 3, 0, 1430, 254, 65, P3
2026/08/23 13:45:52.328, 84.08, 83.93, 240, 5001, 2, 0, 1437, 254, 65, P3
2026/08/23 13:45:52.843, 84.03, 84.10, 240, 5001, 6, 0, 1437, 254, 64, P3
2026/08/23 13:45:53.358, 83.85, 83.63, 240, 5001, 2, 0, 1437, 254, 64, P3
2026/08/23 13:45:53.871, 83.70, 83.33, 240, 5001, 3, 0, 1437, 254, 64, P3
2026/08/23 13:45:54.382, 83.54, 83.40, 240, 5001, 3, 0, 1437, 254, 64, P3
2026/08/23 13:45:54.896, 71.91, 37.92, 210, 810, 4, 4, 1437, 254, 62, P5
2026/08/23 13:45:55.411, 51.58, 37.92, 210, 810, 2, 1, 1437, 254, 62, P5
2026/08/23 13:45:55.923, 38.15, 39.78, 210, 405, 4, 1, 1426, 254, 61, P8
2026/08/23 13:45:56.439, 35.73, 33.41, 210, 405, 6, 11, 1426, 254, 61, P8
2026/08/23 13:45:56.952, 33.84, 34.18, 210, 405, 2, 9, 1426, 254, 61, P8
2026/08/23 13:45:57.466, 33.18, 31.91, 210, 405, 3, 8, 1426, 254, 60, P8
2026/08/23 13:45:57.978, 32.70, 34.83, 210, 405, 12, 6, 1426, 254, 60, P8
2026/08/23 13:45:58.493, 32.32, 31.89, 210, 405, 3, 3, 1426, 254, 60, P8
2026/08/23 13:45:59.006, 32.99, 33.11, 210, 405, 3, 3, 1426, 254, 60, P8
2026/08/23 13:45:59.519, 33.67, 32.24, 210, 405, 5, 11, 1426, 254, 60, P8
2026/08/23 13:46:00.034, 33.32, 32.64, 210, 405, 4, 3, 1426, 254, 60, P8
2026/08/23 13:46:00.546, 33.06, 34.60, 210, 405, 18, 6, 1427, 254, 59, P8
2026/08/23 13:46:01.063, 34.83, 38.09, 210, 405, 25, 11, 1427, 254, 59, P8
2026/08/23 13:46:01.574, 34.75, 31.77, 210, 405, 3, 3, 1427, 254, 59, P8
2026/08/23 13:46:02.088, 32.74, 31.91, 210, 405, 12, 26, 1426, 254, 59, P8
2026/08/23 13:46:02.600, 31.95, 31.18, 210, 405, 2, 5, 1426, 254, 59, P8
2026/08/23 13:46:03.112, 31.80, 31.50, 210, 405, 6, 14, 1426, 254, 59, P8
2026/08/23 13:46:03.622, 31.17, 31.08, 210, 405, 3, 29, 1426, 254, 59, P8
2026/08/23 13:46:04.132, 31.44, 33.37, 210, 405, 4, 3, 1426, 254, 58, P8
2026/08/23 13:46:04.644, 31.38, 30.63, 210, 405, 1, 8, 1426, 254, 58, P8
2026/08/23 13:46:05.166, 31.21, 31.19, 210, 405, 2, 15, 1427, 254, 58, P8
2026/08/23 13:46:05.685, 32.34, 35.20, 210, 405, 23, 9, 1427, 254, 58, P8
2026/08/23 13:46:06.203, 33.68, 36.08, 210, 405, 18, 8, 1427, 254, 58, P8
2026/08/23 13:46:06.719, 33.11, 30.92, 210, 405, 3, 17, 1427, 254, 58, P8
2026/08/23 13:46:07.232, 32.41, 35.47, 210, 405, 28, 21, 1427, 254, 58, P8
2026/08/23 13:46:07.752, 32.77, 33.04, 210, 405, 8, 5, 1426, 254, 57, P8
2026/08/23 13:46:08.255, 32.81, 33.41, 210, 405, 10, 6, 1426, 254, 57, P8
2026/08/23 13:46:08.770, 31.81, 29.94, 210, 405, 3, 23, 1426, 254, 57, P8
2026/08/23 13:46:09.288, 31.16, 30.08, 210, 405, 3, 2, 1426, 254, 57, P8
2026/08/23 13:46:09.806, 30.91, 30.57, 210, 405, 10, 24, 1426, 254, 57, P8
2026/08/23 13:46:10.323, 30.69, 30.63, 210, 405, 2, 10, 1426, 254, 57, P8
2026/08/23 13:46:10.840, 31.27, 33.14, 210, 405, 8, 13, 1426, 254, 57, P8
2026/08/23 13:46:11.357, 31.74, 31.07, 210, 405, 2, 9, 1652, 254, 57, P8
2026/08/23 13:46:11.877, 60.10, 121.60, 1725, 9501, 0, 0, 1652, 254, 60, P2
2026/08/23 13:46:12.383, 101.42, 122.71, 1725, 9501, 2, 0, 1652, 254, 61, P2
2026/08/23 13:46:12.901, 122.42, 122.54, 1725, 9501, 0, 0, 1652, 254, 61, P2
2026/08/23 13:46:13.405, 122.43, 122.89, 1725, 9501, 1, 0, 14714, 254, 61, P2
2026/08/23 13:46:13.921, 141.47, 152.26, 1965, 9501, 17, 1, 14714, 254, 62, P2
2026/08/23 13:46:14.440, 152.84, 151.85, 1965, 9501, 8, 0, 14714, 254, 62, P2
2026/08/23 13:46:14.955, 151.61, 151.61, 1965, 9501, 8, 0, 14714, 254, 63, P2
2026/08/23 13:46:15.463, 149.29, 127.81, 1725, 9501, 10, 1, 14714, 254, 62, P2
2026/08/23 13:46:15.981, 136.95, 124.10, 1725, 9501, 6, 0, 14714, 254, 61, P2
2026/08/23 13:46:16.489, 124.53, 124.00, 1725, 9501, 7, 0, 14714, 254, 61, P2
2026/08/23 13:46:17.005, 124.20, 124.72, 1725, 9501, 9, 1, 14714, 254, 61, P2
2026/08/23 13:46:17.522, 104.11, 47.35, 675, 810, 27, 4, 14714, 254, 58, P5
2026/08/23 13:46:18.027, 69.17, 46.82, 600, 810, 18, 3, 14714, 254, 58, P5
2026/08/23 13:46:18.544, 45.84, 40.04, 570, 810, 14, 3, 14714, 254, 57, P5
2026/08/23 13:46:19.047, 44.27, 43.50, 510, 810, 25, 4, 14715, 254, 57, P5
2026/08/23 13:46:19.565, 43.23, 43.46, 480, 810, 26, 4, 14715, 254, 57, P5
2026/08/23 13:46:20.070, 43.47, 44.00, 450, 810, 34, 7, 14715, 254, 57, P5
2026/08/23 13:46:20.588, 43.61, 42.27, 435, 810, 31, 7, 14715, 254, 57, P5
2026/08/23 13:46:21.093, 43.37, 39.79, 495, 810, 50, 12, 14714, 254, 57, P5
2026/08/23 13:46:21.610, 43.27, 45.18, 495, 810, 86, 23, 20538, 254, 57, P5
2026/08/23 13:46:22.127, 95.49, 249.49, 1950, 9501, 42, 34, 21300, 254, 63, P2
2026/08/23 13:46:22.645, 144.83, 150.24, 1965, 9501, 0, 0, 21300, 254, 62, P2
2026/08/23 13:46:23.160, 159.88, 150.42, 1965, 9501, 1, 0, 21300, 254, 62, P2
2026/08/23 13:46:23.673, 150.58, 151.77, 1965, 9501, 5, 0, 21300, 254, 62, P2
2026/08/23 13:46:24.190, 139.59, 85.48, 525, 5001, 15, 1, 21300, 254, 60, P3
2026/08/23 13:46:24.709, 109.60, 84.46, 450, 5001, 4, 1, 21300, 254, 59, P3
2026/08/23 13:46:25.225, 83.99, 82.15, 345, 5001, 3, 0, 21311, 254, 59, P3
2026/08/23 13:46:25.732, 86.28, 107.10, 345, 5001, 92, 12, 21313, 254, 60, P3
2026/08/23 13:46:26.238, 176.30, 342.07, 1710, 9501, 97, 27, 21324, 254, 70, P2
2026/08/23 13:46:26.754, 279.41, 302.53, 1710, 9501, 70, 18, 21324, 254, 70, P2
2026/08/23 13:46:27.272, 309.93, 271.72, 1845, 9501, 44, 28, 21326, 254, 69, P2
2026/08/23 13:46:27.790, 312.60, 305.55, 1725, 9501, 70, 47, 21326, 254, 70, P2
2026/08/23 13:46:28.309, 316.70, 338.54, 1710, 9501, 67, 46, 21326, 254, 71, P2
2026/08/23 13:46:28.827, 322.36, 309.16, 1890, 9501, 69, 47, 21326, 254, 71, P2
2026/08/23 13:46:29.342, 315.67, 355.33, 1695, 9501, 79, 56, 21327, 254, 71, P2
2026/08/23 13:46:29.857, 306.66, 259.71, 1950, 9501, 48, 33, 21326, 254, 70, P2
2026/08/23 13:46:30.373, 319.04, 325.58, 1740, 9501, 85, 55, 21326, 254, 72, P2
2026/08/23 13:46:30.894, 316.74, 342.13, 1815, 9501, 85, 58, 21326, 254, 72, P2
2026/08/23 13:46:31.412, 325.49, 325.55, 1710, 9501, 73, 50, 21326, 254, 72, P2
2026/08/23 13:46:31.929, 324.97, 308.27, 1680, 9501, 70, 41, 21326, 254, 72, P2
2026/08/23 13:46:32.446, 328.83, 333.51, 1680, 9501, 83, 55, 21326, 254, 73, P2
2026/08/23 13:46:32.962, 332.96, 335.74, 1725, 9501, 78, 50, 21327, 254, 73, P2
2026/08/23 13:46:33.479, 336.23, 322.37, 1650, 9501, 85, 54, 21327, 254, 73, P2
2026/08/23 13:46:33.996, 337.88, 339.18, 1695, 9501, 86, 58, 21327, 254, 73, P2
2026/08/23 13:46:34.513, 337.19, 338.13, 1695, 9501, 87, 59, 21327, 254, 74, P2
2026/08/23 13:46:35.031, 336.53, 337.51, 1695, 9501, 88, 57, 21326, 254, 74, P2
2026/08/23 13:46:35.544, 334.97, 341.51, 1740, 9501, 83, 54, 21326, 254, 74, P2
2026/08/23 13:46:36.060, 333.92, 335.54, 1920, 9501, 77, 49, 21326, 254, 72, P2
2026/08/23 13:46:36.573, 250.94, 154.76, 1950, 9501, 5, 0, 21327, 254, 67, P2
2026/08/23 13:46:37.089, 169.65, 153.18, 1950, 9501, 0, 0, 21326, 254, 67, P2
2026/08/23 13:46:37.601, 153.69, 153.36, 1950, 9501, 1, 0, 21326, 254, 66, P2
2026/08/23 13:46:38.118, 141.76, 86.28, 435, 5001, 11, 1, 21327, 254, 64, P3
2026/08/23 13:46:38.633, 111.01, 85.47, 390, 5001, 13, 1, 21327, 254, 63, P3
2026/08/23 13:46:39.150, 85.00, 83.20, 300, 5001, 1, 0, 21327, 254, 62, P3
2026/08/23 13:46:39.663, 84.01, 83.37, 255, 5001, 2, 0, 21326, 254, 62, P3
2026/08/23 13:46:40.179, 83.36, 82.99, 240, 5001, 2, 0, 21326, 254, 62, P3
2026/08/23 13:46:40.694, 83.14, 83.13, 240, 5001, 3, 0, 21326, 254, 62, P3
2026/08/23 13:46:41.211, 83.02, 82.96, 240, 5001, 4, 0, 21326, 254, 62, P3
2026/08/23 13:46:41.722, 82.96, 83.21, 240, 5001, 5, 1, 21326, 254, 61, P3
2026/08/23 13:46:42.236, 82.95, 83.43, 240, 5001, 15, 1, 21327, 254, 61, P3
2026/08/23 13:46:42.748, 70.50, 36.78, 210, 810, 2, 1, 21327, 254, 60, P5
2026/08/23 13:46:43.263, 47.90, 36.25, 210, 810, 2, 1, 21326, 254, 59, P5
2026/08/23 13:46:43.779, 38.77, 38.40, 210, 810, 8, 3, 21327, 254, 59, P5
2026/08/23 13:46:44.292, 38.76, 36.36, 210, 405, 2, 1, 21326, 254, 59, P8
2026/08/23 13:46:44.806, 36.18, 33.76, 210, 405, 4, 2, 21327, 254, 59, P8
2026/08/23 13:46:45.308, 35.28, 33.12, 210, 405, 12, 6, 21327, 254, 58, P8
2026/08/23 13:46:45.824, 34.73, 30.94, 210, 405, 5, 2, 21326, 254, 58, P8
2026/08/23 13:46:46.339, 32.63, 30.42, 210, 405, 2, 5, 21326, 254, 58, P8
2026/08/23 13:46:46.858, 31.33, 30.87, 210, 405, 3, 4, 21326, 254, 58, P8
2026/08/23 13:46:47.372, 31.22, 30.87, 210, 405, 2, 4, 21326, 254, 58, P8
2026/08/23 13:46:47.888, 31.19, 30.92, 210, 405, 3, 3, 21326, 254, 57, P8
2026/08/23 13:46:48.393, 31.57, 31.08, 210, 405, 6, 4, 21326, 254, 57, P8
2026/08/23 13:46:48.909, 31.58, 30.57, 210, 405, 2, 8, 21326, 254, 57, P8
2026/08/23 13:46:49.423, 31.26, 31.75, 210, 405, 10, 6, 21327, 254, 57, P8
2026/08/23 13:46:49.936, 31.95, 31.58, 210, 405, 4, 4, 21326, 254, 57, P8
2026/08/23 13:46:50.450, 32.33, 30.73, 210, 405, 4, 3, 21326, 254, 57, P8
2026/08/23 13:46:50.967, 31.29, 30.80, 210, 405, 3, 3, 21326, 254, 57, P8
2026/08/23 13:46:51.483, 30.79, 30.69, 210, 405, 6, 10, 21326, 254, 56, P8
2026/08/23 13:46:52.003, 30.63, 30.00, 210, 405, 2, 2, 21327, 254, 56, P8
2026/08/23 13:46:52.507, 32.43, 36.26, 210, 405, 20, 12, 21327, 254, 56, P8
2026/08/23 13:46:53.025, 34.16, 29.74, 210, 405, 3, 3, 21326, 254, 56, P8
2026/08/23 13:46:53.542, 31.92, 30.62, 210, 405, 4, 3, 21326, 254, 56, P8
2026/08/23 13:46:54.049, 31.48, 33.50, 210, 405, 20, 7, 21327, 254, 56, P8
2026/08/23 13:46:54.564, 32.88, 31.53, 210, 405, 9, 6, 21327, 254, 56, P8
2026/08/23 13:46:55.078, 33.83, 30.52, 210, 405, 2, 3, 21326, 254, 56, P8
2026/08/23 13:46:55.596, 34.19, 35.01, 210, 405, 27, 9, 21326, 254, 56, P8
2026/08/23 13:46:56.114, 33.45, 32.74, 210, 405, 19, 7, 21327, 254, 56, P8
2026/08/23 13:46:56.628, 33.05, 29.73, 210, 405, 4, 2, 21327, 254, 55, P8
2026/08/23 13:46:57.147, 32.07, 29.33, 210, 405, 2, 6, 21329, 254, 55, P8
2026/08/23 13:46:57.665, 31.14, 29.63, 210, 405, 2, 14, 21330, 254, 55, P8
2026/08/23 13:46:58.184, 31.17, 31.51, 210, 405, 10, 16, 21330, 254, 55, P8
2026/08/23 13:46:58.699, 31.93, 29.86, 210, 405, 3, 2, 21332, 254, 55, P8
2026/08/23 13:46:59.217, 33.93, 31.43, 210, 405, 11, 7, 21332, 254, 55, P8
2026/08/23 13:46:59.731, 32.06, 29.48, 210, 405, 2, 3, 21332, 254, 55, P8
2026/08/23 13:47:00.246, 30.58, 30.81, 210, 405, 3, 10, 21332, 254, 55, P8
2026/08/23 13:47:00.763, 31.55, 29.56, 210, 405, 3, 9, 21332, 254, 55, P8
2026/08/23 13:47:01.279, 32.10, 32.68, 210, 405, 18, 7, 21332, 254, 55, P8
2026/08/23 13:47:01.796, 32.01, 30.20, 210, 405, 5, 9, 21332, 254, 55, P8
2026/08/23 13:47:02.309, 32.31, 32.30, 210, 405, 10, 27, 21332, 254, 55, P8
2026/08/23 13:47:02.827, 32.18, 36.70, 210, 405, 3, 9, 21332, 254, 54, P8
2026/08/23 13:47:03.346, 31.97, 33.04, 210, 405, 10, 6, 21332, 254, 54, P8
2026/08/23 13:47:03.862, 32.67, 33.69, 210, 405, 25, 9, 21332, 254, 54, P8
2026/08/23 13:47:04.378, 32.56, 35.94, 210, 405, 14, 5, 21332, 254, 54, P8
2026/08/23 13:47:04.894, 32.39, 31.15, 210, 405, 26, 8, 21332, 254, 54, P8
2026/08/23 13:47:05.411, 33.14, 35.22, 210, 405, 11, 6, 21332, 254, 54, P8
2026/08/23 13:47:05.927, 32.19, 33.97, 210, 405, 10, 6, 21332, 254, 54, P8
2026/08/23 13:47:06.433, 88.24, 354.48, 1725, 9501, 100, 28, 21332, 254, 63, P2
2026/08/23 13:47:06.950, 232.45, 340.12, 1725, 9501, 100, 28, 21332, 254, 68, P2
2026/08/23 13:47:07.466, 334.80, 348.80, 1710, 9501, 100, 29, 21332, 254, 69, P2
2026/08/23 13:47:07.982, 313.86, 324.43, 1800, 9501, 74, 48, 21332, 254, 69, P2
2026/08/23 13:47:08.497, 304.24, 258.79, 1920, 9501, 46, 33, 21332, 254, 67, P2
2026/08/23 13:47:09.014, 311.70, 345.39, 1695, 9501, 90, 60, 21332, 254, 69, P2
2026/08/23 13:47:09.531, 318.84, 329.02, 1755, 9501, 82, 50, 21332, 254, 69, P2
2026/08/23 13:47:10.050, 329.14, 323.16, 1725, 9501, 83, 57, 21332, 254, 70, P2
2026/08/23 13:47:10.568, 327.93, 329.93, 1770, 9501, 78, 48, 21332, 254, 70, P2
2026/08/23 13:47:11.086, 329.35, 341.74, 1740, 9501, 86, 58, 21332, 254, 70, P2
2026/08/23 13:47:11.603, 326.29, 349.32, 1680, 9501, 79, 49, 21332, 254, 70, P2
2026/08/23 13:47:12.120, 324.56, 340.03, 1725, 9501, 86, 55, 21332, 254, 71, P2
2026/08/23 13:47:12.635, 319.57, 249.77, 1920, 9501, 81, 51, 21332, 254, 69, P2
2026/08/23 13:47:13.151, 312.36, 331.00, 1890, 9501, 65, 43, 21332, 254, 70, P2
2026/08/23 13:47:13.653, 316.31, 327.78, 1680, 9501, 80, 51, 21332, 254, 71, P2
2026/08/23 13:47:14.170, 332.61, 343.80, 1710, 9501, 89, 59, 21332, 254, 72, P2
2026/08/23 13:47:14.689, 331.10, 327.22, 1710, 9501, 77, 53, 21332, 254, 72, P2
2026/08/23 13:47:15.191, 331.43, 348.09, 1725, 9501, 90, 57, 21332, 254, 72, P2
2026/08/23 13:47:15.708, 330.02, 330.96, 1740, 9501, 74, 52, 21332, 254, 72, P2
2026/08/23 13:47:16.224, 327.59, 344.18, 1710, 9501, 88, 59, 21332, 254, 72, P2
2026/08/23 13:47:16.739, 328.57, 346.78, 1710, 9501, 90, 60, 21332, 254, 72, P2
2026/08/23 13:47:17.255, 310.33, 150.57, 1935, 9501, 1, 0, 21332, 254, 69, P2
2026/08/23 13:47:17.770, 227.16, 152.61, 1950, 9501, 1, 0, 21332, 254, 66, P2
2026/08/23 13:47:18.283, 152.31, 153.24, 1950, 9501, 2, 0, 21332, 254, 65, P2
2026/08/23 13:47:18.798, 153.03, 152.14, 1950, 9501, 1, 0, 21332, 254, 65, P2
2026/08/23 13:47:19.303, 135.54, 85.33, 585, 5001, 2, 0, 21332, 254, 62, P3
2026/08/23 13:47:19.816, 104.32, 85.03, 495, 5001, 2, 0, 21332, 254, 61, P3
2026/08/23 13:47:20.329, 84.51, 83.37, 375, 5001, 3, 0, 21332, 254, 61, P3
2026/08/23 13:47:20.846, 83.65, 83.10, 315, 5001, 2, 0, 21332, 254, 61, P3
2026/08/23 13:47:21.365, 82.99, 82.87, 255, 5001, 6, 0, 21332, 254, 60, P3
2026/08/23 13:47:21.879, 82.76, 82.63, 240, 5001, 2, 0, 21326, 254, 60, P3
2026/08/23 13:47:22.392, 84.66, 102.81, 240, 5001, 100, 9, 21345, 254, 60, P3
2026/08/23 13:47:22.908, 174.44, 346.04, 1710, 9501, 100, 29, 21345, 254, 70, P2
2026/08/23 13:47:23.424, 336.68, 346.45, 1755, 9501, 88, 62, 21335, 254, 72, P2
2026/08/23 13:47:23.926, 341.88, 354.04, 1770, 9501, 86, 61, 21332, 254, 73, P2
2026/08/23 13:47:24.441, 344.39, 335.95, 1680, 9501, 88, 57, 21332, 254, 72, P2
2026/08/23 13:47:24.944, 346.07, 346.95, 1680, 9501, 92, 60, 21332, 254, 73, P2
2026/08/23 13:47:25.460, 343.60, 333.87, 1725, 9501, 83, 59, 21332, 254, 73, P2
2026/08/23 13:47:25.972, 341.80, 336.30, 1725, 9501, 89, 58, 21332, 254, 74, P2
2026/08/23 13:47:26.475, 343.24, 348.57, 1680, 9501, 89, 59, 21332, 254, 73, P2
2026/08/23 13:47:26.991, 343.05, 339.84, 1680, 9501, 93, 60, 21332, 254, 74, P2
2026/08/23 13:47:27.507, 343.06, 355.46, 1680, 9501, 95, 62, 21332, 254, 74, P2
2026/08/23 13:47:28.021, 344.01, 339.62, 1665, 9501, 94, 61, 21332, 254, 74, P2
2026/08/23 13:47:28.537, 345.06, 356.74, 1650, 9501, 94, 60, 21333, 254, 74, P2
2026/08/23 13:47:29.052, 343.75, 342.89, 1665, 9501, 94, 61, 21332, 254, 74, P2
2026/08/23 13:47:29.567, 344.69, 339.22, 1650, 9501, 93, 60, 21332, 254, 74, P2
2026/08/23 13:47:30.071, 343.60, 345.06, 1665, 9501, 90, 58, 21332, 254, 74, P2
2026/08/23 13:47:30.586, 343.99, 342.75, 1635, 9501, 95, 61, 21332, 254, 75, P2
2026/08/23 13:47:31.102, 344.15, 349.27, 1665, 9501, 94, 62, 21332, 254, 75, P2
2026/08/23 13:47:31.618, 259.99, 155.52, 1950, 9501, 1, 0, 21332, 254, 68, P2
2026/08/23 13:47:32.133, 174.40, 154.66, 1950, 9501, 1, 0, 21332, 254, 67, P2
2026/08/23 13:47:32.638, 154.30, 153.13, 1950, 9501, 0, 0, 21332, 254, 67, P2
2026/08/23 13:47:33.153, 148.15, 93.86, 435, 5001, 2, 0, 21332, 254, 66, P3
2026/08/23 13:47:33.669, 116.99, 85.14, 360, 5001, 1, 0, 21332, 254, 64, P3
2026/08/23 13:47:34.185, 85.63, 83.81, 285, 5001, 4, 0, 21332, 254, 63, P3
2026/08/23 13:47:34.700, 84.21, 83.66, 240, 5001, 3, 0, 21332, 254, 63, P3
2026/08/23 13:47:35.217, 83.79, 83.93, 240, 5001, 10, 0, 21332, 254, 62, P3
2026/08/23 13:47:35.735, 83.54, 83.58, 240, 5001, 5, 0, 21332, 254, 62, P3
2026/08/23 13:47:36.252, 83.52, 83.59, 240, 5001, 9, 0, 21333, 254, 62, P3
2026/08/23 13:47:36.755, 128.25, 343.89, 1695, 9501, 100, 24, 21332, 254, 68, P2
2026/08/23 13:47:37.269, 249.37, 358.12, 1680, 9501, 100, 28, 21333, 254, 74, P2
2026/08/23 13:47:37.770, 336.98, 297.89, 1755, 9501, 72, 19, 21333, 254, 75, P2
2026/08/23 13:47:38.285, 334.07, 337.42, 1740, 9501, 86, 58, 21333, 254, 74, P2
2026/08/23 13:47:38.802, 339.07, 348.07, 1695, 9501, 95, 59, 21333, 254, 75, P2
2026/08/23 13:47:39.306, 341.99, 337.65, 1800, 9501, 87, 56, 21332, 254, 74, P2
2026/08/23 13:47:39.808, 342.66, 326.34, 1725, 9501, 90, 61, 21332, 254, 75, P2
2026/08/23 13:47:40.310, 343.27, 347.92, 1665, 9501, 92, 60, 21332, 254, 75, P2
2026/08/23 13:47:40.812, 341.39, 333.15, 1725, 9501, 92, 57, 21333, 254, 75, P2
2026/08/23 13:47:41.327, 343.89, 328.34, 1680, 9501, 90, 59, 21333, 254, 75, P2
2026/08/23 13:47:41.843, 343.81, 353.62, 1665, 9501, 89, 57, 21333, 254, 75, P2
2026/08/23 13:47:42.345, 343.38, 345.83, 1665, 9501, 89, 58, 21333, 254, 75, P2
2026/08/23 13:47:42.850, 342.89, 319.63, 1710, 9501, 90, 53, 21333, 254, 75, P2
2026/08/23 13:47:43.352, 344.47, 342.18, 1650, 9501, 93, 60, 21332, 254, 76, P2
2026/08/23 13:47:43.856, 343.16, 331.97, 1650, 9501, 93, 60, 21332, 254, 75, P2
2026/08/23 13:47:44.371, 344.92, 342.77, 1665, 9501, 93, 61, 21332, 254, 76, P2
2026/08/23 13:47:44.887, 343.81, 332.42, 1635, 9501, 94, 61, 21332, 254, 76, P2
2026/08/23 13:47:45.400, 344.54, 348.91, 1650, 9501, 94, 61, 21332, 254, 76, P2
2026/08/23 13:47:45.913, 305.77, 156.48, 1920, 9501, 0, 0, 21333, 254, 71, P2
2026/08/23 13:47:46.430, 154.80, 152.99, 1935, 9501, 0, 0, 21332, 254, 68, P2
2026/08/23 13:47:46.945, 153.92, 153.55, 1935, 9501, 1, 0, 21333, 254, 68, P2
2026/08/23 13:47:47.462, 129.76, 86.57, 450, 5001, 2, 0, 1433, 254, 65, P3
2026/08/23 13:47:47.966, 99.18, 86.19, 345, 5001, 6, 0, 1432, 254, 65, P3
2026/08/23 13:47:48.471, 85.36, 83.93, 300, 5001, 4, 0, 1432, 254, 64, P3
2026/08/23 13:47:48.973, 84.21, 83.62, 240, 5001, 5, 0, 1432, 254, 64, P3
2026/08/23 13:47:49.487, 83.81, 84.57, 240, 5001, 21, 1, 1432, 254, 64, P3
2026/08/23 13:47:50.002, 83.75, 83.50, 240, 5001, 4, 0, 1432, 254, 63, P3
2026/08/23 13:47:50.518, 83.55, 83.14, 240, 5001, 3, 0, 1433, 254, 63, P3
2026/08/23 13:47:51.031, 83.44, 83.98, 240, 5001, 18, 1, 1433, 254, 63, P3
2026/08/23 13:47:51.547, 83.35, 82.88, 240, 5001, 2, 0, 1433, 254, 63, P3
2026/08/23 13:47:52.051, 72.22, 40.75, 210, 810, 9, 2, 1432, 254, 61, P5
2026/08/23 13:47:52.565, 48.88, 39.84, 210, 810, 19, 3, 1433, 254, 61, P5
2026/08/23 13:47:53.081, 39.01, 37.65, 210, 810, 4, 2, 1432, 254, 60, P5
2026/08/23 13:47:53.585, 37.73, 36.39, 210, 810, 4, 2, 1432, 254, 60, P8
2026/08/23 13:47:54.090, 34.46, 32.28, 210, 405, 5, 3, 1432, 254, 60, P8
2026/08/23 13:47:54.595, 33.03, 35.78, 210, 405, 10, 5, 1432, 254, 60, P8
2026/08/23 13:47:55.110, 34.02, 35.05, 210, 405, 12, 4, 1432, 254, 60, P8
2026/08/23 13:47:55.628, 34.34, 31.18, 210, 405, 2, 14, 1432, 254, 59, P8
2026/08/23 13:47:56.144, 33.40, 33.07, 210, 405, 6, 5, 1447, 254, 59, P8
2026/08/23 13:47:56.659, 33.96, 36.63, 210, 405, 15, 8, 1441, 254, 59, P8
2026/08/23 13:47:57.174, 35.33, 35.34, 210, 405, 9, 4, 1441, 254, 59, P8
2026/08/23 13:47:57.691, 33.78, 32.18, 210, 405, 5, 25, 1441, 254, 59, P8
2026/08/23 13:47:58.209, 34.03, 36.59, 210, 405, 12, 5, 1441, 254, 59, P8
2026/08/23 13:47:58.714, 35.05, 38.63, 210, 405, 30, 16, 1462, 254, 59, P8
2026/08/23 13:47:59.219, 35.03, 34.73, 210, 405, 12, 4, 1462, 254, 58, P8
2026/08/23 13:47:59.734, 34.18, 31.35, 210, 405, 3, 3, 1462, 254, 58, P8
2026/08/23 13:48:00.251, 66.65, 125.72, 1725, 9751, 3, 0, 1462, 254, 61, P0
2026/08/23 13:48:00.766, 108.75, 125.90, 1725, 9751, 2, 0, 1462, 254, 62, P0
2026/08/23 13:48:01.282, 125.82, 126.56, 1725, 9751, 4, 0, 1449, 254, 62, P0
2026/08/23 13:48:01.798, 125.98, 126.00, 1725, 9751, 2, 0, 1449, 254, 62, P0
2026/08/23 13:48:02.316, 126.00, 125.68, 1725, 9751, 0, 0, 1449, 254, 62, P0
2026/08/23 13:48:02.832, 100.73, 46.56, 375, 810, 1, 1, 1450, 254, 59, P5
2026/08/23 13:48:03.348, 64.66, 46.51, 315, 810, 2, 2, 1449, 254, 59, P5
2026/08/23 13:48:03.864, 41.50, 31.03, 255, 405, 7, 4, 1449, 254, 58, P8
2026/08/23 13:48:04.379, 35.15, 33.47, 225, 405, 10, 5, 1450, 254, 58, P8
2026/08/23 13:48:04.881, 33.34, 38.73, 210, 405, 41, 9, 1449, 254, 58, P8
2026/08/23 13:48:05.384, 32.98, 31.29, 210, 405, 3, 3, 1449, 254, 57, P8
2026/08/23 13:48:05.900, 32.80, 30.80, 210, 405, 6, 4, 1449, 254, 57, P8
2026/08/23 13:48:06.414, 30.86, 30.91, 210, 405, 7, 4, 1449, 254, 57, P8
2026/08/23 13:48:06.932, 30.92, 30.30, 210, 405, 3, 3, 1450, 254, 57, P8
2026/08/23 13:48:07.449, 32.78, 34.73, 210, 405, 22, 6, 1449, 254, 57, P8
2026/08/23 13:48:07.954, 32.49, 29.53, 210, 405, 4, 3, 1450, 254, 57, P8
2026/08/23 13:48:08.458, 31.47, 29.69, 210, 405, 2, 2, 1450, 254, 56, P8
2026/08/23 13:48:08.974, 58.75, 122.70, 1725, 9501, 6, 0, 1675, 254, 59, P2
2026/08/23 13:48:09.489, 100.64, 126.10, 1725, 9501, 23, 2, 1676, 254, 60, P2
2026/08/23 13:48:09.992, 122.68, 122.14, 1725, 9501, 0, 0, 1675, 254, 60, P2
2026/08/23 13:48:10.507, 122.86, 123.65, 1725, 9501, 8, 0, 1675, 254, 60, P2
2026/08/23 13:48:11.011, 127.34, 158.76, 1965, 9501, 98, 6, 14737, 254, 61, P2
2026/08/23 13:48:11.527, 141.49, 151.29, 1965, 9501, 17, 1, 14737, 254, 62, P2
2026/08/23 13:48:12.042, 153.28, 151.84, 1965, 9501, 17, 1, 14737, 254, 62, P2
2026/08/23 13:48:12.558, 152.11, 152.71, 1965, 9501, 20, 1, 14737, 254, 62, P2
2026/08/23 13:48:13.061, 150.01, 128.73, 1725, 9501, 17, 1, 14737, 254, 62, P2
2026/08/23 13:48:13.566, 138.12, 126.69, 1725, 9501, 24, 1, 14737, 254, 61, P2
2026/08/23 13:48:14.080, 126.15, 125.90, 1725, 9501, 21, 1, 14737, 254, 61, P2
2026/08/23 13:48:14.597, 125.67, 125.16, 1725, 9501, 18, 1, 14737, 254, 61, P2
2026/08/23 13:48:15.113, 136.88, 234.59, 1875, 9501, 58, 27, 21324, 254, 62, P2
2026/08/23 13:48:15.627, 158.59, 149.46, 1950, 9501, 2, 0, 21324, 254, 63, P2
2026/08/23 13:48:16.130, 168.54, 150.12, 1950, 9501, 1, 0, 21323, 254, 62, P2
2026/08/23 13:48:16.645, 149.91, 149.48, 1950, 9501, 0, 0, 21323, 254, 62, P2
2026/08/23 13:48:17.159, 144.30, 92.09, 480, 5001, 0, 0, 21323, 254, 61, P3
2026/08/23 13:48:17.672, 114.62, 84.29, 360, 5001, 1, 0, 21323, 254, 60, P3
2026/08/23 13:48:18.188, 84.52, 82.79, 315, 5001, 4, 0, 21323, 254, 59, P3
2026/08/23 13:48:18.700, 82.94, 82.69, 255, 5001, 15, 1, 21329, 254, 59, P3
2026/08/23 13:48:19.217, 76.18, 65.78, 375, 810, 99, 59, 21335, 254, 58, P5
2026/08/23 13:48:19.733, 168.56, 343.73, 1695, 9501, 99, 27, 21335, 254, 69, P2
2026/08/23 13:48:20.250, 292.69, 354.83, 1665, 9501, 100, 26, 21335, 254, 71, P2
2026/08/23 13:48:20.766, 343.87, 341.20, 1695, 9501, 100, 28, 21343, 254, 72, P2
2026/08/23 13:48:21.280, 342.29, 333.96, 1710, 9501, 100, 28, 21343, 254, 73, P2
2026/08/23 13:48:21.794, 343.69, 352.31, 1695, 9501, 99, 27, 21343, 254, 73, P2
2026/08/23 13:48:22.297, 343.48, 343.91, 1695, 9501, 100, 25, 21343, 254, 73, P2
2026/08/23 13:48:22.816, 342.53, 340.02, 1710, 9501, 100, 26, 21343, 254, 73, P2
2026/08/23 13:48:23.329, 345.20, 359.82, 1680, 9501, 100, 28, 21343, 254, 74, P2
2026/08/23 13:48:23.834, 343.82, 340.63, 1695, 9501, 100, 27, 21343, 254, 74, P2
2026/08/23 13:48:24.349, 345.49, 344.02, 1680, 9501, 100, 27, 21343, 254, 74, P2
2026/08/23 13:48:24.851, 342.61, 339.19, 1770, 9501, 99, 26, 21343, 254, 74, P2
2026/08/23 13:48:25.367, 343.15, 334.55, 1680, 9501, 100, 25, 21343, 254, 74, P2
2026/08/23 13:48:25.870, 344.30, 332.25, 1710, 9501, 100, 25, 21343, 254, 75, P2
2026/08/23 13:48:26.387, 343.50, 355.93, 1665, 9501, 100, 27, 21344, 254, 75, P2
2026/08/23 13:48:26.904, 344.07, 334.96, 1680, 9501, 100, 27, 21343, 254, 75, P2
2026/08/23 13:48:27.419, 345.89, 362.84, 1665, 9501, 100, 27, 21343, 254, 76, P2
2026/08/23 13:48:27.936, 345.78, 339.26, 1725, 9501, 99, 25, 21343, 254, 76, P2
2026/08/23 13:48:28.453, 343.27, 347.76, 1665, 9501, 99, 25, 21343, 254, 76, P2
2026/08/23 13:48:28.969, 344.57, 346.49, 1680, 9501, 100, 24, 21343, 254, 76, P2
2026/08/23 13:48:29.471, 344.07, 351.45, 1695, 9501, 100, 24, 21343, 254, 76, P2
2026/08/23 13:48:29.987, 345.32, 361.31, 1680, 9501, 100, 24, 21343, 254, 77, P2
2026/08/23 13:48:30.503, 346.08, 348.70, 1680, 9501, 100, 26, 21343, 254, 76, P2
2026/08/23 13:48:31.018, 345.23, 339.43, 1695, 9501, 100, 26, 21344, 254, 77, P2
2026/08/23 13:48:31.520, 345.44, 362.13, 1695, 9501, 100, 27, 21343, 254, 77, P2
2026/08/23 13:48:32.035, 344.31, 335.79, 1725, 9501, 100, 26, 21343, 254, 77, P2
2026/08/23 13:48:32.551, 345.67, 347.20, 1725, 9501, 100, 26, 21343, 254, 77, P2
2026/08/23 13:48:33.067, 345.58, 348.55, 1635, 9501, 100, 26, 21343, 254, 78, P2
2026/08/23 13:48:33.569, 346.51, 355.90, 1680, 9501, 100, 26, 21343, 254, 78, P2
2026/08/23 13:48:34.086, 345.29, 334.63, 1620, 9501, 100, 25, 21343, 254, 78, P2
2026/08/23 13:48:34.604, 346.18, 345.58, 1680, 9501, 99, 25, 21343, 254, 78, P2
2026/08/23 13:48:35.106, 342.27, 310.76, 1740, 9501, 81, 17, 21343, 254, 76, P2
2026/08/23 13:48:35.623, 345.69, 340.07, 1695, 9501, 99, 24, 21343, 254, 78, P2
2026/08/23 13:48:36.140, 343.70, 336.41, 1695, 9501, 99, 24, 21343, 254, 77, P2
2026/08/23 13:48:36.656, 345.43, 343.28, 1695, 9501, 100, 24, 21343, 254, 78, P2
2026/08/23 13:48:37.159, 344.66, 368.56, 1695, 9501, 99, 23, 21343, 254, 77, P2
2026/08/23 13:48:37.676, 346.07, 339.24, 1680, 9501, 99, 24, 21343, 254, 78, P2
2026/08/23 13:48:38.189, 347.45, 344.77, 1695, 9501, 100, 23, 21343, 254, 78, P2
2026/08/23 13:48:38.693, 345.30, 347.81, 1695, 9501, 100, 23, 21343, 254, 78, P2
2026/08/23 13:48:39.209, 345.07, 354.85, 1680, 9501, 100, 25, 21343, 254, 78, P2
2026/08/23 13:48:39.712, 345.45, 352.73, 1695, 9501, 100, 23, 21343, 254, 79, P2
2026/08/23 13:48:40.215, 346.98, 346.94, 1695, 9501, 100, 24, 21343, 254, 78, P2
2026/08/23 13:48:40.720, 346.23, 348.71, 1695, 9501, 100, 25, 21343, 254, 79, P2
2026/08/23 13:48:41.227, 345.43, 362.15, 1695, 9501, 99, 24, 21343, 254, 79, P2
2026/08/23 13:48:41.743, 345.74, 346.92, 1680, 9501, 99, 24, 21357, 254, 79, P2
2026/08/23 13:48:42.246, 347.64, 343.71, 1695, 9501, 99, 24, 21357, 254, 79, P2
2026/08/23 13:48:42.759, 345.76, 345.41, 1680, 9501, 99, 26, 21357, 254, 79, P2
2026/08/23 13:48:43.262, 343.79, 318.71, 1755, 9501, 88, 24, 21357, 254, 78, P2
2026/08/23 13:48:43.764, 345.01, 340.36, 1710, 9501, 99, 25, 21357, 254, 80, P2
2026/08/23 13:48:44.266, 345.15, 337.71, 1680, 9501, 100, 26, 21361, 254, 79, P2
2026/08/23 13:48:44.771, 332.57, 382.71, 1680, 9501, 100, 25, 21361, 254, 78, P2
2026/08/23 13:48:45.272, 320.05, 188.45, 1695, 9501, 35, 7, 21363, 254, 78, P2
2026/08/23 13:48:45.776, 335.85, 346.42, 1770, 9501, 85, 59, 21363, 254, 79, P2
2026/08/23 13:48:46.279, 333.41, 358.49, 1680, 9501, 96, 67, 21363, 254, 79, P2
2026/08/23 13:48:46.784, 345.35, 340.29, 1620, 9501, 81, 58, 21363, 254, 79, P2
2026/08/23 13:48:47.288, 345.38, 359.50, 1695, 9501, 89, 63, 21363, 254, 79, P2
2026/08/23 13:48:47.794, 346.80, 348.76, 1650, 9501, 93, 68, 21363, 254, 79, P2
2026/08/23 13:48:48.298, 346.53, 349.42, 1635, 9501, 92, 68, 21363, 254, 79, P2
2026/08/23 13:48:48.814, 345.31, 351.63, 1650, 9501, 93, 68, 21363, 254, 79, P2
2026/08/23 13:48:49.316, 345.59, 352.34, 1650, 9501, 87, 64, 21363, 254, 79, P2
2026/08/23 13:48:49.819, 345.13, 352.90, 1650, 9501, 88, 64, 21363, 254, 79, P2
2026/08/23 13:48:50.323, 345.37, 345.45, 1740, 9501, 87, 61, 21363, 254, 78, P2
2026/08/23 13:48:50.826, 346.24, 346.47, 1725, 9501, 85, 62, 21363, 254, 79, P2
2026/08/23 13:48:51.328, 346.31, 346.77, 1665, 9501, 92, 68, 21363, 254, 79, P2
2026/08/23 13:48:51.832, 346.18, 344.79, 1665, 9501, 92, 67, 21363, 254, 79, P2
2026/08/23 13:48:52.348, 346.13, 347.10, 1650, 9501, 94, 68, 21363, 254, 79, P2
2026/08/23 13:48:52.864, 345.58, 348.61, 1665, 9501, 93, 68, 21363, 254, 79, P2
2026/08/23 13:48:53.366, 346.41, 347.96, 1635, 9501, 92, 67, 21363, 254, 80, P2
2026/08/23 13:48:53.881, 345.79, 334.30, 1755, 9501, 90, 64, 21363, 254, 79, P2
2026/08/23 13:48:54.383, 284.20, 161.53, 1920, 9501, 1, 0, 21363, 254, 73, P2
2026/08/23 13:48:54.889, 199.54, 158.39, 1920, 9501, 1, 0, 21363, 254, 72, P2
2026/08/23 13:48:55.397, 158.95, 157.71, 1920, 9501, 1, 0, 21363, 254, 72, P2
2026/08/23 13:48:55.914, 157.73, 157.44, 435, 9501, 2, 0, 21363, 254, 71, P2
2026/08/23 13:48:56.428, 104.94, 87.96, 285, 5001, 3, 0, 21363, 254, 68, P3
2026/08/23 13:48:56.944, 87.51, 85.13, 240, 5001, 5, 0, 21363, 254, 67, P3
2026/08/23 13:48:57.460, 68.88, 41.69, 210, 810, 6, 2, 21363, 254, 65, P5
2026/08/23 13:48:57.965, 46.65, 39.80, 210, 810, 4, 2, 21363, 254, 65, P5
2026/08/23 13:48:58.481, 40.87, 39.94, 210, 810, 6, 15, 21363, 254, 64, P5
2026/08/23 13:48:58.996, 39.90, 35.77, 210, 405, 7, 4, 21363, 254, 64, P8
2026/08/23 13:48:59.509, 37.73, 34.69, 210, 405, 5, 11, 21363, 254, 63, P8
2026/08/23 13:49:00.011, 35.04, 33.79, 210, 405, 6, 9, 21363, 254, 63, P8
2026/08/23 13:49:00.527, 34.94, 35.30, 210, 405, 8, 5, 21363, 254, 63, P8
2026/08/23 13:49:01.042, 35.49, 38.89, 210, 405, 6, 13, 21363, 254, 63, P8
2026/08/23 13:49:01.555, 35.43, 34.86, 210, 405, 6, 4, 21363, 254, 62, P8
2026/08/23 13:49:02.074, 34.86, 32.21, 210, 405, 2, 14, 21363, 254, 62, P8
2026/08/23 13:49:02.577, 33.90, 33.75, 210, 405, 5, 4, 21363, 254, 62, P8
2026/08/23 13:49:03.095, 33.95, 34.42, 210, 405, 7, 4, 21363, 254, 62, P8
2026/08/23 13:49:03.611, 33.90, 33.35, 210, 405, 6, 6, 21363, 254, 62, P8
2026/08/23 13:49:04.130, 33.80, 32.02, 210, 405, 3, 4, 21363, 254, 61, P8
2026/08/23 13:49:04.647, 33.79, 32.21, 210, 405, 6, 4, 21363, 254, 61, P8
2026/08/23 13:49:05.155, 33.20, 31.03, 210, 405, 2, 3, 21363, 254, 61, P8
2026/08/23 13:49:05.672, 32.81, 33.32, 210, 405, 6, 4, 21363, 254, 61, P8
2026/08/23 13:49:06.189, 33.00, 33.78, 210, 405, 6, 11, 21363, 254, 61, P8
2026/08/23 13:49:06.706, 33.33, 33.80, 210, 405, 5, 9, 21363, 254, 60, P8
2026/08/23 13:49:07.222, 33.21, 31.87, 210, 405, 4, 9, 21363, 254, 60, P8
2026/08/23 13:49:07.738, 32.95, 32.23, 210, 405, 2, 5, 21363, 254, 60, P8
2026/08/23 13:49:08.254, 33.46, 32.99, 210, 405, 7, 4, 21363, 254, 60, P8
2026/08/23 13:49:08.767, 33.36, 31.98, 210, 405, 2, 6, 21363, 254, 60, P8
2026/08/23 13:49:09.270, 32.96, 32.92, 210, 405, 7, 4, 21363, 254, 60, P8
2026/08/23 13:49:09.788, 32.73, 31.75, 210, 405, 3, 3, 21363, 254, 59, P8
2026/08/23 13:49:10.304, 32.60, 33.79, 210, 405, 10, 5, 21363, 254, 59, P8
2026/08/23 13:49:10.809, 32.48, 31.91, 210, 405, 6, 4, 21363, 254, 59, P8
2026/08/23 13:49:11.325, 32.65, 33.17, 210, 405, 5, 6, 21363, 254, 59, P8
2026/08/23 13:49:11.839, 32.32, 31.04, 210, 405, 2, 16, 21363, 254, 59, P8
2026/08/23 13:49:12.342, 32.46, 33.69, 210, 405, 6, 4, 21363, 254, 59, P8
2026/08/23 13:49:12.862, 33.04, 31.46, 210, 405, 3, 3, 21363, 254, 59, P8
2026/08/23 13:49:13.378, 33.11, 31.42, 210, 405, 3, 3, 21363, 254, 58, P8
2026/08/23 13:49:13.883, 32.72, 31.39, 210, 405, 3, 28, 21363, 254, 58, P8
2026/08/23 13:49:14.398, 32.38, 33.07, 210, 405, 5, 7, 21363, 254, 58, P8
2026/08/23 13:49:14.917, 32.57, 31.39, 210, 405, 3, 5, 21363, 254, 58, P8
2026/08/23 13:49:15.434, 32.21, 31.72, 210, 405, 5, 5, 21363, 254, 58, P8
2026/08/23 13:49:15.949, 32.46, 35.54, 210, 405, 7, 4, 21363, 254, 58, P8
2026/08/23 13:49:16.451, 32.50, 30.44, 210, 405, 2, 3, 21363, 254, 58, P8
2026/08/23 13:49:16.967, 31.50, 30.25, 210, 405, 7, 12, 21363, 254, 57, P8
2026/08/23 13:49:17.484, 31.20, 30.92, 210, 405, 2, 18, 21363, 254, 57, P8
2026/08/23 13:49:17.988, 31.70, 32.82, 210, 405, 7, 5, 21363, 254, 57, P8
2026/08/23 13:49:18.503, 31.92, 30.61, 210, 405, 4, 12, 21363, 254, 57, P8
2026/08/23 13:49:19.019, 31.74, 30.17, 210, 405, 2, 11, 21363, 254, 57, P8
2026/08/23 13:49:19.537, 31.28, 30.58, 210, 405, 4, 3, 21363, 254, 57, P8
2026/08/23 13:49:20.052, 31.82, 33.80, 210, 405, 7, 5, 21363, 254, 57, P8
2026/08/23 13:49:20.568, 31.66, 30.17, 210, 405, 3, 3, 21363, 254, 57, P8
2026/08/23 13:49:21.072, 31.74, 31.84, 210, 405, 6, 4, 21363, 254, 57, P8
2026/08/23 13:49:21.577, 31.66, 30.47, 210, 405, 3, 10, 21363, 254, 57, P8
2026/08/23 13:49:22.092, 31.62, 31.28, 210, 405, 6, 5, 21363, 254, 56, P8
2026/08/23 13:49:22.608, 31.59, 30.96, 210, 405, 3, 14, 21363, 254, 56, P8
2026/08/23 13:49:23.121, 31.33, 30.91, 210, 405, 6, 21, 21363, 254, 56, P8
2026/08/23 13:49:23.637, 31.01, 29.68, 210, 405, 2, 3, 21363, 254, 56, P8
2026/08/23 13:49:24.151, 57.56, 288.14, 1725, 9501, 100, 26, 21363, 254, 65, P2
2026/08/23 13:49:24.654, 205.71, 357.61, 1695, 9501, 100, 29, 21363, 254, 71, P2
2026/08/23 13:49:25.159, 342.88, 317.83, 1635, 9501, 100, 27, 21363, 254, 71, P2
2026/08/23 13:49:25.673, 342.64, 319.36, 1695, 9501, 79, 21, 21363, 254, 72, P2
2026/08/23 13:49:26.176, 341.18, 333.42, 1665, 9501, 100, 25, 21363, 254, 72, P2
2026/08/23 13:49:26.689, 342.61, 347.85, 1665, 9501, 100, 28, 21363, 254, 73, P2
2026/08/23 13:49:27.204, 343.66, 337.20, 1680, 9501, 100, 27, 21363, 254, 72, P2
2026/08/23 13:49:27.706, 344.36, 341.89, 1680, 9501, 99, 26, 21363, 254, 73, P2
2026/08/23 13:49:28.209, 342.34, 325.92, 1665, 9501, 100, 24, 21363, 254, 73, P2
2026/08/23 13:49:28.724, 344.78, 355.14, 1665, 9501, 100, 27, 21363, 254, 74, P2
2026/08/23 13:49:29.230, 342.45, 350.10, 1665, 9501, 100, 27, 21363, 254, 74, P2
2026/08/23 13:49:29.746, 345.44, 346.74, 1665, 9501, 100, 27, 21363, 254, 74, P2
2026/08/23 13:49:30.261, 344.87, 340.36, 1695, 9501, 99, 25, 21363, 254, 74, P2
2026/08/23 13:49:30.776, 343.52, 360.32, 1680, 9501, 100, 25, 21363, 254, 75, P2
2026/08/23 13:49:31.280, 344.60, 348.71, 1665, 9501, 100, 25, 21363, 254, 75, P2
2026/08/23 13:49:31.796, 346.30, 348.68, 1665, 9501, 100, 27, 21363, 254, 75, P2
2026/08/23 13:49:32.299, 345.27, 346.55, 1665, 9501, 100, 27, 21363, 254, 75, P2
2026/08/23 13:49:32.815, 345.89, 350.96, 1665, 9501, 100, 27, 21363, 254, 76, P2
2026/08/23 13:49:33.320, 344.52, 332.16, 1635, 9501, 99, 24, 21363, 254, 75, P2
2026/08/23 13:49:33.831, 345.09, 352.82, 1680, 9501, 100, 24, 21363, 254, 76, P2
2026/08/23 13:49:34.334, 342.73, 353.75, 1680, 9501, 100, 24, 21363, 254, 76, P2
2026/08/23 13:49:34.836, 345.95, 348.56, 1680, 9501, 100, 25, 21363, 254, 76, P2
2026/08/23 13:49:35.352, 346.18, 348.93, 1680, 9501, 100, 26, 21363, 254, 77, P2
2026/08/23 13:49:35.868, 345.94, 349.42, 1665, 9501, 100, 26, 21363, 254, 76, P2
2026/08/23 13:49:36.383, 346.52, 350.10, 1665, 9501, 100, 26, 21363, 254, 77, P2
2026/08/23 13:49:36.886, 345.83, 346.04, 1635, 9501, 100, 26, 21363, 254, 77, P2
2026/08/23 13:49:37.402, 346.23, 346.37, 1680, 9501, 100, 26, 21363, 254, 77, P2
2026/08/23 13:49:37.905, 342.57, 309.97, 1770, 9501, 83, 21, 21363, 254, 77, P2
2026/08/23 13:49:38.411, 345.64, 339.82, 1680, 9501, 99, 24, 21363, 254, 77, P2
2026/08/23 13:49:38.927, 343.49, 334.53, 1695, 9501, 99, 24, 21363, 254, 77, P2
2026/08/23 13:49:39.432, 344.54, 372.45, 1695, 9501, 99, 23, 21363, 254, 78, P2
2026/08/23 13:49:39.948, 344.70, 341.89, 1695, 9501, 100, 23, 21363, 254, 77, P2
2026/08/23 13:49:40.451, 347.47, 347.16, 1695, 9501, 100, 23, 21363, 254, 78, P2
2026/08/23 13:49:40.957, 345.26, 345.14, 1680, 9501, 100, 24, 21363, 254, 78, P2
2026/08/23 13:49:41.472, 346.30, 352.83, 1680, 9501, 100, 23, 21363, 254, 78, P2
2026/08/23 13:49:41.974, 346.21, 351.16, 1680, 9501, 100, 23, 21363, 254, 78, P2
2026/08/23 13:49:42.477, 346.66, 347.01, 1680, 9501, 100, 25, 21363, 254, 78, P2
2026/08/23 13:49:42.981, 346.58, 352.34, 1680, 9501, 100, 26, 21363, 254, 79, P2
2026/08/23 13:49:43.499, 346.41, 350.69, 1680, 9501, 100, 25, 21363, 254, 79, P2
2026/08/23 13:49:44.013, 346.41, 353.21, 1650, 9501, 100, 25, 21363, 254, 79, P2
2026/08/23 13:49:44.527, 346.81, 352.61, 1680, 9501, 100, 25, 21363, 254, 79, P2
2026/08/23 13:49:45.031, 346.46, 350.27, 1680, 9501, 100, 26, 21363, 254, 79, P2
2026/08/23 13:49:45.536, 345.98, 351.93, 1680, 9501, 100, 24, 21363, 254, 79, P2
2026/08/23 13:49:46.041, 347.00, 352.61, 1650, 9501, 100, 25, 21363, 254, 79, P2
2026/08/23 13:49:46.556, 346.14, 348.41, 1680, 9501, 100, 25, 21363, 254, 79, P2
2026/08/23 13:49:47.059, 346.43, 349.81, 1680, 9501, 100, 25, 21363, 254, 80, P2
2026/08/23 13:49:47.564, 346.28, 356.19, 1695, 9501, 100, 24, 21363, 254, 79, P2
2026/08/23 13:49:48.067, 346.29, 349.16, 1665, 9501, 100, 25, 21363, 254, 79, P2
2026/08/23 13:49:48.583, 347.90, 348.14, 1635, 9501, 100, 52, 21363, 254, 79, P2
2026/08/23 13:49:49.097, 333.79, 353.11, 1665, 9501, 100, 26, 21363, 254, 80, P2
2026/08/23 13:49:49.601, 326.60, 342.48, 1665, 9501, 87, 60, 21363, 254, 78, P2
2026/08/23 13:49:50.116, 337.46, 353.24, 1635, 9501, 87, 67, 21363, 254, 79, P2
2026/08/23 13:49:50.630, 345.65, 346.28, 1650, 9501, 90, 64, 21363, 254, 79, P2
2026/08/23 13:49:51.134, 343.84, 334.14, 1710, 9501, 88, 66, 21363, 254, 78, P2
2026/08/23 13:49:51.638, 341.32, 344.23, 1725, 9501, 88, 62, 21363, 254, 79, P2
2026/08/23 13:49:52.142, 345.18, 345.03, 1665, 9501, 92, 67, 21363, 254, 79, P2
2026/08/23 13:49:52.659, 346.18, 346.43, 1650, 9501, 93, 68, 21363, 254, 79, P2
2026/08/23 13:49:53.174, 345.60, 344.09, 1695, 9501, 92, 65, 21363, 254, 78, P2
2026/08/23 13:49:53.679, 347.27, 350.54, 1635, 9501, 93, 68, 21363, 254, 79, P2
2026/08/23 13:49:54.184, 346.55, 347.66, 1635, 9501, 94, 68, 21363, 254, 79, P2
2026/08/23 13:49:54.689, 342.97, 341.35, 1650, 9501, 88, 64, 21363, 254, 79, P2
2026/08/23 13:49:55.192, 341.69, 348.86, 1665, 9501, 92, 68, 21363, 254, 79, P2
2026/08/23 13:49:55.707, 345.06, 343.40, 1650, 9501, 93, 68, 21363, 254, 79, P2
2026/08/23 13:49:56.223, 346.34, 354.43, 1650, 9501, 94, 67, 21363, 254, 79, P2
2026/08/23 13:49:56.738, 346.19, 353.35, 1605, 9501, 93, 68, 21363, 254, 79, P2
2026/08/23 13:49:57.256, 346.46, 349.47, 1650, 9501, 93, 67, 21363, 254, 79, P2
2026/08/23 13:49:57.771, 346.60, 344.99, 1635, 9501, 92, 67, 21363, 254, 79, P2
2026/08/23 13:49:58.274, 329.92, 186.89, 1920, 9501, 14, 11, 21363, 254, 75, P2
2026/08/23 13:49:58.779, 244.57, 160.00, 1920, 9501, 1, 0, 21363, 254, 72, P2
2026/08/23 13:49:59.295, 162.80, 159.01, 1920, 9501, 2, 0, 21363, 254, 72, P2
2026/08/23 13:49:59.813, 158.77, 157.77, 1920, 9501, 1, 0, 21363, 254, 71, P2
2026/08/23 13:50:00.327, 146.89, 114.85, 420, 9501, 0, 0, 21363, 254, 69, P2
2026/08/23 13:50:00.832, 117.89, 88.23, 330, 5001, 2, 0, 21363, 254, 68, P3
2026/08/23 13:50:01.338, 93.41, 87.65, 285, 5001, 1, 0, 21363, 254, 67, P3
2026/08/23 13:50:01.855, 86.96, 84.92, 240, 5001, 4, 0, 21363, 254, 67, P3
2026/08/23 13:50:02.371, 81.58, 47.92, 210, 810, 7, 2, 21363, 254, 65, P5
2026/08/23 13:50:02.889, 59.62, 39.77, 210, 810, 4, 2, 21363, 254, 64, P5
2026/08/23 13:50:03.405, 41.84, 43.44, 210, 810, 21, 9, 21363, 254, 65, P5
2026/08/23 13:50:03.921, 102.07, 366.64, 1665, 9501, 100, 29, 21363, 254, 75, P2
2026/08/23 13:50:04.424, 243.34, 356.61, 1680, 9501, 100, 28, 21363, 254, 78, P2
2026/08/23 13:50:04.941, 343.32, 349.02, 1665, 9501, 100, 25, 21363, 254, 79, P2
2026/08/23 13:50:05.457, 345.07, 342.91, 1635, 9501, 100, 28, 21363, 254, 79, P2
2026/08/23 13:50:05.973, 347.67, 354.27, 1665, 9501, 100, 27, 21363, 254, 79, P2
2026/08/23 13:50:06.474, 342.83, 312.82, 1680, 9501, 81, 20, 21363, 254, 79, P2
2026/08/23 13:50:06.979, 345.38, 351.22, 1665, 9501, 100, 25, 21363, 254, 80, P2
2026/08/23 13:50:07.495, 345.04, 347.04, 1650, 9501, 100, 27, 21363, 254, 79, P2
2026/08/23 13:50:08.008, 346.46, 355.18, 1650, 9501, 100, 27, 21363, 254, 80, P2
2026/08/23 13:50:08.523, 346.17, 354.36, 1650, 9501, 100, 27, 21363, 254, 80, P2
2026/08/23 13:50:09.041, 345.86, 339.06, 1650, 9501, 99, 25, 21370, 254, 80, P2
2026/08/23 13:50:09.562, 346.16, 348.42, 1725, 9501, 99, 25, 21370, 254, 80, P2
2026/08/23 13:50:10.077, 345.38, 369.87, 1680, 9501, 99, 24, 21368, 254, 80, P2
2026/08/23 13:50:10.593, 346.50, 352.09, 1680, 9501, 100, 24, 21368, 254, 81, P2
2026/08/23 13:50:11.096, 347.85, 344.24, 1665, 9501, 100, 26, 21368, 254, 80, P2
2026/08/23 13:50:11.598, 346.70, 354.32, 1665, 9501, 99, 26, 21373, 254, 81, P2
2026/08/23 13:50:12.101, 346.56, 351.14, 1650, 9501, 100, 26, 21373, 254, 81, P2
2026/08/23 13:50:12.604, 347.41, 355.31, 1605, 9501, 100, 26, 21373, 254, 81, P2
2026/08/23 13:50:13.119, 346.59, 355.65, 1665, 9501, 100, 26, 21373, 254, 81, P2
2026/08/23 13:50:13.636, 344.01, 316.42, 1680, 9501, 82, 18, 21373, 254, 81, P2
2026/08/23 13:50:14.152, 346.90, 342.93, 1680, 9501, 99, 24, 21385, 254, 81, P2
2026/08/23 13:50:14.667, 344.77, 345.23, 1680, 9501, 100, 23, 21385, 254, 81, P2
2026/08/23 13:50:15.173, 345.75, 345.98, 1665, 9501, 100, 24, 21385, 254, 81, P2
2026/08/23 13:50:15.676, 345.46, 354.26, 1665, 9501, 100, 23, 21385, 254, 81, P2
2026/08/23 13:50:16.180, 346.72, 353.28, 1650, 9501, 100, 25, 21385, 254, 81, P2
2026/08/23 13:50:16.696, 347.49, 352.89, 1665, 9501, 100, 26, 21385, 254, 81, P2
2026/08/23 13:50:17.211, 345.99, 350.93, 1650, 9501, 100, 25, 21385, 254, 82, P2
2026/08/23 13:50:17.727, 347.12, 345.47, 1650, 9501, 100, 26, 21385, 254, 81, P2
2026/08/23 13:50:18.233, 347.84, 349.99, 1635, 9501, 100, 26, 21385, 254, 82, P2
2026/08/23 13:50:18.750, 346.58, 347.06, 1635, 9501, 100, 25, 21385, 254, 82, P2
2026/08/23 13:50:19.255, 347.02, 352.36, 1620, 9501, 100, 26, 21385, 254, 82, P2
2026/08/23 13:50:19.759, 346.98, 354.92, 1650, 9501, 100, 26, 21385, 254, 82, P2
2026/08/23 13:50:20.274, 346.73, 347.33, 1620, 9501, 100, 26, 21385, 254, 82, P2
2026/08/23 13:50:20.789, 347.42, 344.85, 1650, 9501, 100, 25, 21385, 254, 82, P2
2026/08/23 13:50:21.294, 346.46, 340.68, 1770, 9501, 100, 25, 21385, 254, 81, P2
2026/08/23 13:50:21.796, 345.91, 357.96, 1650, 9501, 100, 26, 21385, 254, 82, P2
2026/08/23 13:50:22.312, 345.09, 335.14, 1650, 9501, 100, 25, 21385, 254, 82, P2
2026/08/23 13:50:22.827, 347.65, 351.41, 1680, 9501, 100, 25, 21385, 254, 82, P2
2026/08/23 13:50:23.329, 346.54, 346.85, 1800, 9501, 100, 26, 21385, 254, 81, P2
2026/08/23 13:50:23.832, 347.76, 347.83, 1650, 9501, 100, 25, 21385, 254, 82, P2
2026/08/23 13:50:24.334, 345.96, 332.63, 1650, 9501, 100, 25, 21385, 254, 82, P2
2026/08/23 13:50:24.840, 345.73, 347.20, 1635, 9501, 100, 26, 21385, 254, 82, P2
2026/08/23 13:50:25.346, 345.50, 347.28, 1785, 9501, 100, 27, 21385, 254, 82, P2
2026/08/23 13:50:25.862, 346.25, 355.80, 1650, 9501, 100, 26, 21385, 254, 83, P2
2026/08/23 13:50:26.378, 345.35, 334.85, 1650, 9501, 100, 25, 21385, 254, 82, P2
2026/08/23 13:50:26.894, 347.07, 356.40, 1650, 9501, 100, 27, 21385, 254, 83, P2
2026/08/23 13:50:27.397, 345.79, 349.41, 1650, 9501, 100, 26, 21385, 254, 82, P2
2026/08/23 13:50:27.902, 345.70, 347.54, 1650, 9501, 100, 26, 21385, 254, 83, P2
2026/08/23 13:50:28.405, 346.39, 355.08, 1605, 9501, 100, 27, 21385, 254, 83, P2
2026/08/23 13:50:28.910, 345.04, 316.78, 1890, 9501, 87, 40, 21385, 254, 80, P2
2026/08/23 13:50:29.414, 337.21, 351.10, 1680, 9501, 100, 27, 21441, 254, 83, P2
2026/08/23 13:50:29.931, 324.75, 327.26, 1875, 9501, 85, 59, 21441, 254, 81, P2
2026/08/23 13:50:30.455, 327.76, 355.89, 1695, 9501, 89, 63, 21441, 254, 81, P2
2026/08/23 13:50:30.960, 332.86, 363.16, 1680, 9501, 80, 60, 21441, 254, 81, P2
2026/08/23 13:50:31.463, 330.86, 331.83, 1770, 9501, 68, 52, 21416, 254, 81, P2
2026/08/23 13:50:31.979, 334.90, 343.80, 1665, 9501, 85, 62, 21405, 254, 81, P2
2026/08/23 13:50:32.484, 337.27, 329.89, 1740, 9501, 80, 59, 21428, 254, 82, P2
2026/08/23 13:50:33.002, 341.44, 344.63, 1620, 9501, 87, 62, 21428, 254, 81, P2
2026/08/23 13:50:33.506, 336.16, 329.68, 1695, 9501, 72, 55, 21428, 254, 81, P2
2026/08/23 13:50:34.022, 334.57, 340.29, 1755, 9501, 85, 63, 21428, 254, 81, P2
2026/08/23 13:50:34.537, 335.98, 335.81, 1635, 9501, 87, 64, 21428, 254, 81, P2
2026/08/23 13:50:35.046, 334.71, 298.27, 1710, 9501, 56, 42, 21423, 254, 81, P2
2026/08/23 13:50:35.550, 332.53, 348.00, 1620, 9501, 80, 57, 21415, 254, 81, P2
2026/08/23 13:50:36.054, 332.62, 343.03, 1710, 9501, 88, 63, 21399, 254, 81, P2
2026/08/23 13:50:36.571, 338.90, 337.01, 1620, 9501, 80, 58, 21399, 254, 81, P2
2026/08/23 13:50:37.076, 339.22, 358.79, 1680, 9501, 83, 64, 21395, 254, 82, P2
2026/08/23 13:50:37.589, 341.61, 350.68, 1620, 9501, 92, 68, 21395, 254, 82, P2
2026/08/23 13:50:38.108, 344.45, 337.46, 1680, 9501, 84, 62, 21395, 254, 81, P2
2026/08/23 13:50:38.613, 342.52, 341.50, 1725, 9501, 85, 63, 21393, 254, 81, P2
2026/08/23 13:50:39.117, 310.46, 165.18, 1905, 9501, 1, 0, 21387, 254, 77, P2
2026/08/23 13:50:39.624, 230.12, 164.89, 1920, 9501, 1, 0, 21385, 254, 75, P2
2026/08/23 13:50:40.142, 165.04, 164.26, 1920, 9501, 1, 0, 21380, 254, 75, P2
2026/08/23 13:50:40.657, 165.14, 165.25, 1920, 9501, 4, 0, 21447, 254, 74, P2
2026/08/23 13:50:41.175, 146.04, 92.46, 510, 5001, 8, 1, 21439, 254, 71, P3
2026/08/23 13:50:41.693, 112.53, 91.66, 405, 5001, 12, 1, 21441, 254, 70, P3
2026/08/23 13:50:42.211, 90.64, 88.10, 360, 5001, 10, 1, 21411, 254, 70, P3
2026/08/23 13:50:42.726, 88.81, 87.00, 300, 5001, 7, 1, 21400, 254, 69, P3
2026/08/23 13:50:43.245, 87.52, 86.77, 255, 5001, 8, 1, 21458, 254, 69, P3
2026/08/23 13:50:43.761, 86.87, 86.62, 240, 5001, 7, 1, 21442, 254, 69, P3
2026/08/23 13:50:44.277, 86.94, 91.61, 240, 5001, 33, 3, 21441, 254, 69, P3
2026/08/23 13:50:44.791, 136.69, 345.25, 1680, 9501, 100, 28, 21433, 254, 77, P2
2026/08/23 13:50:45.309, 258.07, 354.49, 1665, 9501, 100, 28, 21426, 254, 80, P2
2026/08/23 13:50:45.826, 345.73, 333.73, 1680, 9501, 96, 24, 21425, 254, 80, P2
2026/08/23 13:50:46.348, 340.64, 359.15, 1665, 9501, 100, 25, 21425, 254, 81, P2
2026/08/23 13:50:46.865, 344.50, 352.86, 1650, 9501, 100, 27, 21425, 254, 81, P2
2026/08/23 13:50:47.369, 348.66, 348.26, 1650, 9501, 100, 27, 21425, 254, 81, P2
2026/08/23 13:50:47.889, 342.42, 286.36, 1860, 9501, 70, 19, 21413, 254, 80, P2
2026/08/23 13:50:48.408, 343.28, 346.01, 1665, 9501, 99, 26, 21445, 254, 81, P2
2026/08/23 13:50:48.924, 341.06, 331.67, 1650, 9501, 100, 24, 21457, 254, 81, P2
2026/08/23 13:50:49.440, 342.78, 354.79, 1665, 9501, 100, 26, 21442, 254, 82, P2
2026/08/23 13:50:49.954, 347.53, 349.70, 1635, 9501, 100, 27, 21442, 254, 82, P2
2026/08/23 13:50:50.472, 347.24, 349.21, 1665, 9501, 100, 26, 21438, 254, 82, P2
2026/08/23 13:50:50.989, 340.73, 290.30, 1650, 9501, 70, 16, 21437, 254, 81, P2
2026/08/23 13:50:51.506, 344.27, 345.81, 1665, 9501, 99, 25, 21450, 254, 82, P2
2026/08/23 13:50:52.024, 342.15, 334.42, 1650, 9501, 100, 24, 21478, 254, 82, P2
2026/08/23 13:50:52.541, 346.78, 349.20, 1650, 9501, 100, 25, 21464, 254, 82, P2
2026/08/23 13:50:53.057, 341.96, 346.45, 1665, 9501, 100, 24, 21454, 254, 82, P2
2026/08/23 13:50:53.562, 344.72, 353.76, 1650, 9501, 100, 26, 21454, 254, 82, P2
2026/08/23 13:50:54.080, 347.82, 354.70, 1635, 9501, 100, 26, 21437, 254, 82, P2
2026/08/23 13:50:54.584, 346.94, 350.11, 1635, 9501, 100, 26, 21433, 254, 82, P2
2026/08/23 13:50:55.100, 344.29, 350.81, 1650, 9501, 100, 26, 21423, 254, 83, P2
2026/08/23 13:50:55.618, 346.03, 348.61, 1635, 9501, 100, 26, 21423, 254, 82, P2
2026/08/23 13:50:56.136, 346.60, 335.24, 1665, 9501, 96, 24, 21420, 254, 82, P2
2026/08/23 13:50:56.653, 338.79, 275.43, 1680, 9501, 63, 14, 21417, 254, 81, P2
2026/08/23 13:50:57.172, 342.17, 344.06, 1650, 9501, 98, 25, 21417, 254, 83, P2
2026/08/23 13:50:57.676, 341.38, 330.39, 1650, 9501, 98, 24, 21417, 254, 82, P2
2026/08/23 13:50:58.195, 346.42, 352.11, 1650, 9501, 100, 23, 21417, 254, 83, P2
2026/08/23 13:50:58.709, 343.13, 353.53, 1680, 9501, 88, 21, 21417, 254, 83, P2
2026/08/23 13:50:59.216, 346.70, 352.77, 1680, 9501, 100, 23, 21420, 254, 83, P2
2026/08/23 13:50:59.731, 347.72, 351.86, 1665, 9501, 100, 23, 21431, 254, 83, P2
2026/08/23 13:51:00.246, 346.48, 347.95, 1665, 9501, 100, 23, 21453, 254, 83, P2
2026/08/23 13:51:00.760, 344.85, 356.63, 1665, 9501, 100, 23, 21459, 254, 83, P2
2026/08/23 13:51:01.275, 345.64, 354.52, 1650, 9501, 100, 24, 21464, 254, 83, P2
2026/08/23 13:51:01.793, 347.90, 345.83, 1665, 9501, 100, 24, 21466, 254, 83, P2
2026/08/23 13:51:02.310, 347.39, 354.40, 1650, 9501, 100, 24, 21461, 254, 83, P2
2026/08/23 13:51:02.829, 332.35, 316.12, 1680, 9501, 69, 17, 21476, 254, 82, P2
2026/08/23 13:51:03.349, 332.15, 347.31, 1665, 9501, 99, 23, 21457, 254, 83, P2
2026/08/23 13:51:03.868, 344.11, 348.48, 1665, 9501, 100, 24, 21457, 254, 83, P2
2026/08/23 13:51:04.383, 346.28, 349.88, 1665, 9501, 100, 23, 21453, 254, 83, P2
2026/08/23 13:51:04.901, 342.10, 340.77, 1665, 9501, 84, 18, 21453, 254, 83, P2
2026/08/23 13:51:05.419, 344.43, 347.14, 1665, 9501, 99, 25, 21453, 254, 83, P2
2026/08/23 13:51:05.935, 346.58, 342.23, 1665, 9501, 97, 24, 21453, 254, 83, P2
2026/08/23 13:51:06.456, 340.95, 272.69, 1770, 9501, 62, 14, 21453, 254, 83, P2
2026/08/23 13:51:06.959, 343.14, 350.21, 1650, 9501, 100, 25, 21452, 254, 83, P2
2026/08/23 13:51:07.478, 342.30, 346.83, 1665, 9501, 100, 26, 21452, 254, 83, P2
2026/08/23 13:51:07.996, 347.62, 353.42, 1665, 9501, 100, 26, 21452, 254, 84, P2
2026/08/23 13:51:08.501, 348.04, 347.16, 1770, 9501, 100, 26, 21452, 254, 84, P2
2026/08/23 13:51:09.006, 343.59, 353.14, 1650, 9501, 100, 25, 21452, 254, 84, P2
2026/08/23 13:51:09.525, 342.89, 341.48, 1635, 9501, 100, 27, 21452, 254, 84, P2
2026/08/23 13:51:10.041, 328.88, 251.63, 1905, 9501, 42, 14, 21452, 254, 80, P2
2026/08/23 13:51:10.560, 327.90, 317.62, 1650, 9501, 100, 26, 21452, 254, 83, P2
2026/08/23 13:51:11.080, 313.79, 325.05, 1710, 9501, 69, 50, 21452, 254, 82, P2
2026/08/23 13:51:11.584, 316.14, 336.87, 1650, 9501, 80, 56, 21434, 254, 82, P2
2026/08/23 13:51:12.087, 340.95, 356.48, 1665, 9501, 89, 65, 21449, 254, 83, P2
2026/08/23 13:51:12.592, 340.35, 328.76, 1710, 9501, 90, 64, 21449, 254, 82, P2
2026/08/23 13:51:13.109, 338.92, 340.57, 1785, 9501, 81, 58, 21449, 254, 82, P2
2026/08/23 13:51:13.627, 342.84, 344.14, 1650, 9501, 90, 63, 21448, 254, 83, P2
2026/08/23 13:51:14.144, 342.72, 354.87, 1665, 9501, 63, 48, 21448, 254, 82, P2
2026/08/23 13:51:14.662, 340.17, 339.63, 1680, 9501, 90, 63, 21440, 254, 82, P2
2026/08/23 13:51:15.177, 340.11, 329.26, 1620, 9501, 76, 52, 21445, 254, 82, P2
2026/08/23 13:51:15.686, 335.38, 320.90, 1830, 9501, 81, 60, 21445, 254, 82, P2
2026/08/23 13:51:16.203, 336.11, 330.70, 1710, 9501, 81, 60, 21445, 254, 82, P2
2026/08/23 13:51:16.707, 334.21, 336.99, 1710, 9501, 66, 46, 21442, 254, 82, P2
2026/08/23 13:51:17.211, 332.08, 347.18, 1620, 9501, 80, 58, 21441, 254, 82, P2
2026/08/23 13:51:17.715, 338.76, 355.76, 1665, 9501, 93, 65, 21433, 254, 83, P2
2026/08/23 13:51:18.233, 344.12, 334.09, 1665, 9501, 93, 66, 21433, 254, 82, P2
2026/08/23 13:51:18.748, 338.56, 340.58, 1620, 9501, 79, 60, 21433, 254, 82, P2
2026/08/23 13:51:19.266, 334.02, 314.19, 1635, 9501, 80, 57, 21434, 254, 81, P2
2026/08/23 13:51:19.783, 341.36, 353.86, 1650, 9501, 92, 65, 21434, 254, 83, P2
2026/08/23 13:51:20.297, 339.50, 335.38, 1755, 9501, 83, 59, 21434, 254, 82, P2
2026/08/23 13:51:20.815, 287.57, 165.85, 1905, 9501, 1, 0, 21441, 254, 77, P2
2026/08/23 13:51:21.333, 207.66, 165.26, 1920, 9501, 1, 0, 21441, 254, 76, P2
2026/08/23 13:51:21.837, 165.47, 164.84, 1920, 9501, 1, 0, 21440, 254, 75, P2
2026/08/23 13:51:22.357, 165.04, 164.82, 1920, 9501, 1, 0, 7427, 254, 75, P2
2026/08/23 13:51:22.861, 132.93, 92.52, 375, 5001, 2, 0, 1534, 254, 72, P3
2026/08/23 13:51:23.367, 99.75, 91.92, 315, 5001, 9, 1, 1533, 254, 71, P3
2026/08/23 13:51:23.872, 90.32, 87.59, 255, 5001, 3, 0, 1533, 254, 71, P3
2026/08/23 13:51:24.386, 88.40, 87.76, 240, 5001, 3, 0, 1540, 254, 70, P3
2026/08/23 13:51:24.903, 87.75, 87.35, 240, 5001, 5, 0, 1554, 254, 70, P3
2026/08/23 13:51:25.415, 87.67, 87.57, 240, 5001, 8, 1, 1554, 254, 70, P3
2026/08/23 13:51:25.933, 87.08, 86.38, 240, 5001, 3, 0, 1549, 254, 69, P3
2026/08/23 13:51:26.446, 82.84, 49.05, 210, 810, 4, 2, 1549, 254, 68, P5
2026/08/23 13:51:26.951, 63.07, 41.93, 210, 810, 3, 2, 1549, 254, 67, P5
2026/08/23 13:51:27.468, 41.91, 43.17, 210, 810, 10, 4, 1544, 254, 66, P5
2026/08/23 13:51:27.986, 42.05, 42.97, 210, 810, 9, 15, 1565, 254, 66, P5
2026/08/23 13:51:28.500, 40.62, 37.48, 210, 405, 10, 9, 1565, 254, 66, P8
2026/08/23 13:51:29.018, 36.63, 32.66, 210, 405, 2, 9, 1565, 254, 65, P8
2026/08/23 13:51:29.537, 34.93, 34.84, 210, 405, 4, 4, 1565, 254, 65, P8
2026/08/23 13:51:30.056, 34.63, 37.71, 210, 405, 12, 7, 1556, 254, 65, P8
2026/08/23 13:51:30.571, 35.42, 36.86, 210, 405, 11, 7, 1556, 254, 65, P8
2026/08/23 13:51:31.088, 35.46, 34.29, 210, 405, 4, 4, 1560, 254, 64, P8
2026/08/23 13:51:31.602, 34.81, 33.75, 210, 405, 5, 10, 1560, 254, 64, P8
2026/08/23 13:51:32.117, 34.73, 35.22, 210, 405, 7, 5, 1560, 254, 64, P8
2026/08/23 13:51:32.636, 35.15, 34.49, 210, 405, 8, 9, 1560, 254, 64, P8
2026/08/23 13:51:33.152, 35.02, 33.48, 210, 405, 4, 4, 1560, 254, 63, P8
2026/08/23 13:51:33.667, 35.12, 38.09, 210, 405, 13, 16, 1556, 254, 63, P8
2026/08/23 13:51:34.181, 34.53, 32.76, 210, 405, 4, 16, 1556, 254, 63, P8
2026/08/23 13:51:34.696, 34.61, 36.12, 210, 405, 9, 10, 1556, 254, 63, P8
2026/08/23 13:51:35.213, 34.67, 34.19, 210, 405, 9, 16, 1539, 254, 63, P8
2026/08/23 13:51:35.729, 34.62, 33.19, 210, 405, 3, 3, 1539, 254, 62, P8
2026/08/23 13:51:36.242, 34.59, 36.94, 210, 405, 15, 9, 1564, 254, 62, P8
2026/08/23 13:51:36.745, 33.93, 32.41, 210, 405, 3, 3, 1564, 254, 62, P8
2026/08/23 13:51:37.264, 33.13, 33.20, 210, 405, 3, 4, 1568, 254, 62, P8
2026/08/23 13:51:37.780, 34.54, 35.32, 210, 405, 4, 9, 1568, 254, 62, P8
2026/08/23 13:51:38.298, 35.31, 34.31, 210, 405, 8, 6, 1570, 254, 62, P8
2026/08/23 13:51:38.811, 34.41, 37.04, 210, 405, 14, 6, 1580, 254, 62, P8
2026/08/23 13:51:39.329, 35.81, 38.65, 210, 405, 22, 18, 1580, 254, 61, P8
2026/08/23 13:51:39.845, 37.11, 35.22, 210, 405, 9, 8, 1581, 254, 61, P8
2026/08/23 13:51:40.362, 36.64, 35.84, 210, 405, 12, 7, 1581, 254, 61, P8
2026/08/23 13:51:40.865, 36.09, 35.47, 210, 405, 10, 5, 1581, 254, 61, P8
2026/08/23 13:51:41.381, 35.80, 35.97, 210, 405, 10, 6, 1581, 254, 61, P8
2026/08/23 13:51:41.897, 34.61, 32.08, 210, 405, 3, 16, 1581, 254, 61, P8
2026/08/23 13:51:42.403, 34.31, 36.28, 210, 405, 13, 6, 1581, 254, 60, P8
2026/08/23 13:51:42.921, 35.26, 34.85, 210, 405, 9, 8, 1581, 254, 60, P8
2026/08/23 13:51:43.438, 33.51, 34.12, 210, 405, 7, 4, 1581, 254, 60, P8
2026/08/23 13:51:43.943, 61.83, 125.66, 1725, 9501, 2, 0, 1807, 254, 63, P2
2026/08/23 13:51:44.458, 104.09, 129.11, 1725, 9501, 24, 2, 1807, 254, 64, P2
2026/08/23 13:51:44.974, 126.24, 126.57, 1725, 9501, 2, 0, 1807, 254, 64, P2
2026/08/23 13:51:45.478, 126.45, 126.01, 1725, 9501, 1, 0, 1807, 254, 64, P2
2026/08/23 13:51:45.983, 128.25, 135.46, 1725, 9501, 98, 6, 13903, 254, 64, P2
2026/08/23 13:51:46.487, 142.22, 155.57, 1965, 9501, 18, 1, 14869, 254, 65, P2
2026/08/23 13:51:47.004, 154.52, 156.12, 1965, 9501, 18, 1, 14869, 254, 66, P2
2026/08/23 13:51:47.510, 155.80, 155.90, 1965, 9501, 17, 1, 14869, 254, 66, P2
2026/08/23 13:51:48.012, 155.97, 156.29, 1965, 9501, 18, 1, 14869, 254, 66, P2
2026/08/23 13:51:48.528, 143.64, 127.79, 1725, 9501, 17, 1, 14869, 254, 64, P2
2026/08/23 13:51:49.033, 130.95, 128.13, 1725, 9501, 18, 1, 14869, 254, 64, P2
2026/08/23 13:51:49.538, 127.93, 127.68, 1725, 9501, 17, 1, 14869, 254, 64, P2
2026/08/23 13:51:50.042, 132.66, 163.07, 1725, 9501, 59, 19, 21255, 254, 64, P2
2026/08/23 13:51:50.547, 156.59, 152.42, 1950, 9501, 0, 0, 21455, 254, 66, P2
2026/08/23 13:51:51.049, 166.34, 152.49, 1950, 9501, 1, 0, 21455, 254, 66, P2
2026/08/23 13:51:51.554, 152.71, 152.69, 1950, 9501, 1, 0, 21455, 254, 66, P2
2026/08/23 13:51:52.067, 152.63, 152.29, 1950, 9501, 1, 0, 21455, 254, 66, P3
2026/08/23 13:51:52.571, 122.68, 84.87, 375, 5001, 1, 0, 21455, 254, 63, P3
2026/08/23 13:51:53.087, 91.83, 84.79, 330, 5001, 5, 0, 21455, 254, 62, P3
2026/08/23 13:51:53.604, 84.20, 83.27, 255, 5001, 4, 0, 21455, 254, 62, P3
2026/08/23 13:51:54.107, 86.94, 105.08, 240, 5001, 99, 9, 21467, 254, 62, P2
2026/08/23 13:51:54.612, 198.46, 353.40, 1695, 9501, 100, 26, 21467, 254, 73, P2
2026/08/23 13:51:55.119, 317.08, 336.47, 1620, 9501, 100, 28, 21467, 254, 75, P2
2026/08/23 13:51:55.634, 345.55, 342.80, 1650, 9501, 100, 28, 21475, 254, 75, P2
2026/08/23 13:51:56.138, 341.48, 347.43, 1695, 9501, 99, 27, 21475, 254, 75, P2
2026/08/23 13:51:56.643, 342.79, 328.01, 1650, 9501, 100, 25, 21475, 254, 76, P2
2026/08/23 13:51:57.150, 345.91, 351.87, 1680, 9501, 100, 28, 21475, 254, 76, P2
2026/08/23 13:51:57.653, 344.21, 339.88, 1650, 9501, 100, 27, 21475, 254, 76, P2
2026/08/23 13:51:58.160, 345.41, 337.93, 1680, 9501, 99, 27, 21475, 254, 77, P2
2026/08/23 13:51:58.677, 345.20, 338.35, 1665, 9501, 100, 25, 21475, 254, 76, P2
2026/08/23 13:51:59.181, 343.82, 351.70, 1695, 9501, 100, 25, 21475, 254, 77, P2
2026/08/23 13:51:59.688, 346.00, 349.42, 1665, 9501, 100, 27, 21475, 254, 77, P2
2026/08/23 13:52:00.203, 346.71, 349.69, 1665, 9501, 100, 27, 21475, 254, 77, P2
2026/08/23 13:52:00.719, 345.93, 342.14, 1650, 9501, 100, 27, 21475, 254, 77, P2
2026/08/23 13:52:01.223, 346.05, 342.45, 1680, 9501, 99, 26, 21475, 254, 78, P2
2026/08/23 13:52:01.725, 343.27, 328.25, 1665, 9501, 100, 24, 21475, 254, 77, P2
2026/08/23 13:52:02.227, 346.02, 351.77, 1650, 9501, 100, 25, 21475, 254, 78, P2
2026/08/23 13:52:02.730, 344.68, 350.54, 1665, 9501, 100, 26, 21475, 254, 78, P2
2026/08/23 13:52:03.247, 346.96, 356.80, 1680, 9501, 99, 27, 21475, 254, 78, P2
2026/08/23 13:52:03.750, 346.80, 352.05, 1665, 9501, 100, 27, 21475, 254, 78, P2
2026/08/23 13:52:04.256, 346.73, 348.34, 1665, 9501, 100, 26, 21475, 254, 79, P2
2026/08/23 13:52:04.773, 346.30, 352.47, 1665, 9501, 100, 26, 21475, 254, 79, P2
2026/08/23 13:52:05.276, 344.40, 322.90, 1665, 9501, 99, 24, 21475, 254, 79, P2
2026/08/23 13:52:05.779, 346.61, 346.94, 1680, 9501, 99, 24, 21475, 254, 79, P2
2026/08/23 13:52:06.284, 344.71, 361.55, 1680, 9501, 99, 24, 21475, 254, 79, P2
2026/08/23 13:52:06.801, 346.34, 343.66, 1680, 9501, 100, 23, 21475, 254, 79, P2
2026/08/23 13:52:07.303, 347.94, 350.29, 1665, 9501, 100, 25, 21475, 254, 79, P2
2026/08/23 13:52:07.821, 346.23, 348.90, 1665, 9501, 100, 26, 21475, 254, 79, P2
2026/08/23 13:52:08.334, 346.99, 355.93, 1680, 9501, 100, 25, 21475, 254, 80, P2
2026/08/23 13:52:08.853, 347.02, 347.87, 1665, 9501, 100, 26, 21475, 254, 80, P2
2026/08/23 13:52:09.369, 346.51, 352.24, 1665, 9501, 100, 26, 21475, 254, 80, P2
2026/08/23 13:52:09.876, 346.66, 347.11, 1665, 9501, 100, 26, 21475, 254, 80, P2
2026/08/23 13:52:10.394, 346.64, 348.51, 1650, 9501, 100, 25, 21475, 254, 80, P2
2026/08/23 13:52:10.898, 346.50, 350.77, 1620, 9501, 100, 26, 21475, 254, 80, P2
2026/08/23 13:52:11.415, 347.32, 352.95, 1650, 9501, 100, 26, 21475, 254, 80, P2
2026/08/23 13:52:11.918, 346.53, 350.61, 1650, 9501, 100, 26, 21475, 254, 80, P2
2026/08/23 13:52:12.425, 347.05, 348.46, 1650, 9501, 100, 25, 21475, 254, 80, P2
2026/08/23 13:52:12.942, 346.50, 352.36, 1665, 9501, 100, 26, 21475, 254, 81, P2
2026/08/23 13:52:13.444, 345.49, 342.24, 1650, 9501, 100, 26, 21475, 254, 81, P2
2026/08/23 13:52:13.949, 347.13, 348.32, 1665, 9501, 100, 26, 21475, 254, 81, P2
2026/08/23 13:52:14.452, 344.92, 329.72, 1650, 9501, 100, 24, 21475, 254, 81, P2
2026/08/23 13:52:14.968, 346.19, 351.91, 1665, 9501, 100, 26, 21475, 254, 81, P2
2026/08/23 13:52:15.474, 345.52, 340.13, 1635, 9501, 100, 26, 21475, 254, 81, P2
2026/08/23 13:52:15.978, 346.62, 349.88, 1665, 9501, 100, 26, 21475, 254, 81, P2
2026/08/23 13:52:16.481, 345.93, 338.71, 1605, 9501, 100, 26, 21475, 254, 81, P2
2026/08/23 13:52:16.982, 346.82, 348.04, 1665, 9501, 100, 27, 21475, 254, 81, P2
2026/08/23 13:52:17.486, 345.76, 341.19, 1650, 9501, 100, 27, 21475, 254, 81, P2
2026/08/23 13:52:17.988, 344.35, 349.56, 1680, 9501, 100, 26, 21475, 254, 81, P2
2026/08/23 13:52:18.494, 344.85, 352.74, 1680, 9501, 100, 27, 21475, 254, 81, P2
2026/08/23 13:52:18.996, 348.14, 350.20, 1650, 9501, 100, 27, 21475, 254, 82, P2
2026/08/23 13:52:19.512, 347.26, 348.65, 1680, 9501, 100, 26, 21475, 254, 82, P2
2026/08/23 13:52:20.013, 346.08, 352.16, 1680, 9501, 100, 25, 21475, 254, 81, P2
2026/08/23 13:52:20.519, 346.66, 347.07, 1680, 9501, 100, 24, 21475, 254, 82, P2
2026/08/23 13:52:21.026, 347.32, 348.90, 1680, 9501, 100, 25, 21475, 254, 82, P2
2026/08/23 13:52:21.531, 346.97, 351.04, 1680, 9501, 100, 24, 21475, 254, 82, P2
2026/08/23 13:52:22.033, 345.62, 355.19, 1695, 9501, 95, 25, 21475, 254, 81, P2
2026/08/23 13:52:22.536, 346.36, 346.08, 1680, 9501, 99, 26, 21475, 254, 82, P2
2026/08/23 13:52:23.054, 348.55, 348.37, 1650, 9501, 100, 28, 21475, 254, 82, P2
2026/08/23 13:52:23.558, 346.89, 350.33, 1650, 9501, 100, 28, 21475, 254, 82, P2
2026/08/23 13:52:24.073, 347.51, 342.67, 1650, 9501, 100, 27, 21475, 254, 82, P2
2026/08/23 13:52:24.574, 346.81, 350.59, 1635, 9501, 100, 31, 21475, 254, 82, P2
2026/08/23 13:52:25.079, 346.82, 341.41, 1590, 9501, 100, 28, 21475, 254, 82, P2
2026/08/23 13:52:25.582, 346.14, 348.19, 1680, 9501, 100, 29, 21475, 254, 82, P2
2026/08/23 13:52:26.098, 345.47, 346.69, 1650, 9501, 100, 28, 21475, 254, 82, P2
2026/08/23 13:52:26.604, 345.77, 359.17, 1665, 9501, 100, 28, 21475, 254, 82, P2
2026/08/23 13:52:27.110, 344.98, 344.36, 1665, 9501, 99, 29, 21475, 254, 82, P2
2026/08/23 13:52:27.615, 348.52, 350.60, 1635, 9501, 100, 30, 21475, 254, 82, P2
2026/08/23 13:52:28.133, 347.12, 345.85, 1650, 9501, 100, 30, 21475, 254, 82, P2
2026/08/23 13:52:28.636, 347.95, 349.24, 1635, 9501, 100, 29, 21475, 254, 83, P2
2026/08/23 13:52:29.143, 345.36, 353.47, 1665, 9501, 100, 31, 21475, 254, 82, P2
2026/08/23 13:52:29.658, 345.48, 344.63, 1620, 9501, 100, 29, 21475, 254, 83, P2
2026/08/23 13:52:30.166, 348.26, 351.57, 1635, 9501, 100, 28, 21475, 254, 82, P2
2026/08/23 13:52:30.671, 346.47, 350.54, 1665, 9501, 100, 30, 21475, 254, 82, P2
2026/08/23 13:52:31.179, 343.83, 310.23, 1710, 9501, 82, 26, 21475, 254, 83, P2
2026/08/23 13:52:31.684, 347.68, 348.79, 1650, 9501, 100, 30, 21475, 254, 83, P2
2026/08/23 13:52:32.191, 346.05, 343.18, 1650, 9501, 100, 30, 21475, 254, 82, P2
2026/08/23 13:52:32.696, 344.98, 347.45, 1665, 9501, 100, 33, 21475, 254, 83, P2
2026/08/23 13:52:33.198, 346.06, 349.93, 1665, 9501, 100, 29, 21475, 254, 83, P2
2026/08/23 13:52:33.701, 347.28, 367.73, 1620, 9501, 100, 30, 21475, 254, 83, P2
2026/08/23 13:52:34.203, 347.30, 345.84, 1650, 9501, 99, 29, 21475, 254, 83, P2
2026/08/23 13:52:34.707, 349.29, 348.22, 1635, 9501, 100, 31, 21475, 254, 83, P2
2026/08/23 13:52:35.224, 347.68, 347.61, 1650, 9501, 100, 30, 21475, 254, 83, P2
2026/08/23 13:52:35.742, 347.73, 347.27, 1635, 9501, 100, 30, 21475, 254, 83, P2
2026/08/23 13:52:36.244, 345.47, 350.20, 1665, 9501, 100, 28, 21475, 254, 83, P2
2026/08/23 13:52:36.761, 345.75, 351.11, 1665, 9501, 100, 30, 21475, 254, 83, P2
2026/08/23 13:52:37.277, 346.29, 343.50, 1620, 9501, 99, 29, 21475, 254, 83, P2
2026/08/23 13:52:37.779, 347.24, 351.71, 1635, 9501, 100, 29, 21475, 254, 83, P2
2026/08/23 13:52:38.283, 346.97, 343.61, 1635, 9501, 100, 31, 21475, 254, 83, P2
2026/08/23 13:52:38.800, 346.96, 353.23, 1620, 9501, 100, 32, 21475, 254, 83, P2
2026/08/23 13:52:39.302, 346.08, 337.55, 1650, 9501, 100, 27, 21475, 254, 83, P2
2026/08/23 13:52:39.809, 346.26, 342.96, 1635, 9501, 99, 31, 21475, 254, 83, P2
2026/08/23 13:52:40.325, 346.38, 341.20, 1635, 9501, 100, 29, 21475, 254, 84, P2
2026/08/23 13:52:40.827, 347.54, 348.00, 1605, 9501, 100, 34, 21475, 254, 83, P2
2026/08/23 13:52:41.334, 345.96, 351.62, 1635, 9501, 100, 31, 21475, 254, 83, P2
2026/08/23 13:52:41.838, 344.02, 331.44, 1665, 9501, 100, 28, 21475, 254, 83, P2
2026/08/23 13:52:42.354, 345.39, 348.07, 1650, 9501, 99, 29, 21475, 254, 83, P2
2026/08/23 13:52:42.858, 346.84, 349.74, 1620, 9501, 100, 35, 21475, 254, 84, P2
2026/08/23 13:52:43.363, 346.43, 355.01, 1590, 9501, 100, 34, 21475, 254, 83, P2
2026/08/23 13:52:43.866, 341.92, 346.01, 1605, 9501, 100, 31, 21475, 254, 83, P2
2026/08/23 13:52:44.382, 342.98, 352.00, 1650, 9501, 100, 33, 21475, 254, 83, P2
2026/08/23 13:52:44.885, 346.85, 350.35, 1680, 9501, 99, 31, 21475, 254, 84, P2
2026/08/23 13:52:45.388, 348.22, 344.65, 1635, 9501, 100, 35, 21475, 254, 83, P2
2026/08/23 13:52:45.895, 347.98, 348.12, 1620, 9501, 100, 36, 21475, 254, 84, P2
2026/08/23 13:52:46.403, 344.72, 337.91, 1620, 9501, 100, 31, 21475, 254, 83, P2
2026/08/23 13:52:46.908, 342.67, 334.45, 1620, 9501, 99, 33, 21475, 254, 84, P2
2026/08/23 13:52:47.413, 344.14, 339.99, 1620, 9501, 100, 30, 21475, 254, 84, P2
2026/08/23 13:52:47.918, 347.29, 348.07, 1635, 9501, 100, 33, 21475, 254, 84, P2
2026/08/23 13:52:48.421, 345.16, 349.59, 1590, 9501, 100, 32, 21475, 254, 84, P2
2026/08/23 13:52:48.924, 340.88, 365.84, 1605, 9501, 100, 34, 21475, 254, 83, P2
2026/08/23 13:52:49.427, 343.11, 339.21, 1635, 9501, 100, 30, 21475, 254, 84, P2
2026/08/23 13:52:49.976, 346.14, 357.55, 1650, 9501, 100, 35, 21475, 254, 84, P2
2026/08/23 13:52:50.492, 345.21, 350.84, 1650, 9501, 100, 28, 21475, 254, 84, P2
2026/08/23 13:52:51.009, 347.23, 345.24, 1590, 9501, 100, 34, 21475, 254, 84, P2
2026/08/23 13:52:51.513, 343.09, 340.97, 1635, 9501, 100, 30, 21475, 254, 84, P2
2026/08/23 13:52:52.015, 342.36, 343.83, 1605, 9501, 100, 33, 21475, 254, 83, P2
2026/08/23 13:52:52.517, 342.05, 332.02, 1650, 9501, 99, 29, 21475, 254, 83, P2
2026/08/23 13:52:53.033, 343.38, 346.92, 1620, 9501, 100, 36, 21475, 254, 84, P2
2026/08/23 13:52:53.547, 346.97, 350.40, 1650, 9501, 100, 34, 21475, 254, 84, P2
2026/08/23 13:52:54.051, 345.97, 350.07, 1620, 9501, 100, 30, 21475, 254, 84, P2
2026/08/23 13:52:54.556, 342.52, 341.14, 1650, 9501, 99, 30, 21475, 254, 84, P2
2026/08/23 13:52:55.060, 345.96, 356.56, 1635, 9501, 100, 34, 21475, 254, 84, P2
2026/08/23 13:52:55.573, 348.51, 348.27, 1635, 9501, 100, 35, 21475, 254, 84, P2
2026/08/23 13:52:56.075, 346.57, 342.57, 1635, 9501, 100, 30, 21475, 254, 84, P2
2026/08/23 13:52:56.592, 345.13, 312.42, 1725, 9501, 79, 28, 21475, 254, 84, P2
2026/08/23 13:52:57.108, 345.71, 354.05, 1650, 9501, 100, 35, 21475, 254, 84, P2
2026/08/23 13:52:57.612, 342.68, 347.96, 1650, 9501, 99, 34, 21475, 254, 84, P2
2026/08/23 13:52:58.114, 346.48, 346.45, 1665, 9501, 100, 35, 21475, 254, 84, P2
2026/08/23 13:52:58.628, 349.00, 353.33, 1635, 9501, 100, 34, 21475, 254, 84, P2
2026/08/23 13:52:59.133, 347.72, 341.45, 1635, 9501, 100, 35, 21475, 254, 84, P2
2026/08/23 13:52:59.647, 341.92, 348.91, 1635, 9501, 100, 35, 21475, 254, 84, P2
2026/08/23 13:53:00.161, 343.24, 355.69, 1680, 9501, 100, 34, 21475, 254, 84, P2
2026/08/23 13:53:00.679, 346.42, 341.84, 1635, 9501, 100, 35, 21475, 254, 84, P2
2026/08/23 13:53:01.197, 345.31, 353.53, 1635, 9501, 100, 34, 21475, 254, 84, P2
2026/08/23 13:53:01.713, 344.27, 344.20, 1590, 9501, 100, 31, 21475, 254, 84, P2
2026/08/23 13:53:02.228, 346.24, 330.04, 1575, 9501, 100, 31, 21475, 254, 85, P2
2026/08/23 13:53:02.744, 344.17, 356.14, 1635, 9501, 100, 34, 21475, 254, 85, P2
2026/08/23 13:53:03.248, 339.36, 340.64, 1665, 9501, 100, 33, 21475, 254, 84, P2
2026/08/23 13:53:03.750, 344.03, 348.81, 1575, 9501, 100, 34, 21475, 254, 85, P2
2026/08/23 13:53:04.256, 345.47, 356.56, 1635, 9501, 100, 35, 21475, 254, 85, P2
2026/08/23 13:53:04.772, 345.60, 353.15, 1650, 9501, 100, 35, 21475, 254, 85, P2
2026/08/23 13:53:05.279, 344.38, 314.76, 1710, 9501, 78, 27, 21475, 254, 83, P2
2026/08/23 13:53:05.795, 345.20, 346.98, 1620, 9501, 100, 37, 21475, 254, 84, P2
2026/08/23 13:53:06.297, 341.04, 331.68, 1620, 9501, 100, 31, 21475, 254, 84, P2
2026/08/23 13:53:06.810, 344.88, 352.53, 1635, 9501, 99, 30, 21475, 254, 84, P2
2026/08/23 13:53:07.312, 344.75, 350.36, 1575, 9501, 100, 33, 21475, 254, 85, P2
2026/08/23 13:53:07.828, 343.24, 341.48, 1665, 9501, 100, 39, 21475, 254, 84, P2
2026/08/23 13:53:08.332, 341.19, 356.90, 1650, 9501, 100, 35, 21475, 254, 84, P2
2026/08/23 13:53:08.848, 342.07, 338.45, 1650, 9501, 100, 36, 21475, 254, 84, P2
2026/08/23 13:53:09.351, 347.63, 360.20, 1650, 9501, 100, 35, 21475, 254, 84, P2
2026/08/23 13:53:09.854, 345.34, 343.74, 1650, 9501, 100, 32, 21475, 254, 85, P2
2026/08/23 13:53:10.370, 346.24, 345.68, 1635, 9501, 100, 35, 21475, 254, 84, P2
2026/08/23 13:53:10.875, 345.56, 342.50, 1650, 9501, 100, 36, 21475, 254, 85, P2
2026/08/23 13:53:11.389, 342.74, 349.53, 1635, 9501, 100, 31, 21475, 254, 85, P2
2026/08/23 13:53:11.894, 342.87, 352.38, 1605, 9501, 100, 35, 21475, 254, 85, P2
2026/08/23 13:53:12.400, 344.45, 342.07, 1650, 9501, 100, 37, 21475, 254, 84, P2
2026/08/23 13:53:12.904, 343.14, 339.71, 1665, 9501, 100, 34, 21475, 254, 84, P2
2026/08/23 13:53:13.421, 344.34, 341.35, 1635, 9501, 100, 33, 21475, 254, 85, P2
2026/08/23 13:53:13.923, 344.96, 354.74, 1650, 9501, 100, 35, 21475, 254, 84, P2
2026/08/23 13:53:14.436, 340.37, 347.12, 1650, 9501, 99, 35, 21475, 254, 85, P2
2026/08/23 13:53:14.953, 342.60, 337.22, 1650, 9501, 100, 34, 21475, 254, 84, P2
2026/08/23 13:53:15.468, 341.52, 339.97, 1650, 9501, 100, 32, 21475, 254, 85, P2
2026/08/23 13:53:15.981, 342.37, 329.81, 1635, 9501, 100, 33, 21475, 254, 84, P2
2026/08/23 13:53:16.498, 343.84, 356.63, 1635, 9501, 100, 36, 21475, 254, 84, P2
2026/08/23 13:53:17.003, 339.47, 352.96, 1635, 9501, 100, 38, 21475, 254, 84, P2
2026/08/23 13:53:17.509, 340.71, 352.05, 1635, 9501, 100, 33, 21475, 254, 84, P2
2026/08/23 13:53:18.014, 344.27, 350.85, 1650, 9501, 100, 37, 21475, 254, 85, P2
2026/08/23 13:53:18.531, 343.76, 340.83, 1665, 9501, 99, 32, 21475, 254, 84, P2
2026/08/23 13:53:19.035, 344.16, 343.33, 1665, 9501, 100, 38, 21475, 254, 85, P2
2026/08/23 13:53:19.538, 344.55, 346.14, 1590, 9501, 100, 34, 21475, 254, 85, P2
2026/08/23 13:53:20.053, 340.40, 310.69, 1725, 9501, 80, 30, 21475, 254, 85, P2
2026/08/23 13:53:20.556, 341.68, 358.09, 1635, 9501, 99, 35, 21475, 254, 85, P2
2026/08/23 13:53:21.058, 339.35, 340.10, 1635, 9501, 100, 33, 21475, 254, 85, P2
2026/08/23 13:53:21.576, 342.56, 337.76, 1620, 9501, 100, 35, 21475, 254, 84, P2
2026/08/23 13:53:22.093, 343.23, 334.99, 1650, 9501, 100, 34, 21475, 254, 85, P2
2026/08/23 13:53:22.597, 342.31, 346.23, 1650, 9501, 100, 33, 21475, 254, 84, P2
2026/08/23 13:53:23.116, 342.37, 337.26, 1605, 9501, 100, 35, 21475, 254, 84, P2
2026/08/23 13:53:23.619, 341.70, 328.03, 1650, 9501, 100, 34, 21475, 254, 85, P2
2026/08/23 13:53:24.133, 339.72, 326.52, 1650, 9501, 99, 32, 21475, 254, 84, P2
2026/08/23 13:53:24.639, 340.89, 348.61, 1575, 9501, 100, 35, 21475, 254, 85, P2
2026/08/23 13:53:25.141, 339.83, 340.51, 1650, 9501, 100, 40, 21475, 254, 85, P2
2026/08/23 13:53:25.657, 340.42, 340.32, 1635, 9501, 99, 33, 21475, 254, 85, P2
2026/08/23 13:53:26.160, 341.82, 351.54, 1635, 9501, 100, 42, 21475, 254, 85, P2
2026/08/23 13:53:26.674, 340.14, 340.10, 1650, 9501, 100, 35, 21475, 254, 85, P2
2026/08/23 13:53:27.189, 340.91, 345.08, 1650, 9501, 100, 39, 21475, 254, 85, P2
2026/08/23 13:53:27.706, 341.68, 331.64, 1635, 9501, 99, 35, 21475, 254, 85, P2
2026/08/23 13:53:28.209, 341.15, 349.81, 1560, 9501, 100, 34, 21475, 254, 84, P2
2026/08/23 13:53:28.713, 342.42, 345.72, 1620, 9501, 100, 37, 21475, 254, 85, P2
2026/08/23 13:53:29.216, 342.60, 340.48, 1635, 9501, 100, 36, 21475, 254, 85, P2
2026/08/23 13:53:29.719, 338.57, 313.01, 1650, 9501, 76, 25, 21475, 254, 84, P2
2026/08/23 13:53:30.235, 339.78, 345.33, 1635, 9501, 100, 36, 21475, 254, 84, P2
2026/08/23 13:53:30.750, 337.21, 340.04, 1635, 9501, 100, 34, 21475, 254, 85, P2
2026/08/23 13:53:31.252, 339.61, 338.00, 1590, 9501, 100, 38, 21475, 254, 85, P2
2026/08/23 13:53:31.770, 341.37, 345.72, 1665, 9501, 100, 38, 21475, 254, 84, P2
2026/08/23 13:53:32.271, 341.79, 342.60, 1650, 9501, 99, 32, 21475, 254, 85, P2
2026/08/23 13:53:32.774, 340.09, 339.80, 1620, 9501, 100, 35, 21475, 254, 85, P2
2026/08/23 13:53:33.281, 336.70, 338.62, 1620, 9501, 100, 36, 21475, 254, 85, P2
2026/08/23 13:53:33.783, 339.41, 343.77, 1635, 9501, 100, 36, 21475, 254, 85, P2
2026/08/23 13:53:34.300, 341.67, 341.21, 1635, 9501, 100, 36, 21475, 254, 85, P2
2026/08/23 13:53:34.816, 341.21, 342.95, 1635, 9501, 100, 37, 21475, 254, 84, P2
2026/08/23 13:53:35.331, 340.29, 335.10, 1620, 9501, 100, 35, 21475, 254, 85, P2
2026/08/23 13:53:35.849, 338.30, 343.27, 1635, 9501, 100, 34, 21475, 254, 85, P2
2026/08/23 13:53:36.366, 336.23, 315.19, 1800, 9501, 80, 29, 21475, 254, 84, P2
2026/08/23 13:53:36.869, 338.09, 336.74, 1575, 9501, 100, 37, 21475, 254, 84, P2
2026/08/23 13:53:37.385, 336.87, 336.24, 1575, 9501, 99, 36, 21475, 254, 84, P2
2026/08/23 13:53:37.888, 339.06, 340.69, 1560, 9501, 100, 37, 21475, 254, 85, P2
2026/08/23 13:53:38.394, 340.58, 342.92, 1575, 9501, 100, 36, 21475, 254, 85, P2
2026/08/23 13:53:38.899, 340.62, 338.33, 1560, 9501, 100, 36, 21475, 254, 84, P2
2026/08/23 13:53:39.417, 340.10, 342.53, 1575, 9501, 100, 35, 21475, 254, 85, P2
2026/08/23 13:53:39.932, 338.19, 356.43, 1590, 9501, 99, 38, 21475, 254, 85, P2
2026/08/23 13:53:40.435, 338.89, 343.28, 1620, 9501, 100, 37, 21475, 254, 85, P2
2026/08/23 13:53:40.953, 341.61, 342.12, 1635, 9501, 100, 36, 21475, 254, 85, P2
2026/08/23 13:53:41.457, 341.15, 341.89, 1635, 9501, 100, 39, 21475, 254, 85, P2
2026/08/23 13:53:41.974, 339.22, 321.60, 1635, 9501, 99, 34, 21475, 254, 84, P2
2026/08/23 13:53:42.489, 337.76, 339.43, 1515, 9501, 100, 39, 21475, 254, 85, P2
2026/08/23 13:53:43.006, 334.45, 362.79, 1590, 9501, 99, 72, 21477, 254, 85, P2
2026/08/23 13:53:43.522, 321.64, 268.45, 1620, 9501, 58, 17, 21479, 254, 83, P2
2026/08/23 13:53:44.036, 325.45, 345.91, 1650, 9501, 100, 38, 21479, 254, 85, P2
2026/08/23 13:53:44.541, 315.99, 305.12, 1710, 9501, 74, 46, 21479, 254, 83, P2
2026/08/23 13:53:45.059, 321.45, 329.61, 1725, 9501, 89, 68, 21479, 254, 83, P2
2026/08/23 13:53:45.563, 334.09, 352.58, 1635, 9501, 96, 78, 21479, 254, 84, P2
2026/08/23 13:53:46.079, 342.06, 356.16, 1650, 9501, 96, 78, 21479, 254, 84, P2
2026/08/23 13:53:46.594, 348.33, 340.23, 1695, 9501, 91, 74, 21479, 254, 83, P2
2026/08/23 13:53:47.100, 348.46, 346.70, 1665, 9501, 96, 77, 21479, 254, 84, P2
2026/08/23 13:53:47.617, 346.91, 351.45, 1605, 9501, 89, 75, 21479, 254, 84, P2
2026/08/23 13:53:48.133, 348.32, 349.51, 1620, 9501, 97, 77, 21479, 254, 84, P2
2026/08/23 13:53:48.650, 348.69, 352.17, 1635, 9501, 95, 77, 21479, 254, 84, P2
2026/08/23 13:53:49.166, 348.25, 347.06, 1620, 9501, 92, 75, 21479, 254, 84, P2
2026/08/23 13:53:49.682, 348.23, 341.80, 1665, 9501, 89, 73, 21479, 254, 84, P2
2026/08/23 13:53:50.195, 348.52, 352.93, 1620, 9501, 96, 77, 21479, 254, 84, P2
2026/08/23 13:53:50.711, 347.57, 348.43, 1650, 9501, 93, 76, 21479, 254, 84, P2
2026/08/23 13:53:51.226, 347.70, 338.00, 1680, 9501, 92, 76, 21479, 254, 83, P2
2026/08/23 13:53:51.741, 348.90, 354.59, 1635, 9501, 97, 79, 21479, 254, 84, P2
2026/08/23 13:53:52.243, 347.73, 339.63, 1635, 9501, 93, 74, 21479, 254, 84, P2
2026/08/23 13:53:52.760, 348.93, 354.89, 1605, 9501, 91, 73, 21479, 254, 84, P2
2026/08/23 13:53:53.262, 347.85, 356.99, 1620, 9501, 90, 73, 21479, 254, 83, P2
2026/08/23 13:53:53.778, 348.23, 352.07, 1620, 9501, 92, 77, 21479, 254, 84, P2
2026/08/23 13:53:54.292, 346.80, 336.15, 1635, 9501, 89, 73, 21479, 254, 84, P2
2026/08/23 13:53:54.799, 345.89, 347.57, 1665, 9501, 90, 71, 21485, 254, 83, P2
2026/08/23 13:53:55.302, 339.40, 299.39, 1650, 9501, 68, 55, 21450, 254, 82, P2
2026/08/23 13:53:55.819, 332.05, 320.25, 1875, 9501, 73, 59, 21445, 254, 81, P2
2026/08/23 13:53:56.336, 317.59, 271.46, 1905, 9501, 47, 40, 21445, 254, 80, P2
2026/08/23 13:53:56.850, 247.91, 169.91, 1920, 9501, 0, 0, 21445, 254, 77, P2
2026/08/23 13:53:57.365, 179.22, 169.27, 1920, 9501, 1, 0, 21445, 254, 76, P2
2026/08/23 13:53:57.880, 169.18, 168.52, 1920, 9501, 0, 0, 21449, 254, 76, P2
2026/08/23 13:53:58.396, 156.31, 95.89, 390, 5001, 10, 1, 21449, 254, 73, P3
2026/08/23 13:53:58.901, 122.61, 94.50, 330, 5001, 11, 1, 21449, 254, 72, P3
2026/08/23 13:53:59.404, 93.64, 92.37, 270, 5001, 12, 1, 21449, 254, 71, P3
2026/08/23 13:53:59.920, 91.96, 91.16, 240, 5001, 8, 0, 21449, 254, 71, P3
2026/08/23 13:54:00.436, 91.23, 90.81, 240, 5001, 5, 0, 21449, 254, 70, P3
2026/08/23 13:54:00.952, 117.22, 135.87, 1725, 9501, 1, 0, 21449, 254, 72, P2
2026/08/23 13:54:01.464, 135.65, 135.24, 1725, 9501, 0, 0, 21449, 254, 71, P2
2026/08/23 13:54:01.979, 135.53, 135.58, 1725, 9501, 2, 0, 21449, 254, 71, P2
2026/08/23 13:54:02.482, 135.32, 135.06, 1725, 9501, 1, 0, 21449, 254, 71, P2
2026/08/23 13:54:02.985, 135.43, 135.19, 1725, 9501, 4, 0, 21452, 254, 71, P2
2026/08/23 13:54:03.502, 111.87, 53.51, 450, 810, 0, 1, 21452, 254, 68, P5
2026/08/23 13:54:04.015, 74.42, 53.07, 345, 810, 2, 2, 21452, 254, 67, P5
2026/08/23 13:54:04.529, 48.46, 42.00, 285, 810, 2, 2, 21452, 254, 66, P5
2026/08/23 13:54:05.031, 41.64, 36.60, 225, 405, 9, 4, 21455, 254, 66, P8
2026/08/23 13:54:05.534, 39.84, 39.94, 210, 405, 15, 6, 21455, 254, 65, P8
2026/08/23 13:54:06.037, 37.52, 33.85, 210, 405, 6, 5, 21455, 254, 65, P8
2026/08/23 13:54:06.551, 35.39, 33.78, 210, 405, 4, 3, 21455, 254, 65, P8
2026/08/23 13:54:07.067, 33.88, 33.01, 210, 405, 5, 5, 21455, 254, 64, P8
2026/08/23 13:54:07.570, 33.75, 33.50, 210, 405, 3, 3, 21455, 254, 64, P8
2026/08/23 13:54:08.080, 33.49, 32.51, 210, 405, 4, 4, 21455, 254, 64, P8
2026/08/23 13:54:08.595, 33.43, 33.90, 210, 405, 3, 3, 21455, 254, 64, P8
2026/08/23 13:54:09.110, 34.39, 39.89, 210, 405, 7, 5, 21455, 254, 63, P8
2026/08/23 13:54:09.625, 34.99, 37.56, 210, 405, 2, 3, 21455, 254, 63, P8
2026/08/23 13:54:10.142, 36.12, 39.65, 210, 405, 17, 9, 21445, 254, 63, P8
2026/08/23 13:54:10.657, 37.66, 37.70, 210, 405, 19, 9, 21451, 254, 63, P8
2026/08/23 13:54:11.177, 37.08, 34.01, 210, 405, 8, 16, 21451, 254, 63, P8
2026/08/23 13:54:11.693, 35.32, 37.05, 210, 405, 15, 7, 21451, 254, 63, P8
2026/08/23 13:54:12.197, 35.24, 32.48, 210, 405, 3, 9, 21451, 254, 62, P8
2026/08/23 13:54:12.713, 35.04, 35.81, 210, 405, 10, 15, 21451, 254, 62, P8
2026/08/23 13:54:13.232, 34.07, 32.50, 210, 405, 4, 3, 21451, 254, 62, P8
2026/08/23 13:54:13.746, 33.68, 32.17, 210, 405, 3, 19, 21456, 254, 62, P8
2026/08/23 13:54:14.259, 34.05, 36.91, 210, 405, 16, 8, 21456, 254, 62, P8
2026/08/23 13:54:14.775, 34.80, 33.33, 210, 405, 3, 16, 21456, 254, 61, P8
2026/08/23 13:54:15.291, 34.63, 40.55, 210, 405, 9, 5, 21456, 254, 61, P8
2026/08/23 13:54:15.855, 34.66, 31.86, 210, 405, 4, 21, 21456, 254, 61, P8
2026/08/23 13:54:16.368, 34.05, 32.93, 210, 405, 9, 8, 21456, 254, 61, P8
2026/08/23 13:54:16.885, 33.23, 31.44, 210, 405, 3, 24, 21456, 254, 61, P8
2026/08/23 13:54:17.400, 33.06, 33.21, 210, 405, 8, 5, 21456, 254, 61, P8
2026/08/23 13:54:17.918, 32.65, 32.26, 210, 405, 3, 27, 21456, 254, 61, P8
2026/08/23 13:54:18.432, 33.56, 35.50, 210, 405, 14, 6, 21456, 254, 61, P8
2026/08/23 13:54:18.946, 110.75, 127.36, 1725, 9501, 5, 0, 21456, 254, 64, P2
2026/08/23 13:54:19.460, 127.06, 126.73, 1725, 9501, 0, 0, 21456, 254, 64, P2
2026/08/23 13:54:19.977, 127.01, 127.07, 1725, 9501, 1, 0, 21456, 254, 64, P2
2026/08/23 13:54:20.494, 104.79, 47.77, 420, 810, 0, 1, 21456, 254, 62, P5
2026/08/23 13:54:21.010, 68.83, 47.56, 330, 810, 2, 2, 21456, 254, 61, P5
2026/08/23 13:54:21.512, 44.16, 41.71, 285, 810, 13, 4, 21456, 254, 61, P5
2026/08/23 13:54:22.026, 40.02, 36.92, 240, 405, 17, 7, 21456, 254, 60, P8
2026/08/23 13:54:22.541, 37.98, 36.94, 225, 405, 16, 7, 21456, 254, 60, P8
2026/08/23 13:54:23.057, 36.40, 34.97, 210, 405, 8, 6, 21456, 254, 60, P8
2026/08/23 13:54:23.559, 35.72, 35.94, 210, 405, 15, 7, 21456, 254, 60, P8
2026/08/23 13:54:24.065, 35.54, 33.07, 210, 405, 5, 5, 21456, 254, 60, P8
2026/08/23 13:54:24.582, 35.18, 35.76, 210, 405, 14, 6, 21456, 254, 60, P8
2026/08/23 13:54:25.096, 34.31, 33.33, 210, 405, 5, 6, 21456, 254, 59, P8
2026/08/23 13:54:25.611, 33.80, 32.60, 210, 405, 3, 4, 21456, 254, 59, P8
2026/08/23 13:54:26.125, 33.44, 32.58, 210, 405, 5, 5, 21456, 254, 59, P8
2026/08/23 13:54:26.628, 60.31, 276.21, 1725, 9501, 100, 28, 21456, 254, 67, P2
2026/08/23 13:54:27.142, 204.91, 353.74, 1680, 9501, 100, 28, 21456, 254, 73, P2
2026/08/23 13:54:27.656, 341.07, 323.70, 1650, 9501, 100, 28, 21456, 254, 74, P2
2026/08/23 13:54:28.174, 342.78, 316.98, 1695, 9501, 80, 21, 21456, 254, 75, P2
2026/08/23 13:54:28.687, 342.52, 331.44, 1680, 9501, 100, 25, 21456, 254, 75, P2
2026/08/23 13:54:29.204, 343.96, 345.44, 1695, 9501, 100, 28, 21456, 254, 75, P2
2026/08/23 13:54:29.709, 344.53, 341.92, 1650, 9501, 100, 28, 21456, 254, 76, P2
2026/08/23 13:54:30.214, 344.81, 348.84, 1680, 9501, 99, 27, 21456, 254, 76, P2
2026/08/23 13:54:30.730, 343.52, 332.16, 1650, 9501, 100, 25, 21456, 254, 76, P2
2026/08/23 13:54:31.247, 344.80, 353.92, 1665, 9501, 100, 26, 21456, 254, 77, P2
2026/08/23 13:54:31.749, 343.38, 340.58, 1635, 9501, 100, 27, 21456, 254, 77, P2
2026/08/23 13:54:32.253, 345.44, 348.65, 1665, 9501, 100, 27, 21456, 254, 77, P2
2026/08/23 13:54:32.768, 345.08, 338.43, 1650, 9501, 99, 26, 21456, 254, 77, P2
2026/08/23 13:54:33.272, 344.03, 340.43, 1710, 9501, 89, 21, 21456, 254, 77, P2
2026/08/23 13:54:33.774, 344.33, 348.70, 1665, 9501, 100, 24, 21456, 254, 77, P2
2026/08/23 13:54:34.277, 345.10, 346.60, 1665, 9501, 100, 25, 21456, 254, 78, P2
2026/08/23 13:54:34.793, 346.05, 352.37, 1680, 9501, 100, 26, 21456, 254, 78, P2
2026/08/23 13:54:35.307, 346.73, 346.44, 1650, 9501, 100, 26, 21456, 254, 78, P2
2026/08/23 13:54:35.823, 346.40, 351.86, 1635, 9501, 100, 26, 21456, 254, 78, P2
2026/08/23 13:54:36.340, 345.27, 341.81, 1680, 9501, 99, 25, 21456, 254, 78, P2
2026/08/23 13:54:36.855, 343.24, 309.17, 1680, 9501, 79, 17, 21456, 254, 78, P2
2026/08/23 13:54:37.371, 345.61, 347.47, 1695, 9501, 100, 24, 21456, 254, 79, P2
2026/08/23 13:54:37.887, 343.69, 338.99, 1680, 9501, 100, 23, 21456, 254, 79, P2
2026/08/23 13:54:38.402, 346.33, 345.51, 1680, 9501, 99, 23, 21456, 254, 79, P2
2026/08/23 13:54:38.918, 345.41, 347.28, 1665, 9501, 100, 24, 21456, 254, 79, P2
2026/08/23 13:54:39.436, 346.51, 351.56, 1680, 9501, 100, 26, 21456, 254, 79, P2
2026/08/23 13:54:39.952, 346.86, 353.37, 1680, 9501, 100, 26, 21456, 254, 80, P2
2026/08/23 13:54:40.468, 347.42, 345.42, 1665, 9501, 99, 25, 21456, 254, 79, P2
2026/08/23 13:54:40.970, 346.50, 351.19, 1650, 9501, 100, 26, 21456, 254, 80, P2
2026/08/23 13:54:41.484, 346.19, 346.30, 1665, 9501, 100, 25, 21456, 254, 80, P2
2026/08/23 13:54:41.989, 347.13, 351.58, 1755, 9501, 100, 26, 21456, 254, 80, P2
2026/08/23 13:54:42.494, 346.41, 347.12, 1680, 9501, 100, 25, 21456, 254, 80, P2
2026/08/23 13:54:43.011, 345.82, 335.80, 1650, 9501, 100, 25, 21456, 254, 80, P2
2026/08/23 13:54:43.526, 346.04, 350.51, 1680, 9501, 100, 25, 21456, 254, 80, P2
2026/08/23 13:54:44.041, 346.01, 340.83, 1740, 9501, 100, 25, 21456, 254, 79, P2
2026/08/23 13:54:44.543, 347.00, 352.36, 1695, 9501, 100, 26, 21456, 254, 81, P2
2026/08/23 13:54:45.047, 344.67, 328.60, 1680, 9501, 100, 25, 21456, 254, 80, P2
2026/08/23 13:54:45.561, 347.29, 352.33, 1680, 9501, 100, 27, 21456, 254, 80, P2
2026/08/23 13:54:46.079, 344.84, 335.48, 1755, 9501, 90, 23, 21456, 254, 80, P2
2026/08/23 13:54:46.582, 346.30, 350.72, 1695, 9501, 100, 26, 21456, 254, 81, P2
2026/08/23 13:54:47.098, 345.48, 334.61, 1665, 9501, 100, 25, 21456, 254, 81, P2
2026/08/23 13:54:47.615, 346.29, 348.00, 1695, 9501, 100, 26, 21456, 254, 81, P2
2026/08/23 13:54:48.132, 345.55, 331.53, 1740, 9501, 100, 27, 21456, 254, 80, P2
2026/08/23 13:54:48.636, 346.32, 352.29, 1665, 9501, 100, 26, 21456, 254, 81, P2
2026/08/23 13:54:49.140, 344.67, 339.50, 1665, 9501, 100, 26, 21456, 254, 81, P2
2026/08/23 13:54:49.655, 347.39, 350.58, 1665, 9501, 100, 26, 21456, 254, 81, P2
2026/08/23 13:54:50.159, 346.33, 341.52, 1650, 9501, 100, 27, 21456, 254, 81, P2
2026/08/23 13:54:50.677, 346.89, 348.44, 1665, 9501, 100, 26, 21456, 254, 82, P2
2026/08/23 13:54:51.192, 346.88, 336.15, 1620, 9501, 100, 26, 21456, 254, 81, P2
2026/08/23 13:54:51.695, 346.33, 352.45, 1635, 9501, 100, 27, 21456, 254, 82, P2
2026/08/23 13:54:52.197, 345.64, 346.68, 1620, 9501, 100, 26, 21456, 254, 82, P2
2026/08/23 13:54:52.710, 345.26, 352.31, 1665, 9501, 100, 26, 21456, 254, 82, P2
2026/08/23 13:54:53.225, 344.75, 354.57, 1650, 9501, 100, 26, 21456, 254, 82, P2
2026/08/23 13:54:53.728, 347.08, 346.29, 1665, 9501, 100, 26, 21456, 254, 82, P2
2026/08/23 13:54:54.245, 348.07, 355.40, 1650, 9501, 100, 25, 21456, 254, 82, P2
2026/08/23 13:54:54.749, 345.30, 358.00, 1665, 9501, 100, 26, 21456, 254, 82, P2
2026/08/23 13:54:55.251, 345.80, 350.29, 1710, 9501, 99, 25, 21456, 254, 82, P2
2026/08/23 13:54:55.767, 348.40, 349.36, 1680, 9501, 99, 26, 21456, 254, 82, P2
2026/08/23 13:54:56.283, 346.83, 345.32, 1680, 9501, 99, 26, 21456, 254, 82, P2
2026/08/23 13:54:56.786, 347.58, 348.14, 1800, 9501, 100, 27, 21456, 254, 81, P2
2026/08/23 13:54:57.289, 345.68, 348.83, 1665, 9501, 100, 30, 21456, 254, 82, P2
2026/08/23 13:54:57.807, 345.67, 342.01, 1650, 9501, 100, 28, 21456, 254, 82, P2
2026/08/23 13:54:58.311, 347.12, 346.99, 1635, 9501, 100, 29, 21456, 254, 82, P2
2026/08/23 13:54:58.829, 346.82, 351.76, 1650, 9501, 100, 29, 21456, 254, 82, P2
2026/08/23 13:54:59.332, 345.10, 350.85, 1650, 9501, 100, 28, 21456, 254, 83, P2
2026/08/23 13:54:59.835, 346.32, 342.44, 1665, 9501, 99, 27, 21456, 254, 83, P2
2026/08/23 13:55:00.338, 347.44, 343.90, 1680, 9501, 99, 27, 21456, 254, 83, P2
2026/08/23 13:55:00.854, 346.57, 351.84, 1665, 9501, 100, 30, 21456, 254, 82, P2
2026/08/23 13:55:01.359, 346.67, 353.48, 1650, 9501, 100, 30, 21456, 254, 82, P2
2026/08/23 13:55:01.877, 345.74, 356.75, 1650, 9501, 100, 30, 21456, 254, 83, P2
2026/08/23 13:55:02.394, 347.33, 348.20, 1650, 9501, 100, 30, 21456, 254, 82, P2
2026/08/23 13:55:02.910, 347.06, 350.36, 1635, 9501, 100, 28, 21456, 254, 83, P2
2026/08/23 13:55:03.426, 345.60, 349.77, 1635, 9501, 100, 29, 21456, 254, 83, P2
2026/08/23 13:55:03.932, 345.33, 313.72, 1680, 9501, 79, 22, 21456, 254, 83, P2
2026/08/23 13:55:04.434, 346.78, 349.89, 1620, 9501, 100, 29, 21456, 254, 83, P2
2026/08/23 13:55:04.941, 345.74, 351.69, 1665, 9501, 100, 30, 21456, 254, 83, P2
2026/08/23 13:55:05.444, 347.92, 350.29, 1605, 9501, 100, 31, 21456, 254, 83, P2
2026/08/23 13:55:05.956, 345.46, 347.72, 1665, 9501, 100, 29, 21456, 254, 83, P2
2026/08/23 13:55:06.472, 347.45, 349.76, 1665, 9501, 99, 29, 21456, 254, 83, P2
2026/08/23 13:55:06.987, 348.08, 345.37, 1680, 9501, 100, 30, 21456, 254, 83, P2
2026/08/23 13:55:07.502, 346.62, 348.71, 1665, 9501, 100, 30, 21459, 254, 83, P2
2026/08/23 13:55:08.006, 348.13, 356.56, 1635, 9501, 100, 30, 21459, 254, 83, P2
2026/08/23 13:55:08.523, 347.18, 354.75, 1665, 9501, 100, 31, 21459, 254, 83, P2
2026/08/23 13:55:09.039, 347.67, 352.41, 1605, 9501, 100, 30, 21459, 254, 83, P2
2026/08/23 13:55:09.545, 346.89, 346.00, 1650, 9501, 99, 31, 21459, 254, 84, P2
2026/08/23 13:55:10.061, 346.06, 343.96, 1680, 9501, 100, 30, 21459, 254, 84, P2
2026/08/23 13:55:10.563, 347.90, 351.53, 1635, 9501, 100, 32, 21459, 254, 83, P2
2026/08/23 13:55:11.078, 345.60, 348.75, 1665, 9501, 99, 30, 21459, 254, 84, P2
2026/08/23 13:55:11.594, 345.70, 350.03, 1590, 9501, 100, 30, 21459, 254, 83, P2
2026/08/23 13:55:12.109, 347.13, 347.23, 1665, 9501, 99, 31, 21459, 254, 84, P2
2026/08/23 13:55:12.612, 347.63, 349.86, 1665, 9501, 100, 31, 21459, 254, 84, P2
2026/08/23 13:55:13.130, 347.45, 349.91, 1605, 9501, 100, 32, 21459, 254, 83, P2
2026/08/23 13:55:13.644, 344.36, 343.62, 1650, 9501, 100, 30, 21459, 254, 84, P2
2026/08/23 13:55:14.160, 342.45, 341.59, 1680, 9501, 100, 30, 21459, 254, 84, P2
2026/08/23 13:55:14.675, 345.09, 345.97, 1605, 9501, 99, 29, 21459, 254, 84, P2
2026/08/23 13:55:15.179, 345.64, 344.30, 1620, 9501, 100, 32, 21459, 254, 84, P2
2026/08/23 13:55:15.697, 346.08, 344.53, 1635, 9501, 100, 33, 21459, 254, 84, P2
2026/08/23 13:55:16.200, 345.86, 350.81, 1650, 9501, 100, 32, 21459, 254, 84, P2
2026/08/23 13:55:16.717, 346.02, 344.56, 1665, 9501, 99, 31, 21459, 254, 84, P2
2026/08/23 13:55:17.234, 345.15, 328.15, 1680, 9501, 100, 32, 21459, 254, 84, P2
2026/08/23 13:55:17.739, 344.02, 338.07, 1635, 9501, 100, 33, 21459, 254, 84, P2
2026/08/23 13:55:18.255, 343.02, 352.18, 1650, 9501, 100, 29, 21459, 254, 84, P2
2026/08/23 13:55:18.770, 343.38, 350.54, 1665, 9501, 100, 30, 21459, 254, 84, P2
2026/08/23 13:55:19.286, 347.86, 349.61, 1650, 9501, 100, 30, 21459, 254, 84, P2
2026/08/23 13:55:19.801, 347.28, 347.39, 1605, 9501, 100, 33, 21459, 254, 84, P2
2026/08/23 13:55:20.318, 343.78, 344.80, 1650, 9501, 100, 32, 21459, 254, 84, P2
2026/08/23 13:55:20.836, 346.76, 354.29, 1650, 9501, 100, 30, 21459, 254, 84, P2
2026/08/23 13:55:21.350, 345.69, 356.70, 1635, 9501, 80, 23, 21459, 254, 84, P2
2026/08/23 13:55:21.864, 347.00, 352.47, 1635, 9501, 100, 33, 21459, 254, 84, P2
2026/08/23 13:55:22.380, 349.10, 350.57, 1635, 9501, 100, 31, 21459, 254, 84, P2
2026/08/23 13:55:22.898, 345.46, 349.97, 1650, 9501, 100, 28, 21459, 254, 84, P2
2026/08/23 13:55:23.415, 345.69, 343.85, 1650, 9501, 100, 28, 21459, 254, 84, P2
2026/08/23 13:55:23.932, 344.01, 310.80, 1755, 9501, 100, 31, 21459, 254, 84, P2
2026/08/23 13:55:24.448, 346.71, 340.67, 1635, 9501, 100, 30, 21459, 254, 84, P2
2026/08/23 13:55:24.965, 345.26, 334.97, 1620, 9501, 100, 30, 21459, 254, 84, P2
2026/08/23 13:55:25.468, 345.84, 345.14, 1635, 9501, 100, 31, 21459, 254, 84, P2
2026/08/23 13:55:25.982, 345.08, 345.33, 1650, 9501, 100, 35, 21459, 254, 84, P2
2026/08/23 13:55:26.495, 340.85, 349.95, 1665, 9501, 100, 32, 21459, 254, 84, P2
2026/08/23 13:55:27.009, 343.65, 345.71, 1605, 9501, 99, 31, 21459, 254, 85, P2
2026/08/23 13:55:27.525, 347.44, 348.79, 1635, 9501, 100, 32, 21455, 254, 84, P2
2026/08/23 13:55:28.041, 344.69, 351.37, 1665, 9501, 100, 33, 21455, 254, 85, P2
2026/08/23 13:55:28.544, 346.42, 353.19, 1680, 9501, 100, 31, 21455, 254, 84, P2
2026/08/23 13:55:29.049, 342.77, 308.02, 1680, 9501, 79, 28, 21455, 254, 83, P2
2026/08/23 13:55:29.565, 343.22, 355.23, 1650, 9501, 100, 31, 21455, 254, 85, P2
2026/08/23 13:55:30.068, 344.30, 352.42, 1665, 9501, 100, 32, 21455, 254, 84, P2
2026/08/23 13:55:30.583, 345.75, 354.42, 1665, 9501, 99, 31, 21455, 254, 84, P2
2026/08/23 13:55:31.088, 344.00, 349.61, 1650, 9501, 100, 34, 21455, 254, 85, P2
2026/08/23 13:55:31.592, 346.07, 355.50, 1635, 9501, 100, 34, 21455, 254, 85, P2
2026/08/23 13:55:32.100, 344.42, 339.11, 1650, 9501, 100, 31, 21455, 254, 84, P2
2026/08/23 13:55:32.616, 346.00, 345.32, 1635, 9501, 100, 37, 21455, 254, 84, P2
2026/08/23 13:55:33.133, 346.03, 349.83, 1650, 9501, 100, 33, 21455, 254, 85, P2
2026/08/23 13:55:33.637, 343.56, 341.17, 1620, 9501, 100, 33, 21455, 254, 85, P2
2026/08/23 13:55:34.143, 346.22, 358.04, 1650, 9501, 100, 31, 21455, 254, 84, P2
2026/08/23 13:55:34.659, 346.47, 340.27, 1635, 9501, 100, 36, 21455, 254, 84, P2
2026/08/23 13:55:35.172, 342.94, 346.98, 1620, 9501, 100, 33, 21455, 254, 85, P2
2026/08/23 13:55:35.689, 342.31, 333.85, 1620, 9501, 100, 29, 21459, 254, 85, P2
2026/08/23 13:55:36.191, 346.27, 341.30, 1650, 9501, 100, 35, 21462, 254, 85, P2
2026/08/23 13:55:36.708, 344.99, 356.22, 1650, 9501, 100, 34, 21462, 254, 85, P2
2026/08/23 13:55:37.224, 345.65, 342.71, 1665, 9501, 100, 33, 21458, 254, 85, P2
2026/08/23 13:55:37.740, 343.59, 297.45, 1785, 9501, 79, 25, 21458, 254, 85, P2
2026/08/23 13:55:38.242, 342.35, 345.21, 1650, 9501, 100, 32, 21458, 254, 84, P2
2026/08/23 13:55:38.746, 341.85, 354.18, 1650, 9501, 100, 33, 21458, 254, 84, P2
2026/08/23 13:55:39.262, 343.62, 332.54, 1680, 9501, 99, 31, 21458, 254, 84, P2
2026/08/23 13:55:39.768, 344.52, 352.42, 1635, 9501, 100, 35, 21458, 254, 85, P2
2026/08/23 13:55:40.284, 344.13, 340.96, 1590, 9501, 100, 34, 21458, 254, 85, P2
2026/08/23 13:55:40.786, 340.99, 313.98, 1665, 9501, 80, 27, 21458, 254, 84, P2
2026/08/23 13:55:41.301, 340.66, 344.75, 1590, 9501, 100, 33, 21458, 254, 85, P2
2026/08/23 13:55:41.807, 342.08, 348.45, 1665, 9501, 100, 35, 21458, 254, 85, P2
2026/08/23 13:55:42.309, 344.66, 329.82, 1635, 9501, 99, 32, 21458, 254, 85, P2
2026/08/23 13:55:42.824, 346.01, 348.08, 1590, 9501, 100, 33, 21458, 254, 85, P2
2026/08/23 13:55:43.341, 342.14, 341.10, 1635, 9501, 100, 36, 21458, 254, 85, P2
2026/08/23 13:55:43.855, 339.38, 354.32, 1650, 9501, 99, 37, 21458, 254, 84, P2
2026/08/23 13:55:44.372, 341.36, 337.06, 1560, 9501, 100, 34, 21458, 254, 85, P2
2026/08/23 13:55:44.888, 344.94, 340.96, 1590, 9501, 100, 33, 21458, 254, 85, P2
2026/08/23 13:55:45.403, 342.76, 339.33, 1650, 9501, 99, 31, 21458, 254, 84, P2
2026/08/23 13:55:45.906, 343.38, 339.79, 1620, 9501, 100, 37, 21458, 254, 85, P2
2026/08/23 13:55:46.410, 343.36, 339.97, 1635, 9501, 100, 35, 21458, 254, 85, P2
2026/08/23 13:55:46.916, 340.34, 343.66, 1635, 9501, 99, 37, 21458, 254, 84, P2
2026/08/23 13:55:47.418, 341.78, 348.65, 1650, 9501, 100, 39, 21458, 254, 85, P2
2026/08/23 13:55:47.944, 344.21, 338.44, 1650, 9501, 100, 34, 21458, 254, 85, P2
2026/08/23 13:55:48.449, 343.18, 341.61, 1650, 9501, 100, 37, 21458, 254, 85, P2
2026/08/23 13:55:48.952, 343.47, 347.42, 1635, 9501, 100, 34, 21458, 254, 85, P2
2026/08/23 13:55:49.457, 339.57, 299.29, 1635, 9501, 79, 30, 21458, 254, 84, P2
2026/08/23 13:55:49.973, 339.75, 334.72, 1590, 9501, 100, 34, 21458, 254, 85, P2
2026/08/23 13:55:50.479, 340.19, 345.23, 1665, 9501, 100, 32, 21458, 254, 85, P2
2026/08/23 13:55:50.983, 345.11, 362.19, 1650, 9501, 100, 36, 21458, 254, 85, P2
2026/08/23 13:55:51.487, 342.71, 346.01, 1635, 9501, 100, 34, 21458, 254, 85, P2
2026/08/23 13:55:51.992, 342.06, 333.71, 1665, 9501, 100, 33, 21458, 254, 85, P2
2026/08/23 13:55:52.508, 344.29, 351.19, 1635, 9501, 100, 34, 21458, 254, 85, P2
2026/08/23 13:55:53.021, 339.56, 345.80, 1650, 9501, 100, 36, 21458, 254, 85, P2
2026/08/23 13:55:53.525, 340.18, 338.12, 1605, 9501, 99, 32, 21458, 254, 85, P2
2026/08/23 13:55:54.032, 343.61, 331.04, 1635, 9501, 100, 36, 21458, 254, 85, P2
2026/08/23 13:55:54.536, 343.67, 350.96, 1635, 9501, 100, 40, 21458, 254, 85, P2
2026/08/23 13:55:55.042, 341.51, 336.76, 1650, 9501, 99, 33, 21458, 254, 85, P2
2026/08/23 13:55:55.546, 341.85, 331.77, 1635, 9501, 100, 33, 21458, 254, 85, P2
2026/08/23 13:55:56.052, 339.75, 339.09, 1650, 9501, 100, 34, 21458, 254, 85, P2
2026/08/23 13:55:56.555, 340.09, 344.99, 1620, 9501, 100, 34, 21458, 254, 85, P2
2026/08/23 13:55:57.069, 341.25, 343.23, 1635, 9501, 100, 37, 21458, 254, 85, P2
2026/08/23 13:55:57.572, 341.32, 346.48, 1560, 9501, 100, 33, 21458, 254, 85, P2
2026/08/23 13:55:58.088, 343.18, 344.35, 1635, 9501, 100, 34, 21458, 254, 85, P2
2026/08/23 13:55:58.604, 342.36, 345.62, 1545, 9501, 100, 37, 21458, 254, 85, P2
2026/08/23 13:55:59.106, 339.49, 358.24, 1680, 9501, 99, 35, 21458, 254, 84, P2
2026/08/23 13:55:59.623, 341.42, 344.32, 1560, 9501, 100, 37, 21458, 254, 85, P2
2026/08/23 13:56:00.138, 344.40, 343.54, 1665, 9501, 100, 33, 21458, 254, 85, P2
2026/08/23 13:56:00.643, 342.23, 345.33, 1575, 9501, 100, 37, 21458, 254, 85, P2
2026/08/23 13:56:01.150, 341.80, 340.42, 1650, 9501, 100, 35, 21458, 254, 85, P2
2026/08/23 13:56:01.655, 342.32, 345.26, 1650, 9501, 100, 33, 21458, 254, 85, P2
2026/08/23 13:56:02.162, 342.28, 340.95, 1545, 9501, 100, 35, 21458, 254, 85, P2
2026/08/23 13:56:02.677, 338.10, 337.29, 1560, 9501, 100, 35, 21458, 254, 85, P2
2026/08/23 13:56:03.192, 338.82, 348.52, 1635, 9501, 100, 35, 21458, 254, 85, P2
2026/08/23 13:56:03.695, 341.61, 339.05, 1635, 9501, 100, 34, 21458, 254, 85, P2
2026/08/23 13:56:04.197, 340.26, 340.02, 1560, 9501, 100, 34, 21458, 254, 85, P2
2026/08/23 13:56:04.705, 340.51, 340.11, 1635, 9501, 100, 37, 21458, 254, 85, P2
2026/08/23 13:56:05.209, 341.21, 345.00, 1635, 9501, 100, 38, 21458, 254, 85, P2
2026/08/23 13:56:05.711, 336.94, 337.10, 1680, 9501, 99, 37, 21458, 254, 85, P2
2026/08/23 13:56:06.215, 337.94, 334.49, 1635, 9501, 100, 35, 21458, 254, 85, P2
2026/08/23 13:56:06.732, 339.19, 337.61, 1605, 9501, 100, 35, 21458, 254, 85, P2
2026/08/23 13:56:07.235, 338.42, 341.09, 1545, 9501, 100, 36, 21458, 254, 85, P2
2026/08/23 13:56:07.738, 339.71, 337.32, 1560, 9501, 100, 35, 21458, 254, 85, P2
2026/08/23 13:56:08.252, 340.35, 350.36, 1620, 9501, 100, 34, 21458, 254, 85, P2
2026/08/23 13:56:08.757, 340.06, 338.48, 1635, 9501, 100, 37, 21458, 254, 85, P2
2026/08/23 13:56:09.262, 337.16, 336.83, 1650, 9501, 100, 34, 21458, 254, 84, P2
2026/08/23 13:56:09.766, 336.67, 337.36, 1620, 9501, 100, 38, 21458, 254, 85, P2
2026/08/23 13:56:10.270, 339.42, 339.97, 1635, 9501, 100, 36, 21458, 254, 85, P2
2026/08/23 13:56:10.774, 338.62, 329.35, 1635, 9501, 99, 33, 21458, 254, 84, P2
2026/08/23 13:56:11.279, 338.98, 338.51, 1635, 9501, 100, 36, 21458, 254, 85, P2
2026/08/23 13:56:11.795, 338.10, 343.04, 1650, 9501, 100, 35, 21458, 254, 85, P2
2026/08/23 13:56:12.311, 340.03, 342.32, 1635, 9501, 100, 39, 21458, 254, 85, P2
2026/08/23 13:56:12.816, 338.71, 344.06, 1635, 9501, 100, 37, 21458, 254, 85, P2
2026/08/23 13:56:13.321, 337.99, 333.84, 1680, 9501, 99, 35, 21458, 254, 85, P2
2026/08/23 13:56:13.825, 340.83, 336.86, 1650, 9501, 100, 36, 21458, 254, 85, P2
2026/08/23 13:56:14.339, 339.39, 334.60, 1560, 9501, 100, 36, 21458, 254, 84, P2
2026/08/23 13:56:14.842, 338.44, 342.07, 1560, 9501, 100, 37, 21458, 254, 85, P2
2026/08/23 13:56:15.346, 337.49, 342.24, 1650, 9501, 100, 37, 21458, 254, 85, P2
2026/08/23 13:56:15.849, 335.19, 300.11, 1665, 9501, 78, 33, 21458, 254, 85, P2
2026/08/23 13:56:16.352, 342.39, 350.88, 1575, 9501, 100, 78, 21458, 254, 85, P2
2026/08/23 13:56:16.868, 322.85, 346.33, 1590, 9501, 100, 39, 21458, 254, 85, P2
2026/08/23 13:56:17.372, 319.11, 314.81, 1710, 9501, 89, 32, 21458, 254, 85, P2
2026/08/23 13:56:17.879, 324.78, 353.23, 1680, 9501, 92, 69, 21458, 254, 84, P2
2026/08/23 13:56:18.382, 325.30, 348.59, 1635, 9501, 85, 66, 21458, 254, 84, P2
2026/08/23 13:56:18.884, 344.37, 342.61, 1725, 9501, 85, 69, 21458, 254, 84, P2
2026/08/23 13:56:19.401, 347.81, 342.58, 1605, 9501, 95, 76, 21458, 254, 84, P2
2026/08/23 13:56:19.904, 348.79, 365.23, 1635, 9501, 89, 74, 21458, 254, 84, P2
2026/08/23 13:56:20.410, 347.60, 338.59, 1650, 9501, 90, 69, 21458, 254, 84, P2
2026/08/23 13:56:20.916, 348.52, 352.95, 1620, 9501, 97, 79, 21458, 254, 84, P2
2026/08/23 13:56:21.419, 347.42, 341.04, 1605, 9501, 92, 76, 21458, 254, 84, P2
2026/08/23 13:56:21.926, 349.05, 349.35, 1650, 9501, 94, 77, 21458, 254, 84, P2
2026/08/23 13:56:22.432, 347.34, 349.19, 1680, 9501, 92, 76, 21458, 254, 84, P2
2026/08/23 13:56:22.948, 349.29, 353.94, 1605, 9501, 94, 76, 21458, 254, 84, P2
2026/08/23 13:56:23.464, 348.76, 349.55, 1620, 9501, 95, 77, 21458, 254, 84, P2
2026/08/23 13:56:23.970, 348.34, 349.68, 1620, 9501, 88, 73, 21458, 254, 84, P2
2026/08/23 13:56:24.486, 348.26, 352.65, 1635, 9501, 87, 72, 21458, 254, 84, P2
2026/08/23 13:56:24.990, 347.64, 347.80, 1680, 9501, 92, 74, 21458, 254, 84, P2
2026/08/23 13:56:25.497, 348.35, 356.08, 1620, 9501, 94, 78, 21458, 254, 84, P2
2026/08/23 13:56:26.006, 348.35, 359.36, 1620, 9501, 94, 76, 21458, 254, 84, P2
2026/08/23 13:56:26.509, 347.45, 337.25, 1665, 9501, 87, 71, 21458, 254, 84, P2
2026/08/23 13:56:27.018, 349.22, 344.85, 1620, 9501, 95, 76, 21458, 254, 83, P2
2026/08/23 13:56:27.524, 347.61, 357.36, 1620, 9501, 96, 78, 21458, 254, 84, P2
2026/08/23 13:56:28.041, 346.52, 346.48, 1665, 9501, 90, 74, 21458, 254, 83, P2
2026/08/23 13:56:28.549, 330.49, 161.24, 1905, 9501, 1, 0, 21458, 254, 81, P2
2026/08/23 13:56:29.053, 250.23, 170.84, 1920, 9501, 1, 0, 21458, 254, 78, P2
2026/08/23 13:56:29.556, 170.06, 170.08, 1920, 9501, 1, 0, 21458, 254, 77, P2
2026/08/23 13:56:30.072, 170.00, 169.47, 1920, 9501, 1, 0, 21458, 254, 76, P2
2026/08/23 13:56:30.586, 161.86, 124.67, 390, 5001, 3, 0, 21458, 254, 74, P3
2026/08/23 13:56:31.090, 128.15, 94.27, 330, 5001, 3, 0, 21458, 254, 72, P3
2026/08/23 13:56:31.598, 97.29, 92.36, 255, 5001, 5, 1, 21458, 254, 72, P3
2026/08/23 13:56:32.113, 92.70, 91.57, 240, 5001, 6, 1, 21458, 254, 71, P3
2026/08/23 13:56:32.627, 91.40, 90.78, 240, 5001, 3, 0, 21458, 254, 71, P3
2026/08/23 13:56:33.145, 87.16, 52.26, 210, 810, 4, 3, 21458, 254, 70, P5
2026/08/23 13:56:33.662, 65.19, 47.47, 210, 810, 4, 2, 21458, 254, 68, P5
2026/08/23 13:56:34.166, 127.79, 355.97, 1650, 9501, 100, 29, 21458, 254, 78, P2
2026/08/23 13:56:34.672, 265.64, 348.35, 1650, 9501, 99, 27, 21458, 254, 81, P2
2026/08/23 13:56:35.178, 348.37, 352.41, 1635, 9501, 100, 25, 21458, 254, 81, P2
2026/08/23 13:56:35.681, 346.08, 357.58, 1635, 9501, 100, 27, 21458, 254, 82, P2
2026/08/23 13:56:36.187, 348.58, 355.06, 1635, 9501, 100, 28, 21458, 254, 82, P2
2026/08/23 13:56:36.691, 347.93, 350.85, 1665, 9501, 99, 26, 21458, 254, 82, P2
2026/08/23 13:56:37.197, 345.71, 360.48, 1665, 9501, 96, 24, 21458, 254, 81, P2
2026/08/23 13:56:37.703, 347.52, 348.76, 1665, 9501, 100, 25, 21458, 254, 82, P2
2026/08/23 13:56:38.219, 348.92, 352.42, 1650, 9501, 100, 27, 21458, 254, 82, P2
2026/08/23 13:56:38.736, 348.06, 350.52, 1635, 9501, 100, 27, 21458, 254, 82, P2
2026/08/23 13:56:39.253, 348.63, 349.09, 1635, 9501, 100, 27, 21458, 254, 82, P2
2026/08/23 13:56:39.760, 346.36, 336.83, 1620, 9501, 99, 25, 21458, 254, 82, P2
2026/08/23 13:56:40.264, 346.95, 343.17, 1650, 9501, 100, 24, 21458, 254, 82, P2
2026/08/23 13:56:40.769, 346.38, 349.16, 1650, 9501, 100, 25, 21458, 254, 83, P2
2026/08/23 13:56:41.273, 347.64, 350.76, 1650, 9501, 100, 26, 21458, 254, 83, P2
2026/08/23 13:56:41.778, 347.88, 349.71, 1635, 9501, 100, 26, 21458, 254, 83, P2
2026/08/23 13:56:42.282, 347.61, 350.31, 1650, 9501, 100, 26, 21458, 254, 83, P2
2026/08/23 13:56:42.785, 347.91, 344.54, 1620, 9501, 100, 26, 21458, 254, 83, P2
2026/08/23 13:56:43.287, 346.69, 337.49, 1635, 9501, 99, 24, 21458, 254, 83, P2
2026/08/23 13:56:43.788, 346.55, 341.28, 1650, 9501, 100, 24, 21458, 254, 83, P2
2026/08/23 13:56:44.292, 345.36, 353.51, 1665, 9501, 100, 24, 21458, 254, 83, P2
2026/08/23 13:56:44.798, 347.26, 345.54, 1650, 9501, 100, 24, 21458, 254, 83, P2
2026/08/23 13:56:45.300, 348.38, 353.04, 1650, 9501, 100, 26, 21458, 254, 83, P2
2026/08/23 13:56:45.804, 347.52, 352.88, 1620, 9501, 100, 26, 21458, 254, 83, P2
2026/08/23 13:56:46.313, 347.88, 349.53, 1650, 9501, 100, 26, 21458, 254, 83, P2
2026/08/23 13:56:46.815, 347.34, 352.06, 1635, 9501, 100, 26, 21458, 254, 83, P2
2026/08/23 13:56:47.317, 348.02, 350.15, 1635, 9501, 100, 26, 21458, 254, 83, P2
2026/08/23 13:56:47.821, 348.25, 347.52, 1605, 9501, 100, 25, 21458, 254, 84, P2
2026/08/23 13:56:48.324, 347.53, 347.72, 1650, 9501, 100, 26, 21458, 254, 83, P2
2026/08/23 13:56:48.840, 345.57, 333.92, 1620, 9501, 99, 24, 21458, 254, 83, P2
2026/08/23 13:56:49.360, 346.93, 338.77, 1665, 9501, 99, 24, 21458, 254, 84, P2
2026/08/23 13:56:49.863, 344.61, 316.96, 1725, 9501, 82, 17, 21458, 254, 83, P2
2026/08/23 13:56:50.377, 346.81, 340.57, 1665, 9501, 99, 24, 21458, 254, 84, P2
2026/08/23 13:56:50.882, 345.44, 339.87, 1650, 9501, 99, 24, 21458, 254, 84, P2
2026/08/23 13:56:51.388, 347.32, 348.38, 1665, 9501, 100, 24, 21458, 254, 84, P2
2026/08/23 13:56:51.904, 346.22, 371.02, 1665, 9501, 98, 22, 21458, 254, 83, P2
2026/08/23 13:56:52.405, 347.46, 349.42, 1650, 9501, 99, 24, 21458, 254, 84, P2
2026/08/23 13:56:52.911, 349.88, 345.63, 1650, 9501, 100, 24, 21458, 254, 84, P2
2026/08/23 13:56:53.416, 347.46, 354.66, 1665, 9501, 100, 23, 21458, 254, 84, P2
2026/08/23 13:56:53.920, 346.31, 368.01, 1665, 9501, 100, 23, 21458, 254, 83, P2
2026/08/23 13:56:54.422, 347.87, 347.80, 1650, 9501, 99, 24, 21458, 254, 84, P2
2026/08/23 13:56:54.925, 349.90, 347.09, 1635, 9501, 99, 23, 21458, 254, 84, P2
2026/08/23 13:56:55.429, 346.87, 355.55, 1665, 9501, 100, 25, 21458, 254, 84, P2
2026/08/23 13:56:55.935, 345.90, 344.28, 1665, 9501, 93, 22, 21458, 254, 83, P2
2026/08/23 13:56:56.440, 347.76, 347.34, 1665, 9501, 99, 26, 21458, 254, 85, P2
2026/08/23 13:56:56.942, 347.35, 343.32, 1650, 9501, 99, 24, 21458, 254, 84, P2
2026/08/23 13:56:57.446, 346.83, 344.93, 1665, 9501, 99, 25, 21458, 254, 84, P2
2026/08/23 13:56:57.948, 344.52, 302.89, 1740, 9501, 82, 20, 21458, 254, 84, P2
2026/08/23 13:56:58.453, 345.09, 342.07, 1635, 9501, 100, 26, 21458, 254, 84, P2
2026/08/23 13:56:58.969, 347.98, 350.80, 1635, 9501, 100, 26, 21458, 254, 85, P2
2026/08/23 13:56:59.484, 347.57, 337.63, 1650, 9501, 100, 25, 21458, 254, 85, P2
2026/08/23 13:56:59.988, 346.06, 350.91, 1650, 9501, 100, 26, 21458, 254, 85, P2
2026/08/23 13:57:00.490, 346.34, 337.98, 1575, 9501, 100, 26, 21458, 254, 85, P2
2026/08/23 13:57:01.007, 348.31, 358.44, 1650, 9501, 100, 26, 21458, 254, 85, P2
2026/08/23 13:57:01.523, 346.61, 341.95, 1620, 9501, 100, 27, 21458, 254, 85, P2
2026/08/23 13:57:02.026, 346.75, 349.39, 1650, 9501, 100, 25, 21458, 254, 85, P2
2026/08/23 13:57:02.538, 346.75, 352.07, 1635, 9501, 100, 25, 21458, 254, 85, P2
2026/08/23 13:57:03.043, 348.29, 353.26, 1680, 9501, 100, 26, 21458, 254, 85, P2
2026/08/23 13:57:03.545, 348.28, 352.42, 1620, 9501, 100, 25, 21458, 254, 85, P2
2026/08/23 13:57:04.049, 347.04, 357.91, 1650, 9501, 98, 28, 21458, 254, 84, P2
2026/08/23 13:57:04.565, 347.25, 346.26, 1680, 9501, 100, 28, 21458, 254, 85, P2
2026/08/23 13:57:05.081, 348.78, 348.89, 1650, 9501, 100, 31, 21458, 254, 85, P2
2026/08/23 13:57:05.583, 347.80, 349.10, 1635, 9501, 100, 30, 21458, 254, 85, P2
2026/08/23 13:57:06.089, 347.89, 345.09, 1650, 9501, 100, 29, 21458, 254, 85, P2
2026/08/23 13:57:06.591, 344.38, 352.83, 1665, 9501, 100, 30, 21458, 254, 85, P2
2026/08/23 13:57:07.094, 347.32, 353.77, 1590, 9501, 100, 29, 21458, 254, 85, P2
2026/08/23 13:57:07.597, 347.88, 345.95, 1635, 9501, 100, 27, 21458, 254, 85, P2
2026/08/23 13:57:08.103, 346.31, 346.63, 1650, 9501, 100, 29, 21458, 254, 85, P2
2026/08/23 13:57:08.605, 346.02, 322.43, 1650, 9501, 82, 24, 21458, 254, 84, P2
2026/08/23 13:57:09.120, 348.43, 349.65, 1635, 9501, 100, 30, 21458, 254, 85, P2
2026/08/23 13:57:09.636, 346.36, 353.58, 1620, 9501, 100, 33, 21458, 254, 85, P2
2026/08/23 13:57:10.140, 347.19, 346.30, 1605, 9501, 100, 30, 21458, 254, 85, P2
2026/08/23 13:57:10.642, 348.89, 352.19, 1635, 9501, 100, 30, 21458, 254, 85, P2
2026/08/23 13:57:11.147, 345.71, 352.45, 1650, 9501, 100, 28, 21458, 254, 85, P2
2026/08/23 13:57:11.662, 346.34, 356.94, 1650, 9501, 100, 29, 21458, 254, 85, P2
2026/08/23 13:57:12.176, 347.18, 342.21, 1620, 9501, 99, 30, 21458, 254, 85, P2
2026/08/23 13:57:12.693, 347.35, 348.42, 1635, 9501, 100, 31, 21458, 254, 85, P2
2026/08/23 13:57:13.210, 345.94, 345.71, 1635, 9501, 100, 31, 21458, 254, 85, P2
2026/08/23 13:57:13.726, 345.38, 350.48, 1650, 9501, 100, 30, 21458, 254, 86, P2
2026/08/23 13:57:14.228, 346.14, 342.82, 1620, 9501, 100, 28, 21458, 254, 85, P2
2026/08/23 13:57:14.733, 347.38, 346.97, 1620, 9501, 100, 28, 21458, 254, 85, P2
2026/08/23 13:57:15.244, 346.93, 344.73, 1635, 9501, 99, 29, 21458, 254, 85, P2
2026/08/23 13:57:15.746, 346.98, 349.04, 1755, 9501, 97, 31, 21458, 254, 85, P2
2026/08/23 13:57:16.261, 345.12, 350.05, 1635, 9501, 100, 32, 21458, 254, 85, P2
2026/08/23 13:57:16.779, 345.28, 327.72, 1635, 9501, 100, 28, 21458, 254, 85, P2
2026/08/23 13:57:17.295, 346.54, 350.44, 1650, 9501, 100, 29, 21458, 254, 85, P2
2026/08/23 13:57:17.810, 346.46, 348.27, 1650, 9501, 100, 31, 21458, 254, 86, P2
2026/08/23 13:57:18.318, 344.22, 302.81, 1710, 9501, 77, 21, 21458, 254, 86, P2
2026/08/23 13:57:18.833, 345.02, 348.63, 1620, 9501, 100, 31, 21458, 254, 86, P2
2026/08/23 13:57:19.349, 344.80, 347.35, 1635, 9501, 100, 30, 21455, 254, 85, P2
2026/08/23 13:57:19.853, 346.73, 348.26, 1650, 9501, 100, 29, 21455, 254, 86, P2
2026/08/23 13:57:20.356, 347.80, 349.64, 1680, 9501, 100, 29, 21448, 254, 85, P2
2026/08/23 13:57:20.869, 344.04, 306.81, 1725, 9501, 81, 26, 21448, 254, 86, P2
2026/08/23 13:57:21.371, 346.59, 349.04, 1635, 9501, 100, 32, 21448, 254, 85, P2
2026/08/23 13:57:21.875, 344.67, 349.88, 1635, 9501, 100, 32, 21448, 254, 85, P2
2026/08/23 13:57:22.390, 346.05, 349.92, 1635, 9501, 100, 29, 21448, 254, 85, P2
2026/08/23 13:57:22.906, 347.50, 338.67, 1620, 9501, 99, 28, 21448, 254, 85, P2
2026/08/23 13:57:23.409, 347.18, 337.48, 1635, 9501, 100, 30, 21448, 254, 86, P2
2026/08/23 13:57:23.926, 344.24, 334.00, 1635, 9501, 100, 30, 21448, 254, 85, P2
2026/08/23 13:57:24.431, 342.58, 337.24, 1605, 9501, 100, 31, 21448, 254, 86, P2
2026/08/23 13:57:24.946, 343.39, 333.01, 1620, 9501, 100, 29, 21448, 254, 85, P2
2026/08/23 13:57:25.451, 342.92, 325.45, 1635, 9501, 99, 29, 21448, 254, 85, P2
2026/08/23 13:57:25.957, 342.14, 352.35, 1650, 9501, 100, 32, 21448, 254, 85, P2
2026/08/23 13:57:26.461, 344.55, 339.70, 1665, 9501, 100, 32, 21448, 254, 85, P2
2026/08/23 13:57:26.977, 346.85, 345.71, 1650, 9501, 99, 30, 21448, 254, 86, P2
2026/08/23 13:57:27.493, 347.36, 334.25, 1575, 9501, 100, 30, 21448, 254, 85, P2
2026/08/23 13:57:28.013, 346.25, 349.35, 1635, 9501, 100, 34, 21448, 254, 86, P2
2026/08/23 13:57:28.517, 343.64, 355.37, 1650, 9501, 100, 31, 21448, 254, 86, P2
2026/08/23 13:57:29.036, 346.62, 336.11, 1605, 9501, 99, 29, 21448, 254, 85, P2
2026/08/23 13:57:29.551, 346.82, 348.07, 1620, 9501, 100, 32, 21448, 254, 85, P2
2026/08/23 13:57:30.065, 345.09, 339.24, 1620, 9501, 100, 31, 21448, 254, 86, P2
2026/08/23 13:57:30.581, 347.34, 343.22, 1635, 9501, 100, 31, 21448, 254, 85, P2
2026/08/23 13:57:31.085, 341.65, 301.32, 1605, 9501, 84, 26, 21448, 254, 86, P2
2026/08/23 13:57:31.601, 344.26, 350.48, 1605, 9501, 100, 32, 21448, 254, 86, P2
2026/08/23 13:57:32.120, 343.81, 335.26, 1605, 9501, 100, 32, 21446, 254, 85, P2
2026/08/23 13:57:32.636, 346.41, 341.27, 1620, 9501, 100, 31, 21446, 254, 86, P2
2026/08/23 13:57:33.153, 344.81, 335.88, 1635, 9501, 99, 30, 21432, 254, 86, P2
2026/08/23 13:57:33.674, 344.63, 346.04, 1635, 9501, 100, 34, 21414, 254, 86, P2
2026/08/23 13:57:34.188, 338.46, 341.81, 1575, 9501, 100, 32, 21433, 254, 86, P2
2026/08/23 13:57:34.705, 337.71, 341.79, 1635, 9501, 99, 31, 21433, 254, 86, P2
2026/08/23 13:57:35.211, 347.05, 353.60, 1620, 9501, 100, 36, 21433, 254, 86, P2
2026/08/23 13:57:35.724, 347.01, 342.14, 1665, 9501, 100, 36, 21433, 254, 86, P2
2026/08/23 13:57:36.240, 345.26, 348.04, 1605, 9501, 100, 31, 21433, 254, 86, P2
2026/08/23 13:57:36.757, 339.42, 256.30, 1755, 9501, 54, 19, 21433, 254, 85, P2
2026/08/23 13:57:37.273, 340.80, 347.22, 1635, 9501, 100, 34, 21441, 254, 86, P2
2026/08/23 13:57:37.791, 338.73, 346.26, 1650, 9501, 100, 33, 21441, 254, 86, P2
2026/08/23 13:57:38.305, 344.25, 339.11, 1635, 9501, 99, 30, 21441, 254, 86, P2
2026/08/23 13:57:38.824, 346.79, 343.64, 1590, 9501, 100, 32, 21441, 254, 86, P2
2026/08/23 13:57:39.341, 346.14, 337.37, 1650, 9501, 100, 32, 21437, 254, 86, P2
2026/08/23 13:57:39.860, 337.15, 349.08, 1650, 9501, 95, 32, 21444, 254, 85, P2
2026/08/23 13:57:40.380, 340.13, 357.79, 1635, 9501, 100, 35, 21444, 254, 86, P2
2026/08/23 13:57:40.885, 345.68, 331.84, 1620, 9501, 100, 31, 21444, 254, 86, P2
2026/08/23 13:57:41.403, 345.01, 355.42, 1635, 9501, 100, 33, 21440, 254, 86, P2
2026/08/23 13:57:41.920, 344.27, 347.16, 1575, 9501, 100, 32, 21440, 254, 86, P2
2026/08/23 13:57:42.441, 345.36, 347.52, 1650, 9501, 100, 32, 21436, 254, 86, P2
2026/08/23 13:57:42.961, 335.46, 349.45, 1635, 9501, 100, 36, 21436, 254, 86, P2
2026/08/23 13:57:43.478, 344.81, 339.34, 1605, 9501, 100, 30, 21436, 254, 86, P2
2026/08/23 13:57:43.983, 344.52, 341.69, 1650, 9501, 100, 34, 21436, 254, 86, P2
2026/08/23 13:57:44.488, 345.23, 339.24, 1575, 9501, 99, 31, 21436, 254, 86, P2
2026/08/23 13:57:45.008, 345.65, 350.07, 1620, 9501, 100, 33, 21436, 254, 86, P2
2026/08/23 13:57:45.513, 336.83, 340.80, 1650, 9501, 99, 34, 21436, 254, 86, P2
2026/08/23 13:57:46.032, 338.17, 352.18, 1575, 9501, 100, 33, 21436, 254, 86, P2
2026/08/23 13:57:46.550, 347.35, 352.14, 1620, 9501, 100, 35, 21436, 254, 86, P2
2026/08/23 13:57:47.054, 345.18, 333.20, 1635, 9501, 100, 34, 21451, 254, 86, P2
2026/08/23 13:57:47.569, 344.94, 340.01, 1650, 9501, 98, 34, 21451, 254, 86, P2
2026/08/23 13:57:48.085, 344.76, 341.07, 1635, 9501, 100, 32, 21451, 254, 86, P2
2026/08/23 13:57:48.604, 336.17, 337.10, 1605, 9501, 100, 30, 21455, 254, 86, P2
2026/08/23 13:57:49.122, 337.29, 357.27, 1680, 9501, 100, 33, 21459, 254, 85, P2
2026/08/23 13:57:49.640, 342.76, 344.95, 1635, 9501, 100, 39, 21459, 254, 86, P2
2026/08/23 13:57:50.144, 341.74, 339.07, 1650, 9501, 100, 35, 21459, 254, 86, P2
2026/08/23 13:57:50.660, 342.92, 347.29, 1635, 9501, 99, 35, 21459, 254, 86, P2
2026/08/23 13:57:51.178, 344.43, 350.79, 1620, 9501, 100, 33, 21459, 254, 86, P2
2026/08/23 13:57:51.680, 341.22, 336.99, 1650, 9501, 100, 31, 21459, 254, 86, P2
2026/08/23 13:57:52.184, 342.04, 353.58, 1605, 9501, 100, 35, 21459, 254, 86, P2
2026/08/23 13:57:52.700, 343.08, 347.09, 1575, 9501, 100, 33, 21459, 254, 85, P2
2026/08/23 13:57:53.217, 344.20, 346.84, 1650, 9501, 100, 32, 21459, 254, 86, P2
2026/08/23 13:57:53.732, 345.50, 347.67, 1635, 9501, 99, 37, 21459, 254, 86, P2
2026/08/23 13:57:54.248, 345.96, 355.03, 1560, 9501, 100, 33, 21459, 254, 86, P2
2026/08/23 13:57:54.762, 343.33, 354.61, 1590, 9501, 100, 35, 21459, 254, 85, P2
2026/08/23 13:57:55.278, 341.85, 335.67, 1620, 9501, 100, 33, 21459, 254, 86, P2
2026/08/23 13:57:55.792, 343.97, 352.99, 1560, 9501, 100, 33, 21459, 254, 86, P2
2026/08/23 13:57:56.298, 343.49, 341.27, 1575, 9501, 100, 31, 21459, 254, 86, P2
2026/08/23 13:57:56.811, 344.66, 331.83, 1575, 9501, 99, 32, 21459, 254, 86, P2
2026/08/23 13:57:57.328, 342.95, 352.10, 1575, 9501, 100, 33, 21459, 254, 86, P2
2026/08/23 13:57:57.830, 337.46, 335.61, 1650, 9501, 100, 36, 21459, 254, 86, P2
2026/08/23 13:57:58.346, 340.32, 339.07, 1650, 9501, 100, 34, 21459, 254, 86, P2
2026/08/23 13:57:58.861, 342.64, 337.90, 1560, 9501, 100, 34, 21459, 254, 86, P2
2026/08/23 13:57:59.380, 343.17, 348.08, 1605, 9501, 100, 34, 21459, 254, 86, P2
2026/08/23 13:57:59.885, 343.28, 351.08, 1620, 9501, 100, 39, 21459, 254, 86, P2
2026/08/23 13:58:00.404, 343.63, 344.66, 1650, 9501, 100, 34, 21459, 254, 86, P2
2026/08/23 13:58:00.920, 342.85, 352.54, 1635, 9501, 100, 37, 21459, 254, 86, P2
2026/08/23 13:58:01.425, 342.66, 346.47, 1560, 9501, 100, 33, 21459, 254, 86, P2
2026/08/23 13:58:01.929, 342.96, 344.25, 1620, 9501, 100, 33, 21459, 254, 86, P2
2026/08/23 13:58:02.443, 340.58, 341.58, 1560, 9501, 100, 35, 21459, 254, 86, P2
2026/08/23 13:58:02.961, 342.93, 344.26, 1650, 9501, 100, 31, 21425, 254, 86, P2
2026/08/23 13:58:03.477, 342.09, 336.61, 1620, 9501, 100, 38, 21496, 254, 86, P2
2026/08/23 13:58:03.980, 337.25, 340.77, 1560, 9501, 100, 34, 21485, 254, 86, P2
2026/08/23 13:58:04.501, 334.28, 328.45, 1635, 9501, 99, 32, 21520, 254, 85, P2
2026/08/23 13:58:05.017, 338.14, 339.31, 1635, 9501, 100, 37, 21479, 254, 86, P2
2026/08/23 13:58:05.534, 339.57, 341.24, 1635, 9501, 100, 35, 21479, 254, 85, P2
2026/08/23 13:58:06.051, 341.39, 341.95, 1605, 9501, 100, 37, 21470, 254, 86, P2
2026/08/23 13:58:06.567, 342.10, 333.84, 1605, 9501, 100, 35, 21468, 254, 86, P2
2026/08/23 13:58:07.084, 335.98, 337.91, 1635, 9501, 99, 37, 21467, 254, 85, P2
2026/08/23 13:58:07.601, 333.10, 342.83, 1635, 9501, 100, 35, 21467, 254, 86, P2
2026/08/23 13:58:08.119, 338.39, 335.60, 1650, 9501, 100, 37, 21466, 254, 86, P2
2026/08/23 13:58:08.634, 340.52, 351.55, 1635, 9501, 100, 40, 21464, 254, 86, P2
2026/08/23 13:58:09.151, 341.34, 346.31, 1620, 9501, 100, 36, 21464, 254, 86, P2
2026/08/23 13:58:09.667, 341.77, 337.03, 1590, 9501, 100, 36, 21449, 254, 85, P2
2026/08/23 13:58:10.173, 340.57, 341.44, 1620, 9501, 100, 35, 21539, 254, 85, P2
2026/08/23 13:58:10.678, 334.14, 339.43, 1665, 9501, 100, 33, 21533, 254, 86, P2
2026/08/23 13:58:11.182, 335.91, 340.90, 1590, 9501, 100, 35, 21557, 254, 86, P2
2026/08/23 13:58:11.695, 340.88, 341.98, 1650, 9501, 100, 38, 21562, 254, 86, P2
2026/08/23 13:58:12.209, 339.77, 342.03, 1650, 9501, 100, 34, 21547, 254, 85, P2
2026/08/23 13:58:12.724, 341.48, 346.49, 1635, 9501, 100, 40, 21550, 254, 86, P2
2026/08/23 13:58:13.243, 342.01, 342.41, 1650, 9501, 100, 37, 21607, 254, 85, P2
2026/08/23 13:58:13.762, 337.68, 300.53, 1620, 9501, 74, 30, 21607, 254, 85, P2
2026/08/23 13:58:14.279, 335.35, 339.57, 1635, 9501, 100, 34, 21606, 254, 85, P2
2026/08/23 13:58:14.794, 333.43, 320.26, 1635, 9501, 98, 33, 21606, 254, 85, P2
2026/08/23 13:58:15.310, 338.84, 337.98, 1635, 9501, 100, 39, 21552, 254, 86, P2
2026/08/23 13:58:15.818, 338.93, 338.64, 1635, 9501, 100, 33, 21535, 254, 86, P2
2026/08/23 13:58:16.333, 341.13, 346.35, 1620, 9501, 100, 35, 21517, 254, 86, P2
2026/08/23 13:58:16.845, 341.16, 338.89, 1650, 9501, 100, 36, 21515, 254, 86, P2
2026/08/23 13:58:17.356, 333.74, 285.33, 1725, 9501, 72, 29, 21465, 254, 85, P2
2026/08/23 13:58:17.872, 331.85, 339.25, 1635, 9501, 100, 35, 21465, 254, 85, P2
2026/08/23 13:58:18.383, 334.18, 346.48, 1605, 9501, 100, 35, 21465, 254, 85, P2
2026/08/23 13:58:18.891, 339.55, 340.74, 1530, 9501, 99, 38, 21465, 254, 86, P2
2026/08/23 13:58:19.409, 339.23, 337.46, 1620, 9501, 100, 37, 21449, 254, 85, P2
2026/08/23 13:58:19.927, 338.76, 340.39, 1695, 9501, 100, 42, 21447, 254, 85, P2
2026/08/23 13:58:20.441, 339.23, 337.16, 1650, 9501, 100, 38, 21443, 254, 86, P2
2026/08/23 13:58:20.958, 334.23, 345.08, 1605, 9501, 100, 39, 21444, 254, 86, P2
2026/08/23 13:58:21.479, 337.96, 336.40, 1650, 9501, 100, 36, 21444, 254, 86, P2
2026/08/23 13:58:21.997, 339.82, 336.40, 1620, 9501, 100, 39, 21444, 254, 85, P2
2026/08/23 13:58:22.510, 337.99, 342.82, 1545, 9501, 100, 37, 21444, 254, 85, P2
2026/08/23 13:58:23.027, 338.89, 348.10, 1620, 9501, 98, 37, 21434, 254, 85, P2
2026/08/23 13:58:23.546, 339.97, 336.62, 1635, 9501, 100, 42, 21424, 254, 85, P2
2026/08/23 13:58:24.050, 331.81, 342.45, 1590, 9501, 100, 47, 21424, 254, 85, P2
2026/08/23 13:58:24.568, 318.87, 168.74, 1890, 9501, 10, 2, 21424, 254, 81, P2
2026/08/23 13:58:25.082, 307.65, 343.91, 1545, 9501, 100, 39, 21424, 254, 85, P2
2026/08/23 13:58:25.598, 297.68, 261.56, 1710, 9501, 69, 22, 21427, 254, 84, P2
2026/08/23 13:58:26.103, 288.48, 341.01, 1830, 9501, 89, 72, 21415, 254, 83, P2
2026/08/23 13:58:26.623, 284.83, 343.72, 1755, 9501, 85, 71, 21481, 254, 83, P2
2026/08/23 13:58:27.138, 332.00, 358.97, 1755, 9501, 93, 76, 21493, 254, 84, P2
2026/08/23 13:58:27.653, 329.63, 336.00, 1755, 9501, 81, 66, 21478, 254, 84, P2
2026/08/23 13:58:28.170, 334.54, 336.98, 1635, 9501, 84, 69, 21478, 254, 85, P2
2026/08/23 13:58:28.686, 337.31, 336.98, 1680, 9501, 76, 62, 21475, 254, 84, P2
2026/08/23 13:58:29.191, 339.35, 350.45, 1740, 9501, 92, 74, 21496, 254, 84, P2
2026/08/23 13:58:29.708, 338.35, 330.54, 1605, 9501, 84, 67, 21495, 254, 84, P2
2026/08/23 13:58:30.212, 337.59, 343.29, 1740, 9501, 83, 70, 21500, 254, 84, P2
2026/08/23 13:58:30.726, 336.92, 341.46, 1620, 9501, 82, 69, 21500, 254, 84, P2
2026/08/23 13:58:31.247, 336.05, 360.09, 1725, 9501, 88, 73, 21500, 254, 83, P2
2026/08/23 13:58:31.763, 329.57, 313.82, 1830, 9501, 65, 54, 21500, 254, 83, P2
2026/08/23 13:58:32.269, 326.62, 322.70, 1650, 9501, 71, 59, 21499, 254, 84, P2
2026/08/23 13:58:32.786, 330.45, 354.01, 1695, 9501, 91, 75, 21499, 254, 84, P2
2026/08/23 13:58:33.290, 338.23, 325.02, 1620, 9501, 79, 67, 21491, 254, 84, P2
2026/08/23 13:58:33.805, 333.60, 263.91, 1860, 9501, 42, 31, 21490, 254, 83, P2
2026/08/23 13:58:34.323, 327.60, 333.44, 1650, 9501, 82, 68, 21491, 254, 84, P2
2026/08/23 13:58:34.839, 327.50, 357.88, 1680, 9501, 91, 74, 21491, 254, 84, P2
2026/08/23 13:58:35.354, 336.54, 340.44, 1830, 9501, 75, 64, 21490, 254, 83, P2
2026/08/23 13:58:35.869, 335.96, 310.23, 1755, 9501, 68, 58, 21490, 254, 83, P2
2026/08/23 13:58:36.373, 328.89, 333.31, 1665, 9501, 74, 61, 21489, 254, 83, P2
2026/08/23 13:58:36.890, 327.64, 314.66, 1620, 9501, 70, 56, 21470, 254, 84, P2
2026/08/23 13:58:37.408, 339.36, 345.06, 1710, 9501, 81, 64, 21465, 254, 84, P2
2026/08/23 13:58:37.915, 338.92, 316.16, 1755, 9501, 69, 54, 21457, 254, 82, P2
2026/08/23 13:58:38.431, 336.58, 332.74, 1605, 9501, 87, 72, 21449, 254, 84, P2
2026/08/23 13:58:38.935, 334.67, 354.23, 1785, 9501, 84, 69, 21449, 254, 83, P2
2026/08/23 13:58:39.451, 304.97, 155.95, 1830, 9501, 0, 0, 21449, 254, 78, P2
2026/08/23 13:58:39.967, 151.04, 149.41, 1830, 9501, 0, 0, 21449, 254, 76, P2
2026/08/23 13:58:40.483, 149.48, 148.62, 1830, 9501, 0, 0, 21449, 254, 75, P2
2026/08/23 13:58:41.004, 134.88, 94.53, 360, 5001, 0, 0, 21449, 254, 73, P3
2026/08/23 13:58:41.523, 109.61, 92.07, 285, 5001, 2, 0, 21449, 254, 72, P3
2026/08/23 13:58:42.040, 92.61, 91.08, 240, 5001, 1, 0, 21449, 254, 71, P3
2026/08/23 13:58:42.558, 91.18, 91.02, 240, 5001, 2, 0, 21449, 254, 71, P3
2026/08/23 13:58:43.061, 91.02, 90.87, 240, 5001, 2, 0, 21449, 254, 70, P3
2026/08/23 13:58:43.579, 90.88, 90.61, 240, 5001, 2, 0, 21449, 254, 70, P3
2026/08/23 13:58:44.083, 90.61, 90.11, 240, 5001, 2, 0, 21449, 254, 70, P3
2026/08/23 13:58:44.585, 133.54, 348.66, 1635, 9501, 100, 28, 21449, 254, 78, P2
2026/08/23 13:58:45.091, 251.30, 357.99, 1665, 9501, 100, 28, 21449, 254, 81, P2
2026/08/23 13:58:45.609, 347.42, 341.05, 1665, 9501, 99, 26, 21449, 254, 81, P2
2026/08/23 13:58:46.128, 342.49, 349.23, 1650, 9501, 92, 24, 21449, 254, 81, P2
2026/08/23 13:58:46.646, 344.26, 357.31, 1635, 9501, 100, 27, 21449, 254, 82, P2
2026/08/23 13:58:47.160, 348.14, 347.80, 1620, 9501, 100, 27, 21449, 254, 82, P2
2026/08/23 13:58:47.676, 346.72, 333.88, 1800, 9501, 85, 23, 21449, 254, 80, P2
2026/08/23 13:58:48.181, 346.54, 342.81, 1665, 9501, 97, 25, 21449, 254, 82, P2
2026/08/23 13:58:48.684, 344.20, 321.64, 1650, 9501, 99, 23, 21449, 254, 81, P2
2026/08/23 13:58:49.201, 346.02, 353.18, 1650, 9501, 100, 27, 21449, 254, 82, P2
2026/08/23 13:58:49.716, 342.63, 354.01, 1635, 9501, 100, 27, 21449, 254, 82, P2
2026/08/23 13:58:50.233, 347.60, 353.71, 1635, 9501, 100, 27, 21449, 254, 83, P2
2026/08/23 13:58:50.749, 348.42, 354.15, 1650, 9501, 100, 26, 21449, 254, 82, P2
2026/08/23 13:58:51.265, 341.43, 281.29, 1665, 9501, 55, 12, 21441, 254, 82, P2
2026/08/23 13:58:51.783, 345.15, 349.76, 1665, 9501, 98, 25, 21451, 254, 83, P2
2026/08/23 13:58:52.314, 341.40, 332.20, 1650, 9501, 100, 23, 21451, 254, 82, P2
2026/08/23 13:58:52.821, 346.54, 352.98, 1665, 9501, 100, 25, 21429, 254, 83, P2
2026/08/23 13:58:53.337, 343.80, 351.14, 1650, 9501, 100, 25, 21431, 254, 83, P2
2026/08/23 13:58:53.853, 347.06, 357.23, 1650, 9501, 100, 26, 21431, 254, 83, P2
2026/08/23 13:58:54.369, 347.67, 347.15, 1650, 9501, 100, 26, 21442, 254, 83, P2
2026/08/23 13:58:54.885, 347.31, 350.73, 1770, 9501, 100, 25, 21442, 254, 83, P2
2026/08/23 13:58:55.390, 344.77, 353.57, 1665, 9501, 100, 26, 21483, 254, 83, P2
2026/08/23 13:58:55.906, 345.17, 338.79, 1635, 9501, 100, 25, 21483, 254, 83, P2
2026/08/23 13:58:56.421, 347.71, 344.96, 1665, 9501, 99, 25, 21487, 254, 83, P2
2026/08/23 13:58:56.937, 340.60, 277.64, 1680, 9501, 65, 14, 21488, 254, 82, P2
2026/08/23 13:58:57.443, 343.82, 344.95, 1650, 9501, 99, 25, 21479, 254, 83, P2
2026/08/23 13:58:57.960, 346.57, 353.46, 1665, 9501, 100, 23, 21461, 254, 83, P2
2026/08/23 13:58:58.478, 337.27, 340.42, 1665, 9501, 78, 17, 21494, 254, 83, P2
2026/08/23 13:58:58.995, 342.15, 349.73, 1665, 9501, 99, 24, 21494, 254, 84, P2
2026/08/23 13:58:59.498, 347.66, 348.48, 1635, 9501, 100, 23, 21494, 254, 84, P2
2026/08/23 13:59:00.013, 347.12, 345.10, 1650, 9501, 100, 23, 21494, 254, 84, P2
2026/08/23 13:59:00.517, 342.04, 338.38, 1665, 9501, 87, 21, 21494, 254, 83, P2
2026/08/23 13:59:01.033, 342.47, 352.28, 1665, 9501, 100, 23, 21494, 254, 84, P2
2026/08/23 13:59:01.547, 347.32, 343.70, 1635, 9501, 100, 23, 21494, 254, 84, P2
2026/08/23 13:59:02.062, 347.54, 348.31, 1635, 9501, 100, 24, 21494, 254, 84, P2
2026/08/23 13:59:02.565, 342.09, 356.14, 1665, 9501, 100, 23, 21494, 254, 84, P2
2026/08/23 13:59:03.084, 343.06, 348.14, 1650, 9501, 100, 23, 21494, 254, 84, P2
2026/08/23 13:59:03.602, 348.49, 346.15, 1635, 9501, 100, 23, 21494, 254, 84, P2
2026/08/23 13:59:04.122, 347.69, 350.37, 1650, 9501, 100, 24, 21494, 254, 84, P2
2026/08/23 13:59:04.637, 343.92, 361.64, 1635, 9501, 100, 23, 21498, 254, 84, P2
2026/08/23 13:59:05.143, 343.41, 342.44, 1650, 9501, 100, 23, 21486, 254, 84, P2
2026/08/23 13:59:05.661, 348.53, 350.39, 1650, 9501, 100, 24, 21486, 254, 84, P2
2026/08/23 13:59:06.179, 346.80, 345.05, 1665, 9501, 100, 24, 21472, 254, 85, P2
2026/08/23 13:59:06.692, 335.91, 291.04, 1650, 9501, 60, 11, 21492, 254, 84, P2
2026/08/23 13:59:07.209, 336.60, 343.58, 1665, 9501, 99, 25, 21492, 254, 84, P2
2026/08/23 13:59:07.724, 343.02, 338.78, 1650, 9501, 99, 25, 21492, 254, 84, P2
2026/08/23 13:59:08.238, 347.08, 337.42, 1650, 9501, 98, 25, 21507, 254, 85, P2
2026/08/23 13:59:08.754, 347.13, 337.37, 1860, 9501, 100, 27, 21516, 254, 83, P2
2026/08/23 13:59:09.271, 339.53, 353.55, 1620, 9501, 100, 27, 21516, 254, 85, P2
2026/08/23 13:59:09.791, 340.07, 346.81, 1620, 9501, 100, 26, 21516, 254, 85, P2
2026/08/23 13:59:10.307, 347.64, 351.01, 1635, 9501, 100, 26, 21516, 254, 85, P2
2026/08/23 13:59:10.827, 347.09, 350.00, 1620, 9501, 100, 25, 21514, 254, 85, P2
2026/08/23 13:59:11.352, 341.30, 354.57, 1650, 9501, 100, 25, 21514, 254, 85, P2
2026/08/23 13:59:11.868, 340.76, 343.87, 1680, 9501, 100, 25, 21515, 254, 85, P2
2026/08/23 13:59:12.386, 348.10, 347.21, 1680, 9501, 100, 25, 21516, 254, 85, P2
2026/08/23 13:59:12.905, 348.07, 349.42, 1650, 9501, 100, 24, 21517, 254, 85, P2
2026/08/23 13:59:13.423, 341.40, 324.15, 1635, 9501, 84, 20, 21517, 254, 85, P2
2026/08/23 13:59:13.936, 342.56, 346.58, 1650, 9501, 100, 27, 21517, 254, 85, P2
2026/08/23 13:59:14.454, 346.57, 348.18, 1665, 9501, 100, 27, 21519, 254, 85, P2
2026/08/23 13:59:14.956, 347.08, 351.12, 1650, 9501, 100, 28, 21519, 254, 85, P2
2026/08/23 13:59:15.473, 341.98, 349.04, 1650, 9501, 99, 30, 21519, 254, 85, P2
2026/08/23 13:59:15.977, 341.77, 346.60, 1620, 9501, 99, 28, 21519, 254, 85, P2
2026/08/23 13:59:16.493, 347.66, 350.28, 1650, 9501, 100, 27, 21518, 254, 85, P2
2026/08/23 13:59:17.011, 347.56, 346.74, 1605, 9501, 100, 27, 21527, 254, 85, P2
2026/08/23 13:59:17.531, 341.62, 278.32, 1665, 9501, 60, 16, 21527, 254, 84, P2
2026/08/23 13:59:18.046, 342.56, 352.72, 1635, 9501, 100, 29, 21527, 254, 85, P2
2026/08/23 13:59:18.563, 341.99, 342.19, 1620, 9501, 100, 29, 21527, 254, 85, P2
2026/08/23 13:59:19.077, 346.21, 340.84, 1650, 9501, 100, 30, 21522, 254, 85, P2
2026/08/23 13:59:19.594, 346.96, 348.51, 1635, 9501, 100, 30, 21523, 254, 85, P2
2026/08/23 13:59:20.110, 333.03, 340.50, 1650, 9501, 94, 25, 21524, 254, 85, P2
2026/08/23 13:59:20.630, 333.02, 343.08, 1635, 9501, 98, 28, 21524, 254, 85, P2
2026/08/23 13:59:21.150, 347.56, 346.86, 1665, 9501, 100, 29, 21520, 254, 85, P2
2026/08/23 13:59:21.666, 347.61, 346.15, 1650, 9501, 100, 30, 21520, 254, 85, P2
2026/08/23 13:59:22.181, 346.91, 349.17, 1650, 9501, 100, 29, 21518, 254, 85, P2
2026/08/23 13:59:22.696, 337.53, 341.52, 1665, 9501, 100, 27, 21518, 254, 85, P2
2026/08/23 13:59:23.276, 338.53, 335.27, 1665, 9501, 98, 27, 21529, 254, 85, P2
2026/08/23 13:59:23.779, 346.88, 342.22, 1635, 9501, 98, 30, 21529, 254, 85, P2
2026/08/23 13:59:24.296, 345.79, 343.03, 1635, 9501, 100, 32, 21561, 254, 85, P2
2026/08/23 13:59:24.814, 347.71, 346.38, 1650, 9501, 100, 28, 21561, 254, 85, P2
2026/08/23 13:59:25.329, 341.51, 343.80, 1650, 9501, 100, 27, 21565, 254, 85, P2
2026/08/23 13:59:25.846, 341.73, 344.10, 1650, 9501, 100, 27, 21566, 254, 86, P2
2026/08/23 13:59:26.364, 347.18, 342.08, 1635, 9501, 99, 27, 21566, 254, 85, P2
2026/08/23 13:59:26.884, 346.85, 340.21, 1650, 9501, 100, 30, 21566, 254, 85, P2
2026/08/23 13:59:27.400, 347.46, 342.54, 1620, 9501, 100, 30, 21566, 254, 85, P2
2026/08/23 13:59:27.916, 340.66, 347.20, 1650, 9501, 100, 30, 21563, 254, 85, P2
2026/08/23 13:59:28.430, 340.00, 350.29, 1650, 9501, 100, 27, 21559, 254, 85, P2
2026/08/23 13:59:28.949, 347.68, 355.97, 1650, 9501, 99, 29, 21547, 254, 86, P2
2026/08/23 13:59:29.465, 348.55, 347.30, 1650, 9501, 100, 31, 21512, 254, 86, P2
2026/08/23 13:59:29.982, 332.55, 348.58, 1650, 9501, 100, 31, 21462, 254, 85, P2
2026/08/23 13:59:30.499, 330.44, 348.58, 1635, 9501, 99, 27, 21462, 254, 85, P2
2026/08/23 13:59:31.019, 345.88, 333.60, 1650, 9501, 100, 31, 21453, 254, 86, P2
2026/08/23 13:59:31.536, 347.93, 353.68, 1635, 9501, 100, 32, 21452, 254, 86, P2
2026/08/23 13:59:32.058, 345.13, 341.47, 1620, 9501, 100, 32, 21452, 254, 86, P2
2026/08/23 13:59:32.561, 340.13, 347.69, 1620, 9501, 100, 30, 21449, 254, 86, P2
2026/08/23 13:59:33.078, 341.34, 347.74, 1635, 9501, 99, 28, 21449, 254, 86, P2
2026/08/23 13:59:33.594, 347.36, 345.99, 1665, 9501, 99, 30, 21445, 254, 86, P2
2026/08/23 13:59:34.111, 347.30, 348.81, 1650, 9501, 100, 32, 21445, 254, 86, P2
2026/08/23 13:59:34.629, 347.20, 347.53, 1635, 9501, 100, 33, 21445, 254, 86, P2
2026/08/23 13:59:35.134, 339.25, 334.92, 1620, 9501, 88, 28, 21445, 254, 85, P2
2026/08/23 13:59:35.650, 338.20, 330.69, 1665, 9501, 98, 29, 21442, 254, 86, P2
2026/08/23 13:59:36.168, 345.42, 349.54, 1635, 9501, 100, 31, 21442, 254, 86, P2
2026/08/23 13:59:36.673, 344.51, 336.54, 1605, 9501, 100, 32, 21473, 254, 85, P2
2026/08/23 13:59:37.178, 346.23, 348.36, 1650, 9501, 100, 29, 21471, 254, 86, P2
2026/08/23 13:59:37.682, 340.04, 337.22, 1680, 9501, 81, 23, 21471, 254, 86, P2
2026/08/23 13:59:38.198, 342.74, 351.17, 1650, 9501, 100, 33, 21458, 254, 86, P2
2026/08/23 13:59:38.718, 346.98, 348.62, 1650, 9501, 100, 31, 21484, 254, 86, P2
2026/08/23 13:59:39.234, 346.59, 355.95, 1665, 9501, 100, 29, 21480, 254, 86, P2
2026/08/23 13:59:39.751, 346.46, 335.96, 1605, 9501, 99, 28, 21480, 254, 85, P2
2026/08/23 13:59:40.269, 345.94, 345.23, 1635, 9501, 99, 30, 21472, 254, 86, P2
2026/08/23 13:59:40.787, 337.83, 349.36, 1650, 9501, 100, 32, 21472, 254, 86, P2
2026/08/23 13:59:41.307, 339.54, 348.83, 1635, 9501, 97, 29, 21472, 254, 86, P2
2026/08/23 13:59:41.823, 346.06, 337.34, 1665, 9501, 99, 32, 21472, 254, 86, P2
2026/08/23 13:59:42.341, 346.34, 342.02, 1575, 9501, 100, 30, 21472, 254, 86, P2
2026/08/23 13:59:42.861, 345.58, 348.25, 1650, 9501, 100, 32, 21472, 254, 86, P2
2026/08/23 13:59:43.364, 333.92, 323.72, 1635, 9501, 80, 25, 21472, 254, 84, P2
2026/08/23 13:59:43.869, 336.01, 339.55, 1575, 9501, 100, 30, 21472, 254, 86, P2
2026/08/23 13:59:44.385, 344.74, 351.92, 1635, 9501, 100, 33, 21472, 254, 86, P2
2026/08/23 13:59:44.903, 346.04, 350.58, 1650, 9501, 100, 34, 21472, 254, 86, P2
2026/08/23 13:59:45.420, 345.98, 342.89, 1650, 9501, 100, 30, 21445, 254, 86, P2
2026/08/23 13:59:45.935, 345.91, 333.61, 1620, 9501, 100, 32, 21459, 254, 86, P2
2026/08/23 13:59:46.451, 337.53, 352.27, 1650, 9501, 100, 33, 21465, 254, 86, P2
2026/08/23 13:59:46.973, 348.15, 355.06, 1635, 9501, 100, 33, 21465, 254, 86, P2
2026/08/23 13:59:47.489, 348.37, 345.66, 1635, 9501, 100, 32, 21466, 254, 86, P2
2026/08/23 13:59:47.993, 347.29, 346.19, 1635, 9501, 100, 32, 21472, 254, 86, P2
2026/08/23 13:59:48.498, 337.77, 354.16, 1680, 9501, 99, 35, 21484, 254, 84, P2
2026/08/23 13:59:49.014, 336.22, 344.28, 1590, 9501, 100, 32, 21481, 254, 86, P2
2026/08/23 13:59:49.532, 345.26, 347.09, 1650, 9501, 100, 35, 21450, 254, 86, P2
2026/08/23 13:59:50.049, 344.55, 341.28, 1575, 9501, 99, 31, 21458, 254, 86, P2
2026/08/23 13:59:50.568, 345.84, 351.91, 1620, 9501, 100, 32, 21458, 254, 86, P2
2026/08/23 13:59:51.074, 347.27, 354.11, 1635, 9501, 100, 35, 21458, 254, 86, P2
2026/08/23 13:59:51.584, 338.79, 334.96, 1635, 9501, 94, 32, 21457, 254, 85, P2
2026/08/23 13:59:52.102, 339.64, 353.42, 1620, 9501, 100, 34, 21449, 254, 86, P2
2026/08/23 13:59:52.620, 345.82, 345.30, 1635, 9501, 100, 36, 21449, 254, 86, P2
2026/08/23 13:59:53.138, 344.63, 353.15, 1650, 9501, 99, 31, 21449, 254, 86, P2
2026/08/23 13:59:53.656, 344.85, 348.65, 1650, 9501, 99, 31, 21443, 254, 86, P2
2026/08/23 13:59:54.174, 346.09, 339.24, 1635, 9501, 100, 33, 21452, 254, 86, P2
2026/08/23 13:59:54.690, 339.61, 333.83, 1650, 9501, 100, 29, 21452, 254, 85, P2
2026/08/23 13:59:55.194, 339.24, 350.61, 1680, 9501, 99, 32, 21428, 254, 86, P2
2026/08/23 13:59:55.712, 343.75, 357.06, 1635, 9501, 100, 33, 21438, 254, 86, P2
2026/08/23 13:59:56.229, 345.76, 360.64, 1635, 9501, 100, 35, 21432, 254, 86, P2
2026/08/23 13:59:56.735, 346.37, 347.68, 1605, 9501, 100, 31, 21433, 254, 86, P2
2026/08/23 13:59:57.250, 347.10, 354.65, 1650, 9501, 100, 36, 21473, 254, 86, P2
2026/08/23 13:59:57.765, 337.98, 365.26, 1650, 9501, 100, 35, 21473, 254, 86, P2
2026/08/23 13:59:58.283, 336.30, 339.99, 1650, 9501, 99, 33, 21473, 254, 85, P2
2026/08/23 13:59:58.801, 345.80, 342.84, 1635, 9501, 100, 32, 21473, 254, 86, P2
2026/08/23 13:59:59.319, 344.93, 338.44, 1575, 9501, 100, 34, 21466, 254, 86, P2
2026/08/23 13:59:59.833, 345.41, 346.18, 1665, 9501, 100, 34, 21462, 254, 86, P2
2026/08/23 14:00:00.345, 346.01, 360.18, 1620, 9501, 100, 36, 21477, 254, 86, P2
2026/08/23 14:00:00.863, 337.36, 336.95, 1590, 9501, 100, 33, 21481, 254, 86, P2
2026/08/23 14:00:01.379, 337.60, 338.85, 1635, 9501, 99, 33, 21481, 254, 86, P2
2026/08/23 14:00:01.896, 345.99, 356.53, 1620, 9501, 100, 34, 21477, 254, 86, P2
2026/08/23 14:00:02.403, 344.26, 354.89, 1635, 9501, 100, 34, 21477, 254, 86, P2
2026/08/23 14:00:02.922, 344.06, 349.11, 1590, 9501, 100, 32, 21477, 254, 86, P2
2026/08/23 14:00:03.427, 346.33, 340.17, 1620, 9501, 100, 36, 21477, 254, 86, P2
2026/08/23 14:00:03.943, 340.26, 333.46, 1635, 9501, 100, 33, 21477, 254, 86, P2
2026/08/23 14:00:04.460, 337.93, 340.88, 1605, 9501, 98, 31, 21477, 254, 86, P2
2026/08/23 14:00:04.977, 343.86, 348.10, 1650, 9501, 100, 34, 21477, 254, 86, P2
2026/08/23 14:00:05.490, 343.56, 348.49, 1635, 9501, 100, 35, 21477, 254, 86, P2
2026/08/23 14:00:06.006, 345.29, 358.65, 1635, 9501, 100, 35, 21477, 254, 86, P2
2026/08/23 14:00:06.522, 338.05, 347.10, 1560, 9501, 100, 32, 21477, 254, 86, P2
2026/08/23 14:00:07.039, 337.00, 329.83, 1650, 9501, 99, 31, 21477, 254, 86, P2
2026/08/23 14:00:07.556, 343.74, 342.80, 1635, 9501, 100, 33, 21477, 254, 86, P2
2026/08/23 14:00:08.060, 343.70, 349.42, 1605, 9501, 100, 33, 21477, 254, 86, P2
2026/08/23 14:00:08.578, 343.60, 339.31, 1650, 9501, 98, 31, 21470, 254, 86, P2
2026/08/23 14:00:09.099, 343.72, 329.29, 1605, 9501, 100, 33, 21470, 254, 86, P2
2026/08/23 14:00:09.614, 335.15, 353.39, 1665, 9501, 100, 33, 21467, 254, 85, P2
2026/08/23 14:00:10.134, 332.19, 337.30, 1635, 9501, 100, 36, 21467, 254, 86, P2
2026/08/23 14:00:10.651, 341.99, 329.76, 1635, 9501, 100, 33, 21421, 254, 86, P2
2026/08/23 14:00:11.169, 341.74, 342.77, 1650, 9501, 100, 33, 21456, 254, 86, P2
2026/08/23 14:00:11.687, 342.05, 333.54, 1620, 9501, 100, 33, 21458, 254, 86, P2
2026/08/23 14:00:12.206, 342.93, 339.65, 1620, 9501, 100, 38, 21466, 254, 86, P2
2026/08/23 14:00:12.709, 335.26, 277.41, 1680, 9501, 66, 22, 21466, 254, 83, P2
2026/08/23 14:00:13.231, 336.59, 343.40, 1620, 9501, 100, 34, 21466, 254, 86, P2
2026/08/23 14:00:13.746, 337.44, 339.29, 1635, 9501, 100, 33, 21466, 254, 86, P2
2026/08/23 14:00:14.265, 344.26, 344.64, 1635, 9501, 100, 32, 21465, 254, 86, P2
2026/08/23 14:00:14.783, 342.55, 341.14, 1635, 9501, 100, 35, 21456, 254, 86, P2
2026/08/23 14:00:15.288, 341.68, 344.67, 1620, 9501, 100, 33, 21457, 254, 86, P2
2026/08/23 14:00:15.794, 343.63, 355.07, 1635, 9501, 100, 35, 21457, 254, 86, P2
2026/08/23 14:00:16.309, 336.81, 346.24, 1635, 9501, 100, 38, 21457, 254, 86, P2
2026/08/23 14:00:16.826, 335.70, 330.25, 1635, 9501, 99, 33, 21439, 254, 86, P2
2026/08/23 14:00:17.344, 344.57, 351.77, 1635, 9501, 100, 34, 21439, 254, 86, P2
2026/08/23 14:00:17.859, 341.99, 344.63, 1560, 9501, 100, 34, 21428, 254, 86, P2
2026/08/23 14:00:18.373, 342.44, 334.54, 1590, 9501, 100, 32, 21432, 254, 86, P2
2026/08/23 14:00:18.877, 342.82, 341.27, 1650, 9501, 100, 36, 21432, 254, 86, P2
2026/08/23 14:00:19.395, 334.28, 326.95, 1635, 9501, 97, 30, 21432, 254, 85, P2
2026/08/23 14:00:19.901, 334.48, 346.66, 1635, 9501, 100, 35, 21481, 254, 86, P2
2026/08/23 14:00:20.417, 339.37, 339.40, 1635, 9501, 100, 35, 21482, 254, 86, P2
2026/08/23 14:00:20.932, 341.98, 345.53, 1635, 9501, 100, 38, 21482, 254, 86, P2
2026/08/23 14:00:21.450, 341.39, 342.42, 1620, 9501, 100, 39, 21481, 254, 86, P2
2026/08/23 14:00:21.971, 341.20, 345.34, 1635, 9501, 100, 35, 21481, 254, 86, P2
2026/08/23 14:00:22.486, 334.30, 342.39, 1650, 9501, 100, 34, 21481, 254, 86, P2
2026/08/23 14:00:23.002, 336.14, 340.45, 1650, 9501, 100, 35, 21467, 254, 86, P2
2026/08/23 14:00:23.515, 341.07, 342.27, 1650, 9501, 100, 35, 21467, 254, 86, P2
2026/08/23 14:00:24.021, 339.60, 334.80, 1650, 9501, 100, 34, 21473, 254, 86, P2
2026/08/23 14:00:24.614, 341.73, 349.90, 1530, 9501, 100, 35, 21473, 254, 86, P2
2026/08/23 14:00:25.132, 341.67, 334.53, 1620, 9501, 100, 33, 21465, 254, 86, P2
2026/08/23 14:00:25.637, 335.26, 272.26, 1605, 9501, 58, 27, 21467, 254, 84, P2
2026/08/23 14:00:26.154, 333.11, 339.20, 1635, 9501, 100, 36, 21466, 254, 86, P2
2026/08/23 14:00:26.668, 332.82, 345.79, 1650, 9501, 100, 36, 21466, 254, 86, P2
2026/08/23 14:00:27.172, 340.90, 338.95, 1650, 9501, 100, 35, 21466, 254, 86, P2
2026/08/23 14:00:27.688, 342.34, 340.03, 1635, 9501, 100, 35, 21466, 254, 86, P2
2026/08/23 14:00:28.195, 340.46, 327.73, 1635, 9501, 99, 33, 21466, 254, 86, P2
2026/08/23 14:00:28.711, 342.54, 351.81, 1575, 9501, 100, 36, 21466, 254, 86, P2
2026/08/23 14:00:29.214, 338.37, 347.10, 1590, 9501, 100, 39, 21466, 254, 86, P2
2026/08/23 14:00:29.715, 340.10, 349.27, 1545, 9501, 100, 38, 21466, 254, 86, P2
2026/08/23 14:00:30.219, 341.87, 343.73, 1590, 9501, 100, 38, 21466, 254, 86, P2
2026/08/23 14:00:30.734, 341.22, 334.07, 1590, 9501, 100, 37, 21466, 254, 86, P2
2026/08/23 14:00:31.250, 342.67, 342.92, 1545, 9501, 100, 36, 21466, 254, 86, P2
2026/08/23 14:00:31.766, 338.34, 324.07, 1650, 9501, 100, 30, 21466, 254, 86, P2
2026/08/23 14:00:32.283, 338.78, 343.89, 1635, 9501, 100, 36, 21466, 254, 86, P2
2026/08/23 14:00:32.800, 337.17, 337.21, 1590, 9501, 100, 35, 21466, 254, 85, P2
2026/08/23 14:00:33.302, 338.83, 349.53, 1545, 9501, 100, 36, 21466, 254, 86, P2
2026/08/23 14:00:33.805, 339.56, 338.37, 1635, 9501, 100, 38, 21466, 254, 86, P2
2026/08/23 14:00:34.307, 338.49, 333.06, 1635, 9501, 99, 34, 21466, 254, 86, P2
2026/08/23 14:00:34.826, 337.94, 341.35, 1620, 9501, 100, 39, 21466, 254, 86, P2
2026/08/23 14:00:35.343, 340.45, 350.65, 1560, 9501, 100, 36, 21466, 254, 86, P2
2026/08/23 14:00:35.860, 341.95, 341.98, 1545, 9501, 100, 38, 21466, 254, 86, P2
2026/08/23 14:00:36.377, 340.32, 351.03, 1590, 9501, 99, 76, 21466, 254, 85, P2
2026/08/23 14:00:36.884, 315.64, 330.56, 1635, 9501, 100, 34, 21466, 254, 84, P2
2026/08/23 14:00:37.387, 317.63, 343.28, 1620, 9501, 100, 39, 21466, 254, 86, P2
2026/08/23 14:00:37.889, 316.38, 337.89, 1710, 9501, 90, 73, 21466, 254, 84, P2
2026/08/23 14:00:38.391, 317.44, 340.81, 1710, 9501, 90, 71, 21466, 254, 85, P2
2026/08/23 14:00:38.896, 339.49, 339.36, 1665, 9501, 93, 75, 21466, 254, 85, P2
2026/08/23 14:00:39.401, 344.92, 351.57, 1620, 9501, 96, 78, 21466, 254, 85, P2
2026/08/23 14:00:39.915, 346.69, 345.78, 1695, 9501, 87, 70, 21466, 254, 85, P2
2026/08/23 14:00:40.430, 347.62, 348.48, 1635, 9501, 94, 76, 21466, 254, 85, P2
2026/08/23 14:00:40.947, 348.20, 343.51, 1620, 9501, 94, 75, 21466, 254, 85, P2
2026/08/23 14:00:41.450, 347.70, 344.00, 1650, 9501, 92, 74, 21466, 254, 85, P2
2026/08/23 14:00:41.952, 346.01, 337.06, 1575, 9501, 95, 75, 21466, 254, 85, P2
2026/08/23 14:00:42.468, 329.09, 333.54, 1560, 9501, 91, 73, 21466, 254, 84, P2
2026/08/23 14:00:42.971, 316.82, 281.94, 1290, 9501, 96, 71, 21466, 254, 83, P2
2026/08/23 14:00:43.477, 296.60, 279.53, 1320, 9501, 96, 69, 21466, 254, 82, P2
2026/08/23 14:00:43.991, 278.83, 270.70, 1395, 9501, 91, 67, 21466, 254, 81, P2
2026/08/23 14:00:44.506, 277.56, 280.46, 1335, 9501, 94, 70, 21466, 254, 81, P2
2026/08/23 14:00:45.022, 270.19, 263.77, 1125, 9501, 95, 64, 21466, 254, 80, P2
2026/08/23 14:00:45.537, 263.57, 259.79, 1290, 9501, 93, 66, 21466, 254, 80, P2
2026/08/23 14:00:46.042, 261.98, 264.06, 1080, 9501, 97, 65, 21466, 254, 80, P2
2026/08/23 14:00:46.559, 262.10, 259.98, 1155, 9501, 93, 61, 21466, 254, 80, P2
2026/08/23 14:00:47.064, 262.45, 263.50, 1140, 9501, 94, 65, 21466, 254, 80, P2
2026/08/23 14:00:47.569, 262.16, 258.76, 1290, 9501, 92, 67, 21466, 254, 79, P2
2026/08/23 14:00:48.084, 262.66, 265.12, 1125, 9501, 98, 66, 21466, 254, 79, P2
2026/08/23 14:00:48.587, 262.71, 264.92, 1140, 9501, 96, 65, 21466, 254, 79, P2
2026/08/23 14:00:49.102, 262.40, 261.38, 1200, 9501, 91, 63, 21466, 254, 79, P2
2026/08/23 14:00:49.615, 256.78, 203.26, 1800, 9501, 51, 40, 21466, 254, 79, P2
2026/08/23 14:00:50.131, 213.78, 170.62, 1920, 9501, 1, 0, 21466, 254, 76, P2
2026/08/23 14:00:50.645, 171.92, 169.12, 1920, 9501, 0, 0, 21466, 254, 76, P2
2026/08/23 14:00:51.162, 169.46, 168.62, 1920, 9501, 0, 0, 21466, 254, 76, P2
2026/08/23 14:00:51.677, 154.35, 97.90, 465, 5001, 1, 0, 1568, 254, 73, P3
2026/08/23 14:00:52.193, 120.24, 93.63, 360, 5001, 2, 0, 1568, 254, 72, P3
2026/08/23 14:00:52.694, 93.79, 90.86, 300, 5001, 1, 0, 1568, 254, 71, P3
2026/08/23 14:00:53.197, 91.90, 90.75, 240, 5001, 3, 0, 1568, 254, 70, P3
2026/08/23 14:00:53.713, 90.77, 90.53, 240, 5001, 2, 0, 1568, 254, 70, P3
2026/08/23 14:00:54.219, 90.62, 90.41, 240, 5001, 4, 0, 1568, 254, 70, P3
2026/08/23 14:00:54.722, 90.37, 90.28, 240, 5001, 6, 0, 1568, 254, 69, P3
2026/08/23 14:00:55.238, 89.98, 89.77, 240, 5001, 5, 0, 1568, 254, 69, P3
2026/08/23 14:00:55.753, 89.52, 89.02, 240, 5001, 2, 0, 1568, 254, 69, P3
2026/08/23 14:00:56.269, 71.78, 43.50, 210, 810, 3, 2, 1568, 254, 67, P5
2026/08/23 14:00:56.782, 48.52, 41.47, 210, 810, 2, 1, 1568, 254, 66, P5
2026/08/23 14:00:57.298, 42.44, 42.19, 210, 810, 3, 2, 1568, 254, 66, P5
2026/08/23 14:00:57.815, 41.37, 35.95, 210, 405, 2, 3, 1568, 254, 66, P8
2026/08/23 14:00:58.332, 38.12, 34.24, 210, 405, 3, 7, 1568, 254, 65, P8
2026/08/23 14:00:58.848, 35.08, 33.97, 210, 405, 3, 2, 1568, 254, 65, P8
2026/08/23 14:00:59.353, 34.57, 33.86, 210, 405, 3, 3, 1568, 254, 65, P8
2026/08/23 14:00:59.870, 34.53, 37.29, 210, 405, 5, 4, 1568, 254, 64, P8
2026/08/23 14:01:00.375, 34.52, 33.37, 210, 405, 3, 3, 1568, 254, 64, P8
2026/08/23 14:01:00.879, 34.63, 35.10, 210, 405, 2, 2, 1568, 254, 64, P8
2026/08/23 14:01:01.394, 34.58, 33.33, 210, 405, 2, 6, 1568, 254, 64, P8
2026/08/23 14:01:01.908, 34.36, 32.84, 210, 405, 2, 2, 1568, 254, 64, P8
2026/08/23 14:01:02.425, 33.59, 33.16, 210, 405, 3, 3, 1568, 254, 63, P8
2026/08/23 14:01:02.937, 33.66, 33.02, 210, 405, 3, 3, 1568, 254, 63, P8
2026/08/23 14:01:03.453, 33.76, 32.83, 210, 405, 3, 3, 1568, 254, 63, P8
2026/08/23 14:01:03.958, 33.57, 32.57, 210, 405, 2, 2, 1568, 254, 63, P8
2026/08/23 14:01:04.474, 33.18, 33.01, 210, 405, 6, 4, 1568, 254, 63, P8
2026/08/23 14:01:04.990, 32.90, 32.36, 210, 405, 3, 3, 1568, 254, 62, P8
2026/08/23 14:01:05.506, 32.99, 34.79, 210, 405, 5, 8, 1568, 254, 62, P8
2026/08/23 14:01:06.012, 33.20, 32.17, 210, 405, 4, 3, 1568, 254, 62, P8
2026/08/23 14:01:06.516, 33.07, 32.57, 210, 405, 3, 3, 1568, 254, 62, P8
2026/08/23 14:01:07.021, 32.46, 31.77, 210, 405, 4, 3, 1568, 254, 62, P8
2026/08/23 14:01:07.538, 32.81, 32.96, 210, 405, 5, 3, 1568, 254, 62, P8
2026/08/23 14:01:08.041, 32.79, 31.92, 210, 405, 2, 3, 1568, 254, 61, P8
2026/08/23 14:01:08.558, 33.02, 33.60, 210, 405, 4, 4, 1568, 254, 61, P8
2026/08/23 14:01:09.072, 32.74, 32.49, 210, 405, 5, 4, 1568, 254, 61, P8
2026/08/23 14:01:09.588, 32.50, 32.78, 210, 405, 6, 4, 1568, 254, 61, P8
2026/08/23 14:01:10.104, 32.15, 31.19, 210, 405, 3, 3, 1568, 254, 61, P8
2026/08/23 14:01:10.619, 32.22, 31.76, 210, 405, 2, 13, 1568, 254, 61, P8
2026/08/23 14:01:11.122, 32.35, 31.65, 210, 405, 2, 5, 1568, 254, 61, P8
2026/08/23 14:01:11.635, 32.61, 31.47, 210, 405, 3, 3, 1568, 254, 61, P8
2026/08/23 14:01:12.153, 32.49, 31.52, 210, 405, 2, 12, 1568, 254, 60, P8
2026/08/23 14:01:12.668, 32.15, 30.72, 210, 405, 2, 3, 1568, 254, 60, P8
2026/08/23 14:01:13.185, 35.83, 76.58, 1725, 9501, 16, 2, 1794, 254, 60, P2
2026/08/23 14:01:13.689, 78.31, 126.13, 1725, 9501, 1, 0, 1794, 254, 64, P2
2026/08/23 14:01:14.205, 121.73, 126.37, 1725, 9501, 1, 0, 1794, 254, 64, P2
2026/08/23 14:01:14.708, 126.38, 126.38, 1725, 9501, 0, 0, 5506, 254, 64, P2
2026/08/23 14:01:15.210, 134.40, 167.10, 1950, 9501, 98, 6, 14522, 254, 66, P2
2026/08/23 14:01:15.715, 147.79, 155.28, 1950, 9501, 17, 1, 14522, 254, 66, P2
2026/08/23 14:01:16.219, 156.62, 155.09, 1950, 9501, 17, 1, 14522, 254, 66, P2
2026/08/23 14:01:16.723, 155.40, 155.25, 1950, 9501, 17, 1, 14522, 254, 66, P2
2026/08/23 14:01:17.240, 150.83, 128.37, 1725, 9501, 18, 1, 14522, 254, 65, P2
2026/08/23 14:01:17.745, 138.40, 128.16, 1725, 9501, 18, 1, 14522, 254, 65, P2
2026/08/23 14:01:18.249, 128.28, 128.29, 1725, 9501, 18, 1, 14522, 254, 65, P2
2026/08/23 14:01:18.751, 128.25, 128.30, 1725, 9501, 18, 1, 16050, 254, 65, P2
2026/08/23 14:01:19.268, 143.85, 152.46, 1950, 9501, 1, 0, 16050, 254, 66, P2
2026/08/23 14:01:19.783, 154.94, 152.23, 1950, 9501, 0, 0, 16050, 254, 66, P2
2026/08/23 14:01:20.299, 152.58, 152.63, 1950, 9501, 1, 0, 16050, 254, 66, P2
2026/08/23 14:01:20.816, 152.54, 152.27, 1950, 9501, 0, 0, 16050, 254, 66, P2
2026/08/23 14:01:21.329, 129.99, 96.96, 390, 5001, 45, 6, 16062, 254, 63, P3
2026/08/23 14:01:21.842, 170.74, 352.63, 1665, 9501, 100, 28, 16064, 254, 72, P2
2026/08/23 14:01:22.345, 276.31, 366.19, 1695, 9501, 100, 26, 16064, 254, 75, P2
2026/08/23 14:01:22.860, 343.53, 348.03, 1665, 9501, 97, 83, 16064, 254, 75, P2
2026/08/23 14:01:23.362, 346.91, 350.53, 1665, 9501, 97, 83, 16064, 254, 75, P2
2026/08/23 14:01:23.878, 345.79, 341.19, 1680, 9501, 97, 83, 16064, 254, 74, P2
2026/08/23 14:01:24.391, 346.22, 348.38, 1680, 9501, 97, 82, 16064, 254, 75, P2
2026/08/23 14:01:24.907, 346.32, 342.47, 1650, 9501, 96, 82, 16064, 254, 75, P2
2026/08/23 14:01:25.409, 346.24, 352.48, 1650, 9501, 97, 83, 16064, 254, 76, P2
2026/08/23 14:01:25.912, 345.67, 338.43, 1650, 9501, 97, 83, 16064, 254, 75, P2
2026/08/23 14:01:26.429, 346.17, 351.56, 1665, 9501, 97, 83, 16064, 254, 76, P2
2026/08/23 14:01:26.944, 346.04, 342.71, 1635, 9501, 97, 83, 16064, 254, 76, P2
2026/08/23 14:01:27.448, 347.05, 351.41, 1650, 9501, 96, 84, 16064, 254, 76, P2
2026/08/23 14:01:27.961, 346.29, 345.42, 1620, 9501, 96, 83, 16064, 254, 76, P2
2026/08/23 14:01:28.476, 345.98, 347.27, 1650, 9501, 97, 83, 16064, 254, 76, P2
2026/08/23 14:01:28.980, 347.06, 350.69, 1650, 9501, 97, 84, 16064, 254, 77, P2
2026/08/23 14:01:29.496, 346.70, 349.02, 1650, 9501, 97, 83, 16064, 254, 77, P2
2026/08/23 14:01:30.008, 346.73, 352.73, 1635, 9501, 97, 84, 16064, 254, 77, P2
2026/08/23 14:01:30.513, 346.39, 351.76, 1650, 9501, 97, 84, 16064, 254, 77, P2
2026/08/23 14:01:31.029, 347.19, 354.35, 1635, 9501, 96, 84, 16064, 254, 77, P2
2026/08/23 14:01:31.532, 346.80, 350.16, 1650, 9501, 96, 82, 16064, 254, 77, P2
2026/08/23 14:01:32.048, 346.03, 353.11, 1665, 9501, 97, 84, 16064, 254, 78, P2
2026/08/23 14:01:32.562, 346.58, 351.40, 1665, 9501, 97, 83, 16064, 254, 78, P2
2026/08/23 14:01:33.077, 347.01, 353.04, 1665, 9501, 96, 83, 16064, 254, 78, P2
2026/08/23 14:01:33.582, 347.50, 352.61, 1650, 9501, 97, 82, 16064, 254, 78, P2
2026/08/23 14:01:34.090, 346.74, 351.39, 1665, 9501, 96, 83, 16064, 254, 78, P2
2026/08/23 14:01:34.606, 347.14, 353.61, 1650, 9501, 97, 83, 16064, 254, 78, P2
2026/08/23 14:01:35.108, 347.36, 351.85, 1650, 9501, 97, 84, 16064, 254, 78, P2
2026/08/23 14:01:35.623, 347.37, 356.61, 1650, 9501, 97, 84, 16064, 254, 78, P2
2026/08/23 14:01:36.140, 347.50, 353.37, 1635, 9501, 96, 84, 16064, 254, 78, P2
2026/08/23 14:01:36.644, 346.29, 349.56, 1665, 9501, 97, 83, 16064, 254, 79, P2
2026/08/23 14:01:37.152, 346.40, 348.48, 1635, 9501, 98, 84, 16064, 254, 78, P2
2026/08/23 14:01:37.667, 347.09, 353.99, 1650, 9501, 97, 83, 16064, 254, 79, P2
2026/08/23 14:01:38.172, 347.09, 347.78, 1635, 9501, 96, 83, 16064, 254, 79, P2
2026/08/23 14:01:38.674, 347.68, 349.09, 1635, 9501, 97, 83, 16064, 254, 79, P2
2026/08/23 14:01:39.188, 320.67, 157.42, 1920, 9501, 0, 0, 16064, 254, 74, P2
2026/08/23 14:01:39.693, 237.14, 161.87, 1935, 9501, 0, 0, 16064, 254, 73, P2
2026/08/23 14:01:40.209, 161.31, 160.92, 1935, 9501, 0, 0, 16064, 254, 72, P2
2026/08/23 14:01:40.723, 161.32, 160.56, 1935, 9501, 0, 0, 16064, 254, 72, P2
2026/08/23 14:01:41.240, 144.80, 114.78, 435, 9501, 1, 0, 16064, 254, 69, P2
2026/08/23 14:01:41.757, 107.18, 51.36, 360, 810, 1, 1, 16064, 254, 67, P5
2026/08/23 14:01:42.270, 62.84, 40.62, 285, 810, 3, 2, 16064, 254, 66, P5
2026/08/23 14:01:42.788, 45.12, 40.18, 240, 810, 1, 1, 16064, 254, 65, P5
2026/08/23 14:01:43.306, 40.55, 41.54, 210, 405, 7, 2, 16064, 254, 65, P8
2026/08/23 14:01:43.810, 38.16, 33.90, 210, 405, 5, 3, 16064, 254, 65, P8
2026/08/23 14:01:44.314, 35.24, 34.05, 210, 405, 5, 14, 16064, 254, 64, P8
2026/08/23 14:01:44.833, 34.39, 32.73, 210, 405, 2, 3, 16064, 254, 64, P8
2026/08/23 14:01:45.340, 33.91, 33.77, 210, 405, 4, 21, 16064, 254, 64, P8
2026/08/23 14:01:45.857, 33.62, 32.82, 210, 405, 4, 4, 16064, 254, 64, P8
2026/08/23 14:01:46.374, 33.90, 34.08, 210, 405, 5, 4, 16064, 254, 63, P8
2026/08/23 14:01:46.891, 33.86, 32.74, 210, 405, 3, 17, 16064, 254, 63, P8
2026/08/23 14:01:47.404, 33.92, 33.14, 210, 405, 2, 3, 16064, 254, 63, P8
2026/08/23 14:01:47.920, 33.70, 33.39, 210, 405, 6, 4, 16064, 254, 63, P8
2026/08/23 14:01:48.434, 33.72, 34.07, 210, 405, 5, 4, 16064, 254, 63, P8
2026/08/23 14:01:48.951, 33.61, 32.64, 210, 405, 3, 3, 16064, 254, 62, P8
2026/08/23 14:01:49.468, 33.44, 32.51, 210, 405, 3, 3, 16064, 254, 62, P8
2026/08/23 14:01:49.971, 33.61, 32.96, 210, 405, 2, 3, 16064, 254, 62, P8
2026/08/23 14:01:50.488, 33.56, 32.51, 210, 405, 4, 17, 16064, 254, 62, P8
2026/08/23 14:01:51.005, 33.12, 32.23, 210, 405, 3, 10, 16064, 254, 62, P8
2026/08/23 14:01:51.521, 32.86, 32.07, 210, 405, 2, 3, 16064, 254, 61, P8
2026/08/23 14:01:52.036, 33.06, 32.10, 210, 405, 2, 3, 16064, 254, 61, P8
2026/08/23 14:01:52.552, 33.07, 33.65, 210, 405, 4, 3, 16064, 254, 61, P8
2026/08/23 14:01:53.066, 32.99, 33.57, 210, 405, 5, 4, 16064, 254, 61, P8
2026/08/23 14:01:53.581, 32.95, 31.75, 210, 405, 4, 3, 16064, 254, 61, P8
2026/08/23 14:01:54.085, 32.18, 30.56, 210, 405, 2, 8, 16064, 254, 61, P8
2026/08/23 14:01:54.601, 31.89, 32.58, 210, 405, 5, 3, 16064, 254, 60, P8
2026/08/23 14:01:55.104, 32.20, 32.43, 210, 405, 4, 3, 16064, 254, 60, P8
2026/08/23 14:01:55.621, 33.04, 33.03, 210, 405, 4, 3, 16064, 254, 60, P8
2026/08/23 14:01:56.134, 32.87, 31.76, 210, 405, 4, 3, 16064, 254, 60, P8
2026/08/23 14:01:56.667, 32.48, 31.76, 210, 405, 4, 3, 16064, 254, 60, P8
2026/08/23 14:01:57.179, 32.82, 32.63, 210, 405, 5, 3, 16064, 254, 60, P8
2026/08/23 14:01:57.693, 33.26, 34.15, 210, 405, 7, 4, 16064, 254, 60, P8
2026/08/23 14:01:58.197, 33.02, 31.99, 210, 405, 4, 8, 16064, 254, 60, P8
2026/08/23 14:01:58.699, 33.26, 32.51, 210, 405, 5, 3, 16064, 254, 59, P8
2026/08/23 14:01:59.215, 35.25, 55.95, 270, 405, 97, 51, 16064, 254, 60, P8
2026/08/23 14:01:59.730, 120.75, 354.28, 1680, 9501, 100, 29, 16064, 254, 72, P2
2026/08/23 14:02:00.246, 263.20, 322.83, 1695, 9501, 89, 22, 16064, 254, 74, P2
2026/08/23 14:02:00.761, 343.36, 365.55, 1665, 9501, 97, 84, 16064, 254, 74, P2
2026/08/23 14:02:01.265, 342.84, 349.61, 1695, 9501, 97, 83, 16064, 254, 74, P2
2026/08/23 14:02:01.767, 347.25, 348.98, 1665, 9501, 97, 84, 16064, 254, 74, P2
2026/08/23 14:02:02.270, 345.37, 349.83, 1665, 9501, 97, 84, 16064, 254, 74, P2
2026/08/23 14:02:02.775, 346.64, 347.97, 1665, 9501, 96, 83, 16064, 254, 74, P2
2026/08/23 14:02:03.279, 345.29, 342.34, 1680, 9501, 97, 83, 16064, 254, 74, P2
2026/08/23 14:02:03.795, 346.11, 351.61, 1665, 9501, 97, 84, 16064, 254, 75, P2
2026/08/23 14:02:04.310, 345.96, 343.70, 1650, 9501, 97, 84, 16064, 254, 75, P2
2026/08/23 14:02:04.825, 346.07, 353.16, 1665, 9501, 97, 85, 16064, 254, 75, P2
2026/08/23 14:02:05.341, 345.19, 343.66, 1665, 9501, 97, 82, 16064, 254, 75, P2
2026/08/23 14:02:05.849, 347.01, 353.09, 1665, 9501, 97, 83, 16064, 254, 76, P2
2026/08/23 14:02:06.351, 345.37, 342.36, 1665, 9501, 97, 83, 16064, 254, 75, P2
2026/08/23 14:02:06.858, 346.20, 352.14, 1650, 9501, 97, 84, 16064, 254, 76, P2
2026/08/23 14:02:07.366, 345.15, 345.10, 1650, 9501, 96, 81, 16064, 254, 76, P2
2026/08/23 14:02:07.869, 346.83, 351.87, 1665, 9501, 97, 83, 16064, 254, 76, P2
2026/08/23 14:02:08.373, 345.71, 340.19, 1665, 9501, 97, 83, 16064, 254, 76, P2
2026/08/23 14:02:08.877, 345.66, 345.36, 1665, 9501, 97, 83, 16064, 254, 76, P2
2026/08/23 14:02:09.379, 346.20, 344.36, 1650, 9501, 97, 84, 16064, 254, 76, P2
2026/08/23 14:02:09.895, 346.40, 351.30, 1665, 9501, 97, 83, 16064, 254, 77, P2
2026/08/23 14:02:10.397, 346.18, 342.28, 1650, 9501, 97, 83, 16064, 254, 77, P2
2026/08/23 14:02:10.899, 347.68, 350.92, 1650, 9501, 97, 84, 16064, 254, 77, P2
2026/08/23 14:02:11.415, 346.60, 345.62, 1620, 9501, 97, 83, 16064, 254, 77, P2
2026/08/23 14:02:11.931, 346.52, 348.98, 1650, 9501, 97, 83, 16064, 254, 77, P2
2026/08/23 14:02:12.433, 346.52, 349.52, 1635, 9501, 97, 83, 16064, 254, 77, P2
2026/08/23 14:02:12.948, 347.12, 348.85, 1650, 9501, 97, 83, 16064, 254, 77, P2
2026/08/23 14:02:13.449, 345.95, 351.00, 1650, 9501, 97, 84, 16064, 254, 78, P2
2026/08/23 14:02:13.953, 346.86, 355.67, 1650, 9501, 97, 84, 16064, 254, 77, P2
2026/08/23 14:02:14.469, 346.67, 348.73, 1650, 9501, 96, 82, 16064, 254, 78, P2
2026/08/23 14:02:14.971, 345.76, 354.86, 1650, 9501, 97, 84, 16064, 254, 78, P2
2026/08/23 14:02:15.487, 346.89, 347.10, 1650, 9501, 95, 82, 16064, 254, 78, P2
2026/08/23 14:02:16.003, 346.38, 347.76, 1650, 9501, 97, 83, 16064, 254, 78, P2
2026/08/23 14:02:16.516, 347.22, 353.88, 1635, 9501, 97, 83, 16064, 254, 78, P2
2026/08/23 14:02:17.032, 344.93, 373.72, 1665, 9501, 100, 26, 16064, 254, 79, P2
2026/08/23 14:02:17.547, 346.65, 354.17, 1650, 9501, 100, 27, 16064, 254, 80, P2
2026/08/23 14:02:18.063, 348.54, 348.77, 1755, 9501, 100, 27, 16064, 254, 79, P2
2026/08/23 14:02:18.580, 345.96, 348.92, 1620, 9501, 97, 83, 16064, 254, 79, P2
2026/08/23 14:02:19.096, 345.51, 337.83, 1635, 9501, 97, 84, 16064, 254, 79, P2
2026/08/23 14:02:19.610, 345.95, 354.71, 1635, 9501, 97, 83, 16064, 254, 79, P2
2026/08/23 14:02:20.113, 345.40, 334.25, 1635, 9501, 90, 75, 16064, 254, 79, P2
2026/08/23 14:02:20.627, 347.34, 353.33, 1650, 9501, 97, 83, 16064, 254, 79, P2
2026/08/23 14:02:21.140, 345.81, 336.76, 1620, 9501, 96, 83, 16064, 254, 79, P2
2026/08/23 14:02:21.656, 346.95, 351.84, 1650, 9501, 97, 83, 16064, 254, 79, P2
2026/08/23 14:02:22.170, 345.75, 338.49, 1605, 9501, 97, 83, 16064, 254, 79, P2
2026/08/23 14:02:22.686, 347.15, 352.17, 1650, 9501, 97, 82, 16064, 254, 80, P2
2026/08/23 14:02:23.202, 346.26, 342.01, 1620, 9501, 97, 83, 16064, 254, 79, P2
2026/08/23 14:02:23.704, 346.97, 352.69, 1650, 9501, 97, 83, 16064, 254, 80, P2
2026/08/23 14:02:24.206, 346.65, 343.36, 1620, 9501, 97, 83, 16064, 254, 79, P2
2026/08/23 14:02:24.709, 347.15, 356.97, 1650, 9501, 97, 83, 16064, 254, 80, P2
2026/08/23 14:02:25.226, 347.02, 338.69, 1620, 9501, 97, 82, 16064, 254, 79, P2
2026/08/23 14:02:25.730, 347.14, 352.40, 1650, 9501, 96, 82, 16064, 254, 80, P2
2026/08/23 14:02:26.244, 345.51, 334.88, 1650, 9501, 91, 75, 16064, 254, 80, P2
2026/08/23 14:02:26.761, 347.67, 355.83, 1635, 9501, 97, 84, 16064, 254, 80, P2
2026/08/23 14:02:27.280, 346.24, 342.20, 1620, 9501, 97, 82, 16064, 254, 80, P2
2026/08/23 14:02:27.782, 347.27, 352.36, 1650, 9501, 97, 82, 16064, 254, 80, P2
2026/08/23 14:02:28.287, 347.18, 345.77, 1620, 9501, 98, 83, 16064, 254, 80, P2
2026/08/23 14:02:28.789, 347.61, 352.46, 1650, 9501, 97, 83, 16064, 254, 80, P2
2026/08/23 14:02:29.291, 346.88, 344.70, 1620, 9501, 97, 84, 16064, 254, 80, P2
2026/08/23 14:02:29.806, 348.14, 354.65, 1650, 9501, 96, 83, 16064, 254, 80, P2
2026/08/23 14:02:30.322, 347.36, 344.83, 1620, 9501, 97, 84, 16064, 254, 80, P2
2026/08/23 14:02:30.826, 348.16, 355.50, 1650, 9501, 97, 84, 16064, 254, 81, P2
2026/08/23 14:02:31.328, 346.86, 341.70, 1620, 9501, 97, 83, 16064, 254, 80, P2
2026/08/23 14:02:31.833, 348.50, 358.60, 1635, 9501, 97, 83, 16064, 254, 81, P2
2026/08/23 14:02:32.336, 347.53, 345.96, 1605, 9501, 96, 81, 16064, 254, 81, P2
2026/08/23 14:02:32.852, 348.30, 355.97, 1635, 9501, 97, 83, 16064, 254, 81, P2
2026/08/23 14:02:33.368, 347.70, 343.81, 1620, 9501, 97, 82, 16064, 254, 80, P2
2026/08/23 14:02:33.884, 348.36, 352.44, 1635, 9501, 97, 83, 16064, 254, 81, P2
2026/08/23 14:02:34.399, 347.30, 346.36, 1620, 9501, 97, 83, 16064, 254, 81, P2
2026/08/23 14:02:34.914, 348.61, 355.64, 1650, 9501, 97, 83, 16064, 254, 81, P2
2026/08/23 14:02:35.416, 288.45, 165.08, 1920, 9501, 1, 0, 16064, 254, 75, P2
2026/08/23 14:02:35.930, 207.30, 163.73, 1920, 9501, 0, 0, 16064, 254, 74, P2
2026/08/23 14:02:36.435, 164.23, 163.40, 1920, 9501, 0, 0, 16064, 254, 74, P2
2026/08/23 14:02:36.939, 160.13, 125.76, 510, 9501, 0, 0, 1568, 254, 72, P2
2026/08/23 14:02:37.441, 140.88, 121.91, 390, 810, 0, 0, 1568, 254, 70, P5
2026/08/23 14:02:37.957, 92.51, 54.82, 330, 810, 3, 2, 1568, 254, 68, P5
2026/08/23 14:02:38.474, 47.81, 46.42, 210, 810, 2, 1, 1568, 254, 66, P5
2026/08/23 14:02:38.977, 42.68, 34.87, 210, 405, 3, 3, 1568, 254, 66, P8
2026/08/23 14:02:39.479, 39.12, 34.58, 210, 405, 3, 3, 1568, 254, 65, P8
2026/08/23 14:02:39.984, 35.41, 33.64, 210, 405, 2, 11, 1568, 254, 65, P8
2026/08/23 14:02:40.500, 34.71, 33.70, 210, 405, 2, 3, 1568, 254, 65, P8
2026/08/23 14:02:41.004, 34.18, 33.12, 210, 405, 3, 3, 1568, 254, 64, P8
2026/08/23 14:02:41.519, 33.84, 33.05, 210, 405, 3, 3, 1568, 254, 64, P8
2026/08/23 14:02:42.031, 33.87, 33.38, 210, 405, 3, 10, 1568, 254, 64, P8
2026/08/23 14:02:42.546, 33.77, 33.47, 210, 405, 5, 4, 1568, 254, 63, P8
2026/08/23 14:02:43.062, 33.75, 34.78, 210, 405, 5, 4, 1568, 254, 63, P8
2026/08/23 14:02:43.579, 33.81, 34.01, 210, 405, 4, 3, 1568, 254, 63, P8
2026/08/23 14:02:44.095, 33.71, 32.59, 210, 405, 2, 3, 1568, 254, 63, P8
2026/08/23 14:02:44.609, 33.69, 35.78, 210, 405, 4, 4, 1568, 254, 63, P8
2026/08/23 14:02:45.112, 34.08, 32.92, 210, 405, 2, 3, 1568, 254, 62, P8
2026/08/23 14:02:45.624, 33.99, 33.48, 210, 405, 4, 3, 1568, 254, 62, P8
2026/08/23 14:02:46.128, 33.15, 32.04, 210, 405, 2, 11, 1568, 254, 62, P8
2026/08/23 14:02:46.644, 32.85, 33.75, 210, 405, 5, 3, 1568, 254, 62, P8
2026/08/23 14:02:47.159, 32.82, 32.02, 210, 405, 2, 4, 1568, 254, 62, P8
2026/08/23 14:02:47.674, 33.69, 33.64, 210, 405, 4, 3, 1568, 254, 61, P8
2026/08/23 14:02:48.188, 33.43, 33.17, 210, 405, 5, 4, 1568, 254, 61, P8
2026/08/23 14:02:48.691, 33.18, 32.86, 210, 405, 4, 3, 1568, 254, 61, P8
2026/08/23 14:02:49.207, 33.39, 32.52, 210, 405, 2, 3, 1568, 254, 61, P8
2026/08/23 14:02:49.710, 33.32, 31.66, 210, 405, 2, 13, 1568, 254, 61, P8
2026/08/23 14:02:50.227, 32.69, 31.48, 210, 405, 2, 3, 1568, 254, 61, P8
2026/08/23 14:02:50.744, 32.65, 31.95, 210, 405, 3, 6, 1568, 254, 61, P8
2026/08/23 14:02:51.250, 32.74, 32.25, 210, 405, 6, 3, 1568, 254, 60, P8
2026/08/23 14:02:51.754, 32.48, 31.15, 210, 405, 3, 3, 1568, 254, 60, P8
2026/08/23 14:02:52.259, 32.36, 31.18, 210, 405, 3, 5, 1568, 254, 60, P8
2026/08/23 14:02:52.763, 32.10, 32.80, 210, 405, 5, 11, 1568, 254, 60, P8
2026/08/23 14:02:53.269, 31.94, 32.08, 210, 405, 4, 14, 1568, 254, 60, P8
2026/08/23 14:02:53.771, 31.87, 30.53, 210, 405, 3, 3, 1568, 254, 60, P8
2026/08/23 14:02:54.276, 33.04, 41.68, 210, 405, 3, 3, 1568, 254, 60, P8
2026/08/23 14:02:54.779, 33.49, 31.65, 210, 405, 2, 3, 1568, 254, 60, P8
2026/08/23 14:02:55.281, 33.42, 31.07, 210, 405, 2, 3, 1568, 254, 59, P8
2026/08/23 14:02:55.795, 31.97, 30.62, 210, 405, 2, 3, 1568, 254, 59, P8
2026/08/23 14:02:56.299, 32.88, 32.38, 210, 405, 6, 4, 1568, 254, 59, P8
2026/08/23 14:02:56.803, 32.90, 33.46, 210, 405, 10, 5, 1568, 254, 59, P8
2026/08/23 14:02:57.309, 32.72, 31.50, 210, 405, 5, 7, 1568, 254, 59, P8
2026/08/23 14:02:57.822, 32.45, 31.20, 210, 405, 2, 3, 1568, 254, 59, P8
2026/08/23 14:02:58.337, 31.67, 31.60, 1725, 9751, 5, 4, 1794, 254, 59, P0
2026/08/23 14:02:58.854, 67.71, 125.46, 1725, 9501, 9, 1, 1794, 254, 62, P2
2026/08/23 14:02:59.356, 110.25, 124.85, 1725, 9501, 1, 0, 1794, 254, 62, P2
2026/08/23 14:02:59.858, 124.80, 124.94, 1725, 9501, 1, 0, 9794, 254, 63, P2
2026/08/23 14:03:00.364, 126.80, 134.48, 1965, 9501, 98, 6, 14522, 254, 64, P2
2026/08/23 14:03:00.881, 140.84, 154.87, 1965, 9501, 19, 1, 14522, 254, 64, P2
2026/08/23 14:03:01.397, 153.34, 155.27, 1965, 9501, 19, 1, 14522, 254, 64, P2
2026/08/23 14:03:01.901, 154.80, 154.56, 1965, 9501, 18, 1, 14522, 254, 65, P2
2026/08/23 14:03:02.418, 155.01, 154.77, 1725, 9501, 17, 1, 14522, 254, 64, P2
2026/08/23 14:03:02.922, 142.78, 127.42, 1725, 9501, 18, 1, 14522, 254, 63, P2
2026/08/23 14:03:03.438, 130.15, 127.39, 1725, 9501, 18, 1, 14522, 254, 63, P2
2026/08/23 14:03:03.954, 127.25, 126.98, 1725, 9501, 18, 1, 16184, 254, 63, P2
2026/08/23 14:03:04.461, 138.72, 126.70, 1725, 9501, 2, 0, 16184, 254, 64, P2
2026/08/23 14:03:04.965, 128.76, 88.38, 1365, 5001, 3, 0, 16184, 254, 62, P3
2026/08/23 14:03:05.481, 85.63, 84.36, 885, 5001, 2, 0, 16184, 254, 61, P3
2026/08/23 14:03:05.986, 84.24, 83.67, 675, 5001, 2, 0, 16194, 254, 61, P3
2026/08/23 14:03:06.489, 124.61, 306.21, 1695, 9501, 100, 28, 16196, 254, 69, P2
2026/08/23 14:03:06.992, 242.22, 318.74, 1680, 9501, 89, 23, 16198, 254, 73, P2
2026/08/23 14:03:07.507, 340.31, 351.09, 1680, 9501, 82, 67, 16198, 254, 73, P2
2026/08/23 14:03:08.010, 344.46, 338.87, 1680, 9501, 97, 82, 16198, 254, 73, P2
2026/08/23 14:03:08.525, 345.90, 338.04, 1680, 9501, 97, 81, 16198, 254, 73, P2
2026/08/23 14:03:09.042, 345.39, 347.47, 1665, 9501, 97, 84, 16198, 254, 73, P2
2026/08/23 14:03:09.557, 345.88, 342.00, 1665, 9501, 96, 83, 16198, 254, 73, P2
2026/08/23 14:03:10.059, 345.91, 347.99, 1665, 9501, 97, 83, 16198, 254, 74, P2
2026/08/23 14:03:10.561, 345.27, 341.17, 1665, 9501, 97, 81, 16198, 254, 74, P2
2026/08/23 14:03:11.077, 346.07, 349.84, 1650, 9501, 97, 84, 16198, 254, 74, P2
2026/08/23 14:03:11.594, 345.25, 345.53, 1665, 9501, 97, 82, 16198, 254, 74, P2
2026/08/23 14:03:12.096, 345.58, 349.23, 1650, 9501, 97, 83, 16198, 254, 74, P2
2026/08/23 14:03:12.612, 345.76, 348.88, 1665, 9501, 97, 83, 16198, 254, 75, P2
2026/08/23 14:03:13.114, 346.05, 352.59, 1650, 9501, 96, 84, 16198, 254, 75, P2
2026/08/23 14:03:13.629, 345.61, 348.88, 1665, 9501, 97, 82, 16198, 254, 75, P2
2026/08/23 14:03:14.132, 346.51, 355.01, 1650, 9501, 97, 84, 16198, 254, 75, P2
2026/08/23 14:03:14.648, 345.86, 344.53, 1680, 9501, 96, 82, 16198, 254, 75, P2
2026/08/23 14:03:15.162, 345.80, 344.73, 1665, 9501, 97, 84, 16198, 254, 75, P2
2026/08/23 14:03:15.677, 345.80, 351.38, 1665, 9501, 97, 80, 16198, 254, 76, P2
2026/08/23 14:03:16.179, 345.74, 342.54, 1665, 9501, 97, 83, 16198, 254, 76, P2
2026/08/23 14:03:16.681, 347.22, 349.92, 1680, 9501, 97, 80, 16198, 254, 76, P2
2026/08/23 14:03:17.183, 345.76, 346.67, 1665, 9501, 97, 83, 16198, 254, 76, P2
2026/08/23 14:03:17.689, 346.50, 350.68, 1665, 9501, 97, 82, 16198, 254, 76, P2
2026/08/23 14:03:18.205, 346.10, 343.09, 1665, 9501, 97, 82, 16198, 254, 76, P2
2026/08/23 14:03:18.721, 347.22, 357.41, 1650, 9501, 97, 83, 16198, 254, 77, P2
2026/08/23 14:03:19.237, 345.92, 344.08, 1650, 9501, 98, 83, 16198, 254, 76, P2
2026/08/23 14:03:19.740, 347.06, 354.36, 1665, 9501, 97, 83, 16198, 254, 77, P2
2026/08/23 14:03:20.242, 345.63, 340.58, 1650, 9501, 97, 82, 16198, 254, 77, P2
2026/08/23 14:03:20.757, 346.27, 352.56, 1680, 9501, 97, 83, 16198, 254, 77, P2
2026/08/23 14:03:21.271, 346.21, 344.70, 1635, 9501, 97, 83, 16198, 254, 77, P2
2026/08/23 14:03:21.788, 345.92, 340.55, 1650, 9501, 89, 74, 16198, 254, 77, P2
2026/08/23 14:03:22.304, 345.80, 343.46, 1650, 9501, 96, 80, 16198, 254, 77, P2
2026/08/23 14:03:22.818, 345.74, 342.30, 1650, 9501, 97, 81, 16198, 254, 77, P2
2026/08/23 14:03:23.322, 346.28, 346.53, 1650, 9501, 96, 81, 16198, 254, 78, P2
2026/08/23 14:03:23.838, 345.78, 340.82, 1665, 9501, 97, 80, 16198, 254, 77, P2
2026/08/23 14:03:24.354, 335.40, 224.60, 1800, 9501, 97, 82, 16198, 254, 78, P2
2026/08/23 14:03:24.872, 252.81, 160.29, 1935, 9501, 1, 0, 16198, 254, 72, P2
2026/08/23 14:03:25.390, 166.58, 159.39, 1935, 9501, 2, 0, 16198, 254, 71, P2
2026/08/23 14:03:25.906, 159.53, 158.92, 1935, 9501, 3, 0, 16198, 254, 71, P2
2026/08/23 14:03:26.424, 147.39, 114.47, 465, 9501, 0, 0, 16198, 254, 68, P2
2026/08/23 14:03:26.939, 117.93, 87.99, 390, 5001, 7, 1, 16198, 254, 67, P3
2026/08/23 14:03:27.454, 92.57, 85.23, 315, 5001, 4, 0, 16198, 254, 66, P3
2026/08/23 14:03:27.971, 85.91, 84.77, 270, 5001, 3, 0, 16198, 254, 66, P3
2026/08/23 14:03:28.484, 84.69, 84.50, 240, 5001, 5, 0, 16198, 254, 66, P3
2026/08/23 14:03:29.048, 69.66, 40.07, 210, 810, 5, 3, 16198, 254, 64, P5
2026/08/23 14:03:29.565, 42.24, 40.40, 210, 810, 8, 3, 16198, 254, 63, P5
2026/08/23 14:03:30.082, 41.20, 40.29, 210, 810, 5, 3, 16198, 254, 63, P5
2026/08/23 14:03:30.597, 40.50, 40.54, 210, 405, 5, 5, 16198, 254, 63, P8
2026/08/23 14:03:31.103, 38.27, 35.46, 210, 405, 6, 6, 16198, 254, 63, P8
2026/08/23 14:03:31.621, 36.77, 40.00, 210, 405, 12, 7, 16198, 254, 62, P8
2026/08/23 14:03:32.126, 36.05, 35.53, 210, 405, 7, 7, 16198, 254, 62, P8
2026/08/23 14:03:32.630, 35.39, 34.44, 210, 405, 8, 6, 16198, 254, 62, P8
2026/08/23 14:03:33.134, 34.84, 34.26, 210, 405, 5, 5, 16198, 254, 62, P8
2026/08/23 14:03:33.642, 35.21, 34.67, 210, 405, 7, 5, 16198, 254, 62, P8
2026/08/23 14:03:34.160, 35.28, 34.35, 210, 405, 6, 4, 16198, 254, 61, P8
2026/08/23 14:03:34.664, 35.08, 35.31, 210, 405, 7, 9, 16198, 254, 61, P8
2026/08/23 14:03:35.168, 34.80, 34.06, 210, 405, 5, 4, 16198, 254, 61, P8
2026/08/23 14:03:35.683, 34.93, 35.45, 210, 405, 6, 14, 16198, 254, 61, P8
2026/08/23 14:03:36.198, 34.88, 33.52, 210, 405, 3, 13, 16198, 254, 61, P8
2026/08/23 14:03:36.703, 34.44, 32.95, 210, 405, 4, 13, 16198, 254, 61, P8
2026/08/23 14:03:37.217, 33.74, 33.38, 210, 405, 5, 5, 16198, 254, 60, P8
2026/08/23 14:03:37.721, 33.87, 32.51, 210, 405, 2, 4, 16198, 254, 60, P8
2026/08/23 14:03:38.237, 33.98, 33.71, 210, 405, 3, 5, 16198, 254, 60, P8
2026/08/23 14:03:38.744, 33.85, 31.92, 210, 405, 2, 4, 16198, 254, 60, P8
2026/08/23 14:03:39.260, 33.57, 32.57, 210, 405, 4, 5, 16198, 254, 60, P8
2026/08/23 14:03:39.762, 33.54, 33.79, 210, 405, 3, 19, 16198, 254, 60, P8
2026/08/23 14:03:40.267, 33.55, 33.27, 210, 405, 4, 4, 16198, 254, 60, P8
2026/08/23 14:03:40.783, 33.81, 32.67, 210, 405, 9, 7, 16198, 254, 59, P8
2026/08/23 14:03:41.300, 33.72, 32.51, 210, 405, 4, 4, 16198, 254, 59, P8
2026/08/23 14:03:41.817, 33.16, 34.47, 210, 405, 3, 4, 16198, 254, 59, P8
2026/08/23 14:03:42.320, 33.28, 33.76, 210, 405, 5, 5, 16198, 254, 59, P8
2026/08/23 14:03:42.837, 33.41, 32.71, 210, 405, 5, 5, 16198, 254, 59, P8
2026/08/23 14:03:43.353, 33.46, 33.65, 210, 405, 8, 5, 16198, 254, 59, P8
2026/08/23 14:03:43.868, 33.20, 32.58, 210, 405, 4, 5, 16198, 254, 59, P8
2026/08/23 14:03:44.373, 33.11, 32.53, 210, 405, 7, 6, 16198, 254, 59, P8
2026/08/23 14:03:44.876, 33.09, 32.08, 210, 405, 4, 4, 16198, 254, 58, P8
2026/08/23 14:03:45.377, 32.82, 32.41, 210, 405, 6, 6, 16198, 254, 58, P8
2026/08/23 14:03:45.894, 32.59, 32.01, 210, 405, 3, 8, 16198, 254, 58, P8
2026/08/23 14:03:46.411, 32.56, 33.31, 210, 405, 6, 5, 16198, 254, 58, P8
2026/08/23 14:03:46.923, 32.39, 31.76, 210, 405, 4, 5, 16198, 254, 58, P8
2026/08/23 14:03:47.440, 32.99, 36.42, 210, 405, 8, 6, 16198, 254, 58, P8
2026/08/23 14:03:47.958, 33.03, 32.01, 210, 405, 4, 6, 16198, 254, 58, P8
2026/08/23 14:03:48.474, 33.24, 36.28, 210, 405, 3, 4, 16198, 254, 58, P8
2026/08/23 14:03:48.990, 33.52, 33.12, 210, 405, 6, 5, 16198, 254, 58, P8
2026/08/23 14:03:49.494, 32.92, 31.29, 210, 405, 5, 5, 16198, 254, 57, P8
2026/08/23 14:03:50.002, 32.20, 32.35, 210, 405, 5, 5, 16198, 254, 57, P8
2026/08/23 14:03:50.507, 31.99, 31.86, 210, 405, 5, 4, 16198, 254, 57, P8
2026/08/23 14:03:51.011, 32.27, 32.56, 210, 405, 7, 6, 16198, 254, 57, P8
2026/08/23 14:03:51.529, 32.77, 32.39, 210, 405, 5, 5, 16198, 254, 57, P8
2026/08/23 14:03:52.046, 33.05, 32.97, 210, 405, 5, 5, 16198, 254, 57, P8
2026/08/23 14:03:52.564, 32.65, 31.74, 210, 405, 5, 5, 16198, 254, 57, P8
2026/08/23 14:03:53.082, 32.37, 31.28, 210, 405, 5, 5, 16198, 254, 57, P8
2026/08/23 14:03:53.599, 32.21, 31.09, 210, 405, 3, 9, 16198, 254, 57, P8
2026/08/23 14:03:54.104, 32.42, 32.25, 210, 405, 3, 5, 16198, 254, 57, P8
2026/08/23 14:03:54.609, 32.61, 31.36, 210, 405, 3, 4, 16198, 254, 56, P8
2026/08/23 14:03:55.124, 32.87, 33.24, 210, 405, 6, 5, 16198, 254, 56, P8
2026/08/23 14:03:55.642, 32.38, 32.62, 210, 405, 6, 5, 16198, 254, 56, P8
2026/08/23 14:03:56.144, 32.24, 31.30, 210, 405, 4, 4, 16198, 254, 56, P8
2026/08/23 14:03:56.662, 32.06, 31.89, 210, 405, 6, 5, 16198, 254, 56, P8
2026/08/23 14:03:57.167, 31.75, 32.80, 210, 405, 4, 6, 16198, 254, 56, P8
2026/08/23 14:03:57.685, 31.96, 32.94, 210, 405, 6, 5, 16198, 254, 56, P8
2026/08/23 14:03:58.192, 31.84, 31.61, 210, 405, 7, 6, 16198, 254, 56, P8
2026/08/23 14:03:58.700, 31.84, 33.09, 210, 405, 11, 8, 16198, 254, 56, P8
2026/08/23 14:03:59.215, 32.03, 31.57, 210, 405, 3, 4, 16198, 254, 56, P8
2026/08/23 14:03:59.744, 32.12, 33.08, 210, 405, 7, 4, 16198, 254, 56, P8
2026/08/23 14:04:00.247, 31.36, 30.53, 210, 405, 3, 15, 16198, 254, 56, P8
2026/08/23 14:04:00.764, 31.01, 31.86, 210, 405, 6, 3, 16198, 254, 56, P8
2026/08/23 14:04:01.268, 31.14, 32.21, 210, 405, 6, 4, 16198, 254, 55, P8
2026/08/23 14:04:01.772, 31.09, 29.97, 210, 405, 5, 3, 16198, 254, 55, P8
2026/08/23 14:04:02.280, 30.75, 29.22, 210, 405, 4, 11, 16198, 254, 55, P8
2026/08/23 14:04:02.794, 30.35, 29.78, 210, 405, 5, 3, 16198, 254, 55, P8
2026/08/23 14:04:03.298, 30.11, 29.44, 210, 405, 4, 3, 16198, 254, 55, P8
2026/08/23 14:04:03.803, 30.02, 30.60, 210, 405, 6, 5, 16198, 254, 55, P8
2026/08/23 14:04:04.320, 30.10, 29.05, 210, 405, 2, 3, 16198, 254, 55, P8
2026/08/23 14:04:04.837, 30.21, 30.17, 210, 405, 5, 4, 16198, 254, 55, P8
2026/08/23 14:04:05.341, 29.92, 29.86, 210, 405, 6, 3, 16198, 254, 55, P8
2026/08/23 14:04:05.859, 37.42, 58.22, 360, 405, 100, 66, 16198, 254, 56, P2
2026/08/23 14:04:06.364, 177.24, 350.98, 1710, 9501, 100, 29, 16198, 254, 68, P2
2026/08/23 14:04:06.879, 317.00, 339.48, 1620, 9501, 100, 31, 16200, 254, 70, P2
2026/08/23 14:04:07.384, 333.68, 252.65, 1695, 9501, 53, 14, 16200, 254, 68, P2
2026/08/23 14:04:07.899, 333.44, 354.94, 1680, 9501, 100, 29, 16200, 254, 71, P2
2026/08/23 14:04:08.402, 328.87, 356.73, 1680, 9501, 96, 80, 16200, 254, 71, P2
2026/08/23 14:04:08.906, 338.40, 353.21, 1680, 9501, 97, 80, 16200, 254, 71, P2
2026/08/23 14:04:09.409, 345.28, 342.69, 1680, 9501, 96, 79, 16200, 254, 70, P2
2026/08/23 14:04:09.912, 344.71, 353.48, 1680, 9501, 97, 80, 16200, 254, 71, P2
2026/08/23 14:04:10.414, 344.85, 342.28, 1665, 9501, 96, 80, 16200, 254, 71, P2
2026/08/23 14:04:10.929, 345.00, 354.22, 1680, 9501, 96, 79, 16200, 254, 72, P2
2026/08/23 14:04:11.442, 344.16, 333.55, 1650, 9501, 96, 78, 16200, 254, 71, P2
2026/08/23 14:04:11.957, 344.78, 356.43, 1665, 9501, 97, 80, 16200, 254, 72, P2
2026/08/23 14:04:12.459, 344.54, 337.09, 1650, 9501, 96, 79, 16200, 254, 72, P2
2026/08/23 14:04:12.962, 345.68, 349.42, 1680, 9501, 97, 79, 16200, 254, 72, P2
2026/08/23 14:04:13.477, 344.86, 339.04, 1650, 9501, 97, 79, 16200, 254, 72, P2
2026/08/23 14:04:13.991, 344.74, 342.03, 1650, 9501, 97, 79, 16200, 254, 73, P2
2026/08/23 14:04:14.493, 345.71, 352.29, 1680, 9501, 97, 79, 16200, 254, 73, P2
2026/08/23 14:04:14.996, 344.81, 345.50, 1650, 9501, 96, 80, 16200, 254, 73, P2
2026/08/23 14:04:15.512, 346.67, 351.17, 1665, 9501, 96, 78, 16200, 254, 73, P2
2026/08/23 14:04:16.014, 345.13, 342.32, 1650, 9501, 95, 77, 16200, 254, 73, P2
2026/08/23 14:04:16.520, 344.70, 344.54, 1665, 9501, 96, 78, 16200, 254, 73, P2
2026/08/23 14:04:17.036, 344.84, 341.51, 1650, 9501, 95, 78, 16200, 254, 74, P2
2026/08/23 14:04:17.540, 344.57, 349.45, 1665, 9501, 97, 79, 16200, 254, 74, P2
2026/08/23 14:04:18.044, 345.48, 344.36, 1665, 9501, 96, 78, 16200, 254, 74, P2
2026/08/23 14:04:18.545, 346.29, 348.79, 1665, 9501, 96, 78, 16200, 254, 74, P2
2026/08/23 14:04:19.050, 346.09, 349.32, 1650, 9501, 96, 78, 16200, 254, 74, P2
2026/08/23 14:04:19.565, 346.10, 347.57, 1650, 9501, 96, 78, 16200, 254, 74, P2
2026/08/23 14:04:20.082, 345.65, 349.97, 1650, 9501, 95, 78, 16200, 254, 75, P2
2026/08/23 14:04:20.597, 345.87, 346.96, 1680, 9501, 97, 76, 16200, 254, 75, P2
2026/08/23 14:04:21.100, 345.84, 341.46, 1650, 9501, 95, 76, 16200, 254, 75, P2
2026/08/23 14:04:21.615, 345.80, 343.07, 1680, 9501, 96, 76, 16200, 254, 75, P2
2026/08/23 14:04:22.130, 345.07, 337.84, 1650, 9501, 95, 75, 16200, 254, 75, P2
2026/08/23 14:04:22.646, 345.41, 347.96, 1680, 9501, 96, 77, 16200, 254, 75, P2
2026/08/23 14:04:23.163, 345.49, 339.28, 1635, 9501, 96, 75, 16200, 254, 76, P2
2026/08/23 14:04:23.668, 346.14, 350.17, 1680, 9501, 96, 76, 16200, 254, 76, P2
2026/08/23 14:04:24.170, 345.62, 343.55, 1635, 9501, 96, 79, 16200, 254, 76, P2
2026/08/23 14:04:24.675, 345.14, 353.70, 1665, 9501, 92, 75, 16200, 254, 75, P2
2026/08/23 14:04:25.179, 346.56, 349.06, 1635, 9501, 95, 78, 16200, 254, 76, P2
2026/08/23 14:04:25.681, 347.26, 352.55, 1650, 9501, 96, 79, 16200, 254, 76, P2
2026/08/23 14:04:26.195, 346.38, 356.50, 1635, 9501, 96, 80, 16200, 254, 76, P2
2026/08/23 14:04:26.697, 346.88, 350.95, 1650, 9501, 96, 78, 16200, 254, 76, P2
2026/08/23 14:04:27.199, 346.04, 356.38, 1650, 9501, 96, 78, 16200, 254, 77, P2
2026/08/23 14:04:27.715, 335.99, 234.06, 1890, 9501, 38, 32, 16200, 254, 76, P2
2026/08/23 14:04:28.216, 248.94, 157.99, 1935, 9501, 1, 0, 16200, 254, 70, P2
2026/08/23 14:04:28.718, 164.22, 156.68, 1935, 9501, 1, 0, 16200, 254, 69, P2
2026/08/23 14:04:29.234, 156.26, 153.86, 1935, 9501, 0, 0, 16200, 254, 69, P2
2026/08/23 14:04:29.737, 147.58, 113.88, 420, 9501, 2, 0, 16200, 254, 67, P2
2026/08/23 14:04:30.331, 121.92, 86.87, 360, 5001, 3, 0, 1568, 254, 66, P3
2026/08/23 14:04:30.848, 94.31, 86.27, 270, 5001, 2, 0, 1568, 254, 65, P3
2026/08/23 14:04:31.353, 81.98, 46.80, 240, 810, 3, 2, 1568, 254, 64, P5
2026/08/23 14:04:31.870, 59.23, 38.79, 210, 810, 3, 2, 1568, 254, 63, P5
2026/08/23 14:04:32.374, 40.58, 39.69, 210, 810, 3, 2, 1568, 254, 62, P5
2026/08/23 14:04:32.876, 39.15, 38.54, 210, 810, 3, 2, 1568, 254, 62, P5
2026/08/23 14:04:33.379, 37.55, 33.82, 210, 405, 5, 10, 1568, 254, 62, P8
2026/08/23 14:04:33.882, 35.18, 33.81, 210, 405, 5, 5, 1568, 254, 62, P8
2026/08/23 14:04:34.395, 33.94, 33.15, 210, 405, 7, 5, 1568, 254, 61, P8
2026/08/23 14:04:34.912, 33.40, 34.41, 210, 405, 7, 5, 1568, 254, 61, P8
2026/08/23 14:04:35.427, 33.65, 34.09, 210, 405, 6, 4, 1568, 254, 61, P8
2026/08/23 14:04:35.933, 34.54, 37.03, 210, 405, 6, 4, 1568, 254, 61, P8
2026/08/23 14:04:36.449, 33.99, 33.92, 210, 405, 7, 12, 1568, 254, 61, P8
2026/08/23 14:04:36.967, 33.14, 31.47, 210, 405, 2, 3, 1568, 254, 60, P8
2026/08/23 14:04:37.482, 32.91, 33.26, 210, 405, 4, 3, 1568, 254, 60, P8
2026/08/23 14:04:38.001, 32.32, 32.00, 210, 405, 2, 3, 1568, 254, 60, P8
2026/08/23 14:04:38.517, 32.04, 32.72, 210, 405, 8, 4, 1568, 254, 60, P8
2026/08/23 14:04:39.034, 32.25, 31.57, 210, 405, 3, 6, 1568, 254, 60, P8
2026/08/23 14:04:39.548, 32.39, 31.81, 210, 405, 5, 4, 1568, 254, 59, P8
2026/08/23 14:04:40.064, 32.20, 32.43, 210, 405, 3, 3, 1568, 254, 59, P8
2026/08/23 14:04:40.567, 32.31, 35.06, 210, 405, 18, 7, 1568, 254, 59, P8
2026/08/23 14:04:41.082, 33.59, 32.53, 210, 405, 4, 3, 1568, 254, 59, P8
2026/08/23 14:04:41.586, 34.68, 34.28, 210, 405, 5, 4, 1568, 254, 59, P8
2026/08/23 14:04:42.103, 34.25, 32.56, 210, 405, 8, 5, 1568, 254, 59, P8
2026/08/23 14:04:42.621, 33.31, 31.54, 210, 405, 9, 8, 1568, 254, 59, P8
2026/08/23 14:04:43.124, 32.19, 30.79, 210, 405, 3, 3, 1568, 254, 58, P8
2026/08/23 14:04:43.642, 32.06, 33.25, 210, 405, 6, 4, 1568, 254, 58, P8
2026/08/23 14:04:44.146, 32.67, 33.36, 210, 405, 9, 5, 1568, 254, 58, P8
2026/08/23 14:04:44.664, 32.74, 32.45, 210, 405, 8, 5, 1568, 254, 58, P8
2026/08/23 14:04:45.177, 32.16, 30.32, 210, 405, 2, 3, 1568, 254, 58, P8
2026/08/23 14:04:45.693, 31.99, 33.34, 210, 405, 9, 5, 1568, 254, 58, P8
2026/08/23 14:04:46.208, 31.72, 33.46, 210, 405, 9, 13, 1568, 254, 58, P8
2026/08/23 14:04:46.724, 32.19, 32.85, 210, 405, 7, 5, 1568, 254, 58, P8
2026/08/23 14:04:47.228, 31.93, 31.90, 210, 405, 2, 3, 1568, 254, 58, P8
2026/08/23 14:04:47.730, 31.75, 34.55, 210, 405, 15, 7, 1568, 254, 57, P8
2026/08/23 14:04:48.245, 32.40, 32.98, 210, 405, 8, 5, 1568, 254, 57, P8
2026/08/23 14:04:48.760, 32.89, 34.67, 210, 405, 16, 7, 1568, 254, 57, P8
2026/08/23 14:04:49.275, 32.94, 30.42, 210, 405, 2, 3, 1568, 254, 57, P8
2026/08/23 14:04:49.777, 33.12, 34.43, 210, 405, 17, 7, 1568, 254, 57, P8
2026/08/23 14:04:50.293, 32.88, 31.76, 210, 405, 8, 6, 1568, 254, 57, P8
2026/08/23 14:04:50.809, 32.96, 31.92, 210, 405, 6, 10, 1568, 254, 57, P8
2026/08/23 14:04:51.314, 32.27, 32.48, 210, 405, 7, 8, 1568, 254, 57, P8
2026/08/23 14:04:51.831, 31.90, 31.88, 210, 405, 5, 5, 1568, 254, 57, P8
2026/08/23 14:04:52.335, 31.80, 32.62, 210, 405, 3, 5, 1568, 254, 56, P8
2026/08/23 14:04:52.839, 32.00, 32.84, 210, 405, 5, 5, 1568, 254, 56, P8
2026/08/23 14:04:53.343, 32.06, 31.58, 210, 405, 4, 5, 1568, 254, 56, P8
2026/08/23 14:04:53.844, 31.88, 31.14, 210, 405, 5, 5, 1568, 254, 56, P8
2026/08/23 14:04:54.346, 31.65, 30.75, 210, 405, 4, 12, 1568, 254, 56, P8
2026/08/23 14:04:54.853, 31.49, 31.98, 210, 405, 4, 5, 1568, 254, 56, P8
2026/08/23 14:04:55.370, 31.88, 33.65, 210, 405, 5, 5, 1568, 254, 56, P8
2026/08/23 14:04:55.877, 31.81, 31.80, 210, 405, 6, 7, 1568, 254, 56, P8
2026/08/23 14:04:56.396, 31.52, 30.65, 210, 405, 3, 4, 1568, 254, 56, P8
2026/08/23 14:04:56.909, 32.16, 32.33, 210, 405, 6, 6, 1568, 254, 56, P8
2026/08/23 14:04:57.416, 32.36, 32.17, 210, 405, 5, 5, 1568, 254, 56, P8
2026/08/23 14:04:57.920, 31.81, 31.88, 210, 405, 5, 5, 1568, 254, 56, P8
2026/08/23 14:04:58.425, 31.49, 32.29, 210, 405, 7, 5, 1568, 254, 56, P8
2026/08/23 14:04:58.929, 31.84, 32.58, 210, 405, 4, 5, 1568, 254, 55, P8
2026/08/23 14:04:59.434, 31.81, 31.14, 210, 405, 6, 12, 1568, 254, 55, P8
2026/08/23 14:04:59.951, 31.69, 31.06, 210, 405, 5, 12, 1568, 254, 55, P8
2026/08/23 14:05:00.463, 31.59, 34.24, 210, 405, 10, 7, 1568, 254, 55, P8
2026/08/23 14:05:00.981, 31.57, 31.39, 210, 405, 5, 5, 1578, 254, 55, P8
2026/08/23 14:05:01.498, 66.70, 122.47, 1725, 9751, 1, 0, 1568, 254, 58, P0
2026/08/23 14:05:02.005, 108.29, 122.59, 1725, 9751, 1, 0, 1568, 254, 59, P0
2026/08/23 14:05:02.507, 122.63, 122.57, 1725, 9751, 1, 0, 1568, 254, 59, P0
2026/08/23 14:05:03.016, 122.81, 122.74, 1725, 9751, 0, 0, 1568, 254, 59, P0
2026/08/23 14:05:03.531, 96.84, 46.19, 345, 810, 2, 2, 1568, 254, 57, P5
2026/08/23 14:05:04.034, 53.60, 39.57, 285, 810, 3, 3, 1568, 254, 56, P5
2026/08/23 14:05:04.539, 38.83, 37.35, 225, 405, 3, 3, 1568, 254, 55, P8
2026/08/23 14:05:05.044, 33.65, 30.48, 210, 405, 5, 5, 1568, 254, 55, P8
2026/08/23 14:05:05.549, 31.46, 31.58, 210, 405, 6, 6, 1568, 254, 55, P8
2026/08/23 14:05:06.053, 30.79, 30.82, 210, 405, 5, 5, 1568, 254, 55, P8
2026/08/23 14:05:06.559, 31.47, 32.53, 210, 405, 5, 10, 1568, 254, 55, P8
2026/08/23 14:05:07.076, 31.53, 31.74, 210, 405, 4, 5, 1568, 254, 55, P8
2026/08/23 14:05:07.582, 31.35, 31.88, 210, 405, 5, 15, 1568, 254, 55, P8
2026/08/23 14:05:08.098, 31.01, 29.62, 210, 405, 3, 7, 1568, 254, 54, P8
2026/08/23 14:05:08.605, 30.86, 30.88, 210, 405, 5, 5, 1568, 254, 54, P8
2026/08/23 14:05:09.109, 30.61, 29.35, 210, 405, 3, 5, 1568, 254, 54, P8
2026/08/23 14:05:09.625, 30.32, 29.97, 210, 405, 6, 5, 1568, 254, 54, P8
2026/08/23 14:05:10.129, 30.29, 29.97, 210, 405, 3, 5, 1568, 254, 54, P8
2026/08/23 14:05:10.647, 30.87, 31.86, 210, 405, 6, 5, 1568, 254, 54, P8
2026/08/23 14:05:11.151, 30.90, 30.32, 210, 405, 4, 5, 1568, 254, 54, P8
2026/08/23 14:05:11.657, 30.93, 31.75, 210, 405, 8, 7, 1568, 254, 54, P8
2026/08/23 14:05:12.164, 31.17, 34.05, 210, 405, 3, 4, 1568, 254, 54, P8
2026/08/23 14:05:12.679, 31.71, 32.78, 210, 405, 6, 6, 1568, 254, 54, P8
2026/08/23 14:05:13.183, 31.53, 31.87, 210, 405, 3, 4, 1568, 254, 54, P8
2026/08/23 14:05:13.697, 31.60, 33.02, 210, 405, 7, 6, 1568, 254, 54, P8
2026/08/23 14:05:14.200, 31.43, 31.25, 210, 405, 3, 4, 1568, 254, 54, P8
2026/08/23 14:05:14.716, 31.22, 32.62, 210, 405, 6, 6, 1568, 254, 54, P8
2026/08/23 14:05:15.231, 30.84, 30.40, 210, 405, 5, 5, 1568, 254, 53, P8
2026/08/23 14:05:15.736, 30.35, 30.06, 210, 405, 4, 5, 1568, 254, 53, P8
2026/08/23 14:05:16.251, 29.99, 28.79, 210, 405, 2, 4, 1568, 254, 53, P8
2026/08/23 14:05:16.790, 30.17, 30.63, 210, 405, 3, 5, 1568, 254, 53, P8
2026/08/23 14:05:17.294, 30.74, 29.53, 210, 405, 2, 4, 1568, 254, 53, P8
2026/08/23 14:05:17.800, 30.73, 30.04, 210, 405, 5, 5, 1568, 254, 53, P8
2026/08/23 14:05:18.306, 30.49, 30.26, 210, 405, 3, 4, 1792, 254, 53, P8
2026/08/23 14:05:18.810, 48.90, 119.30, 1725, 9501, 1, 0, 1792, 254, 56, P2
2026/08/23 14:05:19.316, 89.40, 119.84, 1725, 9501, 1, 0, 1568, 254, 57, P2
2026/08/23 14:05:19.820, 120.25, 121.21, 1725, 9751, 1, 0, 1568, 254, 57, P0
2026/08/23 14:05:20.325, 121.00, 121.25, 1725, 9751, 1, 0, 1568, 254, 57, P0
2026/08/23 14:05:20.828, 121.19, 121.29, 1725, 9751, 1, 0, 1568, 254, 58, P0
