OpenVINO: using device CPU
llama_model_loader: loaded meta data with 42 key-value pairs and 601 tensors from /mnt/c/Users/chink/.lmstudio/models/lmstudio-community/gemma-4-E2B-it-GGUF/gemma-4-E2B-it-Q6_K.gguf (version GGUF V3 (latest))
llama_model_loader: Dumping metadata keys/values. Note: KV overrides do not apply in this output.
llama_model_loader: - kv   0:                       general.architecture str              = gemma4
llama_model_loader: - kv   1:                               general.type str              = model
llama_model_loader: - kv   2:                     general.sampling.top_k i32              = 64
llama_model_loader: - kv   3:                     general.sampling.top_p f32              = 0.950000
llama_model_loader: - kv   4:                      general.sampling.temp f32              = 1.000000
llama_model_loader: - kv   5:                               general.name str              = Gemma 4 E2B
llama_model_loader: - kv   6:                         general.size_label str              = 4.6B
llama_model_loader: - kv   7:                         gemma4.block_count u32              = 35
llama_model_loader: - kv   8:                      gemma4.context_length u32              = 131072
llama_model_loader: - kv   9:                    gemma4.embedding_length u32              = 1536
llama_model_loader: - kv  10:                 gemma4.feed_forward_length arr[i32,35]      = [6144, 6144, 6144, 6144, 6144, 6144, ...
llama_model_loader: - kv  11:                gemma4.attention.head_count u32              = 8
llama_model_loader: - kv  12:             gemma4.attention.head_count_kv u32              = 1
llama_model_loader: - kv  13:                      gemma4.rope.freq_base f32              = 1000000.000000
llama_model_loader: - kv  14:                  gemma4.rope.freq_base_swa f32              = 10000.000000
llama_model_loader: - kv  15:    gemma4.attention.layer_norm_rms_epsilon f32              = 0.000001
llama_model_loader: - kv  16:                gemma4.attention.key_length u32              = 512
llama_model_loader: - kv  17:              gemma4.attention.value_length u32              = 512
llama_model_loader: - kv  18:             gemma4.final_logit_softcapping f32              = 30.000000
llama_model_loader: - kv  19:            gemma4.attention.sliding_window u32              = 512
llama_model_loader: - kv  20:          gemma4.attention.shared_kv_layers u32              = 20
llama_model_loader: - kv  21:    gemma4.embedding_length_per_layer_input u32              = 256
llama_model_loader: - kv  22:    gemma4.attention.sliding_window_pattern arr[bool,35]     = [true, true, true, true, false, true,...
llama_model_loader: - kv  23:            gemma4.attention.key_length_swa u32              = 256
llama_model_loader: - kv  24:          gemma4.attention.value_length_swa u32              = 256
llama_model_loader: - kv  25:                gemma4.rope.dimension_count u32              = 512
llama_model_loader: - kv  26:            gemma4.rope.dimension_count_swa u32              = 256
llama_model_loader: - kv  27:                       tokenizer.ggml.model str              = gemma4
llama_model_loader: - kv  28:                      tokenizer.ggml.tokens arr[str,262144]  = ["<pad>", "<eos>", "<bos>", "<unk>", ...
llama_model_loader: - kv  29:                      tokenizer.ggml.scores arr[f32,262144]  = [-1000.000000, -1000.000000, -1000.00...
llama_model_loader: - kv  30:                  tokenizer.ggml.token_type arr[i32,262144]  = [3, 3, 3, 3, 3, 1, 1, 1, 1, 1, 1, 1, ...
llama_model_loader: - kv  31:                      tokenizer.ggml.merges arr[str,514906]  = ["\n\n\n\n\n\n\n\n\n\n\n\n\n\n\n\n\n\n\n\n\n\n\n\n\n\n\n\n\n\n \n", ...
llama_model_loader: - kv  32:                tokenizer.ggml.bos_token_id u32              = 2
llama_model_loader: - kv  33:                tokenizer.ggml.eos_token_id u32              = 1
llama_model_loader: - kv  34:            tokenizer.ggml.unknown_token_id u32              = 3
llama_model_loader: - kv  35:            tokenizer.ggml.padding_token_id u32              = 0
llama_model_loader: - kv  36:               tokenizer.ggml.mask_token_id u32              = 4
llama_model_loader: - kv  37:                    tokenizer.chat_template str              = {#\n  Template: Google Gemma 4 Canonic...
llama_model_loader: - kv  38:            tokenizer.ggml.add_space_prefix bool             = false
llama_model_loader: - kv  39:               tokenizer.ggml.add_bos_token bool             = true
llama_model_loader: - kv  40:               general.quantization_version u32              = 2
llama_model_loader: - kv  41:                          general.file_type u32              = 18
llama_model_loader: - type  f32:  283 tensors
llama_model_loader: - type q6_K:  317 tensors
llama_model_loader: - type bf16:    1 tensors
print_info: file format = GGUF V3 (latest)
print_info: file type   = Q6_K
print_info: file size   = 3.57 GiB (6.59 BPW) 
llama_prepare_model_devices: using device OPENVINO0 (OpenVINO Runtime) (unknown id) - 15900 MiB free
init_tokenizer: initializing tokenizer for type 2
load: 0 unused tokens
load: control token: 258884 '<|video|>' is not marked as EOG
load: control token: 255999 '<|image>' is not marked as EOG
load: control token: 258882 '<image|>' is not marked as EOG
load: control token: 258883 '<audio|>' is not marked as EOG
load: control token:     98 '<|think|>' is not marked as EOG
load: control token:    105 '<|turn>' is not marked as EOG
load: control token: 258880 '<|image|>' is not marked as EOG
load: control token:      2 '<bos>' is not marked as EOG
load: control-looking token:    212 '</s>' was not control-type; this is probably a bug in the model. its type will be overridden
load: control token:      0 '<pad>' is not marked as EOG
load: control-looking token:     50 '<|tool_response>' was not control-type; this is probably a bug in the model. its type will be overridden
load: control token:     46 '<|tool>' is not marked as EOG
load: control token:     47 '<tool|>' is not marked as EOG
load: control token: 256000 '<|audio>' is not marked as EOG
load: control token:      3 '<unk>' is not marked as EOG
load: control token: 258881 '<|audio|>' is not marked as EOG
load: control token:      4 '<mask>' is not marked as EOG
load: printing all EOG tokens:
load:   - 1 ('<eos>')
load:   - 50 ('<|tool_response>')
load:   - 106 ('<turn|>')
load:   - 212 ('</s>')
load: special_eog_ids contains '<|tool_response>', removing '</s>' token from EOG list
load: special tokens cache size = 24
load: token to piece cache size = 1.9445 MB
print_info: arch                  = gemma4
print_info: vocab_only            = 0
print_info: no_alloc              = 0
print_info: n_ctx_train           = 131072
print_info: n_embd_inp            = 1536
print_info: n_embd                = 1536
print_info: n_embd_out            = 1536
print_info: n_layer               = 35
print_info: n_layer_all           = 35
print_info: n_head                = 8
print_info: n_head_kv             = 1
print_info: n_rot                 = 512
print_info: n_swa                 = 512
print_info: is_swa_any            = 1
print_info: n_embd_head_k         = 512
print_info: n_embd_head_v         = 512
print_info: n_gqa                 = 8
print_info: n_embd_k_gqa          = [256, 256, 256, 256, 512, 256, 256, 256, 256, 512, 256, 256, 256, 256, 512, 256, 256, 256, 256, 512, 256, 256, 256, 256, 512, 256, 256, 256, 256, 512, 256, 256, 256, 256, 512]
print_info: n_embd_v_gqa          = [256, 256, 256, 256, 512, 256, 256, 256, 256, 512, 256, 256, 256, 256, 512, 256, 256, 256, 256, 512, 256, 256, 256, 256, 512, 256, 256, 256, 256, 512, 256, 256, 256, 256, 512]
print_info: f_norm_eps            = 0.0e+00
print_info: f_norm_rms_eps        = 1.0e-06
print_info: f_clamp_kqv           = 0.0e+00
print_info: f_max_alibi_bias      = 0.0e+00
print_info: f_logit_scale         = 0.0e+00
print_info: f_attn_scale          = 1.0e+00
print_info: f_attn_value_scale    = 0.0000
print_info: n_ff                  = [6144, 6144, 6144, 6144, 6144, 6144, 6144, 6144, 6144, 6144, 6144, 6144, 6144, 6144, 6144, 12288, 12288, 12288, 12288, 12288, 12288, 12288, 12288, 12288, 12288, 12288, 12288, 12288, 12288, 12288, 12288, 12288, 12288, 12288, 12288]
print_info: n_expert              = 0
print_info: n_expert_used         = 0
print_info: n_expert_groups       = 0
print_info: n_group_used          = 0
print_info: causal attn           = 1
print_info: pooling type          = -1
print_info: rope type             = 2
print_info: rope scaling          = linear
print_info: freq_base_train       = 1000000.0
print_info: freq_scale_train      = 1
print_info: freq_base_swa         = 10000.0
print_info: freq_scale_swa        = 1
print_info: n_embd_head_k_swa     = 256
print_info: n_embd_head_v_swa     = 256
print_info: n_rot_swa             = 256
print_info: n_ctx_orig_yarn       = 131072
print_info: rope_yarn_log_mul     = 0.0000
print_info: rope_finetuned        = unknown
print_info: model type            = E2B
print_info: model params          = 4.65 B
print_info: general.name          = Gemma 4 E2B
print_info: vocab type            = BPE
print_info: n_vocab               = 262144
print_info: n_merges              = 514906
print_info: BOS token             = 2 '<bos>'
print_info: EOS token             = 1 '<eos>'
print_info: UNK token             = 3 '<unk>'
print_info: PAD token             = 0 '<pad>'
print_info: MASK token            = 4 '<mask>'
print_info: LF token              = 107 '
'
print_info: EOG token             = 1 '<eos>'
print_info: EOG token             = 50 '<|tool_response>'
print_info: EOG token             = 106 '<turn|>'
print_info: max token length      = 93
load_tensors: loading model tensors, this can take a while... (load_mode = mmap)
load_tensors: layer   0 assigned to device OPENVINO0, is_swa = 1
load_tensors: layer   1 assigned to device OPENVINO0, is_swa = 1
load_tensors: layer   2 assigned to device OPENVINO0, is_swa = 1
load_tensors: layer   3 assigned to device OPENVINO0, is_swa = 1
load_tensors: layer   4 assigned to device OPENVINO0, is_swa = 0
load_tensors: layer   5 assigned to device OPENVINO0, is_swa = 1
load_tensors: layer   6 assigned to device OPENVINO0, is_swa = 1
load_tensors: layer   7 assigned to device OPENVINO0, is_swa = 1
load_tensors: layer   8 assigned to device OPENVINO0, is_swa = 1
load_tensors: layer   9 assigned to device OPENVINO0, is_swa = 0
load_tensors: layer  10 assigned to device OPENVINO0, is_swa = 1
load_tensors: layer  11 assigned to device OPENVINO0, is_swa = 1
load_tensors: layer  12 assigned to device OPENVINO0, is_swa = 1
load_tensors: layer  13 assigned to device OPENVINO0, is_swa = 1
load_tensors: layer  14 assigned to device OPENVINO0, is_swa = 0
load_tensors: layer  15 assigned to device OPENVINO0, is_swa = 1
load_tensors: layer  16 assigned to device OPENVINO0, is_swa = 1
load_tensors: layer  17 assigned to device OPENVINO0, is_swa = 1
load_tensors: layer  18 assigned to device OPENVINO0, is_swa = 1
load_tensors: layer  19 assigned to device OPENVINO0, is_swa = 0
load_tensors: layer  20 assigned to device OPENVINO0, is_swa = 1
load_tensors: layer  21 assigned to device OPENVINO0, is_swa = 1
load_tensors: layer  22 assigned to device OPENVINO0, is_swa = 1
load_tensors: layer  23 assigned to device OPENVINO0, is_swa = 1
load_tensors: layer  24 assigned to device OPENVINO0, is_swa = 0
load_tensors: layer  25 assigned to device OPENVINO0, is_swa = 1
load_tensors: layer  26 assigned to device OPENVINO0, is_swa = 1
load_tensors: layer  27 assigned to device OPENVINO0, is_swa = 1
load_tensors: layer  28 assigned to device OPENVINO0, is_swa = 1
load_tensors: layer  29 assigned to device OPENVINO0, is_swa = 0
load_tensors: layer  30 assigned to device OPENVINO0, is_swa = 1
load_tensors: layer  31 assigned to device OPENVINO0, is_swa = 1
load_tensors: layer  32 assigned to device OPENVINO0, is_swa = 1
load_tensors: layer  33 assigned to device OPENVINO0, is_swa = 1
load_tensors: layer  34 assigned to device OPENVINO0, is_swa = 0
load_tensors: layer  35 assigned to device OPENVINO0, is_swa = 0
create_tensor: loading tensor output.weight
create_tensor: loading tensor token_embd.weight
create_tensor: loading tensor token_embd.weight
create_tensor: loading tensor per_layer_token_embd.weight
create_tensor: loading tensor per_layer_model_proj.weight
create_tensor: loading tensor per_layer_proj_norm.weight
create_tensor: loading tensor output_norm.weight
create_tensor: loading tensor blk.0.attn_norm.weight
create_tensor: loading tensor blk.0.attn_q.weight
create_tensor: loading tensor blk.0.attn_k.weight
create_tensor: loading tensor blk.0.attn_v.weight
create_tensor: loading tensor blk.0.attn_output.weight
create_tensor: loading tensor blk.0.attn_q_norm.weight
create_tensor: loading tensor blk.0.attn_k_norm.weight
create_tensor: loading tensor blk.0.post_attention_norm.weight
create_tensor: loading tensor blk.0.layer_output_scale.weight
create_tensor: loading tensor blk.0.ffn_norm.weight
create_tensor: loading tensor blk.0.ffn_gate.weight
create_tensor: loading tensor blk.0.ffn_up.weight
create_tensor: loading tensor blk.0.ffn_down.weight
create_tensor: loading tensor blk.0.post_ffw_norm.weight
create_tensor: loading tensor blk.0.ffn_gate_inp.weight
create_tensor: loading tensor blk.0.inp_gate.weight
create_tensor: loading tensor blk.0.proj.weight
create_tensor: loading tensor blk.0.post_norm.weight
create_tensor: loading tensor blk.1.attn_norm.weight
create_tensor: loading tensor blk.1.attn_q.weight
create_tensor: loading tensor blk.1.attn_k.weight
create_tensor: loading tensor blk.1.attn_v.weight
create_tensor: loading tensor blk.1.attn_output.weight
create_tensor: loading tensor blk.1.attn_q_norm.weight
create_tensor: loading tensor blk.1.attn_k_norm.weight
create_tensor: loading tensor blk.1.post_attention_norm.weight
create_tensor: loading tensor blk.1.layer_output_scale.weight
create_tensor: loading tensor blk.1.ffn_norm.weight
create_tensor: loading tensor blk.1.ffn_gate.weight
create_tensor: loading tensor blk.1.ffn_up.weight
create_tensor: loading tensor blk.1.ffn_down.weight
create_tensor: loading tensor blk.1.post_ffw_norm.weight
create_tensor: loading tensor blk.1.ffn_gate_inp.weight
create_tensor: loading tensor blk.1.inp_gate.weight
create_tensor: loading tensor blk.1.proj.weight
create_tensor: loading tensor blk.1.post_norm.weight
create_tensor: loading tensor blk.2.attn_norm.weight
create_tensor: loading tensor blk.2.attn_q.weight
create_tensor: loading tensor blk.2.attn_k.weight
create_tensor: loading tensor blk.2.attn_v.weight
create_tensor: loading tensor blk.2.attn_output.weight
create_tensor: loading tensor blk.2.attn_q_norm.weight
create_tensor: loading tensor blk.2.attn_k_norm.weight
create_tensor: loading tensor blk.2.post_attention_norm.weight
create_tensor: loading tensor blk.2.layer_output_scale.weight
create_tensor: loading tensor blk.2.ffn_norm.weight
create_tensor: loading tensor blk.2.ffn_gate.weight
create_tensor: loading tensor blk.2.ffn_up.weight
create_tensor: loading tensor blk.2.ffn_down.weight
create_tensor: loading tensor blk.2.post_ffw_norm.weight
create_tensor: loading tensor blk.2.ffn_gate_inp.weight
create_tensor: loading tensor blk.2.inp_gate.weight
create_tensor: loading tensor blk.2.proj.weight
create_tensor: loading tensor blk.2.post_norm.weight
create_tensor: loading tensor blk.3.attn_norm.weight
create_tensor: loading tensor blk.3.attn_q.weight
create_tensor: loading tensor blk.3.attn_k.weight
create_tensor: loading tensor blk.3.attn_v.weight
create_tensor: loading tensor blk.3.attn_output.weight
create_tensor: loading tensor blk.3.attn_q_norm.weight
create_tensor: loading tensor blk.3.attn_k_norm.weight
create_tensor: loading tensor blk.3.post_attention_norm.weight
create_tensor: loading tensor blk.3.layer_output_scale.weight
create_tensor: loading tensor blk.3.ffn_norm.weight
create_tensor: loading tensor blk.3.ffn_gate.weight
create_tensor: loading tensor blk.3.ffn_up.weight
create_tensor: loading tensor blk.3.ffn_down.weight
create_tensor: loading tensor blk.3.post_ffw_norm.weight
create_tensor: loading tensor blk.3.ffn_gate_inp.weight
create_tensor: loading tensor blk.3.inp_gate.weight
create_tensor: loading tensor blk.3.proj.weight
create_tensor: loading tensor blk.3.post_norm.weight
create_tensor: loading tensor blk.4.attn_norm.weight
create_tensor: loading tensor blk.4.attn_q.weight
create_tensor: loading tensor blk.4.attn_k.weight
create_tensor: loading tensor blk.4.attn_v.weight
create_tensor: loading tensor blk.4.attn_output.weight
create_tensor: loading tensor blk.4.attn_q_norm.weight
create_tensor: loading tensor blk.4.attn_k_norm.weight
create_tensor: loading tensor blk.4.post_attention_norm.weight
create_tensor: loading tensor blk.4.layer_output_scale.weight
create_tensor: loading tensor rope_freqs.weight
create_tensor: loading tensor blk.4.ffn_norm.weight
create_tensor: loading tensor blk.4.ffn_gate.weight
create_tensor: loading tensor blk.4.ffn_up.weight
create_tensor: loading tensor blk.4.ffn_down.weight
create_tensor: loading tensor blk.4.post_ffw_norm.weight
create_tensor: loading tensor blk.4.ffn_gate_inp.weight
create_tensor: loading tensor blk.4.inp_gate.weight
create_tensor: loading tensor blk.4.proj.weight
create_tensor: loading tensor blk.4.post_norm.weight
create_tensor: loading tensor blk.5.attn_norm.weight
create_tensor: loading tensor blk.5.attn_q.weight
create_tensor: loading tensor blk.5.attn_k.weight
create_tensor: loading tensor blk.5.attn_v.weight
create_tensor: loading tensor blk.5.attn_output.weight
create_tensor: loading tensor blk.5.attn_q_norm.weight
create_tensor: loading tensor blk.5.attn_k_norm.weight
create_tensor: loading tensor blk.5.post_attention_norm.weight
create_tensor: loading tensor blk.5.layer_output_scale.weight
create_tensor: loading tensor blk.5.ffn_norm.weight
create_tensor: loading tensor blk.5.ffn_gate.weight
create_tensor: loading tensor blk.5.ffn_up.weight
create_tensor: loading tensor blk.5.ffn_down.weight
create_tensor: loading tensor blk.5.post_ffw_norm.weight
create_tensor: loading tensor blk.5.ffn_gate_inp.weight
create_tensor: loading tensor blk.5.inp_gate.weight
create_tensor: loading tensor blk.5.proj.weight
create_tensor: loading tensor blk.5.post_norm.weight
create_tensor: loading tensor blk.6.attn_norm.weight
create_tensor: loading tensor blk.6.attn_q.weight
create_tensor: loading tensor blk.6.attn_k.weight
create_tensor: loading tensor blk.6.attn_v.weight
create_tensor: loading tensor blk.6.attn_output.weight
create_tensor: loading tensor blk.6.attn_q_norm.weight
create_tensor: loading tensor blk.6.attn_k_norm.weight
create_tensor: loading tensor blk.6.post_attention_norm.weight
create_tensor: loading tensor blk.6.layer_output_scale.weight
create_tensor: loading tensor blk.6.ffn_norm.weight
create_tensor: loading tensor blk.6.ffn_gate.weight
create_tensor: loading tensor blk.6.ffn_up.weight
create_tensor: loading tensor blk.6.ffn_down.weight
create_tensor: loading tensor blk.6.post_ffw_norm.weight
create_tensor: loading tensor blk.6.ffn_gate_inp.weight
create_tensor: loading tensor blk.6.inp_gate.weight
create_tensor: loading tensor blk.6.proj.weight
create_tensor: loading tensor blk.6.post_norm.weight
create_tensor: loading tensor blk.7.attn_norm.weight
create_tensor: loading tensor blk.7.attn_q.weight
create_tensor: loading tensor blk.7.attn_k.weight
create_tensor: loading tensor blk.7.attn_v.weight
create_tensor: loading tensor blk.7.attn_output.weight
create_tensor: loading tensor blk.7.attn_q_norm.weight
create_tensor: loading tensor blk.7.attn_k_norm.weight
create_tensor: loading tensor blk.7.post_attention_norm.weight
create_tensor: loading tensor blk.7.layer_output_scale.weight
create_tensor: loading tensor blk.7.ffn_norm.weight
create_tensor: loading tensor blk.7.ffn_gate.weight
create_tensor: loading tensor blk.7.ffn_up.weight
create_tensor: loading tensor blk.7.ffn_down.weight
create_tensor: loading tensor blk.7.post_ffw_norm.weight
create_tensor: loading tensor blk.7.ffn_gate_inp.weight
create_tensor: loading tensor blk.7.inp_gate.weight
create_tensor: loading tensor blk.7.proj.weight
create_tensor: loading tensor blk.7.post_norm.weight
create_tensor: loading tensor blk.8.attn_norm.weight
create_tensor: loading tensor blk.8.attn_q.weight
create_tensor: loading tensor blk.8.attn_k.weight
create_tensor: loading tensor blk.8.attn_v.weight
create_tensor: loading tensor blk.8.attn_output.weight
create_tensor: loading tensor blk.8.attn_q_norm.weight
create_tensor: loading tensor blk.8.attn_k_norm.weight
create_tensor: loading tensor blk.8.post_attention_norm.weight
create_tensor: loading tensor blk.8.layer_output_scale.weight
create_tensor: loading tensor blk.8.ffn_norm.weight
create_tensor: loading tensor blk.8.ffn_gate.weight
create_tensor: loading tensor blk.8.ffn_up.weight
create_tensor: loading tensor blk.8.ffn_down.weight
create_tensor: loading tensor blk.8.post_ffw_norm.weight
create_tensor: loading tensor blk.8.ffn_gate_inp.weight
create_tensor: loading tensor blk.8.inp_gate.weight
create_tensor: loading tensor blk.8.proj.weight
create_tensor: loading tensor blk.8.post_norm.weight
create_tensor: loading tensor blk.9.attn_norm.weight
create_tensor: loading tensor blk.9.attn_q.weight
create_tensor: loading tensor blk.9.attn_k.weight
create_tensor: loading tensor blk.9.attn_v.weight
create_tensor: loading tensor blk.9.attn_output.weight
create_tensor: loading tensor blk.9.attn_q_norm.weight
create_tensor: loading tensor blk.9.attn_k_norm.weight
create_tensor: loading tensor blk.9.post_attention_norm.weight
create_tensor: loading tensor blk.9.layer_output_scale.weight
create_tensor: loading tensor rope_freqs.weight
create_tensor: loading tensor blk.9.ffn_norm.weight
create_tensor: loading tensor blk.9.ffn_gate.weight
create_tensor: loading tensor blk.9.ffn_up.weight
create_tensor: loading tensor blk.9.ffn_down.weight
create_tensor: loading tensor blk.9.post_ffw_norm.weight
create_tensor: loading tensor blk.9.ffn_gate_inp.weight
create_tensor: loading tensor blk.9.inp_gate.weight
create_tensor: loading tensor blk.9.proj.weight
create_tensor: loading tensor blk.9.post_norm.weight
create_tensor: loading tensor blk.10.attn_norm.weight
create_tensor: loading tensor blk.10.attn_q.weight
create_tensor: loading tensor blk.10.attn_k.weight
create_tensor: loading tensor blk.10.attn_v.weight
create_tensor: loading tensor blk.10.attn_output.weight
create_tensor: loading tensor blk.10.attn_q_norm.weight
create_tensor: loading tensor blk.10.attn_k_norm.weight
create_tensor: loading tensor blk.10.post_attention_norm.weight
create_tensor: loading tensor blk.10.layer_output_scale.weight
create_tensor: loading tensor blk.10.ffn_norm.weight
create_tensor: loading tensor blk.10.ffn_gate.weight
create_tensor: loading tensor blk.10.ffn_up.weight
create_tensor: loading tensor blk.10.ffn_down.weight
create_tensor: loading tensor blk.10.post_ffw_norm.weight
create_tensor: loading tensor blk.10.ffn_gate_inp.weight
create_tensor: loading tensor blk.10.inp_gate.weight
create_tensor: loading tensor blk.10.proj.weight
create_tensor: loading tensor blk.10.post_norm.weight
create_tensor: loading tensor blk.11.attn_norm.weight
create_tensor: loading tensor blk.11.attn_q.weight
create_tensor: loading tensor blk.11.attn_k.weight
create_tensor: loading tensor blk.11.attn_v.weight
create_tensor: loading tensor blk.11.attn_output.weight
create_tensor: loading tensor blk.11.attn_q_norm.weight
create_tensor: loading tensor blk.11.attn_k_norm.weight
create_tensor: loading tensor blk.11.post_attention_norm.weight
create_tensor: loading tensor blk.11.layer_output_scale.weight
create_tensor: loading tensor blk.11.ffn_norm.weight
create_tensor: loading tensor blk.11.ffn_gate.weight
create_tensor: loading tensor blk.11.ffn_up.weight
create_tensor: loading tensor blk.11.ffn_down.weight
create_tensor: loading tensor blk.11.post_ffw_norm.weight
create_tensor: loading tensor blk.11.ffn_gate_inp.weight
create_tensor: loading tensor blk.11.inp_gate.weight
create_tensor: loading tensor blk.11.proj.weight
create_tensor: loading tensor blk.11.post_norm.weight
create_tensor: loading tensor blk.12.attn_norm.weight
create_tensor: loading tensor blk.12.attn_q.weight
create_tensor: loading tensor blk.12.attn_k.weight
create_tensor: loading tensor blk.12.attn_v.weight
create_tensor: loading tensor blk.12.attn_output.weight
create_tensor: loading tensor blk.12.attn_q_norm.weight
create_tensor: loading tensor blk.12.attn_k_norm.weight
create_tensor: loading tensor blk.12.post_attention_norm.weight
create_tensor: loading tensor blk.12.layer_output_scale.weight
create_tensor: loading tensor blk.12.ffn_norm.weight
create_tensor: loading tensor blk.12.ffn_gate.weight
create_tensor: loading tensor blk.12.ffn_up.weight
create_tensor: loading tensor blk.12.ffn_down.weight
create_tensor: loading tensor blk.12.post_ffw_norm.weight
create_tensor: loading tensor blk.12.ffn_gate_inp.weight
create_tensor: loading tensor blk.12.inp_gate.weight
create_tensor: loading tensor blk.12.proj.weight
create_tensor: loading tensor blk.12.post_norm.weight
create_tensor: loading tensor blk.13.attn_norm.weight
create_tensor: loading tensor blk.13.attn_q.weight
create_tensor: loading tensor blk.13.attn_k.weight
create_tensor: loading tensor blk.13.attn_v.weight
create_tensor: loading tensor blk.13.attn_output.weight
create_tensor: loading tensor blk.13.attn_q_norm.weight
create_tensor: loading tensor blk.13.attn_k_norm.weight
create_tensor: loading tensor blk.13.post_attention_norm.weight
create_tensor: loading tensor blk.13.layer_output_scale.weight
create_tensor: loading tensor blk.13.ffn_norm.weight
create_tensor: loading tensor blk.13.ffn_gate.weight
create_tensor: loading tensor blk.13.ffn_up.weight
create_tensor: loading tensor blk.13.ffn_down.weight
create_tensor: loading tensor blk.13.post_ffw_norm.weight
create_tensor: loading tensor blk.13.ffn_gate_inp.weight
create_tensor: loading tensor blk.13.inp_gate.weight
create_tensor: loading tensor blk.13.proj.weight
create_tensor: loading tensor blk.13.post_norm.weight
create_tensor: loading tensor blk.14.attn_norm.weight
create_tensor: loading tensor blk.14.attn_q.weight
create_tensor: loading tensor blk.14.attn_k.weight
create_tensor: loading tensor blk.14.attn_v.weight
create_tensor: loading tensor blk.14.attn_output.weight
create_tensor: loading tensor blk.14.attn_q_norm.weight
create_tensor: loading tensor blk.14.attn_k_norm.weight
create_tensor: loading tensor blk.14.post_attention_norm.weight
create_tensor: loading tensor blk.14.layer_output_scale.weight
create_tensor: loading tensor rope_freqs.weight
create_tensor: loading tensor blk.14.ffn_norm.weight
create_tensor: loading tensor blk.14.ffn_gate.weight
create_tensor: loading tensor blk.14.ffn_up.weight
create_tensor: loading tensor blk.14.ffn_down.weight
create_tensor: loading tensor blk.14.post_ffw_norm.weight
create_tensor: loading tensor blk.14.ffn_gate_inp.weight
create_tensor: loading tensor blk.14.inp_gate.weight
create_tensor: loading tensor blk.14.proj.weight
create_tensor: loading tensor blk.14.post_norm.weight
create_tensor: loading tensor blk.15.attn_norm.weight
create_tensor: loading tensor blk.15.attn_q.weight
create_tensor: loading tensor blk.15.attn_k.weight
create_tensor: loading tensor blk.15.attn_v.weight
create_tensor: loading tensor blk.15.attn_output.weight
create_tensor: loading tensor blk.15.attn_q_norm.weight
create_tensor: loading tensor blk.15.attn_k_norm.weight
create_tensor: loading tensor blk.15.post_attention_norm.weight
create_tensor: loading tensor blk.15.layer_output_scale.weight
create_tensor: loading tensor blk.15.ffn_norm.weight
create_tensor: loading tensor blk.15.ffn_gate.weight
create_tensor: loading tensor blk.15.ffn_up.weight
create_tensor: loading tensor blk.15.ffn_down.weight
create_tensor: loading tensor blk.15.post_ffw_norm.weight
create_tensor: loading tensor blk.15.ffn_gate_inp.weight
create_tensor: loading tensor blk.15.inp_gate.weight
create_tensor: loading tensor blk.15.proj.weight
create_tensor: loading tensor blk.15.post_norm.weight
create_tensor: loading tensor blk.16.attn_norm.weight
create_tensor: loading tensor blk.16.attn_q.weight
create_tensor: loading tensor blk.16.attn_k.weight
create_tensor: loading tensor blk.16.attn_v.weight
create_tensor: loading tensor blk.16.attn_output.weight
create_tensor: loading tensor blk.16.attn_q_norm.weight
create_tensor: loading tensor blk.16.attn_k_norm.weight
create_tensor: loading tensor blk.16.post_attention_norm.weight
create_tensor: loading tensor blk.16.layer_output_scale.weight
create_tensor: loading tensor blk.16.ffn_norm.weight
create_tensor: loading tensor blk.16.ffn_gate.weight
create_tensor: loading tensor blk.16.ffn_up.weight
create_tensor: loading tensor blk.16.ffn_down.weight
create_tensor: loading tensor blk.16.post_ffw_norm.weight
create_tensor: loading tensor blk.16.ffn_gate_inp.weight
create_tensor: loading tensor blk.16.inp_gate.weight
create_tensor: loading tensor blk.16.proj.weight
create_tensor: loading tensor blk.16.post_norm.weight
create_tensor: loading tensor blk.17.attn_norm.weight
create_tensor: loading tensor blk.17.attn_q.weight
create_tensor: loading tensor blk.17.attn_k.weight
create_tensor: loading tensor blk.17.attn_v.weight
create_tensor: loading tensor blk.17.attn_output.weight
create_tensor: loading tensor blk.17.attn_q_norm.weight
create_tensor: loading tensor blk.17.attn_k_norm.weight
create_tensor: loading tensor blk.17.post_attention_norm.weight
create_tensor: loading tensor blk.17.layer_output_scale.weight
create_tensor: loading tensor blk.17.ffn_norm.weight
create_tensor: loading tensor blk.17.ffn_gate.weight
create_tensor: loading tensor blk.17.ffn_up.weight
create_tensor: loading tensor blk.17.ffn_down.weight
create_tensor: loading tensor blk.17.post_ffw_norm.weight
create_tensor: loading tensor blk.17.ffn_gate_inp.weight
create_tensor: loading tensor blk.17.inp_gate.weight
create_tensor: loading tensor blk.17.proj.weight
create_tensor: loading tensor blk.17.post_norm.weight
create_tensor: loading tensor blk.18.attn_norm.weight
create_tensor: loading tensor blk.18.attn_q.weight
create_tensor: loading tensor blk.18.attn_k.weight
create_tensor: loading tensor blk.18.attn_v.weight
create_tensor: loading tensor blk.18.attn_output.weight
create_tensor: loading tensor blk.18.attn_q_norm.weight
create_tensor: loading tensor blk.18.attn_k_norm.weight
create_tensor: loading tensor blk.18.post_attention_norm.weight
create_tensor: loading tensor blk.18.layer_output_scale.weight
create_tensor: loading tensor blk.18.ffn_norm.weight
create_tensor: loading tensor blk.18.ffn_gate.weight
create_tensor: loading tensor blk.18.ffn_up.weight
create_tensor: loading tensor blk.18.ffn_down.weight
create_tensor: loading tensor blk.18.post_ffw_norm.weight
create_tensor: loading tensor blk.18.ffn_gate_inp.weight
create_tensor: loading tensor blk.18.inp_gate.weight
create_tensor: loading tensor blk.18.proj.weight
create_tensor: loading tensor blk.18.post_norm.weight
create_tensor: loading tensor blk.19.attn_norm.weight
create_tensor: loading tensor blk.19.attn_q.weight
create_tensor: loading tensor blk.19.attn_k.weight
create_tensor: loading tensor blk.19.attn_v.weight
create_tensor: loading tensor blk.19.attn_output.weight
create_tensor: loading tensor blk.19.attn_q_norm.weight
create_tensor: loading tensor blk.19.attn_k_norm.weight
create_tensor: loading tensor blk.19.post_attention_norm.weight
create_tensor: loading tensor blk.19.layer_output_scale.weight
create_tensor: loading tensor rope_freqs.weight
create_tensor: loading tensor blk.19.ffn_norm.weight
create_tensor: loading tensor blk.19.ffn_gate.weight
create_tensor: loading tensor blk.19.ffn_up.weight
create_tensor: loading tensor blk.19.ffn_down.weight
create_tensor: loading tensor blk.19.post_ffw_norm.weight
create_tensor: loading tensor blk.19.ffn_gate_inp.weight
create_tensor: loading tensor blk.19.inp_gate.weight
create_tensor: loading tensor blk.19.proj.weight
create_tensor: loading tensor blk.19.post_norm.weight
create_tensor: loading tensor blk.20.attn_norm.weight
create_tensor: loading tensor blk.20.attn_q.weight
create_tensor: loading tensor blk.20.attn_k.weight
create_tensor: loading tensor blk.20.attn_v.weight
create_tensor: loading tensor blk.20.attn_output.weight
create_tensor: loading tensor blk.20.attn_q_norm.weight
create_tensor: loading tensor blk.20.attn_k_norm.weight
create_tensor: loading tensor blk.20.post_attention_norm.weight
create_tensor: loading tensor blk.20.layer_output_scale.weight
create_tensor: loading tensor blk.20.ffn_norm.weight
create_tensor: loading tensor blk.20.ffn_gate.weight
create_tensor: loading tensor blk.20.ffn_up.weight
create_tensor: loading tensor blk.20.ffn_down.weight
create_tensor: loading tensor blk.20.post_ffw_norm.weight
create_tensor: loading tensor blk.20.ffn_gate_inp.weight
create_tensor: loading tensor blk.20.inp_gate.weight
create_tensor: loading tensor blk.20.proj.weight
create_tensor: loading tensor blk.20.post_norm.weight
create_tensor: loading tensor blk.21.attn_norm.weight
create_tensor: loading tensor blk.21.attn_q.weight
create_tensor: loading tensor blk.21.attn_k.weight
create_tensor: loading tensor blk.21.attn_v.weight
create_tensor: loading tensor blk.21.attn_output.weight
create_tensor: loading tensor blk.21.attn_q_norm.weight
create_tensor: loading tensor blk.21.attn_k_norm.weight
create_tensor: loading tensor blk.21.post_attention_norm.weight
create_tensor: loading tensor blk.21.layer_output_scale.weight
create_tensor: loading tensor blk.21.ffn_norm.weight
create_tensor: loading tensor blk.21.ffn_gate.weight
create_tensor: loading tensor blk.21.ffn_up.weight
create_tensor: loading tensor blk.21.ffn_down.weight
create_tensor: loading tensor blk.21.post_ffw_norm.weight
create_tensor: loading tensor blk.21.ffn_gate_inp.weight
create_tensor: loading tensor blk.21.inp_gate.weight
create_tensor: loading tensor blk.21.proj.weight
create_tensor: loading tensor blk.21.post_norm.weight
create_tensor: loading tensor blk.22.attn_norm.weight
create_tensor: loading tensor blk.22.attn_q.weight
create_tensor: loading tensor blk.22.attn_k.weight
create_tensor: loading tensor blk.22.attn_v.weight
create_tensor: loading tensor blk.22.attn_output.weight
create_tensor: loading tensor blk.22.attn_q_norm.weight
create_tensor: loading tensor blk.22.attn_k_norm.weight
create_tensor: loading tensor blk.22.post_attention_norm.weight
create_tensor: loading tensor blk.22.layer_output_scale.weight
create_tensor: loading tensor blk.22.ffn_norm.weight
create_tensor: loading tensor blk.22.ffn_gate.weight
create_tensor: loading tensor blk.22.ffn_up.weight
create_tensor: loading tensor blk.22.ffn_down.weight
create_tensor: loading tensor blk.22.post_ffw_norm.weight
create_tensor: loading tensor blk.22.ffn_gate_inp.weight
create_tensor: loading tensor blk.22.inp_gate.weight
create_tensor: loading tensor blk.22.proj.weight
create_tensor: loading tensor blk.22.post_norm.weight
create_tensor: loading tensor blk.23.attn_norm.weight
create_tensor: loading tensor blk.23.attn_q.weight
create_tensor: loading tensor blk.23.attn_k.weight
create_tensor: loading tensor blk.23.attn_v.weight
create_tensor: loading tensor blk.23.attn_output.weight
create_tensor: loading tensor blk.23.attn_q_norm.weight
create_tensor: loading tensor blk.23.attn_k_norm.weight
create_tensor: loading tensor blk.23.post_attention_norm.weight
create_tensor: loading tensor blk.23.layer_output_scale.weight
create_tensor: loading tensor blk.23.ffn_norm.weight
create_tensor: loading tensor blk.23.ffn_gate.weight
create_tensor: loading tensor blk.23.ffn_up.weight
create_tensor: loading tensor blk.23.ffn_down.weight
create_tensor: loading tensor blk.23.post_ffw_norm.weight
create_tensor: loading tensor blk.23.ffn_gate_inp.weight
create_tensor: loading tensor blk.23.inp_gate.weight
create_tensor: loading tensor blk.23.proj.weight
create_tensor: loading tensor blk.23.post_norm.weight
create_tensor: loading tensor blk.24.attn_norm.weight
create_tensor: loading tensor blk.24.attn_q.weight
create_tensor: loading tensor blk.24.attn_k.weight
create_tensor: loading tensor blk.24.attn_v.weight
create_tensor: loading tensor blk.24.attn_output.weight
create_tensor: loading tensor blk.24.attn_q_norm.weight
create_tensor: loading tensor blk.24.attn_k_norm.weight
create_tensor: loading tensor blk.24.post_attention_norm.weight
create_tensor: loading tensor blk.24.layer_output_scale.weight
create_tensor: loading tensor rope_freqs.weight
create_tensor: loading tensor blk.24.ffn_norm.weight
create_tensor: loading tensor blk.24.ffn_gate.weight
create_tensor: loading tensor blk.24.ffn_up.weight
create_tensor: loading tensor blk.24.ffn_down.weight
create_tensor: loading tensor blk.24.post_ffw_norm.weight
create_tensor: loading tensor blk.24.ffn_gate_inp.weight
create_tensor: loading tensor blk.24.inp_gate.weight
create_tensor: loading tensor blk.24.proj.weight
create_tensor: loading tensor blk.24.post_norm.weight
create_tensor: loading tensor blk.25.attn_norm.weight
create_tensor: loading tensor blk.25.attn_q.weight
create_tensor: loading tensor blk.25.attn_k.weight
create_tensor: loading tensor blk.25.attn_v.weight
create_tensor: loading tensor blk.25.attn_output.weight
create_tensor: loading tensor blk.25.attn_q_norm.weight
create_tensor: loading tensor blk.25.attn_k_norm.weight
create_tensor: loading tensor blk.25.post_attention_norm.weight
create_tensor: loading tensor blk.25.layer_output_scale.weight
create_tensor: loading tensor blk.25.ffn_norm.weight
create_tensor: loading tensor blk.25.ffn_gate.weight
create_tensor: loading tensor blk.25.ffn_up.weight
create_tensor: loading tensor blk.25.ffn_down.weight
create_tensor: loading tensor blk.25.post_ffw_norm.weight
create_tensor: loading tensor blk.25.ffn_gate_inp.weight
create_tensor: loading tensor blk.25.inp_gate.weight
create_tensor: loading tensor blk.25.proj.weight
create_tensor: loading tensor blk.25.post_norm.weight
create_tensor: loading tensor blk.26.attn_norm.weight
create_tensor: loading tensor blk.26.attn_q.weight
create_tensor: loading tensor blk.26.attn_k.weight
create_tensor: loading tensor blk.26.attn_v.weight
create_tensor: loading tensor blk.26.attn_output.weight
create_tensor: loading tensor blk.26.attn_q_norm.weight
create_tensor: loading tensor blk.26.attn_k_norm.weight
create_tensor: loading tensor blk.26.post_attention_norm.weight
create_tensor: loading tensor blk.26.layer_output_scale.weight
create_tensor: loading tensor blk.26.ffn_norm.weight
create_tensor: loading tensor blk.26.ffn_gate.weight
create_tensor: loading tensor blk.26.ffn_up.weight
create_tensor: loading tensor blk.26.ffn_down.weight
create_tensor: loading tensor blk.26.post_ffw_norm.weight
create_tensor: loading tensor blk.26.ffn_gate_inp.weight
create_tensor: loading tensor blk.26.inp_gate.weight
create_tensor: loading tensor blk.26.proj.weight
create_tensor: loading tensor blk.26.post_norm.weight
create_tensor: loading tensor blk.27.attn_norm.weight
create_tensor: loading tensor blk.27.attn_q.weight
create_tensor: loading tensor blk.27.attn_k.weight
create_tensor: loading tensor blk.27.attn_v.weight
create_tensor: loading tensor blk.27.attn_output.weight
create_tensor: loading tensor blk.27.attn_q_norm.weight
create_tensor: loading tensor blk.27.attn_k_norm.weight
create_tensor: loading tensor blk.27.post_attention_norm.weight
create_tensor: loading tensor blk.27.layer_output_scale.weight
create_tensor: loading tensor blk.27.ffn_norm.weight
create_tensor: loading tensor blk.27.ffn_gate.weight
create_tensor: loading tensor blk.27.ffn_up.weight
create_tensor: loading tensor blk.27.ffn_down.weight
create_tensor: loading tensor blk.27.post_ffw_norm.weight
create_tensor: loading tensor blk.27.ffn_gate_inp.weight
create_tensor: loading tensor blk.27.inp_gate.weight
create_tensor: loading tensor blk.27.proj.weight
create_tensor: loading tensor blk.27.post_norm.weight
create_tensor: loading tensor blk.28.attn_norm.weight
create_tensor: loading tensor blk.28.attn_q.weight
create_tensor: loading tensor blk.28.attn_k.weight
create_tensor: loading tensor blk.28.attn_v.weight
create_tensor: loading tensor blk.28.attn_output.weight
create_tensor: loading tensor blk.28.attn_q_norm.weight
create_tensor: loading tensor blk.28.attn_k_norm.weight
create_tensor: loading tensor blk.28.post_attention_norm.weight
create_tensor: loading tensor blk.28.layer_output_scale.weight
create_tensor: loading tensor blk.28.ffn_norm.weight
create_tensor: loading tensor blk.28.ffn_gate.weight
create_tensor: loading tensor blk.28.ffn_up.weight
create_tensor: loading tensor blk.28.ffn_down.weight
create_tensor: loading tensor blk.28.post_ffw_norm.weight
create_tensor: loading tensor blk.28.ffn_gate_inp.weight
create_tensor: loading tensor blk.28.inp_gate.weight
create_tensor: loading tensor blk.28.proj.weight
create_tensor: loading tensor blk.28.post_norm.weight
create_tensor: loading tensor blk.29.attn_norm.weight
create_tensor: loading tensor blk.29.attn_q.weight
create_tensor: loading tensor blk.29.attn_k.weight
create_tensor: loading tensor blk.29.attn_v.weight
create_tensor: loading tensor blk.29.attn_output.weight
create_tensor: loading tensor blk.29.attn_q_norm.weight
create_tensor: loading tensor blk.29.attn_k_norm.weight
create_tensor: loading tensor blk.29.post_attention_norm.weight
create_tensor: loading tensor blk.29.layer_output_scale.weight
create_tensor: loading tensor rope_freqs.weight
create_tensor: loading tensor blk.29.ffn_norm.weight
create_tensor: loading tensor blk.29.ffn_gate.weight
create_tensor: loading tensor blk.29.ffn_up.weight
create_tensor: loading tensor blk.29.ffn_down.weight
create_tensor: loading tensor blk.29.post_ffw_norm.weight
create_tensor: loading tensor blk.29.ffn_gate_inp.weight
create_tensor: loading tensor blk.29.inp_gate.weight
create_tensor: loading tensor blk.29.proj.weight
create_tensor: loading tensor blk.29.post_norm.weight
create_tensor: loading tensor blk.30.attn_norm.weight
create_tensor: loading tensor blk.30.attn_q.weight
create_tensor: loading tensor blk.30.attn_k.weight
create_tensor: loading tensor blk.30.attn_v.weight
create_tensor: loading tensor blk.30.attn_output.weight
create_tensor: loading tensor blk.30.attn_q_norm.weight
create_tensor: loading tensor blk.30.attn_k_norm.weight
create_tensor: loading tensor blk.30.post_attention_norm.weight
create_tensor: loading tensor blk.30.layer_output_scale.weight
create_tensor: loading tensor blk.30.ffn_norm.weight
create_tensor: loading tensor blk.30.ffn_gate.weight
create_tensor: loading tensor blk.30.ffn_up.weight
create_tensor: loading tensor blk.30.ffn_down.weight
create_tensor: loading tensor blk.30.post_ffw_norm.weight
create_tensor: loading tensor blk.30.ffn_gate_inp.weight
create_tensor: loading tensor blk.30.inp_gate.weight
create_tensor: loading tensor blk.30.proj.weight
create_tensor: loading tensor blk.30.post_norm.weight
create_tensor: loading tensor blk.31.attn_norm.weight
create_tensor: loading tensor blk.31.attn_q.weight
create_tensor: loading tensor blk.31.attn_k.weight
create_tensor: loading tensor blk.31.attn_v.weight
create_tensor: loading tensor blk.31.attn_output.weight
create_tensor: loading tensor blk.31.attn_q_norm.weight
create_tensor: loading tensor blk.31.attn_k_norm.weight
create_tensor: loading tensor blk.31.post_attention_norm.weight
create_tensor: loading tensor blk.31.layer_output_scale.weight
create_tensor: loading tensor blk.31.ffn_norm.weight
create_tensor: loading tensor blk.31.ffn_gate.weight
create_tensor: loading tensor blk.31.ffn_up.weight
create_tensor: loading tensor blk.31.ffn_down.weight
create_tensor: loading tensor blk.31.post_ffw_norm.weight
create_tensor: loading tensor blk.31.ffn_gate_inp.weight
create_tensor: loading tensor blk.31.inp_gate.weight
create_tensor: loading tensor blk.31.proj.weight
create_tensor: loading tensor blk.31.post_norm.weight
create_tensor: loading tensor blk.32.attn_norm.weight
create_tensor: loading tensor blk.32.attn_q.weight
create_tensor: loading tensor blk.32.attn_k.weight
create_tensor: loading tensor blk.32.attn_v.weight
create_tensor: loading tensor blk.32.attn_output.weight
create_tensor: loading tensor blk.32.attn_q_norm.weight
create_tensor: loading tensor blk.32.attn_k_norm.weight
create_tensor: loading tensor blk.32.post_attention_norm.weight
create_tensor: loading tensor blk.32.layer_output_scale.weight
create_tensor: loading tensor blk.32.ffn_norm.weight
create_tensor: loading tensor blk.32.ffn_gate.weight
create_tensor: loading tensor blk.32.ffn_up.weight
create_tensor: loading tensor blk.32.ffn_down.weight
create_tensor: loading tensor blk.32.post_ffw_norm.weight
create_tensor: loading tensor blk.32.ffn_gate_inp.weight
create_tensor: loading tensor blk.32.inp_gate.weight
create_tensor: loading tensor blk.32.proj.weight
create_tensor: loading tensor blk.32.post_norm.weight
create_tensor: loading tensor blk.33.attn_norm.weight
create_tensor: loading tensor blk.33.attn_q.weight
create_tensor: loading tensor blk.33.attn_k.weight
create_tensor: loading tensor blk.33.attn_v.weight
create_tensor: loading tensor blk.33.attn_output.weight
create_tensor: loading tensor blk.33.attn_q_norm.weight
create_tensor: loading tensor blk.33.attn_k_norm.weight
create_tensor: loading tensor blk.33.post_attention_norm.weight
create_tensor: loading tensor blk.33.layer_output_scale.weight
create_tensor: loading tensor blk.33.ffn_norm.weight
create_tensor: loading tensor blk.33.ffn_gate.weight
create_tensor: loading tensor blk.33.ffn_up.weight
create_tensor: loading tensor blk.33.ffn_down.weight
create_tensor: loading tensor blk.33.post_ffw_norm.weight
create_tensor: loading tensor blk.33.ffn_gate_inp.weight
create_tensor: loading tensor blk.33.inp_gate.weight
create_tensor: loading tensor blk.33.proj.weight
create_tensor: loading tensor blk.33.post_norm.weight
create_tensor: loading tensor blk.34.attn_norm.weight
create_tensor: loading tensor blk.34.attn_q.weight
create_tensor: loading tensor blk.34.attn_k.weight
create_tensor: loading tensor blk.34.attn_v.weight
create_tensor: loading tensor blk.34.attn_output.weight
create_tensor: loading tensor blk.34.attn_q_norm.weight
create_tensor: loading tensor blk.34.attn_k_norm.weight
create_tensor: loading tensor blk.34.post_attention_norm.weight
create_tensor: loading tensor blk.34.layer_output_scale.weight
create_tensor: loading tensor rope_freqs.weight
create_tensor: loading tensor blk.34.ffn_norm.weight
create_tensor: loading tensor blk.34.ffn_gate.weight
create_tensor: loading tensor blk.34.ffn_up.weight
create_tensor: loading tensor blk.34.ffn_down.weight
create_tensor: loading tensor blk.34.post_ffw_norm.weight
create_tensor: loading tensor blk.34.ffn_gate_inp.weight
create_tensor: loading tensor blk.34.inp_gate.weight
create_tensor: loading tensor blk.34.proj.weight
create_tensor: loading tensor blk.34.post_norm.weight
create_tensor: loading tensor blk.0.attn_q.scale
create_tensor: loading tensor blk.0.attn_k.scale
create_tensor: loading tensor blk.0.attn_v.scale
create_tensor: loading tensor blk.0.attn_output.scale
create_tensor: loading tensor blk.0.ffn_gate.scale
create_tensor: loading tensor blk.0.ffn_down.scale
create_tensor: loading tensor blk.0.ffn_up.scale
create_tensor: loading tensor blk.0.attn_q.input_scale
create_tensor: loading tensor blk.0.attn_k.input_scale
create_tensor: loading tensor blk.0.attn_v.input_scale
create_tensor: loading tensor blk.0.attn_output.input_scale
create_tensor: loading tensor blk.0.ffn_gate.input_scale
create_tensor: loading tensor blk.0.ffn_down.input_scale
create_tensor: loading tensor blk.0.ffn_up.input_scale
create_tensor: loading tensor blk.1.attn_q.scale
create_tensor: loading tensor blk.1.attn_k.scale
create_tensor: loading tensor blk.1.attn_v.scale
create_tensor: loading tensor blk.1.attn_output.scale
create_tensor: loading tensor blk.1.ffn_gate.scale
create_tensor: loading tensor blk.1.ffn_down.scale
create_tensor: loading tensor blk.1.ffn_up.scale
create_tensor: loading tensor blk.1.attn_q.input_scale
create_tensor: loading tensor blk.1.attn_k.input_scale
create_tensor: loading tensor blk.1.attn_v.input_scale
create_tensor: loading tensor blk.1.attn_output.input_scale
create_tensor: loading tensor blk.1.ffn_gate.input_scale
create_tensor: loading tensor blk.1.ffn_down.input_scale
create_tensor: loading tensor blk.1.ffn_up.input_scale
create_tensor: loading tensor blk.2.attn_q.scale
create_tensor: loading tensor blk.2.attn_k.scale
create_tensor: loading tensor blk.2.attn_v.scale
create_tensor: loading tensor blk.2.attn_output.scale
create_tensor: loading tensor blk.2.ffn_gate.scale
create_tensor: loading tensor blk.2.ffn_down.scale
create_tensor: loading tensor blk.2.ffn_up.scale
create_tensor: loading tensor blk.2.attn_q.input_scale
create_tensor: loading tensor blk.2.attn_k.input_scale
create_tensor: loading tensor blk.2.attn_v.input_scale
create_tensor: loading tensor blk.2.attn_output.input_scale
create_tensor: loading tensor blk.2.ffn_gate.input_scale
create_tensor: loading tensor blk.2.ffn_down.input_scale
create_tensor: loading tensor blk.2.ffn_up.input_scale
create_tensor: loading tensor blk.3.attn_q.scale
create_tensor: loading tensor blk.3.attn_k.scale
create_tensor: loading tensor blk.3.attn_v.scale
create_tensor: loading tensor blk.3.attn_output.scale
create_tensor: loading tensor blk.3.ffn_gate.scale
create_tensor: loading tensor blk.3.ffn_down.scale
create_tensor: loading tensor blk.3.ffn_up.scale
create_tensor: loading tensor blk.3.attn_q.input_scale
create_tensor: loading tensor blk.3.attn_k.input_scale
create_tensor: loading tensor blk.3.attn_v.input_scale
create_tensor: loading tensor blk.3.attn_output.input_scale
create_tensor: loading tensor blk.3.ffn_gate.input_scale
create_tensor: loading tensor blk.3.ffn_down.input_scale
create_tensor: loading tensor blk.3.ffn_up.input_scale
create_tensor: loading tensor blk.4.attn_q.scale
create_tensor: loading tensor blk.4.attn_k.scale
create_tensor: loading tensor blk.4.attn_v.scale
create_tensor: loading tensor blk.4.attn_output.scale
create_tensor: loading tensor blk.4.ffn_gate.scale
create_tensor: loading tensor blk.4.ffn_down.scale
create_tensor: loading tensor blk.4.ffn_up.scale
create_tensor: loading tensor blk.4.attn_q.input_scale
create_tensor: loading tensor blk.4.attn_k.input_scale
create_tensor: loading tensor blk.4.attn_v.input_scale
create_tensor: loading tensor blk.4.attn_output.input_scale
create_tensor: loading tensor blk.4.ffn_gate.input_scale
create_tensor: loading tensor blk.4.ffn_down.input_scale
create_tensor: loading tensor blk.4.ffn_up.input_scale
create_tensor: loading tensor blk.5.attn_q.scale
create_tensor: loading tensor blk.5.attn_k.scale
create_tensor: loading tensor blk.5.attn_v.scale
create_tensor: loading tensor blk.5.attn_output.scale
create_tensor: loading tensor blk.5.ffn_gate.scale
create_tensor: loading tensor blk.5.ffn_down.scale
create_tensor: loading tensor blk.5.ffn_up.scale
create_tensor: loading tensor blk.5.attn_q.input_scale
create_tensor: loading tensor blk.5.attn_k.input_scale
create_tensor: loading tensor blk.5.attn_v.input_scale
create_tensor: loading tensor blk.5.attn_output.input_scale
create_tensor: loading tensor blk.5.ffn_gate.input_scale
create_tensor: loading tensor blk.5.ffn_down.input_scale
create_tensor: loading tensor blk.5.ffn_up.input_scale
create_tensor: loading tensor blk.6.attn_q.scale
create_tensor: loading tensor blk.6.attn_k.scale
create_tensor: loading tensor blk.6.attn_v.scale
create_tensor: loading tensor blk.6.attn_output.scale
create_tensor: loading tensor blk.6.ffn_gate.scale
create_tensor: loading tensor blk.6.ffn_down.scale
create_tensor: loading tensor blk.6.ffn_up.scale
create_tensor: loading tensor blk.6.attn_q.input_scale
create_tensor: loading tensor blk.6.attn_k.input_scale
create_tensor: loading tensor blk.6.attn_v.input_scale
create_tensor: loading tensor blk.6.attn_output.input_scale
create_tensor: loading tensor blk.6.ffn_gate.input_scale
create_tensor: loading tensor blk.6.ffn_down.input_scale
create_tensor: loading tensor blk.6.ffn_up.input_scale
create_tensor: loading tensor blk.7.attn_q.scale
create_tensor: loading tensor blk.7.attn_k.scale
create_tensor: loading tensor blk.7.attn_v.scale
create_tensor: loading tensor blk.7.attn_output.scale
create_tensor: loading tensor blk.7.ffn_gate.scale
create_tensor: loading tensor blk.7.ffn_down.scale
create_tensor: loading tensor blk.7.ffn_up.scale
create_tensor: loading tensor blk.7.attn_q.input_scale
create_tensor: loading tensor blk.7.attn_k.input_scale
create_tensor: loading tensor blk.7.attn_v.input_scale
create_tensor: loading tensor blk.7.attn_output.input_scale
create_tensor: loading tensor blk.7.ffn_gate.input_scale
create_tensor: loading tensor blk.7.ffn_down.input_scale
create_tensor: loading tensor blk.7.ffn_up.input_scale
create_tensor: loading tensor blk.8.attn_q.scale
create_tensor: loading tensor blk.8.attn_k.scale
create_tensor: loading tensor blk.8.attn_v.scale
create_tensor: loading tensor blk.8.attn_output.scale
create_tensor: loading tensor blk.8.ffn_gate.scale
create_tensor: loading tensor blk.8.ffn_down.scale
create_tensor: loading tensor blk.8.ffn_up.scale
create_tensor: loading tensor blk.8.attn_q.input_scale
create_tensor: loading tensor blk.8.attn_k.input_scale
create_tensor: loading tensor blk.8.attn_v.input_scale
create_tensor: loading tensor blk.8.attn_output.input_scale
create_tensor: loading tensor blk.8.ffn_gate.input_scale
create_tensor: loading tensor blk.8.ffn_down.input_scale
create_tensor: loading tensor blk.8.ffn_up.input_scale
create_tensor: loading tensor blk.9.attn_q.scale
create_tensor: loading tensor blk.9.attn_k.scale
create_tensor: loading tensor blk.9.attn_v.scale
create_tensor: loading tensor blk.9.attn_output.scale
create_tensor: loading tensor blk.9.ffn_gate.scale
create_tensor: loading tensor blk.9.ffn_down.scale
create_tensor: loading tensor blk.9.ffn_up.scale
create_tensor: loading tensor blk.9.attn_q.input_scale
create_tensor: loading tensor blk.9.attn_k.input_scale
create_tensor: loading tensor blk.9.attn_v.input_scale
create_tensor: loading tensor blk.9.attn_output.input_scale
create_tensor: loading tensor blk.9.ffn_gate.input_scale
create_tensor: loading tensor blk.9.ffn_down.input_scale
create_tensor: loading tensor blk.9.ffn_up.input_scale
create_tensor: loading tensor blk.10.attn_q.scale
create_tensor: loading tensor blk.10.attn_k.scale
create_tensor: loading tensor blk.10.attn_v.scale
create_tensor: loading tensor blk.10.attn_output.scale
create_tensor: loading tensor blk.10.ffn_gate.scale
create_tensor: loading tensor blk.10.ffn_down.scale
create_tensor: loading tensor blk.10.ffn_up.scale
create_tensor: loading tensor blk.10.attn_q.input_scale
create_tensor: loading tensor blk.10.attn_k.input_scale
create_tensor: loading tensor blk.10.attn_v.input_scale
create_tensor: loading tensor blk.10.attn_output.input_scale
create_tensor: loading tensor blk.10.ffn_gate.input_scale
create_tensor: loading tensor blk.10.ffn_down.input_scale
create_tensor: loading tensor blk.10.ffn_up.input_scale
create_tensor: loading tensor blk.11.attn_q.scale
create_tensor: loading tensor blk.11.attn_k.scale
create_tensor: loading tensor blk.11.attn_v.scale
create_tensor: loading tensor blk.11.attn_output.scale
create_tensor: loading tensor blk.11.ffn_gate.scale
create_tensor: loading tensor blk.11.ffn_down.scale
create_tensor: loading tensor blk.11.ffn_up.scale
create_tensor: loading tensor blk.11.attn_q.input_scale
create_tensor: loading tensor blk.11.attn_k.input_scale
create_tensor: loading tensor blk.11.attn_v.input_scale
create_tensor: loading tensor blk.11.attn_output.input_scale
create_tensor: loading tensor blk.11.ffn_gate.input_scale
create_tensor: loading tensor blk.11.ffn_down.input_scale
create_tensor: loading tensor blk.11.ffn_up.input_scale
create_tensor: loading tensor blk.12.attn_q.scale
create_tensor: loading tensor blk.12.attn_k.scale
create_tensor: loading tensor blk.12.attn_v.scale
create_tensor: loading tensor blk.12.attn_output.scale
create_tensor: loading tensor blk.12.ffn_gate.scale
create_tensor: loading tensor blk.12.ffn_down.scale
create_tensor: loading tensor blk.12.ffn_up.scale
create_tensor: loading tensor blk.12.attn_q.input_scale
create_tensor: loading tensor blk.12.attn_k.input_scale
create_tensor: loading tensor blk.12.attn_v.input_scale
create_tensor: loading tensor blk.12.attn_output.input_scale
create_tensor: loading tensor blk.12.ffn_gate.input_scale
create_tensor: loading tensor blk.12.ffn_down.input_scale
create_tensor: loading tensor blk.12.ffn_up.input_scale
create_tensor: loading tensor blk.13.attn_q.scale
create_tensor: loading tensor blk.13.attn_k.scale
create_tensor: loading tensor blk.13.attn_v.scale
create_tensor: loading tensor blk.13.attn_output.scale
create_tensor: loading tensor blk.13.ffn_gate.scale
create_tensor: loading tensor blk.13.ffn_down.scale
create_tensor: loading tensor blk.13.ffn_up.scale
create_tensor: loading tensor blk.13.attn_q.input_scale
create_tensor: loading tensor blk.13.attn_k.input_scale
create_tensor: loading tensor blk.13.attn_v.input_scale
create_tensor: loading tensor blk.13.attn_output.input_scale
create_tensor: loading tensor blk.13.ffn_gate.input_scale
create_tensor: loading tensor blk.13.ffn_down.input_scale
create_tensor: loading tensor blk.13.ffn_up.input_scale
create_tensor: loading tensor blk.14.attn_q.scale
create_tensor: loading tensor blk.14.attn_k.scale
create_tensor: loading tensor blk.14.attn_v.scale
create_tensor: loading tensor blk.14.attn_output.scale
create_tensor: loading tensor blk.14.ffn_gate.scale
create_tensor: loading tensor blk.14.ffn_down.scale
create_tensor: loading tensor blk.14.ffn_up.scale
create_tensor: loading tensor blk.14.attn_q.input_scale
create_tensor: loading tensor blk.14.attn_k.input_scale
create_tensor: loading tensor blk.14.attn_v.input_scale
create_tensor: loading tensor blk.14.attn_output.input_scale
create_tensor: loading tensor blk.14.ffn_gate.input_scale
create_tensor: loading tensor blk.14.ffn_down.input_scale
create_tensor: loading tensor blk.14.ffn_up.input_scale
create_tensor: loading tensor blk.15.attn_q.scale
create_tensor: loading tensor blk.15.attn_k.scale
create_tensor: loading tensor blk.15.attn_v.scale
create_tensor: loading tensor blk.15.attn_output.scale
create_tensor: loading tensor blk.15.ffn_gate.scale
create_tensor: loading tensor blk.15.ffn_down.scale
create_tensor: loading tensor blk.15.ffn_up.scale
create_tensor: loading tensor blk.15.attn_q.input_scale
create_tensor: loading tensor blk.15.attn_k.input_scale
create_tensor: loading tensor blk.15.attn_v.input_scale
create_tensor: loading tensor blk.15.attn_output.input_scale
create_tensor: loading tensor blk.15.ffn_gate.input_scale
create_tensor: loading tensor blk.15.ffn_down.input_scale
create_tensor: loading tensor blk.15.ffn_up.input_scale
create_tensor: loading tensor blk.16.attn_q.scale
create_tensor: loading tensor blk.16.attn_k.scale
create_tensor: loading tensor blk.16.attn_v.scale
create_tensor: loading tensor blk.16.attn_output.scale
create_tensor: loading tensor blk.16.ffn_gate.scale
create_tensor: loading tensor blk.16.ffn_down.scale
create_tensor: loading tensor blk.16.ffn_up.scale
create_tensor: loading tensor blk.16.attn_q.input_scale
create_tensor: loading tensor blk.16.attn_k.input_scale
create_tensor: loading tensor blk.16.attn_v.input_scale
create_tensor: loading tensor blk.16.attn_output.input_scale
create_tensor: loading tensor blk.16.ffn_gate.input_scale
create_tensor: loading tensor blk.16.ffn_down.input_scale
create_tensor: loading tensor blk.16.ffn_up.input_scale
create_tensor: loading tensor blk.17.attn_q.scale
create_tensor: loading tensor blk.17.attn_k.scale
create_tensor: loading tensor blk.17.attn_v.scale
create_tensor: loading tensor blk.17.attn_output.scale
create_tensor: loading tensor blk.17.ffn_gate.scale
create_tensor: loading tensor blk.17.ffn_down.scale
create_tensor: loading tensor blk.17.ffn_up.scale
create_tensor: loading tensor blk.17.attn_q.input_scale
create_tensor: loading tensor blk.17.attn_k.input_scale
create_tensor: loading tensor blk.17.attn_v.input_scale
create_tensor: loading tensor blk.17.attn_output.input_scale
create_tensor: loading tensor blk.17.ffn_gate.input_scale
create_tensor: loading tensor blk.17.ffn_down.input_scale
create_tensor: loading tensor blk.17.ffn_up.input_scale
create_tensor: loading tensor blk.18.attn_q.scale
create_tensor: loading tensor blk.18.attn_k.scale
create_tensor: loading tensor blk.18.attn_v.scale
create_tensor: loading tensor blk.18.attn_output.scale
create_tensor: loading tensor blk.18.ffn_gate.scale
create_tensor: loading tensor blk.18.ffn_down.scale
create_tensor: loading tensor blk.18.ffn_up.scale
create_tensor: loading tensor blk.18.attn_q.input_scale
create_tensor: loading tensor blk.18.attn_k.input_scale
create_tensor: loading tensor blk.18.attn_v.input_scale
create_tensor: loading tensor blk.18.attn_output.input_scale
create_tensor: loading tensor blk.18.ffn_gate.input_scale
create_tensor: loading tensor blk.18.ffn_down.input_scale
create_tensor: loading tensor blk.18.ffn_up.input_scale
create_tensor: loading tensor blk.19.attn_q.scale
create_tensor: loading tensor blk.19.attn_k.scale
create_tensor: loading tensor blk.19.attn_v.scale
create_tensor: loading tensor blk.19.attn_output.scale
create_tensor: loading tensor blk.19.ffn_gate.scale
create_tensor: loading tensor blk.19.ffn_down.scale
create_tensor: loading tensor blk.19.ffn_up.scale
create_tensor: loading tensor blk.19.attn_q.input_scale
create_tensor: loading tensor blk.19.attn_k.input_scale
create_tensor: loading tensor blk.19.attn_v.input_scale
create_tensor: loading tensor blk.19.attn_output.input_scale
create_tensor: loading tensor blk.19.ffn_gate.input_scale
create_tensor: loading tensor blk.19.ffn_down.input_scale
create_tensor: loading tensor blk.19.ffn_up.input_scale
create_tensor: loading tensor blk.20.attn_q.scale
create_tensor: loading tensor blk.20.attn_k.scale
create_tensor: loading tensor blk.20.attn_v.scale
create_tensor: loading tensor blk.20.attn_output.scale
create_tensor: loading tensor blk.20.ffn_gate.scale
create_tensor: loading tensor blk.20.ffn_down.scale
create_tensor: loading tensor blk.20.ffn_up.scale
create_tensor: loading tensor blk.20.attn_q.input_scale
create_tensor: loading tensor blk.20.attn_k.input_scale
create_tensor: loading tensor blk.20.attn_v.input_scale
create_tensor: loading tensor blk.20.attn_output.input_scale
create_tensor: loading tensor blk.20.ffn_gate.input_scale
create_tensor: loading tensor blk.20.ffn_down.input_scale
create_tensor: loading tensor blk.20.ffn_up.input_scale
create_tensor: loading tensor blk.21.attn_q.scale
create_tensor: loading tensor blk.21.attn_k.scale
create_tensor: loading tensor blk.21.attn_v.scale
create_tensor: loading tensor blk.21.attn_output.scale
create_tensor: loading tensor blk.21.ffn_gate.scale
create_tensor: loading tensor blk.21.ffn_down.scale
create_tensor: loading tensor blk.21.ffn_up.scale
create_tensor: loading tensor blk.21.attn_q.input_scale
create_tensor: loading tensor blk.21.attn_k.input_scale
create_tensor: loading tensor blk.21.attn_v.input_scale
create_tensor: loading tensor blk.21.attn_output.input_scale
create_tensor: loading tensor blk.21.ffn_gate.input_scale
create_tensor: loading tensor blk.21.ffn_down.input_scale
create_tensor: loading tensor blk.21.ffn_up.input_scale
create_tensor: loading tensor blk.22.attn_q.scale
create_tensor: loading tensor blk.22.attn_k.scale
create_tensor: loading tensor blk.22.attn_v.scale
create_tensor: loading tensor blk.22.attn_output.scale
create_tensor: loading tensor blk.22.ffn_gate.scale
create_tensor: loading tensor blk.22.ffn_down.scale
create_tensor: loading tensor blk.22.ffn_up.scale
create_tensor: loading tensor blk.22.attn_q.input_scale
create_tensor: loading tensor blk.22.attn_k.input_scale
create_tensor: loading tensor blk.22.attn_v.input_scale
create_tensor: loading tensor blk.22.attn_output.input_scale
create_tensor: loading tensor blk.22.ffn_gate.input_scale
create_tensor: loading tensor blk.22.ffn_down.input_scale
create_tensor: loading tensor blk.22.ffn_up.input_scale
create_tensor: loading tensor blk.23.attn_q.scale
create_tensor: loading tensor blk.23.attn_k.scale
create_tensor: loading tensor blk.23.attn_v.scale
create_tensor: loading tensor blk.23.attn_output.scale
create_tensor: loading tensor blk.23.ffn_gate.scale
create_tensor: loading tensor blk.23.ffn_down.scale
create_tensor: loading tensor blk.23.ffn_up.scale
create_tensor: loading tensor blk.23.attn_q.input_scale
create_tensor: loading tensor blk.23.attn_k.input_scale
create_tensor: loading tensor blk.23.attn_v.input_scale
create_tensor: loading tensor blk.23.attn_output.input_scale
create_tensor: loading tensor blk.23.ffn_gate.input_scale
create_tensor: loading tensor blk.23.ffn_down.input_scale
create_tensor: loading tensor blk.23.ffn_up.input_scale
create_tensor: loading tensor blk.24.attn_q.scale
create_tensor: loading tensor blk.24.attn_k.scale
create_tensor: loading tensor blk.24.attn_v.scale
create_tensor: loading tensor blk.24.attn_output.scale
create_tensor: loading tensor blk.24.ffn_gate.scale
create_tensor: loading tensor blk.24.ffn_down.scale
create_tensor: loading tensor blk.24.ffn_up.scale
create_tensor: loading tensor blk.24.attn_q.input_scale
create_tensor: loading tensor blk.24.attn_k.input_scale
create_tensor: loading tensor blk.24.attn_v.input_scale
create_tensor: loading tensor blk.24.attn_output.input_scale
create_tensor: loading tensor blk.24.ffn_gate.input_scale
create_tensor: loading tensor blk.24.ffn_down.input_scale
create_tensor: loading tensor blk.24.ffn_up.input_scale
create_tensor: loading tensor blk.25.attn_q.scale
create_tensor: loading tensor blk.25.attn_k.scale
create_tensor: loading tensor blk.25.attn_v.scale
create_tensor: loading tensor blk.25.attn_output.scale
create_tensor: loading tensor blk.25.ffn_gate.scale
create_tensor: loading tensor blk.25.ffn_down.scale
create_tensor: loading tensor blk.25.ffn_up.scale
create_tensor: loading tensor blk.25.attn_q.input_scale
create_tensor: loading tensor blk.25.attn_k.input_scale
create_tensor: loading tensor blk.25.attn_v.input_scale
create_tensor: loading tensor blk.25.attn_output.input_scale
create_tensor: loading tensor blk.25.ffn_gate.input_scale
create_tensor: loading tensor blk.25.ffn_down.input_scale
create_tensor: loading tensor blk.25.ffn_up.input_scale
create_tensor: loading tensor blk.26.attn_q.scale
create_tensor: loading tensor blk.26.attn_k.scale
create_tensor: loading tensor blk.26.attn_v.scale
create_tensor: loading tensor blk.26.attn_output.scale
create_tensor: loading tensor blk.26.ffn_gate.scale
create_tensor: loading tensor blk.26.ffn_down.scale
create_tensor: loading tensor blk.26.ffn_up.scale
create_tensor: loading tensor blk.26.attn_q.input_scale
create_tensor: loading tensor blk.26.attn_k.input_scale
create_tensor: loading tensor blk.26.attn_v.input_scale
create_tensor: loading tensor blk.26.attn_output.input_scale
create_tensor: loading tensor blk.26.ffn_gate.input_scale
create_tensor: loading tensor blk.26.ffn_down.input_scale
create_tensor: loading tensor blk.26.ffn_up.input_scale
create_tensor: loading tensor blk.27.attn_q.scale
create_tensor: loading tensor blk.27.attn_k.scale
create_tensor: loading tensor blk.27.attn_v.scale
create_tensor: loading tensor blk.27.attn_output.scale
create_tensor: loading tensor blk.27.ffn_gate.scale
create_tensor: loading tensor blk.27.ffn_down.scale
create_tensor: loading tensor blk.27.ffn_up.scale
create_tensor: loading tensor blk.27.attn_q.input_scale
create_tensor: loading tensor blk.27.attn_k.input_scale
create_tensor: loading tensor blk.27.attn_v.input_scale
create_tensor: loading tensor blk.27.attn_output.input_scale
create_tensor: loading tensor blk.27.ffn_gate.input_scale
create_tensor: loading tensor blk.27.ffn_down.input_scale
create_tensor: loading tensor blk.27.ffn_up.input_scale
create_tensor: loading tensor blk.28.attn_q.scale
create_tensor: loading tensor blk.28.attn_k.scale
create_tensor: loading tensor blk.28.attn_v.scale
create_tensor: loading tensor blk.28.attn_output.scale
create_tensor: loading tensor blk.28.ffn_gate.scale
create_tensor: loading tensor blk.28.ffn_down.scale
create_tensor: loading tensor blk.28.ffn_up.scale
create_tensor: loading tensor blk.28.attn_q.input_scale
create_tensor: loading tensor blk.28.attn_k.input_scale
create_tensor: loading tensor blk.28.attn_v.input_scale
create_tensor: loading tensor blk.28.attn_output.input_scale
create_tensor: loading tensor blk.28.ffn_gate.input_scale
create_tensor: loading tensor blk.28.ffn_down.input_scale
create_tensor: loading tensor blk.28.ffn_up.input_scale
create_tensor: loading tensor blk.29.attn_q.scale
create_tensor: loading tensor blk.29.attn_k.scale
create_tensor: loading tensor blk.29.attn_v.scale
create_tensor: loading tensor blk.29.attn_output.scale
create_tensor: loading tensor blk.29.ffn_gate.scale
create_tensor: loading tensor blk.29.ffn_down.scale
create_tensor: loading tensor blk.29.ffn_up.scale
create_tensor: loading tensor blk.29.attn_q.input_scale
create_tensor: loading tensor blk.29.attn_k.input_scale
create_tensor: loading tensor blk.29.attn_v.input_scale
create_tensor: loading tensor blk.29.attn_output.input_scale
create_tensor: loading tensor blk.29.ffn_gate.input_scale
create_tensor: loading tensor blk.29.ffn_down.input_scale
create_tensor: loading tensor blk.29.ffn_up.input_scale
create_tensor: loading tensor blk.30.attn_q.scale
create_tensor: loading tensor blk.30.attn_k.scale
create_tensor: loading tensor blk.30.attn_v.scale
create_tensor: loading tensor blk.30.attn_output.scale
create_tensor: loading tensor blk.30.ffn_gate.scale
create_tensor: loading tensor blk.30.ffn_down.scale
create_tensor: loading tensor blk.30.ffn_up.scale
create_tensor: loading tensor blk.30.attn_q.input_scale
create_tensor: loading tensor blk.30.attn_k.input_scale
create_tensor: loading tensor blk.30.attn_v.input_scale
create_tensor: loading tensor blk.30.attn_output.input_scale
create_tensor: loading tensor blk.30.ffn_gate.input_scale
create_tensor: loading tensor blk.30.ffn_down.input_scale
create_tensor: loading tensor blk.30.ffn_up.input_scale
create_tensor: loading tensor blk.31.attn_q.scale
create_tensor: loading tensor blk.31.attn_k.scale
create_tensor: loading tensor blk.31.attn_v.scale
create_tensor: loading tensor blk.31.attn_output.scale
create_tensor: loading tensor blk.31.ffn_gate.scale
create_tensor: loading tensor blk.31.ffn_down.scale
create_tensor: loading tensor blk.31.ffn_up.scale
create_tensor: loading tensor blk.31.attn_q.input_scale
create_tensor: loading tensor blk.31.attn_k.input_scale
create_tensor: loading tensor blk.31.attn_v.input_scale
create_tensor: loading tensor blk.31.attn_output.input_scale
create_tensor: loading tensor blk.31.ffn_gate.input_scale
create_tensor: loading tensor blk.31.ffn_down.input_scale
create_tensor: loading tensor blk.31.ffn_up.input_scale
create_tensor: loading tensor blk.32.attn_q.scale
create_tensor: loading tensor blk.32.attn_k.scale
create_tensor: loading tensor blk.32.attn_v.scale
create_tensor: loading tensor blk.32.attn_output.scale
create_tensor: loading tensor blk.32.ffn_gate.scale
create_tensor: loading tensor blk.32.ffn_down.scale
create_tensor: loading tensor blk.32.ffn_up.scale
create_tensor: loading tensor blk.32.attn_q.input_scale
create_tensor: loading tensor blk.32.attn_k.input_scale
create_tensor: loading tensor blk.32.attn_v.input_scale
create_tensor: loading tensor blk.32.attn_output.input_scale
create_tensor: loading tensor blk.32.ffn_gate.input_scale
create_tensor: loading tensor blk.32.ffn_down.input_scale
create_tensor: loading tensor blk.32.ffn_up.input_scale
create_tensor: loading tensor blk.33.attn_q.scale
create_tensor: loading tensor blk.33.attn_k.scale
create_tensor: loading tensor blk.33.attn_v.scale
create_tensor: loading tensor blk.33.attn_output.scale
create_tensor: loading tensor blk.33.ffn_gate.scale
create_tensor: loading tensor blk.33.ffn_down.scale
create_tensor: loading tensor blk.33.ffn_up.scale
create_tensor: loading tensor blk.33.attn_q.input_scale
create_tensor: loading tensor blk.33.attn_k.input_scale
create_tensor: loading tensor blk.33.attn_v.input_scale
create_tensor: loading tensor blk.33.attn_output.input_scale
create_tensor: loading tensor blk.33.ffn_gate.input_scale
create_tensor: loading tensor blk.33.ffn_down.input_scale
create_tensor: loading tensor blk.33.ffn_up.input_scale
create_tensor: loading tensor blk.34.attn_q.scale
create_tensor: loading tensor blk.34.attn_k.scale
create_tensor: loading tensor blk.34.attn_v.scale
create_tensor: loading tensor blk.34.attn_output.scale
create_tensor: loading tensor blk.34.ffn_gate.scale
create_tensor: loading tensor blk.34.ffn_down.scale
create_tensor: loading tensor blk.34.ffn_up.scale
create_tensor: loading tensor blk.34.attn_q.input_scale
create_tensor: loading tensor blk.34.attn_k.input_scale
create_tensor: loading tensor blk.34.attn_v.input_scale
create_tensor: loading tensor blk.34.attn_output.input_scale
create_tensor: loading tensor blk.34.ffn_gate.input_scale
create_tensor: loading tensor blk.34.ffn_down.input_scale
create_tensor: loading tensor blk.34.ffn_up.input_scale
done_getting_tensors: tensor 'token_embd.weight' (q6_K) (and 1 others) cannot be used with preferred buffer type OPENVINO0_HOST, using CPU instead
load_tensors: offloading output layer to GPU
load_tensors: offloading 34 repeating layers to GPU
load_tensors: offloaded 36/36 layers to GPU
load_tensors:   CPU_Mapped model buffer size =  2152.50 MiB
load_tensors:    OPENVINO0 model buffer size =  2208.44 MiB
..REQUANT ggml_backend_openvino_buffer_set_tensor: token_embd.weight to Q8_0_C (u8, block_size=1536)
.SHARED ggml_backend_openvino_buffer_set_tensor: per_layer_model_proj.weight
SHARED ggml_backend_openvino_buffer_set_tensor: per_layer_proj_norm.weight
SHARED ggml_backend_openvino_buffer_set_tensor: output_norm.weight
SHARED ggml_backend_openvino_buffer_set_tensor: blk.0.attn_norm.weight
REQUANT ggml_backend_openvino_buffer_set_tensor: blk.0.attn_q.weight to Q8_0_C (u8, block_size=1536)
REQUANT ggml_backend_openvino_buffer_set_tensor: blk.0.attn_k.weight to Q8_0_C (u8, block_size=1536)
REQUANT ggml_backend_openvino_buffer_set_tensor: blk.0.attn_v.weight to Q8_0_C (u8, block_size=1536)
REQUANT ggml_backend_openvino_buffer_set_tensor: blk.0.attn_output.weight to Q8_0_C (u8, block_size=2048)
.SHARED ggml_backend_openvino_buffer_set_tensor: blk.0.attn_q_norm.weight
SHARED ggml_backend_openvino_buffer_set_tensor: blk.0.attn_k_norm.weight
SHARED ggml_backend_openvino_buffer_set_tensor: blk.0.post_attention_norm.weight
SHARED ggml_backend_openvino_buffer_set_tensor: blk.0.layer_output_scale.weight
SHARED ggml_backend_openvino_buffer_set_tensor: blk.0.ffn_norm.weight
REQUANT ggml_backend_openvino_buffer_set_tensor: blk.0.ffn_gate.weight to Q8_0_C (u8, block_size=1536)
REQUANT ggml_backend_openvino_buffer_set_tensor: blk.0.ffn_up.weight to Q8_0_C (u8, block_size=1536)
REQUANT ggml_backend_openvino_buffer_set_tensor: blk.0.ffn_down.weight to Q8_0_C (u8, block_size=6144)
SHARED ggml_backend_openvino_buffer_set_tensor: blk.0.post_ffw_norm.weight
REQUANT ggml_backend_openvino_buffer_set_tensor: blk.0.inp_gate.weight to Q8_0_C (u8, block_size=1536)
REQUANT ggml_backend_openvino_buffer_set_tensor: blk.0.proj.weight to Q8_0_C (u8, block_size=256)
SHARED ggml_backend_openvino_buffer_set_tensor: blk.0.post_norm.weight
SHARED ggml_backend_openvino_buffer_set_tensor: blk.1.attn_norm.weight
REQUANT ggml_backend_openvino_buffer_set_tensor: blk.1.attn_q.weight to Q8_0_C (u8, block_size=1536)
REQUANT ggml_backend_openvino_buffer_set_tensor: blk.1.attn_k.weight to Q8_0_C (u8, block_size=1536)
REQUANT ggml_backend_openvino_buffer_set_tensor: blk.1.attn_v.weight to Q8_0_C (u8, block_size=1536)
REQUANT ggml_backend_openvino_buffer_set_tensor: blk.1.attn_output.weight to Q8_0_C (u8, block_size=2048)
SHARED ggml_backend_openvino_buffer_set_tensor: blk.1.attn_q_norm.weight
SHARED ggml_backend_openvino_buffer_set_tensor: blk.1.attn_k_norm.weight
SHARED ggml_backend_openvino_buffer_set_tensor: blk.1.post_attention_norm.weight
SHARED ggml_backend_openvino_buffer_set_tensor: blk.1.layer_output_scale.weight
SHARED ggml_backend_openvino_buffer_set_tensor: blk.1.ffn_norm.weight
REQUANT ggml_backend_openvino_buffer_set_tensor: blk.1.ffn_gate.weight to Q8_0_C (u8, block_size=1536)
REQUANT ggml_backend_openvino_buffer_set_tensor: blk.1.ffn_up.weight to Q8_0_C (u8, block_size=1536)
.REQUANT ggml_backend_openvino_buffer_set_tensor: blk.1.ffn_down.weight to Q8_0_C (u8, block_size=6144)
SHARED ggml_backend_openvino_buffer_set_tensor: blk.1.post_ffw_norm.weight
REQUANT ggml_backend_openvino_buffer_set_tensor: blk.1.inp_gate.weight to Q8_0_C (u8, block_size=1536)
REQUANT ggml_backend_openvino_buffer_set_tensor: blk.1.proj.weight to Q8_0_C (u8, block_size=256)
SHARED ggml_backend_openvino_buffer_set_tensor: blk.1.post_norm.weight
SHARED ggml_backend_openvino_buffer_set_tensor: blk.2.attn_norm.weight
REQUANT ggml_backend_openvino_buffer_set_tensor: blk.2.attn_q.weight to Q8_0_C (u8, block_size=1536)
REQUANT ggml_backend_openvino_buffer_set_tensor: blk.2.attn_k.weight to Q8_0_C (u8, block_size=1536)
REQUANT ggml_backend_openvino_buffer_set_tensor: blk.2.attn_v.weight to Q8_0_C (u8, block_size=1536)
REQUANT ggml_backend_openvino_buffer_set_tensor: blk.2.attn_output.weight to Q8_0_C (u8, block_size=2048)
SHARED ggml_backend_openvino_buffer_set_tensor: blk.2.attn_q_norm.weight
SHARED ggml_backend_openvino_buffer_set_tensor: blk.2.attn_k_norm.weight
SHARED ggml_backend_openvino_buffer_set_tensor: blk.2.post_attention_norm.weight
SHARED ggml_backend_openvino_buffer_set_tensor: blk.2.layer_output_scale.weight
SHARED ggml_backend_openvino_buffer_set_tensor: blk.2.ffn_norm.weight
REQUANT ggml_backend_openvino_buffer_set_tensor: blk.2.ffn_gate.weight to Q8_0_C (u8, block_size=1536)
REQUANT ggml_backend_openvino_buffer_set_tensor: blk.2.ffn_up.weight to Q8_0_C (u8, block_size=1536)
REQUANT ggml_backend_openvino_buffer_set_tensor: blk.2.ffn_down.weight to Q8_0_C (u8, block_size=6144)
SHARED ggml_backend_openvino_buffer_set_tensor: blk.2.post_ffw_norm.weight
REQUANT ggml_backend_openvino_buffer_set_tensor: blk.2.inp_gate.weight to Q8_0_C (u8, block_size=1536)
REQUANT ggml_backend_openvino_buffer_set_tensor: blk.2.proj.weight to Q8_0_C (u8, block_size=256)
.SHARED ggml_backend_openvino_buffer_set_tensor: blk.2.post_norm.weight
SHARED ggml_backend_openvino_buffer_set_tensor: blk.3.attn_norm.weight
REQUANT ggml_backend_openvino_buffer_set_tensor: blk.3.attn_q.weight to Q8_0_C (u8, block_size=1536)
REQUANT ggml_backend_openvino_buffer_set_tensor: blk.3.attn_k.weight to Q8_0_C (u8, block_size=1536)
REQUANT ggml_backend_openvino_buffer_set_tensor: blk.3.attn_v.weight to Q8_0_C (u8, block_size=1536)
REQUANT ggml_backend_openvino_buffer_set_tensor: blk.3.attn_output.weight to Q8_0_C (u8, block_size=2048)
SHARED ggml_backend_openvino_buffer_set_tensor: blk.3.attn_q_norm.weight
SHARED ggml_backend_openvino_buffer_set_tensor: blk.3.attn_k_norm.weight
SHARED ggml_backend_openvino_buffer_set_tensor: blk.3.post_attention_norm.weight
SHARED ggml_backend_openvino_buffer_set_tensor: blk.3.layer_output_scale.weight
SHARED ggml_backend_openvino_buffer_set_tensor: blk.3.ffn_norm.weight
REQUANT ggml_backend_openvino_buffer_set_tensor: blk.3.ffn_gate.weight to Q8_0_C (u8, block_size=1536)
REQUANT ggml_backend_openvino_buffer_set_tensor: blk.3.ffn_up.weight to Q8_0_C (u8, block_size=1536)
REQUANT ggml_backend_openvino_buffer_set_tensor: blk.3.ffn_down.weight to Q8_0_C (u8, block_size=6144)
SHARED ggml_backend_openvino_buffer_set_tensor: blk.3.post_ffw_norm.weight
REQUANT ggml_backend_openvino_buffer_set_tensor: blk.3.inp_gate.weight to Q8_0_C (u8, block_size=1536)
REQUANT ggml_backend_openvino_buffer_set_tensor: blk.3.proj.weight to Q8_0_C (u8, block_size=256)
SHARED ggml_backend_openvino_buffer_set_tensor: blk.3.post_norm.weight
SHARED ggml_backend_openvino_buffer_set_tensor: blk.4.attn_norm.weight
REQUANT ggml_backend_openvino_buffer_set_tensor: blk.4.attn_q.weight to Q8_0_C (u8, block_size=1536)
REQUANT ggml_backend_openvino_buffer_set_tensor: blk.4.attn_k.weight to Q8_0_C (u8, block_size=1536)
REQUANT ggml_backend_openvino_buffer_set_tensor: blk.4.attn_v.weight to Q8_0_C (u8, block_size=1536)
REQUANT ggml_backend_openvino_buffer_set_tensor: blk.4.attn_output.weight to Q8_0_C (u8, block_size=4096)
SHARED ggml_backend_openvino_buffer_set_tensor: blk.4.attn_q_norm.weight
SHARED ggml_backend_openvino_buffer_set_tensor: blk.4.attn_k_norm.weight
SHARED ggml_backend_openvino_buffer_set_tensor: blk.4.post_attention_norm.weight
SHARED ggml_backend_openvino_buffer_set_tensor: blk.4.layer_output_scale.weight
SHARED ggml_backend_openvino_buffer_set_tensor: rope_freqs.weight
SHARED ggml_backend_openvino_buffer_set_tensor: blk.4.ffn_norm.weight
REQUANT ggml_backend_openvino_buffer_set_tensor: blk.4.ffn_gate.weight to Q8_0_C (u8, block_size=1536)
.REQUANT ggml_backend_openvino_buffer_set_tensor: blk.4.ffn_up.weight to Q8_0_C (u8, block_size=1536)
REQUANT ggml_backend_openvino_buffer_set_tensor: blk.4.ffn_down.weight to Q8_0_C (u8, block_size=6144)
SHARED ggml_backend_openvino_buffer_set_tensor: blk.4.post_ffw_norm.weight
REQUANT ggml_backend_openvino_buffer_set_tensor: blk.4.inp_gate.weight to Q8_0_C (u8, block_size=1536)
REQUANT ggml_backend_openvino_buffer_set_tensor: blk.4.proj.weight to Q8_0_C (u8, block_size=256)
SHARED ggml_backend_openvino_buffer_set_tensor: blk.4.post_norm.weight
SHARED ggml_backend_openvino_buffer_set_tensor: blk.5.attn_norm.weight
REQUANT ggml_backend_openvino_buffer_set_tensor: blk.5.attn_q.weight to Q8_0_C (u8, block_size=1536)
REQUANT ggml_backend_openvino_buffer_set_tensor: blk.5.attn_k.weight to Q8_0_C (u8, block_size=1536)
REQUANT ggml_backend_openvino_buffer_set_tensor: blk.5.attn_v.weight to Q8_0_C (u8, block_size=1536)
REQUANT ggml_backend_openvino_buffer_set_tensor: blk.5.attn_output.weight to Q8_0_C (u8, block_size=2048)
SHARED ggml_backend_openvino_buffer_set_tensor: blk.5.attn_q_norm.weight
SHARED ggml_backend_openvino_buffer_set_tensor: blk.5.attn_k_norm.weight
SHARED ggml_backend_openvino_buffer_set_tensor: blk.5.post_attention_norm.weight
SHARED ggml_backend_openvino_buffer_set_tensor: blk.5.layer_output_scale.weight
SHARED ggml_backend_openvino_buffer_set_tensor: blk.5.ffn_norm.weight
REQUANT ggml_backend_openvino_buffer_set_tensor: blk.5.ffn_gate.weight to Q8_0_C (u8, block_size=1536)
REQUANT ggml_backend_openvino_buffer_set_tensor: blk.5.ffn_up.weight to Q8_0_C (u8, block_size=1536)
.REQUANT ggml_backend_openvino_buffer_set_tensor: blk.5.ffn_down.weight to Q8_0_C (u8, block_size=6144)
SHARED ggml_backend_openvino_buffer_set_tensor: blk.5.post_ffw_norm.weight
REQUANT ggml_backend_openvino_buffer_set_tensor: blk.5.inp_gate.weight to Q8_0_C (u8, block_size=1536)
REQUANT ggml_backend_openvino_buffer_set_tensor: blk.5.proj.weight to Q8_0_C (u8, block_size=256)
SHARED ggml_backend_openvino_buffer_set_tensor: blk.5.post_norm.weight
SHARED ggml_backend_openvino_buffer_set_tensor: blk.6.attn_norm.weight
REQUANT ggml_backend_openvino_buffer_set_tensor: blk.6.attn_q.weight to Q8_0_C (u8, block_size=1536)
REQUANT ggml_backend_openvino_buffer_set_tensor: blk.6.attn_k.weight to Q8_0_C (u8, block_size=1536)
REQUANT ggml_backend_openvino_buffer_set_tensor: blk.6.attn_v.weight to Q8_0_C (u8, block_size=1536)
REQUANT ggml_backend_openvino_buffer_set_tensor: blk.6.attn_output.weight to Q8_0_C (u8, block_size=2048)
SHARED ggml_backend_openvino_buffer_set_tensor: blk.6.attn_q_norm.weight
SHARED ggml_backend_openvino_buffer_set_tensor: blk.6.attn_k_norm.weight
SHARED ggml_backend_openvino_buffer_set_tensor: blk.6.post_attention_norm.weight
SHARED ggml_backend_openvino_buffer_set_tensor: blk.6.layer_output_scale.weight
SHARED ggml_backend_openvino_buffer_set_tensor: blk.6.ffn_norm.weight
REQUANT ggml_backend_openvino_buffer_set_tensor: blk.6.ffn_gate.weight to Q8_0_C (u8, block_size=1536)
REQUANT ggml_backend_openvino_buffer_set_tensor: blk.6.ffn_up.weight to Q8_0_C (u8, block_size=1536)
REQUANT ggml_backend_openvino_buffer_set_tensor: blk.6.ffn_down.weight to Q8_0_C (u8, block_size=6144)
SHARED ggml_backend_openvino_buffer_set_tensor: blk.6.post_ffw_norm.weight
REQUANT ggml_backend_openvino_buffer_set_tensor: blk.6.inp_gate.weight to Q8_0_C (u8, block_size=1536)
REQUANT ggml_backend_openvino_buffer_set_tensor: blk.6.proj.weight to Q8_0_C (u8, block_size=256)
SHARED ggml_backend_openvino_buffer_set_tensor: blk.6.post_norm.weight
SHARED ggml_backend_openvino_buffer_set_tensor: blk.7.attn_norm.weight
REQUANT ggml_backend_openvino_buffer_set_tensor: blk.7.attn_q.weight to Q8_0_C (u8, block_size=1536)
.REQUANT ggml_backend_openvino_buffer_set_tensor: blk.7.attn_k.weight to Q8_0_C (u8, block_size=1536)
REQUANT ggml_backend_openvino_buffer_set_tensor: blk.7.attn_v.weight to Q8_0_C (u8, block_size=1536)
REQUANT ggml_backend_openvino_buffer_set_tensor: blk.7.attn_output.weight to Q8_0_C (u8, block_size=2048)
SHARED ggml_backend_openvino_buffer_set_tensor: blk.7.attn_q_norm.weight
SHARED ggml_backend_openvino_buffer_set_tensor: blk.7.attn_k_norm.weight
SHARED ggml_backend_openvino_buffer_set_tensor: blk.7.post_attention_norm.weight
SHARED ggml_backend_openvino_buffer_set_tensor: blk.7.layer_output_scale.weight
SHARED ggml_backend_openvino_buffer_set_tensor: blk.7.ffn_norm.weight
REQUANT ggml_backend_openvino_buffer_set_tensor: blk.7.ffn_gate.weight to Q8_0_C (u8, block_size=1536)
REQUANT ggml_backend_openvino_buffer_set_tensor: blk.7.ffn_up.weight to Q8_0_C (u8, block_size=1536)
REQUANT ggml_backend_openvino_buffer_set_tensor: blk.7.ffn_down.weight to Q8_0_C (u8, block_size=6144)
SHARED ggml_backend_openvino_buffer_set_tensor: blk.7.post_ffw_norm.weight
REQUANT ggml_backend_openvino_buffer_set_tensor: blk.7.inp_gate.weight to Q8_0_C (u8, block_size=1536)
REQUANT ggml_backend_openvino_buffer_set_tensor: blk.7.proj.weight to Q8_0_C (u8, block_size=256)
SHARED ggml_backend_openvino_buffer_set_tensor: blk.7.post_norm.weight
SHARED ggml_backend_openvino_buffer_set_tensor: blk.8.attn_norm.weight
REQUANT ggml_backend_openvino_buffer_set_tensor: blk.8.attn_q.weight to Q8_0_C (u8, block_size=1536)
REQUANT ggml_backend_openvino_buffer_set_tensor: blk.8.attn_k.weight to Q8_0_C (u8, block_size=1536)
REQUANT ggml_backend_openvino_buffer_set_tensor: blk.8.attn_v.weight to Q8_0_C (u8, block_size=1536)
REQUANT ggml_backend_openvino_buffer_set_tensor: blk.8.attn_output.weight to Q8_0_C (u8, block_size=2048)
SHARED ggml_backend_openvino_buffer_set_tensor: blk.8.attn_q_norm.weight
SHARED ggml_backend_openvino_buffer_set_tensor: blk.8.attn_k_norm.weight
SHARED ggml_backend_openvino_buffer_set_tensor: blk.8.post_attention_norm.weight
SHARED ggml_backend_openvino_buffer_set_tensor: blk.8.layer_output_scale.weight
SHARED ggml_backend_openvino_buffer_set_tensor: blk.8.ffn_norm.weight
REQUANT ggml_backend_openvino_buffer_set_tensor: blk.8.ffn_gate.weight to Q8_0_C (u8, block_size=1536)
.REQUANT ggml_backend_openvino_buffer_set_tensor: blk.8.ffn_up.weight to Q8_0_C (u8, block_size=1536)
REQUANT ggml_backend_openvino_buffer_set_tensor: blk.8.ffn_down.weight to Q8_0_C (u8, block_size=6144)
SHARED ggml_backend_openvino_buffer_set_tensor: blk.8.post_ffw_norm.weight
REQUANT ggml_backend_openvino_buffer_set_tensor: blk.8.inp_gate.weight to Q8_0_C (u8, block_size=1536)
REQUANT ggml_backend_openvino_buffer_set_tensor: blk.8.proj.weight to Q8_0_C (u8, block_size=256)
SHARED ggml_backend_openvino_buffer_set_tensor: blk.8.post_norm.weight
SHARED ggml_backend_openvino_buffer_set_tensor: blk.9.attn_norm.weight
REQUANT ggml_backend_openvino_buffer_set_tensor: blk.9.attn_q.weight to Q8_0_C (u8, block_size=1536)
REQUANT ggml_backend_openvino_buffer_set_tensor: blk.9.attn_k.weight to Q8_0_C (u8, block_size=1536)
REQUANT ggml_backend_openvino_buffer_set_tensor: blk.9.attn_v.weight to Q8_0_C (u8, block_size=1536)
REQUANT ggml_backend_openvino_buffer_set_tensor: blk.9.attn_output.weight to Q8_0_C (u8, block_size=4096)
SHARED ggml_backend_openvino_buffer_set_tensor: blk.9.attn_q_norm.weight
SHARED ggml_backend_openvino_buffer_set_tensor: blk.9.attn_k_norm.weight
SHARED ggml_backend_openvino_buffer_set_tensor: blk.9.post_attention_norm.weight
SHARED ggml_backend_openvino_buffer_set_tensor: blk.9.layer_output_scale.weight
SHARED ggml_backend_openvino_buffer_set_tensor: blk.9.ffn_norm.weight
REQUANT ggml_backend_openvino_buffer_set_tensor: blk.9.ffn_gate.weight to Q8_0_C (u8, block_size=1536)
REQUANT ggml_backend_openvino_buffer_set_tensor: blk.9.ffn_up.weight to Q8_0_C (u8, block_size=1536)
.REQUANT ggml_backend_openvino_buffer_set_tensor: blk.9.ffn_down.weight to Q8_0_C (u8, block_size=6144)
SHARED ggml_backend_openvino_buffer_set_tensor: blk.9.post_ffw_norm.weight
REQUANT ggml_backend_openvino_buffer_set_tensor: blk.9.inp_gate.weight to Q8_0_C (u8, block_size=1536)
REQUANT ggml_backend_openvino_buffer_set_tensor: blk.9.proj.weight to Q8_0_C (u8, block_size=256)
SHARED ggml_backend_openvino_buffer_set_tensor: blk.9.post_norm.weight
SHARED ggml_backend_openvino_buffer_set_tensor: blk.10.attn_norm.weight
REQUANT ggml_backend_openvino_buffer_set_tensor: blk.10.attn_q.weight to Q8_0_C (u8, block_size=1536)
REQUANT ggml_backend_openvino_buffer_set_tensor: blk.10.attn_k.weight to Q8_0_C (u8, block_size=1536)
REQUANT ggml_backend_openvino_buffer_set_tensor: blk.10.attn_v.weight to Q8_0_C (u8, block_size=1536)
REQUANT ggml_backend_openvino_buffer_set_tensor: blk.10.attn_output.weight to Q8_0_C (u8, block_size=2048)
SHARED ggml_backend_openvino_buffer_set_tensor: blk.10.attn_q_norm.weight
SHARED ggml_backend_openvino_buffer_set_tensor: blk.10.attn_k_norm.weight
SHARED ggml_backend_openvino_buffer_set_tensor: blk.10.post_attention_norm.weight
SHARED ggml_backend_openvino_buffer_set_tensor: blk.10.layer_output_scale.weight
SHARED ggml_backend_openvino_buffer_set_tensor: blk.10.ffn_norm.weight
REQUANT ggml_backend_openvino_buffer_set_tensor: blk.10.ffn_gate.weight to Q8_0_C (u8, block_size=1536)
REQUANT ggml_backend_openvino_buffer_set_tensor: blk.10.ffn_up.weight to Q8_0_C (u8, block_size=1536)
REQUANT ggml_backend_openvino_buffer_set_tensor: blk.10.ffn_down.weight to Q8_0_C (u8, block_size=6144)
SHARED ggml_backend_openvino_buffer_set_tensor: blk.10.post_ffw_norm.weight
REQUANT ggml_backend_openvino_buffer_set_tensor: blk.10.inp_gate.weight to Q8_0_C (u8, block_size=1536)
REQUANT ggml_backend_openvino_buffer_set_tensor: blk.10.proj.weight to Q8_0_C (u8, block_size=256)
SHARED ggml_backend_openvino_buffer_set_tensor: blk.10.post_norm.weight
SHARED ggml_backend_openvino_buffer_set_tensor: blk.11.attn_norm.weight
REQUANT ggml_backend_openvino_buffer_set_tensor: blk.11.attn_q.weight to Q8_0_C (u8, block_size=1536)
.REQUANT ggml_backend_openvino_buffer_set_tensor: blk.11.attn_k.weight to Q8_0_C (u8, block_size=1536)
REQUANT ggml_backend_openvino_buffer_set_tensor: blk.11.attn_v.weight to Q8_0_C (u8, block_size=1536)
REQUANT ggml_backend_openvino_buffer_set_tensor: blk.11.attn_output.weight to Q8_0_C (u8, block_size=2048)
SHARED ggml_backend_openvino_buffer_set_tensor: blk.11.attn_q_norm.weight
SHARED ggml_backend_openvino_buffer_set_tensor: blk.11.attn_k_norm.weight
SHARED ggml_backend_openvino_buffer_set_tensor: blk.11.post_attention_norm.weight
SHARED ggml_backend_openvino_buffer_set_tensor: blk.11.layer_output_scale.weight
SHARED ggml_backend_openvino_buffer_set_tensor: blk.11.ffn_norm.weight
REQUANT ggml_backend_openvino_buffer_set_tensor: blk.11.ffn_gate.weight to Q8_0_C (u8, block_size=1536)
REQUANT ggml_backend_openvino_buffer_set_tensor: blk.11.ffn_up.weight to Q8_0_C (u8, block_size=1536)
REQUANT ggml_backend_openvino_buffer_set_tensor: blk.11.ffn_down.weight to Q8_0_C (u8, block_size=6144)
SHARED ggml_backend_openvino_buffer_set_tensor: blk.11.post_ffw_norm.weight
REQUANT ggml_backend_openvino_buffer_set_tensor: blk.11.inp_gate.weight to Q8_0_C (u8, block_size=1536)
REQUANT ggml_backend_openvino_buffer_set_tensor: blk.11.proj.weight to Q8_0_C (u8, block_size=256)
SHARED ggml_backend_openvino_buffer_set_tensor: blk.11.post_norm.weight
SHARED ggml_backend_openvino_buffer_set_tensor: blk.12.attn_norm.weight
REQUANT ggml_backend_openvino_buffer_set_tensor: blk.12.attn_q.weight to Q8_0_C (u8, block_size=1536)
REQUANT ggml_backend_openvino_buffer_set_tensor: blk.12.attn_k.weight to Q8_0_C (u8, block_size=1536)
REQUANT ggml_backend_openvino_buffer_set_tensor: blk.12.attn_v.weight to Q8_0_C (u8, block_size=1536)
REQUANT ggml_backend_openvino_buffer_set_tensor: blk.12.attn_output.weight to Q8_0_C (u8, block_size=2048)
SHARED ggml_backend_openvino_buffer_set_tensor: blk.12.attn_q_norm.weight
SHARED ggml_backend_openvino_buffer_set_tensor: blk.12.attn_k_norm.weight
SHARED ggml_backend_openvino_buffer_set_tensor: blk.12.post_attention_norm.weight
SHARED ggml_backend_openvino_buffer_set_tensor: blk.12.layer_output_scale.weight
SHARED ggml_backend_openvino_buffer_set_tensor: blk.12.ffn_norm.weight
REQUANT ggml_backend_openvino_buffer_set_tensor: blk.12.ffn_gate.weight to Q8_0_C (u8, block_size=1536)
.REQUANT ggml_backend_openvino_buffer_set_tensor: blk.12.ffn_up.weight to Q8_0_C (u8, block_size=1536)
REQUANT ggml_backend_openvino_buffer_set_tensor: blk.12.ffn_down.weight to Q8_0_C (u8, block_size=6144)
SHARED ggml_backend_openvino_buffer_set_tensor: blk.12.post_ffw_norm.weight
REQUANT ggml_backend_openvino_buffer_set_tensor: blk.12.inp_gate.weight to Q8_0_C (u8, block_size=1536)
REQUANT ggml_backend_openvino_buffer_set_tensor: blk.12.proj.weight to Q8_0_C (u8, block_size=256)
SHARED ggml_backend_openvino_buffer_set_tensor: blk.12.post_norm.weight
SHARED ggml_backend_openvino_buffer_set_tensor: blk.13.attn_norm.weight
REQUANT ggml_backend_openvino_buffer_set_tensor: blk.13.attn_q.weight to Q8_0_C (u8, block_size=1536)
REQUANT ggml_backend_openvino_buffer_set_tensor: blk.13.attn_k.weight to Q8_0_C (u8, block_size=1536)
REQUANT ggml_backend_openvino_buffer_set_tensor: blk.13.attn_v.weight to Q8_0_C (u8, block_size=1536)
REQUANT ggml_backend_openvino_buffer_set_tensor: blk.13.attn_output.weight to Q8_0_C (u8, block_size=2048)
SHARED ggml_backend_openvino_buffer_set_tensor: blk.13.attn_q_norm.weight
SHARED ggml_backend_openvino_buffer_set_tensor: blk.13.attn_k_norm.weight
SHARED ggml_backend_openvino_buffer_set_tensor: blk.13.post_attention_norm.weight
SHARED ggml_backend_openvino_buffer_set_tensor: blk.13.layer_output_scale.weight
SHARED ggml_backend_openvino_buffer_set_tensor: blk.13.ffn_norm.weight
REQUANT ggml_backend_openvino_buffer_set_tensor: blk.13.ffn_gate.weight to Q8_0_C (u8, block_size=1536)
REQUANT ggml_backend_openvino_buffer_set_tensor: blk.13.ffn_up.weight to Q8_0_C (u8, block_size=1536)
REQUANT ggml_backend_openvino_buffer_set_tensor: blk.13.ffn_down.weight to Q8_0_C (u8, block_size=6144)
.SHARED ggml_backend_openvino_buffer_set_tensor: blk.13.post_ffw_norm.weight
REQUANT ggml_backend_openvino_buffer_set_tensor: blk.13.inp_gate.weight to Q8_0_C (u8, block_size=1536)
REQUANT ggml_backend_openvino_buffer_set_tensor: blk.13.proj.weight to Q8_0_C (u8, block_size=256)
SHARED ggml_backend_openvino_buffer_set_tensor: blk.13.post_norm.weight
SHARED ggml_backend_openvino_buffer_set_tensor: blk.14.attn_norm.weight
REQUANT ggml_backend_openvino_buffer_set_tensor: blk.14.attn_q.weight to Q8_0_C (u8, block_size=1536)
REQUANT ggml_backend_openvino_buffer_set_tensor: blk.14.attn_k.weight to Q8_0_C (u8, block_size=1536)
REQUANT ggml_backend_openvino_buffer_set_tensor: blk.14.attn_v.weight to Q8_0_C (u8, block_size=1536)
REQUANT ggml_backend_openvino_buffer_set_tensor: blk.14.attn_output.weight to Q8_0_C (u8, block_size=4096)
SHARED ggml_backend_openvino_buffer_set_tensor: blk.14.attn_q_norm.weight
SHARED ggml_backend_openvino_buffer_set_tensor: blk.14.attn_k_norm.weight
SHARED ggml_backend_openvino_buffer_set_tensor: blk.14.post_attention_norm.weight
SHARED ggml_backend_openvino_buffer_set_tensor: blk.14.layer_output_scale.weight
SHARED ggml_backend_openvino_buffer_set_tensor: blk.14.ffn_norm.weight
REQUANT ggml_backend_openvino_buffer_set_tensor: blk.14.ffn_gate.weight to Q8_0_C (u8, block_size=1536)
REQUANT ggml_backend_openvino_buffer_set_tensor: blk.14.ffn_up.weight to Q8_0_C (u8, block_size=1536)
REQUANT ggml_backend_openvino_buffer_set_tensor: blk.14.ffn_down.weight to Q8_0_C (u8, block_size=6144)
SHARED ggml_backend_openvino_buffer_set_tensor: blk.14.post_ffw_norm.weight
REQUANT ggml_backend_openvino_buffer_set_tensor: blk.14.inp_gate.weight to Q8_0_C (u8, block_size=1536)
REQUANT ggml_backend_openvino_buffer_set_tensor: blk.14.proj.weight to Q8_0_C (u8, block_size=256)
SHARED ggml_backend_openvino_buffer_set_tensor: blk.14.post_norm.weight
SHARED ggml_backend_openvino_buffer_set_tensor: blk.15.attn_norm.weight
REQUANT ggml_backend_openvino_buffer_set_tensor: blk.15.attn_q.weight to Q8_0_C (u8, block_size=1536)
.REQUANT ggml_backend_openvino_buffer_set_tensor: blk.15.attn_k.weight to Q8_0_C (u8, block_size=1536)
REQUANT ggml_backend_openvino_buffer_set_tensor: blk.15.attn_v.weight to Q8_0_C (u8, block_size=1536)
REQUANT ggml_backend_openvino_buffer_set_tensor: blk.15.attn_output.weight to Q8_0_C (u8, block_size=2048)
SHARED ggml_backend_openvino_buffer_set_tensor: blk.15.attn_q_norm.weight
SHARED ggml_backend_openvino_buffer_set_tensor: blk.15.attn_k_norm.weight
SHARED ggml_backend_openvino_buffer_set_tensor: blk.15.post_attention_norm.weight
SHARED ggml_backend_openvino_buffer_set_tensor: blk.15.layer_output_scale.weight
SHARED ggml_backend_openvino_buffer_set_tensor: blk.15.ffn_norm.weight
REQUANT ggml_backend_openvino_buffer_set_tensor: blk.15.ffn_gate.weight to Q8_0_C (u8, block_size=1536)
REQUANT ggml_backend_openvino_buffer_set_tensor: blk.15.ffn_up.weight to Q8_0_C (u8, block_size=1536)
REQUANT ggml_backend_openvino_buffer_set_tensor: blk.15.ffn_down.weight to Q8_0_C (u8, block_size=12288)
.SHARED ggml_backend_openvino_buffer_set_tensor: blk.15.post_ffw_norm.weight
REQUANT ggml_backend_openvino_buffer_set_tensor: blk.15.inp_gate.weight to Q8_0_C (u8, block_size=1536)
REQUANT ggml_backend_openvino_buffer_set_tensor: blk.15.proj.weight to Q8_0_C (u8, block_size=256)
SHARED ggml_backend_openvino_buffer_set_tensor: blk.15.post_norm.weight
SHARED ggml_backend_openvino_buffer_set_tensor: blk.16.attn_norm.weight
REQUANT ggml_backend_openvino_buffer_set_tensor: blk.16.attn_q.weight to Q8_0_C (u8, block_size=1536)
REQUANT ggml_backend_openvino_buffer_set_tensor: blk.16.attn_k.weight to Q8_0_C (u8, block_size=1536)
REQUANT ggml_backend_openvino_buffer_set_tensor: blk.16.attn_v.weight to Q8_0_C (u8, block_size=1536)
REQUANT ggml_backend_openvino_buffer_set_tensor: blk.16.attn_output.weight to Q8_0_C (u8, block_size=2048)
SHARED ggml_backend_openvino_buffer_set_tensor: blk.16.attn_q_norm.weight
SHARED ggml_backend_openvino_buffer_set_tensor: blk.16.attn_k_norm.weight
SHARED ggml_backend_openvino_buffer_set_tensor: blk.16.post_attention_norm.weight
SHARED ggml_backend_openvino_buffer_set_tensor: blk.16.layer_output_scale.weight
SHARED ggml_backend_openvino_buffer_set_tensor: blk.16.ffn_norm.weight
REQUANT ggml_backend_openvino_buffer_set_tensor: blk.16.ffn_gate.weight to Q8_0_C (u8, block_size=1536)
REQUANT ggml_backend_openvino_buffer_set_tensor: blk.16.ffn_up.weight to Q8_0_C (u8, block_size=1536)
.REQUANT ggml_backend_openvino_buffer_set_tensor: blk.16.ffn_down.weight to Q8_0_C (u8, block_size=12288)
SHARED ggml_backend_openvino_buffer_set_tensor: blk.16.post_ffw_norm.weight
REQUANT ggml_backend_openvino_buffer_set_tensor: blk.16.inp_gate.weight to Q8_0_C (u8, block_size=1536)
REQUANT ggml_backend_openvino_buffer_set_tensor: blk.16.proj.weight to Q8_0_C (u8, block_size=256)
SHARED ggml_backend_openvino_buffer_set_tensor: blk.16.post_norm.weight
SHARED ggml_backend_openvino_buffer_set_tensor: blk.17.attn_norm.weight
REQUANT ggml_backend_openvino_buffer_set_tensor: blk.17.attn_q.weight to Q8_0_C (u8, block_size=1536)
REQUANT ggml_backend_openvino_buffer_set_tensor: blk.17.attn_k.weight to Q8_0_C (u8, block_size=1536)
REQUANT ggml_backend_openvino_buffer_set_tensor: blk.17.attn_v.weight to Q8_0_C (u8, block_size=1536)
REQUANT ggml_backend_openvino_buffer_set_tensor: blk.17.attn_output.weight to Q8_0_C (u8, block_size=2048)
SHARED ggml_backend_openvino_buffer_set_tensor: blk.17.attn_q_norm.weight
SHARED ggml_backend_openvino_buffer_set_tensor: blk.17.attn_k_norm.weight
SHARED ggml_backend_openvino_buffer_set_tensor: blk.17.post_attention_norm.weight
SHARED ggml_backend_openvino_buffer_set_tensor: blk.17.layer_output_scale.weight
SHARED ggml_backend_openvino_buffer_set_tensor: blk.17.ffn_norm.weight
REQUANT ggml_backend_openvino_buffer_set_tensor: blk.17.ffn_gate.weight to Q8_0_C (u8, block_size=1536)
.REQUANT ggml_backend_openvino_buffer_set_tensor: blk.17.ffn_up.weight to Q8_0_C (u8, block_size=1536)
REQUANT ggml_backend_openvino_buffer_set_tensor: blk.17.ffn_down.weight to Q8_0_C (u8, block_size=12288)
SHARED ggml_backend_openvino_buffer_set_tensor: blk.17.post_ffw_norm.weight
REQUANT ggml_backend_openvino_buffer_set_tensor: blk.17.inp_gate.weight to Q8_0_C (u8, block_size=1536)
REQUANT ggml_backend_openvino_buffer_set_tensor: blk.17.proj.weight to Q8_0_C (u8, block_size=256)
SHARED ggml_backend_openvino_buffer_set_tensor: blk.17.post_norm.weight
SHARED ggml_backend_openvino_buffer_set_tensor: blk.18.attn_norm.weight
REQUANT ggml_backend_openvino_buffer_set_tensor: blk.18.attn_q.weight to Q8_0_C (u8, block_size=1536)
REQUANT ggml_backend_openvino_buffer_set_tensor: blk.18.attn_k.weight to Q8_0_C (u8, block_size=1536)
REQUANT ggml_backend_openvino_buffer_set_tensor: blk.18.attn_v.weight to Q8_0_C (u8, block_size=1536)
REQUANT ggml_backend_openvino_buffer_set_tensor: blk.18.attn_output.weight to Q8_0_C (u8, block_size=2048)
SHARED ggml_backend_openvino_buffer_set_tensor: blk.18.attn_q_norm.weight
SHARED ggml_backend_openvino_buffer_set_tensor: blk.18.attn_k_norm.weight
SHARED ggml_backend_openvino_buffer_set_tensor: blk.18.post_attention_norm.weight
SHARED ggml_backend_openvino_buffer_set_tensor: blk.18.layer_output_scale.weight
SHARED ggml_backend_openvino_buffer_set_tensor: blk.18.ffn_norm.weight
REQUANT ggml_backend_openvino_buffer_set_tensor: blk.18.ffn_gate.weight to Q8_0_C (u8, block_size=1536)
.REQUANT ggml_backend_openvino_buffer_set_tensor: blk.18.ffn_up.weight to Q8_0_C (u8, block_size=1536)
REQUANT ggml_backend_openvino_buffer_set_tensor: blk.18.ffn_down.weight to Q8_0_C (u8, block_size=12288)
.SHARED ggml_backend_openvino_buffer_set_tensor: blk.18.post_ffw_norm.weight
REQUANT ggml_backend_openvino_buffer_set_tensor: blk.18.inp_gate.weight to Q8_0_C (u8, block_size=1536)
REQUANT ggml_backend_openvino_buffer_set_tensor: blk.18.proj.weight to Q8_0_C (u8, block_size=256)
SHARED ggml_backend_openvino_buffer_set_tensor: blk.18.post_norm.weight
SHARED ggml_backend_openvino_buffer_set_tensor: blk.19.attn_norm.weight
REQUANT ggml_backend_openvino_buffer_set_tensor: blk.19.attn_q.weight to Q8_0_C (u8, block_size=1536)
REQUANT ggml_backend_openvino_buffer_set_tensor: blk.19.attn_k.weight to Q8_0_C (u8, block_size=1536)
REQUANT ggml_backend_openvino_buffer_set_tensor: blk.19.attn_v.weight to Q8_0_C (u8, block_size=1536)
REQUANT ggml_backend_openvino_buffer_set_tensor: blk.19.attn_output.weight to Q8_0_C (u8, block_size=4096)
SHARED ggml_backend_openvino_buffer_set_tensor: blk.19.attn_q_norm.weight
SHARED ggml_backend_openvino_buffer_set_tensor: blk.19.attn_k_norm.weight
SHARED ggml_backend_openvino_buffer_set_tensor: blk.19.post_attention_norm.weight
SHARED ggml_backend_openvino_buffer_set_tensor: blk.19.layer_output_scale.weight
SHARED ggml_backend_openvino_buffer_set_tensor: blk.19.ffn_norm.weight
REQUANT ggml_backend_openvino_buffer_set_tensor: blk.19.ffn_gate.weight to Q8_0_C (u8, block_size=1536)
REQUANT ggml_backend_openvino_buffer_set_tensor: blk.19.ffn_up.weight to Q8_0_C (u8, block_size=1536)
.REQUANT ggml_backend_openvino_buffer_set_tensor: blk.19.ffn_down.weight to Q8_0_C (u8, block_size=12288)
SHARED ggml_backend_openvino_buffer_set_tensor: blk.19.post_ffw_norm.weight
REQUANT ggml_backend_openvino_buffer_set_tensor: blk.19.inp_gate.weight to Q8_0_C (u8, block_size=1536)
REQUANT ggml_backend_openvino_buffer_set_tensor: blk.19.proj.weight to Q8_0_C (u8, block_size=256)
SHARED ggml_backend_openvino_buffer_set_tensor: blk.19.post_norm.weight
SHARED ggml_backend_openvino_buffer_set_tensor: blk.20.attn_norm.weight
REQUANT ggml_backend_openvino_buffer_set_tensor: blk.20.attn_q.weight to Q8_0_C (u8, block_size=1536)
REQUANT ggml_backend_openvino_buffer_set_tensor: blk.20.attn_k.weight to Q8_0_C (u8, block_size=1536)
REQUANT ggml_backend_openvino_buffer_set_tensor: blk.20.attn_v.weight to Q8_0_C (u8, block_size=1536)
REQUANT ggml_backend_openvino_buffer_set_tensor: blk.20.attn_output.weight to Q8_0_C (u8, block_size=2048)
SHARED ggml_backend_openvino_buffer_set_tensor: blk.20.attn_q_norm.weight
SHARED ggml_backend_openvino_buffer_set_tensor: blk.20.attn_k_norm.weight
SHARED ggml_backend_openvino_buffer_set_tensor: blk.20.post_attention_norm.weight
SHARED ggml_backend_openvino_buffer_set_tensor: blk.20.layer_output_scale.weight
SHARED ggml_backend_openvino_buffer_set_tensor: blk.20.ffn_norm.weight
REQUANT ggml_backend_openvino_buffer_set_tensor: blk.20.ffn_gate.weight to Q8_0_C (u8, block_size=1536)
.REQUANT ggml_backend_openvino_buffer_set_tensor: blk.20.ffn_up.weight to Q8_0_C (u8, block_size=1536)
REQUANT ggml_backend_openvino_buffer_set_tensor: blk.20.ffn_down.weight to Q8_0_C (u8, block_size=12288)
SHARED ggml_backend_openvino_buffer_set_tensor: blk.20.post_ffw_norm.weight
REQUANT ggml_backend_openvino_buffer_set_tensor: blk.20.inp_gate.weight to Q8_0_C (u8, block_size=1536)
REQUANT ggml_backend_openvino_buffer_set_tensor: blk.20.proj.weight to Q8_0_C (u8, block_size=256)
SHARED ggml_backend_openvino_buffer_set_tensor: blk.20.post_norm.weight
SHARED ggml_backend_openvino_buffer_set_tensor: blk.21.attn_norm.weight
REQUANT ggml_backend_openvino_buffer_set_tensor: blk.21.attn_q.weight to Q8_0_C (u8, block_size=1536)
REQUANT ggml_backend_openvino_buffer_set_tensor: blk.21.attn_k.weight to Q8_0_C (u8, block_size=1536)
REQUANT ggml_backend_openvino_buffer_set_tensor: blk.21.attn_v.weight to Q8_0_C (u8, block_size=1536)
REQUANT ggml_backend_openvino_buffer_set_tensor: blk.21.attn_output.weight to Q8_0_C (u8, block_size=2048)
SHARED ggml_backend_openvino_buffer_set_tensor: blk.21.attn_q_norm.weight
SHARED ggml_backend_openvino_buffer_set_tensor: blk.21.attn_k_norm.weight
SHARED ggml_backend_openvino_buffer_set_tensor: blk.21.post_attention_norm.weight
SHARED ggml_backend_openvino_buffer_set_tensor: blk.21.layer_output_scale.weight
SHARED ggml_backend_openvino_buffer_set_tensor: blk.21.ffn_norm.weight
REQUANT ggml_backend_openvino_buffer_set_tensor: blk.21.ffn_gate.weight to Q8_0_C (u8, block_size=1536)
.REQUANT ggml_backend_openvino_buffer_set_tensor: blk.21.ffn_up.weight to Q8_0_C (u8, block_size=1536)
REQUANT ggml_backend_openvino_buffer_set_tensor: blk.21.ffn_down.weight to Q8_0_C (u8, block_size=12288)
.SHARED ggml_backend_openvino_buffer_set_tensor: blk.21.post_ffw_norm.weight
REQUANT ggml_backend_openvino_buffer_set_tensor: blk.21.inp_gate.weight to Q8_0_C (u8, block_size=1536)
REQUANT ggml_backend_openvino_buffer_set_tensor: blk.21.proj.weight to Q8_0_C (u8, block_size=256)
SHARED ggml_backend_openvino_buffer_set_tensor: blk.21.post_norm.weight
SHARED ggml_backend_openvino_buffer_set_tensor: blk.22.attn_norm.weight
REQUANT ggml_backend_openvino_buffer_set_tensor: blk.22.attn_q.weight to Q8_0_C (u8, block_size=1536)
REQUANT ggml_backend_openvino_buffer_set_tensor: blk.22.attn_k.weight to Q8_0_C (u8, block_size=1536)
REQUANT ggml_backend_openvino_buffer_set_tensor: blk.22.attn_v.weight to Q8_0_C (u8, block_size=1536)
REQUANT ggml_backend_openvino_buffer_set_tensor: blk.22.attn_output.weight to Q8_0_C (u8, block_size=2048)
SHARED ggml_backend_openvino_buffer_set_tensor: blk.22.attn_q_norm.weight
SHARED ggml_backend_openvino_buffer_set_tensor: blk.22.attn_k_norm.weight
SHARED ggml_backend_openvino_buffer_set_tensor: blk.22.post_attention_norm.weight
SHARED ggml_backend_openvino_buffer_set_tensor: blk.22.layer_output_scale.weight
SHARED ggml_backend_openvino_buffer_set_tensor: blk.22.ffn_norm.weight
REQUANT ggml_backend_openvino_buffer_set_tensor: blk.22.ffn_gate.weight to Q8_0_C (u8, block_size=1536)
REQUANT ggml_backend_openvino_buffer_set_tensor: blk.22.ffn_up.weight to Q8_0_C (u8, block_size=1536)
REQUANT ggml_backend_openvino_buffer_set_tensor: blk.22.ffn_down.weight to Q8_0_C (u8, block_size=12288)
.SHARED ggml_backend_openvino_buffer_set_tensor: blk.22.post_ffw_norm.weight
REQUANT ggml_backend_openvino_buffer_set_tensor: blk.22.inp_gate.weight to Q8_0_C (u8, block_size=1536)
REQUANT ggml_backend_openvino_buffer_set_tensor: blk.22.proj.weight to Q8_0_C (u8, block_size=256)
SHARED ggml_backend_openvino_buffer_set_tensor: blk.22.post_norm.weight
SHARED ggml_backend_openvino_buffer_set_tensor: blk.23.attn_norm.weight
REQUANT ggml_backend_openvino_buffer_set_tensor: blk.23.attn_q.weight to Q8_0_C (u8, block_size=1536)
REQUANT ggml_backend_openvino_buffer_set_tensor: blk.23.attn_k.weight to Q8_0_C (u8, block_size=1536)
REQUANT ggml_backend_openvino_buffer_set_tensor: blk.23.attn_v.weight to Q8_0_C (u8, block_size=1536)
REQUANT ggml_backend_openvino_buffer_set_tensor: blk.23.attn_output.weight to Q8_0_C (u8, block_size=2048)
SHARED ggml_backend_openvino_buffer_set_tensor: blk.23.attn_q_norm.weight
SHARED ggml_backend_openvino_buffer_set_tensor: blk.23.attn_k_norm.weight
SHARED ggml_backend_openvino_buffer_set_tensor: blk.23.post_attention_norm.weight
SHARED ggml_backend_openvino_buffer_set_tensor: blk.23.layer_output_scale.weight
SHARED ggml_backend_openvino_buffer_set_tensor: blk.23.ffn_norm.weight
REQUANT ggml_backend_openvino_buffer_set_tensor: blk.23.ffn_gate.weight to Q8_0_C (u8, block_size=1536)
REQUANT ggml_backend_openvino_buffer_set_tensor: blk.23.ffn_up.weight to Q8_0_C (u8, block_size=1536)
.REQUANT ggml_backend_openvino_buffer_set_tensor: blk.23.ffn_down.weight to Q8_0_C (u8, block_size=12288)
SHARED ggml_backend_openvino_buffer_set_tensor: blk.23.post_ffw_norm.weight
REQUANT ggml_backend_openvino_buffer_set_tensor: blk.23.inp_gate.weight to Q8_0_C (u8, block_size=1536)
REQUANT ggml_backend_openvino_buffer_set_tensor: blk.23.proj.weight to Q8_0_C (u8, block_size=256)
SHARED ggml_backend_openvino_buffer_set_tensor: blk.23.post_norm.weight
SHARED ggml_backend_openvino_buffer_set_tensor: blk.24.attn_norm.weight
REQUANT ggml_backend_openvino_buffer_set_tensor: blk.24.attn_q.weight to Q8_0_C (u8, block_size=1536)
REQUANT ggml_backend_openvino_buffer_set_tensor: blk.24.attn_k.weight to Q8_0_C (u8, block_size=1536)
REQUANT ggml_backend_openvino_buffer_set_tensor: blk.24.attn_v.weight to Q8_0_C (u8, block_size=1536)
REQUANT ggml_backend_openvino_buffer_set_tensor: blk.24.attn_output.weight to Q8_0_C (u8, block_size=4096)
SHARED ggml_backend_openvino_buffer_set_tensor: blk.24.attn_q_norm.weight
SHARED ggml_backend_openvino_buffer_set_tensor: blk.24.attn_k_norm.weight
SHARED ggml_backend_openvino_buffer_set_tensor: blk.24.post_attention_norm.weight
SHARED ggml_backend_openvino_buffer_set_tensor: blk.24.layer_output_scale.weight
SHARED ggml_backend_openvino_buffer_set_tensor: blk.24.ffn_norm.weight
REQUANT ggml_backend_openvino_buffer_set_tensor: blk.24.ffn_gate.weight to Q8_0_C (u8, block_size=1536)
.REQUANT ggml_backend_openvino_buffer_set_tensor: blk.24.ffn_up.weight to Q8_0_C (u8, block_size=1536)
REQUANT ggml_backend_openvino_buffer_set_tensor: blk.24.ffn_down.weight to Q8_0_C (u8, block_size=12288)
SHARED ggml_backend_openvino_buffer_set_tensor: blk.24.post_ffw_norm.weight
REQUANT ggml_backend_openvino_buffer_set_tensor: blk.24.inp_gate.weight to Q8_0_C (u8, block_size=1536)
REQUANT ggml_backend_openvino_buffer_set_tensor: blk.24.proj.weight to Q8_0_C (u8, block_size=256)
SHARED ggml_backend_openvino_buffer_set_tensor: blk.24.post_norm.weight
SHARED ggml_backend_openvino_buffer_set_tensor: blk.25.attn_norm.weight
REQUANT ggml_backend_openvino_buffer_set_tensor: blk.25.attn_q.weight to Q8_0_C (u8, block_size=1536)
.REQUANT ggml_backend_openvino_buffer_set_tensor: blk.25.attn_k.weight to Q8_0_C (u8, block_size=1536)
REQUANT ggml_backend_openvino_buffer_set_tensor: blk.25.attn_v.weight to Q8_0_C (u8, block_size=1536)
REQUANT ggml_backend_openvino_buffer_set_tensor: blk.25.attn_output.weight to Q8_0_C (u8, block_size=2048)
SHARED ggml_backend_openvino_buffer_set_tensor: blk.25.attn_q_norm.weight
SHARED ggml_backend_openvino_buffer_set_tensor: blk.25.attn_k_norm.weight
SHARED ggml_backend_openvino_buffer_set_tensor: blk.25.post_attention_norm.weight
SHARED ggml_backend_openvino_buffer_set_tensor: blk.25.layer_output_scale.weight
SHARED ggml_backend_openvino_buffer_set_tensor: blk.25.ffn_norm.weight
REQUANT ggml_backend_openvino_buffer_set_tensor: blk.25.ffn_gate.weight to Q8_0_C (u8, block_size=1536)
REQUANT ggml_backend_openvino_buffer_set_tensor: blk.25.ffn_up.weight to Q8_0_C (u8, block_size=1536)
REQUANT ggml_backend_openvino_buffer_set_tensor: blk.25.ffn_down.weight to Q8_0_C (u8, block_size=12288)
.SHARED ggml_backend_openvino_buffer_set_tensor: blk.25.post_ffw_norm.weight
REQUANT ggml_backend_openvino_buffer_set_tensor: blk.25.inp_gate.weight to Q8_0_C (u8, block_size=1536)
REQUANT ggml_backend_openvino_buffer_set_tensor: blk.25.proj.weight to Q8_0_C (u8, block_size=256)
SHARED ggml_backend_openvino_buffer_set_tensor: blk.25.post_norm.weight
SHARED ggml_backend_openvino_buffer_set_tensor: blk.26.attn_norm.weight
REQUANT ggml_backend_openvino_buffer_set_tensor: blk.26.attn_q.weight to Q8_0_C (u8, block_size=1536)
REQUANT ggml_backend_openvino_buffer_set_tensor: blk.26.attn_k.weight to Q8_0_C (u8, block_size=1536)
REQUANT ggml_backend_openvino_buffer_set_tensor: blk.26.attn_v.weight to Q8_0_C (u8, block_size=1536)
REQUANT ggml_backend_openvino_buffer_set_tensor: blk.26.attn_output.weight to Q8_0_C (u8, block_size=2048)
SHARED ggml_backend_openvino_buffer_set_tensor: blk.26.attn_q_norm.weight
SHARED ggml_backend_openvino_buffer_set_tensor: blk.26.attn_k_norm.weight
SHARED ggml_backend_openvino_buffer_set_tensor: blk.26.post_attention_norm.weight
SHARED ggml_backend_openvino_buffer_set_tensor: blk.26.layer_output_scale.weight
SHARED ggml_backend_openvino_buffer_set_tensor: blk.26.ffn_norm.weight
REQUANT ggml_backend_openvino_buffer_set_tensor: blk.26.ffn_gate.weight to Q8_0_C (u8, block_size=1536)
REQUANT ggml_backend_openvino_buffer_set_tensor: blk.26.ffn_up.weight to Q8_0_C (u8, block_size=1536)
.REQUANT ggml_backend_openvino_buffer_set_tensor: blk.26.ffn_down.weight to Q8_0_C (u8, block_size=12288)
SHARED ggml_backend_openvino_buffer_set_tensor: blk.26.post_ffw_norm.weight
REQUANT ggml_backend_openvino_buffer_set_tensor: blk.26.inp_gate.weight to Q8_0_C (u8, block_size=1536)
REQUANT ggml_backend_openvino_buffer_set_tensor: blk.26.proj.weight to Q8_0_C (u8, block_size=256)
SHARED ggml_backend_openvino_buffer_set_tensor: blk.26.post_norm.weight
SHARED ggml_backend_openvino_buffer_set_tensor: blk.27.attn_norm.weight
REQUANT ggml_backend_openvino_buffer_set_tensor: blk.27.attn_q.weight to Q8_0_C (u8, block_size=1536)
REQUANT ggml_backend_openvino_buffer_set_tensor: blk.27.attn_k.weight to Q8_0_C (u8, block_size=1536)
REQUANT ggml_backend_openvino_buffer_set_tensor: blk.27.attn_v.weight to Q8_0_C (u8, block_size=1536)
REQUANT ggml_backend_openvino_buffer_set_tensor: blk.27.attn_output.weight to Q8_0_C (u8, block_size=2048)
SHARED ggml_backend_openvino_buffer_set_tensor: blk.27.attn_q_norm.weight
SHARED ggml_backend_openvino_buffer_set_tensor: blk.27.attn_k_norm.weight
SHARED ggml_backend_openvino_buffer_set_tensor: blk.27.post_attention_norm.weight
SHARED ggml_backend_openvino_buffer_set_tensor: blk.27.layer_output_scale.weight
SHARED ggml_backend_openvino_buffer_set_tensor: blk.27.ffn_norm.weight
REQUANT ggml_backend_openvino_buffer_set_tensor: blk.27.ffn_gate.weight to Q8_0_C (u8, block_size=1536)
.REQUANT ggml_backend_openvino_buffer_set_tensor: blk.27.ffn_up.weight to Q8_0_C (u8, block_size=1536)
REQUANT ggml_backend_openvino_buffer_set_tensor: blk.27.ffn_down.weight to Q8_0_C (u8, block_size=12288)
SHARED ggml_backend_openvino_buffer_set_tensor: blk.27.post_ffw_norm.weight
REQUANT ggml_backend_openvino_buffer_set_tensor: blk.27.inp_gate.weight to Q8_0_C (u8, block_size=1536)
REQUANT ggml_backend_openvino_buffer_set_tensor: blk.27.proj.weight to Q8_0_C (u8, block_size=256)
SHARED ggml_backend_openvino_buffer_set_tensor: blk.27.post_norm.weight
SHARED ggml_backend_openvino_buffer_set_tensor: blk.28.attn_norm.weight
REQUANT ggml_backend_openvino_buffer_set_tensor: blk.28.attn_q.weight to Q8_0_C (u8, block_size=1536)
REQUANT ggml_backend_openvino_buffer_set_tensor: blk.28.attn_k.weight to Q8_0_C (u8, block_size=1536)
REQUANT ggml_backend_openvino_buffer_set_tensor: blk.28.attn_v.weight to Q8_0_C (u8, block_size=1536)
REQUANT ggml_backend_openvino_buffer_set_tensor: blk.28.attn_output.weight to Q8_0_C (u8, block_size=2048)
SHARED ggml_backend_openvino_buffer_set_tensor: blk.28.attn_q_norm.weight
SHARED ggml_backend_openvino_buffer_set_tensor: blk.28.attn_k_norm.weight
SHARED ggml_backend_openvino_buffer_set_tensor: blk.28.post_attention_norm.weight
SHARED ggml_backend_openvino_buffer_set_tensor: blk.28.layer_output_scale.weight
SHARED ggml_backend_openvino_buffer_set_tensor: blk.28.ffn_norm.weight
REQUANT ggml_backend_openvino_buffer_set_tensor: blk.28.ffn_gate.weight to Q8_0_C (u8, block_size=1536)
.REQUANT ggml_backend_openvino_buffer_set_tensor: blk.28.ffn_up.weight to Q8_0_C (u8, block_size=1536)
REQUANT ggml_backend_openvino_buffer_set_tensor: blk.28.ffn_down.weight to Q8_0_C (u8, block_size=12288)
.SHARED ggml_backend_openvino_buffer_set_tensor: blk.28.post_ffw_norm.weight
REQUANT ggml_backend_openvino_buffer_set_tensor: blk.28.inp_gate.weight to Q8_0_C (u8, block_size=1536)
REQUANT ggml_backend_openvino_buffer_set_tensor: blk.28.proj.weight to Q8_0_C (u8, block_size=256)
SHARED ggml_backend_openvino_buffer_set_tensor: blk.28.post_norm.weight
SHARED ggml_backend_openvino_buffer_set_tensor: blk.29.attn_norm.weight
REQUANT ggml_backend_openvino_buffer_set_tensor: blk.29.attn_q.weight to Q8_0_C (u8, block_size=1536)
REQUANT ggml_backend_openvino_buffer_set_tensor: blk.29.attn_k.weight to Q8_0_C (u8, block_size=1536)
REQUANT ggml_backend_openvino_buffer_set_tensor: blk.29.attn_v.weight to Q8_0_C (u8, block_size=1536)
REQUANT ggml_backend_openvino_buffer_set_tensor: blk.29.attn_output.weight to Q8_0_C (u8, block_size=4096)
SHARED ggml_backend_openvino_buffer_set_tensor: blk.29.attn_q_norm.weight
SHARED ggml_backend_openvino_buffer_set_tensor: blk.29.attn_k_norm.weight
SHARED ggml_backend_openvino_buffer_set_tensor: blk.29.post_attention_norm.weight
SHARED ggml_backend_openvino_buffer_set_tensor: blk.29.layer_output_scale.weight
SHARED ggml_backend_openvino_buffer_set_tensor: blk.29.ffn_norm.weight
REQUANT ggml_backend_openvino_buffer_set_tensor: blk.29.ffn_gate.weight to Q8_0_C (u8, block_size=1536)
REQUANT ggml_backend_openvino_buffer_set_tensor: blk.29.ffn_up.weight to Q8_0_C (u8, block_size=1536)
.REQUANT ggml_backend_openvino_buffer_set_tensor: blk.29.ffn_down.weight to Q8_0_C (u8, block_size=12288)
SHARED ggml_backend_openvino_buffer_set_tensor: blk.29.post_ffw_norm.weight
REQUANT ggml_backend_openvino_buffer_set_tensor: blk.29.inp_gate.weight to Q8_0_C (u8, block_size=1536)
REQUANT ggml_backend_openvino_buffer_set_tensor: blk.29.proj.weight to Q8_0_C (u8, block_size=256)
SHARED ggml_backend_openvino_buffer_set_tensor: blk.29.post_norm.weight
SHARED ggml_backend_openvino_buffer_set_tensor: blk.30.attn_norm.weight
REQUANT ggml_backend_openvino_buffer_set_tensor: blk.30.attn_q.weight to Q8_0_C (u8, block_size=1536)
REQUANT ggml_backend_openvino_buffer_set_tensor: blk.30.attn_k.weight to Q8_0_C (u8, block_size=1536)
REQUANT ggml_backend_openvino_buffer_set_tensor: blk.30.attn_v.weight to Q8_0_C (u8, block_size=1536)
REQUANT ggml_backend_openvino_buffer_set_tensor: blk.30.attn_output.weight to Q8_0_C (u8, block_size=2048)
SHARED ggml_backend_openvino_buffer_set_tensor: blk.30.attn_q_norm.weight
SHARED ggml_backend_openvino_buffer_set_tensor: blk.30.attn_k_norm.weight
SHARED ggml_backend_openvino_buffer_set_tensor: blk.30.post_attention_norm.weight
SHARED ggml_backend_openvino_buffer_set_tensor: blk.30.layer_output_scale.weight
SHARED ggml_backend_openvino_buffer_set_tensor: blk.30.ffn_norm.weight
REQUANT ggml_backend_openvino_buffer_set_tensor: blk.30.ffn_gate.weight to Q8_0_C (u8, block_size=1536)
.REQUANT ggml_backend_openvino_buffer_set_tensor: blk.30.ffn_up.weight to Q8_0_C (u8, block_size=1536)
REQUANT ggml_backend_openvino_buffer_set_tensor: blk.30.ffn_down.weight to Q8_0_C (u8, block_size=12288)
SHARED ggml_backend_openvino_buffer_set_tensor: blk.30.post_ffw_norm.weight
REQUANT ggml_backend_openvino_buffer_set_tensor: blk.30.inp_gate.weight to Q8_0_C (u8, block_size=1536)
REQUANT ggml_backend_openvino_buffer_set_tensor: blk.30.proj.weight to Q8_0_C (u8, block_size=256)
SHARED ggml_backend_openvino_buffer_set_tensor: blk.30.post_norm.weight
SHARED ggml_backend_openvino_buffer_set_tensor: blk.31.attn_norm.weight
REQUANT ggml_backend_openvino_buffer_set_tensor: blk.31.attn_q.weight to Q8_0_C (u8, block_size=1536)
REQUANT ggml_backend_openvino_buffer_set_tensor: blk.31.attn_k.weight to Q8_0_C (u8, block_size=1536)
REQUANT ggml_backend_openvino_buffer_set_tensor: blk.31.attn_v.weight to Q8_0_C (u8, block_size=1536)
REQUANT ggml_backend_openvino_buffer_set_tensor: blk.31.attn_output.weight to Q8_0_C (u8, block_size=2048)
SHARED ggml_backend_openvino_buffer_set_tensor: blk.31.attn_q_norm.weight
SHARED ggml_backend_openvino_buffer_set_tensor: blk.31.attn_k_norm.weight
SHARED ggml_backend_openvino_buffer_set_tensor: blk.31.post_attention_norm.weight
SHARED ggml_backend_openvino_buffer_set_tensor: blk.31.layer_output_scale.weight
SHARED ggml_backend_openvino_buffer_set_tensor: blk.31.ffn_norm.weight
REQUANT ggml_backend_openvino_buffer_set_tensor: blk.31.ffn_gate.weight to Q8_0_C (u8, block_size=1536)
.REQUANT ggml_backend_openvino_buffer_set_tensor: blk.31.ffn_up.weight to Q8_0_C (u8, block_size=1536)
REQUANT ggml_backend_openvino_buffer_set_tensor: blk.31.ffn_down.weight to Q8_0_C (u8, block_size=12288)
.SHARED ggml_backend_openvino_buffer_set_tensor: blk.31.post_ffw_norm.weight
REQUANT ggml_backend_openvino_buffer_set_tensor: blk.31.inp_gate.weight to Q8_0_C (u8, block_size=1536)
REQUANT ggml_backend_openvino_buffer_set_tensor: blk.31.proj.weight to Q8_0_C (u8, block_size=256)
SHARED ggml_backend_openvino_buffer_set_tensor: blk.31.post_norm.weight
SHARED ggml_backend_openvino_buffer_set_tensor: blk.32.attn_norm.weight
REQUANT ggml_backend_openvino_buffer_set_tensor: blk.32.attn_q.weight to Q8_0_C (u8, block_size=1536)
REQUANT ggml_backend_openvino_buffer_set_tensor: blk.32.attn_k.weight to Q8_0_C (u8, block_size=1536)
REQUANT ggml_backend_openvino_buffer_set_tensor: blk.32.attn_v.weight to Q8_0_C (u8, block_size=1536)
REQUANT ggml_backend_openvino_buffer_set_tensor: blk.32.attn_output.weight to Q8_0_C (u8, block_size=2048)
SHARED ggml_backend_openvino_buffer_set_tensor: blk.32.attn_q_norm.weight
SHARED ggml_backend_openvino_buffer_set_tensor: blk.32.attn_k_norm.weight
SHARED ggml_backend_openvino_buffer_set_tensor: blk.32.post_attention_norm.weight
SHARED ggml_backend_openvino_buffer_set_tensor: blk.32.layer_output_scale.weight
SHARED ggml_backend_openvino_buffer_set_tensor: blk.32.ffn_norm.weight
REQUANT ggml_backend_openvino_buffer_set_tensor: blk.32.ffn_gate.weight to Q8_0_C (u8, block_size=1536)
REQUANT ggml_backend_openvino_buffer_set_tensor: blk.32.ffn_up.weight to Q8_0_C (u8, block_size=1536)
REQUANT ggml_backend_openvino_buffer_set_tensor: blk.32.ffn_down.weight to Q8_0_C (u8, block_size=12288)
.SHARED ggml_backend_openvino_buffer_set_tensor: blk.32.post_ffw_norm.weight
REQUANT ggml_backend_openvino_buffer_set_tensor: blk.32.inp_gate.weight to Q8_0_C (u8, block_size=1536)
REQUANT ggml_backend_openvino_buffer_set_tensor: blk.32.proj.weight to Q8_0_C (u8, block_size=256)
SHARED ggml_backend_openvino_buffer_set_tensor: blk.32.post_norm.weight
SHARED ggml_backend_openvino_buffer_set_tensor: blk.33.attn_norm.weight
REQUANT ggml_backend_openvino_buffer_set_tensor: blk.33.attn_q.weight to Q8_0_C (u8, block_size=1536)
REQUANT ggml_backend_openvino_buffer_set_tensor: blk.33.attn_k.weight to Q8_0_C (u8, block_size=1536)
REQUANT ggml_backend_openvino_buffer_set_tensor: blk.33.attn_v.weight to Q8_0_C (u8, block_size=1536)
REQUANT ggml_backend_openvino_buffer_set_tensor: blk.33.attn_output.weight to Q8_0_C (u8, block_size=2048)
SHARED ggml_backend_openvino_buffer_set_tensor: blk.33.attn_q_norm.weight
SHARED ggml_backend_openvino_buffer_set_tensor: blk.33.attn_k_norm.weight
SHARED ggml_backend_openvino_buffer_set_tensor: blk.33.post_attention_norm.weight
SHARED ggml_backend_openvino_buffer_set_tensor: blk.33.layer_output_scale.weight
SHARED ggml_backend_openvino_buffer_set_tensor: blk.33.ffn_norm.weight
REQUANT ggml_backend_openvino_buffer_set_tensor: blk.33.ffn_gate.weight to Q8_0_C (u8, block_size=1536)
REQUANT ggml_backend_openvino_buffer_set_tensor: blk.33.ffn_up.weight to Q8_0_C (u8, block_size=1536)
.REQUANT ggml_backend_openvino_buffer_set_tensor: blk.33.ffn_down.weight to Q8_0_C (u8, block_size=12288)
SHARED ggml_backend_openvino_buffer_set_tensor: blk.33.post_ffw_norm.weight
REQUANT ggml_backend_openvino_buffer_set_tensor: blk.33.inp_gate.weight to Q8_0_C (u8, block_size=1536)
REQUANT ggml_backend_openvino_buffer_set_tensor: blk.33.proj.weight to Q8_0_C (u8, block_size=256)
SHARED ggml_backend_openvino_buffer_set_tensor: blk.33.post_norm.weight
SHARED ggml_backend_openvino_buffer_set_tensor: blk.34.attn_norm.weight
REQUANT ggml_backend_openvino_buffer_set_tensor: blk.34.attn_q.weight to Q8_0_C (u8, block_size=1536)
REQUANT ggml_backend_openvino_buffer_set_tensor: blk.34.attn_k.weight to Q8_0_C (u8, block_size=1536)
REQUANT ggml_backend_openvino_buffer_set_tensor: blk.34.attn_v.weight to Q8_0_C (u8, block_size=1536)
REQUANT ggml_backend_openvino_buffer_set_tensor: blk.34.attn_output.weight to Q8_0_C (u8, block_size=4096)
SHARED ggml_backend_openvino_buffer_set_tensor: blk.34.attn_q_norm.weight
SHARED ggml_backend_openvino_buffer_set_tensor: blk.34.attn_k_norm.weight
SHARED ggml_backend_openvino_buffer_set_tensor: blk.34.post_attention_norm.weight
SHARED ggml_backend_openvino_buffer_set_tensor: blk.34.layer_output_scale.weight
SHARED ggml_backend_openvino_buffer_set_tensor: blk.34.ffn_norm.weight
REQUANT ggml_backend_openvino_buffer_set_tensor: blk.34.ffn_gate.weight to Q8_0_C (u8, block_size=1536)
.REQUANT ggml_backend_openvino_buffer_set_tensor: blk.34.ffn_up.weight to Q8_0_C (u8, block_size=1536)
REQUANT ggml_backend_openvino_buffer_set_tensor: blk.34.ffn_down.weight to Q8_0_C (u8, block_size=12288)
SHARED ggml_backend_openvino_buffer_set_tensor: blk.34.post_ffw_norm.weight
REQUANT ggml_backend_openvino_buffer_set_tensor: blk.34.inp_gate.weight to Q8_0_C (u8, block_size=1536)
REQUANT ggml_backend_openvino_buffer_set_tensor: blk.34.proj.weight to Q8_0_C (u8, block_size=256)
SHARED ggml_backend_openvino_buffer_set_tensor: blk.34.post_norm.weight
.
llama_context: constructing llama_context
llama_context: n_seq_max             = 1
llama_context: n_ctx                 = 256
llama_context: n_ctx_seq             = 256
llama_context: n_batch               = 8
llama_context: n_ubatch              = 8
llama_context: causal_attn           = 1
llama_context: flash_attn            = auto
llama_context: kv_unified            = false
llama_context: freq_base             = 1000000.0
llama_context: freq_scale            = 1
llama_context: n_rs_seq              = 0
llama_context: n_outputs_max         = 8
llama_context: n_outputs_max_per_seq = 1
llama_context: n_ctx_seq (256) < n_ctx_train (131072) -- the full capacity of the model will not be utilized
set_abort_callback: call
llama_context: OPENVINO0_HOST  output buffer size =     1.00 MiB
llama_kv_cache_iswa: creating non-SWA KV cache, size = 256 cells
llama_kv_cache: layer   0: filtered
llama_kv_cache: layer   1: filtered
llama_kv_cache: layer   2: filtered
llama_kv_cache: layer   3: filtered
llama_kv_cache: layer   4: dev = OPENVINO0
llama_kv_cache: layer   5: filtered
llama_kv_cache: layer   6: filtered
llama_kv_cache: layer   7: filtered
llama_kv_cache: layer   8: filtered
llama_kv_cache: layer   9: dev = OPENVINO0
llama_kv_cache: layer  10: filtered
llama_kv_cache: layer  11: filtered
llama_kv_cache: layer  12: filtered
llama_kv_cache: layer  13: filtered
llama_kv_cache: layer  14: dev = OPENVINO0
llama_kv_cache: layer  15: does not have KV cache
llama_kv_cache: layer  16: does not have KV cache
llama_kv_cache: layer  17: does not have KV cache
llama_kv_cache: layer  18: does not have KV cache
llama_kv_cache: layer  19: does not have KV cache
llama_kv_cache: layer  20: does not have KV cache
llama_kv_cache: layer  21: does not have KV cache
llama_kv_cache: layer  22: does not have KV cache
llama_kv_cache: layer  23: does not have KV cache
llama_kv_cache: layer  24: does not have KV cache
llama_kv_cache: layer  25: does not have KV cache
llama_kv_cache: layer  26: does not have KV cache
llama_kv_cache: layer  27: does not have KV cache
llama_kv_cache: layer  28: does not have KV cache
llama_kv_cache: layer  29: does not have KV cache
llama_kv_cache: layer  30: does not have KV cache
llama_kv_cache: layer  31: does not have KV cache
llama_kv_cache: layer  32: does not have KV cache
llama_kv_cache: layer  33: does not have KV cache
llama_kv_cache: layer  34: does not have KV cache
llama_kv_cache: reusing layers:
llama_kv_cache: - layer   0: no reuse
llama_kv_cache: - layer   1: no reuse
llama_kv_cache: - layer   2: no reuse
llama_kv_cache: - layer   3: no reuse
llama_kv_cache: - layer   4: no reuse
llama_kv_cache: - layer   5: no reuse
llama_kv_cache: - layer   6: no reuse
llama_kv_cache: - layer   7: no reuse
llama_kv_cache: - layer   8: no reuse
llama_kv_cache: - layer   9: no reuse
llama_kv_cache: - layer  10: no reuse
llama_kv_cache: - layer  11: no reuse
llama_kv_cache: - layer  12: no reuse
llama_kv_cache: - layer  13: no reuse
llama_kv_cache: - layer  14: no reuse
llama_kv_cache: - layer  15: filtered
llama_kv_cache: - layer  16: filtered
llama_kv_cache: - layer  17: filtered
llama_kv_cache: - layer  18: filtered
llama_kv_cache: - layer  19: reuse layer 14, is_swa = 0
llama_kv_cache: - layer  20: filtered
llama_kv_cache: - layer  21: filtered
llama_kv_cache: - layer  22: filtered
llama_kv_cache: - layer  23: filtered
llama_kv_cache: - layer  24: reuse layer 14, is_swa = 0
llama_kv_cache: - layer  25: filtered
llama_kv_cache: - layer  26: filtered
llama_kv_cache: - layer  27: filtered
llama_kv_cache: - layer  28: filtered
llama_kv_cache: - layer  29: reuse layer 14, is_swa = 0
llama_kv_cache: - layer  30: filtered
llama_kv_cache: - layer  31: filtered
llama_kv_cache: - layer  32: filtered
llama_kv_cache: - layer  33: filtered
llama_kv_cache: - layer  34: reuse layer 14, is_swa = 0
llama_kv_cache:  OPENVINO0 KV buffer size =     1.50 MiB
llama_kv_cache: size =    1.50 MiB (   256 cells,   3 layers,  1/1 seqs), K (f16):    0.75 MiB, V (f16):    0.75 MiB
llama_kv_cache: attn_rot_k = 0, n_embd_head_k_all = 512
llama_kv_cache: attn_rot_v = 0, n_embd_head_k_all = 512
llama_kv_cache_iswa: creating     SWA KV cache, size = 256 cells
llama_kv_cache: layer   0: dev = OPENVINO0
llama_kv_cache: layer   1: dev = OPENVINO0
llama_kv_cache: layer   2: dev = OPENVINO0
llama_kv_cache: layer   3: dev = OPENVINO0
llama_kv_cache: layer   4: filtered
llama_kv_cache: layer   5: dev = OPENVINO0
llama_kv_cache: layer   6: dev = OPENVINO0
llama_kv_cache: layer   7: dev = OPENVINO0
llama_kv_cache: layer   8: dev = OPENVINO0
llama_kv_cache: layer   9: filtered
llama_kv_cache: layer  10: dev = OPENVINO0
llama_kv_cache: layer  11: dev = OPENVINO0
llama_kv_cache: layer  12: dev = OPENVINO0
llama_kv_cache: layer  13: dev = OPENVINO0
llama_kv_cache: layer  14: filtered
llama_kv_cache: layer  15: does not have KV cache
llama_kv_cache: layer  16: does not have KV cache
llama_kv_cache: layer  17: does not have KV cache
llama_kv_cache: layer  18: does not have KV cache
llama_kv_cache: layer  19: does not have KV cache
llama_kv_cache: layer  20: does not have KV cache
llama_kv_cache: layer  21: does not have KV cache
llama_kv_cache: layer  22: does not have KV cache
llama_kv_cache: layer  23: does not have KV cache
llama_kv_cache: layer  24: does not have KV cache
llama_kv_cache: layer  25: does not have KV cache
llama_kv_cache: layer  26: does not have KV cache
llama_kv_cache: layer  27: does not have KV cache
llama_kv_cache: layer  28: does not have KV cache
llama_kv_cache: layer  29: does not have KV cache
llama_kv_cache: layer  30: does not have KV cache
llama_kv_cache: layer  31: does not have KV cache
llama_kv_cache: layer  32: does not have KV cache
llama_kv_cache: layer  33: does not have KV cache
llama_kv_cache: layer  34: does not have KV cache
llama_kv_cache: reusing layers:
llama_kv_cache: - layer   0: no reuse
llama_kv_cache: - layer   1: no reuse
llama_kv_cache: - layer   2: no reuse
llama_kv_cache: - layer   3: no reuse
llama_kv_cache: - layer   4: no reuse
llama_kv_cache: - layer   5: no reuse
llama_kv_cache: - layer   6: no reuse
llama_kv_cache: - layer   7: no reuse
llama_kv_cache: - layer   8: no reuse
llama_kv_cache: - layer   9: no reuse
llama_kv_cache: - layer  10: no reuse
llama_kv_cache: - layer  11: no reuse
llama_kv_cache: - layer  12: no reuse
llama_kv_cache: - layer  13: no reuse
llama_kv_cache: - layer  14: no reuse
llama_kv_cache: - layer  15: reuse layer 13, is_swa = 1
llama_kv_cache: - layer  16: reuse layer 13, is_swa = 1
llama_kv_cache: - layer  17: reuse layer 13, is_swa = 1
llama_kv_cache: - layer  18: reuse layer 13, is_swa = 1
llama_kv_cache: - layer  19: filtered
llama_kv_cache: - layer  20: reuse layer 13, is_swa = 1
llama_kv_cache: - layer  21: reuse layer 13, is_swa = 1
llama_kv_cache: - layer  22: reuse layer 13, is_swa = 1
llama_kv_cache: - layer  23: reuse layer 13, is_swa = 1
llama_kv_cache: - layer  24: filtered
llama_kv_cache: - layer  25: reuse layer 13, is_swa = 1
llama_kv_cache: - layer  26: reuse layer 13, is_swa = 1
llama_kv_cache: - layer  27: reuse layer 13, is_swa = 1
llama_kv_cache: - layer  28: reuse layer 13, is_swa = 1
llama_kv_cache: - layer  29: filtered
llama_kv_cache: - layer  30: reuse layer 13, is_swa = 1
llama_kv_cache: - layer  31: reuse layer 13, is_swa = 1
llama_kv_cache: - layer  32: reuse layer 13, is_swa = 1
llama_kv_cache: - layer  33: reuse layer 13, is_swa = 1
llama_kv_cache: - layer  34: filtered
llama_kv_cache:  OPENVINO0 KV buffer size =     3.00 MiB
llama_kv_cache: size =    3.00 MiB (   256 cells,  12 layers,  1/1 seqs), K (f16):    1.50 MiB, V (f16):    1.50 MiB
llama_kv_cache: attn_rot_k = 0, n_embd_head_k_all = 256
llama_kv_cache: attn_rot_v = 0, n_embd_head_k_all = 256
llama_context: enumerating backends
llama_context: backend_ptrs.size() = 2
sched_reserve: reserving ...
sched_reserve: max_nodes = 4816
sched_reserve: reserving full memory module
sched_reserve: worst-case: n_tokens = 8, n_seqs = 1, n_outputs = 1
graph_reserve: reserving a graph for ubatch with n_tokens =    1, n_seqs =  1, n_outputs =    1
resolve_fused_ops: Flash Attention enabled
resolve_fused_ops: resolving fused DeepSeek V4 HC support:
graph_reserve: reserving a graph for ubatch with n_tokens =    1, n_seqs =  1, n_outputs =    1
resolve_fused_ops: fused DeepSeek V4 HC pre enabled
graph_reserve: reserving a graph for ubatch with n_tokens =    1, n_seqs =  1, n_outputs =    1
resolve_fused_ops: fused DeepSeek V4 HC comb enabled
graph_reserve: reserving a graph for ubatch with n_tokens =    1, n_seqs =  1, n_outputs =    1
resolve_fused_ops: fused DeepSeek V4 HC post enabled
graph_reserve: reserving a graph for ubatch with n_tokens =    8, n_seqs =  1, n_outputs =    8
graph_reserve: reserving a graph for ubatch with n_tokens =    1, n_seqs =  1, n_outputs =    1
graph_reserve: reserving a graph for ubatch with n_tokens =    8, n_seqs =  1, n_outputs =    8
sched_reserve:  OPENVINO0 compute buffer size =     8.09 MiB
sched_reserve: OPENVINO0_HOST compute buffer size =     0.06 MiB
sched_reserve: graph nodes  = 1496
sched_reserve: graph splits = 1
sched_reserve: reserve took 7.08 ms, sched copies = 1
attach_threadpool: call
set_n_threads: n_threads = 10, n_threads_batch = 10
set_n_threads: n_threads = 10, n_threads_batch = 10
| model                          |       size |     params | backend    | ngl |            test |                  t/s |
| ------------------------------ | ---------: | ---------: | ---------- | --: | --------------: | -------------------: |
| gemma4 E2B Q6_K                |   3.57 GiB |     4.65 B | OPENVINO   |  99 |             pp8 |         75.31 ± 0.00 |
llama_perf_context_print:        load time =  107661.01 ms
llama_perf_context_print: prompt eval time =       0.00 ms /    16 tokens (    0.00 ms per token,      inf tokens per second)
llama_perf_context_print:        eval time =       0.00 ms /     1 runs   (    0.00 ms per token,      inf tokens per second)
llama_perf_context_print:       total time =  107769.66 ms /    17 tokens
llama_perf_context_print:    graphs reused =          1
~llama_context:  OPENVINO0 compute buffer size is   8.0938 MiB, matches expectation of   8.0938 MiB
~llama_context: OPENVINO0_HOST compute buffer size is   0.0551 MiB, matches expectation of   0.0551 MiB
llama_context: constructing llama_context
llama_context: n_seq_max             = 1
llama_context: n_ctx                 = 256
llama_context: n_ctx_seq             = 256
llama_context: n_batch               = 4
llama_context: n_ubatch              = 4
llama_context: causal_attn           = 1
llama_context: flash_attn            = auto
llama_context: kv_unified            = false
llama_context: freq_base             = 1000000.0
llama_context: freq_scale            = 1
llama_context: n_rs_seq              = 0
llama_context: n_outputs_max         = 4
llama_context: n_outputs_max_per_seq = 1
llama_context: n_ctx_seq (256) < n_ctx_train (131072) -- the full capacity of the model will not be utilized
set_abort_callback: call
llama_context: OPENVINO0_HOST  output buffer size =     1.00 MiB
llama_kv_cache_iswa: creating non-SWA KV cache, size = 256 cells
llama_kv_cache: layer   0: filtered
llama_kv_cache: layer   1: filtered
llama_kv_cache: layer   2: filtered
llama_kv_cache: layer   3: filtered
llama_kv_cache: layer   4: dev = OPENVINO0
llama_kv_cache: layer   5: filtered
llama_kv_cache: layer   6: filtered
llama_kv_cache: layer   7: filtered
llama_kv_cache: layer   8: filtered
llama_kv_cache: layer   9: dev = OPENVINO0
llama_kv_cache: layer  10: filtered
llama_kv_cache: layer  11: filtered
llama_kv_cache: layer  12: filtered
llama_kv_cache: layer  13: filtered
llama_kv_cache: layer  14: dev = OPENVINO0
llama_kv_cache: layer  15: does not have KV cache
llama_kv_cache: layer  16: does not have KV cache
llama_kv_cache: layer  17: does not have KV cache
llama_kv_cache: layer  18: does not have KV cache
llama_kv_cache: layer  19: does not have KV cache
llama_kv_cache: layer  20: does not have KV cache
llama_kv_cache: layer  21: does not have KV cache
llama_kv_cache: layer  22: does not have KV cache
llama_kv_cache: layer  23: does not have KV cache
llama_kv_cache: layer  24: does not have KV cache
llama_kv_cache: layer  25: does not have KV cache
llama_kv_cache: layer  26: does not have KV cache
llama_kv_cache: layer  27: does not have KV cache
llama_kv_cache: layer  28: does not have KV cache
llama_kv_cache: layer  29: does not have KV cache
llama_kv_cache: layer  30: does not have KV cache
llama_kv_cache: layer  31: does not have KV cache
llama_kv_cache: layer  32: does not have KV cache
llama_kv_cache: layer  33: does not have KV cache
llama_kv_cache: layer  34: does not have KV cache
llama_kv_cache: reusing layers:
llama_kv_cache: - layer   0: no reuse
llama_kv_cache: - layer   1: no reuse
llama_kv_cache: - layer   2: no reuse
llama_kv_cache: - layer   3: no reuse
llama_kv_cache: - layer   4: no reuse
llama_kv_cache: - layer   5: no reuse
llama_kv_cache: - layer   6: no reuse
llama_kv_cache: - layer   7: no reuse
llama_kv_cache: - layer   8: no reuse
llama_kv_cache: - layer   9: no reuse
llama_kv_cache: - layer  10: no reuse
llama_kv_cache: - layer  11: no reuse
llama_kv_cache: - layer  12: no reuse
llama_kv_cache: - layer  13: no reuse
llama_kv_cache: - layer  14: no reuse
llama_kv_cache: - layer  15: filtered
llama_kv_cache: - layer  16: filtered
llama_kv_cache: - layer  17: filtered
llama_kv_cache: - layer  18: filtered
llama_kv_cache: - layer  19: reuse layer 14, is_swa = 0
llama_kv_cache: - layer  20: filtered
llama_kv_cache: - layer  21: filtered
llama_kv_cache: - layer  22: filtered
llama_kv_cache: - layer  23: filtered
llama_kv_cache: - layer  24: reuse layer 14, is_swa = 0
llama_kv_cache: - layer  25: filtered
llama_kv_cache: - layer  26: filtered
llama_kv_cache: - layer  27: filtered
llama_kv_cache: - layer  28: filtered
llama_kv_cache: - layer  29: reuse layer 14, is_swa = 0
llama_kv_cache: - layer  30: filtered
llama_kv_cache: - layer  31: filtered
llama_kv_cache: - layer  32: filtered
llama_kv_cache: - layer  33: filtered
llama_kv_cache: - layer  34: reuse layer 14, is_swa = 0
llama_kv_cache:  OPENVINO0 KV buffer size =     1.50 MiB
llama_kv_cache: size =    1.50 MiB (   256 cells,   3 layers,  1/1 seqs), K (f16):    0.75 MiB, V (f16):    0.75 MiB
llama_kv_cache: attn_rot_k = 0, n_embd_head_k_all = 512
llama_kv_cache: attn_rot_v = 0, n_embd_head_k_all = 512
llama_kv_cache_iswa: creating     SWA KV cache, size = 256 cells
llama_kv_cache: layer   0: dev = OPENVINO0
llama_kv_cache: layer   1: dev = OPENVINO0
llama_kv_cache: layer   2: dev = OPENVINO0
llama_kv_cache: layer   3: dev = OPENVINO0
llama_kv_cache: layer   4: filtered
llama_kv_cache: layer   5: dev = OPENVINO0
llama_kv_cache: layer   6: dev = OPENVINO0
llama_kv_cache: layer   7: dev = OPENVINO0
llama_kv_cache: layer   8: dev = OPENVINO0
llama_kv_cache: layer   9: filtered
llama_kv_cache: layer  10: dev = OPENVINO0
llama_kv_cache: layer  11: dev = OPENVINO0
llama_kv_cache: layer  12: dev = OPENVINO0
llama_kv_cache: layer  13: dev = OPENVINO0
llama_kv_cache: layer  14: filtered
llama_kv_cache: layer  15: does not have KV cache
llama_kv_cache: layer  16: does not have KV cache
llama_kv_cache: layer  17: does not have KV cache
llama_kv_cache: layer  18: does not have KV cache
llama_kv_cache: layer  19: does not have KV cache
llama_kv_cache: layer  20: does not have KV cache
llama_kv_cache: layer  21: does not have KV cache
llama_kv_cache: layer  22: does not have KV cache
llama_kv_cache: layer  23: does not have KV cache
llama_kv_cache: layer  24: does not have KV cache
llama_kv_cache: layer  25: does not have KV cache
llama_kv_cache: layer  26: does not have KV cache
llama_kv_cache: layer  27: does not have KV cache
llama_kv_cache: layer  28: does not have KV cache
llama_kv_cache: layer  29: does not have KV cache
llama_kv_cache: layer  30: does not have KV cache
llama_kv_cache: layer  31: does not have KV cache
llama_kv_cache: layer  32: does not have KV cache
llama_kv_cache: layer  33: does not have KV cache
llama_kv_cache: layer  34: does not have KV cache
llama_kv_cache: reusing layers:
llama_kv_cache: - layer   0: no reuse
llama_kv_cache: - layer   1: no reuse
llama_kv_cache: - layer   2: no reuse
llama_kv_cache: - layer   3: no reuse
llama_kv_cache: - layer   4: no reuse
llama_kv_cache: - layer   5: no reuse
llama_kv_cache: - layer   6: no reuse
llama_kv_cache: - layer   7: no reuse
llama_kv_cache: - layer   8: no reuse
llama_kv_cache: - layer   9: no reuse
llama_kv_cache: - layer  10: no reuse
llama_kv_cache: - layer  11: no reuse
llama_kv_cache: - layer  12: no reuse
llama_kv_cache: - layer  13: no reuse
llama_kv_cache: - layer  14: no reuse
llama_kv_cache: - layer  15: reuse layer 13, is_swa = 1
llama_kv_cache: - layer  16: reuse layer 13, is_swa = 1
llama_kv_cache: - layer  17: reuse layer 13, is_swa = 1
llama_kv_cache: - layer  18: reuse layer 13, is_swa = 1
llama_kv_cache: - layer  19: filtered
llama_kv_cache: - layer  20: reuse layer 13, is_swa = 1
llama_kv_cache: - layer  21: reuse layer 13, is_swa = 1
llama_kv_cache: - layer  22: reuse layer 13, is_swa = 1
llama_kv_cache: - layer  23: reuse layer 13, is_swa = 1
llama_kv_cache: - layer  24: filtered
llama_kv_cache: - layer  25: reuse layer 13, is_swa = 1
llama_kv_cache: - layer  26: reuse layer 13, is_swa = 1
llama_kv_cache: - layer  27: reuse layer 13, is_swa = 1
llama_kv_cache: - layer  28: reuse layer 13, is_swa = 1
llama_kv_cache: - layer  29: filtered
llama_kv_cache: - layer  30: reuse layer 13, is_swa = 1
llama_kv_cache: - layer  31: reuse layer 13, is_swa = 1
llama_kv_cache: - layer  32: reuse layer 13, is_swa = 1
llama_kv_cache: - layer  33: reuse layer 13, is_swa = 1
llama_kv_cache: - layer  34: filtered
llama_kv_cache:  OPENVINO0 KV buffer size =     3.00 MiB
llama_kv_cache: size =    3.00 MiB (   256 cells,  12 layers,  1/1 seqs), K (f16):    1.50 MiB, V (f16):    1.50 MiB
llama_kv_cache: attn_rot_k = 0, n_embd_head_k_all = 256
llama_kv_cache: attn_rot_v = 0, n_embd_head_k_all = 256
llama_context: enumerating backends
llama_context: backend_ptrs.size() = 2
sched_reserve: reserving ...
sched_reserve: max_nodes = 4816
sched_reserve: reserving full memory module
sched_reserve: worst-case: n_tokens = 4, n_seqs = 1, n_outputs = 1
graph_reserve: reserving a graph for ubatch with n_tokens =    1, n_seqs =  1, n_outputs =    1
resolve_fused_ops: Flash Attention enabled
resolve_fused_ops: resolving fused DeepSeek V4 HC support:
graph_reserve: reserving a graph for ubatch with n_tokens =    1, n_seqs =  1, n_outputs =    1
resolve_fused_ops: fused DeepSeek V4 HC pre enabled
graph_reserve: reserving a graph for ubatch with n_tokens =    1, n_seqs =  1, n_outputs =    1
resolve_fused_ops: fused DeepSeek V4 HC comb enabled
graph_reserve: reserving a graph for ubatch with n_tokens =    1, n_seqs =  1, n_outputs =    1
resolve_fused_ops: fused DeepSeek V4 HC post enabled
graph_reserve: reserving a graph for ubatch with n_tokens =    4, n_seqs =  1, n_outputs =    4
graph_reserve: reserving a graph for ubatch with n_tokens =    1, n_seqs =  1, n_outputs =    1
graph_reserve: reserving a graph for ubatch with n_tokens =    4, n_seqs =  1, n_outputs =    4
sched_reserve:  OPENVINO0 compute buffer size =     4.05 MiB
sched_reserve: OPENVINO0_HOST compute buffer size =     0.03 MiB
sched_reserve: graph nodes  = 1496
sched_reserve: graph splits = 1
sched_reserve: reserve took 11.38 ms, sched copies = 1
attach_threadpool: call
set_n_threads: n_threads = 10, n_threads_batch = 10
set_n_threads: n_threads = 10, n_threads_batch = 10
| gemma4 E2B Q6_K                |   3.57 GiB |     4.65 B | OPENVINO   |  99 |             tg4 |         10.71 ± 0.00 |
llama_perf_context_print:        load time =  123187.72 ms
llama_perf_context_print: prompt eval time =       0.00 ms /     1 tokens (    0.00 ms per token,      inf tokens per second)
llama_perf_context_print:        eval time =       0.00 ms /     5 runs   (    0.00 ms per token,      inf tokens per second)
llama_perf_context_print:       total time =  123561.72 ms /     6 tokens
llama_perf_context_print:    graphs reused =          4
~llama_context:  OPENVINO0 compute buffer size is   4.0469 MiB, matches expectation of   4.0469 MiB
~llama_context: OPENVINO0_HOST compute buffer size is   0.0276 MiB, matches expectation of   0.0276 MiB

build: d7bd3bf (1)
