t,active_mask,sw_power_cap,hw_slowdown,sw_thermal,hw_thermal
1787761242.189,0x0000000000000004,Active,Not Active,Not Active,Not Active
1787761247.606,0x0000000000000004,Active,Not Active,Not Active,Not Active
1787761252.966,0x0000000000000004,Active,Not Active,Not Active,Not Active
1787761258.335,0x0000000000000004,Active,Not Active,Not Active,Not Active
1787761263.689,0x0000000000000004,Active,Not Active,Not Active,Not Active
1787761269.043,0x0000000000000004,Active,Not Active,Not Active,Not Active
1787761274.420,0x0000000000000004,Active,Not Active,Not Active,Not Active
1787761279.780,0x0000000000000004,Active,Not Active,Not Active,Not Active
1787761285.142,0x0000000000000004,Active,Not Active,Not Active,Not Active
1787761290.507,0x0000000000000004,Active,Not Active,Not Active,Not Active
1787761295.864,0x0000000000000004,Active,Not Active,Not Active,Not Active
1787761301.234,0x0000000000000004,Active,Not Active,Not Active,Not Active
1787761306.606,0x0000000000000004,Active,Not Active,Not Active,Not Active
1787761311.957,0x0000000000000004,Active,Not Active,Not Active,Not Active
1787761317.322,0x0000000000000004,Active,Not Active,Not Active,Not Active
1787761322.689,0x0000000000000004,Active,Not Active,Not Active,Not Active
1787761328.051,0x0000000000000004,Active,Not Active,Not Active,Not Active
1787761333.401,0x0000000000000004,Active,Not Active,Not Active,Not Active
1787761338.762,0x0000000000000004,Active,Not Active,Not Active,Not Active
1787761344.133,0x0000000000000004,Active,Not Active,Not Active,Not Active
1787761349.499,0x0000000000000004,Active,Not Active,Not Active,Not Active
1787761354.848,0x0000000000000004,Active,Not Active,Not Active,Not Active
1787761360.212,0x0000000000000004,Active,Not Active,Not Active,Not Active
1787761365.582,0x0000000000000004,Active,Not Active,Not Active,Not Active
1787761370.940,0x0000000000000004,Active,Not Active,Not Active,Not Active
1787761376.300,0x0000000000000004,Active,Not Active,Not Active,Not Active
1787761381.662,0x0000000000000004,Active,Not Active,Not Active,Not Active
1787761387.021,0x0000000000000004,Active,Not Active,Not Active,Not Active
1787761392.382,0x0000000000000004,Active,Not Active,Not Active,Not Active
1787761397.740,0x0000000000000004,Active,Not Active,Not Active,Not Active
1787761403.113,0x0000000000000004,Active,Not Active,Not Active,Not Active
1787761408.470,0x0000000000000004,Active,Not Active,Not Active,Not Active
1787761413.841,0x0000000000000004,Active,Not Active,Not Active,Not Active
1787761419.205,0x0000000000000004,Active,Not Active,Not Active,Not Active
1787761424.567,0x0000000000000004,Active,Not Active,Not Active,Not Active
1787761429.917,0x0000000000000004,Active,Not Active,Not Active,Not Active
1787761435.278,0x0000000000000004,Active,Not Active,Not Active,Not Active
1787761440.636,0x0000000000000004,Active,Not Active,Not Active,Not Active
1787761446.010,0x0000000000000004,Active,Not Active,Not Active,Not Active
1787761451.382,0x0000000000000004,Active,Not Active,Not Active,Not Active
1787761456.749,0x0000000000000004,Active,Not Active,Not Active,Not Active
1787761462.104,0x0000000000000004,Active,Not Active,Not Active,Not Active
1787761467.468,0x0000000000000004,Active,Not Active,Not Active,Not Active
1787761472.825,0x0000000000000004,Active,Not Active,Not Active,Not Active
1787761478.112,0x0000000000000004,Active,Not Active,Not Active,Not Active
1787761483.543,0x0000000000000004,Active,Not Active,Not Active,Not Active
1787761488.917,0x0000000000000004,Active,Not Active,Not Active,Not Active
1787761494.286,0x0000000000000004,Active,Not Active,Not Active,Not Active
1787761499.641,0x0000000000000004,Active,Not Active,Not Active,Not Active
1787761505.013,0x0000000000000004,Active,Not Active,Not Active,Not Active
1787761510.384,0x0000000000000004,Active,Not Active,Not Active,Not Active
1787761515.734,0x0000000000000004,Active,Not Active,Not Active,Not Active
1787761521.107,0x0000000000000004,Active,Not Active,Not Active,Not Active
1787761526.472,0x0000000000000004,Active,Not Active,Not Active,Not Active
1787761531.843,0x0000000000000004,Active,Not Active,Not Active,Not Active
1787761537.196,0x0000000000000004,Active,Not Active,Not Active,Not Active
1787761542.559,0x0000000000000004,Active,Not Active,Not Active,Not Active
1787761547.926,0x0000000000000004,Active,Not Active,Not Active,Not Active
1787761553.301,0x0000000000000004,Active,Not Active,Not Active,Not Active
1787761558.661,0x0000000000000004,Active,Not Active,Not Active,Not Active
1787761564.024,0x0000000000000020,Not Active,Not Active,Active,Not Active
1787761569.384,0x0000000000000004,Active,Not Active,Not Active,Not Active
1787761574.755,0x0000000000000004,Active,Not Active,Not Active,Not Active
1787761580.123,0x0000000000000004,Active,Not Active,Not Active,Not Active
1787761585.474,0x0000000000000004,Active,Not Active,Not Active,Not Active
1787761590.823,0x0000000000000004,Active,Not Active,Not Active,Not Active
1787761596.188,0x0000000000000004,Active,Not Active,Not Active,Not Active
1787761601.548,0x0000000000000004,Active,Not Active,Not Active,Not Active
1787761606.899,0x0000000000000004,Active,Not Active,Not Active,Not Active
1787761612.263,0x0000000000000004,Active,Not Active,Not Active,Not Active
1787761617.625,0x0000000000000004,Active,Not Active,Not Active,Not Active
1787761622.993,0x0000000000000004,Active,Not Active,Not Active,Not Active
1787761628.369,0x0000000000000004,Active,Not Active,Not Active,Not Active
1787761633.737,0x0000000000000004,Active,Not Active,Not Active,Not Active
1787761639.091,0x0000000000000004,Active,Not Active,Not Active,Not Active
1787761644.443,0x0000000000000020,Not Active,Not Active,Active,Not Active
1787761649.814,0x0000000000000004,Active,Not Active,Not Active,Not Active
1787761655.182,0x0000000000000004,Active,Not Active,Not Active,Not Active
1787761660.547,0x0000000000000004,Active,Not Active,Not Active,Not Active
1787761665.918,0x0000000000000024,Active,Not Active,Active,Not Active
1787761671.299,0x0000000000000004,Active,Not Active,Not Active,Not Active
1787761676.667,0x0000000000000020,Not Active,Not Active,Active,Not Active
1787761682.047,0x0000000000000004,Active,Not Active,Not Active,Not Active
1787761687.416,0x0000000000000004,Active,Not Active,Not Active,Not Active
1787761692.788,0x0000000000000004,Active,Not Active,Not Active,Not Active
1787761698.159,0x0000000000000020,Not Active,Not Active,Active,Not Active
1787761703.510,0x0000000000000004,Active,Not Active,Not Active,Not Active
1787761708.863,0x0000000000000004,Active,Not Active,Not Active,Not Active
1787761714.181,0x0000000000000004,Active,Not Active,Not Active,Not Active
1787761719.595,0x0000000000000004,Active,Not Active,Not Active,Not Active
1787761724.943,0x0000000000000004,Active,Not Active,Not Active,Not Active
1787761730.290,0x0000000000000004,Active,Not Active,Not Active,Not Active
1787761735.650,0x0000000000000004,Active,Not Active,Not Active,Not Active
1787761741.015,0x0000000000000004,Active,Not Active,Not Active,Not Active
1787761746.347,0x0000000000000004,Active,Not Active,Not Active,Not Active
1787761751.698,0x0000000000000004,Active,Not Active,Not Active,Not Active
1787761757.066,0x0000000000000004,Active,Not Active,Not Active,Not Active
1787761762.420,0x0000000000000004,Active,Not Active,Not Active,Not Active
1787761767.787,0x0000000000000004,Active,Not Active,Not Active,Not Active
1787761773.155,0x0000000000000004,Active,Not Active,Not Active,Not Active
1787761778.512,0x0000000000000004,Active,Not Active,Not Active,Not Active
1787761783.876,0x0000000000000004,Active,Not Active,Not Active,Not Active
1787761789.241,0x0000000000000004,Active,Not Active,Not Active,Not Active
1787761794.586,0x0000000000000004,Active,Not Active,Not Active,Not Active
1787761799.950,0x0000000000000004,Active,Not Active,Not Active,Not Active
1787761805.310,0x0000000000000004,Active,Not Active,Not Active,Not Active
1787761810.676,0x0000000000000004,Active,Not Active,Not Active,Not Active
1787761816.047,0x0000000000000004,Active,Not Active,Not Active,Not Active
1787761821.409,0x0000000000000004,Active,Not Active,Not Active,Not Active
1787761826.784,0x0000000000000004,Active,Not Active,Not Active,Not Active
1787761832.148,0x0000000000000004,Active,Not Active,Not Active,Not Active
1787761837.516,0x0000000000000004,Active,Not Active,Not Active,Not Active
1787761842.884,0x0000000000000004,Active,Not Active,Not Active,Not Active
1787761848.261,0x0000000000000004,Active,Not Active,Not Active,Not Active
1787761853.613,0x0000000000000004,Active,Not Active,Not Active,Not Active
1787761858.985,0x0000000000000004,Active,Not Active,Not Active,Not Active
1787761864.346,0x0000000000000004,Active,Not Active,Not Active,Not Active
1787761869.696,0x0000000000000004,Active,Not Active,Not Active,Not Active
1787761875.052,0x0000000000000004,Active,Not Active,Not Active,Not Active
1787761880.402,0x0000000000000004,Active,Not Active,Not Active,Not Active
1787761885.773,0x0000000000000004,Active,Not Active,Not Active,Not Active
1787761891.134,0x0000000000000004,Active,Not Active,Not Active,Not Active
1787761896.493,0x0000000000000004,Active,Not Active,Not Active,Not Active
1787761901.856,0x0000000000000004,Active,Not Active,Not Active,Not Active
1787761907.228,0x0000000000000004,Active,Not Active,Not Active,Not Active
1787761912.580,0x0000000000000004,Active,Not Active,Not Active,Not Active
1787761917.943,0x0000000000000004,Active,Not Active,Not Active,Not Active
1787761923.309,0x0000000000000004,Active,Not Active,Not Active,Not Active
1787761928.666,0x0000000000000004,Active,Not Active,Not Active,Not Active
1787761934.017,0x0000000000000004,Active,Not Active,Not Active,Not Active
1787761939.390,0x0000000000000004,Active,Not Active,Not Active,Not Active
1787761944.742,0x0000000000000004,Active,Not Active,Not Active,Not Active
1787761950.054,0x0000000000000004,Active,Not Active,Not Active,Not Active
1787761955.467,0x0000000000000004,Active,Not Active,Not Active,Not Active
1787761960.839,0x0000000000000004,Active,Not Active,Not Active,Not Active
1787761966.193,0x0000000000000004,Active,Not Active,Not Active,Not Active
1787761971.552,0x0000000000000004,Active,Not Active,Not Active,Not Active
1787761976.915,0x0000000000000004,Active,Not Active,Not Active,Not Active
1787761982.284,0x0000000000000020,Not Active,Not Active,Active,Not Active
1787761987.654,0x0000000000000004,Active,Not Active,Not Active,Not Active
1787761993.023,0x0000000000000001,Not Active,Not Active,Not Active,Not Active
1787761998.396,0x0000000000000001,Not Active,Not Active,Not Active,Not Active
1787762003.760,0x0000000000000001,Not Active,Not Active,Not Active,Not Active
1787762009.122,0x0000000000000001,Not Active,Not Active,Not Active,Not Active
1787762014.483,0x0000000000000001,Not Active,Not Active,Not Active,Not Active
1787762019.838,0x0000000000000001,Not Active,Not Active,Not Active,Not Active
1787762025.202,0x0000000000000001,Not Active,Not Active,Not Active,Not Active
1787762030.570,0x0000000000000001,Not Active,Not Active,Not Active,Not Active
1787762035.931,0x0000000000000001,Not Active,Not Active,Not Active,Not Active
1787762041.284,0x0000000000000001,Not Active,Not Active,Not Active,Not Active
1787762046.654,0x0000000000000001,Not Active,Not Active,Not Active,Not Active
1787762052.019,0x0000000000000001,Not Active,Not Active,Not Active,Not Active
1787762057.386,0x0000000000000001,Not Active,Not Active,Not Active,Not Active
1787762062.751,0x0000000000000001,Not Active,Not Active,Not Active,Not Active
1787762068.131,0x0000000000000001,Not Active,Not Active,Not Active,Not Active
1787762073.492,0x0000000000000001,Not Active,Not Active,Not Active,Not Active
1787762078.850,0x0000000000000001,Not Active,Not Active,Not Active,Not Active
1787762084.204,0x0000000000000001,Not Active,Not Active,Not Active,Not Active
1787762089.575,0x0000000000000001,Not Active,Not Active,Not Active,Not Active
1787762094.948,0x0000000000000001,Not Active,Not Active,Not Active,Not Active
1787762100.280,0x0000000000000001,Not Active,Not Active,Not Active,Not Active
1787762105.649,0x0000000000000001,Not Active,Not Active,Not Active,Not Active
1787762110.998,0x0000000000000001,Not Active,Not Active,Not Active,Not Active
1787762116.358,0x0000000000000001,Not Active,Not Active,Not Active,Not Active
1787762121.715,0x0000000000000001,Not Active,Not Active,Not Active,Not Active
1787762127.080,0x0000000000000001,Not Active,Not Active,Not Active,Not Active
1787762132.440,0x0000000000000001,Not Active,Not Active,Not Active,Not Active
1787762137.804,0x0000000000000001,Not Active,Not Active,Not Active,Not Active
1787762143.171,0x0000000000000001,Not Active,Not Active,Not Active,Not Active
1787762148.539,0x0000000000000001,Not Active,Not Active,Not Active,Not Active
1787762153.905,0x0000000000000001,Not Active,Not Active,Not Active,Not Active
1787762159.276,0x0000000000000001,Not Active,Not Active,Not Active,Not Active
1787762164.637,0x0000000000000001,Not Active,Not Active,Not Active,Not Active
1787762170.007,0x0000000000000004,Active,Not Active,Not Active,Not Active
1787762175.383,0x0000000000000004,Active,Not Active,Not Active,Not Active
1787762180.764,0x0000000000000004,Active,Not Active,Not Active,Not Active
1787762186.055,0x0000000000000004,Active,Not Active,Not Active,Not Active
1787762191.460,0x0000000000000004,Active,Not Active,Not Active,Not Active
1787762196.835,0x0000000000000004,Active,Not Active,Not Active,Not Active
1787762202.187,0x0000000000000004,Active,Not Active,Not Active,Not Active
1787762207.561,0x0000000000000004,Active,Not Active,Not Active,Not Active
1787762212.940,0x0000000000000004,Active,Not Active,Not Active,Not Active
1787762218.316,0x0000000000000004,Active,Not Active,Not Active,Not Active
1787762223.697,0x0000000000000004,Active,Not Active,Not Active,Not Active
1787762229.053,0x0000000000000004,Active,Not Active,Not Active,Not Active
1787762234.417,0x0000000000000004,Active,Not Active,Not Active,Not Active
1787762239.758,0x0000000000000004,Active,Not Active,Not Active,Not Active
1787762245.128,0x0000000000000004,Active,Not Active,Not Active,Not Active
1787762250.507,0x0000000000000004,Active,Not Active,Not Active,Not Active
1787762255.860,0x0000000000000004,Active,Not Active,Not Active,Not Active
1787762261.224,0x0000000000000004,Active,Not Active,Not Active,Not Active
1787762266.585,0x0000000000000004,Active,Not Active,Not Active,Not Active
1787762271.955,0x0000000000000004,Active,Not Active,Not Active,Not Active
1787762277.334,0x0000000000000004,Active,Not Active,Not Active,Not Active
1787762282.704,0x0000000000000004,Active,Not Active,Not Active,Not Active
1787762288.049,0x0000000000000004,Active,Not Active,Not Active,Not Active
1787762293.421,0x0000000000000004,Active,Not Active,Not Active,Not Active
1787762298.796,0x0000000000000004,Active,Not Active,Not Active,Not Active
1787762304.169,0x0000000000000004,Active,Not Active,Not Active,Not Active
1787762309.524,0x0000000000000004,Active,Not Active,Not Active,Not Active
1787762314.895,0x0000000000000004,Active,Not Active,Not Active,Not Active
1787762320.261,0x0000000000000004,Active,Not Active,Not Active,Not Active
1787762325.630,0x0000000000000004,Active,Not Active,Not Active,Not Active
1787762330.992,0x0000000000000004,Active,Not Active,Not Active,Not Active
1787762336.348,0x0000000000000004,Active,Not Active,Not Active,Not Active
1787762341.725,0x0000000000000004,Active,Not Active,Not Active,Not Active
1787762347.102,0x0000000000000004,Active,Not Active,Not Active,Not Active
1787762352.462,0x0000000000000004,Active,Not Active,Not Active,Not Active
1787762357.837,0x0000000000000004,Active,Not Active,Not Active,Not Active
1787762363.198,0x0000000000000000,Not Active,Not Active,Not Active,Not Active
1787762368.565,0x0000000000000004,Active,Not Active,Not Active,Not Active
1787762373.943,0x0000000000000004,Active,Not Active,Not Active,Not Active
1787762379.306,0x0000000000000004,Active,Not Active,Not Active,Not Active
1787762384.641,0x0000000000000004,Active,Not Active,Not Active,Not Active
1787762390.004,0x0000000000000004,Active,Not Active,Not Active,Not Active
1787762395.359,0x0000000000000004,Active,Not Active,Not Active,Not Active
1787762400.722,0x0000000000000004,Active,Not Active,Not Active,Not Active
1787762406.077,0x0000000000000004,Active,Not Active,Not Active,Not Active
1787762411.457,0x0000000000000004,Active,Not Active,Not Active,Not Active
1787762416.813,0x0000000000000004,Active,Not Active,Not Active,Not Active
1787762422.096,0x0000000000000004,Active,Not Active,Not Active,Not Active
1787762427.541,0x0000000000000004,Active,Not Active,Not Active,Not Active
1787762432.911,0x0000000000000004,Active,Not Active,Not Active,Not Active
1787762438.297,0x0000000000000004,Active,Not Active,Not Active,Not Active
1787762443.659,0x0000000000000004,Active,Not Active,Not Active,Not Active
1787762449.022,0x0000000000000004,Active,Not Active,Not Active,Not Active
1787762454.374,0x0000000000000004,Active,Not Active,Not Active,Not Active
1787762459.720,0x0000000000000004,Active,Not Active,Not Active,Not Active
1787762465.065,0x0000000000000004,Active,Not Active,Not Active,Not Active
1787762470.438,0x0000000000000004,Active,Not Active,Not Active,Not Active
1787762475.802,0x0000000000000004,Active,Not Active,Not Active,Not Active
1787762481.145,0x0000000000000004,Active,Not Active,Not Active,Not Active
1787762486.512,0x0000000000000004,Active,Not Active,Not Active,Not Active
1787762491.877,0x0000000000000004,Active,Not Active,Not Active,Not Active
1787762497.242,0x0000000000000004,Active,Not Active,Not Active,Not Active
1787762502.609,0x0000000000000004,Active,Not Active,Not Active,Not Active
1787762507.986,0x0000000000000004,Active,Not Active,Not Active,Not Active
1787762513.355,0x0000000000000004,Active,Not Active,Not Active,Not Active
1787762518.723,0x0000000000000004,Active,Not Active,Not Active,Not Active
1787762524.101,0x0000000000000004,Active,Not Active,Not Active,Not Active
1787762529.469,0x0000000000000004,Active,Not Active,Not Active,Not Active
1787762534.808,0x0000000000000004,Active,Not Active,Not Active,Not Active
1787762540.178,0x0000000000000004,Active,Not Active,Not Active,Not Active
1787762545.542,0x0000000000000004,Active,Not Active,Not Active,Not Active
1787762550.908,0x0000000000000004,Active,Not Active,Not Active,Not Active
1787762556.267,0x0000000000000004,Active,Not Active,Not Active,Not Active
1787762561.611,0x0000000000000004,Active,Not Active,Not Active,Not Active
1787762566.968,0x0000000000000004,Active,Not Active,Not Active,Not Active
1787762572.331,0x0000000000000004,Active,Not Active,Not Active,Not Active
1787762577.695,0x0000000000000004,Active,Not Active,Not Active,Not Active
1787762583.026,0x0000000000000004,Active,Not Active,Not Active,Not Active
1787762588.351,0x0000000000000004,Active,Not Active,Not Active,Not Active
1787762593.690,0x0000000000000004,Active,Not Active,Not Active,Not Active
1787762599.021,0x0000000000000004,Active,Not Active,Not Active,Not Active
1787762604.396,0x0000000000000004,Active,Not Active,Not Active,Not Active
1787762609.732,0x0000000000000004,Active,Not Active,Not Active,Not Active
1787762615.083,0x0000000000000004,Active,Not Active,Not Active,Not Active
1787762620.440,0x0000000000000000,Not Active,Not Active,Not Active,Not Active
1787762625.783,0x0000000000000004,Active,Not Active,Not Active,Not Active
1787762631.141,0x0000000000000004,Active,Not Active,Not Active,Not Active
1787762636.479,0x0000000000000004,Active,Not Active,Not Active,Not Active
1787762641.830,0x0000000000000004,Active,Not Active,Not Active,Not Active
1787762647.195,0x0000000000000004,Active,Not Active,Not Active,Not Active
1787762652.553,0x0000000000000020,Not Active,Not Active,Active,Not Active
1787762657.839,0x0000000000000004,Active,Not Active,Not Active,Not Active
1787762663.266,0x0000000000000004,Active,Not Active,Not Active,Not Active
1787762668.630,0x0000000000000004,Active,Not Active,Not Active,Not Active
1787762673.980,0x0000000000000004,Active,Not Active,Not Active,Not Active
1787762679.346,0x0000000000000004,Active,Not Active,Not Active,Not Active
1787762684.714,0x0000000000000004,Active,Not Active,Not Active,Not Active
1787762690.062,0x0000000000000004,Active,Not Active,Not Active,Not Active
1787762695.444,0x0000000000000004,Active,Not Active,Not Active,Not Active
1787762700.805,0x0000000000000004,Active,Not Active,Not Active,Not Active
1787762706.170,0x0000000000000004,Active,Not Active,Not Active,Not Active
1787762711.532,0x0000000000000004,Active,Not Active,Not Active,Not Active
1787762716.885,0x0000000000000004,Active,Not Active,Not Active,Not Active
1787762722.253,0x0000000000000004,Active,Not Active,Not Active,Not Active
1787762727.615,0x0000000000000004,Active,Not Active,Not Active,Not Active
1787762732.971,0x0000000000000004,Active,Not Active,Not Active,Not Active
1787762738.336,0x0000000000000004,Active,Not Active,Not Active,Not Active
1787762743.694,0x0000000000000004,Active,Not Active,Not Active,Not Active
1787762749.060,0x0000000000000004,Active,Not Active,Not Active,Not Active
1787762754.420,0x0000000000000004,Active,Not Active,Not Active,Not Active
1787762759.776,0x0000000000000004,Active,Not Active,Not Active,Not Active
1787762765.137,0x0000000000000001,Not Active,Not Active,Not Active,Not Active
1787762770.503,0x0000000000000001,Not Active,Not Active,Not Active,Not Active
1787762775.857,0x0000000000000001,Not Active,Not Active,Not Active,Not Active
1787762781.219,0x0000000000000004,Active,Not Active,Not Active,Not Active
1787762786.579,0x0000000000000004,Active,Not Active,Not Active,Not Active
1787762791.926,0x0000000000000004,Active,Not Active,Not Active,Not Active
1787762797.287,0x0000000000000004,Active,Not Active,Not Active,Not Active
1787762802.643,0x0000000000000004,Active,Not Active,Not Active,Not Active
1787762808.019,0x0000000000000004,Active,Not Active,Not Active,Not Active
1787762813.384,0x0000000000000004,Active,Not Active,Not Active,Not Active
1787762818.755,0x0000000000000001,Not Active,Not Active,Not Active,Not Active
1787762824.113,0x0000000000000001,Not Active,Not Active,Not Active,Not Active
1787762829.489,0x0000000000000001,Not Active,Not Active,Not Active,Not Active
1787762834.853,0x0000000000000004,Active,Not Active,Not Active,Not Active
1787762840.229,0x0000000000000004,Active,Not Active,Not Active,Not Active
1787762845.589,0x0000000000000004,Active,Not Active,Not Active,Not Active
1787762850.960,0x0000000000000020,Not Active,Not Active,Active,Not Active
1787762856.311,0x0000000000000024,Active,Not Active,Active,Not Active
1787762861.677,0x0000000000000004,Active,Not Active,Not Active,Not Active
1787762867.024,0x0000000000000004,Active,Not Active,Not Active,Not Active
1787762872.389,0x0000000000000004,Active,Not Active,Not Active,Not Active
1787762877.754,0x0000000000000004,Active,Not Active,Not Active,Not Active
1787762883.112,0x0000000000000004,Active,Not Active,Not Active,Not Active
1787762888.478,0x0000000000000004,Active,Not Active,Not Active,Not Active
1787762893.769,0x0000000000000004,Active,Not Active,Not Active,Not Active
1787762899.190,0x0000000000000004,Active,Not Active,Not Active,Not Active
1787762904.555,0x0000000000000004,Active,Not Active,Not Active,Not Active
1787762909.922,0x0000000000000020,Not Active,Not Active,Active,Not Active
1787762915.278,0x0000000000000004,Active,Not Active,Not Active,Not Active
1787762920.647,0x0000000000000004,Active,Not Active,Not Active,Not Active
1787762926.014,0x0000000000000004,Active,Not Active,Not Active,Not Active
1787762931.385,0x0000000000000004,Active,Not Active,Not Active,Not Active
1787762936.740,0x0000000000000004,Active,Not Active,Not Active,Not Active
1787762942.110,0x0000000000000004,Active,Not Active,Not Active,Not Active
1787762947.473,0x0000000000000004,Active,Not Active,Not Active,Not Active
1787762952.838,0x0000000000000004,Active,Not Active,Not Active,Not Active
1787762958.209,0x0000000000000004,Active,Not Active,Not Active,Not Active
1787762963.552,0x0000000000000004,Active,Not Active,Not Active,Not Active
1787762968.903,0x0000000000000004,Active,Not Active,Not Active,Not Active
1787762974.247,0x0000000000000020,Not Active,Not Active,Active,Not Active
1787762979.611,0x0000000000000004,Active,Not Active,Not Active,Not Active
1787762984.981,0x0000000000000004,Active,Not Active,Not Active,Not Active
1787762990.360,0x0000000000000004,Active,Not Active,Not Active,Not Active
1787762995.737,0x0000000000000004,Active,Not Active,Not Active,Not Active
1787763001.100,0x0000000000000004,Active,Not Active,Not Active,Not Active
1787763006.453,0x0000000000000004,Active,Not Active,Not Active,Not Active
1787763011.808,0x0000000000000004,Active,Not Active,Not Active,Not Active
1787763017.176,0x0000000000000004,Active,Not Active,Not Active,Not Active
1787763022.542,0x0000000000000004,Active,Not Active,Not Active,Not Active
1787763027.913,0x0000000000000004,Active,Not Active,Not Active,Not Active
1787763033.282,0x0000000000000004,Active,Not Active,Not Active,Not Active
1787763038.648,0x0000000000000004,Active,Not Active,Not Active,Not Active
1787763044.016,0x0000000000000004,Active,Not Active,Not Active,Not Active
1787763049.391,0x0000000000000004,Active,Not Active,Not Active,Not Active
1787763054.771,0x0000000000000024,Active,Not Active,Active,Not Active
1787763060.119,0x0000000000000024,Active,Not Active,Active,Not Active
1787763065.495,0x0000000000000004,Active,Not Active,Not Active,Not Active
1787763070.856,0x0000000000000004,Active,Not Active,Not Active,Not Active
1787763076.235,0x0000000000000004,Active,Not Active,Not Active,Not Active
1787763081.594,0x0000000000000004,Active,Not Active,Not Active,Not Active
1787763086.940,0x0000000000000004,Active,Not Active,Not Active,Not Active
1787763092.302,0x0000000000000004,Active,Not Active,Not Active,Not Active
1787763097.656,0x0000000000000004,Active,Not Active,Not Active,Not Active
1787763103.025,0x0000000000000004,Active,Not Active,Not Active,Not Active
1787763108.389,0x0000000000000004,Active,Not Active,Not Active,Not Active
1787763113.764,0x0000000000000004,Active,Not Active,Not Active,Not Active
1787763119.133,0x0000000000000024,Active,Not Active,Active,Not Active
1787763124.492,0x0000000000000004,Active,Not Active,Not Active,Not Active
1787763129.787,0x0000000000000004,Active,Not Active,Not Active,Not Active
1787763135.213,0x0000000000000004,Active,Not Active,Not Active,Not Active
1787763140.585,0x0000000000000004,Active,Not Active,Not Active,Not Active
1787763145.946,0x0000000000000004,Active,Not Active,Not Active,Not Active
1787763151.321,0x0000000000000004,Active,Not Active,Not Active,Not Active
1787763156.695,0x0000000000000004,Active,Not Active,Not Active,Not Active
1787763162.061,0x0000000000000004,Active,Not Active,Not Active,Not Active
1787763167.411,0x0000000000000004,Active,Not Active,Not Active,Not Active
1787763172.775,0x0000000000000004,Active,Not Active,Not Active,Not Active
1787763178.122,0x0000000000000004,Active,Not Active,Not Active,Not Active
1787763183.478,0x0000000000000004,Active,Not Active,Not Active,Not Active
1787763188.858,0x0000000000000004,Active,Not Active,Not Active,Not Active
1787763194.201,0x0000000000000004,Active,Not Active,Not Active,Not Active
1787763199.561,0x0000000000000004,Active,Not Active,Not Active,Not Active
1787763204.937,0x0000000000000004,Active,Not Active,Not Active,Not Active
1787763210.312,0x0000000000000004,Active,Not Active,Not Active,Not Active
1787763215.683,0x0000000000000004,Active,Not Active,Not Active,Not Active
1787763221.065,0x0000000000000004,Active,Not Active,Not Active,Not Active
1787763226.428,0x0000000000000004,Active,Not Active,Not Active,Not Active
1787763231.790,0x0000000000000004,Active,Not Active,Not Active,Not Active
1787763237.149,0x0000000000000004,Active,Not Active,Not Active,Not Active
1787763242.515,0x0000000000000004,Active,Not Active,Not Active,Not Active
1787763247.883,0x0000000000000004,Active,Not Active,Not Active,Not Active
1787763253.258,0x0000000000000020,Not Active,Not Active,Active,Not Active
1787763258.616,0x0000000000000004,Active,Not Active,Not Active,Not Active
1787763263.984,0x0000000000000004,Active,Not Active,Not Active,Not Active
1787763269.346,0x0000000000000004,Active,Not Active,Not Active,Not Active
1787763274.718,0x0000000000000004,Active,Not Active,Not Active,Not Active
1787763280.071,0x0000000000000004,Active,Not Active,Not Active,Not Active
1787763285.438,0x0000000000000004,Active,Not Active,Not Active,Not Active
1787763290.810,0x0000000000000004,Active,Not Active,Not Active,Not Active
1787763296.183,0x0000000000000004,Active,Not Active,Not Active,Not Active
1787763301.537,0x0000000000000004,Active,Not Active,Not Active,Not Active
1787763306.901,0x0000000000000004,Active,Not Active,Not Active,Not Active
1787763312.265,0x0000000000000004,Active,Not Active,Not Active,Not Active
1787763317.622,0x0000000000000004,Active,Not Active,Not Active,Not Active
1787763322.986,0x0000000000000004,Active,Not Active,Not Active,Not Active
1787763328.363,0x0000000000000004,Active,Not Active,Not Active,Not Active
1787763333.730,0x0000000000000004,Active,Not Active,Not Active,Not Active
1787763339.083,0x0000000000000004,Active,Not Active,Not Active,Not Active
1787763344.451,0x0000000000000004,Active,Not Active,Not Active,Not Active
1787763349.815,0x0000000000000004,Active,Not Active,Not Active,Not Active
1787763355.189,0x0000000000000004,Active,Not Active,Not Active,Not Active
1787763360.570,0x0000000000000004,Active,Not Active,Not Active,Not Active
1787763365.869,0x0000000000000004,Active,Not Active,Not Active,Not Active
1787763371.300,0x0000000000000004,Active,Not Active,Not Active,Not Active
1787763376.660,0x0000000000000004,Active,Not Active,Not Active,Not Active
1787763382.032,0x0000000000000004,Active,Not Active,Not Active,Not Active
1787763387.400,0x0000000000000004,Active,Not Active,Not Active,Not Active
1787763392.762,0x0000000000000004,Active,Not Active,Not Active,Not Active
1787763398.118,0x0000000000000004,Active,Not Active,Not Active,Not Active
1787763403.481,0x0000000000000004,Active,Not Active,Not Active,Not Active
1787763408.833,0x0000000000000004,Active,Not Active,Not Active,Not Active
1787763414.194,0x0000000000000004,Active,Not Active,Not Active,Not Active
1787763419.566,0x0000000000000004,Active,Not Active,Not Active,Not Active
1787763424.940,0x0000000000000004,Active,Not Active,Not Active,Not Active
1787763430.310,0x0000000000000004,Active,Not Active,Not Active,Not Active
1787763435.683,0x0000000000000004,Active,Not Active,Not Active,Not Active
1787763441.059,0x0000000000000004,Active,Not Active,Not Active,Not Active
1787763446.423,0x0000000000000004,Active,Not Active,Not Active,Not Active
1787763451.786,0x0000000000000004,Active,Not Active,Not Active,Not Active
1787763457.159,0x0000000000000004,Active,Not Active,Not Active,Not Active
1787763462.530,0x0000000000000004,Active,Not Active,Not Active,Not Active
1787763467.905,0x0000000000000024,Active,Not Active,Active,Not Active
1787763473.277,0x0000000000000004,Active,Not Active,Not Active,Not Active
1787763478.623,0x0000000000000004,Active,Not Active,Not Active,Not Active
1787763483.977,0x0000000000000004,Active,Not Active,Not Active,Not Active
1787763489.353,0x0000000000000004,Active,Not Active,Not Active,Not Active
1787763494.724,0x0000000000000004,Active,Not Active,Not Active,Not Active
1787763500.079,0x0000000000000004,Active,Not Active,Not Active,Not Active
1787763505.446,0x0000000000000004,Active,Not Active,Not Active,Not Active
1787763510.804,0x0000000000000004,Active,Not Active,Not Active,Not Active
1787763516.165,0x0000000000000004,Active,Not Active,Not Active,Not Active
1787763521.537,0x0000000000000004,Active,Not Active,Not Active,Not Active
1787763526.905,0x0000000000000004,Active,Not Active,Not Active,Not Active
1787763532.257,0x0000000000000004,Active,Not Active,Not Active,Not Active
1787763537.627,0x0000000000000004,Active,Not Active,Not Active,Not Active
1787763543.009,0x0000000000000004,Active,Not Active,Not Active,Not Active
1787763548.373,0x0000000000000004,Active,Not Active,Not Active,Not Active
1787763553.744,0x0000000000000004,Active,Not Active,Not Active,Not Active
1787763559.116,0x0000000000000004,Active,Not Active,Not Active,Not Active
1787763564.490,0x0000000000000004,Active,Not Active,Not Active,Not Active
1787763569.860,0x0000000000000004,Active,Not Active,Not Active,Not Active
1787763575.240,0x0000000000000004,Active,Not Active,Not Active,Not Active
1787763580.601,0x0000000000000024,Active,Not Active,Active,Not Active
1787763585.957,0x0000000000000024,Active,Not Active,Active,Not Active
1787763591.320,0x0000000000000004,Active,Not Active,Not Active,Not Active
1787763596.689,0x0000000000000004,Active,Not Active,Not Active,Not Active
1787763601.971,0x0000000000000004,Active,Not Active,Not Active,Not Active
1787763607.394,0x0000000000000004,Active,Not Active,Not Active,Not Active
1787763612.754,0x0000000000000004,Active,Not Active,Not Active,Not Active
1787763618.122,0x0000000000000004,Active,Not Active,Not Active,Not Active
1787763623.465,0x0000000000000004,Active,Not Active,Not Active,Not Active
1787763628.832,0x0000000000000004,Active,Not Active,Not Active,Not Active
1787763634.208,0x0000000000000004,Active,Not Active,Not Active,Not Active
1787763639.570,0x0000000000000004,Active,Not Active,Not Active,Not Active
1787763644.921,0x0000000000000004,Active,Not Active,Not Active,Not Active
1787763650.285,0x0000000000000004,Active,Not Active,Not Active,Not Active
1787763655.657,0x0000000000000004,Active,Not Active,Not Active,Not Active
1787763661.027,0x0000000000000004,Active,Not Active,Not Active,Not Active
1787763666.383,0x0000000000000004,Active,Not Active,Not Active,Not Active
1787763671.748,0x0000000000000020,Not Active,Not Active,Active,Not Active
1787763677.094,0x0000000000000004,Active,Not Active,Not Active,Not Active
1787763682.453,0x0000000000000004,Active,Not Active,Not Active,Not Active
1787763687.813,0x0000000000000004,Active,Not Active,Not Active,Not Active
1787763693.171,0x0000000000000004,Active,Not Active,Not Active,Not Active
1787763698.543,0x0000000000000004,Active,Not Active,Not Active,Not Active
1787763703.901,0x0000000000000024,Active,Not Active,Active,Not Active
1787763709.253,0x0000000000000004,Active,Not Active,Not Active,Not Active
1787763714.620,0x0000000000000004,Active,Not Active,Not Active,Not Active
1787763720.002,0x0000000000000004,Active,Not Active,Not Active,Not Active
1787763725.374,0x0000000000000024,Active,Not Active,Active,Not Active
1787763730.742,0x0000000000000004,Active,Not Active,Not Active,Not Active
1787763736.109,0x0000000000000004,Active,Not Active,Not Active,Not Active
1787763741.458,0x0000000000000004,Active,Not Active,Not Active,Not Active
1787763746.832,0x0000000000000024,Active,Not Active,Active,Not Active
1787763752.205,0x0000000000000004,Active,Not Active,Not Active,Not Active
1787763757.572,0x0000000000000004,Active,Not Active,Not Active,Not Active
1787763762.946,0x0000000000000004,Active,Not Active,Not Active,Not Active
1787763768.313,0x0000000000000001,Not Active,Not Active,Not Active,Not Active
1787763773.643,0x0000000000000001,Not Active,Not Active,Not Active,Not Active
1787763778.988,0x0000000000000001,Not Active,Not Active,Not Active,Not Active
1787763784.346,0x0000000000000001,Not Active,Not Active,Not Active,Not Active
1787763789.710,0x0000000000000001,Not Active,Not Active,Not Active,Not Active
1787763795.079,0x0000000000000001,Not Active,Not Active,Not Active,Not Active
1787763800.437,0x0000000000000001,Not Active,Not Active,Not Active,Not Active
1787763805.797,0x0000000000000001,Not Active,Not Active,Not Active,Not Active
1787763811.162,0x0000000000000001,Not Active,Not Active,Not Active,Not Active
1787763816.519,0x0000000000000001,Not Active,Not Active,Not Active,Not Active
1787763821.876,0x0000000000000004,Active,Not Active,Not Active,Not Active
1787763827.240,0x0000000000000004,Active,Not Active,Not Active,Not Active
1787763832.603,0x0000000000000004,Active,Not Active,Not Active,Not Active
1787763837.903,0x0000000000000004,Active,Not Active,Not Active,Not Active
1787763843.338,0x0000000000000004,Active,Not Active,Not Active,Not Active
1787763848.677,0x0000000000000004,Active,Not Active,Not Active,Not Active
1787763854.034,0x0000000000000004,Active,Not Active,Not Active,Not Active
1787763859.392,0x0000000000000004,Active,Not Active,Not Active,Not Active
1787763864.757,0x0000000000000004,Active,Not Active,Not Active,Not Active
1787763870.109,0x0000000000000004,Active,Not Active,Not Active,Not Active
1787763875.488,0x0000000000000004,Active,Not Active,Not Active,Not Active
1787763880.836,0x0000000000000004,Active,Not Active,Not Active,Not Active
1787763886.214,0x0000000000000004,Active,Not Active,Not Active,Not Active
1787763891.571,0x0000000000000004,Active,Not Active,Not Active,Not Active
1787763896.939,0x0000000000000004,Active,Not Active,Not Active,Not Active
1787763902.300,0x0000000000000004,Active,Not Active,Not Active,Not Active
1787763907.656,0x0000000000000004,Active,Not Active,Not Active,Not Active
1787763912.991,0x0000000000000004,Active,Not Active,Not Active,Not Active
1787763918.336,0x0000000000000004,Active,Not Active,Not Active,Not Active
1787763923.681,0x0000000000000004,Active,Not Active,Not Active,Not Active
1787763929.064,0x0000000000000004,Active,Not Active,Not Active,Not Active
1787763934.424,0x0000000000000004,Active,Not Active,Not Active,Not Active
1787763939.791,0x0000000000000004,Active,Not Active,Not Active,Not Active
1787763945.137,0x0000000000000004,Active,Not Active,Not Active,Not Active
1787763950.514,0x0000000000000004,Active,Not Active,Not Active,Not Active
1787763955.880,0x0000000000000004,Active,Not Active,Not Active,Not Active
1787763961.215,0x0000000000000004,Active,Not Active,Not Active,Not Active
1787763966.592,0x0000000000000004,Active,Not Active,Not Active,Not Active
1787763971.937,0x0000000000000004,Active,Not Active,Not Active,Not Active
1787763977.316,0x0000000000000004,Active,Not Active,Not Active,Not Active
1787763982.676,0x0000000000000004,Active,Not Active,Not Active,Not Active
1787763988.045,0x0000000000000004,Active,Not Active,Not Active,Not Active
1787763993.400,0x0000000000000004,Active,Not Active,Not Active,Not Active
1787763998.744,0x0000000000000004,Active,Not Active,Not Active,Not Active
1787764004.113,0x0000000000000004,Active,Not Active,Not Active,Not Active
1787764009.478,0x0000000000000004,Active,Not Active,Not Active,Not Active
1787764014.841,0x0000000000000004,Active,Not Active,Not Active,Not Active
1787764020.192,0x0000000000000004,Active,Not Active,Not Active,Not Active
1787764025.544,0x0000000000000004,Active,Not Active,Not Active,Not Active
1787764030.914,0x0000000000000004,Active,Not Active,Not Active,Not Active
1787764036.292,0x0000000000000004,Active,Not Active,Not Active,Not Active
1787764041.671,0x0000000000000004,Active,Not Active,Not Active,Not Active
1787764047.037,0x0000000000000004,Active,Not Active,Not Active,Not Active
1787764052.412,0x0000000000000004,Active,Not Active,Not Active,Not Active
1787764057.763,0x0000000000000004,Active,Not Active,Not Active,Not Active
1787764063.135,0x0000000000000004,Active,Not Active,Not Active,Not Active
1787764068.503,0x0000000000000004,Active,Not Active,Not Active,Not Active
1787764073.822,0x0000000000000004,Active,Not Active,Not Active,Not Active
1787764079.262,0x0000000000000004,Active,Not Active,Not Active,Not Active
1787764084.612,0x0000000000000004,Active,Not Active,Not Active,Not Active
1787764089.969,0x0000000000000004,Active,Not Active,Not Active,Not Active
1787764095.340,0x0000000000000004,Active,Not Active,Not Active,Not Active
1787764100.695,0x0000000000000004,Active,Not Active,Not Active,Not Active
1787764106.054,0x0000000000000004,Active,Not Active,Not Active,Not Active
1787764111.391,0x0000000000000004,Active,Not Active,Not Active,Not Active
1787764116.769,0x0000000000000004,Active,Not Active,Not Active,Not Active
1787764122.138,0x0000000000000004,Active,Not Active,Not Active,Not Active
1787764127.496,0x0000000000000004,Active,Not Active,Not Active,Not Active
1787764132.860,0x0000000000000004,Active,Not Active,Not Active,Not Active
1787764138.240,0x0000000000000004,Active,Not Active,Not Active,Not Active
1787764143.606,0x0000000000000004,Active,Not Active,Not Active,Not Active
1787764148.978,0x0000000000000004,Active,Not Active,Not Active,Not Active
1787764154.312,0x0000000000000001,Not Active,Not Active,Not Active,Not Active
1787764159.678,0x0000000000000004,Active,Not Active,Not Active,Not Active
1787764165.028,0x0000000000000004,Active,Not Active,Not Active,Not Active
1787764170.413,0x0000000000000004,Active,Not Active,Not Active,Not Active
1787764175.762,0x0000000000000004,Active,Not Active,Not Active,Not Active
1787764181.122,0x0000000000000004,Active,Not Active,Not Active,Not Active
1787764186.479,0x0000000000000004,Active,Not Active,Not Active,Not Active
1787764191.834,0x0000000000000004,Active,Not Active,Not Active,Not Active
1787764197.191,0x0000000000000004,Active,Not Active,Not Active,Not Active
1787764202.540,0x0000000000000004,Active,Not Active,Not Active,Not Active
1787764207.921,0x0000000000000004,Active,Not Active,Not Active,Not Active
1787764213.292,0x0000000000000004,Active,Not Active,Not Active,Not Active
1787764218.640,0x0000000000000004,Active,Not Active,Not Active,Not Active
1787764224.007,0x0000000000000004,Active,Not Active,Not Active,Not Active
1787764229.352,0x0000000000000004,Active,Not Active,Not Active,Not Active
1787764234.726,0x0000000000000004,Active,Not Active,Not Active,Not Active
1787764240.102,0x0000000000000004,Active,Not Active,Not Active,Not Active
1787764245.455,0x0000000000000004,Active,Not Active,Not Active,Not Active
1787764250.833,0x0000000000000004,Active,Not Active,Not Active,Not Active
1787764256.212,0x0000000000000004,Active,Not Active,Not Active,Not Active
1787764261.568,0x0000000000000004,Active,Not Active,Not Active,Not Active
1787764266.947,0x0000000000000004,Active,Not Active,Not Active,Not Active
1787764272.305,0x0000000000000004,Active,Not Active,Not Active,Not Active
1787764277.662,0x0000000000000004,Active,Not Active,Not Active,Not Active
1787764283.028,0x0000000000000004,Active,Not Active,Not Active,Not Active
1787764288.392,0x0000000000000004,Active,Not Active,Not Active,Not Active
1787764293.758,0x0000000000000004,Active,Not Active,Not Active,Not Active
1787764299.099,0x0000000000000004,Active,Not Active,Not Active,Not Active
1787764304.472,0x0000000000000004,Active,Not Active,Not Active,Not Active
1787764309.754,0x0000000000000004,Active,Not Active,Not Active,Not Active
1787764315.192,0x0000000000000004,Active,Not Active,Not Active,Not Active
1787764320.555,0x0000000000000004,Active,Not Active,Not Active,Not Active
1787764325.923,0x0000000000000004,Active,Not Active,Not Active,Not Active
1787764331.287,0x0000000000000004,Active,Not Active,Not Active,Not Active
1787764336.645,0x0000000000000004,Active,Not Active,Not Active,Not Active
1787764342.012,0x0000000000000004,Active,Not Active,Not Active,Not Active
1787764347.381,0x0000000000000004,Active,Not Active,Not Active,Not Active
1787764352.741,0x0000000000000004,Active,Not Active,Not Active,Not Active
1787764358.117,0x0000000000000004,Active,Not Active,Not Active,Not Active
1787764363.485,0x0000000000000004,Active,Not Active,Not Active,Not Active
1787764368.844,0x0000000000000024,Active,Not Active,Active,Not Active
1787764374.217,0x0000000000000004,Active,Not Active,Not Active,Not Active
1787764379.593,0x0000000000000004,Active,Not Active,Not Active,Not Active
1787764384.959,0x0000000000000004,Active,Not Active,Not Active,Not Active
1787764390.341,0x0000000000000004,Active,Not Active,Not Active,Not Active
1787764395.703,0x0000000000000004,Active,Not Active,Not Active,Not Active
1787764401.066,0x0000000000000020,Not Active,Not Active,Active,Not Active
1787764406.418,0x0000000000000004,Active,Not Active,Not Active,Not Active
1787764411.803,0x0000000000000004,Active,Not Active,Not Active,Not Active
1787764417.160,0x0000000000000004,Active,Not Active,Not Active,Not Active
1787764422.531,0x0000000000000004,Active,Not Active,Not Active,Not Active
1787764427.897,0x0000000000000004,Active,Not Active,Not Active,Not Active
1787764433.270,0x0000000000000004,Active,Not Active,Not Active,Not Active
1787764438.642,0x0000000000000004,Active,Not Active,Not Active,Not Active
1787764444.008,0x0000000000000004,Active,Not Active,Not Active,Not Active
1787764449.354,0x0000000000000004,Active,Not Active,Not Active,Not Active
1787764454.731,0x0000000000000004,Active,Not Active,Not Active,Not Active
1787764460.106,0x0000000000000004,Active,Not Active,Not Active,Not Active
1787764465.467,0x0000000000000004,Active,Not Active,Not Active,Not Active
1787764470.826,0x0000000000000004,Active,Not Active,Not Active,Not Active
1787764476.190,0x0000000000000004,Active,Not Active,Not Active,Not Active
1787764481.557,0x0000000000000004,Active,Not Active,Not Active,Not Active
1787764486.921,0x0000000000000004,Active,Not Active,Not Active,Not Active
1787764492.282,0x0000000000000004,Active,Not Active,Not Active,Not Active
1787764497.640,0x0000000000000004,Active,Not Active,Not Active,Not Active
1787764503.011,0x0000000000000020,Not Active,Not Active,Active,Not Active
1787764508.368,0x0000000000000004,Active,Not Active,Not Active,Not Active
1787764513.717,0x0000000000000004,Active,Not Active,Not Active,Not Active
1787764519.090,0x0000000000000004,Active,Not Active,Not Active,Not Active
1787764524.464,0x0000000000000004,Active,Not Active,Not Active,Not Active
1787764529.836,0x0000000000000004,Active,Not Active,Not Active,Not Active
1787764535.200,0x0000000000000004,Active,Not Active,Not Active,Not Active
1787764540.577,0x0000000000000004,Active,Not Active,Not Active,Not Active
1787764545.881,0x0000000000000004,Active,Not Active,Not Active,Not Active
1787764551.297,0x0000000000000004,Active,Not Active,Not Active,Not Active
1787764556.648,0x0000000000000004,Active,Not Active,Not Active,Not Active
1787764562.002,0x0000000000000001,Not Active,Not Active,Not Active,Not Active
1787764567.376,0x0000000000000004,Active,Not Active,Not Active,Not Active
1787764572.754,0x0000000000000004,Active,Not Active,Not Active,Not Active
1787764578.112,0x0000000000000004,Active,Not Active,Not Active,Not Active
1787764583.472,0x0000000000000004,Active,Not Active,Not Active,Not Active
1787764588.832,0x0000000000000004,Active,Not Active,Not Active,Not Active
1787764594.183,0x0000000000000004,Active,Not Active,Not Active,Not Active
1787764599.541,0x0000000000000020,Not Active,Not Active,Active,Not Active
1787764604.891,0x0000000000000004,Active,Not Active,Not Active,Not Active
1787764610.255,0x0000000000000024,Active,Not Active,Active,Not Active
1787764615.608,0x0000000000000004,Active,Not Active,Not Active,Not Active
1787764620.973,0x0000000000000004,Active,Not Active,Not Active,Not Active
1787764626.356,0x0000000000000004,Active,Not Active,Not Active,Not Active
1787764631.729,0x0000000000000004,Active,Not Active,Not Active,Not Active
1787764637.105,0x0000000000000004,Active,Not Active,Not Active,Not Active
1787764642.483,0x0000000000000004,Active,Not Active,Not Active,Not Active
1787764647.841,0x0000000000000004,Active,Not Active,Not Active,Not Active
1787764653.201,0x0000000000000004,Active,Not Active,Not Active,Not Active
1787764658.565,0x0000000000000004,Active,Not Active,Not Active,Not Active
1787764663.930,0x0000000000000004,Active,Not Active,Not Active,Not Active
1787764669.289,0x0000000000000004,Active,Not Active,Not Active,Not Active
1787764674.650,0x0000000000000004,Active,Not Active,Not Active,Not Active
1787764680.030,0x0000000000000004,Active,Not Active,Not Active,Not Active
1787764685.385,0x0000000000000004,Active,Not Active,Not Active,Not Active
1787764690.757,0x0000000000000004,Active,Not Active,Not Active,Not Active
1787764696.112,0x0000000000000004,Active,Not Active,Not Active,Not Active
1787764701.481,0x0000000000000020,Not Active,Not Active,Active,Not Active
1787764706.836,0x0000000000000004,Active,Not Active,Not Active,Not Active
1787764712.204,0x0000000000000004,Active,Not Active,Not Active,Not Active
1787764717.570,0x0000000000000004,Active,Not Active,Not Active,Not Active
1787764722.916,0x0000000000000004,Active,Not Active,Not Active,Not Active
1787764728.282,0x0000000000000004,Active,Not Active,Not Active,Not Active
1787764733.627,0x0000000000000004,Active,Not Active,Not Active,Not Active
1787764738.975,0x0000000000000004,Active,Not Active,Not Active,Not Active
1787764744.339,0x0000000000000004,Active,Not Active,Not Active,Not Active
1787764749.690,0x0000000000000004,Active,Not Active,Not Active,Not Active
1787764755.045,0x0000000000000004,Active,Not Active,Not Active,Not Active
1787764760.401,0x0000000000000004,Active,Not Active,Not Active,Not Active
1787764765.768,0x0000000000000004,Active,Not Active,Not Active,Not Active
1787764771.139,0x0000000000000004,Active,Not Active,Not Active,Not Active
1787764776.507,0x0000000000000004,Active,Not Active,Not Active,Not Active
1787764781.813,0x0000000000000004,Active,Not Active,Not Active,Not Active
1787764787.220,0x0000000000000004,Active,Not Active,Not Active,Not Active
1787764792.581,0x0000000000000004,Active,Not Active,Not Active,Not Active
1787764797.946,0x0000000000000004,Active,Not Active,Not Active,Not Active
1787764803.318,0x0000000000000004,Active,Not Active,Not Active,Not Active
1787764808.683,0x0000000000000004,Active,Not Active,Not Active,Not Active
1787764814.051,0x0000000000000004,Active,Not Active,Not Active,Not Active
1787764819.412,0x0000000000000004,Active,Not Active,Not Active,Not Active
1787764824.780,0x0000000000000004,Active,Not Active,Not Active,Not Active
1787764830.137,0x0000000000000004,Active,Not Active,Not Active,Not Active
1787764835.492,0x0000000000000004,Active,Not Active,Not Active,Not Active
1787764840.858,0x0000000000000004,Active,Not Active,Not Active,Not Active
1787764846.217,0x0000000000000004,Active,Not Active,Not Active,Not Active
1787764851.577,0x0000000000000004,Active,Not Active,Not Active,Not Active
1787764856.935,0x0000000000000004,Active,Not Active,Not Active,Not Active
1787764862.300,0x0000000000000004,Active,Not Active,Not Active,Not Active
1787764867.663,0x0000000000000004,Active,Not Active,Not Active,Not Active
1787764873.028,0x0000000000000004,Active,Not Active,Not Active,Not Active
1787764878.393,0x0000000000000004,Active,Not Active,Not Active,Not Active
1787764883.753,0x0000000000000004,Active,Not Active,Not Active,Not Active
1787764889.100,0x0000000000000004,Active,Not Active,Not Active,Not Active
1787764894.457,0x0000000000000004,Active,Not Active,Not Active,Not Active
1787764899.814,0x0000000000000004,Active,Not Active,Not Active,Not Active
1787764905.177,0x0000000000000004,Active,Not Active,Not Active,Not Active
1787764910.542,0x0000000000000004,Active,Not Active,Not Active,Not Active
1787764915.900,0x0000000000000004,Active,Not Active,Not Active,Not Active
1787764921.256,0x0000000000000004,Active,Not Active,Not Active,Not Active
1787764926.610,0x0000000000000004,Active,Not Active,Not Active,Not Active
1787764931.968,0x0000000000000024,Active,Not Active,Active,Not Active
1787764937.322,0x0000000000000004,Active,Not Active,Not Active,Not Active
1787764942.685,0x0000000000000004,Active,Not Active,Not Active,Not Active
1787764948.019,0x0000000000000004,Active,Not Active,Not Active,Not Active
1787764953.384,0x0000000000000004,Active,Not Active,Not Active,Not Active
1787764958.740,0x0000000000000004,Active,Not Active,Not Active,Not Active
1787764964.107,0x0000000000000004,Active,Not Active,Not Active,Not Active
1787764969.467,0x0000000000000004,Active,Not Active,Not Active,Not Active
1787764974.820,0x0000000000000004,Active,Not Active,Not Active,Not Active
1787764980.175,0x0000000000000004,Active,Not Active,Not Active,Not Active
1787764985.524,0x0000000000000004,Active,Not Active,Not Active,Not Active
1787764990.882,0x0000000000000004,Active,Not Active,Not Active,Not Active
1787764996.229,0x0000000000000004,Active,Not Active,Not Active,Not Active
1787765001.582,0x0000000000000004,Active,Not Active,Not Active,Not Active
1787765006.928,0x0000000000000004,Active,Not Active,Not Active,Not Active
1787765012.275,0x0000000000000004,Active,Not Active,Not Active,Not Active
1787765017.562,0x0000000000000004,Active,Not Active,Not Active,Not Active
1787765022.955,0x0000000000000004,Active,Not Active,Not Active,Not Active
1787765028.306,0x0000000000000020,Not Active,Not Active,Active,Not Active
1787765033.656,0x0000000000000004,Active,Not Active,Not Active,Not Active
1787765038.997,0x0000000000000004,Active,Not Active,Not Active,Not Active
1787765044.359,0x0000000000000004,Active,Not Active,Not Active,Not Active
1787765049.712,0x0000000000000004,Active,Not Active,Not Active,Not Active
1787765055.059,0x0000000000000004,Active,Not Active,Not Active,Not Active
1787765060.409,0x0000000000000020,Not Active,Not Active,Active,Not Active
1787765065.749,0x0000000000000004,Active,Not Active,Not Active,Not Active
1787765071.106,0x0000000000000004,Active,Not Active,Not Active,Not Active
1787765076.454,0x0000000000000004,Active,Not Active,Not Active,Not Active
1787765081.805,0x0000000000000004,Active,Not Active,Not Active,Not Active
1787765087.168,0x0000000000000004,Active,Not Active,Not Active,Not Active
1787765092.509,0x0000000000000004,Active,Not Active,Not Active,Not Active
1787765097.856,0x0000000000000004,Active,Not Active,Not Active,Not Active
1787765103.204,0x0000000000000004,Active,Not Active,Not Active,Not Active
1787765108.561,0x0000000000000004,Active,Not Active,Not Active,Not Active
1787765113.897,0x0000000000000004,Active,Not Active,Not Active,Not Active
1787765119.248,0x0000000000000004,Active,Not Active,Not Active,Not Active
1787765124.596,0x0000000000000024,Active,Not Active,Active,Not Active
1787765129.936,0x0000000000000004,Active,Not Active,Not Active,Not Active
1787765135.280,0x0000000000000004,Active,Not Active,Not Active,Not Active
1787765140.619,0x0000000000000004,Active,Not Active,Not Active,Not Active
1787765145.962,0x0000000000000004,Active,Not Active,Not Active,Not Active
1787765151.293,0x0000000000000004,Active,Not Active,Not Active,Not Active
1787765156.652,0x0000000000000004,Active,Not Active,Not Active,Not Active
1787765161.998,0x0000000000000004,Active,Not Active,Not Active,Not Active
1787765167.350,0x0000000000000004,Active,Not Active,Not Active,Not Active
1787765172.705,0x0000000000000020,Not Active,Not Active,Active,Not Active
1787765178.047,0x0000000000000004,Active,Not Active,Not Active,Not Active
1787765183.403,0x0000000000000004,Active,Not Active,Not Active,Not Active
1787765188.756,0x0000000000000004,Active,Not Active,Not Active,Not Active
1787765194.108,0x0000000000000024,Active,Not Active,Active,Not Active
1787765199.453,0x0000000000000020,Not Active,Not Active,Active,Not Active
1787765204.806,0x0000000000000020,Not Active,Not Active,Active,Not Active
1787765210.158,0x0000000000000001,Not Active,Not Active,Not Active,Not Active
1787765215.503,0x0000000000000004,Active,Not Active,Not Active,Not Active
1787765220.840,0x0000000000000004,Active,Not Active,Not Active,Not Active
1787765226.194,0x0000000000000004,Active,Not Active,Not Active,Not Active
1787765231.557,0x0000000000000004,Active,Not Active,Not Active,Not Active
1787765236.908,0x0000000000000004,Active,Not Active,Not Active,Not Active
1787765242.248,0x0000000000000004,Active,Not Active,Not Active,Not Active
1787765247.607,0x0000000000000004,Active,Not Active,Not Active,Not Active
1787765252.896,0x0000000000000004,Active,Not Active,Not Active,Not Active
1787765258.298,0x0000000000000004,Active,Not Active,Not Active,Not Active
1787765263.659,0x0000000000000004,Active,Not Active,Not Active,Not Active
1787765269.008,0x0000000000000004,Active,Not Active,Not Active,Not Active
1787765274.367,0x0000000000000004,Active,Not Active,Not Active,Not Active
1787765279.719,0x0000000000000020,Not Active,Not Active,Active,Not Active
1787765285.069,0x0000000000000004,Active,Not Active,Not Active,Not Active
1787765290.423,0x0000000000000004,Active,Not Active,Not Active,Not Active
1787765295.775,0x0000000000000004,Active,Not Active,Not Active,Not Active
1787765301.125,0x0000000000000004,Active,Not Active,Not Active,Not Active
1787765306.479,0x0000000000000004,Active,Not Active,Not Active,Not Active
1787765311.839,0x0000000000000004,Active,Not Active,Not Active,Not Active
1787765317.216,0x0000000000000004,Active,Not Active,Not Active,Not Active
1787765322.571,0x0000000000000004,Active,Not Active,Not Active,Not Active
1787765327.932,0x0000000000000004,Active,Not Active,Not Active,Not Active
1787765333.302,0x0000000000000004,Active,Not Active,Not Active,Not Active
1787765338.659,0x0000000000000004,Active,Not Active,Not Active,Not Active
1787765344.012,0x0000000000000004,Active,Not Active,Not Active,Not Active
1787765349.371,0x0000000000000004,Active,Not Active,Not Active,Not Active
1787765354.723,0x0000000000000004,Active,Not Active,Not Active,Not Active
1787765360.073,0x0000000000000004,Active,Not Active,Not Active,Not Active
1787765365.415,0x0000000000000004,Active,Not Active,Not Active,Not Active
1787765370.766,0x0000000000000004,Active,Not Active,Not Active,Not Active
1787765376.108,0x0000000000000004,Active,Not Active,Not Active,Not Active
1787765381.457,0x0000000000000004,Active,Not Active,Not Active,Not Active
1787765386.813,0x0000000000000004,Active,Not Active,Not Active,Not Active
1787765392.149,0x0000000000000004,Active,Not Active,Not Active,Not Active
1787765397.480,0x0000000000000004,Active,Not Active,Not Active,Not Active
1787765402.827,0x0000000000000004,Active,Not Active,Not Active,Not Active
1787765408.170,0x0000000000000004,Active,Not Active,Not Active,Not Active
1787765413.519,0x0000000000000004,Active,Not Active,Not Active,Not Active
1787765418.875,0x0000000000000004,Active,Not Active,Not Active,Not Active
1787765424.222,0x0000000000000004,Active,Not Active,Not Active,Not Active
1787765429.564,0x0000000000000004,Active,Not Active,Not Active,Not Active
1787765434.915,0x0000000000000004,Active,Not Active,Not Active,Not Active
1787765440.275,0x0000000000000000,Not Active,Not Active,Not Active,Not Active
1787765445.622,0x0000000000000004,Active,Not Active,Not Active,Not Active
1787765450.955,0x0000000000000004,Active,Not Active,Not Active,Not Active
1787765456.300,0x0000000000000004,Active,Not Active,Not Active,Not Active
1787765461.658,0x0000000000000004,Active,Not Active,Not Active,Not Active
1787765467.005,0x0000000000000004,Active,Not Active,Not Active,Not Active
1787765472.356,0x0000000000000004,Active,Not Active,Not Active,Not Active
1787765477.715,0x0000000000000004,Active,Not Active,Not Active,Not Active
1787765483.077,0x0000000000000004,Active,Not Active,Not Active,Not Active
1787765488.374,0x0000000000000004,Active,Not Active,Not Active,Not Active
1787765493.800,0x0000000000000004,Active,Not Active,Not Active,Not Active
1787765499.172,0x0000000000000004,Active,Not Active,Not Active,Not Active
1787765504.515,0x0000000000000004,Active,Not Active,Not Active,Not Active
1787765509.878,0x0000000000000004,Active,Not Active,Not Active,Not Active
1787765515.228,0x0000000000000004,Active,Not Active,Not Active,Not Active
1787765520.578,0x0000000000000004,Active,Not Active,Not Active,Not Active
1787765525.949,0x0000000000000004,Active,Not Active,Not Active,Not Active
1787765531.300,0x0000000000000004,Active,Not Active,Not Active,Not Active
1787765536.646,0x0000000000000004,Active,Not Active,Not Active,Not Active
1787765541.996,0x0000000000000004,Active,Not Active,Not Active,Not Active
1787765547.342,0x0000000000000004,Active,Not Active,Not Active,Not Active
1787765552.681,0x0000000000000004,Active,Not Active,Not Active,Not Active
1787765558.037,0x0000000000000004,Active,Not Active,Not Active,Not Active
1787765563.396,0x0000000000000004,Active,Not Active,Not Active,Not Active
1787765568.759,0x0000000000000004,Active,Not Active,Not Active,Not Active
1787765574.116,0x0000000000000004,Active,Not Active,Not Active,Not Active
1787765579.471,0x0000000000000004,Active,Not Active,Not Active,Not Active
1787765584.838,0x0000000000000004,Active,Not Active,Not Active,Not Active
1787765590.202,0x0000000000000004,Active,Not Active,Not Active,Not Active
1787765595.551,0x0000000000000004,Active,Not Active,Not Active,Not Active
1787765600.898,0x0000000000000004,Active,Not Active,Not Active,Not Active
1787765606.249,0x0000000000000004,Active,Not Active,Not Active,Not Active
1787765611.614,0x0000000000000004,Active,Not Active,Not Active,Not Active
1787765616.973,0x0000000000000004,Active,Not Active,Not Active,Not Active
1787765622.320,0x0000000000000004,Active,Not Active,Not Active,Not Active
1787765627.675,0x0000000000000004,Active,Not Active,Not Active,Not Active
1787765633.046,0x0000000000000004,Active,Not Active,Not Active,Not Active
1787765638.406,0x0000000000000020,Not Active,Not Active,Active,Not Active
1787765643.767,0x0000000000000020,Not Active,Not Active,Active,Not Active
1787765649.136,0x0000000000000020,Not Active,Not Active,Active,Not Active
1787765654.502,0x0000000000000020,Not Active,Not Active,Active,Not Active
1787765659.877,0x0000000000000004,Active,Not Active,Not Active,Not Active
1787765665.244,0x0000000000000004,Active,Not Active,Not Active,Not Active
1787765670.618,0x0000000000000004,Active,Not Active,Not Active,Not Active
1787765675.983,0x0000000000000004,Active,Not Active,Not Active,Not Active
1787765681.358,0x0000000000000004,Active,Not Active,Not Active,Not Active
1787765686.729,0x0000000000000004,Active,Not Active,Not Active,Not Active
1787765692.098,0x0000000000000004,Active,Not Active,Not Active,Not Active
1787765697.473,0x0000000000000004,Active,Not Active,Not Active,Not Active
1787765702.849,0x0000000000000004,Active,Not Active,Not Active,Not Active
1787765708.209,0x0000000000000004,Active,Not Active,Not Active,Not Active
1787765713.567,0x0000000000000004,Active,Not Active,Not Active,Not Active
1787765718.935,0x0000000000000004,Active,Not Active,Not Active,Not Active
1787765724.240,0x0000000000000004,Active,Not Active,Not Active,Not Active
1787765729.676,0x0000000000000004,Active,Not Active,Not Active,Not Active
1787765735.035,0x0000000000000004,Active,Not Active,Not Active,Not Active
1787765740.399,0x0000000000000004,Active,Not Active,Not Active,Not Active
1787765745.777,0x0000000000000004,Active,Not Active,Not Active,Not Active
1787765751.146,0x0000000000000004,Active,Not Active,Not Active,Not Active
1787765756.519,0x0000000000000004,Active,Not Active,Not Active,Not Active
1787765761.893,0x0000000000000004,Active,Not Active,Not Active,Not Active
1787765767.257,0x0000000000000004,Active,Not Active,Not Active,Not Active
1787765772.627,0x0000000000000004,Active,Not Active,Not Active,Not Active
1787765777.998,0x0000000000000004,Active,Not Active,Not Active,Not Active
1787765783.355,0x0000000000000004,Active,Not Active,Not Active,Not Active
1787765788.730,0x0000000000000004,Active,Not Active,Not Active,Not Active
1787765794.083,0x0000000000000004,Active,Not Active,Not Active,Not Active
1787765799.436,0x0000000000000004,Active,Not Active,Not Active,Not Active
1787765804.800,0x0000000000000004,Active,Not Active,Not Active,Not Active
1787765810.142,0x0000000000000004,Active,Not Active,Not Active,Not Active
1787765815.514,0x0000000000000004,Active,Not Active,Not Active,Not Active
1787765820.875,0x0000000000000004,Active,Not Active,Not Active,Not Active
1787765826.241,0x0000000000000004,Active,Not Active,Not Active,Not Active
1787765831.594,0x0000000000000020,Not Active,Not Active,Active,Not Active
1787765836.962,0x0000000000000020,Not Active,Not Active,Active,Not Active
1787765842.326,0x0000000000000004,Active,Not Active,Not Active,Not Active
1787765847.691,0x0000000000000004,Active,Not Active,Not Active,Not Active
1787765853.065,0x0000000000000004,Active,Not Active,Not Active,Not Active
1787765858.415,0x0000000000000020,Not Active,Not Active,Active,Not Active
1787765863.768,0x0000000000000004,Active,Not Active,Not Active,Not Active
1787765869.133,0x0000000000000004,Active,Not Active,Not Active,Not Active
1787765874.502,0x0000000000000020,Not Active,Not Active,Active,Not Active
1787765879.875,0x0000000000000004,Active,Not Active,Not Active,Not Active
1787765885.248,0x0000000000000004,Active,Not Active,Not Active,Not Active
1787765890.616,0x0000000000000004,Active,Not Active,Not Active,Not Active
1787765895.983,0x0000000000000004,Active,Not Active,Not Active,Not Active
1787765901.355,0x0000000000000004,Active,Not Active,Not Active,Not Active
1787765906.721,0x0000000000000004,Active,Not Active,Not Active,Not Active
1787765912.074,0x0000000000000004,Active,Not Active,Not Active,Not Active
1787765917.438,0x0000000000000020,Not Active,Not Active,Active,Not Active
1787765922.810,0x0000000000000020,Not Active,Not Active,Active,Not Active
1787765928.167,0x0000000000000020,Not Active,Not Active,Active,Not Active
1787765933.531,0x0000000000000004,Active,Not Active,Not Active,Not Active
1787765938.909,0x0000000000000004,Active,Not Active,Not Active,Not Active
1787765944.286,0x0000000000000004,Active,Not Active,Not Active,Not Active
1787765949.658,0x0000000000000004,Active,Not Active,Not Active,Not Active
1787765955.023,0x0000000000000004,Active,Not Active,Not Active,Not Active
1787765960.318,0x0000000000000004,Active,Not Active,Not Active,Not Active
1787765965.729,0x0000000000000020,Not Active,Not Active,Active,Not Active
1787765971.103,0x0000000000000020,Not Active,Not Active,Active,Not Active
1787765976.476,0x0000000000000004,Active,Not Active,Not Active,Not Active
1787765981.846,0x0000000000000004,Active,Not Active,Not Active,Not Active
1787765987.203,0x0000000000000004,Active,Not Active,Not Active,Not Active
1787765992.576,0x0000000000000004,Active,Not Active,Not Active,Not Active
1787765997.934,0x0000000000000004,Active,Not Active,Not Active,Not Active
1787766003.305,0x0000000000000004,Active,Not Active,Not Active,Not Active
1787766008.679,0x0000000000000004,Active,Not Active,Not Active,Not Active
1787766014.019,0x0000000000000004,Active,Not Active,Not Active,Not Active
1787766019.381,0x0000000000000004,Active,Not Active,Not Active,Not Active
1787766024.745,0x0000000000000004,Active,Not Active,Not Active,Not Active
1787766030.106,0x0000000000000004,Active,Not Active,Not Active,Not Active
1787766035.455,0x0000000000000004,Active,Not Active,Not Active,Not Active
1787766040.822,0x0000000000000004,Active,Not Active,Not Active,Not Active
1787766046.187,0x0000000000000004,Active,Not Active,Not Active,Not Active
1787766051.559,0x0000000000000004,Active,Not Active,Not Active,Not Active
1787766056.919,0x0000000000000004,Active,Not Active,Not Active,Not Active
1787766062.288,0x0000000000000004,Active,Not Active,Not Active,Not Active
1787766067.645,0x0000000000000004,Active,Not Active,Not Active,Not Active
1787766073.021,0x0000000000000004,Active,Not Active,Not Active,Not Active
1787766078.378,0x0000000000000004,Active,Not Active,Not Active,Not Active
1787766083.714,0x0000000000000004,Active,Not Active,Not Active,Not Active
1787766089.083,0x0000000000000004,Active,Not Active,Not Active,Not Active
1787766094.448,0x0000000000000004,Active,Not Active,Not Active,Not Active
1787766099.812,0x0000000000000004,Active,Not Active,Not Active,Not Active
1787766105.190,0x0000000000000004,Active,Not Active,Not Active,Not Active
1787766110.556,0x0000000000000004,Active,Not Active,Not Active,Not Active
1787766115.928,0x0000000000000004,Active,Not Active,Not Active,Not Active
1787766121.264,0x0000000000000004,Active,Not Active,Not Active,Not Active
1787766126.637,0x0000000000000004,Active,Not Active,Not Active,Not Active
1787766132.006,0x0000000000000004,Active,Not Active,Not Active,Not Active
1787766137.378,0x0000000000000004,Active,Not Active,Not Active,Not Active
1787766142.748,0x0000000000000004,Active,Not Active,Not Active,Not Active
1787766148.122,0x0000000000000004,Active,Not Active,Not Active,Not Active
1787766153.484,0x0000000000000004,Active,Not Active,Not Active,Not Active
1787766158.849,0x0000000000000004,Active,Not Active,Not Active,Not Active
1787766164.207,0x0000000000000004,Active,Not Active,Not Active,Not Active
1787766169.563,0x0000000000000004,Active,Not Active,Not Active,Not Active
1787766174.938,0x0000000000000004,Active,Not Active,Not Active,Not Active
1787766180.305,0x0000000000000004,Active,Not Active,Not Active,Not Active
1787766185.684,0x0000000000000004,Active,Not Active,Not Active,Not Active
1787766191.039,0x0000000000000004,Active,Not Active,Not Active,Not Active
1787766196.347,0x0000000000000004,Active,Not Active,Not Active,Not Active
1787766201.779,0x0000000000000004,Active,Not Active,Not Active,Not Active
1787766207.152,0x0000000000000004,Active,Not Active,Not Active,Not Active
1787766212.530,0x0000000000000004,Active,Not Active,Not Active,Not Active
1787766217.881,0x0000000000000004,Active,Not Active,Not Active,Not Active
1787766223.240,0x0000000000000004,Active,Not Active,Not Active,Not Active
1787766228.603,0x0000000000000004,Active,Not Active,Not Active,Not Active
1787766233.976,0x0000000000000004,Active,Not Active,Not Active,Not Active
1787766239.341,0x0000000000000004,Active,Not Active,Not Active,Not Active
1787766244.705,0x0000000000000004,Active,Not Active,Not Active,Not Active
1787766250.084,0x0000000000000020,Not Active,Not Active,Active,Not Active
1787766255.452,0x0000000000000004,Active,Not Active,Not Active,Not Active
1787766260.818,0x0000000000000004,Active,Not Active,Not Active,Not Active
1787766266.181,0x0000000000000004,Active,Not Active,Not Active,Not Active
1787766271.550,0x0000000000000004,Active,Not Active,Not Active,Not Active
1787766276.917,0x0000000000000004,Active,Not Active,Not Active,Not Active
1787766282.259,0x0000000000000004,Active,Not Active,Not Active,Not Active
1787766287.608,0x0000000000000004,Active,Not Active,Not Active,Not Active
1787766292.965,0x0000000000000004,Active,Not Active,Not Active,Not Active
1787766298.309,0x0000000000000004,Active,Not Active,Not Active,Not Active
1787766303.667,0x0000000000000004,Active,Not Active,Not Active,Not Active
1787766309.027,0x0000000000000004,Active,Not Active,Not Active,Not Active
1787766314.385,0x0000000000000004,Active,Not Active,Not Active,Not Active
1787766319.749,0x0000000000000004,Active,Not Active,Not Active,Not Active
1787766325.115,0x0000000000000020,Not Active,Not Active,Active,Not Active
1787766330.482,0x0000000000000004,Active,Not Active,Not Active,Not Active
1787766335.849,0x0000000000000004,Active,Not Active,Not Active,Not Active
1787766341.197,0x0000000000000004,Active,Not Active,Not Active,Not Active
1787766346.535,0x0000000000000004,Active,Not Active,Not Active,Not Active
1787766351.900,0x0000000000000004,Active,Not Active,Not Active,Not Active
1787766357.258,0x0000000000000004,Active,Not Active,Not Active,Not Active
1787766362.626,0x0000000000000004,Active,Not Active,Not Active,Not Active
1787766367.964,0x0000000000000004,Active,Not Active,Not Active,Not Active
1787766373.331,0x0000000000000004,Active,Not Active,Not Active,Not Active
1787766378.703,0x0000000000000004,Active,Not Active,Not Active,Not Active
1787766384.066,0x0000000000000004,Active,Not Active,Not Active,Not Active
1787766389.435,0x0000000000000004,Active,Not Active,Not Active,Not Active
1787766394.806,0x0000000000000004,Active,Not Active,Not Active,Not Active
1787766400.181,0x0000000000000004,Active,Not Active,Not Active,Not Active
1787766405.540,0x0000000000000004,Active,Not Active,Not Active,Not Active
1787766410.905,0x0000000000000004,Active,Not Active,Not Active,Not Active
1787766416.264,0x0000000000000004,Active,Not Active,Not Active,Not Active
1787766421.629,0x0000000000000004,Active,Not Active,Not Active,Not Active
1787766426.983,0x0000000000000004,Active,Not Active,Not Active,Not Active
1787766432.286,0x0000000000000004,Active,Not Active,Not Active,Not Active
1787766437.711,0x0000000000000004,Active,Not Active,Not Active,Not Active
1787766443.066,0x0000000000000004,Active,Not Active,Not Active,Not Active
1787766448.430,0x0000000000000020,Not Active,Not Active,Active,Not Active
1787766453.793,0x0000000000000004,Active,Not Active,Not Active,Not Active
1787766459.160,0x0000000000000004,Active,Not Active,Not Active,Not Active
1787766464.529,0x0000000000000004,Active,Not Active,Not Active,Not Active
1787766469.898,0x0000000000000004,Active,Not Active,Not Active,Not Active
1787766475.250,0x0000000000000004,Active,Not Active,Not Active,Not Active
1787766480.623,0x0000000000000004,Active,Not Active,Not Active,Not Active
1787766485.989,0x0000000000000004,Active,Not Active,Not Active,Not Active
1787766491.358,0x0000000000000004,Active,Not Active,Not Active,Not Active
1787766496.719,0x0000000000000004,Active,Not Active,Not Active,Not Active
1787766502.083,0x0000000000000004,Active,Not Active,Not Active,Not Active
1787766507.449,0x0000000000000004,Active,Not Active,Not Active,Not Active
1787766512.810,0x0000000000000004,Active,Not Active,Not Active,Not Active
1787766518.167,0x0000000000000004,Active,Not Active,Not Active,Not Active
1787766523.532,0x0000000000000004,Active,Not Active,Not Active,Not Active
1787766528.882,0x0000000000000020,Not Active,Not Active,Active,Not Active
1787766534.243,0x0000000000000020,Not Active,Not Active,Active,Not Active
1787766539.609,0x0000000000000004,Active,Not Active,Not Active,Not Active
1787766544.955,0x0000000000000004,Active,Not Active,Not Active,Not Active
1787766550.307,0x0000000000000004,Active,Not Active,Not Active,Not Active
1787766555.669,0x0000000000000004,Active,Not Active,Not Active,Not Active
1787766561.032,0x0000000000000004,Active,Not Active,Not Active,Not Active
1787766566.407,0x0000000000000004,Active,Not Active,Not Active,Not Active
1787766571.775,0x0000000000000004,Active,Not Active,Not Active,Not Active
1787766577.141,0x0000000000000004,Active,Not Active,Not Active,Not Active
1787766582.514,0x0000000000000020,Not Active,Not Active,Active,Not Active
1787766587.893,0x0000000000000004,Active,Not Active,Not Active,Not Active
1787766593.266,0x0000000000000004,Active,Not Active,Not Active,Not Active
1787766598.627,0x0000000000000004,Active,Not Active,Not Active,Not Active
1787766604.001,0x0000000000000004,Active,Not Active,Not Active,Not Active
1787766609.366,0x0000000000000004,Active,Not Active,Not Active,Not Active
1787766614.736,0x0000000000000004,Active,Not Active,Not Active,Not Active
1787766620.086,0x0000000000000004,Active,Not Active,Not Active,Not Active
1787766625.459,0x0000000000000004,Active,Not Active,Not Active,Not Active
1787766630.835,0x0000000000000004,Active,Not Active,Not Active,Not Active
1787766636.207,0x0000000000000004,Active,Not Active,Not Active,Not Active
1787766641.561,0x0000000000000004,Active,Not Active,Not Active,Not Active
1787766646.933,0x0000000000000004,Active,Not Active,Not Active,Not Active
1787766652.297,0x0000000000000004,Active,Not Active,Not Active,Not Active
1787766657.648,0x0000000000000004,Active,Not Active,Not Active,Not Active
1787766663.001,0x0000000000000004,Active,Not Active,Not Active,Not Active
1787766668.308,0x0000000000000004,Active,Not Active,Not Active,Not Active
1787766673.743,0x0000000000000004,Active,Not Active,Not Active,Not Active
1787766679.106,0x0000000000000004,Active,Not Active,Not Active,Not Active
1787766684.449,0x0000000000000004,Active,Not Active,Not Active,Not Active
1787766689.824,0x0000000000000004,Active,Not Active,Not Active,Not Active
1787766695.197,0x0000000000000004,Active,Not Active,Not Active,Not Active
1787766700.557,0x0000000000000004,Active,Not Active,Not Active,Not Active
1787766705.912,0x0000000000000020,Not Active,Not Active,Active,Not Active
1787766711.286,0x0000000000000020,Not Active,Not Active,Active,Not Active
1787766716.658,0x0000000000000004,Active,Not Active,Not Active,Not Active
1787766722.020,0x0000000000000004,Active,Not Active,Not Active,Not Active
1787766727.374,0x0000000000000004,Active,Not Active,Not Active,Not Active
1787766732.731,0x0000000000000004,Active,Not Active,Not Active,Not Active
1787766738.092,0x0000000000000004,Active,Not Active,Not Active,Not Active
1787766743.446,0x0000000000000004,Active,Not Active,Not Active,Not Active
1787766748.794,0x0000000000000004,Active,Not Active,Not Active,Not Active
1787766754.155,0x0000000000000004,Active,Not Active,Not Active,Not Active
1787766759.522,0x0000000000000004,Active,Not Active,Not Active,Not Active
1787766764.900,0x0000000000000004,Active,Not Active,Not Active,Not Active
1787766770.253,0x0000000000000004,Active,Not Active,Not Active,Not Active
1787766775.614,0x0000000000000004,Active,Not Active,Not Active,Not Active
1787766780.981,0x0000000000000004,Active,Not Active,Not Active,Not Active
1787766786.359,0x0000000000000004,Active,Not Active,Not Active,Not Active
1787766791.721,0x0000000000000004,Active,Not Active,Not Active,Not Active
1787766797.088,0x0000000000000004,Active,Not Active,Not Active,Not Active
1787766802.451,0x0000000000000024,Active,Not Active,Active,Not Active
1787766807.811,0x0000000000000004,Active,Not Active,Not Active,Not Active
1787766813.173,0x0000000000000004,Active,Not Active,Not Active,Not Active
1787766818.551,0x0000000000000004,Active,Not Active,Not Active,Not Active
1787766823.911,0x0000000000000004,Active,Not Active,Not Active,Not Active
1787766829.258,0x0000000000000024,Active,Not Active,Active,Not Active
1787766834.603,0x0000000000000004,Active,Not Active,Not Active,Not Active
1787766839.957,0x0000000000000004,Active,Not Active,Not Active,Not Active
1787766845.310,0x0000000000000004,Active,Not Active,Not Active,Not Active
1787766850.670,0x0000000000000004,Active,Not Active,Not Active,Not Active
1787766856.021,0x0000000000000004,Active,Not Active,Not Active,Not Active
1787766861.379,0x0000000000000004,Active,Not Active,Not Active,Not Active
1787766866.732,0x0000000000000004,Active,Not Active,Not Active,Not Active
1787766872.073,0x0000000000000004,Active,Not Active,Not Active,Not Active
1787766877.426,0x0000000000000004,Active,Not Active,Not Active,Not Active
1787766882.774,0x0000000000000004,Active,Not Active,Not Active,Not Active
1787766888.126,0x0000000000000004,Active,Not Active,Not Active,Not Active
1787766893.494,0x0000000000000004,Active,Not Active,Not Active,Not Active
1787766898.843,0x0000000000000004,Active,Not Active,Not Active,Not Active
1787766904.133,0x0000000000000004,Active,Not Active,Not Active,Not Active
1787766909.547,0x0000000000000004,Active,Not Active,Not Active,Not Active
1787766914.899,0x0000000000000004,Active,Not Active,Not Active,Not Active
1787766920.257,0x0000000000000004,Active,Not Active,Not Active,Not Active
1787766925.612,0x0000000000000004,Active,Not Active,Not Active,Not Active
1787766930.962,0x0000000000000004,Active,Not Active,Not Active,Not Active
1787766936.295,0x0000000000000004,Active,Not Active,Not Active,Not Active
1787766941.632,0x0000000000000004,Active,Not Active,Not Active,Not Active
1787766946.988,0x0000000000000004,Active,Not Active,Not Active,Not Active
1787766952.342,0x0000000000000004,Active,Not Active,Not Active,Not Active
1787766957.689,0x0000000000000004,Active,Not Active,Not Active,Not Active
1787766963.048,0x0000000000000004,Active,Not Active,Not Active,Not Active
1787766968.392,0x0000000000000004,Active,Not Active,Not Active,Not Active
1787766973.746,0x0000000000000004,Active,Not Active,Not Active,Not Active
1787766979.089,0x0000000000000004,Active,Not Active,Not Active,Not Active
1787766984.449,0x0000000000000004,Active,Not Active,Not Active,Not Active
1787766989.789,0x0000000000000004,Active,Not Active,Not Active,Not Active
1787766995.144,0x0000000000000020,Not Active,Not Active,Active,Not Active
1787767000.494,0x0000000000000020,Not Active,Not Active,Active,Not Active
1787767005.836,0x0000000000000020,Not Active,Not Active,Active,Not Active
1787767011.205,0x0000000000000004,Active,Not Active,Not Active,Not Active
1787767016.562,0x0000000000000004,Active,Not Active,Not Active,Not Active
1787767021.925,0x0000000000000004,Active,Not Active,Not Active,Not Active
1787767027.286,0x0000000000000004,Active,Not Active,Not Active,Not Active
1787767032.645,0x0000000000000004,Active,Not Active,Not Active,Not Active
1787767038.004,0x0000000000000004,Active,Not Active,Not Active,Not Active
1787767043.349,0x0000000000000004,Active,Not Active,Not Active,Not Active
1787767048.710,0x0000000000000004,Active,Not Active,Not Active,Not Active
1787767054.060,0x0000000000000004,Active,Not Active,Not Active,Not Active
1787767059.421,0x0000000000000004,Active,Not Active,Not Active,Not Active
1787767064.768,0x0000000000000004,Active,Not Active,Not Active,Not Active
1787767070.109,0x0000000000000004,Active,Not Active,Not Active,Not Active
1787767075.448,0x0000000000000004,Active,Not Active,Not Active,Not Active
1787767080.792,0x0000000000000004,Active,Not Active,Not Active,Not Active
1787767086.152,0x0000000000000004,Active,Not Active,Not Active,Not Active
1787767091.514,0x0000000000000004,Active,Not Active,Not Active,Not Active
1787767096.869,0x0000000000000004,Active,Not Active,Not Active,Not Active
1787767102.231,0x0000000000000004,Active,Not Active,Not Active,Not Active
1787767107.587,0x0000000000000004,Active,Not Active,Not Active,Not Active
1787767112.943,0x0000000000000004,Active,Not Active,Not Active,Not Active
1787767118.305,0x0000000000000004,Active,Not Active,Not Active,Not Active
1787767123.655,0x0000000000000004,Active,Not Active,Not Active,Not Active
1787767128.991,0x0000000000000004,Active,Not Active,Not Active,Not Active
1787767134.331,0x0000000000000004,Active,Not Active,Not Active,Not Active
1787767139.619,0x0000000000000004,Active,Not Active,Not Active,Not Active
1787767145.022,0x0000000000000004,Active,Not Active,Not Active,Not Active
1787767150.367,0x0000000000000004,Active,Not Active,Not Active,Not Active
1787767155.716,0x0000000000000004,Active,Not Active,Not Active,Not Active
1787767161.066,0x0000000000000004,Active,Not Active,Not Active,Not Active
1787767166.409,0x0000000000000004,Active,Not Active,Not Active,Not Active
1787767171.757,0x0000000000000004,Active,Not Active,Not Active,Not Active
1787767177.101,0x0000000000000004,Active,Not Active,Not Active,Not Active
1787767182.434,0x0000000000000004,Active,Not Active,Not Active,Not Active
1787767187.782,0x0000000000000004,Active,Not Active,Not Active,Not Active
1787767193.134,0x0000000000000004,Active,Not Active,Not Active,Not Active
1787767198.477,0x0000000000000004,Active,Not Active,Not Active,Not Active
1787767203.824,0x0000000000000004,Active,Not Active,Not Active,Not Active
1787767209.166,0x0000000000000004,Active,Not Active,Not Active,Not Active
1787767214.509,0x0000000000000004,Active,Not Active,Not Active,Not Active
1787767219.863,0x0000000000000004,Active,Not Active,Not Active,Not Active
1787767225.204,0x0000000000000004,Active,Not Active,Not Active,Not Active
1787767230.554,0x0000000000000004,Active,Not Active,Not Active,Not Active
1787767235.909,0x0000000000000004,Active,Not Active,Not Active,Not Active
1787767241.251,0x0000000000000004,Active,Not Active,Not Active,Not Active
1787767246.612,0x0000000000000004,Active,Not Active,Not Active,Not Active
1787767251.957,0x0000000000000004,Active,Not Active,Not Active,Not Active
1787767257.289,0x0000000000000004,Active,Not Active,Not Active,Not Active
1787767262.633,0x0000000000000004,Active,Not Active,Not Active,Not Active
1787767267.982,0x0000000000000004,Active,Not Active,Not Active,Not Active
1787767273.337,0x0000000000000004,Active,Not Active,Not Active,Not Active
1787767278.702,0x0000000000000020,Not Active,Not Active,Active,Not Active
1787767284.056,0x0000000000000024,Active,Not Active,Active,Not Active
1787767289.387,0x0000000000000004,Active,Not Active,Not Active,Not Active
1787767294.736,0x0000000000000004,Active,Not Active,Not Active,Not Active
1787767300.077,0x0000000000000004,Active,Not Active,Not Active,Not Active
1787767305.438,0x0000000000000004,Active,Not Active,Not Active,Not Active
1787767310.779,0x0000000000000004,Active,Not Active,Not Active,Not Active
1787767316.135,0x0000000000000004,Active,Not Active,Not Active,Not Active
1787767321.495,0x0000000000000004,Active,Not Active,Not Active,Not Active
1787767326.850,0x0000000000000004,Active,Not Active,Not Active,Not Active
1787767332.182,0x0000000000000004,Active,Not Active,Not Active,Not Active
1787767337.546,0x0000000000000024,Active,Not Active,Active,Not Active
1787767342.890,0x0000000000000004,Active,Not Active,Not Active,Not Active
1787767348.230,0x0000000000000004,Active,Not Active,Not Active,Not Active
1787767353.584,0x0000000000000004,Active,Not Active,Not Active,Not Active
1787767358.930,0x0000000000000004,Active,Not Active,Not Active,Not Active
1787767364.266,0x0000000000000004,Active,Not Active,Not Active,Not Active
1787767369.620,0x0000000000000004,Active,Not Active,Not Active,Not Active
1787767374.899,0x0000000000000004,Active,Not Active,Not Active,Not Active
1787767380.301,0x0000000000000004,Active,Not Active,Not Active,Not Active
1787767385.643,0x0000000000000004,Active,Not Active,Not Active,Not Active
1787767390.993,0x0000000000000004,Active,Not Active,Not Active,Not Active
1787767396.346,0x0000000000000004,Active,Not Active,Not Active,Not Active
1787767401.688,0x0000000000000004,Active,Not Active,Not Active,Not Active
1787767407.030,0x0000000000000020,Not Active,Not Active,Active,Not Active
1787767412.378,0x0000000000000004,Active,Not Active,Not Active,Not Active
1787767417.734,0x0000000000000004,Active,Not Active,Not Active,Not Active
1787767423.080,0x0000000000000004,Active,Not Active,Not Active,Not Active
1787767428.436,0x0000000000000004,Active,Not Active,Not Active,Not Active
1787767433.777,0x0000000000000004,Active,Not Active,Not Active,Not Active
1787767439.113,0x0000000000000020,Not Active,Not Active,Active,Not Active
1787767444.467,0x0000000000000004,Active,Not Active,Not Active,Not Active
1787767449.816,0x0000000000000004,Active,Not Active,Not Active,Not Active
1787767455.162,0x0000000000000004,Active,Not Active,Not Active,Not Active
1787767460.511,0x0000000000000004,Active,Not Active,Not Active,Not Active
1787767465.865,0x0000000000000004,Active,Not Active,Not Active,Not Active
1787767471.199,0x0000000000000004,Active,Not Active,Not Active,Not Active
1787767476.547,0x0000000000000004,Active,Not Active,Not Active,Not Active
1787767481.897,0x0000000000000024,Active,Not Active,Active,Not Active
1787767487.250,0x0000000000000004,Active,Not Active,Not Active,Not Active
1787767492.590,0x0000000000000004,Active,Not Active,Not Active,Not Active
1787767497.935,0x0000000000000024,Active,Not Active,Active,Not Active
1787767503.286,0x0000000000000004,Active,Not Active,Not Active,Not Active
1787767508.639,0x0000000000000004,Active,Not Active,Not Active,Not Active
1787767514.002,0x0000000000000004,Active,Not Active,Not Active,Not Active
1787767519.350,0x0000000000000004,Active,Not Active,Not Active,Not Active
1787767524.692,0x0000000000000004,Active,Not Active,Not Active,Not Active
1787767530.032,0x0000000000000004,Active,Not Active,Not Active,Not Active
1787767535.385,0x0000000000000004,Active,Not Active,Not Active,Not Active
1787767540.727,0x0000000000000004,Active,Not Active,Not Active,Not Active
1787767546.070,0x0000000000000004,Active,Not Active,Not Active,Not Active
1787767551.419,0x0000000000000004,Active,Not Active,Not Active,Not Active
1787767556.759,0x0000000000000004,Active,Not Active,Not Active,Not Active
1787767562.118,0x0000000000000004,Active,Not Active,Not Active,Not Active
1787767567.472,0x0000000000000004,Active,Not Active,Not Active,Not Active
1787767572.809,0x0000000000000004,Active,Not Active,Not Active,Not Active
1787767578.169,0x0000000000000004,Active,Not Active,Not Active,Not Active
1787767583.510,0x0000000000000004,Active,Not Active,Not Active,Not Active
1787767588.848,0x0000000000000004,Active,Not Active,Not Active,Not Active
1787767594.193,0x0000000000000004,Active,Not Active,Not Active,Not Active
1787767599.559,0x0000000000000004,Active,Not Active,Not Active,Not Active
1787767604.909,0x0000000000000004,Active,Not Active,Not Active,Not Active
1787767610.191,0x0000000000000004,Active,Not Active,Not Active,Not Active
1787767615.605,0x0000000000000004,Active,Not Active,Not Active,Not Active
1787767620.940,0x0000000000000004,Active,Not Active,Not Active,Not Active
1787767626.282,0x0000000000000004,Active,Not Active,Not Active,Not Active
1787767631.651,0x0000000000000004,Active,Not Active,Not Active,Not Active
1787767637.001,0x0000000000000024,Active,Not Active,Active,Not Active
1787767642.355,0x0000000000000004,Active,Not Active,Not Active,Not Active
1787767647.704,0x0000000000000004,Active,Not Active,Not Active,Not Active
1787767653.065,0x0000000000000004,Active,Not Active,Not Active,Not Active
1787767658.406,0x0000000000000020,Not Active,Not Active,Active,Not Active
1787767663.761,0x0000000000000004,Active,Not Active,Not Active,Not Active
1787767669.127,0x0000000000000004,Active,Not Active,Not Active,Not Active
1787767674.480,0x0000000000000004,Active,Not Active,Not Active,Not Active
1787767679.826,0x0000000000000004,Active,Not Active,Not Active,Not Active
1787767685.185,0x0000000000000004,Active,Not Active,Not Active,Not Active
1787767690.547,0x0000000000000004,Active,Not Active,Not Active,Not Active
1787767695.883,0x0000000000000004,Active,Not Active,Not Active,Not Active
1787767701.240,0x0000000000000004,Active,Not Active,Not Active,Not Active
1787767706.593,0x0000000000000004,Active,Not Active,Not Active,Not Active
1787767711.951,0x0000000000000004,Active,Not Active,Not Active,Not Active
1787767717.304,0x0000000000000004,Active,Not Active,Not Active,Not Active
1787767722.663,0x0000000000000004,Active,Not Active,Not Active,Not Active
1787767728.017,0x0000000000000004,Active,Not Active,Not Active,Not Active
1787767733.376,0x0000000000000004,Active,Not Active,Not Active,Not Active
1787767738.713,0x0000000000000004,Active,Not Active,Not Active,Not Active
1787767744.061,0x0000000000000004,Active,Not Active,Not Active,Not Active
1787767749.414,0x0000000000000004,Active,Not Active,Not Active,Not Active
1787767754.753,0x0000000000000004,Active,Not Active,Not Active,Not Active
1787767760.113,0x0000000000000004,Active,Not Active,Not Active,Not Active
1787767765.471,0x0000000000000004,Active,Not Active,Not Active,Not Active
1787767770.822,0x0000000000000004,Active,Not Active,Not Active,Not Active
1787767776.176,0x0000000000000004,Active,Not Active,Not Active,Not Active
1787767781.523,0x0000000000000004,Active,Not Active,Not Active,Not Active
1787767786.876,0x0000000000000004,Active,Not Active,Not Active,Not Active
1787767792.224,0x0000000000000004,Active,Not Active,Not Active,Not Active
1787767797.576,0x0000000000000004,Active,Not Active,Not Active,Not Active
1787767802.926,0x0000000000000004,Active,Not Active,Not Active,Not Active
1787767808.284,0x0000000000000004,Active,Not Active,Not Active,Not Active
1787767813.637,0x0000000000000004,Active,Not Active,Not Active,Not Active
1787767818.987,0x0000000000000004,Active,Not Active,Not Active,Not Active
1787767824.340,0x0000000000000004,Active,Not Active,Not Active,Not Active
1787767829.699,0x0000000000000004,Active,Not Active,Not Active,Not Active
1787767835.048,0x0000000000000004,Active,Not Active,Not Active,Not Active
1787767840.395,0x0000000000000004,Active,Not Active,Not Active,Not Active
1787767845.684,0x0000000000000004,Active,Not Active,Not Active,Not Active
1787767851.104,0x0000000000000004,Active,Not Active,Not Active,Not Active
1787767856.448,0x0000000000000004,Active,Not Active,Not Active,Not Active
1787767861.793,0x0000000000000004,Active,Not Active,Not Active,Not Active
1787767867.149,0x0000000000000004,Active,Not Active,Not Active,Not Active
1787767872.497,0x0000000000000004,Active,Not Active,Not Active,Not Active
1787767877.836,0x0000000000000004,Active,Not Active,Not Active,Not Active
1787767883.180,0x0000000000000004,Active,Not Active,Not Active,Not Active
1787767888.509,0x0000000000000004,Active,Not Active,Not Active,Not Active
1787767893.860,0x0000000000000004,Active,Not Active,Not Active,Not Active
1787767899.196,0x0000000000000004,Active,Not Active,Not Active,Not Active
1787767904.538,0x0000000000000004,Active,Not Active,Not Active,Not Active
1787767909.887,0x0000000000000004,Active,Not Active,Not Active,Not Active
1787767915.239,0x0000000000000004,Active,Not Active,Not Active,Not Active
1787767920.587,0x0000000000000004,Active,Not Active,Not Active,Not Active
1787767925.934,0x0000000000000004,Active,Not Active,Not Active,Not Active
1787767931.277,0x0000000000000020,Not Active,Not Active,Active,Not Active
1787767936.640,0x0000000000000020,Not Active,Not Active,Active,Not Active
1787767941.989,0x0000000000000004,Active,Not Active,Not Active,Not Active
1787767947.334,0x0000000000000004,Active,Not Active,Not Active,Not Active
1787767952.689,0x0000000000000004,Active,Not Active,Not Active,Not Active
1787767958.036,0x0000000000000004,Active,Not Active,Not Active,Not Active
1787767963.392,0x0000000000000004,Active,Not Active,Not Active,Not Active
1787767968.753,0x0000000000000004,Active,Not Active,Not Active,Not Active
1787767974.121,0x0000000000000004,Active,Not Active,Not Active,Not Active
1787767979.482,0x0000000000000004,Active,Not Active,Not Active,Not Active
1787767984.853,0x0000000000000004,Active,Not Active,Not Active,Not Active
1787767990.209,0x0000000000000020,Not Active,Not Active,Active,Not Active
1787767995.556,0x0000000000000004,Active,Not Active,Not Active,Not Active
1787768000.911,0x0000000000000004,Active,Not Active,Not Active,Not Active
1787768006.257,0x0000000000000004,Active,Not Active,Not Active,Not Active
1787768011.622,0x0000000000000004,Active,Not Active,Not Active,Not Active
1787768016.965,0x0000000000000004,Active,Not Active,Not Active,Not Active
1787768022.327,0x0000000000000004,Active,Not Active,Not Active,Not Active
1787768027.671,0x0000000000000004,Active,Not Active,Not Active,Not Active
1787768033.034,0x0000000000000004,Active,Not Active,Not Active,Not Active
1787768038.395,0x0000000000000004,Active,Not Active,Not Active,Not Active
1787768043.745,0x0000000000000004,Active,Not Active,Not Active,Not Active
1787768049.093,0x0000000000000004,Active,Not Active,Not Active,Not Active
1787768054.440,0x0000000000000020,Not Active,Not Active,Active,Not Active
1787768059.786,0x0000000000000004,Active,Not Active,Not Active,Not Active
1787768065.146,0x0000000000000004,Active,Not Active,Not Active,Not Active
1787768070.501,0x0000000000000004,Active,Not Active,Not Active,Not Active
1787768075.866,0x0000000000000004,Active,Not Active,Not Active,Not Active
1787768081.159,0x0000000000000004,Active,Not Active,Not Active,Not Active
1787768086.579,0x0000000000000004,Active,Not Active,Not Active,Not Active
1787768091.945,0x0000000000000004,Active,Not Active,Not Active,Not Active
1787768097.292,0x0000000000000004,Active,Not Active,Not Active,Not Active
1787768102.661,0x0000000000000004,Active,Not Active,Not Active,Not Active
1787768108.032,0x0000000000000004,Active,Not Active,Not Active,Not Active
1787768113.387,0x0000000000000004,Active,Not Active,Not Active,Not Active
1787768118.740,0x0000000000000004,Active,Not Active,Not Active,Not Active
1787768124.103,0x0000000000000004,Active,Not Active,Not Active,Not Active
1787768129.461,0x0000000000000004,Active,Not Active,Not Active,Not Active
1787768134.817,0x0000000000000020,Not Active,Not Active,Active,Not Active
1787768140.184,0x0000000000000020,Not Active,Not Active,Active,Not Active
1787768145.541,0x0000000000000020,Not Active,Not Active,Active,Not Active
1787768150.895,0x0000000000000020,Not Active,Not Active,Active,Not Active
1787768156.256,0x0000000000000004,Active,Not Active,Not Active,Not Active
1787768161.597,0x0000000000000004,Active,Not Active,Not Active,Not Active
1787768166.939,0x0000000000000004,Active,Not Active,Not Active,Not Active
1787768172.293,0x0000000000000004,Active,Not Active,Not Active,Not Active
1787768177.657,0x0000000000000004,Active,Not Active,Not Active,Not Active
1787768183.004,0x0000000000000004,Active,Not Active,Not Active,Not Active
1787768188.362,0x0000000000000004,Active,Not Active,Not Active,Not Active
1787768193.732,0x0000000000000004,Active,Not Active,Not Active,Not Active
1787768199.062,0x0000000000000004,Active,Not Active,Not Active,Not Active
1787768204.428,0x0000000000000004,Active,Not Active,Not Active,Not Active
1787768209.791,0x0000000000000004,Active,Not Active,Not Active,Not Active
1787768215.147,0x0000000000000004,Active,Not Active,Not Active,Not Active
1787768220.495,0x0000000000000020,Not Active,Not Active,Active,Not Active
1787768225.855,0x0000000000000004,Active,Not Active,Not Active,Not Active
1787768231.220,0x0000000000000004,Active,Not Active,Not Active,Not Active
1787768236.588,0x0000000000000004,Active,Not Active,Not Active,Not Active
1787768241.934,0x0000000000000004,Active,Not Active,Not Active,Not Active
1787768247.290,0x0000000000000004,Active,Not Active,Not Active,Not Active
1787768252.658,0x0000000000000004,Active,Not Active,Not Active,Not Active
1787768258.015,0x0000000000000004,Active,Not Active,Not Active,Not Active
1787768263.376,0x0000000000000004,Active,Not Active,Not Active,Not Active
1787768268.735,0x0000000000000004,Active,Not Active,Not Active,Not Active
1787768274.093,0x0000000000000024,Active,Not Active,Active,Not Active
1787768279.457,0x0000000000000004,Active,Not Active,Not Active,Not Active
1787768284.816,0x0000000000000004,Active,Not Active,Not Active,Not Active
1787768290.186,0x0000000000000004,Active,Not Active,Not Active,Not Active
1787768295.551,0x0000000000000004,Active,Not Active,Not Active,Not Active
1787768300.911,0x0000000000000004,Active,Not Active,Not Active,Not Active
1787768306.255,0x0000000000000004,Active,Not Active,Not Active,Not Active
1787768311.621,0x0000000000000004,Active,Not Active,Not Active,Not Active
1787768316.904,0x0000000000000004,Active,Not Active,Not Active,Not Active
1787768322.336,0x0000000000000004,Active,Not Active,Not Active,Not Active
1787768327.703,0x0000000000000004,Active,Not Active,Not Active,Not Active
1787768333.053,0x0000000000000004,Active,Not Active,Not Active,Not Active
1787768338.415,0x0000000000000004,Active,Not Active,Not Active,Not Active
1787768343.771,0x0000000000000004,Active,Not Active,Not Active,Not Active
1787768349.118,0x0000000000000004,Active,Not Active,Not Active,Not Active
1787768354.476,0x0000000000000024,Active,Not Active,Active,Not Active
1787768359.834,0x0000000000000004,Active,Not Active,Not Active,Not Active
1787768365.188,0x0000000000000004,Active,Not Active,Not Active,Not Active
1787768370.542,0x0000000000000004,Active,Not Active,Not Active,Not Active
1787768375.882,0x0000000000000020,Not Active,Not Active,Active,Not Active
1787768381.235,0x0000000000000020,Not Active,Not Active,Active,Not Active
1787768386.577,0x0000000000000004,Active,Not Active,Not Active,Not Active
1787768391.933,0x0000000000000004,Active,Not Active,Not Active,Not Active
1787768397.283,0x0000000000000004,Active,Not Active,Not Active,Not Active
1787768402.651,0x0000000000000004,Active,Not Active,Not Active,Not Active
1787768408.009,0x0000000000000004,Active,Not Active,Not Active,Not Active
1787768413.366,0x0000000000000004,Active,Not Active,Not Active,Not Active
1787768418.712,0x0000000000000004,Active,Not Active,Not Active,Not Active
1787768424.068,0x0000000000000004,Active,Not Active,Not Active,Not Active
1787768429.419,0x0000000000000004,Active,Not Active,Not Active,Not Active
1787768434.790,0x0000000000000004,Active,Not Active,Not Active,Not Active
1787768440.132,0x0000000000000004,Active,Not Active,Not Active,Not Active
1787768445.485,0x0000000000000020,Not Active,Not Active,Active,Not Active
1787768450.855,0x0000000000000004,Active,Not Active,Not Active,Not Active
1787768456.206,0x0000000000000004,Active,Not Active,Not Active,Not Active
1787768461.540,0x0000000000000004,Active,Not Active,Not Active,Not Active
1787768466.897,0x0000000000000004,Active,Not Active,Not Active,Not Active
1787768472.261,0x0000000000000004,Active,Not Active,Not Active,Not Active
1787768477.606,0x0000000000000004,Active,Not Active,Not Active,Not Active
1787768482.963,0x0000000000000004,Active,Not Active,Not Active,Not Active
1787768488.320,0x0000000000000004,Active,Not Active,Not Active,Not Active
1787768493.653,0x0000000000000004,Active,Not Active,Not Active,Not Active
1787768499.013,0x0000000000000004,Active,Not Active,Not Active,Not Active
1787768504.374,0x0000000000000004,Active,Not Active,Not Active,Not Active
1787768509.720,0x0000000000000004,Active,Not Active,Not Active,Not Active
1787768515.065,0x0000000000000004,Active,Not Active,Not Active,Not Active
1787768520.416,0x0000000000000004,Active,Not Active,Not Active,Not Active
1787768525.773,0x0000000000000004,Active,Not Active,Not Active,Not Active
1787768531.129,0x0000000000000004,Active,Not Active,Not Active,Not Active
1787768536.486,0x0000000000000004,Active,Not Active,Not Active,Not Active
1787768541.846,0x0000000000000004,Active,Not Active,Not Active,Not Active
1787768547.212,0x0000000000000004,Active,Not Active,Not Active,Not Active
1787768552.516,0x0000000000000004,Active,Not Active,Not Active,Not Active
1787768557.929,0x0000000000000004,Active,Not Active,Not Active,Not Active
1787768563.285,0x0000000000000004,Active,Not Active,Not Active,Not Active
1787768568.641,0x0000000000000004,Active,Not Active,Not Active,Not Active
1787768573.990,0x0000000000000020,Not Active,Not Active,Active,Not Active
1787768579.358,0x0000000000000004,Active,Not Active,Not Active,Not Active
1787768584.700,0x0000000000000004,Active,Not Active,Not Active,Not Active
1787768590.041,0x0000000000000004,Active,Not Active,Not Active,Not Active
1787768595.383,0x0000000000000004,Active,Not Active,Not Active,Not Active
1787768600.726,0x0000000000000004,Active,Not Active,Not Active,Not Active
1787768606.086,0x0000000000000004,Active,Not Active,Not Active,Not Active
1787768611.437,0x0000000000000004,Active,Not Active,Not Active,Not Active
1787768616.787,0x0000000000000004,Active,Not Active,Not Active,Not Active
1787768622.133,0x0000000000000004,Active,Not Active,Not Active,Not Active
1787768627.480,0x0000000000000004,Active,Not Active,Not Active,Not Active
1787768632.832,0x0000000000000004,Active,Not Active,Not Active,Not Active
1787768638.190,0x0000000000000004,Active,Not Active,Not Active,Not Active
1787768643.531,0x0000000000000004,Active,Not Active,Not Active,Not Active
1787768648.887,0x0000000000000004,Active,Not Active,Not Active,Not Active
1787768654.227,0x0000000000000004,Active,Not Active,Not Active,Not Active
1787768659.580,0x0000000000000004,Active,Not Active,Not Active,Not Active
1787768664.931,0x0000000000000004,Active,Not Active,Not Active,Not Active
1787768670.281,0x0000000000000004,Active,Not Active,Not Active,Not Active
1787768675.626,0x0000000000000004,Active,Not Active,Not Active,Not Active
1787768680.980,0x0000000000000004,Active,Not Active,Not Active,Not Active
1787768686.341,0x0000000000000004,Active,Not Active,Not Active,Not Active
1787768691.704,0x0000000000000004,Active,Not Active,Not Active,Not Active
1787768697.050,0x0000000000000004,Active,Not Active,Not Active,Not Active
1787768702.405,0x0000000000000004,Active,Not Active,Not Active,Not Active
1787768707.763,0x0000000000000004,Active,Not Active,Not Active,Not Active
1787768713.123,0x0000000000000004,Active,Not Active,Not Active,Not Active
1787768718.469,0x0000000000000004,Active,Not Active,Not Active,Not Active
1787768723.826,0x0000000000000004,Active,Not Active,Not Active,Not Active
1787768729.183,0x0000000000000004,Active,Not Active,Not Active,Not Active
1787768734.521,0x0000000000000004,Active,Not Active,Not Active,Not Active
1787768739.887,0x0000000000000004,Active,Not Active,Not Active,Not Active
1787768745.230,0x0000000000000004,Active,Not Active,Not Active,Not Active
1787768750.573,0x0000000000000004,Active,Not Active,Not Active,Not Active
1787768755.925,0x0000000000000020,Not Active,Not Active,Active,Not Active
1787768761.274,0x0000000000000020,Not Active,Not Active,Active,Not Active
1787768766.623,0x0000000000000020,Not Active,Not Active,Active,Not Active
1787768771.991,0x0000000000000020,Not Active,Not Active,Active,Not Active
1787768777.357,0x0000000000000020,Not Active,Not Active,Active,Not Active
1787768782.709,0x0000000000000004,Active,Not Active,Not Active,Not Active
1787768788.015,0x0000000000000004,Active,Not Active,Not Active,Not Active
1787768793.444,0x0000000000000004,Active,Not Active,Not Active,Not Active
1787768798.785,0x0000000000000004,Active,Not Active,Not Active,Not Active
1787768804.141,0x0000000000000004,Active,Not Active,Not Active,Not Active
1787768809.478,0x0000000000000004,Active,Not Active,Not Active,Not Active
1787768814.836,0x0000000000000004,Active,Not Active,Not Active,Not Active
1787768820.194,0x0000000000000004,Active,Not Active,Not Active,Not Active
1787768825.543,0x0000000000000004,Active,Not Active,Not Active,Not Active
1787768830.903,0x0000000000000004,Active,Not Active,Not Active,Not Active
1787768836.265,0x0000000000000004,Active,Not Active,Not Active,Not Active
1787768841.612,0x0000000000000020,Not Active,Not Active,Active,Not Active
1787768846.983,0x0000000000000020,Not Active,Not Active,Active,Not Active
1787768852.324,0x0000000000000004,Active,Not Active,Not Active,Not Active
1787768857.679,0x0000000000000004,Active,Not Active,Not Active,Not Active
1787768863.032,0x0000000000000004,Active,Not Active,Not Active,Not Active
1787768868.401,0x0000000000000004,Active,Not Active,Not Active,Not Active
1787768873.753,0x0000000000000004,Active,Not Active,Not Active,Not Active
1787768879.120,0x0000000000000004,Active,Not Active,Not Active,Not Active
1787768884.461,0x0000000000000004,Active,Not Active,Not Active,Not Active
1787768889.810,0x0000000000000001,Not Active,Not Active,Not Active,Not Active
1787768895.168,0x0000000000000001,Not Active,Not Active,Not Active,Not Active
1787768900.526,0x0000000000000001,Not Active,Not Active,Not Active,Not Active
1787768905.883,0x0000000000000001,Not Active,Not Active,Not Active,Not Active
1787768911.234,0x0000000000000001,Not Active,Not Active,Not Active,Not Active
1787768916.593,0x0000000000000001,Not Active,Not Active,Not Active,Not Active
1787768921.941,0x0000000000000001,Not Active,Not Active,Not Active,Not Active
