1787761242.189,#,gpu,pwr,gtemp,mtemp,sm,mem,enc,dec,jpg,ofa,mclk,pclk,pviol,tviol,fb,bar1,ccpm,sbecc,dbecc,pci,rxpci,txpci
1787761242.225,#,Idx,W,C,C,%,%,%,%,%,%,MHz,MHz,%,bool,MB,MB,MB,errs,errs,errs,MB/s,MB/s
1787761242.249,0,342,83,-,86,58,0,0,0,0,9501,1695,0,0,17406,32739,-,-,-,0,143,314
1787761243.324,0,345,83,-,95,62,0,0,0,0,9501,1620,86,0,17406,32739,-,-,-,0,59,310
1787761244.395,0,347,83,-,89,57,0,0,0,0,9501,1620,99,0,17406,32739,-,-,-,0,54,311
1787761245.472,0,342,83,-,85,58,0,0,0,0,9501,1710,95,0,17406,32739,-,-,-,0,206,98
1787761246.539,0,343,83,-,88,61,0,0,0,0,9501,1710,90,0,17406,32739,-,-,-,0,182,275
1787761247.606,0,345,83,-,88,68,0,0,0,0,9501,1680,89,0,17406,32739,-,-,-,0,193,154
1787761248.670,0,342,83,-,85,63,0,0,0,0,9501,1665,87,0,17406,32739,-,-,-,0,96,81
1787761249.742,0,343,84,-,85,55,0,0,0,0,9501,1620,88,0,17406,32739,-,-,-,0,100,25
1787761250.816,0,347,83,-,89,61,0,0,0,0,9501,1755,93,0,17406,32739,-,-,-,0,132,58
1787761251.891,0,344,83,-,87,60,0,0,0,0,9501,1635,77,0,17406,32739,-,-,-,0,226,171
1787761252.966,0,348,83,-,87,58,0,0,0,0,9501,1710,67,0,17406,32739,-,-,-,0,123,306
1787761254.040,0,344,83,-,86,59,0,0,0,0,9501,1635,100,0,17406,32739,-,-,-,0,75,310
1787761255.109,0,345,83,-,87,59,0,0,0,0,9501,1740,85,0,17406,32739,-,-,-,0,168,31
1787761256.185,0,346,83,-,85,55,0,0,0,0,9501,1635,69,0,17406,32739,-,-,-,0,186,62
1787761257.259,0,346,84,-,87,69,0,0,0,0,9501,1740,71,0,17406,32739,-,-,-,0,263,283
1787761258.335,0,348,84,-,86,58,0,0,0,0,9501,1650,78,0,17406,32739,-,-,-,0,192,224
1787761259.408,0,345,84,-,85,58,0,0,0,0,9501,1650,77,0,17406,32739,-,-,-,0,184,220
1787761260.485,0,346,84,-,86,63,0,0,0,0,9501,1710,71,0,17406,32739,-,-,-,0,198,60
1787761261.548,0,346,83,-,90,57,0,0,0,0,9501,1740,100,0,17406,32739,-,-,-,0,183,53
1787761262.614,0,345,84,-,85,60,0,0,0,0,9501,1710,51,0,17406,32739,-,-,-,0,178,321
1787761263.689,0,348,83,-,84,67,0,0,0,0,9501,1710,64,0,17406,32739,-,-,-,0,200,163
1787761264.763,0,346,83,-,92,61,0,0,0,0,9501,1680,76,0,17406,32739,-,-,-,0,74,32
1787761265.838,0,347,83,-,94,63,0,0,0,0,9501,1665,99,0,17406,32739,-,-,-,0,167,42
1787761266.907,0,343,83,-,89,59,0,0,0,0,9501,1635,89,0,17406,32739,-,-,-,0,198,173
1787761267.980,0,344,83,-,87,59,0,0,0,0,9501,1740,71,0,17406,32739,-,-,-,0,232,62
1787761269.043,0,343,84,-,88,58,0,0,0,0,9501,1620,100,0,17406,32739,-,-,-,0,89,326
1787761270.119,0,346,84,-,80,63,0,0,0,0,9501,1695,95,0,17406,32739,-,-,-,0,182,34
1787761271.197,0,347,83,-,94,62,0,0,0,0,9501,1605,96,0,17406,32739,-,-,-,0,8,16892
1787761272.272,0,281,83,-,59,24,0,0,0,0,9501,1665,49,0,17406,32739,-,-,-,0,256,218
1787761273.345,0,339,83,-,89,65,0,0,0,0,9501,1740,84,0,17406,32739,-,-,-,0,155,161
1787761274.420,0,345,83,-,87,57,0,0,0,0,9501,1725,77,0,17406,32739,-,-,-,0,695,8499
1787761275.491,0,312,82,-,65,22,0,0,0,0,9501,1650,65,0,17406,32739,-,-,-,0,192,55
1787761276.557,0,345,84,-,81,54,0,0,0,0,9501,1695,100,0,17406,32739,-,-,-,0,207,114
1787761277.629,0,346,83,-,82,54,0,0,0,0,9501,1725,44,0,17406,32739,-,-,-,0,120,107
1787761278.703,0,343,83,-,85,60,0,0,0,0,9501,1725,69,0,17406,32739,-,-,-,0,173,304
1787761279.780,0,346,83,-,88,59,0,0,0,0,9501,1650,90,0,17406,32739,-,-,-,0,90,300
1787761280.854,0,345,83,-,91,61,0,0,0,0,9501,1680,99,0,17406,32739,-,-,-,0,56,335
1787761281.921,0,346,83,-,89,57,0,0,0,0,9501,1680,95,0,17406,32739,-,-,-,0,154,319
1787761282.995,0,342,83,-,89,58,0,0,0,0,9501,1725,91,0,17406,32739,-,-,-,0,78,300
1787761284.070,0,347,84,-,93,62,0,0,0,0,9501,1620,100,0,17406,32739,-,-,-,0,179,57
1787761285.142,0,345,83,-,90,58,0,0,0,0,9501,1620,95,0,17406,32739,-,-,-,0,174,309
1787761286.216,0,349,83,-,94,60,0,0,0,0,9501,1695,99,0,17406,32739,-,-,-,0,187,334
1787761287.279,0,348,84,-,89,57,0,0,0,0,9501,1620,91,0,17406,32739,-,-,-,0,104,342
1787761288.355,0,309,83,-,59,21,0,0,0,0,9501,1620,77,0,17406,32739,-,-,-,0,79,30
1787761289.367,#,gpu,pwr,gtemp,mtemp,sm,mem,enc,dec,jpg,ofa,mclk,pclk,pviol,tviol,fb,bar1,ccpm,sbecc,dbecc,pci,rxpci,txpci
1787761289.367,#,Idx,W,C,C,%,%,%,%,%,%,MHz,MHz,%,bool,MB,MB,MB,errs,errs,errs,MB/s,MB/s
1787761289.431,0,337,82,-,87,24,0,0,0,0,9501,1680,88,0,17406,32739,-,-,-,0,162,288
1787761290.507,0,336,83,-,85,63,0,0,0,0,9501,1710,79,0,17406,32739,-,-,-,0,109,304
1787761291.575,0,325,79,-,0,0,0,0,0,0,9501,1905,100,0,17406,32739,-,-,-,0,56,20
1787761292.642,0,319,84,-,100,26,0,0,0,0,9501,1620,92,0,17406,32739,-,-,-,0,797,18
1787761293.717,0,348,84,-,100,27,0,0,0,0,9501,1740,93,0,17406,32739,-,-,-,0,43,40
1787761294.789,0,342,84,-,99,26,0,0,0,0,9501,1590,90,0,17406,32739,-,-,-,0,124,77
1787761295.864,0,329,83,-,57,29,0,0,0,0,9501,1695,84,0,17406,32739,-,-,-,0,178,221
1787761296.933,0,340,84,-,85,60,0,0,0,0,9501,1710,59,0,17406,32739,-,-,-,0,180,217
1787761298.007,0,346,83,-,85,56,0,0,0,0,9501,1710,75,0,17406,32739,-,-,-,0,168,327
1787761299.082,0,347,83,-,88,63,0,0,0,0,9501,1680,100,0,17406,32739,-,-,-,0,107,108
1787761300.157,0,345,83,-,90,62,0,0,0,0,9501,1710,83,0,17406,32739,-,-,-,0,154,59
1787761301.234,0,341,83,-,87,58,0,0,0,0,9501,1680,90,0,17406,32739,-,-,-,0,195,216
1787761302.310,0,342,83,-,85,58,0,0,0,0,9501,1740,79,0,17406,32739,-,-,-,0,187,86
1787761303.385,0,346,83,-,89,61,0,0,0,0,9501,1755,69,0,17406,32739,-,-,-,0,88,220
1787761304.460,0,343,83,-,88,58,0,0,0,0,9501,1680,82,0,17406,32739,-,-,-,0,167,270
1787761305.533,0,344,83,-,85,64,0,0,0,0,9501,1635,83,0,17406,32739,-,-,-,0,170,271
1787761306.606,0,341,83,-,85,64,0,0,0,0,9501,1710,100,0,17406,32739,-,-,-,0,191,162
1787761307.675,0,342,83,-,91,63,0,0,0,0,9501,1650,81,0,17406,32739,-,-,-,0,191,105
1787761308.743,0,344,83,-,95,62,0,0,0,0,9501,1620,91,0,17406,32739,-,-,-,0,140,301
1787761309.813,0,345,83,-,82,66,0,0,0,0,9501,1740,79,0,17406,32739,-,-,-,0,179,321
1787761310.887,0,346,83,-,88,59,0,0,0,0,9501,1695,74,0,17406,32739,-,-,-,0,177,269
1787761311.957,0,347,83,-,87,61,0,0,0,0,9501,1680,78,0,17406,32739,-,-,-,0,81,79
1787761313.033,0,345,83,-,90,58,0,0,0,0,9501,1665,70,0,17406,32739,-,-,-,0,184,112
1787761314.102,0,346,83,-,86,59,0,0,0,0,9501,1695,94,0,17406,32739,-,-,-,0,181,53
1787761315.177,0,346,83,-,80,58,0,0,0,0,9501,1710,80,0,17406,32739,-,-,-,0,170,26
1787761316.249,0,345,83,-,79,59,0,0,0,0,9501,1665,83,0,17406,32739,-,-,-,0,197,109
1787761317.322,0,346,83,-,87,61,0,0,0,0,9501,1695,67,0,17406,32739,-,-,-,0,113,324
1787761318.392,0,347,84,-,92,61,0,0,0,0,9501,1635,91,0,17406,32739,-,-,-,0,347,218
1787761319.467,0,345,84,-,88,57,0,0,0,0,9501,1635,87,0,17406,32739,-,-,-,0,166,327
1787761320.543,0,345,83,-,83,61,0,0,0,0,9501,1680,100,0,17406,32739,-,-,-,0,126,328
1787761321.610,0,343,83,-,79,63,0,0,0,0,9501,1710,54,0,17406,32739,-,-,-,0,224,21
1787761322.689,0,347,83,-,84,55,0,0,0,0,9501,1725,67,0,17406,32739,-,-,-,0,195,216
1787761323.760,0,345,84,-,84,67,0,0,0,0,9501,1650,82,0,17406,32739,-,-,-,0,190,110
1787761324.832,0,344,83,-,85,61,0,0,0,0,9501,1695,68,0,17406,32739,-,-,-,0,151,324
1787761325.903,0,347,84,-,87,58,0,0,0,0,9501,1710,77,0,17406,32739,-,-,-,0,67,314
1787761326.978,0,349,83,-,87,58,0,0,0,0,9501,1695,88,0,17406,32739,-,-,-,0,85,141
1787761328.051,0,348,83,-,94,61,0,0,0,0,9501,1635,100,0,17406,32739,-,-,-,0,116,305
1787761329.113,0,348,83,-,94,61,0,0,0,0,9501,1635,99,0,17406,32739,-,-,-,0,114,25
1787761330.186,0,347,83,-,94,62,0,0,0,0,9501,1620,99,0,17406,32739,-,-,-,0,59,308
1787761331.255,0,347,84,-,88,58,0,0,0,0,9501,1665,97,0,17406,32739,-,-,-,0,104,330
1787761332.327,0,346,84,-,93,62,0,0,0,0,9501,1635,99,0,17406,32739,-,-,-,0,73,52
1787761333.401,0,346,83,-,86,60,0,0,0,0,9501,1665,91,0,17406,32739,-,-,-,0,115,55
1787761334.464,0,346,83,-,94,61,0,0,0,0,9501,1620,99,0,17406,32739,-,-,-,0,159,39
1787761335.539,0,346,83,-,87,56,0,0,0,0,9501,1695,95,0,17406,32739,-,-,-,0,91,304
1787761336.552,#,gpu,pwr,gtemp,mtemp,sm,mem,enc,dec,jpg,ofa,mclk,pclk,pviol,tviol,fb,bar1,ccpm,sbecc,dbecc,pci,rxpci,txpci
1787761336.552,#,Idx,W,C,C,%,%,%,%,%,%,MHz,MHz,%,bool,MB,MB,MB,errs,errs,errs,MB/s,MB/s
1787761336.615,0,273,82,-,100,26,0,0,0,0,9501,1545,100,0,17406,32739,-,-,-,0,92,34
1787761337.687,0,324,83,-,100,35,0,0,0,0,9501,1620,99,0,17406,32739,-,-,-,0,56,429
1787761338.762,0,332,83,-,85,54,0,0,0,0,9501,1695,85,0,17406,32739,-,-,-,0,140,155
1787761339.838,0,343,83,-,88,59,0,0,0,0,9501,1725,77,0,17406,32739,-,-,-,0,193,226
1787761340.910,0,346,83,-,83,57,0,0,0,0,9501,1740,65,0,17406,32739,-,-,-,0,393,20
1787761341.986,0,313,84,-,55,17,0,0,0,0,9501,1875,68,0,17406,32739,-,-,-,0,49,28
1787761343.056,0,340,83,-,84,61,0,0,0,0,9501,1665,100,0,17406,32739,-,-,-,0,191,89
1787761344.133,0,344,83,-,84,59,0,0,0,0,9501,1725,71,0,17406,32739,-,-,-,0,159,27
1787761345.204,0,345,84,-,93,60,0,0,0,0,9501,1635,78,0,17406,32739,-,-,-,0,70,57
1787761346.278,0,347,84,-,88,58,0,0,0,0,9501,1635,96,0,17406,32739,-,-,-,0,91,308
1787761347.352,0,348,83,-,92,60,0,0,0,0,9501,1605,97,0,17406,32739,-,-,-,0,77,307
1787761348.428,0,347,83,-,91,57,0,0,0,0,9501,1650,99,0,17406,32739,-,-,-,0,72,302
1787761349.499,0,346,83,-,89,58,0,0,0,0,9501,1620,99,0,17406,32739,-,-,-,0,183,334
1787761350.565,0,345,83,-,83,54,0,0,0,0,9501,1740,100,0,17406,32739,-,-,-,0,122,21
1787761351.638,0,348,83,-,94,61,0,0,0,0,9501,1605,98,0,17406,32739,-,-,-,0,0,0
1787761352.710,0,312,84,-,100,34,0,0,0,0,9501,1635,69,0,17406,32739,-,-,-,0,4,5104
1787761353.780,0,337,84,-,88,59,0,0,0,0,9501,1695,85,0,17406,32739,-,-,-,0,197,114
1787761354.848,0,344,83,-,83,61,0,0,0,0,9501,1695,80,0,17406,32739,-,-,-,0,185,223
1787761355.925,0,343,83,-,86,58,0,0,0,0,9501,1680,81,0,17406,32739,-,-,-,0,199,55
1787761356.994,0,342,83,-,81,61,0,0,0,0,9501,1710,79,0,17406,32739,-,-,-,0,164,184
1787761358.068,0,316,83,-,99,33,0,0,0,0,9501,1650,100,0,17406,32739,-,-,-,0,5,5601
1787761359.141,0,335,83,-,85,60,0,0,0,0,9501,1725,77,0,17406,32739,-,-,-,0,166,325
1787761360.212,0,343,83,-,90,62,0,0,0,0,9501,1710,44,0,17406,32739,-,-,-,0,158,329
1787761361.286,0,344,83,-,89,77,0,0,0,0,9501,1635,73,0,17406,32739,-,-,-,0,163,336
1787761362.360,0,342,84,-,89,59,0,0,0,0,9501,1695,84,0,17406,32739,-,-,-,0,129,221
1787761363.432,0,342,83,-,93,60,0,0,0,0,9501,1650,72,0,17406,32739,-,-,-,0,175,324
1787761364.505,0,343,83,-,87,55,0,0,0,0,9501,1665,65,0,17406,32739,-,-,-,0,178,349
1787761365.582,0,347,83,-,90,58,0,0,0,0,9501,1605,100,0,17406,32739,-,-,-,0,90,303
1787761366.654,0,344,83,-,84,65,0,0,0,0,9501,1650,91,0,17406,32739,-,-,-,0,136,211
1787761367.722,0,343,83,-,87,61,0,0,0,0,9501,1710,84,0,17406,32739,-,-,-,0,123,221
1787761368.793,0,347,83,-,86,57,0,0,0,0,9501,1665,99,0,17406,32739,-,-,-,0,161,322
1787761369.864,0,344,83,-,89,57,0,0,0,0,9501,1680,94,0,17406,32739,-,-,-,0,207,156
1787761370.940,0,345,83,-,88,57,0,0,0,0,9501,1635,96,0,17406,32739,-,-,-,0,119,165
1787761372.016,0,346,83,-,95,61,0,0,0,0,9501,1620,99,0,17406,32739,-,-,-,0,1,9248
1787761373.084,0,311,83,-,56,15,0,0,0,0,9501,1650,100,0,17406,32739,-,-,-,0,31,46
1787761374.155,0,334,83,-,85,56,0,0,0,0,9501,1740,86,0,17406,32739,-,-,-,0,176,330
1787761375.226,0,346,83,-,87,60,0,0,0,0,9501,1650,82,0,17406,32739,-,-,-,0,162,322
1787761376.300,0,345,83,-,85,65,0,0,0,0,9501,1740,71,0,17406,32739,-,-,-,0,55,328
1787761377.371,0,347,83,-,86,57,0,0,0,0,9501,1620,78,0,17406,32739,-,-,-,0,55,338
1787761378.445,0,313,83,-,61,22,0,0,0,0,9501,1860,77,0,17406,32739,-,-,-,0,35,674
1787761379.514,0,343,84,-,100,24,0,0,0,0,9501,1635,94,0,17406,32739,-,-,-,0,51,18
1787761380.583,0,332,83,-,89,58,0,0,0,0,9501,1695,100,0,17406,32739,-,-,-,0,275,67
1787761381.662,0,348,83,-,94,60,0,0,0,0,9501,1635,95,0,17406,32739,-,-,-,0,81,23
1787761382.732,0,348,83,-,95,61,0,0,0,0,9501,1605,99,0,17406,32739,-,-,-,0,124,303
1787761383.745,#,gpu,pwr,gtemp,mtemp,sm,mem,enc,dec,jpg,ofa,mclk,pclk,pviol,tviol,fb,bar1,ccpm,sbecc,dbecc,pci,rxpci,txpci
1787761383.745,#,Idx,W,C,C,%,%,%,%,%,%,MHz,MHz,%,bool,MB,MB,MB,errs,errs,errs,MB/s,MB/s
1787761383.806,0,347,83,-,94,61,0,0,0,0,9501,1605,99,0,17406,32739,-,-,-,0,107,310
1787761384.872,0,348,83,-,94,61,0,0,0,0,9501,1605,99,0,17406,32739,-,-,-,0,68,309
1787761385.945,0,348,84,-,94,61,0,0,0,0,9501,1605,99,0,17406,32739,-,-,-,0,74,33
1787761387.021,0,348,84,-,94,63,0,0,0,0,9501,1590,99,0,17406,32739,-,-,-,0,102,37
1787761388.097,0,303,84,-,100,36,0,0,0,0,9501,1605,100,0,17406,32739,-,-,-,0,48,27
1787761389.171,0,335,83,-,84,58,0,0,0,0,9501,1695,85,0,17406,32739,-,-,-,0,188,57
1787761390.241,0,342,83,-,89,71,0,0,0,0,9501,1725,80,0,17406,32739,-,-,-,0,167,328
1787761391.310,0,344,83,-,86,57,0,0,0,0,9501,1740,72,0,17406,32739,-,-,-,0,133,56
1787761392.382,0,323,82,-,99,38,0,0,0,0,9501,1605,61,0,17406,32739,-,-,-,0,596,21
1787761393.452,0,333,83,-,100,26,0,0,0,0,9501,1620,85,0,17406,32739,-,-,-,0,109,50
1787761394.520,0,341,83,-,88,60,0,0,0,0,9501,1710,86,0,17406,32739,-,-,-,0,140,310
1787761395.589,0,346,83,-,88,53,0,0,0,0,9501,1695,100,0,17406,32739,-,-,-,0,189,175
1787761396.665,0,344,83,-,89,58,0,0,0,0,9501,1605,78,0,17406,32739,-,-,-,0,43,322
1787761397.740,0,346,83,-,89,58,0,0,0,0,9501,1620,99,0,17406,32739,-,-,-,0,105,309
1787761398.813,0,345,83,-,86,53,0,0,0,0,9501,1665,93,0,17406,32739,-,-,-,0,186,72
1787761399.885,0,344,83,-,84,60,0,0,0,0,9501,1650,88,0,17406,32739,-,-,-,0,200,51
1787761400.962,0,343,83,-,88,59,0,0,0,0,9501,1710,85,0,17406,32739,-,-,-,0,194,213
1787761402.036,0,347,83,-,86,60,0,0,0,0,9501,1710,82,0,17406,32739,-,-,-,0,203,108
1787761403.113,0,344,83,-,86,60,0,0,0,0,9501,1725,89,0,17406,32739,-,-,-,0,160,327
1787761404.187,0,348,83,-,93,60,0,0,0,0,9501,1635,55,0,17406,32739,-,-,-,0,177,50
1787761405.256,0,344,83,-,91,62,0,0,0,0,9501,1680,93,0,17406,32739,-,-,-,0,192,112
1787761406.330,0,348,83,-,95,61,0,0,0,0,9501,1590,99,0,17406,32739,-,-,-,0,88,30
1787761407.395,0,347,83,-,95,60,0,0,0,0,9501,1605,99,0,17406,32739,-,-,-,0,108,304
1787761408.470,0,347,83,-,94,60,0,0,0,0,9501,1620,99,0,17406,32739,-,-,-,0,108,304
1787761409.544,0,347,83,-,94,61,0,0,0,0,9501,1620,99,0,17406,32739,-,-,-,0,69,22
1787761410.618,0,343,84,-,100,28,0,0,0,0,9501,1605,100,0,17406,32739,-,-,-,0,2382,8384
1787761411.695,0,334,83,-,85,57,0,0,0,0,9501,1680,79,0,17406,32739,-,-,-,0,65,26
1787761412.765,0,345,83,-,83,57,0,0,0,0,9501,1725,77,0,17406,32739,-,-,-,0,207,110
1787761413.841,0,347,83,-,85,66,0,0,0,0,9501,1770,68,0,17406,32739,-,-,-,0,166,325
1787761414.914,0,345,83,-,86,61,0,0,0,0,9501,1695,70,0,17406,32739,-,-,-,0,0,0
1787761415.986,0,314,83,-,96,26,0,0,0,0,9501,1650,70,0,17406,32739,-,-,-,0,40,17
1787761417.059,0,345,84,-,84,23,0,0,0,0,9501,1755,100,0,17406,32739,-,-,-,0,43,17
1787761418.131,0,339,82,-,56,13,0,0,0,0,9501,1635,86,0,17406,32739,-,-,-,0,42,16
1787761419.205,0,342,84,-,100,27,0,0,0,0,9501,1620,99,0,17406,32739,-,-,-,0,59,19
1787761420.281,0,348,85,-,100,27,0,0,0,0,9501,1620,93,0,17406,32739,-,-,-,0,48,30
1787761421.350,0,348,85,-,100,24,0,0,0,0,9501,1635,99,0,17406,32739,-,-,-,0,38,27
1787761422.424,0,349,85,-,100,26,0,0,0,0,9501,1620,97,0,17406,32739,-,-,-,0,74,27
1787761423.501,0,349,85,-,100,26,0,0,0,0,9501,1710,99,0,17406,32739,-,-,-,0,50,34
1787761424.567,0,348,85,-,100,23,0,0,0,0,9501,1650,100,0,17406,32739,-,-,-,0,45,34
1787761425.640,0,348,85,-,99,25,0,0,0,0,9501,1650,97,0,17406,32739,-,-,-,0,45,24
1787761426.713,0,349,85,-,100,25,0,0,0,0,9501,1635,99,0,17406,32739,-,-,-,0,186,12
1787761427.778,0,348,85,-,100,25,0,0,0,0,9501,1590,94,0,17406,32739,-,-,-,0,29,13
1787761428.846,0,339,83,-,51,12,0,0,0,0,9501,1755,95,0,17406,32739,-,-,-,0,37,23
1787761429.917,0,324,84,-,88,60,0,0,0,0,9501,1620,72,0,17406,32739,-,-,-,0,180,50
1787761430.928,#,gpu,pwr,gtemp,mtemp,sm,mem,enc,dec,jpg,ofa,mclk,pclk,pviol,tviol,fb,bar1,ccpm,sbecc,dbecc,pci,rxpci,txpci
1787761430.928,#,Idx,W,C,C,%,%,%,%,%,%,MHz,MHz,%,bool,MB,MB,MB,errs,errs,errs,MB/s,MB/s
1787761430.989,0,342,84,-,89,63,0,0,0,0,9501,1725,82,0,17406,32739,-,-,-,0,108,56
1787761432.063,0,345,84,-,85,66,0,0,0,0,9501,1680,95,0,17406,32739,-,-,-,0,194,49
1787761433.135,0,348,84,-,94,64,0,0,0,0,9501,1620,99,0,17406,32739,-,-,-,0,192,122
1787761434.206,0,347,84,-,94,65,0,0,0,0,9501,1620,91,0,17406,32739,-,-,-,0,104,326
1787761435.278,0,346,84,-,84,58,0,0,0,0,9501,1620,89,0,17406,32739,-,-,-,0,109,316
1787761436.349,0,346,83,-,86,68,0,0,0,0,9501,1710,72,0,17406,32739,-,-,-,0,170,22
1787761437.422,0,347,84,-,93,64,0,0,0,0,9501,1605,98,0,17406,32739,-,-,-,0,51,326
1787761438.489,0,347,83,-,92,63,0,0,0,0,9501,1650,99,0,17406,32739,-,-,-,0,191,167
1787761439.562,0,347,83,-,93,64,0,0,0,0,9501,1620,100,0,17406,32739,-,-,-,0,122,306
1787761440.636,0,347,83,-,93,65,0,0,0,0,9501,1605,95,0,17406,32739,-,-,-,0,120,314
1787761441.713,0,348,83,-,94,64,0,0,0,0,9501,1590,99,0,17406,32739,-,-,-,0,224,304
1787761442.789,0,346,84,-,93,65,0,0,0,0,9501,1605,99,0,17406,32739,-,-,-,0,60,53
1787761443.857,0,347,83,-,93,65,0,0,0,0,9501,1605,99,0,17406,32739,-,-,-,0,101,32
1787761444.934,0,297,78,-,0,0,0,0,0,0,9501,1905,73,0,17406,32739,-,-,-,0,55,18
1787761446.010,0,288,83,-,90,59,0,0,0,0,9501,1710,58,0,17406,32739,-,-,-,0,207,110
1787761447.083,0,343,83,-,85,64,0,0,0,0,9501,1635,100,0,17406,32739,-,-,-,0,91,137
1787761448.159,0,340,83,-,86,64,0,0,0,0,9501,1800,83,0,17406,32739,-,-,-,0,163,274
1787761449.234,0,321,84,-,96,35,0,0,0,0,9501,1650,68,0,17406,32739,-,-,-,0,93,40
1787761450.309,0,334,83,-,87,55,0,0,0,0,9501,1695,85,0,17406,32739,-,-,-,0,112,58
1787761451.382,0,346,83,-,85,57,0,0,0,0,9501,1710,73,0,17406,32739,-,-,-,0,194,219
1787761452.456,0,347,83,-,88,57,0,0,0,0,9501,1665,91,0,17406,32739,-,-,-,0,111,114
1787761453.530,0,346,83,-,91,59,0,0,0,0,9501,1680,81,0,17406,32739,-,-,-,0,179,54
1787761454.605,0,347,83,-,87,59,0,0,0,0,9501,1695,100,0,17406,32739,-,-,-,0,181,47
1787761455.683,0,346,83,-,88,56,0,0,0,0,9501,1695,97,0,17406,32739,-,-,-,0,138,306
1787761456.749,0,348,83,-,93,60,0,0,0,0,9501,1620,99,0,17406,32739,-,-,-,0,59,342
1787761457.810,0,347,83,-,90,58,0,0,0,0,9501,1680,99,0,17406,32739,-,-,-,0,260,110
1787761458.887,0,343,83,-,86,64,0,0,0,0,9501,1665,71,0,17406,32739,-,-,-,0,211,138
1787761459.964,0,347,84,-,85,54,0,0,0,0,9501,1635,62,0,17406,32739,-,-,-,0,188,52
1787761461.035,0,344,83,-,86,55,0,0,0,0,9501,1710,71,0,17406,32739,-,-,-,0,185,74
1787761462.104,0,345,83,-,89,60,0,0,0,0,9501,1665,100,0,17406,32739,-,-,-,0,151,125
1787761463.172,0,344,83,-,83,59,0,0,0,0,9501,1740,78,0,17406,32739,-,-,-,0,202,220
1787761464.243,0,345,83,-,85,61,0,0,0,0,9501,1695,75,0,17406,32739,-,-,-,0,183,126
1787761465.314,0,342,83,-,90,60,0,0,0,0,9501,1695,70,0,17406,32739,-,-,-,0,111,165
1787761466.391,0,346,83,-,95,62,0,0,0,0,9501,1620,84,0,17406,32739,-,-,-,0,122,313
1787761467.468,0,346,83,-,88,58,0,0,0,0,9501,1620,99,0,17406,32739,-,-,-,0,78,41
1787761468.531,0,348,83,-,93,61,0,0,0,0,9501,1605,99,0,17406,32739,-,-,-,0,108,24
1787761469.608,0,347,83,-,90,58,0,0,0,0,9501,1680,100,0,17406,32739,-,-,-,0,197,24
1787761470.679,0,346,83,-,85,56,0,0,0,0,9501,1635,94,0,17406,32739,-,-,-,0,46,307
1787761471.755,0,312,83,-,73,18,0,0,0,0,9501,1635,69,0,17406,32739,-,-,-,0,59,677
1787761472.825,0,345,84,-,100,27,0,0,0,0,9501,1635,99,0,17406,32739,-,-,-,0,41,19
1787761473.897,0,336,83,-,87,63,0,0,0,0,9501,1680,77,0,17406,32739,-,-,-,0,164,330
1787761474.968,0,344,83,-,85,58,0,0,0,0,9501,1710,80,0,17406,32739,-,-,-,0,186,55
1787761476.037,0,344,83,-,89,62,0,0,0,0,9501,1710,73,0,17406,32739,-,-,-,0,178,283
1787761477.101,0,345,83,-,90,62,0,0,0,0,9501,1755,100,0,17406,32739,-,-,-,0,123,110
1787761478.112,#,gpu,pwr,gtemp,mtemp,sm,mem,enc,dec,jpg,ofa,mclk,pclk,pviol,tviol,fb,bar1,ccpm,sbecc,dbecc,pci,rxpci,txpci
1787761478.149,#,Idx,W,C,C,%,%,%,%,%,%,MHz,MHz,%,bool,MB,MB,MB,errs,errs,errs,MB/s,MB/s
1787761478.174,0,311,84,-,100,25,0,0,0,0,9501,1650,59,0,17406,32739,-,-,-,0,87,21
1787761479.241,0,350,84,-,100,28,0,0,0,0,9501,1635,99,0,17406,32739,-,-,-,0,38,54
1787761480.316,0,349,85,-,99,32,0,0,0,0,9501,1590,91,0,17406,32739,-,-,-,0,65,16
1787761481.389,0,343,84,-,99,25,0,0,0,0,9501,1560,93,0,17406,32739,-,-,-,0,77,26
1787761482.465,0,347,85,-,100,24,0,0,0,0,9501,1605,94,0,17406,32739,-,-,-,0,51,29
1787761483.543,0,348,85,-,100,27,0,0,0,0,9501,1635,99,0,17406,32739,-,-,-,0,84,16
1787761484.617,0,334,84,-,74,45,0,0,0,0,9501,1665,100,0,17406,32739,-,-,-,0,131,57
1787761485.693,0,338,84,-,85,61,0,0,0,0,9501,1665,89,0,17406,32739,-,-,-,0,181,270
1787761486.769,0,345,83,-,93,63,0,0,0,0,9501,1755,82,0,17406,32739,-,-,-,0,188,172
1787761487.845,0,345,83,-,84,68,0,0,0,0,9501,1665,86,0,17406,32739,-,-,-,0,189,46
1787761488.917,0,344,83,-,88,60,0,0,0,0,9501,1695,92,0,17406,32739,-,-,-,0,195,152
1787761489.990,0,345,84,-,94,63,0,0,0,0,9501,1620,79,0,17406,32739,-,-,-,0,202,141
1787761491.068,0,345,83,-,86,61,0,0,0,0,9501,1620,100,0,17406,32739,-,-,-,0,106,300
1787761492.144,0,346,83,-,94,63,0,0,0,0,9501,1605,91,0,17406,32739,-,-,-,0,158,50
1787761493.212,0,348,84,-,94,64,0,0,0,0,9501,1605,99,0,17406,32739,-,-,-,0,107,22
1787761494.286,0,348,84,-,92,63,0,0,0,0,9501,1590,99,0,17406,32739,-,-,-,0,64,31
1787761495.357,0,348,83,-,95,63,0,0,0,0,9501,1605,99,0,17406,32739,-,-,-,0,55,310
1787761496.432,0,348,84,-,93,62,0,0,0,0,9501,1605,99,0,17406,32739,-,-,-,0,58,303
1787761497.504,0,347,84,-,90,61,0,0,0,0,9501,1680,99,0,17406,32739,-,-,-,0,77,301
1787761498.569,0,299,78,-,20,1,0,0,0,0,9501,1905,100,0,17406,32739,-,-,-,0,176,32
1787761499.641,0,310,83,-,88,75,0,0,0,0,9501,1665,66,0,17406,32739,-,-,-,0,49,327
1787761500.717,0,342,83,-,83,55,0,0,0,0,9501,1695,92,0,17406,32739,-,-,-,0,109,139
1787761501.792,0,320,82,-,21,4,0,0,0,0,9501,1635,61,0,17406,32739,-,-,-,0,107,180
1787761502.869,0,325,84,-,90,22,0,0,0,0,9501,1650,78,0,17406,32739,-,-,-,0,278,227
1787761503.941,0,343,83,-,90,74,0,0,0,0,9501,1695,77,0,17406,32739,-,-,-,0,176,272
1787761505.013,0,347,83,-,90,56,0,0,0,0,9501,1755,84,0,17406,32739,-,-,-,0,160,37
1787761506.084,0,345,83,-,88,58,0,0,0,0,9501,1665,100,0,17406,32739,-,-,-,0,139,322
1787761507.158,0,346,83,-,84,67,0,0,0,0,9501,1695,89,0,17406,32739,-,-,-,0,184,113
1787761508.231,0,346,83,-,90,56,0,0,0,0,9501,1695,81,0,17406,32739,-,-,-,0,190,25
1787761509.308,0,342,83,-,85,61,0,0,0,0,9501,1665,83,0,17406,32739,-,-,-,0,187,41
1787761510.384,0,342,83,-,80,55,0,0,0,0,9501,1695,77,0,17406,32739,-,-,-,0,203,52
1787761511.454,0,345,83,-,85,56,0,0,0,0,9501,1620,68,0,17406,32739,-,-,-,0,192,177
1787761512.524,0,343,83,-,88,60,0,0,0,0,9501,1680,69,0,17406,32739,-,-,-,0,200,165
1787761513.594,0,343,84,-,85,60,0,0,0,0,9501,1665,100,0,17406,32739,-,-,-,0,182,162
1787761514.661,0,343,83,-,85,65,0,0,0,0,9501,1695,70,0,17406,32739,-,-,-,0,193,111
1787761515.734,0,342,83,-,84,65,0,0,0,0,9501,1680,84,0,17406,32739,-,-,-,0,66,31
1787761516.812,0,345,83,-,83,57,0,0,0,0,9501,1620,99,0,17406,32739,-,-,-,0,179,228
1787761517.884,0,342,83,-,92,60,0,0,0,0,9501,1665,89,0,17406,32739,-,-,-,0,223,313
1787761518.959,0,344,83,-,88,58,0,0,0,0,9501,1620,89,0,17406,32739,-,-,-,0,93,23
1787761520.033,0,346,83,-,87,58,0,0,0,0,9501,1650,97,0,17406,32739,-,-,-,0,196,287
1787761521.107,0,343,83,-,85,60,0,0,0,0,9501,1710,100,0,17406,32739,-,-,-,0,96,297
1787761522.180,0,346,83,-,89,56,0,0,0,0,9501,1725,89,0,17406,32739,-,-,-,0,205,115
1787761523.254,0,344,82,-,86,58,0,0,0,0,9501,1680,75,0,17406,32739,-,-,-,0,152,28
1787761524.323,0,341,83,-,84,55,0,0,0,0,9501,1710,68,0,17406,32739,-,-,-,0,86,310
1787761525.336,#,gpu,pwr,gtemp,mtemp,sm,mem,enc,dec,jpg,ofa,mclk,pclk,pviol,tviol,fb,bar1,ccpm,sbecc,dbecc,pci,rxpci,txpci
1787761525.336,#,Idx,W,C,C,%,%,%,%,%,%,MHz,MHz,%,bool,MB,MB,MB,errs,errs,errs,MB/s,MB/s
1787761525.398,0,345,83,-,85,61,0,0,0,0,9501,1620,89,0,17406,32739,-,-,-,0,206,57
1787761526.472,0,340,83,-,84,64,0,0,0,0,9501,1740,69,0,17406,32739,-,-,-,0,193,170
1787761527.543,0,343,83,-,87,61,0,0,0,0,9501,1695,61,0,17406,32739,-,-,-,0,207,94
1787761528.619,0,347,83,-,86,58,0,0,0,0,9501,1740,100,0,17406,32739,-,-,-,0,193,116
1787761529.696,0,347,84,-,88,58,0,0,0,0,9501,1665,89,0,17406,32739,-,-,-,0,131,200
1787761530.773,0,347,83,-,81,60,0,0,0,0,9501,1695,76,0,17406,32739,-,-,-,0,179,25
1787761531.843,0,348,83,-,87,62,0,0,0,0,9501,1665,93,0,17406,32739,-,-,-,0,129,34
1787761532.914,0,345,83,-,87,57,0,0,0,0,9501,1695,90,0,17406,32739,-,-,-,0,176,308
1787761533.990,0,348,83,-,87,56,0,0,0,0,9501,1710,90,0,17406,32739,-,-,-,0,177,266
1787761535.055,0,347,83,-,91,57,0,0,0,0,9501,1725,100,0,17406,32739,-,-,-,0,169,54
1787761536.125,0,345,84,-,81,56,0,0,0,0,9501,1650,89,0,17406,32739,-,-,-,0,89,33
1787761537.196,0,345,83,-,88,58,0,0,0,0,9501,1680,97,0,17406,32739,-,-,-,0,172,54
1787761538.265,0,346,83,-,92,60,0,0,0,0,9501,1665,89,0,17406,32739,-,-,-,0,89,37
1787761539.338,0,344,83,-,87,59,0,0,0,0,9501,1695,99,0,17406,32739,-,-,-,0,67,57
1787761540.410,0,346,83,-,88,59,0,0,0,0,9501,1620,97,0,17406,32739,-,-,-,0,101,21
1787761541.484,0,345,83,-,91,61,0,0,0,0,9501,1680,99,0,17406,32739,-,-,-,0,168,145
1787761542.559,0,346,83,-,88,59,0,0,0,0,9501,1665,100,0,17406,32739,-,-,-,0,77,40
1787761543.629,0,345,83,-,95,62,0,0,0,0,9501,1605,87,0,17406,32739,-,-,-,0,194,92
1787761544.705,0,345,84,-,87,61,0,0,0,0,9501,1680,89,0,17406,32739,-,-,-,0,204,55
1787761545.776,0,347,83,-,86,59,0,0,0,0,9501,1710,99,0,17406,32739,-,-,-,0,131,82
1787761546.849,0,345,83,-,83,62,0,0,0,0,9501,1755,82,0,17406,32739,-,-,-,0,190,159
1787761547.926,0,346,83,-,86,59,0,0,0,0,9501,1680,90,0,17406,32739,-,-,-,0,128,346
1787761549.002,0,348,83,-,92,60,0,0,0,0,9501,1605,99,0,17406,32739,-,-,-,0,171,270
1787761550.075,0,347,84,-,86,57,0,0,0,0,9501,1680,100,0,17406,32739,-,-,-,0,188,312
1787761551.150,0,347,84,-,85,63,0,0,0,0,9501,1710,89,0,17406,32739,-,-,-,0,107,304
1787761552.226,0,348,84,-,95,61,0,0,0,0,9501,1635,99,0,17406,32739,-,-,-,0,112,304
1787761553.301,0,346,84,-,89,58,0,0,0,0,9501,1725,93,0,17406,32739,-,-,-,0,85,317
1787761554.364,0,333,82,-,86,57,0,0,0,0,9501,1620,98,0,17406,32739,-,-,-,0,95,30
1787761555.439,0,289,81,-,100,32,0,0,0,0,9501,1710,71,0,17406,32739,-,-,-,0,713,18
1787761556.514,0,308,83,-,100,24,0,0,0,0,9501,1575,96,0,17406,32739,-,-,-,0,52,35
1787761557.588,0,343,84,-,100,27,0,0,0,0,9501,1650,100,0,17406,32739,-,-,-,0,50,14
1787761558.661,0,341,84,-,100,26,0,0,0,0,9501,1620,91,0,17406,32739,-,-,-,0,8,7168
1787761559.739,0,338,83,-,80,59,0,0,0,0,9501,1710,61,0,17406,32739,-,-,-,0,114,109
1787761560.812,0,343,83,-,88,59,0,0,0,0,9501,1590,90,0,17406,32739,-,-,-,0,178,153
1787761561.889,0,343,84,-,85,60,0,0,0,0,9501,1680,79,0,17406,32739,-,-,-,0,175,271
1787761562.958,0,342,84,-,89,57,0,0,0,0,9501,1650,91,0,17406,32739,-,-,-,0,200,150
1787761564.024,0,338,83,-,86,58,0,0,0,0,9501,1680,60,0,17406,32739,-,-,-,0,253,46
1787761565.091,0,342,84,-,99,25,0,0,0,0,9501,1620,100,0,17406,32739,-,-,-,0,48,19
1787761566.160,0,348,84,-,100,27,0,0,0,0,9501,1620,95,0,17406,32739,-,-,-,0,73,17
1787761567.232,0,348,85,-,99,26,0,0,0,0,9501,1650,99,0,17406,32739,-,-,-,0,42,23
1787761568.308,0,349,85,-,100,24,0,0,0,0,9501,1635,96,0,17406,32739,-,-,-,0,1749,9644
1787761569.384,0,341,85,-,100,25,0,0,0,0,9501,1635,91,0,17406,32739,-,-,-,0,53,18
1787761570.457,0,338,83,-,56,14,0,0,0,0,9501,1755,89,0,17406,32739,-,-,-,0,5,2860
1787761571.534,0,334,84,-,87,59,0,0,0,0,9501,1695,80,0,17406,32739,-,-,-,0,193,58
1787761572.545,#,gpu,pwr,gtemp,mtemp,sm,mem,enc,dec,jpg,ofa,mclk,pclk,pviol,tviol,fb,bar1,ccpm,sbecc,dbecc,pci,rxpci,txpci
1787761572.545,#,Idx,W,C,C,%,%,%,%,%,%,MHz,MHz,%,bool,MB,MB,MB,errs,errs,errs,MB/s,MB/s
1787761572.608,0,346,83,-,87,61,0,0,0,0,9501,1695,100,0,17406,32739,-,-,-,0,215,164
1787761573.681,0,348,84,-,87,59,0,0,0,0,9501,1605,75,0,17406,32739,-,-,-,0,124,219
1787761574.755,0,347,84,-,85,57,0,0,0,0,9501,1725,65,0,17406,32739,-,-,-,0,99,316
1787761575.831,0,349,84,-,91,61,0,0,0,0,9501,1620,72,0,17406,32739,-,-,-,0,109,292
1787761576.903,0,345,84,-,89,60,0,0,0,0,9501,1695,95,0,17406,32739,-,-,-,0,182,213
1787761577.975,0,345,83,-,85,59,0,0,0,0,9501,1680,94,0,17406,32739,-,-,-,0,91,341
1787761579.050,0,348,84,-,95,64,0,0,0,0,9501,1605,99,0,17406,32739,-,-,-,0,115,328
1787761580.123,0,347,84,-,92,60,0,0,0,0,9501,1605,100,0,17406,32739,-,-,-,0,129,306
1787761581.194,0,347,83,-,93,62,0,0,0,0,9501,1605,99,0,17406,32739,-,-,-,0,107,297
1787761582.266,0,346,83,-,92,60,0,0,0,0,9501,1575,99,0,17406,32739,-,-,-,0,111,309
1787761583.339,0,346,83,-,93,62,0,0,0,0,9501,1590,99,0,17406,32739,-,-,-,0,108,26
1787761584.402,0,290,78,-,58,13,0,0,0,0,9501,1635,63,0,17406,32739,-,-,-,0,674,16
1787761585.474,0,327,83,-,82,61,0,0,0,0,9501,1755,75,0,17406,32739,-,-,-,0,162,61
1787761586.546,0,345,83,-,84,70,0,0,0,0,9501,1665,62,0,17406,32739,-,-,-,0,69,395
1787761587.613,0,333,83,-,100,25,0,0,0,0,9501,1650,100,0,17406,32739,-,-,-,0,66,17
1787761588.685,0,340,83,-,81,61,0,0,0,0,9501,1755,79,0,17406,32739,-,-,-,0,112,226
1787761589.761,0,349,84,-,88,58,0,0,0,0,9501,1650,88,0,17406,32739,-,-,-,0,69,316
1787761590.823,0,349,83,-,90,59,0,0,0,0,9501,1620,99,0,17406,32739,-,-,-,0,67,30
1787761591.887,0,346,83,-,86,56,0,0,0,0,9501,1710,99,0,17406,32739,-,-,-,0,98,28
1787761592.959,0,346,83,-,88,58,0,0,0,0,9501,1695,99,0,17406,32739,-,-,-,0,140,29
1787761594.036,0,346,83,-,89,58,0,0,0,0,9501,1605,89,0,17406,32739,-,-,-,0,137,322
1787761595.110,0,346,83,-,94,61,0,0,0,0,9501,1620,100,0,17406,32739,-,-,-,0,120,297
1787761596.188,0,317,84,-,100,32,0,0,0,0,9501,1635,75,0,17406,32739,-,-,-,0,34,14
1787761597.260,0,336,83,-,87,59,0,0,0,0,9501,1695,76,0,17406,32739,-,-,-,0,126,209
1787761598.331,0,346,83,-,86,56,0,0,0,0,9501,1665,78,0,17406,32739,-,-,-,0,192,175
1787761599.405,0,318,82,-,100,36,0,0,0,0,9501,1635,62,0,17406,32739,-,-,-,0,33,22
1787761600.476,0,350,84,-,100,28,0,0,0,0,9501,1635,95,0,17406,32739,-,-,-,0,477,41
1787761601.548,0,340,84,-,99,39,0,0,0,0,9501,1605,89,0,17406,32739,-,-,-,0,1378,4650
1787761602.618,0,338,84,-,87,57,0,0,0,0,9501,1740,100,0,17406,32739,-,-,-,0,205,53
1787761603.694,0,346,83,-,82,67,0,0,0,0,9501,1665,76,0,17406,32739,-,-,-,0,184,56
1787761604.769,0,347,84,-,93,61,0,0,0,0,9501,1590,88,0,17406,32739,-,-,-,0,124,299
1787761605.831,0,346,83,-,93,62,0,0,0,0,9501,1620,99,0,17406,32739,-,-,-,0,82,312
1787761606.899,0,348,83,-,92,62,0,0,0,0,9501,1620,99,0,17406,32739,-,-,-,0,103,26
1787761607.975,0,348,83,-,91,60,0,0,0,0,9501,1620,99,0,17406,32739,-,-,-,0,52,310
1787761609.051,0,348,84,-,92,62,0,0,0,0,9501,1620,97,0,17406,32739,-,-,-,0,11089,795
1787761610.122,0,324,84,-,99,34,0,0,0,0,9501,1545,100,0,17406,32739,-,-,-,0,1297,225
1787761611.197,0,330,83,-,84,61,0,0,0,0,9501,1740,79,0,17406,32739,-,-,-,0,181,132
1787761612.263,0,347,83,-,85,61,0,0,0,0,9501,1725,68,0,17406,32739,-,-,-,0,177,63
1787761613.338,0,343,83,-,84,62,0,0,0,0,9501,1755,79,0,17406,32739,-,-,-,0,233,59
1787761614.408,0,314,80,-,19,2,0,0,0,0,9501,1905,65,0,17406,32739,-,-,-,0,667,16
1787761615.480,0,327,84,-,99,27,0,0,0,0,9501,1620,82,0,17406,32739,-,-,-,0,70,13
1787761616.553,0,335,83,-,83,53,0,0,0,0,9501,1590,83,0,17406,32739,-,-,-,0,54,304
1787761617.625,0,345,84,-,85,55,0,0,0,0,9501,1710,100,0,17406,32739,-,-,-,0,101,55
1787761618.700,0,345,84,-,89,61,0,0,0,0,9501,1710,75,0,17406,32739,-,-,-,0,109,148
1787761619.706,#,gpu,pwr,gtemp,mtemp,sm,mem,enc,dec,jpg,ofa,mclk,pclk,pviol,tviol,fb,bar1,ccpm,sbecc,dbecc,pci,rxpci,txpci
1787761619.706,#,Idx,W,C,C,%,%,%,%,%,%,MHz,MHz,%,bool,MB,MB,MB,errs,errs,errs,MB/s,MB/s
1787761619.769,0,347,83,-,86,57,0,0,0,0,9501,1710,92,0,17406,32739,-,-,-,0,109,16
1787761620.847,0,345,83,-,87,58,0,0,0,0,9501,1680,99,0,17406,32739,-,-,-,0,101,25
1787761621.917,0,346,83,-,86,56,0,0,0,0,9501,1605,99,0,17406,32739,-,-,-,0,58,306
1787761622.993,0,348,83,-,93,60,0,0,0,0,9501,1605,97,0,17406,32739,-,-,-,0,175,59
1787761624.068,0,311,79,-,62,16,0,0,0,0,9501,1650,100,0,17406,32739,-,-,-,0,76,31
1787761625.142,0,340,84,-,96,35,0,0,0,0,9501,1710,93,0,17406,32739,-,-,-,0,115,23
1787761626.216,0,335,84,-,88,59,0,0,0,0,9501,1665,81,0,17406,32739,-,-,-,0,76,310
1787761627.293,0,344,83,-,86,60,0,0,0,0,9501,1695,83,0,17406,32739,-,-,-,0,98,60
1787761628.369,0,341,83,-,87,60,0,0,0,0,9501,1725,89,0,17406,32739,-,-,-,0,190,175
1787761629.442,0,343,83,-,89,57,0,0,0,0,9501,1695,72,0,17406,32739,-,-,-,0,149,57
1787761630.514,0,317,80,-,26,6,0,0,0,0,9501,1725,75,0,17406,32739,-,-,-,0,38,17
1787761631.591,0,349,84,-,100,27,0,0,0,0,9501,1620,100,0,17406,32739,-,-,-,0,43,38
1787761632.665,0,337,84,-,100,25,0,0,0,0,9501,1620,83,0,17406,32739,-,-,-,0,39,28
1787761633.737,0,340,83,-,81,58,0,0,0,0,9501,1710,79,0,17406,32739,-,-,-,0,166,275
1787761634.811,0,347,83,-,89,58,0,0,0,0,9501,1620,85,0,17406,32739,-,-,-,0,181,273
1787761635.883,0,347,84,-,84,60,0,0,0,0,9501,1740,77,0,17406,32739,-,-,-,0,166,270
1787761636.957,0,347,83,-,84,65,0,0,0,0,9501,1650,50,0,17406,32739,-,-,-,0,204,219
1787761638.030,0,346,84,-,83,57,0,0,0,0,9501,1755,69,0,17406,32739,-,-,-,0,207,166
1787761639.091,0,343,83,-,84,61,0,0,0,0,9501,1665,90,0,17406,32739,-,-,-,0,164,42
1787761640.155,0,345,83,-,81,65,0,0,0,0,9501,1725,61,0,17406,32739,-,-,-,0,273,164
1787761641.224,0,346,83,-,89,67,0,0,0,0,9501,1665,74,0,17406,32739,-,-,-,0,188,275
1787761642.296,0,344,83,-,84,65,0,0,0,0,9501,1740,55,0,17406,32739,-,-,-,0,197,162
1787761643.369,0,346,83,-,83,59,0,0,0,0,9501,1740,71,0,17406,32739,-,-,-,0,196,118
1787761644.443,0,344,83,-,83,63,0,0,0,0,9501,1680,63,0,17406,32739,-,-,-,0,127,60
1787761645.518,0,344,83,-,84,65,0,0,0,0,9501,1650,68,0,17406,32739,-,-,-,0,180,55
1787761646.590,0,345,83,-,85,62,0,0,0,0,9501,1740,100,0,17406,32739,-,-,-,0,191,93
1787761647.663,0,341,83,-,87,58,0,0,0,0,9501,1620,66,0,17406,32739,-,-,-,0,58,35
1787761648.739,0,344,83,-,84,70,0,0,0,0,9501,1635,71,0,17406,32739,-,-,-,0,180,163
1787761649.814,0,347,83,-,94,61,0,0,0,0,9501,1605,92,0,17406,32739,-,-,-,0,172,304
1787761650.887,0,345,84,-,95,64,0,0,0,0,9501,1590,97,0,17406,32739,-,-,-,0,48,311
1787761651.960,0,348,84,-,89,60,0,0,0,0,9501,1605,93,0,17406,32739,-,-,-,0,169,325
1787761653.036,0,345,83,-,90,63,0,0,0,0,9501,1710,81,0,17406,32739,-,-,-,0,147,98
1787761654.106,0,345,83,-,85,66,0,0,0,0,9501,1725,89,0,17406,32739,-,-,-,0,160,69
1787761655.182,0,346,83,-,83,65,0,0,0,0,9501,1695,46,0,17406,32739,-,-,-,0,231,306
1787761656.255,0,347,83,-,89,62,0,0,0,0,9501,1680,70,0,17406,32739,-,-,-,0,181,113
1787761657.328,0,347,83,-,85,60,0,0,0,0,9501,1665,69,0,17406,32739,-,-,-,0,170,270
1787761658.402,0,348,83,-,86,58,0,0,0,0,9501,1680,78,0,17406,32739,-,-,-,0,132,311
1787761659.474,0,346,83,-,94,61,0,0,0,0,9501,1635,79,0,17406,32739,-,-,-,0,207,160
1787761660.547,0,343,83,-,84,62,0,0,0,0,9501,1680,77,0,17406,32739,-,-,-,0,108,299
1787761661.624,0,345,83,-,88,58,0,0,0,0,9501,1725,100,0,17406,32739,-,-,-,0,174,326
1787761662.698,0,347,83,-,87,57,0,0,0,0,9501,1605,89,0,17406,32739,-,-,-,0,191,220
1787761663.770,0,346,83,-,95,63,0,0,0,0,9501,1620,89,0,17406,32739,-,-,-,0,175,255
1787761664.845,0,346,83,-,83,58,0,0,0,0,9501,1695,81,0,17406,32739,-,-,-,0,184,314
1787761665.918,0,344,84,-,84,61,0,0,0,0,9501,1665,67,0,17406,32739,-,-,-,0,164,318
1787761666.933,#,gpu,pwr,gtemp,mtemp,sm,mem,enc,dec,jpg,ofa,mclk,pclk,pviol,tviol,fb,bar1,ccpm,sbecc,dbecc,pci,rxpci,txpci
1787761666.933,#,Idx,W,C,C,%,%,%,%,%,%,MHz,MHz,%,bool,MB,MB,MB,errs,errs,errs,MB/s,MB/s
1787761666.993,0,347,84,-,94,63,0,0,0,0,9501,1620,90,0,17406,32739,-,-,-,0,147,31
1787761668.071,0,347,83,-,94,61,0,0,0,0,9501,1605,100,0,17406,32739,-,-,-,0,124,302
1787761669.148,0,344,83,-,86,59,0,0,0,0,9501,1725,99,0,17406,32739,-,-,-,0,168,66
1787761670.223,0,346,83,-,89,58,0,0,0,0,9501,1620,91,0,17406,32739,-,-,-,0,204,36
1787761671.299,0,348,83,-,93,61,0,0,0,0,9501,1620,99,0,17406,32739,-,-,-,0,114,295
1787761672.375,0,348,84,-,95,62,0,0,0,0,9501,1620,99,0,17406,32739,-,-,-,0,177,323
1787761673.452,0,349,84,-,94,63,0,0,0,0,9501,1620,99,0,17406,32739,-,-,-,0,106,295
1787761674.530,0,324,82,-,95,58,0,0,0,0,9501,1455,99,0,17406,32739,-,-,-,0,109,306
1787761675.593,0,301,81,-,95,58,0,0,0,0,9501,1485,100,0,17406,32739,-,-,-,0,54,322
1787761676.667,0,254,81,-,85,21,0,0,0,0,9501,1800,66,0,17406,32739,-,-,-,0,33,25
1787761677.744,0,315,83,-,91,66,0,0,0,0,9501,1695,72,0,17406,32739,-,-,-,0,148,308
1787761678.820,0,343,83,-,87,56,0,0,0,0,9501,1620,70,0,17406,32739,-,-,-,0,114,59
1787761679.895,0,344,83,-,87,61,0,0,0,0,9501,1710,63,0,17406,32739,-,-,-,0,151,32
1787761680.969,0,350,83,-,87,58,0,0,0,0,9501,1620,72,0,17406,32739,-,-,-,0,80,28
1787761682.047,0,316,83,-,100,25,0,0,0,0,9501,1635,73,0,17406,32739,-,-,-,0,38,15
1787761683.122,0,341,83,-,85,60,0,0,0,0,9501,1755,100,0,17406,32739,-,-,-,0,140,217
1787761684.196,0,345,83,-,84,58,0,0,0,0,9501,1590,73,0,17406,32739,-,-,-,0,72,308
1787761685.268,0,347,83,-,94,61,0,0,0,0,9501,1590,80,0,17406,32739,-,-,-,0,276,58
1787761686.343,0,346,83,-,86,58,0,0,0,0,9501,1665,93,0,17406,32739,-,-,-,0,186,144
1787761687.416,0,342,83,-,84,56,0,0,0,0,9501,1725,74,0,17406,32739,-,-,-,0,99,306
1787761688.488,0,347,83,-,88,58,0,0,0,0,9501,1665,91,0,17406,32739,-,-,-,0,101,303
1787761689.564,0,347,83,-,88,55,0,0,0,0,9501,1710,99,0,17406,32739,-,-,-,0,163,272
1787761690.640,0,348,83,-,95,62,0,0,0,0,9501,1635,100,0,17406,32739,-,-,-,0,65,35
1787761691.714,0,348,83,-,92,62,0,0,0,0,9501,1605,99,0,17406,32739,-,-,-,0,64,185
1787761692.788,0,347,83,-,93,63,0,0,0,0,9501,1620,99,0,17406,32739,-,-,-,0,101,305
1787761693.862,0,348,83,-,95,62,0,0,0,0,9501,1590,99,0,17406,32739,-,-,-,0,72,28
1787761694.938,0,347,83,-,94,63,0,0,0,0,9501,1620,99,0,17406,32739,-,-,-,0,90,308
1787761696.013,0,347,83,-,94,61,0,0,0,0,9501,1590,99,0,17406,32739,-,-,-,0,108,312
1787761697.086,0,302,83,-,100,27,0,0,0,0,9501,1590,100,0,17406,32739,-,-,-,0,36,663
1787761698.159,0,333,84,-,56,22,0,0,0,0,9501,1860,95,0,17406,32739,-,-,-,0,40,18
1787761699.231,0,333,83,-,88,60,0,0,0,0,9501,1665,86,0,17406,32739,-,-,-,0,182,161
1787761700.304,0,343,83,-,86,57,0,0,0,0,9501,1635,75,0,17406,32739,-,-,-,0,246,42
1787761701.374,0,344,83,-,93,70,0,0,0,0,9501,1665,86,0,17406,32739,-,-,-,0,126,106
1787761702.447,0,349,83,-,88,61,0,0,0,0,9501,1665,87,0,17406,32739,-,-,-,0,178,27
1787761703.510,0,310,80,-,11,0,0,0,0,0,9501,1845,73,0,17406,32739,-,-,-,0,36,24
1787761704.580,0,350,84,-,100,27,0,0,0,0,9501,1620,100,0,17406,32739,-,-,-,0,64,18
1787761705.653,0,348,84,-,100,24,0,0,0,0,9501,1635,97,0,17406,32739,-,-,-,0,41,16
1787761706.728,0,341,84,-,100,24,0,0,0,0,9501,1650,89,0,17406,32739,-,-,-,0,34,15
1787761707.791,0,339,84,-,100,25,0,0,0,0,9501,1650,90,0,17406,32739,-,-,-,0,1555,5311
1787761708.863,0,343,83,-,88,59,0,0,0,0,9501,1710,76,0,17406,32739,-,-,-,0,132,311
1787761709.935,0,347,83,-,93,62,0,0,0,0,9501,1590,71,0,17406,32739,-,-,-,0,179,318
1787761711.013,0,347,83,-,83,59,0,0,0,0,9501,1665,75,0,17406,32739,-,-,-,0,81,30
1787761712.090,0,348,84,-,93,61,0,0,0,0,9501,1635,100,0,17406,32739,-,-,-,0,78,24
1787761713.166,0,347,84,-,94,61,0,0,0,0,9501,1605,99,0,17406,32739,-,-,-,0,92,50
1787761714.181,#,gpu,pwr,gtemp,mtemp,sm,mem,enc,dec,jpg,ofa,mclk,pclk,pviol,tviol,fb,bar1,ccpm,sbecc,dbecc,pci,rxpci,txpci
1787761714.219,#,Idx,W,C,C,%,%,%,%,%,%,MHz,MHz,%,bool,MB,MB,MB,errs,errs,errs,MB/s,MB/s
1787761714.243,0,347,84,-,94,62,0,0,0,0,9501,1620,99,0,17406,32739,-,-,-,0,69,29
1787761715.317,0,348,84,-,94,63,0,0,0,0,9501,1620,99,0,17406,32739,-,-,-,0,72,30
1787761716.383,0,348,84,-,94,61,0,0,0,0,9501,1590,99,0,17406,32739,-,-,-,0,96,352
1787761717.448,0,348,84,-,95,62,0,0,0,0,9501,1620,99,0,17406,32739,-,-,-,0,127,297
1787761718.519,0,348,83,-,94,62,0,0,0,0,9501,1620,99,0,17406,32739,-,-,-,0,73,33
1787761719.595,0,347,83,-,94,62,0,0,0,0,9501,1605,100,0,17406,32739,-,-,-,0,74,28
1787761720.664,0,348,83,-,93,60,0,0,0,0,9501,1635,99,0,17406,32739,-,-,-,0,0,0
1787761721.738,0,275,83,-,100,27,0,0,0,0,9501,1695,47,0,17406,32739,-,-,-,0,123,57
1787761722.800,0,338,83,-,90,59,0,0,0,0,9501,1695,68,0,17406,32739,-,-,-,0,192,293
1787761723.875,0,343,83,-,87,60,0,0,0,0,9501,1650,88,0,17406,32739,-,-,-,0,179,312
1787761724.943,0,344,83,-,89,59,0,0,0,0,9501,1695,93,0,17406,32739,-,-,-,0,188,219
1787761726.008,0,346,83,-,91,57,0,0,0,0,9501,1680,83,0,17406,32739,-,-,-,0,62,24
1787761727.080,0,332,83,-,53,12,0,0,0,0,9501,1635,100,0,17406,32739,-,-,-,0,41,23
1787761728.155,0,336,84,-,89,57,0,0,0,0,9501,1680,88,0,17406,32739,-,-,-,0,191,173
1787761729.220,0,349,83,-,95,61,0,0,0,0,9501,1605,97,0,17406,32739,-,-,-,0,75,304
1787761730.290,0,344,83,-,84,56,0,0,0,0,9501,1650,77,0,17406,32739,-,-,-,0,115,16
1787761731.350,0,346,83,-,94,61,0,0,0,0,9501,1605,96,0,17406,32739,-,-,-,0,120,294
1787761732.427,0,346,83,-,83,60,0,0,0,0,9501,1695,93,0,17406,32739,-,-,-,0,187,306
1787761733.501,0,348,84,-,93,62,0,0,0,0,9501,1590,95,0,17406,32739,-,-,-,0,8,51
1787761734.577,0,317,83,-,55,17,0,0,0,0,9501,1650,100,0,17406,32739,-,-,-,0,34,48
1787761735.650,0,331,83,-,84,60,0,0,0,0,9501,1695,76,0,17406,32739,-,-,-,0,151,304
1787761736.728,0,345,83,-,90,58,0,0,0,0,9501,1695,79,0,17406,32739,-,-,-,0,163,45
1787761737.802,0,343,83,-,86,55,0,0,0,0,9501,1695,89,0,17406,32739,-,-,-,0,181,110
1787761738.867,0,341,82,-,86,60,0,0,0,0,9501,1800,73,0,17406,32739,-,-,-,0,65,24
1787761739.942,0,319,84,-,99,26,0,0,0,0,9501,1650,72,0,17406,32739,-,-,-,0,38,15
1787761741.015,0,347,84,-,100,28,0,0,0,0,9501,1635,99,0,17406,32739,-,-,-,0,67,38
1787761742.088,0,339,83,-,90,59,0,0,0,0,9501,1710,100,0,17406,32739,-,-,-,0,195,234
1787761743.150,0,345,83,-,93,61,0,0,0,0,9501,1620,99,0,17406,32739,-,-,-,0,100,21
1787761744.218,0,348,83,-,93,61,0,0,0,0,9501,1605,99,0,17406,32739,-,-,-,0,91,308
1787761745.281,0,348,83,-,94,62,0,0,0,0,9501,1605,99,0,17406,32739,-,-,-,0,49,310
1787761746.347,0,347,83,-,94,61,0,0,0,0,9501,1590,99,0,17406,32739,-,-,-,0,105,296
1787761747.419,0,302,81,-,41,6,0,0,0,0,9501,1635,73,0,17406,32739,-,-,-,0,38,41
1787761748.483,0,333,84,-,100,27,0,0,0,0,9501,1620,92,0,17406,32739,-,-,-,0,282,334
1787761749.557,0,343,83,-,89,71,0,0,0,0,9501,1695,83,0,17406,32739,-,-,-,0,161,325
1787761750.628,0,346,83,-,86,61,0,0,0,0,9501,1725,100,0,17406,32739,-,-,-,0,193,211
1787761751.698,0,345,83,-,89,57,0,0,0,0,9501,1740,85,0,17406,32739,-,-,-,0,150,148
1787761752.778,0,320,83,-,82,28,0,0,0,0,9501,1665,76,0,17406,32739,-,-,-,0,50,15
1787761753.852,0,346,83,-,100,37,0,0,0,0,9501,1725,97,0,17406,32739,-,-,-,0,65,13
1787761754.929,0,329,83,-,83,66,0,0,0,0,9501,1680,77,0,17406,32739,-,-,-,0,78,313
1787761755.991,0,345,83,-,81,64,0,0,0,0,9501,1740,88,0,17406,32739,-,-,-,0,178,61
1787761757.066,0,347,83,-,93,61,0,0,0,0,9501,1680,64,0,17406,32739,-,-,-,0,123,274
1787761758.142,0,347,84,-,85,57,0,0,0,0,9501,1590,100,0,17406,32739,-,-,-,0,80,311
1787761759.216,0,348,83,-,94,62,0,0,0,0,9501,1620,99,0,17406,32739,-,-,-,0,134,215
1787761760.281,0,348,83,-,92,61,0,0,0,0,9501,1590,99,0,17406,32739,-,-,-,0,77,317
1787761761.289,#,gpu,pwr,gtemp,mtemp,sm,mem,enc,dec,jpg,ofa,mclk,pclk,pviol,tviol,fb,bar1,ccpm,sbecc,dbecc,pci,rxpci,txpci
1787761761.289,#,Idx,W,C,C,%,%,%,%,%,%,MHz,MHz,%,bool,MB,MB,MB,errs,errs,errs,MB/s,MB/s
1787761761.351,0,348,83,-,94,63,0,0,0,0,9501,1590,99,0,17406,32739,-,-,-,0,163,160
1787761762.420,0,344,83,-,87,58,0,0,0,0,9501,1680,93,0,17406,32739,-,-,-,0,101,290
1787761763.490,0,347,83,-,95,63,0,0,0,0,9501,1620,99,0,17406,32739,-,-,-,0,59,339
1787761764.563,0,347,83,-,86,54,0,0,0,0,9501,1590,99,0,17406,32739,-,-,-,0,99,296
1787761765.640,0,349,83,-,94,61,0,0,0,0,9501,1635,100,0,17406,32739,-,-,-,0,182,298
1787761766.717,0,332,79,-,3,2,0,0,0,0,9501,1905,93,0,17406,32739,-,-,-,0,73,29
1787761767.787,0,306,82,-,81,30,0,0,0,0,9501,1755,76,0,17406,32739,-,-,-,0,37,17
1787761768.863,0,335,83,-,86,56,0,0,0,0,9501,1725,78,0,17406,32739,-,-,-,0,204,102
1787761769.934,0,344,83,-,81,58,0,0,0,0,9501,1695,75,0,17406,32739,-,-,-,0,124,310
1787761771.008,0,343,83,-,84,62,0,0,0,0,9501,1740,75,0,17406,32739,-,-,-,0,3,1
1787761772.081,0,308,84,-,100,25,0,0,0,0,9501,1620,94,0,17406,32739,-,-,-,0,40,546
1787761773.155,0,342,83,-,87,60,0,0,0,0,9501,1740,69,0,17406,32739,-,-,-,0,166,325
1787761774.229,0,348,83,-,89,60,0,0,0,0,9501,1740,78,0,17406,32739,-,-,-,0,168,327
1787761775.304,0,343,83,-,87,62,0,0,0,0,9501,1725,73,0,17406,32739,-,-,-,0,178,274
1787761776.376,0,346,83,-,85,57,0,0,0,0,9501,1680,82,0,17406,32739,-,-,-,0,182,31
1787761777.439,0,347,83,-,90,56,0,0,0,0,9501,1590,95,0,17406,32739,-,-,-,0,92,30
1787761778.512,0,337,80,-,42,27,0,0,0,0,9501,1905,97,0,17406,32739,-,-,-,0,229,19
1787761779.584,0,339,84,-,100,28,0,0,0,0,9501,1635,99,0,17406,32739,-,-,-,0,140,122
1787761780.652,0,338,83,-,91,72,0,0,0,0,9501,1695,73,0,17406,32739,-,-,-,0,170,274
1787761781.724,0,340,83,-,86,62,0,0,0,0,9501,1725,91,0,17406,32739,-,-,-,0,204,54
1787761782.799,0,347,83,-,94,61,0,0,0,0,9501,1620,86,0,17406,32739,-,-,-,0,93,300
1787761783.876,0,347,83,-,94,61,0,0,0,0,9501,1605,99,0,17406,32739,-,-,-,0,80,24
1787761784.950,0,307,84,-,99,33,0,0,0,0,9501,1605,71,0,17406,32739,-,-,-,0,48,16
1787761786.024,0,337,83,-,85,59,0,0,0,0,9501,1695,77,0,17406,32739,-,-,-,0,131,51
1787761787.099,0,341,83,-,85,57,0,0,0,0,9501,1665,100,0,17406,32739,-,-,-,0,203,116
1787761788.172,0,343,83,-,87,56,0,0,0,0,9501,1665,80,0,17406,32739,-,-,-,0,81,0
1787761789.241,0,305,83,-,100,25,0,0,0,0,9501,1635,67,0,17406,32739,-,-,-,0,1317,2823
1787761790.304,0,344,83,-,77,61,0,0,0,0,9501,1650,79,0,17406,32739,-,-,-,0,183,235
1787761791.376,0,347,83,-,88,58,0,0,0,0,9501,1560,91,0,17406,32739,-,-,-,0,165,316
1787761792.451,0,347,83,-,89,58,0,0,0,0,9501,1605,99,0,17406,32739,-,-,-,0,83,29
1787761793.514,0,312,83,-,100,27,0,0,0,0,9501,1635,75,0,17406,32739,-,-,-,0,82,731
1787761794.586,0,328,83,-,85,60,0,0,0,0,9501,1680,100,0,17406,32739,-,-,-,0,219,108
1787761795.660,0,347,83,-,82,65,0,0,0,0,9501,1710,76,0,17406,32739,-,-,-,0,161,96
1787761796.737,0,347,83,-,88,57,0,0,0,0,9501,1605,66,0,17406,32739,-,-,-,0,199,156
1787761797.806,0,347,83,-,86,65,0,0,0,0,9501,1665,74,0,17406,32739,-,-,-,0,171,54
1787761798.875,0,347,83,-,83,62,0,0,0,0,9501,1740,63,0,17406,32739,-,-,-,0,194,228
1787761799.950,0,345,83,-,84,63,0,0,0,0,9501,1680,70,0,17406,32739,-,-,-,0,172,56
1787761801.022,0,345,83,-,82,58,0,0,0,0,9501,1695,68,0,17406,32739,-,-,-,0,124,159
1787761802.093,0,344,83,-,88,72,0,0,0,0,9501,1710,100,0,17406,32739,-,-,-,0,171,322
1787761803.166,0,347,83,-,89,60,0,0,0,0,9501,1665,64,0,17406,32739,-,-,-,0,172,54
1787761804.236,0,346,83,-,87,64,0,0,0,0,9501,1725,62,0,17406,32739,-,-,-,0,200,166
1787761805.310,0,347,83,-,83,59,0,0,0,0,9501,1650,73,0,17406,32739,-,-,-,0,188,89
1787761806.383,0,347,83,-,84,66,0,0,0,0,9501,1695,75,0,17406,32739,-,-,-,0,206,61
1787761807.458,0,347,83,-,94,61,0,0,0,0,9501,1605,76,0,17406,32739,-,-,-,0,100,328
1787761808.472,#,gpu,pwr,gtemp,mtemp,sm,mem,enc,dec,jpg,ofa,mclk,pclk,pviol,tviol,fb,bar1,ccpm,sbecc,dbecc,pci,rxpci,txpci
1787761808.472,#,Idx,W,C,C,%,%,%,%,%,%,MHz,MHz,%,bool,MB,MB,MB,errs,errs,errs,MB/s,MB/s
1787761808.534,0,347,81,-,93,61,0,0,0,0,9501,1875,99,0,17406,32739,-,-,-,0,42,31
1787761809.602,0,337,83,-,51,12,0,0,0,0,9501,1635,100,0,17406,32739,-,-,-,0,69,42
1787761810.676,0,337,83,-,89,59,0,0,0,0,9501,1620,92,0,17406,32739,-,-,-,0,171,346
1787761811.748,0,345,83,-,92,61,0,0,0,0,9501,1725,84,0,17406,32739,-,-,-,0,173,38
1787761812.823,0,345,83,-,87,57,0,0,0,0,9501,1650,85,0,17406,32739,-,-,-,0,124,252
1787761813.897,0,341,83,-,87,58,0,0,0,0,9501,1635,76,0,17406,32739,-,-,-,0,195,174
1787761814.973,0,320,79,-,0,0,0,0,0,0,9501,1905,67,0,17406,32739,-,-,-,0,33,14
1787761816.047,0,320,84,-,100,24,0,0,0,0,9501,1605,94,0,17406,32739,-,-,-,0,41,494
1787761817.122,0,327,83,-,89,62,0,0,0,0,9501,1695,100,0,17406,32739,-,-,-,0,159,55
1787761818.190,0,347,83,-,87,61,0,0,0,0,9501,1725,66,0,17406,32739,-,-,-,0,164,50
1787761819.261,0,345,83,-,89,59,0,0,0,0,9501,1635,78,0,17406,32739,-,-,-,0,150,240
1787761820.336,0,344,83,-,82,63,0,0,0,0,9501,1755,69,0,17406,32739,-,-,-,0,190,162
1787761821.409,0,343,83,-,87,57,0,0,0,0,9501,1695,73,0,17406,32739,-,-,-,0,195,164
1787761822.484,0,347,83,-,85,62,0,0,0,0,9501,1665,76,0,17406,32739,-,-,-,0,100,61
1787761823.559,0,343,83,-,85,67,0,0,0,0,9501,1680,77,0,17406,32739,-,-,-,0,181,171
1787761824.632,0,345,83,-,85,57,0,0,0,0,9501,1740,100,0,17406,32739,-,-,-,0,329,166
1787761825.709,0,345,83,-,91,64,0,0,0,0,9501,1725,59,0,17406,32739,-,-,-,0,195,165
1787761826.784,0,346,83,-,90,61,0,0,0,0,9501,1725,66,0,17406,32739,-,-,-,0,158,26
1787761827.856,0,347,83,-,94,61,0,0,0,0,9501,1605,79,0,17406,32739,-,-,-,0,73,26
1787761828.933,0,348,83,-,95,62,0,0,0,0,9501,1605,99,0,17406,32739,-,-,-,0,9,1577
1787761830.008,0,312,84,-,99,31,0,0,0,0,9501,1620,73,0,17406,32739,-,-,-,0,41,17
1787761831.072,0,337,83,-,89,56,0,0,0,0,9501,1695,82,0,17406,32739,-,-,-,0,166,107
1787761832.148,0,344,83,-,88,60,0,0,0,0,9501,1695,100,0,17406,32739,-,-,-,0,166,38
1787761833.222,0,344,83,-,80,60,0,0,0,0,9501,1665,85,0,17406,32739,-,-,-,0,201,300
1787761834.297,0,344,83,-,85,56,0,0,0,0,9501,1650,90,0,17406,32739,-,-,-,0,158,326
1787761835.370,0,344,83,-,90,58,0,0,0,0,9501,1650,76,0,17406,32739,-,-,-,0,218,140
1787761836.444,0,339,83,-,84,56,0,0,0,0,9501,1710,77,0,17406,32739,-,-,-,0,8596,89
1787761837.516,0,313,84,-,100,27,0,0,0,0,9501,1635,71,0,17406,32739,-,-,-,0,59,20
1787761838.588,0,349,84,-,99,31,0,0,0,0,9501,1635,100,0,17406,32739,-,-,-,0,52,36
1787761839.663,0,329,83,-,85,62,0,0,0,0,9501,1725,77,0,17406,32739,-,-,-,0,313,87
1787761840.736,0,347,83,-,97,81,0,0,0,0,9501,1635,82,0,17406,32739,-,-,-,0,187,218
1787761841.808,0,343,83,-,84,61,0,0,0,0,9501,1725,71,0,17406,32739,-,-,-,0,154,36
1787761842.884,0,342,83,-,78,61,0,0,0,0,9501,1740,71,0,17406,32739,-,-,-,0,175,274
1787761843.959,0,342,83,-,84,59,0,0,0,0,9501,1755,60,0,17406,32739,-,-,-,0,204,176
1787761845.035,0,343,83,-,85,58,0,0,0,0,9501,1695,44,0,17406,32739,-,-,-,0,93,102
1787761846.111,0,342,83,-,84,64,0,0,0,0,9501,1680,91,0,17406,32739,-,-,-,0,106,115
1787761847.186,0,347,83,-,93,62,0,0,0,0,9501,1620,82,0,17406,32739,-,-,-,0,82,308
1787761848.261,0,343,83,-,66,43,0,0,0,0,9501,1710,99,0,17406,32739,-,-,-,0,2492,900
1787761849.331,0,299,83,-,100,25,0,0,0,0,9501,1650,63,0,17406,32739,-,-,-,0,5,824
1787761850.405,0,340,83,-,88,59,0,0,0,0,9501,1695,91,0,17406,32739,-,-,-,0,165,335
1787761851.476,0,346,83,-,82,55,0,0,0,0,9501,1665,81,0,17406,32739,-,-,-,0,213,52
1787761852.539,0,346,83,-,94,75,0,0,0,0,9501,1650,95,0,17406,32739,-,-,-,0,108,296
1787761853.613,0,342,83,-,85,61,0,0,0,0,9501,1710,100,0,17406,32739,-,-,-,0,167,350
1787761854.684,0,343,83,-,88,57,0,0,0,0,9501,1680,68,0,17406,32739,-,-,-,0,169,283
1787761855.700,#,gpu,pwr,gtemp,mtemp,sm,mem,enc,dec,jpg,ofa,mclk,pclk,pviol,tviol,fb,bar1,ccpm,sbecc,dbecc,pci,rxpci,txpci
1787761855.700,#,Idx,W,C,C,%,%,%,%,%,%,MHz,MHz,%,bool,MB,MB,MB,errs,errs,errs,MB/s,MB/s
1787761855.762,0,307,84,-,100,25,0,0,0,0,9501,1650,69,0,17406,32739,-,-,-,0,40,14
1787761856.835,0,349,84,-,100,27,0,0,0,0,9501,1635,99,0,17406,32739,-,-,-,0,58,28
1787761857.907,0,348,84,-,100,24,0,0,0,0,9501,1620,93,0,17406,32739,-,-,-,0,79,25
1787761858.985,0,341,84,-,99,25,0,0,0,0,9501,1635,91,0,17406,32739,-,-,-,0,56,15
1787761860.050,0,348,85,-,100,27,0,0,0,0,9501,1620,99,0,17406,32739,-,-,-,0,37,34
1787761861.123,0,348,85,-,99,25,0,0,0,0,9501,1650,100,0,17406,32739,-,-,-,0,37,15
1787761862.194,0,348,85,-,100,24,0,0,0,0,9501,1650,95,0,17406,32739,-,-,-,0,39,14
1787761863.271,0,335,84,-,86,60,0,0,0,0,9501,1710,85,0,17406,32739,-,-,-,0,100,58
1787761864.346,0,346,83,-,86,63,0,0,0,0,9501,1740,71,0,17406,32739,-,-,-,0,188,274
1787761865.422,0,345,84,-,88,60,0,0,0,0,9501,1605,72,0,17406,32739,-,-,-,0,120,25
1787761866.486,0,348,83,-,94,64,0,0,0,0,9501,1605,99,0,17406,32739,-,-,-,0,54,277
1787761867.552,0,287,80,-,79,19,0,0,0,0,9501,1635,51,0,17406,32739,-,-,-,0,201,325
1787761868.629,0,345,83,-,81,54,0,0,0,0,9501,1725,100,0,17406,32739,-,-,-,0,181,60
1787761869.696,0,345,83,-,86,57,0,0,0,0,9501,1620,78,0,17406,32739,-,-,-,0,175,74
1787761870.770,0,344,83,-,83,61,0,0,0,0,9501,1695,91,0,17406,32739,-,-,-,0,184,275
1787761871.842,0,339,83,-,86,61,0,0,0,0,9501,1710,90,0,17406,32739,-,-,-,0,170,114
1787761872.910,0,342,83,-,83,63,0,0,0,0,9501,1740,73,0,17406,32739,-,-,-,0,30,0
1787761873.984,0,315,84,-,99,26,0,0,0,0,9501,1650,64,0,17406,32739,-,-,-,0,32,24
1787761875.052,0,348,84,-,99,27,0,0,0,0,9501,1620,99,0,17406,32739,-,-,-,0,96,12
1787761876.125,0,348,84,-,100,24,0,0,0,0,9501,1635,100,0,17406,32739,-,-,-,0,37,25
1787761877.196,0,349,85,-,100,27,0,0,0,0,9501,1620,97,0,17406,32739,-,-,-,0,903,19
1787761878.266,0,341,85,-,100,27,0,0,0,0,9501,1620,89,0,17406,32739,-,-,-,0,161,318
1787761879.341,0,341,84,-,89,57,0,0,0,0,9501,1650,93,0,17406,32739,-,-,-,0,109,304
1787761880.402,0,346,83,-,88,64,0,0,0,0,9501,1680,99,0,17406,32739,-,-,-,0,85,327
1787761881.476,0,346,84,-,95,64,0,0,0,0,9501,1605,99,0,17406,32739,-,-,-,0,108,25
1787761882.550,0,346,83,-,89,60,0,0,0,0,9501,1605,85,0,17406,32739,-,-,-,0,208,329
1787761883.626,0,344,83,-,89,60,0,0,0,0,9501,1695,100,0,17406,32739,-,-,-,0,109,320
1787761884.703,0,346,83,-,86,56,0,0,0,0,9501,1710,99,0,17406,32739,-,-,-,0,0,0
1787761885.773,0,289,84,-,100,25,0,0,0,0,9501,1635,60,0,17406,32739,-,-,-,0,136,663
1787761886.845,0,349,84,-,100,27,0,0,0,0,9501,1620,99,0,17406,32739,-,-,-,0,55,18
1787761887.921,0,347,84,-,99,24,0,0,0,0,9501,1605,95,0,17406,32739,-,-,-,0,40,17
1787761888.993,0,347,85,-,100,26,0,0,0,0,9501,1605,93,0,17406,32739,-,-,-,0,50,32
1787761890.065,0,348,85,-,99,25,0,0,0,0,9501,1635,99,0,17406,32739,-,-,-,0,38,16
1787761891.134,0,347,85,-,100,26,0,0,0,0,9501,1635,100,0,17406,32739,-,-,-,0,37,16
1787761892.207,0,349,85,-,100,26,0,0,0,0,9501,1635,96,0,17406,32739,-,-,-,0,39,16
1787761893.275,0,335,84,-,100,42,0,0,0,0,9501,1620,77,0,17406,32739,-,-,-,0,62,31
1787761894.346,0,333,83,-,89,61,0,0,0,0,9501,1650,84,0,17406,32739,-,-,-,0,189,51
1787761895.418,0,346,83,-,86,58,0,0,0,0,9501,1710,91,0,17406,32739,-,-,-,0,73,36
1787761896.493,0,348,84,-,95,63,0,0,0,0,9501,1620,99,0,17406,32739,-,-,-,0,134,304
1787761897.561,0,291,79,-,33,1,0,0,0,0,9501,1905,67,0,17406,32739,-,-,-,0,118,309
1787761898.636,0,342,83,-,85,58,0,0,0,0,9501,1710,100,0,17406,32739,-,-,-,0,187,167
1787761899.710,0,342,83,-,86,57,0,0,0,0,9501,1590,84,0,17406,32739,-,-,-,0,178,219
1787761900.785,0,341,83,-,91,60,0,0,0,0,9501,1680,91,0,17406,32739,-,-,-,0,169,136
1787761901.856,0,343,83,-,88,58,0,0,0,0,9501,1710,78,0,17406,32739,-,-,-,0,156,49
1787761902.872,#,gpu,pwr,gtemp,mtemp,sm,mem,enc,dec,jpg,ofa,mclk,pclk,pviol,tviol,fb,bar1,ccpm,sbecc,dbecc,pci,rxpci,txpci
1787761902.872,#,Idx,W,C,C,%,%,%,%,%,%,MHz,MHz,%,bool,MB,MB,MB,errs,errs,errs,MB/s,MB/s
1787761902.933,0,342,83,-,85,54,0,0,0,0,9501,1740,55,0,17406,32739,-,-,-,0,38,19
1787761904.002,0,301,83,-,100,41,0,0,0,0,9501,1620,59,0,17406,32739,-,-,-,0,181,107
1787761905.077,0,331,83,-,86,60,0,0,0,0,9501,1755,65,0,17406,32739,-,-,-,0,192,61
1787761906.155,0,342,83,-,86,70,0,0,0,0,9501,1620,100,0,17406,32739,-,-,-,0,77,93
1787761907.228,0,347,83,-,94,63,0,0,0,0,9501,1590,94,0,17406,32739,-,-,-,0,76,312
1787761908.291,0,341,83,-,62,42,0,0,0,0,9501,1830,99,0,17406,32739,-,-,-,0,6253,1180
1787761909.361,0,279,83,-,88,59,0,0,0,0,9501,1710,50,0,17406,32739,-,-,-,0,203,221
1787761910.431,0,346,83,-,82,55,0,0,0,0,9501,1650,70,0,17406,32739,-,-,-,0,191,52
1787761911.503,0,345,83,-,89,57,0,0,0,0,9501,1725,89,0,17406,32739,-,-,-,0,205,103
1787761912.580,0,344,83,-,87,54,0,0,0,0,9501,1695,74,0,17406,32739,-,-,-,0,176,345
1787761913.642,0,345,83,-,85,62,0,0,0,0,9501,1755,100,0,17406,32739,-,-,-,0,183,53
1787761914.715,0,306,83,-,100,26,0,0,0,0,9501,1635,38,0,17406,32739,-,-,-,0,49,21
1787761915.792,0,337,84,-,100,36,0,0,0,0,9501,1620,98,0,17406,32739,-,-,-,0,186,71
1787761916.867,0,334,83,-,82,61,0,0,0,0,9501,1710,71,0,17406,32739,-,-,-,0,115,29
1787761917.943,0,348,83,-,95,63,0,0,0,0,9501,1605,97,0,17406,32739,-,-,-,0,108,301
1787761919.018,0,293,78,-,43,1,0,0,0,0,9501,1920,69,0,17406,32739,-,-,-,0,181,32
1787761920.092,0,338,82,-,86,58,0,0,0,0,9501,1665,100,0,17406,32739,-,-,-,0,178,332
1787761921.159,0,338,83,-,83,55,0,0,0,0,9501,1725,74,0,17406,32739,-,-,-,0,182,59
1787761922.233,0,338,83,-,94,64,0,0,0,0,9501,1620,84,0,17406,32739,-,-,-,0,129,39
1787761923.309,0,344,83,-,87,58,0,0,0,0,9501,1725,72,0,17406,32739,-,-,-,0,119,215
1787761924.384,0,346,83,-,88,59,0,0,0,0,9501,1710,56,0,17406,32739,-,-,-,0,703,14
1787761925.457,0,319,84,-,100,27,0,0,0,0,9501,1635,73,0,17406,32739,-,-,-,0,42,31
1787761926.529,0,333,84,-,73,19,0,0,0,0,9501,1755,85,0,17406,32739,-,-,-,0,102,106
1787761927.603,0,346,83,-,87,57,0,0,0,0,9501,1695,100,0,17406,32739,-,-,-,0,170,61
1787761928.666,0,346,83,-,87,55,0,0,0,0,9501,1680,84,0,17406,32739,-,-,-,0,173,50
1787761929.738,0,343,83,-,88,62,0,0,0,0,9501,1680,77,0,17406,32739,-,-,-,0,111,302
1787761930.814,0,347,83,-,86,57,0,0,0,0,9501,1665,94,0,17406,32739,-,-,-,0,288,70
1787761931.889,0,347,83,-,85,55,0,0,0,0,9501,1695,91,0,17406,32739,-,-,-,0,128,296
1787761932.953,0,346,83,-,89,59,0,0,0,0,9501,1680,99,0,17406,32739,-,-,-,0,204,320
1787761934.017,0,346,83,-,91,60,0,0,0,0,9501,1620,99,0,17406,32739,-,-,-,0,102,309
1787761935.093,0,346,83,-,84,61,0,0,0,0,9501,1695,100,0,17406,32739,-,-,-,0,69,38
1787761936.169,0,347,83,-,93,59,0,0,0,0,9501,1650,98,0,17406,32739,-,-,-,0,84,299
1787761937.237,0,343,83,-,85,60,0,0,0,0,9501,1725,88,0,17406,32739,-,-,-,0,183,329
1787761938.313,0,347,83,-,93,62,0,0,0,0,9501,1605,80,0,17406,32739,-,-,-,0,175,322
1787761939.390,0,346,83,-,94,62,0,0,0,0,9501,1605,99,0,17406,32739,-,-,-,0,176,311
1787761940.463,0,347,83,-,94,61,0,0,0,0,9501,1605,99,0,17406,32739,-,-,-,0,67,29
1787761941.525,0,347,83,-,87,58,0,0,0,0,9501,1605,99,0,17406,32739,-,-,-,0,139,97
1787761942.599,0,346,83,-,88,57,0,0,0,0,9501,1650,100,0,17406,32739,-,-,-,0,198,125
1787761943.673,0,348,84,-,92,60,0,0,0,0,9501,1650,99,0,17406,32739,-,-,-,0,71,317
1787761944.742,0,347,83,-,93,60,0,0,0,0,9501,1620,96,0,17406,32739,-,-,-,0,99,318
1787761945.818,0,348,83,-,94,61,0,0,0,0,9501,1620,99,0,17406,32739,-,-,-,0,249,315
1787761946.894,0,348,83,-,93,60,0,0,0,0,9501,1620,99,0,17406,32739,-,-,-,0,81,316
1787761947.970,0,344,83,-,80,59,0,0,0,0,9501,1665,95,0,17406,32739,-,-,-,0,113,161
1787761949.043,0,343,83,-,86,57,0,0,0,0,9501,1635,88,0,17406,32739,-,-,-,0,163,321
1787761950.054,#,gpu,pwr,gtemp,mtemp,sm,mem,enc,dec,jpg,ofa,mclk,pclk,pviol,tviol,fb,bar1,ccpm,sbecc,dbecc,pci,rxpci,txpci
1787761950.096,#,Idx,W,C,C,%,%,%,%,%,%,MHz,MHz,%,bool,MB,MB,MB,errs,errs,errs,MB/s,MB/s
1787761950.116,0,347,84,-,89,60,0,0,0,0,9501,1695,100,0,17406,32739,-,-,-,0,186,230
1787761951.186,0,346,83,-,86,63,0,0,0,0,9501,1695,70,0,17406,32739,-,-,-,0,141,309
1787761952.258,0,311,83,-,100,28,0,0,0,0,9501,1620,67,0,17406,32739,-,-,-,0,61,23
1787761953.325,0,349,84,-,100,24,0,0,0,0,9501,1620,99,0,17406,32739,-,-,-,0,3760,211
1787761954.396,0,343,84,-,100,27,0,0,0,0,9501,1620,89,0,17406,32739,-,-,-,0,173,317
1787761955.467,0,342,84,-,81,58,0,0,0,0,9501,1755,56,0,17406,32739,-,-,-,0,179,276
1787761956.545,0,344,83,-,81,62,0,0,0,0,9501,1665,75,0,17406,32739,-,-,-,0,146,100
1787761957.621,0,347,84,-,85,55,0,0,0,0,9501,1725,100,0,17406,32739,-,-,-,0,122,318
1787761958.694,0,345,83,-,87,58,0,0,0,0,9501,1605,76,0,17406,32739,-,-,-,0,148,105
1787761959.768,0,313,83,-,95,29,0,0,0,0,9501,1635,72,0,17406,32739,-,-,-,0,70,14
1787761960.839,0,349,84,-,100,27,0,0,0,0,9501,1605,99,0,17406,32739,-,-,-,0,238,35
1787761961.914,0,348,84,-,99,26,0,0,0,0,9501,1620,95,0,17406,32739,-,-,-,0,44,37
1787761962.983,0,348,85,-,100,27,0,0,0,0,9501,1620,99,0,17406,32739,-,-,-,0,43,53
1787761964.058,0,337,82,-,57,24,0,0,0,0,9501,1890,87,0,17406,32739,-,-,-,0,198,220
1787761965.131,0,339,83,-,86,61,0,0,0,0,9501,1695,100,0,17406,32739,-,-,-,0,185,321
1787761966.193,0,348,83,-,93,62,0,0,0,0,9501,1605,87,0,17406,32739,-,-,-,0,47,312
1787761967.265,0,347,83,-,93,62,0,0,0,0,9501,1620,99,0,17406,32739,-,-,-,0,108,28
1787761968.336,0,348,83,-,94,63,0,0,0,0,9501,1605,99,0,17406,32739,-,-,-,0,71,37
1787761969.401,0,348,83,-,94,63,0,0,0,0,9501,1605,99,0,17406,32739,-,-,-,0,89,36
1787761970.474,0,348,84,-,94,62,0,0,0,0,9501,1590,99,0,17406,32739,-,-,-,0,118,161
1787761971.552,0,348,84,-,94,62,0,0,0,0,9501,1605,99,0,17406,32739,-,-,-,0,152,297
1787761972.625,0,348,84,-,92,62,0,0,0,0,9501,1620,100,0,17406,32739,-,-,-,0,89,319
1787761973.692,0,348,83,-,94,63,0,0,0,0,9501,1590,99,0,17406,32739,-,-,-,0,101,302
1787761974.766,0,347,83,-,93,62,0,0,0,0,9501,1620,99,0,17406,32739,-,-,-,0,129,306
1787761975.842,0,348,84,-,94,63,0,0,0,0,9501,1620,99,0,17406,32739,-,-,-,0,279,308
1787761976.915,0,348,84,-,93,63,0,0,0,0,9501,1590,99,0,17406,32739,-,-,-,0,91,311
1787761977.993,0,348,83,-,93,63,0,0,0,0,9501,1620,99,0,17406,32739,-,-,-,0,48,324
1787761979.070,0,346,84,-,93,62,0,0,0,0,9501,1620,99,0,17406,32739,-,-,-,0,42,299
1787761980.143,0,347,84,-,93,62,0,0,0,0,9501,1605,100,0,17406,32739,-,-,-,0,76,304
1787761981.214,0,346,84,-,93,64,0,0,0,0,9501,1620,99,0,17406,32739,-,-,-,0,94,304
1787761982.284,0,347,83,-,94,62,0,0,0,0,9501,1575,99,0,17406,32739,-,-,-,0,115,293
1787761983.358,0,330,83,-,94,62,0,0,0,0,9501,1560,99,0,17406,32739,-,-,-,0,73,308
1787761984.429,0,300,79,-,51,31,0,0,0,0,9501,1860,99,0,17406,32739,-,-,-,0,62,17
1787761985.503,0,245,81,-,100,25,0,0,0,0,9501,1470,54,0,17406,32739,-,-,-,0,183,340
1787761986.580,0,315,82,-,83,59,0,0,0,0,9501,1650,93,0,17406,32739,-,-,-,0,214,171
1787761987.654,0,334,83,-,83,61,0,0,0,0,9501,1680,100,0,17410,32739,-,-,-,0,189,58
1787761988.726,0,237,77,-,1,0,0,0,0,0,9501,1920,26,0,17410,32739,-,-,-,0,0,0
1787761989.799,0,168,76,-,1,0,0,0,0,0,9501,1920,0,0,17410,32739,-,-,-,0,9,0
1787761990.873,0,108,72,-,1,0,0,0,0,0,5001,360,0,0,17410,32739,-,-,-,0,94,7
1787761991.949,0,90,71,-,2,0,0,0,0,0,5001,240,24,0,17410,32739,-,-,-,0,3,0
1787761993.023,0,90,70,-,4,0,0,0,0,0,5001,240,99,0,17410,32739,-,-,-,0,1,1
1787761994.099,0,80,68,-,5,1,0,0,0,0,810,210,100,0,17410,32739,-,-,-,0,0,1
1787761995.171,0,43,67,-,3,0,0,0,0,0,810,210,0,0,17410,32739,-,-,-,0,4,0
1787761996.245,0,38,66,-,5,1,0,0,0,0,405,210,0,0,17410,32739,-,-,-,0,0,1
1787761997.257,#,gpu,pwr,gtemp,mtemp,sm,mem,enc,dec,jpg,ofa,mclk,pclk,pviol,tviol,fb,bar1,ccpm,sbecc,dbecc,pci,rxpci,txpci
1787761997.257,#,Idx,W,C,C,%,%,%,%,%,%,MHz,MHz,%,bool,MB,MB,MB,errs,errs,errs,MB/s,MB/s
1787761997.320,0,34,66,-,5,1,0,0,0,0,405,210,0,0,17410,32739,-,-,-,0,0,0
1787761998.396,0,33,65,-,4,1,0,0,0,0,405,210,0,0,17410,32739,-,-,-,0,0,0
1787761999.469,0,33,65,-,5,1,0,0,0,0,405,210,0,0,17410,32739,-,-,-,0,0,0
1787762000.539,0,33,64,-,4,1,0,0,0,0,405,210,0,0,17410,32739,-,-,-,0,4,0
1787762001.615,0,32,64,-,4,1,0,0,0,0,405,210,0,0,17410,32739,-,-,-,0,0,0
1787762002.685,0,33,64,-,5,1,0,0,0,0,405,210,0,0,17410,32739,-,-,-,0,0,2
1787762003.760,0,32,63,-,6,1,0,0,0,0,405,210,0,0,17410,32739,-,-,-,0,0,2
1787762004.835,0,32,63,-,3,1,0,0,0,0,405,210,0,0,17410,32739,-,-,-,0,0,0
1787762005.908,0,32,63,-,4,1,0,0,0,0,405,210,0,0,17410,32739,-,-,-,0,44,13
1787762006.984,0,33,63,-,3,1,0,0,0,0,405,210,0,0,17410,32739,-,-,-,0,0,1
1787762008.057,0,32,62,-,4,1,0,0,0,0,405,210,0,0,17410,32739,-,-,-,0,1,0
1787762009.122,0,32,62,-,5,1,0,0,0,0,405,210,0,0,17410,32739,-,-,-,0,5,0
1787762010.195,0,32,62,-,7,1,0,0,0,0,405,210,0,0,17410,32739,-,-,-,0,0,0
1787762011.264,0,32,62,-,7,1,0,0,0,0,405,210,0,0,17410,32739,-,-,-,0,0,1
1787762012.338,0,31,61,-,8,2,0,0,0,0,405,210,0,0,17410,32739,-,-,-,0,0,0
1787762013.411,0,31,61,-,8,2,0,0,0,0,405,210,0,0,17410,32739,-,-,-,0,4,0
1787762014.483,0,31,61,-,8,2,0,0,0,0,405,210,0,0,17410,32739,-,-,-,0,0,0
1787762015.547,0,32,61,-,8,2,0,0,0,0,405,210,0,0,17410,32739,-,-,-,0,8,0
1787762016.621,0,30,60,-,4,1,0,0,0,0,405,210,0,0,17410,32739,-,-,-,0,0,2
1787762017.695,0,30,60,-,3,1,0,0,0,0,405,210,0,0,17410,32739,-,-,-,0,0,0
1787762018.765,0,30,60,-,3,0,0,0,0,0,405,210,0,0,17410,32739,-,-,-,0,0,1
1787762019.838,0,31,60,-,2,0,0,0,0,0,405,210,0,0,17410,32739,-,-,-,0,0,2
1787762020.912,0,30,60,-,4,1,0,0,0,0,405,210,0,0,17410,32739,-,-,-,0,14,10
1787762021.985,0,31,60,-,4,1,0,0,0,0,405,210,0,0,17410,32739,-,-,-,0,0,0
1787762023.061,0,31,60,-,5,1,0,0,0,0,405,210,0,0,17410,32739,-,-,-,0,4,0
1787762024.138,0,31,59,-,6,1,0,0,0,0,405,210,0,0,17410,32739,-,-,-,0,0,1
1787762025.202,0,31,59,-,9,2,0,0,0,0,405,210,0,0,17410,32739,-,-,-,0,0,0
1787762026.279,0,31,59,-,8,2,0,0,0,0,405,210,0,0,17410,32739,-,-,-,0,0,0
1787762027.346,0,30,59,-,7,2,0,0,0,0,405,210,0,0,17410,32739,-,-,-,0,3,0
1787762028.424,0,31,59,-,5,1,0,0,0,0,405,210,0,0,17410,32739,-,-,-,0,5,0
1787762029.497,0,30,59,-,9,3,0,0,0,0,405,210,0,0,17410,32739,-,-,-,0,0,2
1787762030.570,0,30,59,-,4,1,0,0,0,0,405,210,0,0,17410,32739,-,-,-,0,1,0
1787762031.647,0,30,58,-,3,1,0,0,0,0,405,210,0,0,17410,32739,-,-,-,0,0,2
1787762032.716,0,30,58,-,2,0,0,0,0,0,405,210,0,0,17410,32739,-,-,-,0,0,0
1787762033.787,0,30,58,-,6,2,0,0,0,0,405,210,0,0,17410,32739,-,-,-,0,4,1
1787762034.859,0,29,58,-,3,1,0,0,0,0,405,210,0,0,17410,32739,-,-,-,0,0,0
1787762035.931,0,30,58,-,3,1,0,0,0,0,405,210,0,0,17410,32739,-,-,-,0,98,6
1787762037.002,0,30,58,-,3,1,0,0,0,0,405,210,0,0,17410,32739,-,-,-,0,0,1
1787762038.079,0,29,57,-,5,1,0,0,0,0,405,210,0,0,17410,32739,-,-,-,0,0,0
1787762039.156,0,30,57,-,5,1,0,0,0,0,405,210,0,0,17410,32739,-,-,-,0,0,2
1787762040.220,0,30,57,-,6,1,0,0,0,0,405,210,0,0,17410,32739,-,-,-,0,0,0
1787762041.284,0,29,57,-,9,2,0,0,0,0,405,210,0,0,17410,32739,-,-,-,0,0,0
1787762042.360,0,29,57,-,5,1,0,0,0,0,405,210,0,0,17410,32739,-,-,-,0,0,0
1787762043.434,0,29,57,-,5,1,0,0,0,0,405,210,0,0,17410,32739,-,-,-,0,4,0
1787762044.449,#,gpu,pwr,gtemp,mtemp,sm,mem,enc,dec,jpg,ofa,mclk,pclk,pviol,tviol,fb,bar1,ccpm,sbecc,dbecc,pci,rxpci,txpci
1787762044.449,#,Idx,W,C,C,%,%,%,%,%,%,MHz,MHz,%,bool,MB,MB,MB,errs,errs,errs,MB/s,MB/s
1787762044.511,0,29,57,-,4,1,0,0,0,0,405,210,0,0,17410,32739,-,-,-,0,0,0
1787762045.582,0,28,57,-,6,1,0,0,0,0,405,210,0,0,17410,32739,-,-,-,0,0,0
1787762046.654,0,29,56,-,2,0,0,0,0,0,405,210,0,0,17410,32739,-,-,-,0,1,2
1787762047.720,0,29,56,-,2,0,0,0,0,0,405,210,0,0,17410,32739,-,-,-,0,0,0
1787762048.797,0,29,56,-,4,1,0,0,0,0,405,210,0,0,17410,32739,-,-,-,0,5,0
1787762049.873,0,29,56,-,3,1,0,0,0,0,405,210,0,0,17410,32739,-,-,-,0,0,0
1787762050.949,0,28,56,-,3,1,0,0,0,0,405,210,0,0,17410,32739,-,-,-,0,22,16
1787762052.019,0,29,56,-,3,1,0,0,0,0,405,210,0,0,17410,32739,-,-,-,0,0,1
1787762053.091,0,29,56,-,4,1,0,0,0,0,405,210,0,0,17410,32739,-,-,-,0,0,0
1787762054.163,0,28,56,-,7,2,0,0,0,0,405,210,0,0,17410,32739,-,-,-,0,0,2
1787762055.237,0,28,56,-,7,2,0,0,0,0,405,210,0,0,17410,32739,-,-,-,0,8,0
1787762056.311,0,28,56,-,4,1,0,0,0,0,405,210,0,0,17410,32739,-,-,-,0,10,0
1787762057.386,0,29,56,-,6,1,0,0,0,0,405,210,0,0,17410,32739,-,-,-,0,0,1
1787762058.457,0,28,55,-,3,1,0,0,0,0,405,210,0,0,17410,32739,-,-,-,0,5,0
1787762059.534,0,28,55,-,4,1,0,0,0,0,405,210,0,0,17410,32739,-,-,-,0,0,3
1787762060.605,0,28,55,-,2,0,0,0,0,0,405,210,0,0,17410,32739,-,-,-,0,0,0
1787762061.678,0,28,55,-,3,0,0,0,0,0,405,210,0,0,17410,32739,-,-,-,0,8,0
1787762062.751,0,28,55,-,3,1,0,0,0,0,405,210,0,0,17410,32739,-,-,-,0,1,0
1787762063.825,0,29,55,-,3,1,0,0,0,0,405,210,0,0,17410,32739,-,-,-,0,5,0
1787762064.903,0,28,55,-,2,0,0,0,0,0,405,210,0,0,17410,32739,-,-,-,0,6,1
1787762065.977,0,28,55,-,2,0,0,0,0,0,405,210,0,0,17410,32739,-,-,-,0,0,3
1787762067.054,0,28,55,-,3,1,0,0,0,0,405,210,0,0,17410,32739,-,-,-,0,113,0
1787762068.131,0,28,55,-,4,1,0,0,0,0,405,210,0,0,17410,32739,-,-,-,0,0,0
1787762069.206,0,27,54,-,5,1,0,0,0,0,405,210,0,0,17410,32739,-,-,-,0,10,1
1787762070.279,0,29,55,-,10,4,0,0,0,0,405,210,0,0,17410,32739,-,-,-,0,0,1
1787762071.353,0,28,54,-,3,1,0,0,0,0,405,210,0,0,17410,32739,-,-,-,0,0,1
1787762072.416,0,28,54,-,2,0,0,0,0,0,405,210,0,0,17410,32739,-,-,-,0,0,2
1787762073.492,0,28,54,-,3,1,0,0,0,0,405,210,0,0,17410,32739,-,-,-,0,0,0
1787762074.569,0,27,54,-,3,0,0,0,0,0,405,210,0,0,17410,32739,-,-,-,0,11,0
1787762075.635,0,28,54,-,6,2,0,0,0,0,405,210,0,0,17410,32739,-,-,-,0,13,0
1787762076.703,0,28,54,-,4,1,0,0,0,0,405,210,0,0,17410,32739,-,-,-,0,5,0
1787762077.776,0,27,54,-,5,1,0,0,0,0,405,210,0,0,17410,32739,-,-,-,0,0,2
1787762078.850,0,27,54,-,6,2,0,0,0,0,405,210,0,0,17410,32739,-,-,-,0,0,0
1787762079.923,0,28,54,-,4,1,0,0,0,0,405,210,0,0,17410,32739,-,-,-,0,0,1
1787762080.984,0,28,54,-,4,1,0,0,0,0,405,210,0,0,17410,32739,-,-,-,0,0,0
1787762082.059,0,27,54,-,3,1,0,0,0,0,405,210,0,0,17410,32739,-,-,-,0,11,17
1787762083.130,0,28,54,-,5,1,0,0,0,0,405,210,0,0,17410,32739,-,-,-,0,0,1
1787762084.204,0,27,53,-,4,1,0,0,0,0,405,210,0,0,17410,32739,-,-,-,0,5,1
1787762085.279,0,27,53,-,3,1,0,0,0,0,405,210,0,0,17410,32739,-,-,-,0,5,2
1787762086.350,0,27,53,-,6,2,0,0,0,0,405,210,0,0,17410,32739,-,-,-,0,0,0
1787762087.426,0,27,53,-,7,2,0,0,0,0,405,210,0,0,17410,32739,-,-,-,0,0,2
1787762088.501,0,27,53,-,5,2,0,0,0,0,405,210,0,0,17410,32739,-,-,-,0,0,0
1787762089.575,0,27,53,-,5,1,0,0,0,0,405,210,0,0,17410,32739,-,-,-,0,9,1
1787762090.649,0,27,53,-,4,1,0,0,0,0,405,210,0,0,17410,32739,-,-,-,0,0,0
1787762091.663,#,gpu,pwr,gtemp,mtemp,sm,mem,enc,dec,jpg,ofa,mclk,pclk,pviol,tviol,fb,bar1,ccpm,sbecc,dbecc,pci,rxpci,txpci
1787762091.663,#,Idx,W,C,C,%,%,%,%,%,%,MHz,MHz,%,bool,MB,MB,MB,errs,errs,errs,MB/s,MB/s
1787762091.724,0,27,53,-,6,2,0,0,0,0,405,210,0,0,17410,32739,-,-,-,0,10,0
1787762092.799,0,27,53,-,3,1,0,0,0,0,405,210,0,0,17410,32739,-,-,-,0,0,1
1787762093.873,0,27,53,-,3,1,0,0,0,0,405,210,0,0,17410,32739,-,-,-,0,0,0
1787762094.948,0,27,53,-,3,1,0,0,0,0,405,210,0,0,17410,32739,-,-,-,0,5,0
1787762096.023,0,27,53,-,5,1,0,0,0,0,405,210,0,0,17410,32739,-,-,-,0,5,0
1787762097.087,0,28,53,-,6,1,0,0,0,0,405,210,0,0,17410,32739,-,-,-,0,7,18
1787762098.150,0,27,53,-,2,0,0,0,0,0,405,210,0,0,17410,32739,-,-,-,0,3,0
1787762099.217,0,27,53,-,2,0,0,0,0,0,405,210,0,0,17410,32739,-,-,-,0,6,0
1787762100.280,0,27,53,-,1,0,0,0,0,0,405,210,0,0,17410,32739,-,-,-,0,0,0
1787762101.353,0,27,53,-,4,1,0,0,0,0,405,210,0,0,17410,32739,-,-,-,0,5,0
1787762102.426,0,27,53,-,3,1,0,0,0,0,405,210,0,0,17410,32739,-,-,-,0,0,2
1787762103.501,0,26,53,-,3,1,0,0,0,0,405,210,0,0,17410,32739,-,-,-,0,0,0
1787762104.572,0,27,53,-,3,1,0,0,0,0,405,210,0,0,17410,32739,-,-,-,0,5,1
1787762105.649,0,27,53,-,4,1,0,0,0,0,405,210,0,0,17410,32739,-,-,-,0,0,0
1787762106.719,0,27,53,-,6,1,0,0,0,0,405,210,0,0,17410,32739,-,-,-,0,5,1
1787762107.784,0,27,53,-,5,2,0,0,0,0,405,210,0,0,17410,32739,-,-,-,0,0,0
1787762108.850,0,26,53,-,3,1,0,0,0,0,405,210,0,0,17410,32739,-,-,-,0,5,0
1787762109.927,0,27,53,-,4,1,0,0,0,0,405,210,0,0,17410,32739,-,-,-,0,0,2
1787762110.998,0,27,53,-,6,1,0,0,0,0,405,210,0,0,17410,32739,-,-,-,0,0,1
1787762112.073,0,27,53,-,4,1,0,0,0,0,405,210,0,0,17410,32739,-,-,-,0,0,7
1787762113.145,0,27,53,-,4,1,0,0,0,0,405,210,0,0,17410,32739,-,-,-,0,137,0
1787762114.212,0,26,53,-,4,1,0,0,0,0,405,210,0,0,17410,32739,-,-,-,0,5,0
1787762115.286,0,27,53,-,4,1,0,0,0,0,405,210,0,0,17410,32739,-,-,-,0,0,1
1787762116.358,0,26,53,-,4,1,0,0,0,0,405,210,0,0,17410,32739,-,-,-,0,0,0
1787762117.431,0,26,53,-,3,1,0,0,0,0,405,210,0,0,17410,32739,-,-,-,0,0,0
1787762118.502,0,27,53,-,4,1,0,0,0,0,405,210,0,0,17410,32739,-,-,-,0,0,0
1787762119.565,0,27,53,-,6,2,0,0,0,0,405,210,0,0,17410,32739,-,-,-,0,0,0
1787762120.637,0,27,53,-,4,1,0,0,0,0,405,210,0,0,17410,32739,-,-,-,0,0,0
1787762121.715,0,26,53,-,4,1,0,0,0,0,405,210,0,0,17410,32739,-,-,-,0,10,0
1787762122.781,0,27,53,-,4,1,0,0,0,0,405,210,0,0,17410,32739,-,-,-,0,0,1
1787762123.856,0,27,53,-,5,1,0,0,0,0,405,210,0,0,17410,32739,-,-,-,0,5,1
1787762124.931,0,27,53,-,6,2,0,0,0,0,405,210,0,0,17410,32739,-,-,-,0,0,1
1787762126.008,0,27,53,-,5,1,0,0,0,0,405,210,0,0,17410,32739,-,-,-,0,4,0
1787762127.080,0,27,53,-,5,1,0,0,0,0,405,210,0,0,17410,32739,-,-,-,0,1,2
1787762128.152,0,26,53,-,4,1,0,0,0,0,405,210,0,0,17410,32739,-,-,-,0,145,0
1787762129.224,0,26,54,-,2,0,0,0,0,0,405,210,0,0,17410,32739,-,-,-,0,10,0
1787762130.298,0,27,54,-,5,1,0,0,0,0,405,210,0,0,17410,32739,-,-,-,0,0,0
1787762131.375,0,27,54,-,4,1,0,0,0,0,405,210,0,0,17410,32739,-,-,-,0,5,0
1787762132.440,0,27,54,-,2,0,0,0,0,0,405,210,0,0,17410,32739,-,-,-,0,0,2
1787762133.511,0,26,54,-,2,0,0,0,0,0,405,210,0,0,17410,32739,-,-,-,0,0,0
1787762134.585,0,26,54,-,2,0,0,0,0,0,405,210,0,0,17410,32739,-,-,-,0,8,0
1787762135.659,0,27,54,-,5,1,0,0,0,0,405,210,0,0,17410,32739,-,-,-,0,1,0
1787762136.730,0,27,54,-,3,1,0,0,0,0,405,210,0,0,17410,32739,-,-,-,0,0,0
1787762137.804,0,27,54,-,4,1,0,0,0,0,405,210,0,0,17410,32739,-,-,-,0,0,2
1787762138.820,#,gpu,pwr,gtemp,mtemp,sm,mem,enc,dec,jpg,ofa,mclk,pclk,pviol,tviol,fb,bar1,ccpm,sbecc,dbecc,pci,rxpci,txpci
1787762138.820,#,Idx,W,C,C,%,%,%,%,%,%,MHz,MHz,%,bool,MB,MB,MB,errs,errs,errs,MB/s,MB/s
1787762138.882,0,26,54,-,3,1,0,0,0,0,405,210,0,0,17410,32739,-,-,-,0,5,0
1787762139.956,0,26,54,-,4,1,0,0,0,0,405,210,0,0,17410,32739,-,-,-,0,0,0
1787762141.026,0,27,54,-,3,1,0,0,0,0,405,210,0,0,17410,32739,-,-,-,0,0,0
1787762142.101,0,27,54,-,3,1,0,0,0,0,405,210,0,0,17410,32739,-,-,-,0,4,3
1787762143.171,0,27,54,-,3,1,0,0,0,0,405,210,0,0,17410,32739,-,-,-,0,0,0
1787762144.243,0,26,54,-,2,0,0,0,0,0,405,210,0,0,17410,32739,-,-,-,0,0,0
1787762145.318,0,27,54,-,3,0,0,0,0,0,405,210,0,0,17410,32739,-,-,-,0,0,1
1787762146.390,0,27,54,-,3,0,0,0,0,0,405,210,0,0,17410,32739,-,-,-,0,0,1
1787762147.464,0,27,54,-,4,1,0,0,0,0,405,210,0,0,17410,32739,-,-,-,0,5,0
1787762148.539,0,27,54,-,3,1,0,0,0,0,405,210,0,0,17410,32739,-,-,-,0,0,0
1787762149.614,0,27,54,-,5,2,0,0,0,0,405,210,0,0,17410,32739,-,-,-,0,5,0
1787762150.681,0,27,54,-,4,1,0,0,0,0,405,210,0,0,17410,32739,-,-,-,0,0,0
1787762151.753,0,27,54,-,6,2,0,0,0,0,405,210,0,0,17410,32739,-,-,-,0,0,0
1787762152.832,0,27,54,-,4,1,0,0,0,0,405,210,0,0,17410,32739,-,-,-,0,0,1
1787762153.905,0,27,54,-,3,1,0,0,0,0,405,210,0,0,17410,32739,-,-,-,0,0,0
1787762154.979,0,27,54,-,5,1,0,0,0,0,405,210,0,0,17410,32739,-,-,-,0,5,0
1787762156.052,0,27,54,-,4,1,0,0,0,0,405,210,0,0,17410,32739,-,-,-,0,0,2
1787762157.128,0,27,54,-,2,0,0,0,0,0,405,210,0,0,17410,32739,-,-,-,0,7,5
1787762158.207,0,27,54,-,2,0,0,0,0,0,405,210,0,0,17410,32739,-,-,-,0,0,1
1787762159.276,0,27,54,-,3,1,0,0,0,0,405,210,0,0,17410,32739,-,-,-,0,3,0
1787762160.339,0,27,54,-,6,2,0,0,0,0,405,210,0,0,17410,32739,-,-,-,0,0,1
1787762161.416,0,27,54,-,6,2,0,0,0,0,405,210,0,0,17410,32739,-,-,-,0,0,0
1787762162.490,0,28,54,-,4,0,0,0,0,0,405,210,0,0,17410,32739,-,-,-,0,0,2
1787762163.564,0,27,54,-,6,1,0,0,0,0,405,210,0,0,17410,32739,-,-,-,0,0,1
1787762164.637,0,34,55,-,100,71,0,0,0,0,405,300,0,0,17410,32739,-,-,-,0,74,27
1787762165.715,0,298,69,-,100,26,0,0,0,0,9501,1710,56,0,17410,32739,-,-,-,0,58,16
1787762166.779,0,334,70,-,81,57,0,0,0,0,9501,1815,39,0,17410,32739,-,-,-,0,166,322
1787762167.854,0,336,71,-,83,64,0,0,0,0,9501,1650,3,0,17410,32739,-,-,-,0,202,55
1787762168.930,0,332,72,-,85,61,0,0,0,0,9501,1770,26,0,17410,32739,-,-,-,0,195,111
1787762170.007,0,340,72,-,86,61,0,0,0,0,9501,1755,4,0,17410,32739,-,-,-,0,168,327
1787762171.081,0,336,72,-,81,60,0,0,0,0,9501,1755,21,0,17410,32739,-,-,-,0,146,310
1787762172.156,0,340,73,-,85,61,0,0,0,0,9501,1725,53,0,17410,32739,-,-,-,0,247,114
1787762173.233,0,337,74,-,88,59,0,0,0,0,9501,1755,22,0,17410,32739,-,-,-,0,149,304
1787762174.311,0,341,74,-,87,57,0,0,0,0,9501,1650,55,0,17410,32739,-,-,-,0,168,340
1787762175.383,0,343,75,-,91,60,0,0,0,0,9501,1665,84,0,17410,32739,-,-,-,0,176,222
1787762176.460,0,337,75,-,87,57,0,0,0,0,9501,1770,39,0,17410,32739,-,-,-,0,79,39
1787762177.538,0,343,75,-,93,60,0,0,0,0,9501,1650,52,0,17410,32739,-,-,-,0,74,314
1787762178.611,0,341,76,-,87,57,0,0,0,0,9501,1740,100,0,17410,32739,-,-,-,0,191,321
1787762179.689,0,342,76,-,92,61,0,0,0,0,9501,1665,72,0,17410,32739,-,-,-,0,103,295
1787762180.764,0,340,75,-,83,69,0,0,0,0,9501,1680,59,0,17410,32739,-,-,-,0,189,174
1787762181.837,0,342,76,-,86,58,0,0,0,0,9501,1740,15,0,17410,32739,-,-,-,0,173,62
1787762182.914,0,338,76,-,82,62,0,0,0,0,9501,1755,48,0,17410,32739,-,-,-,0,164,329
1787762183.990,0,337,76,-,85,57,0,0,0,0,9501,1680,41,0,17410,32739,-,-,-,0,189,94
1787762185.054,0,338,77,-,92,73,0,0,0,0,9501,1695,36,0,17410,32739,-,-,-,0,187,216
1787762186.055,#,gpu,pwr,gtemp,mtemp,sm,mem,enc,dec,jpg,ofa,mclk,pclk,pviol,tviol,fb,bar1,ccpm,sbecc,dbecc,pci,rxpci,txpci
1787762186.095,#,Idx,W,C,C,%,%,%,%,%,%,MHz,MHz,%,bool,MB,MB,MB,errs,errs,errs,MB/s,MB/s
1787762186.119,0,339,77,-,88,57,0,0,0,0,9501,1740,53,0,17410,32739,-,-,-,0,223,107
1787762187.181,0,344,78,-,92,60,0,0,0,0,9501,1680,50,0,17410,32739,-,-,-,0,246,221
1787762188.255,0,343,78,-,94,61,0,0,0,0,9501,1635,85,0,17410,32739,-,-,-,0,191,33
1787762189.319,0,340,78,-,91,61,0,0,0,0,9501,1695,78,0,17410,32739,-,-,-,0,180,333
1787762190.391,0,343,78,-,89,72,0,0,0,0,9501,1695,31,0,17410,32739,-,-,-,0,196,105
1787762191.460,0,343,78,-,83,56,0,0,0,0,9501,1755,47,0,17410,32739,-,-,-,0,189,324
1787762192.535,0,343,79,-,92,61,0,0,0,0,9501,1650,62,0,17410,32739,-,-,-,0,87,312
1787762193.610,0,345,79,-,93,64,0,0,0,0,9501,1635,76,0,17410,32739,-,-,-,0,57,303
1787762194.684,0,341,79,-,83,62,0,0,0,0,9501,1740,100,0,17410,32739,-,-,-,0,198,217
1787762195.758,0,343,79,-,93,60,0,0,0,0,9501,1635,44,0,17410,32739,-,-,-,0,66,317
1787762196.835,0,344,79,-,94,61,0,0,0,0,9501,1635,97,0,17410,32739,-,-,-,0,162,120
1787762197.900,0,342,80,-,84,59,0,0,0,0,9501,1725,33,0,17410,32739,-,-,-,0,188,114
1787762198.972,0,344,80,-,93,62,0,0,0,0,9501,1650,46,0,17410,32739,-,-,-,0,53,312
1787762200.045,0,343,80,-,94,61,0,0,0,0,9501,1650,99,0,17410,32739,-,-,-,0,72,57
1787762201.111,0,343,80,-,89,60,0,0,0,0,9501,1680,91,0,17410,32739,-,-,-,0,80,304
1787762202.187,0,343,80,-,88,59,0,0,0,0,9501,1695,100,0,17410,32739,-,-,-,0,248,112
1787762203.263,0,343,81,-,89,59,0,0,0,0,9501,1710,73,0,17410,32739,-,-,-,0,151,120
1787762204.338,0,343,81,-,83,52,0,0,0,0,9501,1680,46,0,17410,32739,-,-,-,0,166,56
1787762205.410,0,345,80,-,93,62,0,0,0,0,9501,1665,89,0,17410,32739,-,-,-,0,45,306
1787762206.486,0,343,81,-,93,61,0,0,0,0,9501,1605,99,0,17410,32739,-,-,-,0,209,57
1787762207.561,0,339,81,-,83,56,0,0,0,0,9501,1635,50,0,17410,32739,-,-,-,0,176,318
1787762208.636,0,340,81,-,85,56,0,0,0,0,9501,1665,100,0,17410,32739,-,-,-,0,201,103
1787762209.712,0,340,81,-,73,58,0,0,0,0,9501,1680,67,0,17410,32739,-,-,-,0,142,117
1787762210.787,0,339,81,-,82,59,0,0,0,0,9501,1680,40,0,17410,32739,-,-,-,0,158,272
1787762211.863,0,343,82,-,94,61,0,0,0,0,9501,1620,72,0,17410,32739,-,-,-,0,144,39
1787762212.940,0,345,81,-,93,61,0,0,0,0,9501,1620,93,0,17410,32739,-,-,-,0,73,27
1787762214.016,0,342,81,-,84,65,0,0,0,0,9501,1725,87,0,17410,32739,-,-,-,0,119,208
1787762215.093,0,341,82,-,86,59,0,0,0,0,9501,1710,62,0,17410,32739,-,-,-,0,202,109
1787762216.166,0,345,82,-,84,59,0,0,0,0,9501,1710,88,0,17410,32739,-,-,-,0,96,358
1787762217.242,0,344,82,-,94,61,0,0,0,0,9501,1665,98,0,17410,32739,-,-,-,0,184,297
1787762218.316,0,343,82,-,90,60,0,0,0,0,9501,1725,73,0,17410,32739,-,-,-,0,169,306
1787762219.393,0,341,82,-,86,62,0,0,0,0,9501,1725,67,0,17410,32739,-,-,-,0,198,96
1787762220.466,0,338,82,-,76,58,0,0,0,0,9501,1740,56,0,17410,32739,-,-,-,0,173,277
1787762221.543,0,337,82,-,88,58,0,0,0,0,9501,1680,63,0,17410,32739,-,-,-,0,169,327
1787762222.619,0,341,83,-,86,58,0,0,0,0,9501,1635,78,0,17410,32739,-,-,-,0,151,217
1787762223.697,0,341,83,-,88,59,0,0,0,0,9501,1635,74,0,17410,32739,-,-,-,0,158,246
1787762224.761,0,346,83,-,93,61,0,0,0,0,9501,1650,83,0,17410,32739,-,-,-,0,130,310
1787762225.840,0,343,83,-,86,56,0,0,0,0,9501,1710,77,0,17410,32739,-,-,-,0,196,114
1787762226.911,0,343,83,-,84,55,0,0,0,0,9501,1740,85,0,17410,32739,-,-,-,0,174,267
1787762227.977,0,343,83,-,87,58,0,0,0,0,9501,1695,36,0,17410,32739,-,-,-,0,198,124
1787762229.053,0,344,83,-,93,62,0,0,0,0,9501,1635,83,0,17410,32739,-,-,-,0,115,31
1787762230.116,0,344,83,-,85,58,0,0,0,0,9501,1620,100,0,17410,32739,-,-,-,0,113,30
1787762231.191,0,345,83,-,94,63,0,0,0,0,9501,1650,97,0,17410,32739,-,-,-,0,97,321
1787762232.268,0,340,83,-,82,60,0,0,0,0,9501,1710,83,0,17410,32739,-,-,-,0,148,303
1787762233.283,#,gpu,pwr,gtemp,mtemp,sm,mem,enc,dec,jpg,ofa,mclk,pclk,pviol,tviol,fb,bar1,ccpm,sbecc,dbecc,pci,rxpci,txpci
1787762233.283,#,Idx,W,C,C,%,%,%,%,%,%,MHz,MHz,%,bool,MB,MB,MB,errs,errs,errs,MB/s,MB/s
1787762233.345,0,344,83,-,88,58,0,0,0,0,9501,1635,86,0,17410,32739,-,-,-,0,120,23
1787762234.417,0,342,83,-,86,65,0,0,0,0,9501,1755,93,0,17410,32739,-,-,-,0,201,109
1787762235.482,0,344,84,-,91,61,0,0,0,0,9501,1650,62,0,17410,32739,-,-,-,0,164,332
1787762236.545,0,345,84,-,93,61,0,0,0,0,9501,1635,83,0,17410,32739,-,-,-,0,175,52
1787762237.608,0,345,84,-,86,58,0,0,0,0,9501,1725,86,0,17410,32739,-,-,-,0,124,308
1787762238.683,0,346,84,-,93,62,0,0,0,0,9501,1620,100,0,17410,32739,-,-,-,0,112,21
1787762239.758,0,343,84,-,80,59,0,0,0,0,9501,1680,76,0,17410,32739,-,-,-,0,83,47
1787762240.829,0,346,84,-,92,61,0,0,0,0,9501,1635,91,0,17410,32739,-,-,-,0,172,58
1787762241.897,0,344,84,-,93,62,0,0,0,0,9501,1635,95,0,17410,32739,-,-,-,0,100,305
1787762242.975,0,344,84,-,92,62,0,0,0,0,9501,1620,99,0,17410,32739,-,-,-,0,151,22
1787762244.052,0,346,85,-,84,59,0,0,0,0,9501,1605,83,0,17410,32739,-,-,-,0,118,291
1787762245.128,0,340,84,-,87,59,0,0,0,0,9501,1725,100,0,17410,32739,-,-,-,0,75,318
1787762246.205,0,345,84,-,93,62,0,0,0,0,9501,1635,94,0,17410,32739,-,-,-,0,204,58
1787762247.282,0,343,84,-,94,62,0,0,0,0,9501,1695,78,0,17410,32739,-,-,-,0,192,163
1787762248.355,0,346,84,-,93,61,0,0,0,0,9501,1620,74,0,17410,32739,-,-,-,0,80,354
1787762249.433,0,345,84,-,93,62,0,0,0,0,9501,1635,99,0,17410,32739,-,-,-,0,73,37
1787762250.507,0,347,84,-,88,58,0,0,0,0,9501,1650,97,0,17410,32739,-,-,-,0,112,200
1787762251.571,0,347,84,-,87,57,0,0,0,0,9501,1620,95,0,17410,32739,-,-,-,0,86,325
1787762252.648,0,345,84,-,86,58,0,0,0,0,9501,1740,100,0,17410,32739,-,-,-,0,134,27
1787762253.717,0,345,84,-,79,59,0,0,0,0,9501,1710,87,0,17410,32739,-,-,-,0,176,26
1787762254.795,0,344,84,-,85,56,0,0,0,0,9501,1635,84,0,17410,32739,-,-,-,0,86,305
1787762255.860,0,347,84,-,89,58,0,0,0,0,9501,1620,99,0,17410,32739,-,-,-,0,90,20
1787762256.924,0,347,83,-,91,60,0,0,0,0,9501,1695,94,0,17410,32739,-,-,-,0,0,1
1787762257.999,0,290,83,-,76,18,0,0,0,0,9501,1650,59,0,17410,32739,-,-,-,0,52,26
1787762259.073,0,345,84,-,100,27,0,0,0,0,9501,1620,99,0,17410,32739,-,-,-,0,436,17
1787762260.150,0,346,84,-,100,25,0,0,0,0,9501,1620,100,0,17410,32739,-,-,-,0,64,35
1787762261.224,0,347,84,-,100,27,0,0,0,0,9501,1620,94,0,17410,32739,-,-,-,0,69,31
1787762262.296,0,348,84,-,99,24,0,0,0,0,9501,1635,99,0,17410,32739,-,-,-,0,42,580
1787762263.368,0,347,85,-,100,26,0,0,0,0,9501,1635,94,0,17410,32739,-,-,-,0,145,27
1787762264.438,0,333,83,-,83,64,0,0,0,0,9501,1695,83,0,17410,32739,-,-,-,0,184,58
1787762265.513,0,342,83,-,83,54,0,0,0,0,9501,1665,72,0,17410,32739,-,-,-,0,162,344
1787762266.585,0,345,83,-,84,59,0,0,0,0,9501,1725,88,0,17410,32739,-,-,-,0,115,49
1787762267.654,0,342,83,-,86,62,0,0,0,0,9501,1755,88,0,17410,32739,-,-,-,0,120,34
1787762268.731,0,346,83,-,85,69,0,0,0,0,9501,1695,68,0,17410,32739,-,-,-,0,146,260
1787762269.804,0,346,83,-,85,62,0,0,0,0,9501,1710,61,0,17410,32739,-,-,-,0,190,208
1787762270.878,0,343,80,-,59,39,0,0,0,0,9501,1890,67,0,17410,32739,-,-,-,0,59,26
1787762271.955,0,296,83,-,89,21,0,0,0,0,9501,1635,58,0,17410,32739,-,-,-,0,160,44
1787762273.029,0,339,83,-,80,67,0,0,0,0,9501,1665,58,0,17410,32739,-,-,-,0,192,101
1787762274.103,0,344,82,-,84,60,0,0,0,0,9501,1740,67,0,17410,32739,-,-,-,0,115,29
1787762275.182,0,343,83,-,85,60,0,0,0,0,9501,1710,100,0,17410,32739,-,-,-,0,183,326
1787762276.258,0,347,83,-,92,61,0,0,0,0,9501,1650,84,0,17410,32739,-,-,-,0,96,40
1787762277.334,0,345,83,-,87,59,0,0,0,0,9501,1620,90,0,17410,32739,-,-,-,0,175,51
1787762278.410,0,346,82,-,87,55,0,0,0,0,9501,1620,95,0,17410,32739,-,-,-,0,270,295
1787762279.485,0,348,82,-,94,61,0,0,0,0,9501,1650,96,0,17410,32739,-,-,-,0,7,3199
1787762280.493,#,gpu,pwr,gtemp,mtemp,sm,mem,enc,dec,jpg,ofa,mclk,pclk,pviol,tviol,fb,bar1,ccpm,sbecc,dbecc,pci,rxpci,txpci
1787762280.493,#,Idx,W,C,C,%,%,%,%,%,%,MHz,MHz,%,bool,MB,MB,MB,errs,errs,errs,MB/s,MB/s
1787762280.556,0,302,83,-,100,25,0,0,0,0,9501,1635,66,0,17410,32739,-,-,-,0,50,321
1787762281.628,0,345,83,-,87,59,0,0,0,0,9501,1695,100,0,17410,32739,-,-,-,0,177,310
1787762282.704,0,325,78,-,1,0,0,0,0,0,9501,1905,83,0,17410,32739,-,-,-,0,64,21
1787762283.777,0,321,84,-,100,26,0,0,0,0,9501,1620,82,0,17410,32739,-,-,-,0,56,15
1787762284.839,0,341,83,-,100,27,0,0,0,0,9501,1635,89,0,17410,32739,-,-,-,0,41,19
1787762285.902,0,342,84,-,100,27,0,0,0,0,9501,1725,93,0,17410,32739,-,-,-,0,170,219
1787762286.980,0,341,83,-,86,60,0,0,0,0,9501,1710,69,0,17410,32739,-,-,-,0,190,63
1787762288.049,0,346,82,-,84,58,0,0,0,0,9501,1620,76,0,17410,32739,-,-,-,0,201,55
1787762289.123,0,343,82,-,81,64,0,0,0,0,9501,1710,100,0,17410,32739,-,-,-,0,195,61
1787762290.200,0,343,82,-,83,59,0,0,0,0,9501,1695,79,0,17410,32739,-,-,-,0,180,37
1787762291.274,0,344,82,-,85,58,0,0,0,0,9501,1740,76,0,17410,32739,-,-,-,0,83,310
1787762292.343,0,345,82,-,85,61,0,0,0,0,9501,1695,85,0,17410,32739,-,-,-,0,178,196
1787762293.421,0,342,82,-,86,68,0,0,0,0,9501,1710,64,0,17410,32739,-,-,-,0,196,218
1787762294.500,0,349,82,-,84,53,0,0,0,0,9501,1635,56,0,17410,32739,-,-,-,0,73,34
1787762295.574,0,348,82,-,94,61,0,0,0,0,9501,1620,99,0,17410,32739,-,-,-,0,129,107
1787762296.649,0,347,82,-,91,60,0,0,0,0,9501,1695,100,0,17410,32739,-,-,-,0,119,314
1787762297.727,0,346,82,-,94,62,0,0,0,0,9501,1635,94,0,17410,32739,-,-,-,0,93,299
1787762298.796,0,348,82,-,94,63,0,0,0,0,9501,1635,99,0,17410,32739,-,-,-,0,75,299
1787762299.871,0,347,82,-,88,58,0,0,0,0,9501,1620,99,0,17410,32739,-,-,-,0,6941,40
1787762300.944,0,306,83,-,100,28,0,0,0,0,9501,1635,69,0,17410,32739,-,-,-,0,65,17
1787762302.018,0,337,81,-,79,21,0,0,0,0,9501,1680,91,0,17410,32739,-,-,-,0,190,114
1787762303.093,0,339,82,-,87,61,0,0,0,0,9501,1710,60,0,17410,32739,-,-,-,0,175,146
1787762304.169,0,343,82,-,80,60,0,0,0,0,9501,1695,89,0,17410,32739,-,-,-,0,102,62
1787762305.243,0,343,82,-,80,64,0,0,0,0,9501,1710,59,0,17410,32739,-,-,-,0,10,3257
1787762306.318,0,304,83,-,100,27,0,0,0,0,9501,1755,58,0,17410,32739,-,-,-,0,163,163
1787762307.381,0,340,82,-,83,56,0,0,0,0,9501,1695,48,0,17410,32739,-,-,-,0,181,84
1787762308.457,0,346,82,-,89,58,0,0,0,0,9501,1665,74,0,17410,32739,-,-,-,0,162,320
1787762309.524,0,347,81,-,92,74,0,0,0,0,9501,1710,69,0,17410,32739,-,-,-,0,187,59
1787762310.598,0,341,82,-,79,57,0,0,0,0,9501,1725,55,0,17410,32739,-,-,-,0,164,327
1787762311.678,0,344,82,-,87,57,0,0,0,0,9501,1755,68,0,17410,32739,-,-,-,0,196,327
1787762312.756,0,343,82,-,83,54,0,0,0,0,9501,1695,69,0,17410,32739,-,-,-,0,190,127
1787762313.819,0,339,82,-,87,58,0,0,0,0,9501,1695,51,0,17410,32739,-,-,-,0,170,56
1787762314.895,0,344,82,-,84,55,0,0,0,0,9501,1620,86,0,17410,32739,-,-,-,0,174,169
1787762315.970,0,343,82,-,83,57,0,0,0,0,9501,1710,63,0,17410,32739,-,-,-,0,103,300
1787762317.045,0,346,82,-,84,57,0,0,0,0,9501,1695,70,0,17410,32739,-,-,-,0,70,298
1787762318.119,0,343,82,-,85,54,0,0,0,0,9501,1740,100,0,17410,32739,-,-,-,0,188,327
1787762319.188,0,345,82,-,85,52,0,0,0,0,9501,1710,84,0,17410,32739,-,-,-,0,160,56
1787762320.261,0,346,82,-,90,57,0,0,0,0,9501,1725,97,0,17410,32739,-,-,-,0,115,300
1787762321.340,0,345,82,-,91,59,0,0,0,0,9501,1680,94,0,17410,32739,-,-,-,0,170,316
1787762322.416,0,317,80,-,15,1,0,0,0,0,9501,1650,72,0,17410,32739,-,-,-,0,52,33
1787762323.489,0,341,82,-,62,15,0,0,0,0,9501,1650,85,0,17410,32739,-,-,-,0,200,112
1787762324.566,0,342,82,-,87,55,0,0,0,0,9501,1755,70,0,17410,32739,-,-,-,0,168,329
1787762325.630,0,345,82,-,85,57,0,0,0,0,9501,1665,98,0,17410,32739,-,-,-,0,175,58
1787762326.703,0,314,82,-,59,19,0,0,0,0,9501,1695,45,0,17410,32739,-,-,-,0,47,35
1787762327.704,#,gpu,pwr,gtemp,mtemp,sm,mem,enc,dec,jpg,ofa,mclk,pclk,pviol,tviol,fb,bar1,ccpm,sbecc,dbecc,pci,rxpci,txpci
1787762327.704,#,Idx,W,C,C,%,%,%,%,%,%,MHz,MHz,%,bool,MB,MB,MB,errs,errs,errs,MB/s,MB/s
1787762327.768,0,350,83,-,100,25,0,0,0,0,9501,1635,98,0,17410,32739,-,-,-,0,55,27
1787762328.842,0,342,83,-,100,36,0,0,0,0,9501,1605,90,0,17410,32739,-,-,-,0,49,28
1787762329.917,0,334,82,-,84,58,0,0,0,0,9501,1680,81,0,17410,32739,-,-,-,0,179,114
1787762330.992,0,346,82,-,83,63,0,0,0,0,9501,1680,61,0,17410,32739,-,-,-,0,199,224
1787762332.055,0,345,82,-,79,60,0,0,0,0,9501,1785,55,0,17410,32739,-,-,-,0,199,107
1787762333.131,0,345,82,-,83,57,0,0,0,0,9501,1770,96,0,17410,32739,-,-,-,0,75,46
1787762334.199,0,347,82,-,82,55,0,0,0,0,9501,1695,58,0,17410,32739,-,-,-,0,184,29
1787762335.273,0,343,82,-,77,59,0,0,0,0,9501,1770,69,0,17410,32739,-,-,-,0,193,265
1787762336.348,0,345,82,-,80,62,0,0,0,0,9501,1665,52,0,17410,32739,-,-,-,0,77,318
1787762337.424,0,345,82,-,83,58,0,0,0,0,9501,1710,92,0,17410,32739,-,-,-,0,183,111
1787762338.499,0,341,82,-,89,70,0,0,0,0,9501,1695,46,0,17410,32739,-,-,-,0,207,107
1787762339.576,0,343,81,-,79,59,0,0,0,0,9501,1725,53,0,17410,32739,-,-,-,0,186,325
1787762340.652,0,341,82,-,84,61,0,0,0,0,9501,1740,78,0,17410,32739,-,-,-,0,194,138
1787762341.725,0,343,82,-,86,59,0,0,0,0,9501,1680,48,0,17410,32739,-,-,-,0,164,142
1787762342.799,0,344,82,-,82,54,0,0,0,0,9501,1635,44,0,17410,32739,-,-,-,0,174,62
1787762343.873,0,343,82,-,86,58,0,0,0,0,9501,1665,66,0,17410,32739,-,-,-,0,148,109
1787762344.947,0,346,83,-,83,57,0,0,0,0,9501,1695,78,0,17410,32739,-,-,-,0,183,322
1787762346.025,0,345,82,-,80,54,0,0,0,0,9501,1725,69,0,17410,32739,-,-,-,0,120,213
1787762347.102,0,344,82,-,84,57,0,0,0,0,9501,1695,66,0,17410,32739,-,-,-,0,169,221
1787762348.179,0,345,82,-,80,59,0,0,0,0,9501,1800,87,0,17410,32739,-,-,-,0,203,165
1787762349.252,0,347,82,-,94,61,0,0,0,0,9501,1605,84,0,17410,32739,-,-,-,0,98,21
1787762350.313,0,347,82,-,91,60,0,0,0,0,9501,1635,99,0,17410,32739,-,-,-,0,181,28
1787762351.385,0,295,77,-,47,10,0,0,0,0,9501,1755,63,0,17410,32739,-,-,-,0,53,20
1787762352.462,0,330,81,-,43,10,0,0,0,0,9501,1875,91,0,17410,32739,-,-,-,0,1390,1162
1787762353.537,0,333,82,-,89,58,0,0,0,0,9501,1680,76,0,17410,32739,-,-,-,0,157,36
1787762354.612,0,346,82,-,80,62,0,0,0,0,9501,1710,78,0,17410,32739,-,-,-,0,190,121
1787762355.687,0,346,82,-,83,58,0,0,0,0,9501,1695,100,0,17410,32739,-,-,-,0,194,219
1787762356.763,0,323,82,-,100,39,0,0,0,0,9501,1620,58,0,17410,32739,-,-,-,0,516,26
1787762357.837,0,335,83,-,100,28,0,0,0,0,9501,1635,83,0,17410,32739,-,-,-,0,183,323
1787762358.910,0,339,81,-,79,61,0,0,0,0,9501,1755,73,0,17410,32739,-,-,-,0,140,216
1787762359.984,0,345,81,-,90,73,0,0,0,0,9501,1635,68,0,17410,32739,-,-,-,0,121,33
1787762361.058,0,343,82,-,85,57,0,0,0,0,9501,1740,75,0,17410,32739,-,-,-,0,102,308
1787762362.127,0,215,76,-,1,0,0,0,0,0,9501,1920,71,0,17410,32739,-,-,-,0,0,0
1787762363.198,0,166,75,-,1,0,0,0,0,0,9501,1920,0,0,17410,32739,-,-,-,0,10,0
1787762364.264,0,99,71,-,3,0,0,0,0,0,5001,300,0,0,17410,32739,-,-,-,0,0,1
1787762365.337,0,137,76,-,76,29,0,0,0,0,9501,1695,76,0,17410,32739,-,-,-,0,50,19
1787762366.412,0,327,79,-,76,59,0,0,0,0,9501,1725,65,0,17410,32739,-,-,-,0,188,118
1787762367.488,0,337,80,-,88,58,0,0,0,0,9501,1740,38,0,17410,32739,-,-,-,0,201,115
1787762368.565,0,341,81,-,85,58,0,0,0,0,9501,1725,52,0,17410,32739,-,-,-,0,110,319
1787762369.641,0,340,81,-,90,61,0,0,0,0,9501,1680,100,0,17410,32739,-,-,-,0,110,309
1787762370.718,0,343,81,-,91,59,0,0,0,0,9501,1635,74,0,17410,32739,-,-,-,0,101,300
1787762371.791,0,344,81,-,81,54,0,0,0,0,9501,1695,83,0,17410,32739,-,-,-,0,65,45
1787762372.866,0,345,82,-,92,61,0,0,0,0,9501,1650,81,0,17410,32739,-,-,-,0,199,84
1787762373.943,0,344,81,-,90,58,0,0,0,0,9501,1650,89,0,17410,32739,-,-,-,0,180,279
1787762374.956,#,gpu,pwr,gtemp,mtemp,sm,mem,enc,dec,jpg,ofa,mclk,pclk,pviol,tviol,fb,bar1,ccpm,sbecc,dbecc,pci,rxpci,txpci
1787762374.956,#,Idx,W,C,C,%,%,%,%,%,%,MHz,MHz,%,bool,MB,MB,MB,errs,errs,errs,MB/s,MB/s
1787762375.019,0,341,82,-,88,58,0,0,0,0,9501,1695,91,0,17410,32739,-,-,-,0,170,286
1787762376.097,0,342,82,-,94,60,0,0,0,0,9501,1650,91,0,17410,32739,-,-,-,0,122,303
1787762377.170,0,345,81,-,82,60,0,0,0,0,9501,1725,100,0,17410,32739,-,-,-,0,218,49
1787762378.233,0,347,82,-,93,61,0,0,0,0,9501,1605,82,0,17410,32739,-,-,-,0,177,307
1787762379.306,0,343,82,-,93,63,0,0,0,0,9501,1635,87,0,17410,32739,-,-,-,0,105,18
1787762380.372,0,345,82,-,88,57,0,0,0,0,9501,1620,95,0,17410,32739,-,-,-,0,57,73
1787762381.441,0,346,82,-,94,60,0,0,0,0,9501,1635,99,0,17410,32739,-,-,-,0,76,26
1787762382.512,0,312,81,-,100,36,0,0,0,0,9501,1635,73,0,17410,32739,-,-,-,0,736,72
1787762383.578,0,343,83,-,100,33,0,0,0,0,9501,1590,93,0,17410,32739,-,-,-,0,64,6362
1787762384.641,0,338,82,-,82,55,0,0,0,0,9501,1710,100,0,17410,32739,-,-,-,0,153,56
1787762385.717,0,345,83,-,88,55,0,0,0,0,9501,1680,76,0,17410,32739,-,-,-,0,179,216
1787762386.786,0,307,79,-,19,0,0,0,0,0,9501,1905,57,0,17410,32739,-,-,-,0,44,20
1787762387.854,0,323,83,-,100,25,0,0,0,0,9501,1605,88,0,17410,32739,-,-,-,0,60,16
1787762388.930,0,345,84,-,100,27,0,0,0,0,9501,1620,91,0,17410,32739,-,-,-,0,38,23
1787762390.004,0,340,84,-,99,25,0,0,0,0,9501,1650,91,0,17410,32739,-,-,-,0,100,413
1787762391.067,0,330,84,-,55,11,0,0,0,0,9501,1755,87,0,17410,32739,-,-,-,0,174,61
1787762392.140,0,343,83,-,94,63,0,0,0,0,9501,1620,100,0,17410,32739,-,-,-,0,99,292
1787762393.212,0,346,83,-,93,62,0,0,0,0,9501,1620,99,0,17410,32739,-,-,-,0,112,291
1787762394.287,0,347,83,-,92,61,0,0,0,0,9501,1605,99,0,17410,32739,-,-,-,0,83,309
1787762395.359,0,346,83,-,93,62,0,0,0,0,9501,1635,99,0,17410,32739,-,-,-,0,105,300
1787762396.431,0,348,83,-,92,62,0,0,0,0,9501,1620,99,0,17410,32739,-,-,-,0,70,300
1787762397.505,0,348,83,-,94,62,0,0,0,0,9501,1590,99,0,17410,32739,-,-,-,0,48,307
1787762398.581,0,348,83,-,94,62,0,0,0,0,9501,1605,99,0,17410,32739,-,-,-,0,73,67
1787762399.658,0,348,83,-,92,61,0,0,0,0,9501,1620,100,0,17410,32739,-,-,-,0,90,26
1787762400.722,0,347,83,-,94,63,0,0,0,0,9501,1620,99,0,17410,32739,-,-,-,0,72,308
1787762401.797,0,347,83,-,94,63,0,0,0,0,9501,1620,99,0,17410,32739,-,-,-,0,65,42
1787762402.873,0,347,83,-,93,63,0,0,0,0,9501,1620,99,0,17410,32739,-,-,-,0,8171,782
1787762403.950,0,301,84,-,100,27,0,0,0,0,9501,1635,66,0,17410,32739,-,-,-,0,64,14
1787762405.013,0,334,84,-,83,22,0,0,0,0,9501,1755,91,0,17410,32739,-,-,-,0,155,30
1787762406.077,0,337,83,-,87,60,0,0,0,0,9501,1695,81,0,17410,32739,-,-,-,0,146,280
1787762407.153,0,341,83,-,84,54,0,0,0,0,9501,1725,100,0,17410,32739,-,-,-,0,187,330
1787762408.229,0,320,80,-,10,0,0,0,0,0,9501,1905,67,0,17410,32739,-,-,-,0,75,21
1787762409.303,0,321,84,-,94,25,0,0,0,0,9501,1695,80,0,17410,32739,-,-,-,0,44,44
1787762410.381,0,333,83,-,84,67,0,0,0,0,9501,1695,78,0,17410,32739,-,-,-,0,204,55
1787762411.457,0,341,83,-,83,59,0,0,0,0,9501,1725,77,0,17410,32739,-,-,-,0,192,104
1787762412.522,0,344,83,-,94,61,0,0,0,0,9501,1635,79,0,17410,32739,-,-,-,0,169,310
1787762413.599,0,346,83,-,81,64,0,0,0,0,9501,1755,65,0,17410,32739,-,-,-,0,200,34
1787762414.662,0,345,83,-,92,60,0,0,0,0,9501,1635,100,0,17410,32739,-,-,-,0,148,175
1787762415.738,0,348,83,-,94,60,0,0,0,0,9501,1605,83,0,17410,32739,-,-,-,0,87,27
1787762416.813,0,346,83,-,92,59,0,0,0,0,9501,1635,99,0,17410,32739,-,-,-,0,145,30
1787762417.878,0,346,83,-,82,56,0,0,0,0,9501,1740,95,0,17410,32739,-,-,-,0,67,302
1787762418.941,0,348,83,-,93,60,0,0,0,0,9501,1605,97,0,17410,32739,-,-,-,0,94,322
1787762420.007,0,347,83,-,90,59,0,0,0,0,9501,1635,99,0,17410,32739,-,-,-,0,104,307
1787762421.085,0,347,83,-,88,57,0,0,0,0,9501,1635,97,0,17410,32739,-,-,-,0,136,27
1787762422.096,#,gpu,pwr,gtemp,mtemp,sm,mem,enc,dec,jpg,ofa,mclk,pclk,pviol,tviol,fb,bar1,ccpm,sbecc,dbecc,pci,rxpci,txpci
1787762422.135,#,Idx,W,C,C,%,%,%,%,%,%,MHz,MHz,%,bool,MB,MB,MB,errs,errs,errs,MB/s,MB/s
1787762422.158,0,346,83,-,88,55,0,0,0,0,9501,1680,100,0,17410,32739,-,-,-,0,59,0
1787762423.236,0,309,83,-,99,26,0,0,0,0,9501,1650,69,0,17410,32739,-,-,-,0,59,18
1787762424.312,0,340,84,-,100,28,0,0,0,0,9501,1620,89,0,17410,32739,-,-,-,0,160,329
1787762425.388,0,340,83,-,92,61,0,0,0,0,9501,1635,57,0,17410,32739,-,-,-,0,196,125
1787762426.463,0,345,83,-,85,59,0,0,0,0,9501,1605,82,0,17410,32739,-,-,-,0,132,42
1787762427.541,0,341,82,-,86,58,0,0,0,0,9501,1710,75,0,17410,32739,-,-,-,0,164,67
1787762428.618,0,343,83,-,80,59,0,0,0,0,9501,1770,80,0,17410,32739,-,-,-,0,177,282
1787762429.693,0,317,83,-,100,28,0,0,0,0,9501,1620,98,0,17410,32739,-,-,-,0,46,28
1787762430.771,0,348,84,-,100,26,0,0,0,0,9501,1635,99,0,17412,32739,-,-,-,0,54,487
1787762431.837,0,341,83,-,100,25,0,0,0,0,9501,1650,86,0,17410,32739,-,-,-,0,373,24
1787762432.911,0,339,84,-,59,19,0,0,0,0,9501,1710,87,0,17410,32739,-,-,-,0,76,54
1787762433.991,0,335,83,-,74,54,0,0,0,0,9501,1650,52,0,17410,32739,-,-,-,0,177,68
1787762435.067,0,340,82,-,79,59,0,0,0,0,9501,1725,64,0,17410,32739,-,-,-,0,131,103
1787762436.145,0,343,83,-,86,57,0,0,0,0,9501,1725,96,0,17410,32739,-,-,-,0,190,113
1787762437.221,0,344,82,-,82,62,0,0,0,0,9501,1725,73,0,17410,32739,-,-,-,0,204,54
1787762438.297,0,342,82,-,83,61,0,0,0,0,9501,1665,55,0,17410,32739,-,-,-,0,203,173
1787762439.372,0,343,82,-,85,58,0,0,0,0,9501,1695,86,0,17410,32739,-,-,-,0,173,67
1787762440.445,0,342,83,-,85,61,0,0,0,0,9501,1710,56,0,17410,32739,-,-,-,0,193,107
1787762441.508,0,340,82,-,85,63,0,0,0,0,9501,1650,51,0,17410,32739,-,-,-,0,177,112
1787762442.584,0,341,82,-,90,70,0,0,0,0,9501,1725,72,0,17410,32739,-,-,-,0,177,171
1787762443.659,0,340,82,-,84,57,0,0,0,0,9501,1770,90,0,17410,32739,-,-,-,0,251,57
1787762444.735,0,347,83,-,92,61,0,0,0,0,9501,1590,95,0,17410,32739,-,-,-,0,47,323
1787762445.799,0,346,83,-,94,62,0,0,0,0,9501,1590,99,0,17410,32739,-,-,-,0,66,57
1787762446.876,0,346,83,-,93,62,0,0,0,0,9501,1620,99,0,17410,32739,-,-,-,0,62,303
1787762447.953,0,348,83,-,93,62,0,0,0,0,9501,1620,99,0,17410,32739,-,-,-,0,99,32
1787762449.022,0,346,83,-,93,62,0,0,0,0,9501,1605,99,0,17410,32739,-,-,-,0,52,307
1787762450.097,0,348,83,-,94,62,0,0,0,0,9501,1605,99,0,17410,32739,-,-,-,0,94,50
1787762451.162,0,301,78,-,32,1,0,0,0,0,9501,1905,100,0,17410,32739,-,-,-,0,51,18
1787762452.235,0,321,82,-,96,24,0,0,0,0,9501,1650,80,0,17410,32739,-,-,-,0,45,19
1787762453.309,0,340,83,-,88,57,0,0,0,0,9501,1695,79,0,17410,32739,-,-,-,0,134,30
1787762454.374,0,343,82,-,87,61,0,0,0,0,9501,1710,51,0,17410,32739,-,-,-,0,188,34
1787762455.442,0,341,82,-,82,56,0,0,0,0,9501,1650,64,0,17410,32739,-,-,-,0,179,216
1787762456.504,0,303,83,-,100,28,0,0,0,0,9501,1635,57,0,17410,32739,-,-,-,0,44,655
1787762457.568,0,348,84,-,100,25,0,0,0,0,9501,1635,99,0,17410,32739,-,-,-,0,40,29
1787762458.644,0,349,84,-,100,27,0,0,0,0,9501,1650,100,0,17410,32739,-,-,-,0,35,15
1787762459.720,0,348,84,-,100,24,0,0,0,0,9501,1635,93,0,17410,32739,-,-,-,0,122,24
1787762460.794,0,341,83,-,100,40,0,0,0,0,9501,1620,89,0,17410,32739,-,-,-,0,44,34
1787762461.857,0,334,83,-,88,55,0,0,0,0,9501,1725,65,0,17410,32739,-,-,-,0,209,124
1787762462.932,0,342,83,-,83,58,0,0,0,0,9501,1740,67,0,17410,32739,-,-,-,0,197,115
1787762463.994,0,339,83,-,89,70,0,0,0,0,9501,1725,80,0,17410,32739,-,-,-,0,185,165
1787762465.065,0,342,82,-,86,62,0,0,0,0,9501,1800,49,0,17410,32739,-,-,-,0,164,336
1787762466.131,0,347,83,-,93,61,0,0,0,0,9501,1635,100,0,17410,32739,-,-,-,0,217,107
1787762467.206,0,344,83,-,87,58,0,0,0,0,9501,1650,91,0,17410,32739,-,-,-,0,65,46
1787762468.282,0,347,83,-,93,61,0,0,0,0,9501,1650,96,0,17410,32739,-,-,-,0,179,58
1787762469.297,#,gpu,pwr,gtemp,mtemp,sm,mem,enc,dec,jpg,ofa,mclk,pclk,pviol,tviol,fb,bar1,ccpm,sbecc,dbecc,pci,rxpci,txpci
1787762469.297,#,Idx,W,C,C,%,%,%,%,%,%,MHz,MHz,%,bool,MB,MB,MB,errs,errs,errs,MB/s,MB/s
1787762469.360,0,346,82,-,91,60,0,0,0,0,9501,1770,90,0,17410,32739,-,-,-,0,140,295
1787762470.438,0,344,83,-,86,56,0,0,0,0,9501,1740,91,0,17410,32739,-,-,-,0,115,314
1787762471.513,0,346,82,-,91,59,0,0,0,0,9501,1665,93,0,17410,32739,-,-,-,0,170,23
1787762472.588,0,346,83,-,94,62,0,0,0,0,9501,1605,99,0,17410,32739,-,-,-,0,53,327
1787762473.664,0,346,82,-,91,61,0,0,0,0,9501,1650,100,0,17410,32739,-,-,-,0,115,356
1787762474.739,0,346,83,-,92,61,0,0,0,0,9501,1590,99,0,17410,32739,-,-,-,0,133,304
1787762475.802,0,346,83,-,93,62,0,0,0,0,9501,1605,99,0,17410,32739,-,-,-,0,106,37
1787762476.869,0,297,78,-,39,1,0,0,0,0,9501,1905,73,0,17410,32739,-,-,-,0,226,165
1787762477.933,0,311,83,-,87,54,0,0,0,0,9501,1635,64,0,17410,32739,-,-,-,0,176,62
1787762479.006,0,343,82,-,88,69,0,0,0,0,9501,1695,62,0,17410,32739,-,-,-,0,195,107
1787762480.070,0,342,83,-,85,62,0,0,0,0,9501,1800,57,0,17410,32739,-,-,-,0,47,20
1787762481.145,0,351,84,-,100,28,0,0,0,0,9501,1620,100,0,17410,32739,-,-,-,0,42,11
1787762482.221,0,348,84,-,99,25,0,0,0,0,9501,1650,95,0,17410,32739,-,-,-,0,74,16
1787762483.294,0,349,84,-,100,27,0,0,0,0,9501,1635,99,0,17410,32739,-,-,-,0,40,21
1787762484.368,0,348,84,-,99,26,0,0,0,0,9501,1590,93,0,17410,32739,-,-,-,0,80,17
1787762485.434,0,347,84,-,100,24,0,0,0,0,9501,1620,91,0,17410,32739,-,-,-,0,40,26
1787762486.512,0,350,84,-,100,26,0,0,0,0,9501,1635,99,0,17410,32739,-,-,-,0,46,29
1787762487.586,0,340,84,-,100,26,0,0,0,0,9501,1635,89,0,17410,32739,-,-,-,0,35,25
1787762488.660,0,333,83,-,87,59,0,0,0,0,9501,1650,100,0,17410,32739,-,-,-,0,179,310
1787762489.724,0,341,83,-,84,66,0,0,0,0,9501,1725,62,0,17410,32739,-,-,-,0,98,89
1787762490.800,0,340,82,-,82,61,0,0,0,0,9501,1725,68,0,17410,32739,-,-,-,0,103,66
1787762491.877,0,340,83,-,80,58,0,0,0,0,9501,1725,57,0,17410,32739,-,-,-,0,161,103
1787762492.954,0,342,82,-,81,60,0,0,0,0,9501,1635,44,0,17410,32739,-,-,-,0,179,161
1787762494.016,0,342,83,-,90,59,0,0,0,0,9501,1695,57,0,17410,32739,-,-,-,0,168,332
1787762495.093,0,347,83,-,93,63,0,0,0,0,9501,1605,75,0,17410,32739,-,-,-,0,104,301
1787762496.171,0,347,83,-,92,62,0,0,0,0,9501,1620,100,0,17410,32739,-,-,-,0,49,306
1787762497.242,0,347,83,-,93,63,0,0,0,0,9501,1605,99,0,17410,32739,-,-,-,0,128,299
1787762498.318,0,346,83,-,92,63,0,0,0,0,9501,1590,99,0,17410,32739,-,-,-,0,49,313
1787762499.392,0,348,83,-,93,63,0,0,0,0,9501,1620,99,0,17410,32739,-,-,-,0,105,296
1787762500.455,0,347,83,-,92,62,0,0,0,0,9501,1635,99,0,17410,32739,-,-,-,0,134,321
1787762501.533,0,348,83,-,94,64,0,0,0,0,9501,1605,99,0,17410,32739,-,-,-,0,97,51
1787762502.609,0,348,83,-,93,64,0,0,0,0,9501,1590,99,0,17410,32739,-,-,-,0,100,310
1787762503.683,0,347,83,-,92,62,0,0,0,0,9501,1605,100,0,17410,32739,-,-,-,0,49,303
1787762504.759,0,348,83,-,93,63,0,0,0,0,9501,1590,99,0,17410,32739,-,-,-,0,221,308
1787762505.832,0,275,81,-,82,54,0,0,0,0,9501,1755,53,0,17410,32739,-,-,-,0,151,63
1787762506.911,0,337,82,-,81,60,0,0,0,0,9501,1785,61,0,17410,32739,-,-,-,0,171,60
1787762507.986,0,340,83,-,85,53,0,0,0,0,9501,1605,64,0,17410,32739,-,-,-,0,101,320
1787762509.063,0,314,78,-,1,0,0,0,0,0,9501,1905,59,0,17410,32739,-,-,-,0,0,0
1787762510.137,0,168,76,-,1,0,0,0,0,0,9501,1920,0,0,17410,32739,-,-,-,0,4,0
1787762511.213,0,114,72,-,2,0,0,0,0,0,5001,300,0,0,17410,32739,-,-,-,0,0,1
1787762512.289,0,91,71,-,12,1,0,0,0,0,5001,240,56,0,17410,32739,-,-,-,0,44,22
1787762513.355,0,266,81,-,100,39,0,0,0,0,9501,1620,84,0,17410,32739,-,-,-,0,58,27
1787762514.428,0,329,81,-,84,57,0,0,0,0,9501,1650,63,0,17410,32739,-,-,-,0,118,166
1787762515.494,0,341,81,-,83,64,0,0,0,0,9501,1770,37,0,17410,32739,-,-,-,0,63,316
1787762516.507,#,gpu,pwr,gtemp,mtemp,sm,mem,enc,dec,jpg,ofa,mclk,pclk,pviol,tviol,fb,bar1,ccpm,sbecc,dbecc,pci,rxpci,txpci
1787762516.507,#,Idx,W,C,C,%,%,%,%,%,%,MHz,MHz,%,bool,MB,MB,MB,errs,errs,errs,MB/s,MB/s
1787762516.570,0,346,82,-,93,61,0,0,0,0,9501,1620,70,0,17410,32739,-,-,-,0,89,46
1787762517.648,0,347,82,-,92,63,0,0,0,0,9501,1620,100,0,17410,32739,-,-,-,0,177,265
1787762518.723,0,343,82,-,88,58,0,0,0,0,9501,1695,81,0,17410,32739,-,-,-,0,114,223
1787762519.799,0,343,82,-,94,60,0,0,0,0,9501,1635,76,0,17410,32739,-,-,-,0,267,34
1787762520.877,0,344,82,-,83,65,0,0,0,0,9501,1695,66,0,17410,32739,-,-,-,0,180,57
1787762521.953,0,346,82,-,91,59,0,0,0,0,9501,1695,89,0,17410,32739,-,-,-,0,106,21
1787762523.026,0,302,82,-,90,22,0,0,0,0,9501,1665,59,0,17410,32739,-,-,-,0,63,324
1787762524.101,0,343,81,-,86,23,0,0,0,0,9501,1875,94,0,17410,32739,-,-,-,0,159,115
1787762525.177,0,344,83,-,87,56,0,0,0,0,9501,1620,100,0,17410,32739,-,-,-,0,189,164
1787762526.255,0,346,83,-,87,58,0,0,0,0,9501,1605,64,0,17410,32739,-,-,-,0,197,128
1787762527.333,0,341,80,-,66,43,0,0,0,0,9501,1875,63,0,17410,32739,-,-,-,0,58,35
1787762528.396,0,311,83,-,99,26,0,0,0,0,9501,1635,68,0,17410,32739,-,-,-,0,50,15
1787762529.469,0,347,84,-,100,28,0,0,0,0,9501,1635,99,0,17410,32739,-,-,-,0,41,19
1787762530.542,0,344,84,-,99,26,0,0,0,0,9501,1500,87,0,17410,32739,-,-,-,0,61,14
1787762531.607,0,344,84,-,100,25,0,0,0,0,9501,1605,93,0,17410,32739,-,-,-,0,51,20
1787762532.683,0,345,84,-,82,20,0,0,0,0,9501,1650,100,0,17410,32739,-,-,-,0,43,14
1787762533.745,0,346,84,-,100,24,0,0,0,0,9501,1635,94,0,17410,32739,-,-,-,0,43,14
1787762534.808,0,339,85,-,100,26,0,0,0,0,9501,1635,85,0,17410,32739,-,-,-,0,261,117
1787762535.886,0,340,84,-,90,61,0,0,0,0,9501,1680,72,0,17410,32739,-,-,-,0,115,53
1787762536.952,0,340,83,-,86,60,0,0,0,0,9501,1740,75,0,17410,32739,-,-,-,0,167,314
1787762538.026,0,344,84,-,82,58,0,0,0,0,9501,1650,63,0,17410,32739,-,-,-,0,190,119
1787762539.099,0,344,84,-,83,64,0,0,0,0,9501,1725,44,0,17410,32739,-,-,-,0,175,333
1787762540.178,0,342,84,-,85,61,0,0,0,0,9501,1605,96,0,17410,32739,-,-,-,0,171,333
1787762541.239,0,347,83,-,88,56,0,0,0,0,9501,1650,76,0,17410,32739,-,-,-,0,152,146
1787762542.316,0,347,84,-,94,62,0,0,0,0,9501,1590,91,0,17410,32739,-,-,-,0,168,291
1787762543.395,0,344,84,-,92,62,0,0,0,0,9501,1620,95,0,17410,32739,-,-,-,0,106,31
1787762544.471,0,346,84,-,84,56,0,0,0,0,9501,1650,99,0,17410,32739,-,-,-,0,115,22
1787762545.542,0,348,84,-,94,62,0,0,0,0,9501,1635,97,0,17410,32739,-,-,-,0,87,31
1787762546.619,0,347,84,-,93,62,0,0,0,0,9501,1635,97,0,17410,32739,-,-,-,0,132,304
1787762547.694,0,347,84,-,92,61,0,0,0,0,9501,1635,100,0,17410,32739,-,-,-,0,75,280
1787762548.767,0,263,84,-,100,28,0,0,0,0,9501,1635,43,0,17410,32739,-,-,-,0,179,330
1787762549.832,0,336,83,-,79,52,0,0,0,0,9501,1695,68,0,17410,32739,-,-,-,0,175,181
1787762550.908,0,339,84,-,88,60,0,0,0,0,9501,1575,69,0,17410,32739,-,-,-,0,128,305
1787762551.981,0,341,84,-,81,60,0,0,0,0,9501,1755,69,0,17410,32739,-,-,-,0,94,309
1787762553.047,0,348,84,-,89,58,0,0,0,0,9501,1635,70,0,17410,32739,-,-,-,0,59,393
1787762554.121,0,322,85,-,100,28,0,0,0,0,9501,1620,73,0,17410,32739,-,-,-,0,54,44
1787762555.196,0,325,84,-,86,56,0,0,0,0,9501,1635,100,0,17410,32739,-,-,-,0,170,318
1787762556.267,0,344,83,-,84,59,0,0,0,0,9501,1710,77,0,17410,32739,-,-,-,0,211,52
1787762557.343,0,347,83,-,84,55,0,0,0,0,9501,1695,64,0,17410,32739,-,-,-,0,179,112
1787762558.405,0,345,83,-,82,57,0,0,0,0,9501,1695,78,0,17410,32739,-,-,-,0,117,99
1787762559.473,0,342,83,-,83,58,0,0,0,0,9501,1740,58,0,17410,32739,-,-,-,0,190,61
1787762560.538,0,345,83,-,93,61,0,0,0,0,9501,1680,60,0,17410,32739,-,-,-,0,162,320
1787762561.611,0,342,83,-,86,57,0,0,0,0,9501,1755,85,0,17410,32739,-,-,-,0,178,62
1787762562.688,0,344,84,-,93,61,0,0,0,0,9501,1635,100,0,17410,32739,-,-,-,0,87,299
1787762563.694,#,gpu,pwr,gtemp,mtemp,sm,mem,enc,dec,jpg,ofa,mclk,pclk,pviol,tviol,fb,bar1,ccpm,sbecc,dbecc,pci,rxpci,txpci
1787762563.694,#,Idx,W,C,C,%,%,%,%,%,%,MHz,MHz,%,bool,MB,MB,MB,errs,errs,errs,MB/s,MB/s
1787762563.757,0,343,83,-,85,55,0,0,0,0,9501,1635,91,0,17410,32739,-,-,-,0,151,274
1787762564.832,0,346,84,-,87,59,0,0,0,0,9501,1635,97,0,17410,32739,-,-,-,0,274,335
1787762565.907,0,345,83,-,87,60,0,0,0,0,9501,1665,97,0,17410,32739,-,-,-,0,96,319
1787762566.968,0,346,83,-,93,61,0,0,0,0,9501,1620,97,0,17410,32739,-,-,-,0,139,303
1787762568.044,0,347,83,-,94,61,0,0,0,0,9501,1620,99,0,17410,32739,-,-,-,0,59,303
1787762569.108,0,346,83,-,88,59,0,0,0,0,9501,1620,100,0,17410,32739,-,-,-,0,82,299
1787762570.184,0,348,84,-,93,61,0,0,0,0,9501,1590,100,0,17410,32739,-,-,-,0,182,64
1787762571.256,0,344,83,-,87,58,0,0,0,0,9501,1695,93,0,17410,32739,-,-,-,0,102,294
1787762572.331,0,347,84,-,88,58,0,0,0,0,9501,1620,97,0,17410,32739,-,-,-,0,42,308
1787762573.408,0,347,84,-,87,57,0,0,0,0,9501,1620,99,0,17410,32739,-,-,-,0,82,306
1787762574.472,0,347,83,-,94,61,0,0,0,0,9501,1620,99,0,17410,32739,-,-,-,0,54,304
1787762575.545,0,345,83,-,80,59,0,0,0,0,9501,1665,96,0,17410,32739,-,-,-,0,168,53
1787762576.619,0,339,83,-,80,60,0,0,0,0,9501,1680,57,0,17410,32739,-,-,-,0,189,223
1787762577.695,0,346,84,-,94,61,0,0,0,0,9501,1605,100,0,17410,32739,-,-,-,0,111,293
1787762578.759,0,346,83,-,93,62,0,0,0,0,9501,1620,99,0,17410,32739,-,-,-,0,72,36
1787762579.826,0,348,83,-,94,62,0,0,0,0,9501,1605,99,0,17410,32739,-,-,-,0,41,3
1787762580.903,0,302,84,-,100,27,0,0,0,0,9501,1635,64,0,17410,32739,-,-,-,0,101,35
1787762581.965,0,348,84,-,99,28,0,0,0,0,9501,1635,99,0,17410,32739,-,-,-,0,64,16
1787762583.026,0,333,83,-,85,57,0,0,0,0,9501,1725,67,0,17410,32739,-,-,-,0,97,170
1787762584.090,0,344,83,-,83,57,0,0,0,0,9501,1635,48,0,17410,32739,-,-,-,0,209,129
1787762585.153,0,345,83,-,88,60,0,0,0,0,9501,1695,99,0,17410,32739,-,-,-,0,202,63
1787762586.222,0,308,83,-,95,33,0,0,0,0,9501,1725,59,0,17410,32739,-,-,-,0,55,17
1787762587.287,0,351,84,-,100,27,0,0,0,0,9501,1620,98,0,17410,32739,-,-,-,0,50,18
1787762588.351,0,348,84,-,99,26,0,0,0,0,9501,1635,95,0,17410,32739,-,-,-,0,45,12
1787762589.416,0,348,84,-,100,26,0,0,0,0,9501,1620,99,0,17410,32739,-,-,-,0,174,8420
1787762590.491,0,328,84,-,57,16,0,0,0,0,9501,1830,75,0,17410,32739,-,-,-,0,64,51
1787762591.554,0,340,83,-,84,57,0,0,0,0,9501,1695,78,0,17410,32739,-,-,-,0,201,131
1787762592.627,0,345,83,-,79,57,0,0,0,0,9501,1755,39,0,17410,32739,-,-,-,0,109,24
1787762593.690,0,347,83,-,90,57,0,0,0,0,9501,1665,100,0,17410,32739,-,-,-,0,122,302
1787762594.766,0,347,83,-,91,60,0,0,0,0,9501,1635,99,0,17410,32739,-,-,-,0,108,31
1787762595.831,0,348,83,-,92,62,0,0,0,0,9501,1620,99,0,17410,32739,-,-,-,0,55,299
1787762596.893,0,348,83,-,93,60,0,0,0,0,9501,1605,99,0,17410,32739,-,-,-,0,109,52
1787762597.958,0,347,83,-,93,61,0,0,0,0,9501,1635,99,0,17410,32739,-,-,-,0,96,309
1787762599.021,0,348,83,-,92,60,0,0,0,0,9501,1635,99,0,17410,32739,-,-,-,0,63,310
1787762600.099,0,347,83,-,92,60,0,0,0,0,9501,1620,99,0,17410,32739,-,-,-,0,77,300
1787762601.178,0,348,83,-,92,61,0,0,0,0,9501,1635,100,0,17410,32739,-,-,-,0,150,293
1787762602.252,0,347,83,-,93,61,0,0,0,0,9501,1635,99,0,17410,32739,-,-,-,0,49,298
1787762603.330,0,348,83,-,92,61,0,0,0,0,9501,1620,99,0,17410,32739,-,-,-,0,80,302
1787762604.396,0,347,83,-,93,62,0,0,0,0,9501,1620,99,0,17410,32739,-,-,-,0,65,49
1787762605.465,0,349,84,-,93,61,0,0,0,0,9501,1590,99,0,17410,32739,-,-,-,0,108,312
1787762606.530,0,348,83,-,93,61,0,0,0,0,9501,1590,99,0,17410,32739,-,-,-,0,78,309
1787762607.595,0,347,83,-,92,61,0,0,0,0,9501,1605,99,0,17410,32739,-,-,-,0,119,25
1787762608.668,0,286,82,-,56,13,0,0,0,0,9501,1665,100,0,17410,32739,-,-,-,0,43,28
1787762609.732,0,334,83,-,88,60,0,0,0,0,9501,1680,73,0,17410,32739,-,-,-,0,174,53
1787762610.733,#,gpu,pwr,gtemp,mtemp,sm,mem,enc,dec,jpg,ofa,mclk,pclk,pviol,tviol,fb,bar1,ccpm,sbecc,dbecc,pci,rxpci,txpci
1787762610.733,#,Idx,W,C,C,%,%,%,%,%,%,MHz,MHz,%,bool,MB,MB,MB,errs,errs,errs,MB/s,MB/s
1787762610.795,0,343,83,-,79,63,0,0,0,0,9501,1755,63,0,17410,32739,-,-,-,0,195,226
1787762611.871,0,348,84,-,86,58,0,0,0,0,9501,1725,53,0,17410,32739,-,-,-,0,174,281
1787762612.946,0,347,83,-,85,54,0,0,0,0,9501,1605,64,0,17410,32739,-,-,-,0,190,27
1787762614.010,0,315,83,-,93,30,0,0,0,0,9501,1635,65,0,17410,32739,-,-,-,0,41,14
1787762615.083,0,339,83,-,83,55,0,0,0,0,9501,1755,75,0,17410,32739,-,-,-,0,191,226
1787762616.158,0,347,83,-,86,55,0,0,0,0,9501,1650,88,0,17410,32739,-,-,-,0,172,103
1787762617.234,0,347,84,-,91,58,0,0,0,0,9501,1650,81,0,17410,32739,-,-,-,0,51,303
1787762618.300,0,345,83,-,86,53,0,0,0,0,9501,1650,95,0,17410,32739,-,-,-,0,170,58
1787762619.366,0,346,83,-,93,61,0,0,0,0,9501,1635,87,0,17410,32739,-,-,-,0,55,309
1787762620.440,0,260,77,-,37,7,0,0,0,0,9501,1905,45,0,17410,32739,-,-,-,0,69,12
1787762621.503,0,326,83,-,100,25,0,0,0,0,9501,1620,84,0,17410,32739,-,-,-,0,180,60
1787762622.580,0,343,83,-,86,57,0,0,0,0,9501,1710,76,0,17410,32739,-,-,-,0,203,216
1787762623.651,0,345,83,-,85,64,0,0,0,0,9501,1740,100,0,17410,32739,-,-,-,0,156,56
1787762624.720,0,346,83,-,89,58,0,0,0,0,9501,1635,82,0,17410,32739,-,-,-,0,89,316
1787762625.783,0,344,83,-,85,60,0,0,0,0,9501,1740,93,0,17410,32739,-,-,-,0,148,69
1787762626.860,0,347,83,-,90,59,0,0,0,0,9501,1635,90,0,17410,32739,-,-,-,0,75,30
1787762627.932,0,343,83,-,85,57,0,0,0,0,9501,1665,97,0,17410,32739,-,-,-,0,143,95
1787762629.000,0,341,83,-,86,57,0,0,0,0,9501,1635,84,0,17410,32739,-,-,-,0,182,313
1787762630.065,0,346,83,-,93,61,0,0,0,0,9501,1620,94,0,17410,32739,-,-,-,0,56,324
1787762631.141,0,348,83,-,91,61,0,0,0,0,9501,1605,100,0,17410,32739,-,-,-,0,90,29
1787762632.218,0,303,83,-,100,27,0,0,0,0,9501,1635,69,0,17410,32739,-,-,-,0,68,20
1787762633.282,0,339,83,-,100,25,0,0,0,0,9501,1650,91,0,17410,32739,-,-,-,0,42,35
1787762634.347,0,342,83,-,89,60,0,0,0,0,9501,1695,69,0,17410,32739,-,-,-,0,121,154
1787762635.414,0,344,83,-,85,57,0,0,0,0,9501,1710,68,0,17410,32739,-,-,-,0,78,307
1787762636.479,0,345,82,-,82,67,0,0,0,0,9501,1635,77,0,17410,32739,-,-,-,0,118,322
1787762637.556,0,317,83,-,93,37,0,0,0,0,9501,1695,75,0,17410,32739,-,-,-,0,63,16
1787762638.620,0,344,84,-,99,24,0,0,0,0,9501,1620,93,0,17410,32739,-,-,-,0,41,15
1787762639.697,0,335,83,-,100,25,0,0,0,0,9501,1635,100,0,17410,32739,-,-,-,0,51,49
1787762640.761,0,338,83,-,84,62,0,0,0,0,9501,1710,65,0,17410,32739,-,-,-,0,114,301
1787762641.830,0,343,83,-,86,59,0,0,0,0,9501,1710,77,0,17410,32739,-,-,-,0,193,228
1787762642.908,0,344,83,-,80,60,0,0,0,0,9501,1695,48,0,17410,32739,-,-,-,0,201,326
1787762643.974,0,345,83,-,82,53,0,0,0,0,9501,1590,55,0,17410,32739,-,-,-,0,218,175
1787762645.052,0,343,83,-,85,59,0,0,0,0,9501,1755,57,0,17410,32739,-,-,-,0,199,154
1787762646.128,0,344,83,-,83,59,0,0,0,0,9501,1695,40,0,17410,32739,-,-,-,0,195,327
1787762647.195,0,341,83,-,83,60,0,0,0,0,9501,1755,95,0,17410,32739,-,-,-,0,108,59
1787762648.274,0,342,83,-,83,57,0,0,0,0,9501,1755,50,0,17410,32739,-,-,-,0,194,203
1787762649.348,0,341,83,-,76,54,0,0,0,0,9501,1815,63,0,17410,32739,-,-,-,0,126,110
1787762650.412,0,342,83,-,86,62,0,0,0,0,9501,1755,60,0,17410,32739,-,-,-,0,185,110
1787762651.475,0,341,83,-,83,59,0,0,0,0,9501,1755,65,0,17410,32739,-,-,-,0,182,161
1787762652.553,0,344,83,-,87,57,0,0,0,0,9501,1665,46,0,17410,32739,-,-,-,0,199,107
1787762653.618,0,344,83,-,86,62,0,0,0,0,9501,1680,63,0,17410,32739,-,-,-,0,181,30
1787762654.694,0,342,83,-,90,59,0,0,0,0,9501,1650,100,0,17410,32739,-,-,-,0,180,229
1787762655.771,0,342,83,-,86,56,0,0,0,0,9501,1590,65,0,17410,32739,-,-,-,0,142,100
1787762656.838,0,342,83,-,87,64,0,0,0,0,9501,1710,70,0,17410,32739,-,-,-,0,190,218
1787762657.839,#,gpu,pwr,gtemp,mtemp,sm,mem,enc,dec,jpg,ofa,mclk,pclk,pviol,tviol,fb,bar1,ccpm,sbecc,dbecc,pci,rxpci,txpci
1787762657.885,#,Idx,W,C,C,%,%,%,%,%,%,MHz,MHz,%,bool,MB,MB,MB,errs,errs,errs,MB/s,MB/s
1787762657.901,0,341,83,-,79,57,0,0,0,0,9501,1725,58,0,17410,32739,-,-,-,0,192,161
1787762658.976,0,343,83,-,80,60,0,0,0,0,9501,1770,35,0,17410,32739,-,-,-,0,178,37
1787762660.049,0,344,83,-,83,62,0,0,0,0,9501,1680,66,0,17410,32739,-,-,-,0,234,108
1787762661.129,0,346,83,-,79,56,0,0,0,0,9501,1665,64,0,17410,32739,-,-,-,0,184,167
1787762662.201,0,344,83,-,83,60,0,0,0,0,9501,1725,100,0,17410,32739,-,-,-,0,175,322
1787762663.266,0,345,83,-,83,52,0,0,0,0,9501,1605,43,0,17410,32739,-,-,-,0,182,57
1787762664.343,0,345,83,-,84,55,0,0,0,0,9501,1680,52,0,17410,32739,-,-,-,0,191,135
1787762665.408,0,347,83,-,86,60,0,0,0,0,9501,1665,69,0,17410,32739,-,-,-,0,184,67
1787762666.485,0,341,83,-,87,62,0,0,0,0,9501,1740,57,0,17410,32739,-,-,-,0,188,60
1787762667.562,0,344,83,-,85,59,0,0,0,0,9501,1710,62,0,17410,32739,-,-,-,0,203,62
1787762668.630,0,344,83,-,81,61,0,0,0,0,9501,1725,53,0,17410,32739,-,-,-,0,206,106
1787762669.704,0,345,83,-,84,65,0,0,0,0,9501,1680,85,0,17410,32739,-,-,-,0,153,298
1787762670.776,0,344,83,-,81,54,0,0,0,0,9501,1785,70,0,17410,32739,-,-,-,0,113,56
1787762671.841,0,345,83,-,84,54,0,0,0,0,9501,1755,69,0,17410,32739,-,-,-,0,187,54
1787762672.904,0,346,83,-,87,61,0,0,0,0,9501,1695,50,0,17410,32739,-,-,-,0,207,130
1787762673.980,0,344,83,-,92,68,0,0,0,0,9501,1680,60,0,17410,32739,-,-,-,0,90,301
1787762675.044,0,349,83,-,92,61,0,0,0,0,9501,1620,93,0,17410,32739,-,-,-,0,113,296
1787762676.122,0,347,83,-,92,61,0,0,0,0,9501,1620,99,0,17410,32739,-,-,-,0,283,308
1787762677.196,0,347,83,-,92,61,0,0,0,0,9501,1590,100,0,17410,32739,-,-,-,0,116,26
1787762678.271,0,347,83,-,92,61,0,0,0,0,9501,1620,99,0,17410,32739,-,-,-,0,101,26
1787762679.346,0,346,83,-,93,62,0,0,0,0,9501,1605,99,0,17410,32739,-,-,-,0,7,1
1787762680.420,0,290,83,-,99,35,0,0,0,0,9501,1695,59,0,17410,32739,-,-,-,0,43,15
1787762681.497,0,331,83,-,87,56,0,0,0,0,9501,1710,79,0,17410,32739,-,-,-,0,159,333
1787762682.571,0,344,83,-,87,57,0,0,0,0,9501,1695,66,0,17410,32739,-,-,-,0,159,160
1787762683.636,0,343,83,-,87,57,0,0,0,0,9501,1695,65,0,17410,32739,-,-,-,0,59,19
1787762684.714,0,324,82,-,74,41,0,0,0,0,9501,1710,96,0,17410,32739,-,-,-,0,194,129
1787762685.787,0,343,83,-,85,55,0,0,0,0,9501,1635,78,0,17410,32739,-,-,-,0,169,53
1787762686.855,0,347,83,-,94,60,0,0,0,0,9501,1620,93,0,17410,32739,-,-,-,0,199,22
1787762687.918,0,348,83,-,88,58,0,0,0,0,9501,1575,95,0,17410,32739,-,-,-,0,66,62
1787762688.989,0,347,83,-,89,57,0,0,0,0,9501,1680,99,0,17410,32739,-,-,-,0,53,312
1787762690.062,0,347,83,-,93,59,0,0,0,0,9501,1635,97,0,17410,32739,-,-,-,0,163,320
1787762691.140,0,346,83,-,93,60,0,0,0,0,9501,1620,99,0,17410,32739,-,-,-,0,97,11
1787762692.215,0,326,82,-,81,48,0,0,0,0,9501,1725,100,0,17410,32739,-,-,-,0,179,117
1787762693.291,0,342,83,-,87,58,0,0,0,0,9501,1725,73,0,17410,32739,-,-,-,0,195,205
1787762694.367,0,344,83,-,84,52,0,0,0,0,9501,1635,64,0,17410,32739,-,-,-,0,7,5763
1787762695.444,0,311,84,-,100,28,0,0,0,0,9501,1635,70,0,17410,32739,-,-,-,0,41,33
1787762696.520,0,344,84,-,76,29,0,0,0,0,9501,1755,97,0,17410,32739,-,-,-,0,817,10
1787762697.583,0,338,84,-,100,35,0,0,0,0,9501,1560,90,0,17410,32739,-,-,-,0,36,24
1787762698.659,0,339,83,-,85,57,0,0,0,0,9501,1725,100,0,17410,32739,-,-,-,0,125,314
1787762699.731,0,346,83,-,93,61,0,0,0,0,9501,1560,86,0,17410,32739,-,-,-,0,91,299
1787762700.805,0,348,83,-,93,60,0,0,0,0,9501,1620,99,0,17410,32739,-,-,-,0,78,299
1787762701.878,0,348,83,-,92,62,0,0,0,0,9501,1635,97,0,17410,32739,-,-,-,0,115,292
1787762702.948,0,348,83,-,94,61,0,0,0,0,9501,1620,99,0,17410,32739,-,-,-,0,43,1
1787762704.024,0,301,83,-,100,28,0,0,0,0,9501,1635,65,0,17410,32739,-,-,-,0,40,658
1787762705.034,#,gpu,pwr,gtemp,mtemp,sm,mem,enc,dec,jpg,ofa,mclk,pclk,pviol,tviol,fb,bar1,ccpm,sbecc,dbecc,pci,rxpci,txpci
1787762705.034,#,Idx,W,C,C,%,%,%,%,%,%,MHz,MHz,%,bool,MB,MB,MB,errs,errs,errs,MB/s,MB/s
1787762705.097,0,347,84,-,100,25,0,0,0,0,9501,1635,99,0,17410,32739,-,-,-,0,90,52
1787762706.170,0,332,83,-,81,60,0,0,0,0,9501,1680,99,0,17410,32739,-,-,-,0,188,268
1787762707.238,0,342,83,-,86,59,0,0,0,0,9501,1740,64,0,17410,32739,-,-,-,0,175,322
1787762708.309,0,341,83,-,84,57,0,0,0,0,9501,1650,61,0,17410,32739,-,-,-,0,203,49
1787762709.383,0,343,83,-,89,61,0,0,0,0,9501,1680,62,0,17410,32739,-,-,-,0,168,111
1787762710.459,0,282,78,-,1,0,0,0,0,0,9501,1905,51,0,17412,32739,-,-,-,0,0,2255
1787762711.532,0,241,82,-,100,24,0,0,0,0,9501,1650,37,0,17412,32739,-,-,-,0,38,13
1787762712.603,0,336,83,-,84,61,0,0,0,0,9501,1695,79,0,17412,32739,-,-,-,0,166,277
1787762713.668,0,347,83,-,84,55,0,0,0,0,9501,1665,78,0,17412,32739,-,-,-,0,121,212
1787762714.738,0,347,82,-,84,53,0,0,0,0,9501,1695,83,0,17412,32739,-,-,-,0,202,62
1787762715.811,0,347,83,-,91,59,0,0,0,0,9501,1590,94,0,17412,32739,-,-,-,0,68,302
1787762716.885,0,345,83,-,84,56,0,0,0,0,9501,1635,95,0,17412,32739,-,-,-,0,164,325
1787762717.959,0,347,83,-,93,60,0,0,0,0,9501,1620,86,0,17412,32739,-,-,-,0,193,72
1787762719.031,0,346,83,-,92,58,0,0,0,0,9501,1695,95,0,17412,32739,-,-,-,0,51,321
1787762720.110,0,348,83,-,94,60,0,0,0,0,9501,1620,99,0,17412,32739,-,-,-,0,10,74
1787762721.183,0,315,82,-,61,21,0,0,0,0,9501,1860,100,0,17412,32739,-,-,-,0,97,18
1787762722.253,0,333,83,-,86,61,0,0,0,0,9501,1815,70,0,17412,32739,-,-,-,0,118,310
1787762723.317,0,341,83,-,80,55,0,0,0,0,9501,1650,73,0,17412,32739,-,-,-,0,100,296
1787762724.389,0,342,83,-,87,56,0,0,0,0,9501,1680,80,0,17412,32739,-,-,-,0,126,59
1787762725.467,0,315,82,-,100,39,0,0,0,0,9501,1605,69,0,17412,32739,-,-,-,0,39,45
1787762726.539,0,344,83,-,99,26,0,0,0,0,9501,1590,91,0,17412,32739,-,-,-,0,34,18
1787762727.615,0,338,83,-,91,23,0,0,0,0,9501,1650,81,0,17412,32739,-,-,-,0,59,22
1787762728.682,0,348,83,-,100,27,0,0,0,0,9501,1740,100,0,17412,32739,-,-,-,0,54,17
1787762729.753,0,334,84,-,88,58,0,0,0,0,9501,1710,78,0,17412,32739,-,-,-,0,221,109
1787762730.826,0,343,83,-,87,63,0,0,0,0,9501,1725,71,0,17412,32739,-,-,-,0,182,279
1787762731.901,0,344,83,-,93,62,0,0,0,0,9501,1620,76,0,17412,32739,-,-,-,0,106,292
1787762732.971,0,348,83,-,94,62,0,0,0,0,9501,1605,99,0,17412,32739,-,-,-,0,109,316
1787762734.042,0,347,83,-,93,62,0,0,0,0,9501,1620,99,0,17412,32739,-,-,-,0,102,28
1787762735.119,0,348,83,-,94,63,0,0,0,0,9501,1635,99,0,17412,32739,-,-,-,0,108,306
1787762736.187,0,345,83,-,91,60,0,0,0,0,9501,1680,100,0,17412,32739,-,-,-,0,230,135
1787762737.260,0,289,81,-,25,1,0,0,0,0,9501,1785,65,0,17412,32739,-,-,-,0,129,11
1787762738.336,0,319,83,-,81,64,0,0,0,0,9501,1695,65,0,17412,32739,-,-,-,0,179,177
1787762739.403,0,344,83,-,89,64,0,0,0,0,9501,1710,68,0,17412,32739,-,-,-,0,166,61
1787762740.474,0,343,83,-,80,55,0,0,0,0,9501,1605,49,0,17412,32739,-,-,-,0,375,45
1787762741.543,0,319,82,-,71,24,0,0,0,0,9501,1665,71,0,17412,32739,-,-,-,0,39,15
1787762742.621,0,334,83,-,88,55,0,0,0,0,9501,1740,82,0,17412,32739,-,-,-,0,184,60
1787762743.694,0,345,83,-,83,65,0,0,0,0,9501,1665,95,0,17412,32739,-,-,-,0,119,57
1787762744.767,0,345,83,-,94,61,0,0,0,0,9501,1710,83,0,17412,32739,-,-,-,0,164,33
1787762745.840,0,347,83,-,94,59,0,0,0,0,9501,1635,85,0,17412,32739,-,-,-,0,70,114
1787762746.914,0,347,83,-,93,59,0,0,0,0,9501,1635,96,0,17412,32739,-,-,-,0,168,121
1787762747.987,0,341,83,-,91,58,0,0,0,0,9501,1710,84,0,17412,32739,-,-,-,0,163,33
1787762749.060,0,344,83,-,94,62,0,0,0,0,9501,1620,84,0,17412,32739,-,-,-,0,72,58
1787762750.128,0,346,83,-,85,62,0,0,0,0,9501,1725,77,0,17412,32739,-,-,-,0,174,329
1787762751.199,0,342,83,-,84,55,0,0,0,0,9501,1650,84,0,17412,32739,-,-,-,0,100,331
1787762752.214,#,gpu,pwr,gtemp,mtemp,sm,mem,enc,dec,jpg,ofa,mclk,pclk,pviol,tviol,fb,bar1,ccpm,sbecc,dbecc,pci,rxpci,txpci
1787762752.214,#,Idx,W,C,C,%,%,%,%,%,%,MHz,MHz,%,bool,MB,MB,MB,errs,errs,errs,MB/s,MB/s
1787762752.277,0,346,83,-,90,57,0,0,0,0,9501,1680,95,0,17412,32739,-,-,-,0,111,293
1787762753.347,0,345,83,-,93,60,0,0,0,0,9501,1650,93,0,17412,32739,-,-,-,0,95,311
1787762754.420,0,346,83,-,89,57,0,0,0,0,9501,1785,99,0,17412,32739,-,-,-,0,65,49
1787762755.494,0,346,83,-,94,61,0,0,0,0,9501,1620,93,0,17412,32739,-,-,-,0,175,40
1787762756.566,0,348,83,-,93,62,0,0,0,0,9501,1605,99,0,17412,32739,-,-,-,0,101,299
1787762757.636,0,318,79,-,1,0,0,0,0,0,9501,1905,85,0,17412,32739,-,-,-,0,61,23
1787762758.707,0,338,83,-,56,12,0,0,0,0,9501,1635,100,0,17412,32739,-,-,-,0,45,23
1787762759.776,0,329,83,-,84,56,0,0,0,0,9501,1710,74,0,17412,32739,-,-,-,0,141,121
1787762760.851,0,342,83,-,86,59,0,0,0,0,9501,1605,47,0,17412,32739,-,-,-,0,163,58
1787762761.922,0,345,83,-,83,54,0,0,0,0,9501,1740,67,0,17412,32739,-,-,-,0,117,45
1787762762.996,0,343,83,-,88,56,0,0,0,0,9501,1710,58,0,17412,32739,-,-,-,0,115,250
1787762764.067,0,271,77,-,1,0,0,0,0,0,9501,1905,39,0,17412,32739,-,-,-,0,0,0
1787762765.137,0,168,76,-,1,0,0,0,0,0,9501,1920,0,0,17412,32739,-,-,-,0,8,0
1787762766.204,0,93,71,-,4,0,0,0,0,0,5001,285,0,0,17412,32739,-,-,-,0,7,11
1787762767.279,0,90,71,-,4,0,0,0,0,0,5001,240,86,0,17412,32739,-,-,-,0,61,0
1787762768.354,0,90,70,-,3,0,0,0,0,0,5001,240,99,0,17412,32739,-,-,-,0,3,2
1787762769.426,0,89,69,-,4,0,0,0,0,0,5001,240,99,0,17412,32739,-,-,-,0,3,0
1787762770.503,0,60,67,-,5,1,0,0,0,0,810,210,33,0,17412,32739,-,-,-,0,8,0
1787762771.570,0,42,67,-,4,1,0,0,0,0,810,210,0,0,17412,32739,-,-,-,0,4,0
1787762772.643,0,37,66,-,5,2,0,0,0,0,405,210,0,0,17412,32739,-,-,-,0,8,0
1787762773.715,0,35,65,-,6,2,0,0,0,0,405,210,0,0,17412,32739,-,-,-,0,0,1
1787762774.787,0,34,65,-,7,2,0,0,0,0,405,210,0,0,17412,32739,-,-,-,0,11,0
1787762775.857,0,33,65,-,5,2,0,0,0,0,405,210,0,0,17415,32739,-,-,-,0,4,4785
1787762776.927,0,140,76,-,93,34,0,0,0,0,9501,1680,44,0,17412,32739,-,-,-,0,741,16
1787762778.002,0,349,79,-,100,27,0,0,0,0,9501,1650,98,0,17412,32739,-,-,-,0,54,42
1787762779.076,0,344,80,-,99,27,0,0,0,0,9501,1650,91,0,17412,32739,-,-,-,0,35,13
1787762780.146,0,333,78,-,65,23,0,0,0,0,9501,1830,89,0,17412,32739,-,-,-,0,186,103
1787762781.219,0,334,80,-,82,55,0,0,0,0,9501,1710,62,0,17412,32739,-,-,-,0,212,191
1787762782.290,0,339,80,-,79,62,0,0,0,0,9501,1740,37,0,17412,32739,-,-,-,0,219,225
1787762783.367,0,339,80,-,78,55,0,0,0,0,9501,1755,8,0,17412,32739,-,-,-,0,185,60
1787762784.441,0,339,80,-,78,56,0,0,0,0,9501,1710,19,0,17412,32739,-,-,-,0,154,37
1787762785.516,0,344,81,-,94,63,0,0,0,0,9501,1620,60,0,17412,32739,-,-,-,0,180,336
1787762786.579,0,339,81,-,80,63,0,0,0,0,9501,1680,69,0,17412,32739,-,-,-,0,175,53
1787762787.652,0,342,81,-,84,59,0,0,0,0,9501,1755,46,0,17412,32739,-,-,-,0,188,30
1787762788.717,0,345,82,-,90,60,0,0,0,0,9501,1740,76,0,17412,32739,-,-,-,0,192,311
1787762789.780,0,343,82,-,82,66,0,0,0,0,9501,1665,53,0,17412,32739,-,-,-,0,200,112
1787762790.854,0,345,82,-,86,58,0,0,0,0,9501,1650,37,0,17412,32739,-,-,-,0,93,154
1787762791.926,0,343,83,-,85,60,0,0,0,0,9501,1740,47,0,17412,32739,-,-,-,0,171,298
1787762792.992,0,343,82,-,85,64,0,0,0,0,9501,1740,57,0,17412,32739,-,-,-,0,187,55
1787762794.068,0,342,83,-,79,62,0,0,0,0,9501,1770,28,0,17412,32739,-,-,-,0,112,139
1787762795.140,0,344,83,-,84,61,0,0,0,0,9501,1800,20,0,17412,32739,-,-,-,0,172,279
1787762796.215,0,345,83,-,81,60,0,0,0,0,9501,1695,74,0,17412,32739,-,-,-,0,165,328
1787762797.287,0,340,83,-,86,55,0,0,0,0,9501,1740,51,0,17412,32739,-,-,-,0,334,94
1787762798.363,0,343,83,-,80,62,0,0,0,0,9501,1710,36,0,17412,32739,-,-,-,0,193,116
1787762799.364,#,gpu,pwr,gtemp,mtemp,sm,mem,enc,dec,jpg,ofa,mclk,pclk,pviol,tviol,fb,bar1,ccpm,sbecc,dbecc,pci,rxpci,txpci
1787762799.364,#,Idx,W,C,C,%,%,%,%,%,%,MHz,MHz,%,bool,MB,MB,MB,errs,errs,errs,MB/s,MB/s
1787762799.427,0,340,83,-,85,62,0,0,0,0,9501,1725,59,0,17412,32739,-,-,-,0,207,203
1787762800.500,0,339,83,-,80,58,0,0,0,0,9501,1680,63,0,17412,32739,-,-,-,0,145,220
1787762801.571,0,340,84,-,85,56,0,0,0,0,9501,1740,58,0,17412,32739,-,-,-,0,158,123
1787762802.643,0,336,83,-,80,57,0,0,0,0,9501,1710,62,0,17415,32739,-,-,-,0,77,326
1787762803.717,0,347,84,-,93,61,0,0,0,0,9501,1635,100,0,17415,32739,-,-,-,0,105,302
1787762804.793,0,346,84,-,93,62,0,0,0,0,9501,1635,99,0,17415,32739,-,-,-,0,108,29
1787762805.870,0,345,84,-,90,62,0,0,0,0,9501,1770,97,0,17415,32739,-,-,-,0,180,346
1787762806.945,0,346,84,-,92,61,0,0,0,0,9501,1620,86,0,17415,32739,-,-,-,0,88,312
1787762808.019,0,346,84,-,94,63,0,0,0,0,9501,1620,99,0,17415,32739,-,-,-,0,136,301
1787762809.090,0,347,85,-,91,61,0,0,0,0,9501,1605,99,0,17415,32739,-,-,-,0,111,298
1787762810.165,0,346,84,-,94,62,0,0,0,0,9501,1605,100,0,17415,32739,-,-,-,0,122,27
1787762811.238,0,347,84,-,93,62,0,0,0,0,9501,1605,99,0,17415,32739,-,-,-,0,76,44
1787762812.310,0,288,81,-,27,1,0,0,0,0,9501,1635,67,0,17415,32739,-,-,-,0,124,16
1787762813.384,0,323,85,-,100,25,0,0,0,0,9501,1635,84,0,17415,32739,-,-,-,0,185,114
1787762814.454,0,339,85,-,85,57,0,0,0,0,9501,1680,73,0,17415,32739,-,-,-,0,167,326
1787762815.524,0,346,84,-,86,55,0,0,0,0,9501,1695,74,0,17415,32739,-,-,-,0,201,144
1787762816.601,0,342,84,-,83,56,0,0,0,0,9501,1755,63,0,17415,32739,-,-,-,0,1,2
1787762817.678,0,186,78,-,1,0,0,0,0,0,9501,1920,21,0,17415,32739,-,-,-,0,8,0
1787762818.755,0,155,74,-,2,0,0,0,0,0,5001,390,0,0,17415,32739,-,-,-,0,8,2
1787762819.826,0,93,73,-,3,0,0,0,0,0,5001,255,0,0,17415,32739,-,-,-,0,0,0
1787762820.903,0,90,72,-,4,0,0,0,0,0,5001,240,92,0,17415,32739,-,-,-,0,8,1
1787762821.976,0,90,71,-,3,0,0,0,0,0,5001,240,99,0,17415,32739,-,-,-,0,0,0
1787762823.048,0,89,70,-,4,0,0,0,0,0,5001,240,100,0,17415,32739,-,-,-,0,8,0
1787762824.113,0,55,68,-,3,1,0,0,0,0,810,210,13,0,17415,32739,-,-,-,0,0,1
1787762825.188,0,38,67,-,3,1,0,0,0,0,405,210,0,0,17415,32739,-,-,-,0,7,0
1787762826.265,0,34,66,-,6,2,0,0,0,0,405,210,0,0,17415,32739,-,-,-,0,4,20
1787762827.340,0,34,66,-,5,2,0,0,0,0,405,210,0,0,17415,32739,-,-,-,0,0,0
1787762828.415,0,33,65,-,3,1,0,0,0,0,405,210,0,0,17415,32739,-,-,-,0,8,0
1787762829.489,0,33,65,-,5,2,0,0,0,0,405,210,0,0,17415,32739,-,-,-,0,0,1
1787762830.555,0,64,74,-,100,45,0,0,0,0,9501,1680,18,0,17415,32739,-,-,-,0,92,28
1787762831.627,0,327,79,-,100,28,0,0,0,0,9501,1830,74,0,17415,32739,-,-,-,0,181,61
1787762832.705,0,342,79,-,83,59,0,0,0,0,9501,1725,44,0,17415,32739,-,-,-,0,182,190
1787762833.779,0,342,80,-,82,60,0,0,0,0,9501,1710,42,0,17415,32739,-,-,-,0,197,211
1787762834.853,0,343,80,-,93,62,0,0,0,0,9501,1650,76,0,17415,32739,-,-,-,0,84,341
1787762835.929,0,343,80,-,93,60,0,0,0,0,9501,1620,91,0,17415,32739,-,-,-,0,111,311
1787762837.003,0,341,80,-,88,58,0,0,0,0,9501,1725,69,0,17415,32739,-,-,-,0,103,299
1787762838.079,0,344,81,-,93,59,0,0,0,0,9501,1650,93,0,17415,32739,-,-,-,0,69,309
1787762839.154,0,344,81,-,92,61,0,0,0,0,9501,1710,97,0,17415,32739,-,-,-,0,177,305
1787762840.229,0,343,81,-,91,60,0,0,0,0,9501,1740,100,0,17415,32739,-,-,-,0,170,324
1787762841.301,0,344,82,-,89,59,0,0,0,0,9501,1695,94,0,17415,32739,-,-,-,0,207,177
1787762842.376,0,346,82,-,92,68,0,0,0,0,9501,1665,25,0,17415,32739,-,-,-,0,203,141
1787762843.448,0,345,82,-,86,58,0,0,0,0,9501,1710,50,0,17415,32739,-,-,-,0,168,331
1787762844.517,0,342,82,-,84,53,0,0,0,0,9501,1740,55,0,17415,32739,-,-,-,0,96,315
1787762845.589,0,345,82,-,93,61,0,0,0,0,9501,1620,76,0,17415,32739,-,-,-,0,69,50
1787762846.600,#,gpu,pwr,gtemp,mtemp,sm,mem,enc,dec,jpg,ofa,mclk,pclk,pviol,tviol,fb,bar1,ccpm,sbecc,dbecc,pci,rxpci,txpci
1787762846.600,#,Idx,W,C,C,%,%,%,%,%,%,MHz,MHz,%,bool,MB,MB,MB,errs,errs,errs,MB/s,MB/s
1787762846.662,0,345,83,-,88,57,0,0,0,0,9501,1620,100,0,17415,32739,-,-,-,0,88,42
1787762847.735,0,346,83,-,93,61,0,0,0,0,9501,1620,98,0,17412,32739,-,-,-,0,175,314
1787762848.812,0,346,83,-,93,61,0,0,0,0,9501,1590,97,0,17412,32739,-,-,-,0,89,37
1787762849.885,0,344,84,-,92,61,0,0,0,0,9501,1605,99,0,17412,32739,-,-,-,0,102,323
1787762850.960,0,328,81,-,12,7,0,0,0,0,9501,1875,95,0,17412,32739,-,-,-,0,451,8533
1787762852.029,0,307,85,-,100,28,0,0,0,0,9501,1635,76,0,17412,32739,-,-,-,0,39,29
1787762853.102,0,337,85,-,100,28,0,0,0,0,9501,1635,87,0,17412,32739,-,-,-,0,173,323
1787762854.168,0,343,84,-,83,62,0,0,0,0,9501,1710,100,0,17412,32739,-,-,-,0,133,111
1787762855.240,0,340,84,-,79,62,0,0,0,0,9501,1695,60,0,17412,32739,-,-,-,0,117,50
1787762856.311,0,339,84,-,78,59,0,0,0,0,9501,1755,61,0,17412,32739,-,-,-,0,99,82
1787762857.384,0,307,84,-,98,25,0,0,0,0,9501,1650,52,0,17412,32739,-,-,-,0,212,706
1787762858.457,0,347,85,-,100,28,0,0,0,0,9501,1620,99,0,17412,32739,-,-,-,0,45,11
1787762859.533,0,345,85,-,93,33,0,0,0,0,9501,1680,96,0,17412,32739,-,-,-,0,63,32
1787762860.607,0,328,85,-,88,56,0,0,0,0,9501,1695,73,0,17412,32739,-,-,-,0,101,23
1787762861.677,0,346,85,-,94,61,0,0,0,0,9501,1575,100,0,17412,32739,-,-,-,0,132,314
1787762862.740,0,344,85,-,93,61,0,0,0,0,9501,1605,99,0,17412,32739,-,-,-,0,101,310
1787762863.805,0,345,85,-,93,61,0,0,0,0,9501,1605,99,0,17412,32739,-,-,-,0,118,341
1787762864.878,0,347,85,-,94,61,0,0,0,0,9501,1605,99,0,17412,32739,-,-,-,0,85,304
1787762865.950,0,345,85,-,88,59,0,0,0,0,9501,1620,99,0,17412,32739,-,-,-,0,54,302
1787762867.024,0,310,81,-,13,0,0,0,0,0,9501,1905,81,0,17412,32739,-,-,-,0,47,29
1787762868.093,0,308,85,-,100,26,0,0,0,0,9501,1620,76,0,17412,32739,-,-,-,0,165,113
1787762869.167,0,338,85,-,79,51,0,0,0,0,9501,1725,100,0,17412,32739,-,-,-,0,161,338
1787762870.240,0,339,85,-,79,61,0,0,0,0,9501,1755,73,0,17412,32739,-,-,-,0,124,151
1787762871.316,0,342,85,-,91,71,0,0,0,0,9501,1665,56,0,17412,32739,-,-,-,0,219,112
1787762872.389,0,341,84,-,88,61,0,0,0,0,9501,1725,69,0,17412,32739,-,-,-,0,58,54
1787762873.461,0,305,82,-,89,21,0,0,0,0,9501,1635,58,0,17412,32739,-,-,-,0,9,7089
1787762874.537,0,335,84,-,86,57,0,0,0,0,9501,1695,71,0,17412,32739,-,-,-,0,198,110
1787762875.606,0,341,84,-,82,56,0,0,0,0,9501,1740,55,0,17412,32739,-,-,-,0,161,112
1787762876.679,0,344,84,-,83,51,0,0,0,0,9501,1620,92,0,17412,32739,-,-,-,0,175,174
1787762877.754,0,340,84,-,86,58,0,0,0,0,9501,1725,89,0,17412,32739,-,-,-,0,164,29
1787762878.827,0,344,84,-,92,60,0,0,0,0,9501,1635,82,0,17412,32739,-,-,-,0,104,293
1787762879.892,0,344,84,-,82,56,0,0,0,0,9501,1695,97,0,17412,32739,-,-,-,0,97,123
1787762880.965,0,345,84,-,82,55,0,0,0,0,9501,1695,93,0,17412,32739,-,-,-,0,100,314
1787762882.037,0,308,80,-,1,0,0,0,0,0,9501,1905,77,0,17412,32739,-,-,-,0,0,1
1787762883.112,0,207,82,-,100,27,0,0,0,0,9501,1635,16,0,17412,32739,-,-,-,0,45,15
1787762884.183,0,334,85,-,100,27,0,0,0,0,9501,1620,100,0,17412,32739,-,-,-,0,12,7351
1787762885.255,0,338,84,-,83,56,0,0,0,0,9501,1725,55,0,17412,32739,-,-,-,0,66,63
1787762886.331,0,343,84,-,86,56,0,0,0,0,9501,1695,60,0,17412,32739,-,-,-,0,69,299
1787762887.407,0,347,84,-,86,58,0,0,0,0,9501,1695,91,0,17412,32739,-,-,-,0,300,333
1787762888.478,0,345,84,-,88,61,0,0,0,0,9501,1710,70,0,17412,32739,-,-,-,0,164,135
1787762889.541,0,343,84,-,82,57,0,0,0,0,9501,1680,81,0,17412,32739,-,-,-,0,162,162
1787762890.611,0,342,84,-,86,57,0,0,0,0,9501,1710,58,0,17412,32739,-,-,-,0,123,166
1787762891.685,0,346,84,-,94,62,0,0,0,0,9501,1590,100,0,17412,32739,-,-,-,0,141,23
1787762892.756,0,345,83,-,84,55,0,0,0,0,9501,1620,96,0,17412,32739,-,-,-,0,191,73
1787762893.769,#,gpu,pwr,gtemp,mtemp,sm,mem,enc,dec,jpg,ofa,mclk,pclk,pviol,tviol,fb,bar1,ccpm,sbecc,dbecc,pci,rxpci,txpci
1787762893.808,#,Idx,W,C,C,%,%,%,%,%,%,MHz,MHz,%,bool,MB,MB,MB,errs,errs,errs,MB/s,MB/s
1787762893.833,0,340,84,-,84,52,0,0,0,0,9501,1605,75,0,17412,32739,-,-,-,0,214,335
1787762894.905,0,339,83,-,86,57,0,0,0,0,9501,1710,81,0,17412,32739,-,-,-,0,45,57
1787762895.979,0,342,83,-,86,58,0,0,0,0,9501,1695,80,0,17412,32739,-,-,-,0,173,165
1787762897.050,0,346,83,-,84,60,0,0,0,0,9501,1725,82,0,17412,32739,-,-,-,0,69,304
1787762898.120,0,344,84,-,86,61,0,0,0,0,9501,1755,85,0,17412,32739,-,-,-,0,168,167
1787762899.190,0,343,83,-,87,72,0,0,0,0,9501,1650,86,0,17412,32739,-,-,-,0,185,53
1787762900.259,0,343,84,-,87,65,0,0,0,0,9501,1650,76,0,17412,32739,-,-,-,0,103,301
1787762901.330,0,342,83,-,88,63,0,0,0,0,9501,1710,78,0,17412,32739,-,-,-,0,141,37
1787762902.406,0,340,83,-,85,61,0,0,0,0,9501,1725,69,0,17412,32739,-,-,-,0,192,180
1787762903.481,0,340,83,-,85,56,0,0,0,0,9501,1710,69,0,17412,32739,-,-,-,0,167,167
1787762904.555,0,346,84,-,94,63,0,0,0,0,9501,1620,86,0,17412,32739,-,-,-,0,125,326
1787762905.626,0,346,83,-,87,57,0,0,0,0,9501,1695,99,0,17412,32739,-,-,-,0,85,33
1787762906.701,0,348,84,-,93,61,0,0,0,0,9501,1605,100,0,17412,32739,-,-,-,0,112,30
1787762907.772,0,304,84,-,99,27,0,0,0,0,9501,1650,70,0,17412,32739,-,-,-,0,63,19
1787762908.850,0,349,85,-,100,27,0,0,0,0,9501,1620,99,0,17412,32739,-,-,-,0,74,33
1787762909.922,0,337,85,-,69,17,0,0,0,0,9501,1755,91,0,17412,32739,-,-,-,0,196,169
1787762910.995,0,339,84,-,88,59,0,0,0,0,9501,1710,70,0,17412,32739,-,-,-,0,192,101
1787762912.072,0,346,84,-,87,58,0,0,0,0,9501,1605,61,0,17412,32739,-,-,-,0,143,93
1787762913.143,0,345,84,-,82,53,0,0,0,0,9501,1650,62,0,17412,32739,-,-,-,0,215,102
1787762914.210,0,307,84,-,99,29,0,0,0,0,9501,1680,100,0,17412,32739,-,-,-,0,5,7195
1787762915.278,0,336,84,-,100,28,0,0,0,0,9501,1635,83,0,17412,32739,-,-,-,0,193,110
1787762916.354,0,342,84,-,94,61,0,0,0,0,9501,1590,71,0,17412,32739,-,-,-,0,198,280
1787762917.427,0,343,83,-,88,59,0,0,0,0,9501,1680,78,0,17412,32739,-,-,-,0,175,42
1787762918.501,0,346,84,-,84,55,0,0,0,0,9501,1620,79,0,17412,32739,-,-,-,0,118,311
1787762919.572,0,346,83,-,87,56,0,0,0,0,9501,1620,90,0,17412,32739,-,-,-,0,112,292
1787762920.647,0,348,83,-,92,58,0,0,0,0,9501,1650,97,0,17412,32739,-,-,-,0,77,298
1787762921.722,0,348,84,-,93,60,0,0,0,0,9501,1620,100,0,17412,32739,-,-,-,0,52,315
1787762922.797,0,346,83,-,87,57,0,0,0,0,9501,1635,97,0,17412,32739,-,-,-,0,163,330
1787762923.869,0,346,84,-,93,62,0,0,0,0,9501,1620,99,0,17412,32739,-,-,-,0,89,313
1787762924.938,0,345,83,-,84,54,0,0,0,0,9501,1710,99,0,17412,32739,-,-,-,0,92,50
1787762926.014,0,348,83,-,92,59,0,0,0,0,9501,1635,99,0,17412,32739,-,-,-,0,125,58
1787762927.087,0,311,80,-,80,19,0,0,0,0,9501,1635,71,0,17412,32739,-,-,-,0,54,18
1787762928.162,0,346,84,-,92,35,0,0,0,0,9501,1680,99,0,17412,32739,-,-,-,0,188,58
1787762929.237,0,335,84,-,88,58,0,0,0,0,9501,1695,100,0,17412,32739,-,-,-,0,176,131
1787762930.311,0,343,83,-,85,58,0,0,0,0,9501,1725,78,0,17412,32739,-,-,-,0,111,59
1787762931.385,0,343,83,-,84,55,0,0,0,0,9501,1695,79,0,17412,32739,-,-,-,0,368,31
1787762932.455,0,317,84,-,100,28,0,0,0,0,9501,1620,74,0,17412,32739,-,-,-,0,147,25
1787762933.532,0,348,84,-,100,25,0,0,0,0,9501,1635,99,0,17412,32739,-,-,-,0,41,15
1787762934.603,0,340,81,-,78,18,0,0,0,0,9501,1635,88,0,17412,32739,-,-,-,0,51,20
1787762935.669,0,335,83,-,86,62,0,0,0,0,9501,1725,100,0,17412,32739,-,-,-,0,185,90
1787762936.740,0,340,83,-,85,58,0,0,0,0,9501,1650,70,0,17412,32739,-,-,-,0,109,307
1787762937.813,0,348,84,-,89,59,0,0,0,0,9501,1620,82,0,17412,32739,-,-,-,0,187,108
1787762938.888,0,342,83,-,84,55,0,0,0,0,9501,1680,81,0,17412,32739,-,-,-,0,190,59
1787762939.963,0,340,83,-,78,53,0,0,0,0,9501,1725,73,0,17412,32739,-,-,-,0,167,329
1787762940.978,#,gpu,pwr,gtemp,mtemp,sm,mem,enc,dec,jpg,ofa,mclk,pclk,pviol,tviol,fb,bar1,ccpm,sbecc,dbecc,pci,rxpci,txpci
1787762940.978,#,Idx,W,C,C,%,%,%,%,%,%,MHz,MHz,%,bool,MB,MB,MB,errs,errs,errs,MB/s,MB/s
1787762941.039,0,345,84,-,87,58,0,0,0,0,9501,1650,62,0,17412,32739,-,-,-,0,100,57
1787762942.110,0,346,84,-,84,55,0,0,0,0,9501,1740,75,0,17412,32739,-,-,-,0,172,307
1787762943.185,0,345,83,-,87,56,0,0,0,0,9501,1710,98,0,17412,32739,-,-,-,0,171,28
1787762944.257,0,347,83,-,82,52,0,0,0,0,9501,1680,67,0,17412,32739,-,-,-,0,150,56
1787762945.335,0,344,84,-,83,62,0,0,0,0,9501,1710,70,0,17412,32739,-,-,-,0,194,114
1787762946.410,0,348,84,-,94,62,0,0,0,0,9501,1605,65,0,17412,32739,-,-,-,0,188,277
1787762947.473,0,344,83,-,86,56,0,0,0,0,9501,1710,85,0,17412,32739,-,-,-,0,225,217
1787762948.550,0,345,83,-,89,58,0,0,0,0,9501,1680,84,0,17412,32739,-,-,-,0,177,161
1787762949.625,0,345,84,-,89,57,0,0,0,0,9501,1725,73,0,17412,32739,-,-,-,0,183,52
1787762950.701,0,346,84,-,85,58,0,0,0,0,9501,1680,91,0,17412,32739,-,-,-,0,191,49
1787762951.773,0,348,84,-,93,61,0,0,0,0,9501,1620,76,0,17412,32739,-,-,-,0,161,224
1787762952.838,0,344,84,-,85,56,0,0,0,0,9501,1680,86,0,17412,32739,-,-,-,0,87,309
1787762953.915,0,346,84,-,87,57,0,0,0,0,9501,1710,84,0,17412,32739,-,-,-,0,190,54
1787762954.993,0,346,84,-,90,61,0,0,0,0,9501,1665,59,0,17412,32739,-,-,-,0,112,309
1787762956.070,0,347,84,-,92,62,0,0,0,0,9501,1620,95,0,17412,32739,-,-,-,0,174,88
1787762957.134,0,347,83,-,86,61,0,0,0,0,9501,1710,93,0,17412,32739,-,-,-,0,109,29
1787762958.209,0,347,83,-,86,58,0,0,0,0,9501,1575,100,0,17412,32739,-,-,-,0,181,322
1787762959.286,0,342,83,-,81,61,0,0,0,0,9501,1785,89,0,17412,32739,-,-,-,0,193,101
1787762960.352,0,343,83,-,88,56,0,0,0,0,9501,1695,83,0,17412,32739,-,-,-,0,181,56
1787762961.415,0,342,83,-,89,57,0,0,0,0,9501,1710,88,0,17412,32739,-,-,-,0,77,29
1787762962.476,0,345,84,-,92,61,0,0,0,0,9501,1620,84,0,17412,32739,-,-,-,0,186,165
1787762963.552,0,346,83,-,83,59,0,0,0,0,9501,1725,89,0,17412,32739,-,-,-,0,218,55
1787762964.627,0,343,83,-,87,62,0,0,0,0,9501,1695,79,0,17412,32739,-,-,-,0,77,302
1787762965.690,0,348,83,-,93,61,0,0,0,0,9501,1620,100,0,17412,32739,-,-,-,0,64,36
1787762966.768,0,348,84,-,93,60,0,0,0,0,9501,1620,99,0,17412,32739,-,-,-,0,85,312
1787762967.840,0,347,84,-,91,57,0,0,0,0,9501,1695,99,0,17412,32739,-,-,-,0,114,19
1787762968.903,0,347,83,-,93,61,0,0,0,0,9501,1620,99,0,17412,32739,-,-,-,0,79,299
1787762969.978,0,348,84,-,94,61,0,0,0,0,9501,1620,99,0,17412,32739,-,-,-,0,143,119
1787762971.042,0,348,84,-,92,60,0,0,0,0,9501,1605,99,0,17412,32739,-,-,-,0,45,304
1787762972.105,0,348,84,-,93,61,0,0,0,0,9501,1620,99,0,17412,32739,-,-,-,0,36,1
1787762973.171,0,290,84,-,100,27,0,0,0,0,9501,1620,100,0,17412,32739,-,-,-,0,51,20
1787762974.247,0,331,83,-,60,22,0,0,0,0,9501,1710,89,0,17412,32739,-,-,-,0,185,51
1787762975.321,0,335,83,-,86,58,0,0,0,0,9501,1695,74,0,17412,32739,-,-,-,0,206,73
1787762976.385,0,345,83,-,87,59,0,0,0,0,9501,1755,64,0,17412,32739,-,-,-,0,194,219
1787762977.461,0,319,82,-,64,18,0,0,0,0,9501,1635,68,0,17412,32739,-,-,-,0,63,28
1787762978.537,0,329,82,-,94,25,0,0,0,0,9501,1800,77,0,17412,32739,-,-,-,0,213,221
1787762979.611,0,341,84,-,85,59,0,0,0,0,9501,1710,73,0,17412,32739,-,-,-,0,207,32
1787762980.688,0,345,83,-,80,59,0,0,0,0,9501,1680,98,0,17412,32739,-,-,-,0,145,296
1787762981.754,0,345,83,-,85,54,0,0,0,0,9501,1725,93,0,17412,32739,-,-,-,0,96,303
1787762982.830,0,344,83,-,87,57,0,0,0,0,9501,1680,87,0,17412,32739,-,-,-,0,175,216
1787762983.905,0,344,83,-,84,60,0,0,0,0,9501,1755,90,0,17412,32739,-,-,-,0,78,316
1787762984.981,0,341,83,-,86,57,0,0,0,0,9501,1755,87,0,17412,32739,-,-,-,0,168,54
1787762986.057,0,346,83,-,84,58,0,0,0,0,9501,1770,73,0,17412,32739,-,-,-,0,205,102
1787762987.134,0,346,83,-,93,59,0,0,0,0,9501,1635,76,0,17412,32739,-,-,-,0,98,307
1787762988.147,#,gpu,pwr,gtemp,mtemp,sm,mem,enc,dec,jpg,ofa,mclk,pclk,pviol,tviol,fb,bar1,ccpm,sbecc,dbecc,pci,rxpci,txpci
1787762988.147,#,Idx,W,C,C,%,%,%,%,%,%,MHz,MHz,%,bool,MB,MB,MB,errs,errs,errs,MB/s,MB/s
1787762988.208,0,348,83,-,92,60,0,0,0,0,9501,1620,100,0,17412,32739,-,-,-,0,85,316
1787762989.283,0,347,83,-,94,61,0,0,0,0,9501,1635,99,0,17412,32739,-,-,-,0,47,309
1787762990.360,0,348,84,-,87,57,0,0,0,0,9501,1620,99,0,17412,32739,-,-,-,0,176,164
1787762991.439,0,346,83,-,91,62,0,0,0,0,9501,1620,95,0,17412,32739,-,-,-,0,86,314
1787762992.513,0,311,82,-,64,17,0,0,0,0,9501,1650,73,0,17412,32739,-,-,-,0,54,17
1787762993.586,0,333,84,-,61,14,0,0,0,0,9501,1635,84,0,17412,32739,-,-,-,0,296,135
1787762994.658,0,339,83,-,89,58,0,0,0,0,9501,1680,89,0,17412,32739,-,-,-,0,93,62
1787762995.737,0,348,83,-,83,57,0,0,0,0,9501,1665,100,0,17412,32739,-,-,-,0,171,169
1787762996.810,0,316,81,-,78,31,0,0,0,0,9501,1800,68,0,17412,32739,-,-,-,0,35,14
1787762997.874,0,343,84,-,100,24,0,0,0,0,9501,1635,93,0,17412,32739,-,-,-,0,787,16
1787762998.948,0,347,84,-,100,26,0,0,0,0,9501,1620,91,0,17412,32739,-,-,-,0,38,21
1787763000.024,0,336,84,-,91,22,0,0,0,0,9501,1665,87,0,17412,32739,-,-,-,0,172,317
1787763001.100,0,341,83,-,87,60,0,0,0,0,9501,1710,82,0,17412,32739,-,-,-,0,43,320
1787763002.178,0,345,83,-,83,56,0,0,0,0,9501,1695,100,0,17412,32739,-,-,-,0,134,311
1787763003.251,0,348,83,-,92,63,0,0,0,0,9501,1605,94,0,17412,32739,-,-,-,0,180,313
1787763004.315,0,345,83,-,86,54,0,0,0,0,9501,1620,99,0,17412,32739,-,-,-,0,102,322
1787763005.392,0,347,83,-,93,61,0,0,0,0,9501,1620,99,0,17412,32739,-,-,-,0,48,309
1787763006.453,0,348,84,-,93,62,0,0,0,0,9501,1605,99,0,17412,32739,-,-,-,0,59,316
1787763007.530,0,348,83,-,93,62,0,0,0,0,9501,1620,99,0,17412,32739,-,-,-,0,72,30
1787763008.593,0,347,83,-,92,61,0,0,0,0,9501,1620,99,0,17412,32739,-,-,-,0,77,60
1787763009.657,0,346,84,-,88,59,0,0,0,0,9501,1620,99,0,17412,32739,-,-,-,0,74,306
1787763010.732,0,348,83,-,94,63,0,0,0,0,9501,1635,100,0,17412,32739,-,-,-,0,68,29
1787763011.808,0,347,83,-,90,61,0,0,0,0,9501,1635,99,0,17412,32739,-,-,-,0,55,0
1787763012.885,0,298,84,-,99,26,0,0,0,0,9501,1635,66,0,17412,32739,-,-,-,0,44,17
1787763013.949,0,337,83,-,80,21,0,0,0,0,9501,1755,91,0,17412,32739,-,-,-,0,169,320
1787763015.024,0,340,84,-,84,55,0,0,0,0,9501,1650,87,0,17412,32739,-,-,-,0,68,49
1787763016.100,0,346,83,-,86,60,0,0,0,0,9501,1665,52,0,17412,32739,-,-,-,0,176,285
1787763017.176,0,314,84,-,100,27,0,0,0,0,9501,1635,100,0,17412,32739,-,-,-,0,63,21
1787763018.250,0,336,83,-,87,63,0,0,0,0,9501,1695,84,0,17412,32739,-,-,-,0,101,303
1787763019.324,0,342,83,-,81,58,0,0,0,0,9501,1710,73,0,17412,32739,-,-,-,0,171,328
1787763020.395,0,344,83,-,85,59,0,0,0,0,9501,1725,64,0,17412,32739,-,-,-,0,100,298
1787763021.469,0,347,83,-,88,59,0,0,0,0,9501,1725,94,0,17412,32739,-,-,-,0,186,110
1787763022.542,0,343,83,-,85,60,0,0,0,0,9501,1725,86,0,17412,32739,-,-,-,0,185,159
1787763023.618,0,347,83,-,91,59,0,0,0,0,9501,1680,75,0,17412,32739,-,-,-,0,173,46
1787763024.692,0,345,83,-,86,56,0,0,0,0,9501,1605,100,0,17412,32739,-,-,-,0,158,293
1787763025.767,0,347,83,-,93,62,0,0,0,0,9501,1635,97,0,17412,32739,-,-,-,0,75,305
1787763026.836,0,346,83,-,87,57,0,0,0,0,9501,1725,99,0,17412,32739,-,-,-,0,48,307
1787763027.913,0,346,83,-,85,57,0,0,0,0,9501,1695,98,0,17412,32739,-,-,-,0,139,43
1787763028.991,0,345,83,-,91,58,0,0,0,0,9501,1725,97,0,17412,32739,-,-,-,0,6,4683
1787763030.053,0,308,84,-,100,28,0,0,0,0,9501,1635,60,0,17412,32739,-,-,-,0,50,20
1787763031.131,0,340,84,-,100,26,0,0,0,0,9501,1620,91,0,17412,32739,-,-,-,0,184,109
1787763032.206,0,347,84,-,84,55,0,0,0,0,9501,1620,100,0,17412,32739,-,-,-,0,164,323
1787763033.282,0,345,83,-,89,59,0,0,0,0,9501,1710,91,0,17412,32739,-,-,-,0,158,293
1787763034.359,0,342,83,-,82,60,0,0,0,0,9501,1755,57,0,17412,32739,-,-,-,0,55,22
1787763035.372,#,gpu,pwr,gtemp,mtemp,sm,mem,enc,dec,jpg,ofa,mclk,pclk,pviol,tviol,fb,bar1,ccpm,sbecc,dbecc,pci,rxpci,txpci
1787763035.372,#,Idx,W,C,C,%,%,%,%,%,%,MHz,MHz,%,bool,MB,MB,MB,errs,errs,errs,MB/s,MB/s
1787763035.434,0,316,84,-,99,27,0,0,0,0,9501,1635,68,0,17412,32739,-,-,-,0,39,653
1787763036.510,0,348,85,-,100,27,0,0,0,0,9501,1620,99,0,17412,32739,-,-,-,0,45,14
1787763037.573,0,339,84,-,100,27,0,0,0,0,9501,1620,85,0,17412,32739,-,-,-,0,36,670
1787763038.648,0,349,84,-,99,25,0,0,0,0,9501,1635,99,0,17412,32739,-,-,-,0,38,14
1787763039.722,0,350,85,-,100,27,0,0,0,0,9501,1605,100,0,17412,32739,-,-,-,0,227,18
1787763040.799,0,349,85,-,100,27,0,0,0,0,9501,1695,97,0,17412,32739,-,-,-,0,49,13
1787763041.876,0,330,84,-,88,59,0,0,0,0,9501,1695,78,0,17412,32739,-,-,-,0,173,53
1787763042.953,0,347,84,-,93,62,0,0,0,0,9501,1635,95,0,17412,32739,-,-,-,0,78,24
1787763044.016,0,348,84,-,93,62,0,0,0,0,9501,1635,99,0,17412,32739,-,-,-,0,114,305
1787763045.090,0,348,83,-,93,61,0,0,0,0,9501,1650,99,0,17412,32739,-,-,-,0,57,305
1787763046.165,0,348,83,-,93,62,0,0,0,0,9501,1620,99,0,17412,32739,-,-,-,0,101,308
1787763047.240,0,348,84,-,92,62,0,0,0,0,9501,1635,100,0,17412,32739,-,-,-,0,172,37
1787763048.318,0,348,84,-,93,62,0,0,0,0,9501,1635,99,0,17412,32739,-,-,-,0,5,0
1787763049.391,0,284,84,-,100,27,0,0,0,0,9501,1740,51,0,17412,32739,-,-,-,0,199,51
1787763050.466,0,337,83,-,88,59,0,0,0,0,9501,1605,79,0,17412,32739,-,-,-,0,203,55
1787763051.542,0,346,83,-,87,57,0,0,0,0,9501,1605,76,0,17412,32739,-,-,-,0,179,216
1787763052.617,0,338,81,-,52,34,0,0,0,0,9501,1905,69,0,17412,32739,-,-,-,0,74,27
1787763053.694,0,336,83,-,81,56,0,0,0,0,9501,1710,100,0,17412,32739,-,-,-,0,205,178
1787763054.771,0,344,84,-,86,57,0,0,0,0,9501,1665,67,0,17412,32739,-,-,-,0,190,114
1787763055.835,0,346,83,-,84,56,0,0,0,0,9501,1650,62,0,17412,32739,-,-,-,0,119,165
1787763056.911,0,347,83,-,93,61,0,0,0,0,9501,1680,99,0,17412,32739,-,-,-,0,67,52
1787763057.974,0,346,84,-,87,57,0,0,0,0,9501,1635,80,0,17412,32739,-,-,-,0,46,310
1787763059.052,0,345,83,-,80,58,0,0,0,0,9501,1680,89,0,17412,32739,-,-,-,0,89,304
1787763060.119,0,346,83,-,91,59,0,0,0,0,9501,1680,92,0,17412,32739,-,-,-,0,1578,772
1787763061.195,0,320,84,-,100,25,0,0,0,0,9501,1575,97,0,17412,32739,-,-,-,0,47,11
1787763062.270,0,341,84,-,100,27,0,0,0,0,9501,1620,91,0,17412,32739,-,-,-,0,62,17
1787763063.346,0,347,84,-,78,19,0,0,0,0,9501,1635,93,0,17412,32739,-,-,-,0,45,29
1787763064.420,0,334,83,-,85,58,0,0,0,0,9501,1710,87,0,17412,32739,-,-,-,0,192,55
1787763065.495,0,344,83,-,76,57,0,0,0,0,9501,1635,73,0,17412,32739,-,-,-,0,196,27
1787763066.560,0,343,83,-,85,58,0,0,0,0,9501,1650,57,0,17412,32739,-,-,-,0,93,303
1787763067.639,0,348,83,-,94,62,0,0,0,0,9501,1575,90,0,17412,32739,-,-,-,0,95,309
1787763068.715,0,347,83,-,88,59,0,0,0,0,9501,1710,100,0,17412,32739,-,-,-,0,115,52
1787763069.792,0,346,84,-,92,60,0,0,0,0,9501,1635,91,0,17412,32739,-,-,-,0,54,304
1787763070.856,0,305,82,-,55,12,0,0,0,0,9501,1635,71,0,17412,32739,-,-,-,0,44,19
1787763071.931,0,330,82,-,87,23,0,0,0,0,9501,1695,86,0,17412,32739,-,-,-,0,163,324
1787763073.007,0,337,83,-,86,54,0,0,0,0,9501,1665,82,0,17412,32739,-,-,-,0,171,26
1787763074.084,0,340,83,-,86,64,0,0,0,0,9501,1710,79,0,17412,32739,-,-,-,0,163,217
1787763075.157,0,313,79,-,21,1,0,0,0,0,9501,1605,55,0,17412,32739,-,-,-,0,792,8700
1787763076.235,0,336,83,-,81,58,0,0,0,0,9501,1740,100,0,17412,32739,-,-,-,0,106,160
1787763077.309,0,344,83,-,85,61,0,0,0,0,9501,1695,64,0,17412,32739,-,-,-,0,159,52
1787763078.380,0,344,83,-,87,57,0,0,0,0,9501,1680,88,0,17412,32739,-,-,-,0,191,261
1787763079.454,0,346,83,-,88,56,0,0,0,0,9501,1680,78,0,17412,32739,-,-,-,0,203,214
1787763080.517,0,346,83,-,89,59,0,0,0,0,9501,1620,93,0,17412,32739,-,-,-,0,89,34
1787763081.594,0,345,83,-,85,56,0,0,0,0,9501,1695,91,0,17412,32739,-,-,-,0,190,163
1787763082.597,#,gpu,pwr,gtemp,mtemp,sm,mem,enc,dec,jpg,ofa,mclk,pclk,pviol,tviol,fb,bar1,ccpm,sbecc,dbecc,pci,rxpci,txpci
1787763082.597,#,Idx,W,C,C,%,%,%,%,%,%,MHz,MHz,%,bool,MB,MB,MB,errs,errs,errs,MB/s,MB/s
1787763082.660,0,345,84,-,80,53,0,0,0,0,9501,1635,74,0,17412,32739,-,-,-,0,85,26
1787763083.737,0,345,83,-,83,55,0,0,0,0,9501,1620,100,0,17412,32739,-,-,-,0,97,327
1787763084.801,0,346,83,-,90,60,0,0,0,0,9501,1665,93,0,17412,32739,-,-,-,0,139,299
1787763085.865,0,347,83,-,93,60,0,0,0,0,9501,1620,99,0,17412,32739,-,-,-,0,70,28
1787763086.940,0,347,83,-,93,61,0,0,0,0,9501,1590,99,0,17412,32739,-,-,-,0,85,312
1787763088.003,0,348,83,-,93,60,0,0,0,0,9501,1605,99,0,17412,32739,-,-,-,0,60,311
1787763089.076,0,310,83,-,59,16,0,0,0,0,9501,1635,74,0,17412,32739,-,-,-,0,38,14
1787763090.151,0,335,83,-,59,14,0,0,0,0,9501,1650,93,0,17412,32739,-,-,-,0,116,297
1787763091.228,0,345,82,-,80,61,0,0,0,0,9501,1665,100,0,17412,32739,-,-,-,0,197,217
1787763092.302,0,344,83,-,89,58,0,0,0,0,9501,1710,60,0,17412,32739,-,-,-,0,203,53
1787763093.372,0,345,83,-,86,57,0,0,0,0,9501,1740,73,0,17412,32739,-,-,-,0,192,55
1787763094.448,0,345,83,-,87,61,0,0,0,0,9501,1710,68,0,17412,32739,-,-,-,0,62,20
1787763095.517,0,315,84,-,100,28,0,0,0,0,9501,1635,70,0,17412,32739,-,-,-,0,52,673
1787763096.588,0,348,84,-,100,25,0,0,0,0,9501,1635,99,0,17412,32739,-,-,-,0,55,30
1787763097.656,0,342,84,-,100,27,0,0,0,0,9501,1635,87,0,17412,32739,-,-,-,0,47,25
1787763098.729,0,345,85,-,100,25,0,0,0,0,9501,1620,100,0,17412,32739,-,-,-,0,60,26
1787763099.807,0,348,85,-,100,27,0,0,0,0,9501,1635,99,0,17412,32739,-,-,-,0,141,15
1787763100.880,0,348,85,-,99,24,0,0,0,0,9501,1635,97,0,17412,32739,-,-,-,0,34,698
1787763101.955,0,349,85,-,100,26,0,0,0,0,9501,1620,99,0,17412,32739,-,-,-,0,40,58
1787763103.025,0,348,85,-,99,25,0,0,0,0,9501,1575,95,0,17412,32739,-,-,-,0,42,22
1787763104.097,0,346,85,-,99,24,0,0,0,0,9501,1620,97,0,17412,32739,-,-,-,0,31,18
1787763105.172,0,350,84,-,100,49,0,0,0,0,9501,1575,99,0,17412,32739,-,-,-,0,34,16
1787763106.244,0,338,84,-,87,59,0,0,0,0,9501,1695,100,0,17412,32739,-,-,-,0,119,301
1787763107.314,0,346,84,-,87,56,0,0,0,0,9501,1650,81,0,17412,32739,-,-,-,0,169,332
1787763108.389,0,347,84,-,85,56,0,0,0,0,9501,1695,99,0,17412,32739,-,-,-,0,109,296
1787763109.465,0,347,83,-,93,63,0,0,0,0,9501,1620,99,0,17412,32739,-,-,-,0,98,301
1787763110.538,0,348,83,-,94,64,0,0,0,0,9501,1620,99,0,17412,32739,-,-,-,0,78,311
1787763111.613,0,348,84,-,93,63,0,0,0,0,9501,1620,99,0,17412,32739,-,-,-,0,52,308
1787763112.690,0,348,84,-,94,63,0,0,0,0,9501,1620,100,0,17412,32739,-,-,-,0,74,39
1787763113.764,0,348,84,-,93,63,0,0,0,0,9501,1620,99,0,17412,32739,-,-,-,0,74,31
1787763114.833,0,269,82,-,100,25,0,0,0,0,9501,1635,43,0,17412,32739,-,-,-,0,64,604
1787763115.907,0,341,83,-,86,58,0,0,0,0,9501,1680,77,0,17412,32739,-,-,-,0,201,116
1787763116.984,0,346,83,-,86,56,0,0,0,0,9501,1695,68,0,17412,32739,-,-,-,0,209,139
1787763118.056,0,345,83,-,87,56,0,0,0,0,9501,1710,68,0,17412,32739,-,-,-,0,164,59
1787763119.133,0,346,84,-,91,58,0,0,0,0,9501,1635,77,0,17412,32739,-,-,-,0,3,8852
1787763120.209,0,318,83,-,100,25,0,0,0,0,9501,1650,100,0,17412,32739,-,-,-,0,37,14
1787763121.275,0,342,83,-,81,54,0,0,0,0,9501,1635,66,0,17412,32739,-,-,-,0,172,268
1787763122.349,0,344,83,-,86,59,0,0,0,0,9501,1695,75,0,17412,32739,-,-,-,0,205,83
1787763123.421,0,345,83,-,93,60,0,0,0,0,9501,1620,85,0,17412,32739,-,-,-,0,81,321
1787763124.492,0,345,84,-,84,57,0,0,0,0,9501,1725,95,0,17412,32739,-,-,-,0,160,269
1787763125.565,0,348,83,-,93,60,0,0,0,0,9501,1650,96,0,17412,32739,-,-,-,0,92,298
1787763126.634,0,345,83,-,93,59,0,0,0,0,9501,1620,99,0,17412,32739,-,-,-,0,136,295
1787763127.703,0,310,83,-,100,27,0,0,0,0,9501,1620,100,0,17412,32739,-,-,-,0,38,24
1787763128.776,0,336,83,-,80,59,0,0,0,0,9501,1725,75,0,17412,32739,-,-,-,0,184,159
1787763129.787,#,gpu,pwr,gtemp,mtemp,sm,mem,enc,dec,jpg,ofa,mclk,pclk,pviol,tviol,fb,bar1,ccpm,sbecc,dbecc,pci,rxpci,txpci
1787763129.826,#,Idx,W,C,C,%,%,%,%,%,%,MHz,MHz,%,bool,MB,MB,MB,errs,errs,errs,MB/s,MB/s
1787763129.849,0,340,83,-,80,59,0,0,0,0,9501,1695,52,0,17412,32739,-,-,-,0,263,131
1787763130.924,0,342,84,-,93,61,0,0,0,0,9501,1620,63,0,17412,32739,-,-,-,0,181,269
1787763131.997,0,341,83,-,68,44,0,0,0,0,9501,1635,77,0,17412,32739,-,-,-,0,68,21
1787763133.071,0,317,84,-,99,26,0,0,0,0,9501,1635,73,0,17412,32739,-,-,-,0,71,25
1787763134.142,0,336,84,-,100,40,0,0,0,0,9501,1590,84,0,17412,32739,-,-,-,0,166,331
1787763135.213,0,343,83,-,86,56,0,0,0,0,9501,1710,100,0,17412,32739,-,-,-,0,111,304
1787763136.286,0,343,83,-,92,62,0,0,0,0,9501,1620,93,0,17412,32739,-,-,-,0,174,297
1787763137.356,0,343,83,-,85,55,0,0,0,0,9501,1620,86,0,17412,32739,-,-,-,0,176,314
1787763138.433,0,348,83,-,92,61,0,0,0,0,9501,1620,99,0,17412,32739,-,-,-,0,79,28
1787763139.509,0,348,83,-,93,62,0,0,0,0,9501,1605,99,0,17412,32739,-,-,-,0,119,303
1787763140.585,0,326,80,-,0,0,0,0,0,0,9501,1905,91,0,17412,32739,-,-,-,0,40,17
1787763141.655,0,301,83,-,100,27,0,0,0,0,9501,1620,72,0,17412,32739,-,-,-,0,170,280
1787763142.730,0,339,83,-,81,58,0,0,0,0,9501,1755,91,0,17412,32739,-,-,-,0,199,103
1787763143.797,0,341,83,-,80,60,0,0,0,0,9501,1695,82,0,17412,32739,-,-,-,0,178,24
1787763144.872,0,339,83,-,83,61,0,0,0,0,9501,1755,63,0,17412,32739,-,-,-,0,334,60
1787763145.946,0,344,83,-,88,60,0,0,0,0,9501,1710,72,0,17412,32739,-,-,-,0,8,1984
1787763147.019,0,310,84,-,100,27,0,0,0,0,9501,1635,67,0,17412,32739,-,-,-,0,40,16
1787763148.095,0,345,84,-,81,21,0,0,0,0,9501,1755,99,0,17412,32739,-,-,-,0,42,22
1787763149.168,0,342,84,-,100,26,0,0,0,0,9501,1620,90,0,17412,32739,-,-,-,0,48,14
1787763150.245,0,347,84,-,99,25,0,0,0,0,9501,1635,100,0,17412,32739,-,-,-,0,35,14
1787763151.321,0,348,84,-,100,26,0,0,0,0,9501,1620,99,0,17412,32739,-,-,-,0,39,725
1787763152.394,0,349,85,-,100,26,0,0,0,0,9501,1605,95,0,17412,32739,-,-,-,0,46,19
1787763153.470,0,345,84,-,79,18,0,0,0,0,9501,1695,96,0,17412,32739,-,-,-,0,63,13
1787763154.544,0,347,84,-,100,23,0,0,0,0,9501,1635,99,0,17412,32739,-,-,-,0,46,13
1787763155.618,0,348,85,-,100,26,0,0,0,0,9501,1635,92,0,17412,32739,-,-,-,0,43,15
1787763156.695,0,347,85,-,91,23,0,0,0,0,9501,1710,100,0,17412,32739,-,-,-,0,3370,33
1787763157.771,0,346,85,-,99,23,0,0,0,0,9501,1635,93,0,17412,32739,-,-,-,0,40,12
1787763158.835,0,346,85,-,100,24,0,0,0,0,9501,1650,93,0,17412,32739,-,-,-,0,39,35
1787763159.910,0,349,85,-,100,24,0,0,0,0,9501,1620,99,0,17412,32739,-,-,-,0,69,17
1787763160.986,0,348,85,-,100,34,0,0,0,0,9501,1590,93,0,17412,32739,-,-,-,0,35,26
1787763162.061,0,329,84,-,88,60,0,0,0,0,9501,1680,83,0,17412,32739,-,-,-,0,215,320
1787763163.125,0,342,83,-,85,59,0,0,0,0,9501,1710,80,0,17412,32739,-,-,-,0,183,60
1787763164.198,0,344,83,-,86,59,0,0,0,0,9501,1695,100,0,17412,32739,-,-,-,0,174,319
1787763165.270,0,345,84,-,83,58,0,0,0,0,9501,1710,94,0,17412,32739,-,-,-,0,162,55
1787763166.335,0,348,84,-,95,66,0,0,0,0,9501,1620,90,0,17412,32739,-,-,-,0,47,305
1787763167.411,0,346,83,-,89,59,0,0,0,0,9501,1680,99,0,17412,32739,-,-,-,0,93,307
1787763168.483,0,347,83,-,93,65,0,0,0,0,9501,1605,99,0,17412,32739,-,-,-,0,98,306
1787763169.558,0,347,84,-,93,65,0,0,0,0,9501,1590,99,0,17412,32739,-,-,-,0,133,292
1787763170.635,0,347,83,-,93,65,0,0,0,0,9501,1620,99,0,17412,32739,-,-,-,0,4,5239
1787763171.712,0,283,83,-,79,60,0,0,0,0,9501,1710,78,0,17412,32739,-,-,-,0,184,87
1787763172.775,0,342,83,-,85,54,0,0,0,0,9501,1620,57,0,17412,32739,-,-,-,0,171,104
1787763173.849,0,340,83,-,90,59,0,0,0,0,9501,1665,82,0,17412,32739,-,-,-,0,186,179
1787763174.913,0,340,83,-,84,56,0,0,0,0,9501,1695,71,0,17412,32739,-,-,-,0,287,221
1787763175.983,0,332,83,-,40,27,0,0,0,0,9501,1860,69,0,17412,32739,-,-,-,0,65,392
1787763176.997,#,gpu,pwr,gtemp,mtemp,sm,mem,enc,dec,jpg,ofa,mclk,pclk,pviol,tviol,fb,bar1,ccpm,sbecc,dbecc,pci,rxpci,txpci
1787763176.997,#,Idx,W,C,C,%,%,%,%,%,%,MHz,MHz,%,bool,MB,MB,MB,errs,errs,errs,MB/s,MB/s
1787763177.058,0,317,84,-,100,25,0,0,0,0,9501,1635,74,0,17412,32739,-,-,-,0,49,38
1787763178.122,0,348,84,-,100,27,0,0,0,0,9501,1620,99,0,17412,32739,-,-,-,0,41,661
1787763179.197,0,348,84,-,100,25,0,0,0,0,9501,1620,100,0,17412,32739,-,-,-,0,38,14
1787763180.263,0,349,85,-,100,27,0,0,0,0,9501,1620,95,0,17412,32739,-,-,-,0,35,14
1787763181.327,0,346,84,-,90,22,0,0,0,0,9501,1635,95,0,17412,32739,-,-,-,0,42,14
1787763182.405,0,348,84,-,100,26,0,0,0,0,9501,1605,99,0,17412,32739,-,-,-,0,38,14
1787763183.478,0,348,85,-,100,26,0,0,0,0,9501,1620,95,0,17412,32739,-,-,-,0,40,15
1787763184.554,0,348,85,-,99,24,0,0,0,0,9501,1650,99,0,17412,32739,-,-,-,0,3060,20
1787763185.630,0,348,85,-,100,23,0,0,0,0,9501,1650,97,0,17412,32739,-,-,-,0,34,13
1787763186.706,0,348,85,-,100,26,0,0,0,0,9501,1635,100,0,17412,32739,-,-,-,0,35,13
1787763187.783,0,349,85,-,100,26,0,0,0,0,9501,1620,99,0,17412,32739,-,-,-,0,37,17
1787763188.858,0,348,85,-,99,24,0,0,0,0,9501,1665,91,0,17412,32739,-,-,-,0,44,16
1787763189.930,0,348,85,-,99,23,0,0,0,0,9501,1635,99,0,17412,32739,-,-,-,0,151,24
1787763190.994,0,347,85,-,100,24,0,0,0,0,9501,1635,92,0,17412,32739,-,-,-,0,424,37
1787763192.067,0,340,84,-,95,53,0,0,0,0,9501,1635,83,0,17412,32739,-,-,-,0,53,23
1787763193.130,0,324,84,-,88,62,0,0,0,0,9501,1680,73,0,17412,32739,-,-,-,0,185,122
1787763194.201,0,341,84,-,94,63,0,0,0,0,9501,1620,100,0,17412,32739,-,-,-,0,195,108
1787763195.279,0,346,84,-,94,65,0,0,0,0,9501,1620,80,0,17412,32739,-,-,-,0,209,107
1787763196.342,0,344,83,-,88,60,0,0,0,0,9501,1665,95,0,17412,32739,-,-,-,0,84,60
1787763197.413,0,348,84,-,93,64,0,0,0,0,9501,1620,99,0,17412,32739,-,-,-,0,72,316
1787763198.484,0,348,84,-,93,66,0,0,0,0,9501,1605,99,0,17412,32739,-,-,-,0,147,303
1787763199.561,0,348,84,-,92,64,0,0,0,0,9501,1620,99,0,17412,32739,-,-,-,0,128,299
1787763200.636,0,263,78,-,50,1,0,0,0,0,9501,1905,51,0,17412,32739,-,-,-,0,193,59
1787763201.713,0,334,83,-,81,59,0,0,0,0,9501,1650,91,0,17412,32739,-,-,-,0,117,42
1787763202.787,0,341,83,-,82,64,0,0,0,0,9501,1665,78,0,17412,32739,-,-,-,0,167,30
1787763203.864,0,342,83,-,82,61,0,0,0,0,9501,1710,66,0,17412,32739,-,-,-,0,157,22
1787763204.937,0,315,80,-,31,1,0,0,0,0,9501,1620,44,0,17412,32739,-,-,-,0,43,56
1787763206.011,0,324,83,-,100,25,0,0,0,0,9501,1620,84,0,17412,32739,-,-,-,0,174,318
1787763207.086,0,337,83,-,80,56,0,0,0,0,9501,1740,83,0,17412,32739,-,-,-,0,181,107
1787763208.162,0,339,83,-,81,60,0,0,0,0,9501,1680,65,0,17412,32739,-,-,-,0,110,294
1787763209.235,0,347,83,-,86,53,0,0,0,0,9501,1635,100,0,17412,32739,-,-,-,0,184,216
1787763210.312,0,346,83,-,87,57,0,0,0,0,9501,1680,96,0,17412,32739,-,-,-,0,176,218
1787763211.387,0,348,83,-,86,58,0,0,0,0,9501,1755,62,0,17412,32739,-,-,-,0,172,322
1787763212.463,0,343,83,-,87,57,0,0,0,0,9501,1635,92,0,17412,32739,-,-,-,0,176,324
1787763213.536,0,346,83,-,86,58,0,0,0,0,9501,1695,79,0,17412,32739,-,-,-,0,177,56
1787763214.611,0,344,83,-,84,63,0,0,0,0,9501,1740,64,0,17412,32739,-,-,-,0,173,52
1787763215.683,0,343,83,-,83,62,0,0,0,0,9501,1740,61,0,17412,32739,-,-,-,0,168,266
1787763216.761,0,345,83,-,84,64,0,0,0,0,9501,1695,100,0,17412,32739,-,-,-,0,154,204
1787763217.836,0,343,84,-,90,60,0,0,0,0,9501,1680,84,0,17412,32739,-,-,-,0,117,308
1787763218.913,0,341,83,-,85,60,0,0,0,0,9501,1725,85,0,17412,32739,-,-,-,0,160,148
1787763219.988,0,339,83,-,89,60,0,0,0,0,9501,1725,54,0,17412,32739,-,-,-,0,237,308
1787763221.065,0,342,83,-,86,56,0,0,0,0,9501,1695,77,0,17412,32739,-,-,-,0,166,27
1787763222.140,0,343,83,-,78,60,0,0,0,0,9501,1650,80,0,17412,32739,-,-,-,0,177,309
1787763223.215,0,345,83,-,79,59,0,0,0,0,9501,1695,100,0,17412,32739,-,-,-,0,185,41
1787763224.223,#,gpu,pwr,gtemp,mtemp,sm,mem,enc,dec,jpg,ofa,mclk,pclk,pviol,tviol,fb,bar1,ccpm,sbecc,dbecc,pci,rxpci,txpci
1787763224.223,#,Idx,W,C,C,%,%,%,%,%,%,MHz,MHz,%,bool,MB,MB,MB,errs,errs,errs,MB/s,MB/s
1787763224.286,0,342,83,-,87,60,0,0,0,0,9501,1710,72,0,17412,32739,-,-,-,0,195,59
1787763225.351,0,343,83,-,87,58,0,0,0,0,9501,1725,85,0,17412,32739,-,-,-,0,180,134
1787763226.428,0,345,83,-,84,56,0,0,0,0,9501,1590,68,0,17412,32739,-,-,-,0,181,112
1787763227.490,0,341,83,-,86,61,0,0,0,0,9501,1725,59,0,17412,32739,-,-,-,0,189,167
1787763228.566,0,345,84,-,93,62,0,0,0,0,9501,1605,72,0,17412,32739,-,-,-,0,157,19
1787763229.642,0,344,83,-,87,57,0,0,0,0,9501,1710,97,0,17412,32739,-,-,-,0,186,117
1787763230.716,0,344,83,-,93,63,0,0,0,0,9501,1620,100,0,17412,32739,-,-,-,0,168,55
1787763231.790,0,345,83,-,83,57,0,0,0,0,9501,1710,93,0,17412,32739,-,-,-,0,179,56
1787763232.854,0,348,83,-,94,62,0,0,0,0,9501,1620,70,0,17412,32739,-,-,-,0,76,50
1787763233.931,0,324,79,-,0,0,0,0,0,0,9501,1905,79,0,17412,32739,-,-,-,0,676,24
1787763235.007,0,316,84,-,100,28,0,0,0,0,9501,1620,80,0,17412,32739,-,-,-,0,163,36
1787763236.078,0,346,85,-,95,34,0,0,0,0,9501,1605,97,0,17412,32739,-,-,-,0,49,19
1787763237.149,0,338,83,-,87,56,0,0,0,0,9501,1665,81,0,17412,32739,-,-,-,0,206,111
1787763238.224,0,347,83,-,85,61,0,0,0,0,9501,1695,100,0,17412,32739,-,-,-,0,100,306
1787763239.299,0,343,83,-,87,57,0,0,0,0,9501,1740,84,0,17412,32739,-,-,-,0,175,158
1787763240.373,0,337,80,-,41,23,0,0,0,0,9501,1890,65,0,17412,32739,-,-,-,0,66,33
1787763241.445,0,313,84,-,99,25,0,0,0,0,9501,1650,76,0,17412,32739,-,-,-,0,34,22
1787763242.515,0,347,85,-,100,27,0,0,0,0,9501,1620,99,0,17412,32739,-,-,-,0,41,34
1787763243.593,0,348,84,-,99,25,0,0,0,0,9501,1605,93,0,17412,32739,-,-,-,0,40,34
1787763244.658,0,347,85,-,100,26,0,0,0,0,9501,1620,95,0,17412,32739,-,-,-,0,509,5781
1787763245.733,0,340,84,-,88,57,0,0,0,0,9501,1680,100,0,17412,32739,-,-,-,0,180,268
1787763246.809,0,348,84,-,93,61,0,0,0,0,9501,1650,82,0,17412,32739,-,-,-,0,83,36
1787763247.883,0,347,84,-,93,62,0,0,0,0,9501,1635,99,0,17412,32739,-,-,-,0,64,302
1787763248.957,0,347,84,-,95,62,0,0,0,0,9501,1605,99,0,17412,32739,-,-,-,0,82,313
1787763250.033,0,348,84,-,93,61,0,0,0,0,9501,1635,99,0,17412,32739,-,-,-,0,230,313
1787763251.108,0,349,84,-,93,61,0,0,0,0,9501,1620,99,0,17412,32739,-,-,-,0,206,325
1787763252.183,0,347,84,-,87,57,0,0,0,0,9501,1620,97,0,17412,32739,-,-,-,0,68,35
1787763253.258,0,336,80,-,34,20,0,0,0,0,9501,1890,100,0,17412,32739,-,-,-,0,0,7858
1787763254.332,0,282,84,-,100,27,0,0,0,0,9501,1620,56,0,17412,32739,-,-,-,0,131,112
1787763255.404,0,340,83,-,86,68,0,0,0,0,9501,1740,79,0,17412,32739,-,-,-,0,164,360
1787763256.477,0,343,83,-,84,60,0,0,0,0,9501,1680,60,0,17412,32739,-,-,-,0,178,310
1787763257.553,0,343,83,-,85,61,0,0,0,0,9501,1770,57,0,17412,32739,-,-,-,0,185,64
1787763258.616,0,304,83,-,100,25,0,0,0,0,9501,1635,42,0,17412,32739,-,-,-,0,41,25
1787763259.680,0,352,84,-,100,27,0,0,0,0,9501,1620,99,0,17412,32739,-,-,-,0,62,10
1787763260.756,0,346,84,-,100,26,0,0,0,0,9501,1620,100,0,17412,32739,-,-,-,0,37,671
1787763261.832,0,349,85,-,100,27,0,0,0,0,9501,1635,94,0,17412,32739,-,-,-,0,55,26
1787763262.909,0,341,85,-,100,24,0,0,0,0,9501,1635,94,0,17412,32739,-,-,-,0,59,20
1787763263.984,0,337,82,-,84,21,0,0,0,0,9501,1860,89,0,17412,32739,-,-,-,0,173,64
1787763265.056,0,338,83,-,86,58,0,0,0,0,9501,1755,49,0,17412,32739,-,-,-,0,84,155
1787763266.132,0,341,83,-,83,65,0,0,0,0,9501,1725,60,0,17412,32739,-,-,-,0,176,60
1787763267.196,0,340,83,-,84,62,0,0,0,0,9501,1740,90,0,17412,32739,-,-,-,0,179,218
1787763268.269,0,343,83,-,92,61,0,0,0,0,9501,1710,66,0,17412,32739,-,-,-,0,159,317
1787763269.346,0,344,84,-,87,63,0,0,0,0,9501,1605,89,0,17412,32739,-,-,-,0,103,305
1787763270.424,0,345,83,-,90,61,0,0,0,0,9501,1665,82,0,17412,32739,-,-,-,0,168,28
1787763271.425,#,gpu,pwr,gtemp,mtemp,sm,mem,enc,dec,jpg,ofa,mclk,pclk,pviol,tviol,fb,bar1,ccpm,sbecc,dbecc,pci,rxpci,txpci
1787763271.425,#,Idx,W,C,C,%,%,%,%,%,%,MHz,MHz,%,bool,MB,MB,MB,errs,errs,errs,MB/s,MB/s
1787763271.487,0,346,83,-,89,57,0,0,0,0,9501,1620,83,0,17412,32739,-,-,-,0,65,31
1787763272.565,0,347,84,-,94,62,0,0,0,0,9501,1635,97,0,17412,32739,-,-,-,0,60,304
1787763273.641,0,347,84,-,93,61,0,0,0,0,9501,1635,99,0,17412,32739,-,-,-,0,163,50
1787763274.718,0,344,83,-,88,61,0,0,0,0,9501,1665,100,0,17412,32739,-,-,-,0,89,311
1787763275.793,0,345,83,-,88,59,0,0,0,0,9501,1710,93,0,17412,32739,-,-,-,0,163,59
1787763276.865,0,342,83,-,78,58,0,0,0,0,9501,1680,69,0,17412,32739,-,-,-,0,193,113
1787763277.929,0,346,83,-,86,62,0,0,0,0,9501,1725,70,0,17412,32739,-,-,-,0,179,47
1787763278.995,0,345,84,-,88,59,0,0,0,0,9501,1635,86,0,17412,32739,-,-,-,0,50,308
1787763280.071,0,348,84,-,86,58,0,0,0,0,9501,1620,82,0,17412,32739,-,-,-,0,212,316
1787763281.142,0,347,84,-,92,62,0,0,0,0,9501,1620,99,0,17412,32739,-,-,-,0,73,28
1787763282.217,0,291,78,-,30,1,0,0,0,0,9501,1905,100,0,17412,32739,-,-,-,0,165,65
1787763283.292,0,318,83,-,84,58,0,0,0,0,9501,1755,57,0,17412,32739,-,-,-,0,186,36
1787763284.363,0,339,83,-,87,59,0,0,0,0,9501,1740,66,0,17412,32739,-,-,-,0,140,33
1787763285.438,0,339,83,-,85,64,0,0,0,0,9501,1695,55,0,17412,32739,-,-,-,0,195,173
1787763286.510,0,318,83,-,95,34,0,0,0,0,9501,1635,55,0,17412,32739,-,-,-,0,74,33
1787763287.586,0,339,83,-,74,20,0,0,0,0,9501,1755,86,0,17412,32739,-,-,-,0,129,109
1787763288.664,0,339,83,-,89,63,0,0,0,0,9501,1695,70,0,17412,32739,-,-,-,0,114,166
1787763289.736,0,346,83,-,86,58,0,0,0,0,9501,1725,100,0,17412,32739,-,-,-,0,196,48
1787763290.810,0,345,83,-,86,57,0,0,0,0,9501,1695,90,0,17412,32739,-,-,-,0,164,322
1787763291.886,0,344,84,-,93,62,0,0,0,0,9501,1605,82,0,17412,32739,-,-,-,0,157,328
1787763292.961,0,346,83,-,87,61,0,0,0,0,9501,1710,99,0,17412,32739,-,-,-,0,98,294
1787763294.037,0,344,84,-,84,54,0,0,0,0,9501,1605,73,0,17412,32739,-,-,-,0,129,22
1787763295.112,0,343,83,-,86,57,0,0,0,0,9501,1710,88,0,17412,32739,-,-,-,0,250,23
1787763296.183,0,348,84,-,86,58,0,0,0,0,9501,1620,89,0,17412,32739,-,-,-,0,92,299
1787763297.258,0,345,83,-,90,61,0,0,0,0,9501,1710,100,0,17412,32739,-,-,-,0,69,310
1787763298.321,0,346,84,-,92,61,0,0,0,0,9501,1635,93,0,17412,32739,-,-,-,0,66,26
1787763299.393,0,348,84,-,93,60,0,0,0,0,9501,1590,99,0,17412,32739,-,-,-,0,104,300
1787763300.465,0,346,84,-,93,61,0,0,0,0,9501,1620,99,0,17412,32739,-,-,-,0,73,308
1787763301.537,0,346,83,-,92,61,0,0,0,0,9501,1635,99,0,17412,32739,-,-,-,0,172,51
1787763302.610,0,348,84,-,91,60,0,0,0,0,9501,1620,99,0,17412,32739,-,-,-,0,52,303
1787763303.686,0,346,84,-,87,55,0,0,0,0,9501,1605,93,0,17412,32739,-,-,-,0,116,290
1787763304.760,0,333,80,-,13,8,0,0,0,0,9501,1905,100,0,17412,32739,-,-,-,0,72,25
1787763305.825,0,310,84,-,100,28,0,0,0,0,9501,1620,74,0,17412,32739,-,-,-,0,50,17
1787763306.901,0,338,84,-,100,27,0,0,0,0,9501,1620,89,0,17412,32739,-,-,-,0,187,52
1787763307.973,0,340,83,-,84,61,0,0,0,0,9501,1725,58,0,17412,32739,-,-,-,0,196,104
1787763309.047,0,346,84,-,86,59,0,0,0,0,9501,1680,76,0,17412,32739,-,-,-,0,109,300
1787763310.117,0,347,83,-,85,58,0,0,0,0,9501,1635,73,0,17412,32739,-,-,-,0,289,125
1787763311.191,0,316,82,-,63,19,0,0,0,0,9501,1605,93,0,17412,32739,-,-,-,0,67,24
1787763312.265,0,327,83,-,100,27,0,0,0,0,9501,1845,77,0,17412,32739,-,-,-,0,180,166
1787763313.339,0,340,83,-,81,60,0,0,0,0,9501,1755,45,0,17412,32739,-,-,-,0,177,54
1787763314.411,0,346,83,-,89,60,0,0,0,0,9501,1695,78,0,17412,32739,-,-,-,0,74,159
1787763315.484,0,346,83,-,94,81,0,0,0,0,9501,1680,66,0,17412,32739,-,-,-,0,146,151
1787763316.559,0,342,83,-,85,64,0,0,0,0,9501,1755,41,0,17412,32739,-,-,-,0,182,284
1787763317.622,0,341,82,-,86,63,0,0,0,0,9501,1740,66,0,17412,32739,-,-,-,0,170,166
1787763318.630,#,gpu,pwr,gtemp,mtemp,sm,mem,enc,dec,jpg,ofa,mclk,pclk,pviol,tviol,fb,bar1,ccpm,sbecc,dbecc,pci,rxpci,txpci
1787763318.630,#,Idx,W,C,C,%,%,%,%,%,%,MHz,MHz,%,bool,MB,MB,MB,errs,errs,errs,MB/s,MB/s
1787763318.692,0,341,83,-,84,53,0,0,0,0,9501,1680,83,0,17412,32739,-,-,-,0,99,104
1787763319.767,0,341,83,-,92,75,0,0,0,0,9501,1725,66,0,17412,32739,-,-,-,0,187,158
1787763320.842,0,344,83,-,83,66,0,0,0,0,9501,1665,65,0,17412,32739,-,-,-,0,217,189
1787763321.916,0,341,83,-,88,60,0,0,0,0,9501,1740,68,0,17412,32739,-,-,-,0,204,325
1787763322.986,0,340,83,-,84,68,0,0,0,0,9501,1665,72,0,17412,32739,-,-,-,0,198,114
1787763324.061,0,340,83,-,87,57,0,0,0,0,9501,1680,74,0,17412,32739,-,-,-,0,103,56
1787763325.131,0,341,83,-,91,60,0,0,0,0,9501,1725,83,0,17412,32739,-,-,-,0,169,318
1787763326.208,0,347,83,-,89,59,0,0,0,0,9501,1710,100,0,17412,32739,-,-,-,0,165,40
1787763327.286,0,345,83,-,86,53,0,0,0,0,9501,1725,85,0,17412,32739,-,-,-,0,134,59
1787763328.363,0,343,83,-,85,55,0,0,0,0,9501,1635,85,0,17412,32739,-,-,-,0,177,233
1787763329.437,0,347,83,-,90,58,0,0,0,0,9501,1680,84,0,17412,32739,-,-,-,0,189,164
1787763330.508,0,342,83,-,80,58,0,0,0,0,9501,1695,92,0,17412,32739,-,-,-,0,113,300
1787763331.585,0,343,84,-,93,60,0,0,0,0,9501,1665,88,0,17412,32739,-,-,-,0,57,309
1787763332.653,0,347,82,-,88,56,0,0,0,0,9501,1845,97,0,17412,32739,-,-,-,0,55,35
1787763333.730,0,339,84,-,100,27,0,0,0,0,9501,1620,100,0,17412,32739,-,-,-,0,42,714
1787763334.794,0,342,83,-,85,57,0,0,0,0,9501,1680,67,0,17412,32739,-,-,-,0,167,269
1787763335.865,0,345,83,-,85,60,0,0,0,0,9501,1740,72,0,17412,32739,-,-,-,0,190,118
1787763336.940,0,344,84,-,85,58,0,0,0,0,9501,1710,74,0,17412,32739,-,-,-,0,178,163
1787763338.011,0,339,81,-,56,37,0,0,0,0,9501,1905,81,0,17412,32739,-,-,-,0,206,34
1787763339.083,0,321,84,-,100,25,0,0,0,0,9501,1635,76,0,17412,32739,-,-,-,0,33,14
1787763340.160,0,349,84,-,100,27,0,0,0,0,9501,1620,99,0,17412,32739,-,-,-,0,205,16
1787763341.233,0,334,84,-,80,62,0,0,0,0,9501,1725,100,0,17412,32739,-,-,-,0,183,144
1787763342.307,0,341,83,-,83,55,0,0,0,0,9501,1680,74,0,17412,32739,-,-,-,0,195,108
1787763343.378,0,342,83,-,87,69,0,0,0,0,9501,1680,75,0,17412,32739,-,-,-,0,174,268
1787763344.451,0,348,83,-,95,63,0,0,0,0,9501,1680,76,0,17412,32739,-,-,-,0,187,42
1787763345.526,0,340,83,-,83,59,0,0,0,0,9501,1650,73,0,17412,32739,-,-,-,0,114,298
1787763346.601,0,347,83,-,94,61,0,0,0,0,9501,1605,93,0,17412,32739,-,-,-,0,114,304
1787763347.666,0,347,84,-,92,62,0,0,0,0,9501,1620,99,0,17412,32739,-,-,-,0,90,300
1787763348.740,0,347,84,-,93,63,0,0,0,0,9501,1605,100,0,17412,32739,-,-,-,0,78,323
1787763349.815,0,347,83,-,89,59,0,0,0,0,9501,1680,99,0,17412,32739,-,-,-,0,79,304
1787763350.889,0,347,83,-,93,61,0,0,0,0,9501,1605,99,0,17412,32739,-,-,-,0,73,24
1787763351.966,0,290,83,-,100,27,0,0,0,0,9501,1620,62,0,17412,32739,-,-,-,0,45,27
1787763353.041,0,348,84,-,99,28,0,0,0,0,9501,1635,99,0,17412,32739,-,-,-,0,46,19
1787763354.116,0,331,83,-,84,61,0,0,0,0,9501,1710,76,0,17412,32739,-,-,-,0,182,97
1787763355.189,0,346,83,-,86,60,0,0,0,0,9501,1725,64,0,17412,32739,-,-,-,0,310,99
1787763356.268,0,341,83,-,83,58,0,0,0,0,9501,1695,100,0,17412,32739,-,-,-,0,178,310
1787763357.345,0,342,83,-,79,65,0,0,0,0,9501,1740,68,0,17412,32739,-,-,-,0,184,100
1787763358.423,0,315,82,-,97,38,0,0,0,0,9501,1755,55,0,17412,32739,-,-,-,0,264,2288
1787763359.495,0,324,83,-,83,54,0,0,0,0,9501,1680,79,0,17412,32739,-,-,-,0,168,113
1787763360.570,0,345,83,-,81,58,0,0,0,0,9501,1665,57,0,17412,32739,-,-,-,0,197,275
1787763361.642,0,345,83,-,87,55,0,0,0,0,9501,1680,72,0,17412,32739,-,-,-,0,170,54
1787763362.715,0,344,83,-,81,64,0,0,0,0,9501,1650,96,0,17412,32739,-,-,-,0,170,270
1787763363.790,0,342,83,-,84,63,0,0,0,0,9501,1695,65,0,17412,32739,-,-,-,0,200,54
1787763364.858,0,345,83,-,88,60,0,0,0,0,9501,1710,68,0,17412,32739,-,-,-,0,156,97
1787763365.869,#,gpu,pwr,gtemp,mtemp,sm,mem,enc,dec,jpg,ofa,mclk,pclk,pviol,tviol,fb,bar1,ccpm,sbecc,dbecc,pci,rxpci,txpci
1787763365.907,#,Idx,W,C,C,%,%,%,%,%,%,MHz,MHz,%,bool,MB,MB,MB,errs,errs,errs,MB/s,MB/s
1787763365.932,0,340,83,-,84,63,0,0,0,0,9501,1755,65,0,17412,32739,-,-,-,0,196,54
1787763367.008,0,344,83,-,89,57,0,0,0,0,9501,1695,86,0,17412,32739,-,-,-,0,174,144
1787763368.086,0,343,83,-,88,58,0,0,0,0,9501,1665,93,0,17412,32739,-,-,-,0,178,335
1787763369.156,0,346,84,-,91,60,0,0,0,0,9501,1650,91,0,17412,32739,-,-,-,0,73,344
1787763370.229,0,346,83,-,85,59,0,0,0,0,9501,1710,100,0,17412,32739,-,-,-,0,268,30
1787763371.300,0,346,83,-,85,54,0,0,0,0,9501,1590,91,0,17412,32739,-,-,-,0,108,305
1787763372.368,0,344,83,-,83,57,0,0,0,0,9501,1695,78,0,17412,32739,-,-,-,0,78,29
1787763373.437,0,345,83,-,85,58,0,0,0,0,9501,1710,93,0,17412,32739,-,-,-,0,184,167
1787763374.514,0,345,83,-,86,55,0,0,0,0,9501,1695,95,0,17412,32739,-,-,-,0,50,302
1787763375.587,0,315,80,-,23,4,0,0,0,0,9501,1905,81,0,17412,32739,-,-,-,0,48,14
1787763376.660,0,328,82,-,64,15,0,0,0,0,9501,1635,82,0,17412,32739,-,-,-,0,162,329
1787763377.731,0,341,83,-,83,59,0,0,0,0,9501,1710,100,0,17412,32739,-,-,-,0,198,169
1787763378.808,0,342,83,-,84,53,0,0,0,0,9501,1680,83,0,17412,32739,-,-,-,0,189,323
1787763379.884,0,342,83,-,82,60,0,0,0,0,9501,1725,77,0,17412,32739,-,-,-,0,162,65
1787763380.960,0,342,83,-,84,61,0,0,0,0,9501,1725,64,0,17412,32739,-,-,-,0,140,52
1787763382.032,0,314,83,-,95,27,0,0,0,0,9501,1635,54,0,17412,32739,-,-,-,0,36,10
1787763383.105,0,349,84,-,100,27,0,0,0,0,9501,1620,99,0,17412,32739,-,-,-,0,48,575
1787763384.177,0,336,83,-,100,26,0,0,0,0,9501,1635,83,0,17412,32739,-,-,-,0,197,172
1787763385.252,0,346,83,-,83,64,0,0,0,0,9501,1755,93,0,17412,32739,-,-,-,0,215,120
1787763386.325,0,346,83,-,82,61,0,0,0,0,9501,1710,70,0,17412,32739,-,-,-,0,185,318
1787763387.400,0,346,84,-,87,60,0,0,0,0,9501,1710,53,0,17412,32739,-,-,-,0,96,325
1787763388.470,0,345,83,-,83,55,0,0,0,0,9501,1740,83,0,17412,32739,-,-,-,0,149,104
1787763389.542,0,342,84,-,89,62,0,0,0,0,9501,1695,66,0,17412,32739,-,-,-,0,62,39
1787763390.618,0,345,84,-,91,60,0,0,0,0,9501,1665,95,0,17412,32739,-,-,-,0,105,24
1787763391.687,0,348,83,-,91,59,0,0,0,0,9501,1635,97,0,17412,32739,-,-,-,0,81,34
1787763392.762,0,347,84,-,93,61,0,0,0,0,9501,1620,100,0,17412,32739,-,-,-,0,111,20
1787763393.836,0,347,84,-,91,59,0,0,0,0,9501,1620,99,0,17412,32739,-,-,-,0,70,25
1787763394.908,0,347,84,-,93,60,0,0,0,0,9501,1620,99,0,17412,32739,-,-,-,0,70,27
1787763395.981,0,347,84,-,93,60,0,0,0,0,9501,1635,99,0,17412,32739,-,-,-,0,70,34
1787763397.044,0,347,84,-,92,60,0,0,0,0,9501,1635,99,0,17412,32739,-,-,-,0,85,311
1787763398.118,0,307,79,-,10,0,0,0,0,0,9501,1905,79,0,17412,32739,-,-,-,0,63,658
1787763399.193,0,320,84,-,100,36,0,0,0,0,9501,1515,84,0,17412,32739,-,-,-,0,52,17
1787763400.256,0,338,83,-,84,59,0,0,0,0,9501,1680,100,0,17412,32739,-,-,-,0,171,66
1787763401.330,0,340,83,-,85,58,0,0,0,0,9501,1620,80,0,17412,32739,-,-,-,0,147,88
1787763402.406,0,341,83,-,84,62,0,0,0,0,9501,1740,63,0,17412,32739,-,-,-,0,203,160
1787763403.481,0,322,83,-,97,38,0,0,0,0,9501,1605,68,0,17412,32739,-,-,-,0,124,43
1787763404.553,0,324,83,-,86,55,0,0,0,0,9501,1575,73,0,17412,32739,-,-,-,0,191,158
1787763405.626,0,342,83,-,83,61,0,0,0,0,9501,1680,57,0,17412,32739,-,-,-,0,139,268
1787763406.690,0,343,83,-,84,58,0,0,0,0,9501,1710,86,0,17412,32739,-,-,-,0,90,312
1787763407.760,0,347,83,-,88,57,0,0,0,0,9501,1635,100,0,17412,32739,-,-,-,0,106,297
1787763408.833,0,347,84,-,93,60,0,0,0,0,9501,1620,99,0,17412,32739,-,-,-,0,178,272
1787763409.906,0,349,84,-,93,62,0,0,0,0,9501,1635,99,0,17412,32739,-,-,-,0,165,325
1787763410.978,0,345,83,-,89,57,0,0,0,0,9501,1605,99,0,17412,32739,-,-,-,0,106,301
1787763412.055,0,348,84,-,92,61,0,0,0,0,9501,1620,99,0,17412,32739,-,-,-,0,90,300
1787763413.057,#,gpu,pwr,gtemp,mtemp,sm,mem,enc,dec,jpg,ofa,mclk,pclk,pviol,tviol,fb,bar1,ccpm,sbecc,dbecc,pci,rxpci,txpci
1787763413.057,#,Idx,W,C,C,%,%,%,%,%,%,MHz,MHz,%,bool,MB,MB,MB,errs,errs,errs,MB/s,MB/s
1787763413.119,0,339,83,-,47,30,0,0,0,0,9501,1845,97,0,17412,32739,-,-,-,0,31,20
1787763414.194,0,309,84,-,100,27,0,0,0,0,9501,1620,70,0,17412,32739,-,-,-,0,160,24
1787763415.269,0,345,84,-,80,63,0,0,0,0,9501,1725,100,0,17412,32739,-,-,-,0,172,72
1787763416.343,0,347,84,-,90,57,0,0,0,0,9501,1680,70,0,17412,32739,-,-,-,0,176,216
1787763417.418,0,311,83,-,95,26,0,0,0,0,9501,1635,57,0,17412,32739,-,-,-,0,38,653
1787763418.493,0,349,84,-,100,27,0,0,0,0,9501,1605,99,0,17412,32739,-,-,-,0,766,14
1787763419.566,0,340,85,-,100,27,0,0,0,0,9501,1620,88,0,17412,32739,-,-,-,0,67,14
1787763420.638,0,334,84,-,100,27,0,0,0,0,9501,1620,89,0,17412,32739,-,-,-,0,118,297
1787763421.713,0,340,83,-,83,60,0,0,0,0,9501,1680,100,0,17412,32739,-,-,-,0,183,111
1787763422.789,0,343,84,-,93,61,0,0,0,0,9501,1620,64,0,17412,32739,-,-,-,0,57,308
1787763423.866,0,346,84,-,93,62,0,0,0,0,9501,1635,97,0,17412,32739,-,-,-,0,77,307
1787763424.940,0,347,84,-,93,60,0,0,0,0,9501,1620,99,0,17412,32739,-,-,-,0,75,312
1787763426.015,0,347,84,-,93,60,0,0,0,0,9501,1620,99,0,17412,32739,-,-,-,0,111,292
1787763427.091,0,347,84,-,92,61,0,0,0,0,9501,1605,99,0,17412,32739,-,-,-,0,103,24
1787763428.163,0,346,84,-,91,60,0,0,0,0,9501,1635,99,0,17412,32739,-,-,-,0,0,956
1787763429.237,0,326,84,-,100,24,0,0,0,0,9501,1590,100,0,17412,32739,-,-,-,0,35,16
1787763430.310,0,339,84,-,100,27,0,0,0,0,9501,1620,87,0,17412,32739,-,-,-,0,172,93
1787763431.382,0,340,83,-,86,60,0,0,0,0,9501,1680,71,0,17412,32739,-,-,-,0,188,316
1787763432.459,0,345,84,-,85,57,0,0,0,0,9501,1665,84,0,17412,32739,-,-,-,0,230,49
1787763433.534,0,340,83,-,65,43,0,0,0,0,9501,1800,71,0,17412,32739,-,-,-,0,69,30
1787763434.606,0,300,84,-,100,27,0,0,0,0,9501,1620,64,0,17412,32739,-,-,-,0,174,51
1787763435.683,0,338,84,-,81,57,0,0,0,0,9501,1680,64,0,17412,32739,-,-,-,0,197,272
1787763436.758,0,344,83,-,86,57,0,0,0,0,9501,1725,90,0,17412,32739,-,-,-,0,162,321
1787763437.833,0,341,83,-,87,59,0,0,0,0,9501,1710,71,0,17412,32739,-,-,-,0,168,59
1787763438.910,0,343,83,-,87,57,0,0,0,0,9501,1680,86,0,17412,32739,-,-,-,0,170,24
1787763439.983,0,345,83,-,86,55,0,0,0,0,9501,1605,91,0,17412,32739,-,-,-,0,57,298
1787763441.059,0,347,84,-,94,62,0,0,0,0,9501,1605,99,0,17412,32739,-,-,-,0,174,315
1787763442.132,0,348,84,-,91,61,0,0,0,0,9501,1620,89,0,17412,32739,-,-,-,0,138,80
1787763443.209,0,344,83,-,80,58,0,0,0,0,9501,1755,100,0,17412,32739,-,-,-,0,178,60
1787763444.284,0,344,84,-,90,62,0,0,0,0,9501,1680,92,0,17412,32739,-,-,-,0,161,52
1787763445.347,0,346,84,-,92,62,0,0,0,0,9501,1590,91,0,17412,32739,-,-,-,0,170,321
1787763446.423,0,346,84,-,94,61,0,0,0,0,9501,1575,97,0,17412,32739,-,-,-,0,44,302
1787763447.496,0,316,83,-,100,35,0,0,0,0,9501,1635,77,0,17412,32739,-,-,-,0,34,15
1787763448.558,0,336,82,-,92,23,0,0,0,0,9501,1650,84,0,17412,32739,-,-,-,0,191,315
1787763449.633,0,339,83,-,85,64,0,0,0,0,9501,1725,70,0,17412,32739,-,-,-,0,174,332
1787763450.710,0,342,84,-,93,61,0,0,0,0,9501,1605,100,0,17412,32739,-,-,-,0,178,105
1787763451.786,0,311,81,-,97,34,0,0,0,0,9501,1635,57,0,17412,32739,-,-,-,0,700,7913
1787763452.858,0,349,84,-,100,28,0,0,0,0,9501,1620,93,0,17412,32739,-,-,-,0,41,14
1787763453.935,0,346,84,-,100,35,0,0,0,0,9501,1605,95,0,17412,32739,-,-,-,0,38,12
1787763455.011,0,347,85,-,100,27,0,0,0,0,9501,1620,93,0,17412,32739,-,-,-,0,48,14
1787763456.082,0,346,84,-,99,35,0,0,0,0,9501,1665,95,0,17412,32739,-,-,-,0,37,730
1787763457.159,0,332,83,-,84,60,0,0,0,0,9501,1725,79,0,17412,32739,-,-,-,0,140,159
1787763458.233,0,339,83,-,85,56,0,0,0,0,9501,1680,100,0,17412,32739,-,-,-,0,198,106
1787763459.306,0,343,84,-,94,63,0,0,0,0,9501,1620,91,0,17412,32739,-,-,-,0,174,23
1787763460.316,#,gpu,pwr,gtemp,mtemp,sm,mem,enc,dec,jpg,ofa,mclk,pclk,pviol,tviol,fb,bar1,ccpm,sbecc,dbecc,pci,rxpci,txpci
1787763460.316,#,Idx,W,C,C,%,%,%,%,%,%,MHz,MHz,%,bool,MB,MB,MB,errs,errs,errs,MB/s,MB/s
1787763460.378,0,349,83,-,92,61,0,0,0,0,9501,1605,99,0,17412,32739,-,-,-,0,83,29
1787763461.454,0,347,84,-,94,62,0,0,0,0,9501,1605,99,0,17412,32739,-,-,-,0,254,302
1787763462.530,0,347,84,-,89,60,0,0,0,0,9501,1605,99,0,17412,32739,-,-,-,0,74,27
1787763463.605,0,346,83,-,85,56,0,0,0,0,9501,1710,99,0,17412,32739,-,-,-,0,88,33
1787763464.680,0,348,84,-,93,62,0,0,0,0,9501,1635,99,0,17412,32739,-,-,-,0,104,25
1787763465.758,0,348,84,-,94,63,0,0,0,0,9501,1620,100,0,17412,32739,-,-,-,0,110,308
1787763466.834,0,347,84,-,94,62,0,0,0,0,9501,1590,99,0,17412,32739,-,-,-,0,0,0
1787763467.905,0,275,84,-,69,18,0,0,0,0,9501,1755,49,0,17412,32739,-,-,-,0,180,164
1787763468.981,0,337,83,-,85,61,0,0,0,0,9501,1725,36,0,17412,32739,-,-,-,0,167,308
1787763470.057,0,347,83,-,84,59,0,0,0,0,9501,1650,68,0,17412,32739,-,-,-,0,174,320
1787763471.127,0,324,83,-,100,39,0,0,0,0,9501,1755,58,0,17412,32739,-,-,-,0,32,36
1787763472.203,0,335,83,-,80,64,0,0,0,0,9501,1725,95,0,17412,32739,-,-,-,0,200,102
1787763473.277,0,345,83,-,88,57,0,0,0,0,9501,1695,82,0,17412,32739,-,-,-,0,71,33
1787763474.341,0,345,83,-,90,59,0,0,0,0,9501,1665,84,0,17412,32739,-,-,-,0,180,300
1787763475.411,0,345,83,-,87,56,0,0,0,0,9501,1710,82,0,17412,32739,-,-,-,0,154,44
1787763476.473,0,346,83,-,88,58,0,0,0,0,9501,1650,71,0,17412,32739,-,-,-,0,167,31
1787763477.549,0,346,84,-,91,58,0,0,0,0,9501,1680,97,0,17412,32739,-,-,-,0,139,25
1787763478.623,0,347,84,-,93,61,0,0,0,0,9501,1605,99,0,17412,32739,-,-,-,0,173,52
1787763479.698,0,346,83,-,87,56,0,0,0,0,9501,1680,99,0,17412,32739,-,-,-,0,107,299
1787763480.771,0,345,83,-,85,55,0,0,0,0,9501,1605,100,0,17412,32739,-,-,-,0,0,0
1787763481.839,0,301,82,-,58,13,0,0,0,0,9501,1635,61,0,17412,32739,-,-,-,0,50,14
1787763482.913,0,333,83,-,86,60,0,0,0,0,9501,1695,79,0,17412,32739,-,-,-,0,192,327
1787763483.977,0,343,83,-,87,58,0,0,0,0,9501,1725,70,0,17412,32739,-,-,-,0,174,315
1787763485.051,0,344,83,-,87,60,0,0,0,0,9501,1680,74,0,17412,32739,-,-,-,0,187,52
1787763486.127,0,318,82,-,100,36,0,0,0,0,9501,1605,63,0,17412,32739,-,-,-,0,49,46
1787763487.200,0,346,85,-,100,27,0,0,0,0,9501,1575,91,0,17412,32739,-,-,-,0,4,4576
1787763488.277,0,339,85,-,100,24,0,0,0,0,9501,1605,100,0,17412,32739,-,-,-,0,49,11
1787763489.353,0,347,85,-,100,27,0,0,0,0,9501,1605,93,0,17412,32739,-,-,-,0,31,28
1787763490.424,0,349,85,-,99,25,0,0,0,0,9501,1635,99,0,17412,32739,-,-,-,0,48,41
1787763491.500,0,348,85,-,100,25,0,0,0,0,9501,1605,94,0,17412,32739,-,-,-,0,45,21
1787763492.575,0,349,85,-,100,26,0,0,0,0,9501,1620,99,0,17412,32739,-,-,-,0,35,13
1787763493.650,0,338,85,-,100,25,0,0,0,0,9501,1620,87,0,17412,32739,-,-,-,0,108,309
1787763494.724,0,347,84,-,87,56,0,0,0,0,9501,1710,100,0,17412,32739,-,-,-,0,49,304
1787763495.798,0,347,84,-,93,63,0,0,0,0,9501,1605,99,0,17412,32739,-,-,-,0,115,307
1787763496.865,0,347,84,-,92,63,0,0,0,0,9501,1620,99,0,17412,32739,-,-,-,0,90,29
1787763497.938,0,348,84,-,93,63,0,0,0,0,9501,1605,99,0,17412,32739,-,-,-,0,92,309
1787763499.008,0,347,84,-,93,63,0,0,0,0,9501,1605,99,0,17412,32739,-,-,-,0,103,304
1787763500.079,0,347,84,-,93,63,0,0,0,0,9501,1605,99,0,17412,32739,-,-,-,0,7421,53
1787763501.141,0,272,82,-,61,15,0,0,0,0,9501,1755,47,0,17412,32739,-,-,-,0,175,169
1787763502.218,0,342,83,-,83,58,0,0,0,0,9501,1680,100,0,17412,32739,-,-,-,0,124,207
1787763503.295,0,339,83,-,81,62,0,0,0,0,9501,1680,80,0,17412,32739,-,-,-,0,6,2865
1787763504.368,0,303,82,-,83,23,0,0,0,0,9501,1755,64,0,17412,32739,-,-,-,0,116,145
1787763505.446,0,338,84,-,86,58,0,0,0,0,9501,1695,60,0,17412,32739,-,-,-,0,173,334
1787763506.511,0,347,84,-,86,56,0,0,0,0,9501,1665,63,0,17412,32739,-,-,-,0,257,271
1787763507.523,#,gpu,pwr,gtemp,mtemp,sm,mem,enc,dec,jpg,ofa,mclk,pclk,pviol,tviol,fb,bar1,ccpm,sbecc,dbecc,pci,rxpci,txpci
1787763507.523,#,Idx,W,C,C,%,%,%,%,%,%,MHz,MHz,%,bool,MB,MB,MB,errs,errs,errs,MB/s,MB/s
1787763507.586,0,345,83,-,86,62,0,0,0,0,9501,1740,79,0,17412,32739,-,-,-,0,79,130
1787763508.651,0,346,83,-,87,56,0,0,0,0,9501,1725,76,0,17412,32739,-,-,-,0,94,312
1787763509.729,0,349,84,-,93,61,0,0,0,0,9501,1605,100,0,17412,32739,-,-,-,0,87,32
1787763510.804,0,347,83,-,93,61,0,0,0,0,9501,1620,99,0,17412,32739,-,-,-,0,173,30
1787763511.879,0,344,83,-,86,57,0,0,0,0,9501,1680,91,0,17412,32739,-,-,-,0,100,19
1787763512.945,0,270,82,-,67,15,0,0,0,0,9501,1635,47,0,17412,32739,-,-,-,0,754,18
1787763514.022,0,344,84,-,100,28,0,0,0,0,9501,1605,99,0,17412,32739,-,-,-,0,64,28
1787763515.090,0,342,84,-,99,26,0,0,0,0,9501,1635,91,0,17412,32739,-,-,-,0,44,16
1787763516.165,0,346,85,-,100,26,0,0,0,0,9501,1620,95,0,17412,32739,-,-,-,0,39,17
1787763517.240,0,337,84,-,80,19,0,0,0,0,9501,1650,100,0,17412,32739,-,-,-,0,70,16
1787763518.318,0,337,83,-,87,59,0,0,0,0,9501,1710,89,0,17412,32739,-,-,-,0,173,60
1787763519.395,0,342,83,-,79,57,0,0,0,0,9501,1695,85,0,17412,32739,-,-,-,0,168,325
1787763520.472,0,343,84,-,84,61,0,0,0,0,9501,1695,79,0,17412,32739,-,-,-,0,208,318
1787763521.537,0,348,83,-,94,61,0,0,0,0,9501,1620,92,0,17412,32739,-,-,-,0,128,25
1787763522.600,0,347,83,-,89,60,0,0,0,0,9501,1635,99,0,17412,32739,-,-,-,0,47,308
1787763523.677,0,347,83,-,93,61,0,0,0,0,9501,1605,99,0,17412,32739,-,-,-,0,112,329
1787763524.753,0,336,80,-,29,18,0,0,0,0,9501,1905,100,0,17412,32739,-,-,-,0,0,11575
1787763525.828,0,294,84,-,100,26,0,0,0,0,9501,1620,62,0,17412,32739,-,-,-,0,1272,3638
1787763526.905,0,341,83,-,87,59,0,0,0,0,9501,1740,73,0,17412,32739,-,-,-,0,200,225
1787763527.970,0,339,83,-,82,62,0,0,0,0,9501,1740,68,0,17412,32739,-,-,-,0,172,323
1787763529.045,0,338,83,-,76,53,0,0,0,0,9501,1635,62,0,17412,32739,-,-,-,0,157,321
1787763530.119,0,303,83,-,61,19,0,0,0,0,9501,1620,63,0,17412,32739,-,-,-,0,39,12
1787763531.195,0,333,83,-,86,56,0,0,0,0,9501,1710,71,0,17412,32739,-,-,-,0,176,54
1787763532.257,0,341,83,-,86,61,0,0,0,0,9501,1695,100,0,17412,32739,-,-,-,0,163,172
1787763533.323,0,345,83,-,88,57,0,0,0,0,9501,1695,76,0,17412,32739,-,-,-,0,72,25
1787763534.400,0,345,83,-,85,55,0,0,0,0,9501,1665,96,0,17412,32739,-,-,-,0,63,50
1787763535.475,0,344,83,-,85,53,0,0,0,0,9501,1755,97,0,17412,32739,-,-,-,0,195,331
1787763536.552,0,341,83,-,80,61,0,0,0,0,9501,1740,67,0,17412,32739,-,-,-,0,103,104
1787763537.627,0,338,83,-,87,59,0,0,0,0,9501,1695,59,0,17412,32739,-,-,-,0,185,157
1787763538.705,0,345,84,-,89,59,0,0,0,0,9501,1620,91,0,17412,32739,-,-,-,0,99,298
1787763539.781,0,348,83,-,93,61,0,0,0,0,9501,1590,100,0,17412,32739,-,-,-,0,76,334
1787763540.856,0,347,83,-,93,60,0,0,0,0,9501,1620,99,0,17412,32739,-,-,-,0,56,299
1787763541.933,0,348,84,-,94,61,0,0,0,0,9501,1620,99,0,17412,32739,-,-,-,0,96,290
1787763543.009,0,348,83,-,93,59,0,0,0,0,9501,1725,99,0,17412,32739,-,-,-,0,181,52
1787763544.084,0,345,84,-,81,61,0,0,0,0,9501,1605,79,0,17412,32739,-,-,-,0,137,294
1787763545.147,0,346,84,-,85,58,0,0,0,0,9501,1635,90,0,17412,32739,-,-,-,0,51,303
1787763546.222,0,346,84,-,92,60,0,0,0,0,9501,1620,100,0,17412,32739,-,-,-,0,93,303
1787763547.298,0,348,84,-,94,61,0,0,0,0,9501,1605,99,0,17412,32739,-,-,-,0,73,29
1787763548.373,0,347,83,-,87,55,0,0,0,0,9501,1695,99,0,17412,32739,-,-,-,0,108,304
1787763549.451,0,346,83,-,87,58,0,0,0,0,9501,1695,99,0,17412,32739,-,-,-,0,173,336
1787763550.525,0,344,83,-,85,58,0,0,0,0,9501,1725,81,0,17412,32739,-,-,-,0,174,221
1787763551.597,0,343,84,-,85,61,0,0,0,0,9501,1665,60,0,17412,32739,-,-,-,0,183,55
1787763552.671,0,343,83,-,90,61,0,0,0,0,9501,1680,72,0,17412,32739,-,-,-,0,193,161
1787763553.744,0,344,83,-,94,62,0,0,0,0,9501,1620,100,0,17412,32739,-,-,-,0,44,298
1787763554.755,#,gpu,pwr,gtemp,mtemp,sm,mem,enc,dec,jpg,ofa,mclk,pclk,pviol,tviol,fb,bar1,ccpm,sbecc,dbecc,pci,rxpci,txpci
1787763554.755,#,Idx,W,C,C,%,%,%,%,%,%,MHz,MHz,%,bool,MB,MB,MB,errs,errs,errs,MB/s,MB/s
1787763554.816,0,348,84,-,93,62,0,0,0,0,9501,1605,98,0,17412,32739,-,-,-,0,139,21
1787763555.892,0,346,84,-,94,61,0,0,0,0,9501,1620,97,0,17412,32739,-,-,-,0,102,321
1787763556.966,0,348,84,-,93,61,0,0,0,0,9501,1620,99,0,17412,32739,-,-,-,0,68,36
1787763558.044,0,348,83,-,94,61,0,0,0,0,9501,1620,99,0,17412,32739,-,-,-,0,124,306
1787763559.116,0,347,84,-,91,61,0,0,0,0,9501,1590,99,0,17412,32739,-,-,-,0,86,312
1787763560.189,0,348,84,-,94,62,0,0,0,0,9501,1605,99,0,17412,32739,-,-,-,0,205,83
1787763561.264,0,342,83,-,82,60,0,0,0,0,9501,1725,100,0,17412,32739,-,-,-,0,153,305
1787763562.338,0,346,83,-,88,60,0,0,0,0,9501,1665,90,0,17412,32739,-,-,-,0,65,34
1787763563.413,0,346,84,-,93,61,0,0,0,0,9501,1620,99,0,17412,32739,-,-,-,0,195,102
1787763564.490,0,346,84,-,86,56,0,0,0,0,9501,1545,89,0,17412,32739,-,-,-,0,351,105
1787763565.565,0,347,84,-,88,59,0,0,0,0,9501,1635,93,0,17412,32739,-,-,-,0,164,30
1787763566.637,0,313,83,-,100,34,0,0,0,0,9501,1635,71,0,17412,32739,-,-,-,0,36,21
1787763567.710,0,349,85,-,100,27,0,0,0,0,9501,1635,100,0,17412,32739,-,-,-,0,45,587
1787763568.785,0,347,83,-,89,24,0,0,0,0,9501,1755,95,0,17412,32739,-,-,-,0,35,33
1787763569.860,0,333,84,-,84,56,0,0,0,0,9501,1695,79,0,17412,32739,-,-,-,0,176,52
1787763570.938,0,345,84,-,80,60,0,0,0,0,9501,1665,71,0,17412,32739,-,-,-,0,172,57
1787763572.013,0,342,83,-,85,57,0,0,0,0,9501,1605,67,0,17412,32739,-,-,-,0,194,217
1787763573.090,0,339,83,-,85,55,0,0,0,0,9501,1740,74,0,17412,32739,-,-,-,0,61,36
1787763574.165,0,308,84,-,100,26,0,0,0,0,9501,1620,60,0,17412,32739,-,-,-,0,40,654
1787763575.240,0,346,85,-,93,24,0,0,0,0,9501,1650,100,0,17412,32739,-,-,-,0,62,11
1787763576.316,0,349,85,-,100,27,0,0,0,0,9501,1620,99,0,17412,32739,-,-,-,0,36,18
1787763577.379,0,348,85,-,99,26,0,0,0,0,9501,1620,97,0,17412,32739,-,-,-,0,60,16
1787763578.452,0,348,85,-,100,25,0,0,0,0,9501,1620,99,0,17412,32739,-,-,-,0,39,53
1787763579.524,0,331,84,-,100,25,0,0,0,0,9501,1635,82,0,17412,32739,-,-,-,0,234,163
1787763580.601,0,336,84,-,86,60,0,0,0,0,9501,1725,58,0,17412,32739,-,-,-,0,125,155
1787763581.673,0,345,84,-,92,75,0,0,0,0,9501,1665,64,0,17412,32739,-,-,-,0,162,146
1787763582.748,0,340,84,-,87,63,0,0,0,0,9501,1740,95,0,17412,32739,-,-,-,0,195,160
1787763583.820,0,344,84,-,85,58,0,0,0,0,9501,1710,40,0,17412,32739,-,-,-,0,193,156
1787763584.882,0,344,83,-,84,58,0,0,0,0,9501,1650,61,0,17412,32739,-,-,-,0,190,60
1787763585.957,0,342,84,-,85,64,0,0,0,0,9501,1725,54,0,17412,32739,-,-,-,0,182,109
1787763587.033,0,343,83,-,87,58,0,0,0,0,9501,1740,74,0,17412,32739,-,-,-,0,180,53
1787763588.096,0,342,83,-,87,58,0,0,0,0,9501,1725,69,0,17412,32739,-,-,-,0,191,110
1787763589.170,0,341,84,-,85,61,0,0,0,0,9501,1725,65,0,17412,32739,-,-,-,0,163,335
1787763590.246,0,344,84,-,86,59,0,0,0,0,9501,1635,100,0,17412,32739,-,-,-,0,192,94
1787763591.320,0,342,83,-,82,63,0,0,0,0,9501,1755,73,0,17412,32739,-,-,-,0,128,168
1787763592.395,0,338,84,-,85,58,0,0,0,0,9501,1710,71,0,17412,32739,-,-,-,0,179,266
1787763593.471,0,347,83,-,91,60,0,0,0,0,9501,1680,72,0,17412,32739,-,-,-,0,49,316
1787763594.534,0,347,84,-,93,62,0,0,0,0,9501,1605,99,0,17412,32739,-,-,-,0,115,324
1787763595.613,0,346,83,-,89,61,0,0,0,0,9501,1695,99,0,17412,32739,-,-,-,0,190,31
1787763596.689,0,345,84,-,83,61,0,0,0,0,9501,1710,88,0,17412,32739,-,-,-,0,199,271
1787763597.763,0,344,84,-,87,58,0,0,0,0,9501,1695,100,0,17412,32739,-,-,-,0,190,72
1787763598.827,0,347,84,-,93,61,0,0,0,0,9501,1605,89,0,17412,32739,-,-,-,0,110,298
1787763599.900,0,348,84,-,93,61,0,0,0,0,9501,1605,99,0,17412,32739,-,-,-,0,49,299
1787763600.962,0,347,84,-,93,61,0,0,0,0,9501,1620,99,0,17412,32739,-,-,-,0,58,36
1787763601.971,#,gpu,pwr,gtemp,mtemp,sm,mem,enc,dec,jpg,ofa,mclk,pclk,pviol,tviol,fb,bar1,ccpm,sbecc,dbecc,pci,rxpci,txpci
1787763602.011,#,Idx,W,C,C,%,%,%,%,%,%,MHz,MHz,%,bool,MB,MB,MB,errs,errs,errs,MB/s,MB/s
1787763602.033,0,347,84,-,93,61,0,0,0,0,9501,1635,100,0,17412,32739,-,-,-,0,118,290
1787763603.107,0,348,84,-,92,61,0,0,0,0,9501,1620,99,0,17412,32739,-,-,-,0,86,313
1787763604.184,0,348,84,-,92,61,0,0,0,0,9501,1650,99,0,17412,32739,-,-,-,0,72,39
1787763605.259,0,345,84,-,88,60,0,0,0,0,9501,1635,100,0,17412,32739,-,-,-,0,150,20
1787763606.331,0,341,84,-,83,67,0,0,0,0,9501,1695,84,0,17412,32739,-,-,-,0,127,307
1787763607.394,0,339,84,-,86,58,0,0,0,0,9501,1710,71,0,17412,32739,-,-,-,0,115,18
1787763608.469,0,345,84,-,85,60,0,0,0,0,9501,1680,86,0,17412,32739,-,-,-,0,206,168
1787763609.543,0,348,84,-,87,61,0,0,0,0,9501,1725,71,0,17412,32739,-,-,-,0,89,79
1787763610.617,0,346,84,-,85,57,0,0,0,0,9501,1725,74,0,17412,32739,-,-,-,0,195,108
1787763611.691,0,346,84,-,87,64,0,0,0,0,9501,1740,54,0,17412,32739,-,-,-,0,201,55
1787763612.754,0,345,84,-,83,61,0,0,0,0,9501,1695,93,0,17412,32739,-,-,-,0,208,25
1787763613.833,0,344,84,-,82,57,0,0,0,0,9501,1680,73,0,17412,32739,-,-,-,0,193,115
1787763614.904,0,348,84,-,92,61,0,0,0,0,9501,1620,74,0,17412,32739,-,-,-,0,80,308
1787763615.982,0,348,84,-,91,61,0,0,0,0,9501,1590,91,0,17412,32739,-,-,-,0,184,104
1787763617.059,0,341,84,-,88,65,0,0,0,0,9501,1710,81,0,17412,32739,-,-,-,0,40,309
1787763618.122,0,345,83,-,87,56,0,0,0,0,9501,1725,82,0,17412,32739,-,-,-,0,86,314
1787763619.197,0,346,83,-,90,60,0,0,0,0,9501,1695,95,0,17412,32739,-,-,-,0,122,296
1787763620.262,0,343,83,-,84,60,0,0,0,0,9501,1695,100,0,17412,32739,-,-,-,0,176,218
1787763621.326,0,343,84,-,82,61,0,0,0,0,9501,1725,87,0,17412,32739,-,-,-,0,201,159
1787763622.391,0,344,83,-,86,58,0,0,0,0,9501,1710,84,0,17412,32739,-,-,-,0,164,329
1787763623.465,0,341,84,-,79,59,0,0,0,0,9501,1725,83,0,17412,32739,-,-,-,0,195,28
1787763624.540,0,342,84,-,88,59,0,0,0,0,9501,1620,80,0,17412,32739,-,-,-,0,183,60
1787763625.611,0,344,84,-,84,57,0,0,0,0,9501,1680,87,0,17412,32739,-,-,-,0,202,174
1787763626.686,0,343,83,-,85,57,0,0,0,0,9501,1665,81,0,17412,32739,-,-,-,0,78,317
1787763627.759,0,347,84,-,92,62,0,0,0,0,9501,1560,100,0,17412,32739,-,-,-,0,53,324
1787763628.832,0,347,84,-,93,63,0,0,0,0,9501,1635,99,0,17412,32739,-,-,-,0,155,29
1787763629.908,0,345,84,-,86,69,0,0,0,0,9501,1650,81,0,17412,32739,-,-,-,0,190,103
1787763630.985,0,347,84,-,84,57,0,0,0,0,9501,1665,68,0,17412,32739,-,-,-,0,122,302
1787763632.057,0,348,84,-,93,60,0,0,0,0,9501,1605,99,0,17412,32739,-,-,-,0,164,307
1787763633.131,0,347,84,-,92,61,0,0,0,0,9501,1635,97,0,17412,32739,-,-,-,0,0,0
1787763634.208,0,270,83,-,62,23,0,0,0,0,9501,1830,45,0,17412,32739,-,-,-,0,170,305
1787763635.282,0,336,83,-,84,59,0,0,0,0,9501,1725,100,0,17412,32739,-,-,-,0,0,0
1787763636.359,0,303,84,-,100,28,0,0,0,0,9501,1605,62,0,17412,32739,-,-,-,0,34,14
1787763637.432,0,345,84,-,75,19,0,0,0,0,9501,1635,93,0,17412,32739,-,-,-,0,51,19
1787763638.508,0,346,85,-,100,27,0,0,0,0,9501,1620,99,0,17412,32739,-,-,-,0,34,14
1787763639.570,0,348,85,-,100,26,0,0,0,0,9501,1635,95,0,17412,32739,-,-,-,0,40,693
1787763640.645,0,348,85,-,100,25,0,0,0,0,9501,1635,99,0,17412,32739,-,-,-,0,53,12
1787763641.720,0,349,85,-,100,26,0,0,0,0,9501,1620,100,0,17412,32739,-,-,-,0,1138,24
1787763642.783,0,348,85,-,99,24,0,0,0,0,9501,1650,95,0,17412,32739,-,-,-,0,33,12
1787763643.848,0,348,85,-,100,25,0,0,0,0,9501,1620,99,0,17412,32739,-,-,-,0,52,11
1787763644.921,0,340,85,-,95,42,0,0,0,0,9501,1605,84,0,17412,32739,-,-,-,0,54,14
1787763645.983,0,330,84,-,83,63,0,0,0,0,9501,1755,71,0,17412,32739,-,-,-,0,181,322
1787763647.057,0,343,83,-,80,60,0,0,0,0,9501,1725,71,0,17412,32739,-,-,-,0,186,106
1787763648.134,0,344,83,-,87,61,0,0,0,0,9501,1725,68,0,17412,32739,-,-,-,0,82,302
1787763649.146,#,gpu,pwr,gtemp,mtemp,sm,mem,enc,dec,jpg,ofa,mclk,pclk,pviol,tviol,fb,bar1,ccpm,sbecc,dbecc,pci,rxpci,txpci
1787763649.146,#,Idx,W,C,C,%,%,%,%,%,%,MHz,MHz,%,bool,MB,MB,MB,errs,errs,errs,MB/s,MB/s
1787763649.209,0,346,84,-,93,62,0,0,0,0,9501,1620,98,0,17412,32739,-,-,-,0,176,33
1787763650.285,0,348,84,-,93,63,0,0,0,0,9501,1635,100,0,17412,32739,-,-,-,0,87,23
1787763651.362,0,348,84,-,92,62,0,0,0,0,9501,1635,99,0,17412,32739,-,-,-,0,119,298
1787763652.438,0,347,84,-,93,62,0,0,0,0,9501,1620,99,0,17412,32739,-,-,-,0,116,292
1787763653.514,0,348,84,-,92,62,0,0,0,0,9501,1620,99,0,17412,32739,-,-,-,0,116,319
1787763654.589,0,348,84,-,92,62,0,0,0,0,9501,1650,99,0,17412,32739,-,-,-,0,113,316
1787763655.657,0,348,84,-,94,63,0,0,0,0,9501,1620,99,0,17412,32739,-,-,-,0,280,302
1787763656.734,0,348,84,-,94,62,0,0,0,0,9501,1635,100,0,17412,32739,-,-,-,0,52,324
1787763657.806,0,348,84,-,93,61,0,0,0,0,9501,1635,99,0,17412,32739,-,-,-,0,46,317
1787763658.883,0,348,84,-,93,62,0,0,0,0,9501,1635,99,0,17412,32739,-,-,-,0,75,27
1787763659.955,0,347,84,-,93,62,0,0,0,0,9501,1650,97,0,17412,32739,-,-,-,0,124,16
1787763661.027,0,344,84,-,84,57,0,0,0,0,9501,1680,91,0,17412,32739,-,-,-,0,173,289
1787763662.090,0,346,84,-,85,63,0,0,0,0,9501,1695,75,0,17412,32739,-,-,-,0,100,308
1787763663.165,0,345,84,-,82,54,0,0,0,0,9501,1740,91,0,17412,32739,-,-,-,0,48,307
1787763664.239,0,344,84,-,85,59,0,0,0,0,9501,1665,100,0,17412,32739,-,-,-,0,84,307
1787763665.307,0,346,84,-,93,63,0,0,0,0,9501,1620,97,0,17412,32739,-,-,-,0,110,298
1787763666.383,0,346,84,-,92,62,0,0,0,0,9501,1620,99,0,17412,32739,-,-,-,0,102,314
1787763667.461,0,347,84,-,93,62,0,0,0,0,9501,1605,99,0,17412,32739,-,-,-,0,80,311
1787763668.524,0,346,84,-,92,63,0,0,0,0,9501,1620,99,0,17412,32739,-,-,-,0,131,35
1787763669.596,0,346,84,-,85,55,0,0,0,0,9501,1710,99,0,17412,32739,-,-,-,0,88,29
1787763670.673,0,312,80,-,0,0,0,0,0,0,9501,1905,81,0,17412,32739,-,-,-,0,258,298
1787763671.748,0,325,81,-,38,11,0,0,0,0,9501,1755,88,0,17412,32739,-,-,-,0,59,18
1787763672.809,0,323,83,-,77,19,0,0,0,0,9501,1635,82,0,17412,32739,-,-,-,0,33,14
1787763673.884,0,339,84,-,87,56,0,0,0,0,9501,1665,78,0,17412,32739,-,-,-,0,186,104
1787763674.958,0,344,84,-,87,55,0,0,0,0,9501,1710,66,0,17412,32739,-,-,-,0,129,308
1787763676.029,0,341,84,-,84,57,0,0,0,0,9501,1695,83,0,17412,32739,-,-,-,0,174,277
1787763677.094,0,345,83,-,84,59,0,0,0,0,9501,1695,81,0,17412,32739,-,-,-,0,117,243
1787763678.156,0,344,83,-,81,62,0,0,0,0,9501,1710,94,0,17412,32739,-,-,-,0,168,311
1787763679.228,0,348,84,-,88,62,0,0,0,0,9501,1680,100,0,17412,32739,-,-,-,0,171,271
1787763680.306,0,348,84,-,85,56,0,0,0,0,9501,1680,95,0,17412,32739,-,-,-,0,103,300
1787763681.380,0,346,84,-,85,57,0,0,0,0,9501,1695,93,0,17412,32739,-,-,-,0,65,25
1787763682.453,0,347,84,-,92,60,0,0,0,0,9501,1620,94,0,17412,32739,-,-,-,0,205,55
1787763683.528,0,346,84,-,89,57,0,0,0,0,9501,1680,97,0,17412,32739,-,-,-,0,71,34
1787763684.593,0,307,84,-,100,25,0,0,0,0,9501,1635,70,0,17412,32739,-,-,-,0,41,33
1787763685.665,0,333,84,-,84,57,0,0,0,0,9501,1755,79,0,17412,32739,-,-,-,0,190,96
1787763686.742,0,342,83,-,86,58,0,0,0,0,9501,1695,88,0,17412,32739,-,-,-,0,270,174
1787763687.813,0,346,84,-,88,57,0,0,0,0,9501,1710,81,0,17412,32739,-,-,-,0,150,38
1787763688.888,0,311,83,-,92,33,0,0,0,0,9501,1695,62,0,17412,32739,-,-,-,0,40,12
1787763689.961,0,349,84,-,100,27,0,0,0,0,9501,1620,99,0,17412,32739,-,-,-,0,38,14
1787763691.023,0,341,83,-,98,24,0,0,0,0,9501,1650,89,0,17412,32739,-,-,-,0,1444,5887
1787763692.094,0,335,84,-,85,61,0,0,0,0,9501,1740,83,0,17412,32739,-,-,-,0,187,61
1787763693.171,0,346,84,-,79,59,0,0,0,0,9501,1755,60,0,17412,32739,-,-,-,0,183,108
1787763694.247,0,346,84,-,93,62,0,0,0,0,9501,1620,100,0,17412,32739,-,-,-,0,139,299
1787763695.318,0,347,84,-,94,62,0,0,0,0,9501,1605,99,0,17412,32739,-,-,-,0,92,303
1787763696.329,#,gpu,pwr,gtemp,mtemp,sm,mem,enc,dec,jpg,ofa,mclk,pclk,pviol,tviol,fb,bar1,ccpm,sbecc,dbecc,pci,rxpci,txpci
1787763696.329,#,Idx,W,C,C,%,%,%,%,%,%,MHz,MHz,%,bool,MB,MB,MB,errs,errs,errs,MB/s,MB/s
1787763696.391,0,347,84,-,92,62,0,0,0,0,9501,1620,99,0,17412,32739,-,-,-,0,46,310
1787763697.466,0,347,84,-,93,61,0,0,0,0,9501,1605,99,0,17412,32739,-,-,-,0,122,25
1787763698.543,0,348,84,-,93,61,0,0,0,0,9501,1605,99,0,17412,32739,-,-,-,0,106,300
1787763699.618,0,347,84,-,91,62,0,0,0,0,9501,1620,99,0,17412,32739,-,-,-,0,82,308
1787763700.690,0,347,84,-,92,62,0,0,0,0,9501,1590,99,0,17412,32739,-,-,-,0,67,33
1787763701.764,0,300,84,-,100,28,0,0,0,0,9501,1635,100,0,17412,32739,-,-,-,0,43,60
1787763702.838,0,346,85,-,85,31,0,0,0,0,9501,1755,99,0,17412,32739,-,-,-,0,37,14
1787763703.901,0,332,84,-,82,54,0,0,0,0,9501,1605,79,0,17412,32739,-,-,-,0,175,51
1787763704.976,0,346,84,-,86,62,0,0,0,0,9501,1695,76,0,17412,32739,-,-,-,0,112,168
1787763706.052,0,346,84,-,87,60,0,0,0,0,9501,1695,68,0,17412,32739,-,-,-,0,170,325
1787763707.114,0,340,84,-,52,34,0,0,0,0,9501,1845,71,0,17412,32739,-,-,-,0,99,34
1787763708.178,0,309,84,-,100,25,0,0,0,0,9501,1650,60,0,17412,32739,-,-,-,0,193,27
1787763709.253,0,347,84,-,82,58,0,0,0,0,9501,1710,100,0,17412,32739,-,-,-,0,68,39
1787763710.325,0,344,84,-,84,54,0,0,0,0,9501,1605,81,0,17412,32739,-,-,-,0,103,297
1787763711.403,0,346,84,-,85,56,0,0,0,0,9501,1695,71,0,17412,32739,-,-,-,0,194,53
1787763712.477,0,347,84,-,85,55,0,0,0,0,9501,1575,83,0,17412,32739,-,-,-,0,110,308
1787763713.549,0,346,84,-,86,57,0,0,0,0,9501,1695,99,0,17412,32739,-,-,-,0,80,343
1787763714.620,0,344,84,-,81,58,0,0,0,0,9501,1755,99,0,17412,32739,-,-,-,0,96,299
1787763715.697,0,345,84,-,87,57,0,0,0,0,9501,1620,95,0,17412,32739,-,-,-,0,75,38
1787763716.774,0,344,84,-,82,58,0,0,0,0,9501,1635,100,0,17412,32739,-,-,-,0,221,218
1787763717.850,0,342,84,-,86,56,0,0,0,0,9501,1695,82,0,17412,32739,-,-,-,0,190,112
1787763718.926,0,342,84,-,85,60,0,0,0,0,9501,1710,74,0,17412,32739,-,-,-,0,177,167
1787763720.002,0,346,84,-,84,55,0,0,0,0,9501,1725,71,0,17412,32739,-,-,-,0,109,149
1787763721.077,0,348,84,-,94,61,0,0,0,0,9501,1620,90,0,17412,32739,-,-,-,0,103,299
1787763722.147,0,348,84,-,91,59,0,0,0,0,9501,1650,99,0,17412,32739,-,-,-,0,95,312
1787763723.220,0,347,84,-,93,60,0,0,0,0,9501,1590,100,0,17412,32739,-,-,-,0,106,293
1787763724.298,0,346,84,-,93,61,0,0,0,0,9501,1620,97,0,17412,32739,-,-,-,0,107,299
1787763725.374,0,343,84,-,61,39,0,0,0,0,9501,1875,99,0,17412,32739,-,-,-,0,8,36
1787763726.441,0,303,85,-,100,26,0,0,0,0,9501,1635,66,0,17412,32739,-,-,-,0,69,32
1787763727.516,0,334,83,-,67,37,0,0,0,0,9501,1665,85,0,17412,32739,-,-,-,0,105,309
1787763728.592,0,336,84,-,87,56,0,0,0,0,9501,1695,82,0,17412,32739,-,-,-,0,202,126
1787763729.667,0,346,84,-,87,60,0,0,0,0,9501,1680,63,0,17412,32739,-,-,-,0,175,319
1787763730.742,0,342,84,-,88,57,0,0,0,0,9501,1650,100,0,17412,32739,-,-,-,0,164,320
1787763731.820,0,318,83,-,99,39,0,0,0,0,9501,1755,64,0,17412,32739,-,-,-,0,699,14
1787763732.895,0,343,84,-,99,24,0,0,0,0,9501,1605,93,0,17412,32739,-,-,-,0,154,25
1787763733.970,0,346,85,-,100,27,0,0,0,0,9501,1605,95,0,17412,32739,-,-,-,0,60,19
1787763735.043,0,342,85,-,100,27,0,0,0,0,9501,1635,89,0,17412,32739,-,-,-,0,907,12
1787763736.109,0,336,84,-,86,58,0,0,0,0,9501,1710,83,0,17412,32739,-,-,-,0,112,308
1787763737.183,0,345,84,-,82,58,0,0,0,0,9501,1710,60,0,17412,32739,-,-,-,0,220,95
1787763738.255,0,342,84,-,84,58,0,0,0,0,9501,1725,100,0,17412,32739,-,-,-,0,178,64
1787763739.316,0,346,84,-,78,56,0,0,0,0,9501,1740,47,0,17412,32739,-,-,-,0,186,155
1787763740.384,0,344,84,-,85,65,0,0,0,0,9501,1740,57,0,17412,32739,-,-,-,0,192,266
1787763741.458,0,343,83,-,82,61,0,0,0,0,9501,1755,65,0,17412,32739,-,-,-,0,174,67
1787763742.530,0,345,84,-,85,62,0,0,0,0,9501,1755,53,0,17412,32739,-,-,-,0,172,152
1787763743.543,#,gpu,pwr,gtemp,mtemp,sm,mem,enc,dec,jpg,ofa,mclk,pclk,pviol,tviol,fb,bar1,ccpm,sbecc,dbecc,pci,rxpci,txpci
1787763743.543,#,Idx,W,C,C,%,%,%,%,%,%,MHz,MHz,%,bool,MB,MB,MB,errs,errs,errs,MB/s,MB/s
1787763743.605,0,347,84,-,86,59,0,0,0,0,9501,1680,52,0,17412,32739,-,-,-,0,213,52
1787763744.680,0,349,84,-,87,56,0,0,0,0,9501,1650,90,0,17412,32739,-,-,-,0,207,159
1787763745.755,0,345,83,-,78,60,0,0,0,0,9501,1695,100,0,17412,32739,-,-,-,0,181,175
1787763746.832,0,344,84,-,82,55,0,0,0,0,9501,1635,70,0,17412,32739,-,-,-,0,191,52
1787763747.903,0,344,84,-,89,59,0,0,0,0,9501,1620,84,0,17412,32739,-,-,-,0,211,305
1787763748.981,0,347,84,-,92,61,0,0,0,0,9501,1575,99,0,17412,32739,-,-,-,0,88,304
1787763750.058,0,346,84,-,88,60,0,0,0,0,9501,1620,99,0,17412,32739,-,-,-,0,183,322
1787763751.130,0,345,84,-,79,61,0,0,0,0,9501,1710,89,0,17412,32739,-,-,-,0,66,303
1787763752.205,0,344,84,-,86,55,0,0,0,0,9501,1665,88,0,17412,32739,-,-,-,0,171,264
1787763753.282,0,346,84,-,92,61,0,0,0,0,9501,1620,100,0,17412,32739,-,-,-,0,122,56
1787763754.359,0,346,84,-,85,59,0,0,0,0,9501,1785,86,0,17412,32739,-,-,-,0,164,337
1787763755.435,0,347,84,-,92,61,0,0,0,0,9501,1605,85,0,17412,32739,-,-,-,0,160,319
1787763756.498,0,348,84,-,92,62,0,0,0,0,9501,1605,99,0,17412,32739,-,-,-,0,108,295
1787763757.572,0,347,84,-,92,62,0,0,0,0,9501,1560,99,0,17412,32739,-,-,-,0,102,299
1787763758.648,0,347,84,-,94,63,0,0,0,0,9501,1620,99,0,17412,32739,-,-,-,0,106,295
1787763759.722,0,347,84,-,92,62,0,0,0,0,9501,1620,100,0,17412,32739,-,-,-,0,102,309
1787763760.796,0,289,84,-,100,28,0,0,0,0,9501,1635,61,0,17412,32739,-,-,-,0,56,16
1787763761.868,0,340,82,-,89,24,0,0,0,0,9501,1755,91,0,17412,32739,-,-,-,0,155,79
1787763762.946,0,338,84,-,84,55,0,0,0,0,9501,1635,81,0,17412,32739,-,-,-,0,231,275
1787763764.023,0,346,84,-,93,61,0,0,0,0,9501,1605,81,0,17412,32739,-,-,-,0,171,108
1787763765.087,0,300,79,-,0,0,0,0,0,0,9501,1905,65,0,17412,32739,-,-,-,0,0,0
1787763766.158,0,169,77,-,1,0,0,0,0,0,9501,1920,0,0,17412,32739,-,-,-,0,0,0
1787763767.235,0,107,72,-,1,0,0,0,0,0,5001,285,0,0,17412,32739,-,-,-,0,0,4
1787763768.313,0,90,71,-,2,0,0,0,0,0,5001,240,66,0,17412,32739,-,-,-,0,0,0
1787763769.376,0,90,71,-,4,0,0,0,0,0,5001,240,99,0,17412,32739,-,-,-,0,0,0
1787763770.442,0,89,70,-,3,0,0,0,0,0,5001,240,99,0,17412,32739,-,-,-,0,0,0
1787763771.507,0,57,68,-,2,0,0,0,0,0,810,210,33,0,17412,32739,-,-,-,0,0,0
1787763772.570,0,41,67,-,2,0,0,0,0,0,810,210,0,0,17412,32739,-,-,-,0,0,0
1787763773.643,0,35,67,-,2,0,0,0,0,0,405,210,0,0,17412,32739,-,-,-,0,0,0
1787763774.715,0,32,66,-,3,1,0,0,0,0,405,210,0,0,17412,32739,-,-,-,0,0,0
1787763775.778,0,31,65,-,3,0,0,0,0,0,405,210,0,0,17412,32739,-,-,-,0,4,0
1787763776.853,0,31,65,-,2,0,0,0,0,0,405,210,0,0,17412,32739,-,-,-,0,0,0
1787763777.925,0,32,65,-,2,0,0,0,0,0,405,210,0,0,17412,32739,-,-,-,0,0,2
1787763778.988,0,32,64,-,2,0,0,0,0,0,405,210,0,0,17412,32739,-,-,-,0,127,2
1787763780.065,0,31,64,-,2,0,0,0,0,0,405,210,0,0,17412,32739,-,-,-,0,0,0
1787763781.141,0,31,64,-,3,0,0,0,0,0,405,210,0,0,17412,32739,-,-,-,0,0,0
1787763782.215,0,31,63,-,2,0,0,0,0,0,405,210,0,0,17412,32739,-,-,-,0,0,0
1787763783.279,0,32,63,-,2,0,0,0,0,0,405,210,0,0,17412,32739,-,-,-,0,4,0
1787763784.346,0,31,63,-,5,0,0,0,0,0,405,210,0,0,17412,32739,-,-,-,0,0,1
1787763785.415,0,31,63,-,4,0,0,0,0,0,405,210,0,0,17412,32739,-,-,-,0,3,0
1787763786.493,0,31,62,-,8,1,0,0,0,0,405,210,0,0,17412,32739,-,-,-,0,0,0
1787763787.571,0,31,62,-,2,0,0,0,0,0,405,210,0,0,17412,32739,-,-,-,0,1,0
1787763788.635,0,30,62,-,3,0,0,0,0,0,405,210,0,0,17412,32739,-,-,-,0,1,0
1787763789.710,0,30,62,-,4,1,0,0,0,0,405,210,0,0,17412,32739,-,-,-,0,0,0
1787763790.721,#,gpu,pwr,gtemp,mtemp,sm,mem,enc,dec,jpg,ofa,mclk,pclk,pviol,tviol,fb,bar1,ccpm,sbecc,dbecc,pci,rxpci,txpci
1787763790.721,#,Idx,W,C,C,%,%,%,%,%,%,MHz,MHz,%,bool,MB,MB,MB,errs,errs,errs,MB/s,MB/s
1787763790.784,0,31,61,-,3,0,0,0,0,0,405,210,0,0,17412,32739,-,-,-,0,0,0
1787763791.856,0,31,61,-,2,0,0,0,0,0,405,210,0,0,17412,32739,-,-,-,0,0,0
1787763792.932,0,30,61,-,2,0,0,0,0,0,405,210,0,0,17412,32739,-,-,-,0,0,0
1787763794.007,0,29,61,-,2,0,0,0,0,0,405,210,0,0,17412,32739,-,-,-,0,6,18
1787763795.079,0,29,61,-,3,1,0,0,0,0,405,210,0,0,17412,32739,-,-,-,0,5,0
1787763796.153,0,30,60,-,5,0,0,0,0,0,405,210,0,0,17412,32739,-,-,-,0,0,0
1787763797.230,0,29,60,-,5,1,0,0,0,0,405,210,0,0,17412,32739,-,-,-,0,0,0
1787763798.304,0,29,60,-,6,1,0,0,0,0,405,210,0,0,17412,32739,-,-,-,0,0,0
1787763799.372,0,30,60,-,7,1,0,0,0,0,405,210,0,0,17412,32739,-,-,-,0,0,0
1787763800.437,0,29,60,-,5,1,0,0,0,0,405,210,0,0,17412,32739,-,-,-,0,0,0
1787763801.512,0,30,60,-,5,1,0,0,0,0,405,210,0,0,17412,32739,-,-,-,0,0,0
1787763802.577,0,29,59,-,4,1,0,0,0,0,405,210,0,0,17412,32739,-,-,-,0,0,1
1787763803.654,0,29,59,-,6,1,0,0,0,0,405,210,0,0,17412,32739,-,-,-,0,4,0
1787763804.729,0,29,59,-,4,1,0,0,0,0,405,210,0,0,17412,32739,-,-,-,0,0,0
1787763805.797,0,29,59,-,3,0,0,0,0,0,405,210,0,0,17412,32739,-,-,-,0,0,0
1787763806.863,0,29,59,-,4,0,0,0,0,0,405,210,0,0,17412,32739,-,-,-,0,0,0
1787763807.937,0,29,59,-,3,0,0,0,0,0,405,210,0,0,17412,32739,-,-,-,0,0,0
1787763809.016,0,29,58,-,2,0,0,0,0,0,405,210,0,0,17412,32739,-,-,-,0,0,0
1787763810.091,0,28,58,-,2,0,0,0,0,0,405,210,0,0,17412,32739,-,-,-,0,66,10
1787763811.162,0,28,58,-,3,0,0,0,0,0,405,210,0,0,17412,32739,-,-,-,0,0,0
1787763812.238,0,29,58,-,6,1,0,0,0,0,405,210,0,0,17412,32739,-,-,-,0,0,1
1787763813.313,0,28,58,-,3,0,0,0,0,0,405,210,0,0,17412,32739,-,-,-,0,4,0
1787763814.380,0,28,58,-,3,0,0,0,0,0,405,210,0,0,17412,32739,-,-,-,0,0,0
1787763815.450,0,28,58,-,2,0,0,0,0,0,405,210,0,0,17412,32739,-,-,-,0,0,0
1787763816.519,0,28,58,-,2,0,0,0,0,0,405,210,0,0,17412,32739,-,-,-,0,2,661
1787763817.585,0,167,71,-,100,35,0,0,0,0,9501,1845,34,0,17412,32739,-,-,-,0,4,2450
1787763818.650,0,327,72,-,83,49,0,0,0,0,9501,1665,71,0,17412,32739,-,-,-,0,94,296
1787763819.726,0,343,73,-,87,60,0,0,0,0,9501,1710,50,0,17412,32739,-,-,-,0,49,311
1787763820.802,0,341,75,-,92,61,0,0,0,0,9501,1680,100,0,17412,32739,-,-,-,0,175,324
1787763821.876,0,338,74,-,88,59,0,0,0,0,9501,1635,75,0,17412,32739,-,-,-,0,159,19
1787763822.952,0,342,75,-,93,62,0,0,0,0,9501,1650,74,0,17412,32739,-,-,-,0,93,300
1787763824.027,0,342,76,-,87,59,0,0,0,0,9501,1620,89,0,17412,32739,-,-,-,0,1,45
1787763825.104,0,297,77,-,99,28,0,0,0,0,9501,1680,67,0,17412,32739,-,-,-,0,45,33
1787763826.177,0,333,76,-,83,54,0,0,0,0,9501,1740,58,0,17412,32739,-,-,-,0,233,217
1787763827.240,0,339,76,-,89,61,0,0,0,0,9501,1635,48,0,17412,32739,-,-,-,0,137,275
1787763828.315,0,341,77,-,85,58,0,0,0,0,9501,1710,39,0,17412,32739,-,-,-,0,207,169
1787763829.390,0,310,73,-,7,0,0,0,0,0,9501,1650,18,0,17412,32739,-,-,-,0,694,8496
1787763830.455,0,326,79,-,100,28,0,0,0,0,9501,1650,82,0,17412,32739,-,-,-,0,64,14
1787763831.530,0,334,78,-,71,16,0,0,0,0,9501,1680,91,0,17412,32739,-,-,-,0,55,37
1787763832.603,0,341,79,-,100,27,0,0,0,0,9501,1650,99,0,17412,32739,-,-,-,0,36,567
1787763833.666,0,344,80,-,99,26,0,0,0,0,9501,1665,91,0,17412,32739,-,-,-,0,50,16
1787763834.741,0,331,78,-,67,16,0,0,0,0,9501,1725,100,0,17412,32739,-,-,-,0,195,164
1787763835.814,0,331,79,-,85,63,0,0,0,0,9501,1665,25,0,17412,32739,-,-,-,0,188,53
1787763836.892,0,342,79,-,83,57,0,0,0,0,9501,1650,44,0,17412,32739,-,-,-,0,207,321
1787763837.903,#,gpu,pwr,gtemp,mtemp,sm,mem,enc,dec,jpg,ofa,mclk,pclk,pviol,tviol,fb,bar1,ccpm,sbecc,dbecc,pci,rxpci,txpci
1787763837.942,#,Idx,W,C,C,%,%,%,%,%,%,MHz,MHz,%,bool,MB,MB,MB,errs,errs,errs,MB/s,MB/s
1787763837.965,0,340,79,-,88,60,0,0,0,0,9501,1815,54,0,17412,32739,-,-,-,0,181,268
1787763839.040,0,339,80,-,81,55,0,0,0,0,9501,1740,45,0,17412,32739,-,-,-,0,172,319
1787763840.114,0,341,80,-,93,64,0,0,0,0,9501,1620,44,0,17412,32739,-,-,-,0,165,312
1787763841.191,0,346,80,-,93,63,0,0,0,0,9501,1650,97,0,17412,32739,-,-,-,0,161,312
1787763842.258,0,345,81,-,93,63,0,0,0,0,9501,1635,100,0,17412,32739,-,-,-,0,68,35
1787763843.338,0,343,81,-,93,63,0,0,0,0,9501,1620,97,0,17412,32739,-,-,-,0,114,22
1787763844.402,0,345,81,-,93,63,0,0,0,0,9501,1650,99,0,17412,32739,-,-,-,0,116,25
1787763845.466,0,337,78,-,52,34,0,0,0,0,9501,1905,99,0,17412,32739,-,-,-,0,1055,65
1787763846.539,0,269,81,-,85,57,0,0,0,0,9501,1710,40,0,17412,32739,-,-,-,0,126,270
1787763847.613,0,346,81,-,86,58,0,0,0,0,9501,1815,38,0,17412,32739,-,-,-,0,193,49
1787763848.677,0,344,82,-,84,57,0,0,0,0,9501,1800,61,0,17412,32739,-,-,-,0,690,8497
1787763849.750,0,343,83,-,99,29,0,0,0,0,9501,1575,100,0,17412,32739,-,-,-,0,57,24
1787763850.824,0,323,82,-,86,55,0,0,0,0,9501,1755,65,0,17412,32739,-,-,-,0,209,101
1787763851.900,0,339,82,-,84,56,0,0,0,0,9501,1680,52,0,17412,32739,-,-,-,0,107,100
1787763852.963,0,339,82,-,84,56,0,0,0,0,9501,1590,48,0,17412,32739,-,-,-,0,178,49
1787763854.034,0,340,82,-,85,55,0,0,0,0,9501,1695,71,0,17412,32739,-,-,-,0,105,304
1787763855.107,0,344,82,-,94,61,0,0,0,0,9501,1620,95,0,17412,32739,-,-,-,0,67,37
1787763856.184,0,344,83,-,93,61,0,0,0,0,9501,1605,97,0,17412,32739,-,-,-,0,158,352
1787763857.250,0,342,83,-,84,56,0,0,0,0,9501,1605,100,0,17412,32739,-,-,-,0,237,303
1787763858.316,0,340,83,-,85,55,0,0,0,0,9501,1680,89,0,17412,32739,-,-,-,0,110,304
1787763859.392,0,344,83,-,92,61,0,0,0,0,9501,1605,95,0,17412,32739,-,-,-,0,101,19
1787763860.468,0,345,83,-,86,54,0,0,0,0,9501,1635,97,0,17412,32739,-,-,-,0,78,331
1787763861.531,0,345,83,-,94,63,0,0,0,0,9501,1620,99,0,17412,32739,-,-,-,0,65,300
1787763862.605,0,345,84,-,85,56,0,0,0,0,9501,1635,97,0,17412,32739,-,-,-,0,160,24
1787763863.682,0,345,84,-,87,58,0,0,0,0,9501,1620,89,0,17412,32739,-,-,-,0,174,300
1787763864.757,0,344,84,-,88,58,0,0,0,0,9501,1710,100,0,17412,32739,-,-,-,0,76,53
1787763865.821,0,344,84,-,94,62,0,0,0,0,9501,1605,99,0,17412,32739,-,-,-,0,150,22
1787763866.896,0,343,84,-,93,61,0,0,0,0,9501,1575,97,0,17412,32739,-,-,-,0,134,109
1787763867.960,0,344,84,-,92,60,0,0,0,0,9501,1605,97,0,17412,32739,-,-,-,0,122,295
1787763869.035,0,343,84,-,86,61,0,0,0,0,9501,1680,99,0,17412,32739,-,-,-,0,70,61
1787763870.109,0,343,84,-,86,60,0,0,0,0,9501,1650,92,0,17412,32739,-,-,-,0,49,314
1787763871.184,0,344,84,-,85,56,0,0,0,0,9501,1665,89,0,17412,32739,-,-,-,0,155,342
1787763872.261,0,344,84,-,93,61,0,0,0,0,9501,1650,100,0,17412,32739,-,-,-,0,69,36
1787763873.337,0,346,85,-,93,60,0,0,0,0,9501,1620,99,0,17412,32739,-,-,-,0,72,39
1787763874.415,0,346,84,-,94,61,0,0,0,0,9501,1620,99,0,17412,32739,-,-,-,0,71,54
1787763875.488,0,346,85,-,92,61,0,0,0,0,9501,1620,99,0,17412,32739,-,-,-,0,47,36
1787763876.554,0,347,84,-,87,57,0,0,0,0,9501,1605,94,0,17412,32739,-,-,-,0,51,303
1787763877.629,0,289,83,-,67,24,0,0,0,0,9501,1755,65,0,17412,32739,-,-,-,0,711,14
1787763878.691,0,341,85,-,100,26,0,0,0,0,9501,1560,94,0,17412,32739,-,-,-,0,37,17
1787763879.769,0,333,84,-,84,61,0,0,0,0,9501,1680,100,0,17412,32739,-,-,-,0,173,33
1787763880.836,0,341,84,-,84,62,0,0,0,0,9501,1695,71,0,17412,32739,-,-,-,0,209,169
1787763881.908,0,340,84,-,78,62,0,0,0,0,9501,1755,75,0,17412,32739,-,-,-,0,181,157
1787763882.983,0,342,84,-,86,60,0,0,0,0,9501,1695,76,0,17412,32739,-,-,-,0,124,106
1787763884.060,0,310,82,-,100,36,0,0,0,0,9501,1635,52,0,17412,32739,-,-,-,0,39,21
1787763885.076,#,gpu,pwr,gtemp,mtemp,sm,mem,enc,dec,jpg,ofa,mclk,pclk,pviol,tviol,fb,bar1,ccpm,sbecc,dbecc,pci,rxpci,txpci
1787763885.076,#,Idx,W,C,C,%,%,%,%,%,%,MHz,MHz,%,bool,MB,MB,MB,errs,errs,errs,MB/s,MB/s
1787763885.137,0,349,85,-,100,28,0,0,0,0,9501,1620,94,0,17412,32739,-,-,-,0,786,17
1787763886.214,0,346,85,-,100,25,0,0,0,0,9501,1635,94,0,17412,32739,-,-,-,0,38,44
1787763887.291,0,346,85,-,83,22,0,0,0,0,9501,1620,100,0,17412,32739,-,-,-,0,40,13
1787763888.365,0,334,83,-,57,14,0,0,0,0,9501,1635,85,0,17412,32739,-,-,-,0,33,14
1787763889.430,0,333,84,-,85,58,0,0,0,0,9501,1650,77,0,17412,32739,-,-,-,0,174,342
1787763890.497,0,344,84,-,82,63,0,0,0,0,9501,1680,63,0,17412,32739,-,-,-,0,174,60
1787763891.571,0,345,84,-,88,59,0,0,0,0,9501,1680,58,0,17412,32739,-,-,-,0,181,164
1787763892.647,0,345,83,-,79,63,0,0,0,0,9501,1710,62,0,17412,32739,-,-,-,0,96,111
1787763893.725,0,344,84,-,85,57,0,0,0,0,9501,1740,81,0,17412,32739,-,-,-,0,182,58
1787763894.799,0,343,83,-,85,64,0,0,0,0,9501,1755,97,0,17412,32739,-,-,-,0,188,93
1787763895.863,0,347,84,-,91,59,0,0,0,0,9501,1590,68,0,17412,32739,-,-,-,0,143,112
1787763896.939,0,343,83,-,85,57,0,0,0,0,9501,1650,82,0,17412,32739,-,-,-,0,184,214
1787763898.016,0,343,84,-,93,76,0,0,0,0,9501,1650,66,0,17412,32739,-,-,-,0,161,124
1787763899.079,0,341,83,-,87,66,0,0,0,0,9501,1710,72,0,17412,32739,-,-,-,0,177,164
1787763900.151,0,344,83,-,90,61,0,0,0,0,9501,1650,74,0,17412,32739,-,-,-,0,165,62
1787763901.226,0,343,83,-,78,58,0,0,0,0,9501,1635,73,0,17412,32739,-,-,-,0,166,325
1787763902.300,0,344,83,-,81,62,0,0,0,0,9501,1725,95,0,17412,32739,-,-,-,0,412,111
1787763903.377,0,343,83,-,82,56,0,0,0,0,9501,1710,72,0,17412,32739,-,-,-,0,155,22
1787763904.441,0,346,83,-,79,57,0,0,0,0,9501,1635,90,0,17412,32739,-,-,-,0,192,25
1787763905.517,0,347,83,-,94,61,0,0,0,0,9501,1605,91,0,17412,32739,-,-,-,0,105,23
1787763906.591,0,347,83,-,92,61,0,0,0,0,9501,1620,99,0,17412,32739,-,-,-,0,62,322
1787763907.656,0,348,83,-,91,61,0,0,0,0,9501,1620,99,0,17412,32739,-,-,-,0,113,298
1787763908.721,0,347,83,-,93,61,0,0,0,0,9501,1605,99,0,17412,32739,-,-,-,0,52,309
1787763909.798,0,347,84,-,93,61,0,0,0,0,9501,1635,100,0,17412,32739,-,-,-,0,86,313
1787763910.861,0,347,83,-,93,61,0,0,0,0,9501,1620,99,0,17412,32739,-,-,-,0,84,51
1787763911.925,0,348,83,-,93,61,0,0,0,0,9501,1635,99,0,17412,32739,-,-,-,0,100,295
1787763912.991,0,348,83,-,94,62,0,0,0,0,9501,1635,99,0,17412,32739,-,-,-,0,54,317
1787763914.057,0,345,83,-,93,61,0,0,0,0,9501,1650,99,0,17412,32739,-,-,-,0,108,25
1787763915.133,0,348,83,-,93,62,0,0,0,0,9501,1635,99,0,17412,32739,-,-,-,0,65,48
1787763916.198,0,347,83,-,94,62,0,0,0,0,9501,1620,99,0,17412,32739,-,-,-,0,109,25
1787763917.261,0,346,83,-,92,61,0,0,0,0,9501,1635,100,0,17412,32739,-,-,-,0,136,330
1787763918.336,0,347,83,-,89,59,0,0,0,0,9501,1695,99,0,17412,32739,-,-,-,0,78,45
1787763919.400,0,348,83,-,92,61,0,0,0,0,9501,1635,97,0,17412,32739,-,-,-,0,129,291
1787763920.462,0,347,83,-,83,58,0,0,0,0,9501,1710,95,0,17412,32739,-,-,-,0,195,165
1787763921.538,0,348,84,-,92,61,0,0,0,0,9501,1620,91,0,17412,32739,-,-,-,0,48,323
1787763922.614,0,345,83,-,84,57,0,0,0,0,9501,1725,99,0,17412,32739,-,-,-,0,180,212
1787763923.681,0,346,83,-,93,62,0,0,0,0,9501,1575,97,0,17412,32739,-,-,-,0,42,300
1787763924.758,0,347,83,-,93,61,0,0,0,0,9501,1605,100,0,17412,32739,-,-,-,0,124,289
1787763925.833,0,347,83,-,93,62,0,0,0,0,9501,1605,99,0,17412,32739,-,-,-,0,72,34
1787763926.909,0,347,83,-,93,62,0,0,0,0,9501,1620,99,0,17412,32739,-,-,-,0,118,297
1787763927.987,0,348,83,-,93,61,0,0,0,0,9501,1605,99,0,17412,32739,-,-,-,0,4,0
1787763929.064,0,285,83,-,100,28,0,0,0,0,9501,1620,57,0,17412,32739,-,-,-,0,34,16
1787763930.140,0,335,83,-,83,59,0,0,0,0,9501,1635,78,0,17412,32739,-,-,-,0,156,24
1787763931.205,0,342,83,-,86,57,0,0,0,0,9501,1620,89,0,17412,32739,-,-,-,0,174,333
1787763932.217,#,gpu,pwr,gtemp,mtemp,sm,mem,enc,dec,jpg,ofa,mclk,pclk,pviol,tviol,fb,bar1,ccpm,sbecc,dbecc,pci,rxpci,txpci
1787763932.217,#,Idx,W,C,C,%,%,%,%,%,%,MHz,MHz,%,bool,MB,MB,MB,errs,errs,errs,MB/s,MB/s
1787763932.279,0,342,83,-,83,64,0,0,0,0,9501,1665,100,0,17412,32739,-,-,-,0,275,316
1787763933.356,0,315,83,-,100,31,0,0,0,0,9501,1650,62,0,17412,32739,-,-,-,0,55,18
1787763934.424,0,337,82,-,80,19,0,0,0,0,9501,1650,84,0,17412,32739,-,-,-,0,42,16
1787763935.497,0,339,83,-,85,61,0,0,0,0,9501,1710,66,0,17412,32739,-,-,-,0,179,100
1787763936.574,0,344,83,-,80,59,0,0,0,0,9501,1740,49,0,17412,32739,-,-,-,0,195,115
1787763937.653,0,343,83,-,88,56,0,0,0,0,9501,1680,70,0,17412,32739,-,-,-,0,116,224
1787763938.722,0,345,83,-,82,57,0,0,0,0,9501,1650,56,0,17412,32739,-,-,-,0,143,31
1787763939.791,0,346,83,-,94,61,0,0,0,0,9501,1620,100,0,17412,32739,-,-,-,0,203,56
1787763940.866,0,346,83,-,94,62,0,0,0,0,9501,1620,96,0,17412,32739,-,-,-,0,0,0
1787763941.931,0,304,84,-,99,27,0,0,0,0,9501,1650,65,0,17412,32739,-,-,-,0,34,17
1787763942.996,0,339,84,-,94,26,0,0,0,0,9501,1695,91,0,17412,32739,-,-,-,0,79,28
1787763944.062,0,339,83,-,89,59,0,0,0,0,9501,1695,67,0,17412,32739,-,-,-,0,186,161
1787763945.137,0,340,82,-,81,54,0,0,0,0,9501,1680,63,0,17412,32739,-,-,-,0,192,238
1787763946.209,0,340,83,-,90,62,0,0,0,0,9501,1695,72,0,17412,32739,-,-,-,0,190,111
1787763947.285,0,310,84,-,100,28,0,0,0,0,9501,1620,98,0,17412,32739,-,-,-,0,164,31
1787763948.362,0,348,84,-,99,25,0,0,0,0,9501,1635,99,0,17412,32739,-,-,-,0,41,14
1787763949.436,0,332,84,-,100,27,0,0,0,0,9501,1620,83,0,17412,32739,-,-,-,0,168,321
1787763950.514,0,339,83,-,88,72,0,0,0,0,9501,1635,63,0,17412,32739,-,-,-,0,142,93
1787763951.576,0,343,83,-,87,61,0,0,0,0,9501,1695,63,0,17412,32739,-,-,-,0,178,270
1787763952.651,0,343,83,-,88,58,0,0,0,0,9501,1725,63,0,17412,32739,-,-,-,0,198,111
1787763953.725,0,344,83,-,93,60,0,0,0,0,9501,1650,58,0,17412,32739,-,-,-,0,89,304
1787763954.802,0,348,83,-,93,62,0,0,0,0,9501,1605,100,0,17412,32739,-,-,-,0,111,295
1787763955.880,0,309,79,-,9,0,0,0,0,0,9501,1905,81,0,17412,32739,-,-,-,0,38,15
1787763956.956,0,311,81,-,80,19,0,0,0,0,9501,1635,74,0,17412,32739,-,-,-,0,38,23
1787763958.022,0,342,83,-,86,59,0,0,0,0,9501,1695,70,0,17412,32739,-,-,-,0,221,115
1787763959.086,0,345,83,-,89,62,0,0,0,0,9501,1710,63,0,17412,32739,-,-,-,0,111,136
1787763960.151,0,346,83,-,87,57,0,0,0,0,9501,1725,75,0,17412,32739,-,-,-,0,190,109
1787763961.215,0,341,83,-,66,44,0,0,0,0,9501,1815,55,0,17412,32739,-,-,-,0,491,21
1787763962.292,0,326,82,-,77,45,0,0,0,0,9501,1710,100,0,17412,32739,-,-,-,0,199,130
1787763963.366,0,343,83,-,82,52,0,0,0,0,9501,1650,64,0,17412,32739,-,-,-,0,108,309
1787763964.444,0,346,83,-,90,57,0,0,0,0,9501,1650,88,0,17412,32739,-,-,-,0,75,25
1787763965.518,0,347,83,-,94,60,0,0,0,0,9501,1590,99,0,17412,32739,-,-,-,0,97,16
1787763966.592,0,347,83,-,92,59,0,0,0,0,9501,1590,97,0,17412,32739,-,-,-,0,96,293
1787763967.656,0,347,83,-,94,60,0,0,0,0,9501,1605,97,0,17412,32739,-,-,-,0,82,311
1787763968.734,0,347,83,-,94,60,0,0,0,0,9501,1605,99,0,17412,32739,-,-,-,0,1,1
1787763969.806,0,308,84,-,92,32,0,0,0,0,9501,1755,100,0,17412,32739,-,-,-,0,31,14
1787763970.871,0,333,83,-,84,59,0,0,0,0,9501,1725,71,0,17412,32739,-,-,-,0,171,115
1787763971.937,0,343,83,-,86,59,0,0,0,0,9501,1770,72,0,17412,32739,-,-,-,0,99,310
1787763973.014,0,345,83,-,88,54,0,0,0,0,9501,1755,64,0,17412,32739,-,-,-,0,169,59
1787763974.085,0,343,83,-,86,57,0,0,0,0,9501,1605,53,0,17412,32739,-,-,-,0,56,18
1787763975.160,0,308,84,-,100,28,0,0,0,0,9501,1635,67,0,17412,32739,-,-,-,0,768,15
1787763976.226,0,349,84,-,100,31,0,0,0,0,9501,1620,99,0,17412,32739,-,-,-,0,42,659
1787763977.315,0,348,84,-,100,24,0,0,0,0,9501,1635,100,0,17412,32739,-,-,-,0,42,62
1787763978.386,0,349,84,-,100,27,0,0,0,0,9501,1620,95,0,17412,32739,-,-,-,0,141,25
1787763979.387,#,gpu,pwr,gtemp,mtemp,sm,mem,enc,dec,jpg,ofa,mclk,pclk,pviol,tviol,fb,bar1,ccpm,sbecc,dbecc,pci,rxpci,txpci
1787763979.387,#,Idx,W,C,C,%,%,%,%,%,%,MHz,MHz,%,bool,MB,MB,MB,errs,errs,errs,MB/s,MB/s
1787763979.448,0,345,84,-,80,19,0,0,0,0,9501,1650,97,0,17412,32739,-,-,-,0,42,32
1787763980.525,0,347,84,-,100,24,0,0,0,0,9501,1635,96,0,17412,32739,-,-,-,0,34,11
1787763981.602,0,348,85,-,100,26,0,0,0,0,9501,1635,97,0,17412,32739,-,-,-,0,49,35
1787763982.676,0,337,84,-,100,26,0,0,0,0,9501,1635,89,0,17412,32739,-,-,-,0,192,108
1787763983.753,0,347,83,-,85,58,0,0,0,0,9501,1680,100,0,17412,32739,-,-,-,0,167,54
1787763984.828,0,348,83,-,94,63,0,0,0,0,9501,1590,94,0,17412,32739,-,-,-,0,83,32
1787763985.904,0,347,83,-,93,64,0,0,0,0,9501,1605,99,0,17412,32739,-,-,-,0,55,313
1787763986.983,0,347,83,-,92,63,0,0,0,0,9501,1620,99,0,17412,32739,-,-,-,0,97,305
1787763988.045,0,348,83,-,92,63,0,0,0,0,9501,1590,99,0,17412,32739,-,-,-,0,111,20
1787763989.120,0,348,83,-,94,64,0,0,0,0,9501,1620,99,0,17412,32739,-,-,-,0,165,311
1787763990.196,0,293,78,-,41,1,0,0,0,0,9501,1920,69,0,17412,32739,-,-,-,0,42,708
1787763991.259,0,339,83,-,85,57,0,0,0,0,9501,1665,92,0,17412,32739,-,-,-,0,183,271
1787763992.326,0,328,82,-,12,7,0,0,0,0,9501,1920,69,0,17412,32739,-,-,-,0,170,28
1787763993.400,0,313,83,-,100,25,0,0,0,0,9501,1635,74,0,17412,32739,-,-,-,0,43,154
1787763994.464,0,341,83,-,86,55,0,0,0,0,9501,1725,69,0,17412,32739,-,-,-,0,148,111
1787763995.526,0,346,83,-,85,56,0,0,0,0,9501,1620,69,0,17412,32739,-,-,-,0,145,185
1787763996.593,0,346,83,-,93,60,0,0,0,0,9501,1605,94,0,17412,32739,-,-,-,0,102,303
1787763997.667,0,281,77,-,0,0,0,0,0,0,9501,1920,61,0,17412,32739,-,-,-,0,0,0
1787763998.744,0,236,83,-,99,28,0,0,0,0,9501,1680,34,0,17412,32739,-,-,-,0,7,7666
1787763999.820,0,332,83,-,82,60,0,0,0,0,9501,1680,100,0,17412,32739,-,-,-,0,176,52
1787764000.898,0,343,82,-,83,54,0,0,0,0,9501,1680,70,0,17412,32739,-,-,-,0,92,112
1787764001.977,0,346,82,-,90,58,0,0,0,0,9501,1680,72,0,17412,32739,-,-,-,0,205,60
1787764003.051,0,344,83,-,93,60,0,0,0,0,9501,1635,78,0,17412,32739,-,-,-,0,73,23
1787764004.113,0,346,83,-,88,57,0,0,0,0,9501,1620,97,0,17412,32739,-,-,-,0,53,33
1787764005.190,0,348,83,-,93,60,0,0,0,0,9501,1635,99,0,17412,32739,-,-,-,0,96,60
1787764006.263,0,346,83,-,94,61,0,0,0,0,9501,1620,100,0,17412,32739,-,-,-,0,101,303
1787764007.340,0,345,83,-,88,58,0,0,0,0,9501,1680,93,0,17412,32739,-,-,-,0,277,120
1787764008.415,0,345,83,-,93,61,0,0,0,0,9501,1620,78,0,17412,32739,-,-,-,0,66,32
1787764009.478,0,347,83,-,93,62,0,0,0,0,9501,1635,93,0,17412,32739,-,-,-,0,102,322
1787764010.553,0,344,83,-,82,65,0,0,0,0,9501,1725,95,0,17412,32739,-,-,-,0,120,29
1787764011.616,0,347,83,-,87,57,0,0,0,0,9501,1635,94,0,17412,32739,-,-,-,0,98,284
1787764012.689,0,305,82,-,72,17,0,0,0,0,9501,1650,69,0,17412,32739,-,-,-,0,38,24
1787764013.764,0,332,83,-,57,14,0,0,0,0,9501,1695,100,0,17412,32739,-,-,-,0,198,163
1787764014.841,0,338,83,-,84,58,0,0,0,0,9501,1710,80,0,17412,32739,-,-,-,0,189,318
1787764015.904,0,344,83,-,83,61,0,0,0,0,9501,1725,55,0,17412,32739,-,-,-,0,118,302
1787764016.981,0,345,83,-,83,55,0,0,0,0,9501,1680,80,0,17412,32739,-,-,-,0,188,106
1787764018.049,0,315,79,-,19,1,0,0,0,0,9501,1920,67,0,17412,32739,-,-,-,0,99,34
1787764019.115,0,309,83,-,73,41,0,0,0,0,9501,1695,72,0,17412,32739,-,-,-,0,167,162
1787764020.192,0,340,83,-,82,60,0,0,0,0,9501,1680,57,0,17412,32739,-,-,-,0,219,129
1787764021.268,0,347,83,-,87,56,0,0,0,0,9501,1620,88,0,17412,32739,-,-,-,0,136,36
1787764022.343,0,346,83,-,93,62,0,0,0,0,9501,1605,76,0,17412,32739,-,-,-,0,48,311
1787764023.417,0,345,83,-,82,60,0,0,0,0,9501,1680,80,0,17412,32739,-,-,-,0,207,314
1787764024.482,0,346,83,-,85,59,0,0,0,0,9501,1710,91,0,17412,32739,-,-,-,0,68,325
1787764025.544,0,348,83,-,92,61,0,0,0,0,9501,1620,94,0,17412,32739,-,-,-,0,54,0
1787764026.557,#,gpu,pwr,gtemp,mtemp,sm,mem,enc,dec,jpg,ofa,mclk,pclk,pviol,tviol,fb,bar1,ccpm,sbecc,dbecc,pci,rxpci,txpci
1787764026.557,#,Idx,W,C,C,%,%,%,%,%,%,MHz,MHz,%,bool,MB,MB,MB,errs,errs,errs,MB/s,MB/s
1787764026.619,0,248,77,-,0,0,0,0,0,0,9501,1920,41,0,17412,32739,-,-,-,0,50,43
1787764027.696,0,268,83,-,100,27,0,0,0,0,9501,1635,54,0,17412,32739,-,-,-,0,29,408
1787764028.762,0,341,83,-,100,24,0,0,0,0,9501,1590,100,0,17412,32739,-,-,-,0,40,23
1787764029.840,0,346,83,-,100,37,0,0,0,0,9501,1785,95,0,17412,32739,-,-,-,0,42,22
1787764030.914,0,334,83,-,81,54,0,0,0,0,9501,1725,77,0,17412,32739,-,-,-,0,173,129
1787764031.988,0,347,83,-,92,61,0,0,0,0,9501,1635,64,0,17412,32739,-,-,-,0,172,115
1787764033.065,0,343,83,-,83,59,0,0,0,0,9501,1620,84,0,17412,32739,-,-,-,0,50,307
1787764034.141,0,344,82,-,92,61,0,0,0,0,9501,1695,97,0,17412,32739,-,-,-,0,191,111
1787764035.215,0,337,82,-,85,69,0,0,0,0,9501,1680,81,0,17412,32739,-,-,-,0,75,313
1787764036.292,0,344,83,-,87,56,0,0,0,0,9501,1695,100,0,17412,32739,-,-,-,0,177,278
1787764037.369,0,346,83,-,88,59,0,0,0,0,9501,1695,76,0,17412,32739,-,-,-,0,180,269
1787764038.446,0,347,83,-,88,62,0,0,0,0,9501,1605,50,0,17412,32739,-,-,-,0,68,76
1787764039.520,0,345,83,-,87,60,0,0,0,0,9501,1680,93,0,17412,32739,-,-,-,0,45,302
1787764040.595,0,348,83,-,93,62,0,0,0,0,9501,1605,99,0,17412,32739,-,-,-,0,82,29
1787764041.671,0,347,83,-,94,62,0,0,0,0,9501,1620,97,0,17412,32739,-,-,-,0,0,0
1787764042.747,0,300,82,-,61,14,0,0,0,0,9501,1650,64,0,17412,32739,-,-,-,0,43,14
1787764043.822,0,338,82,-,79,59,0,0,0,0,9501,1740,100,0,17412,32739,-,-,-,0,173,216
1787764044.899,0,339,83,-,83,62,0,0,0,0,9501,1710,68,0,17412,32739,-,-,-,0,0,74
1787764045.975,0,300,83,-,100,27,0,0,0,0,9501,1620,54,0,17412,32739,-,-,-,0,182,215
1787764047.037,0,341,83,-,86,54,0,0,0,0,9501,1725,69,0,17412,32739,-,-,-,0,97,321
1787764048.114,0,346,82,-,80,62,0,0,0,0,9501,1665,58,0,17412,32739,-,-,-,0,179,170
1787764049.191,0,344,83,-,85,58,0,0,0,0,9501,1740,57,0,17412,32739,-,-,-,0,98,308
1787764050.270,0,344,83,-,82,67,0,0,0,0,9501,1665,100,0,17412,32739,-,-,-,0,184,161
1787764051.346,0,341,83,-,87,55,0,0,0,0,9501,1650,84,0,17412,32739,-,-,-,0,147,133
1787764052.412,0,342,83,-,93,62,0,0,0,0,9501,1620,90,0,17412,32739,-,-,-,0,107,299
1787764053.486,0,300,83,-,100,35,0,0,0,0,9501,1605,61,0,17412,32739,-,-,-,0,109,24
1787764054.550,0,338,83,-,86,57,0,0,0,0,9501,1725,74,0,17412,32739,-,-,-,0,93,300
1787764055.625,0,347,83,-,94,61,0,0,0,0,9501,1650,73,0,17412,32739,-,-,-,0,75,299
1787764056.690,0,345,83,-,82,60,0,0,0,0,9501,1725,77,0,17412,32739,-,-,-,0,10751,946
1787764057.763,0,321,82,-,98,34,0,0,0,0,9501,1755,100,0,17412,32739,-,-,-,0,79,31
1787764058.836,0,325,83,-,78,58,0,0,0,0,9501,1680,65,0,17412,32739,-,-,-,0,189,157
1787764059.910,0,345,83,-,85,56,0,0,0,0,9501,1695,86,0,17412,32739,-,-,-,0,175,165
1787764060.982,0,346,83,-,93,61,0,0,0,0,9501,1665,65,0,17412,32739,-,-,-,0,91,299
1787764062.061,0,347,83,-,95,62,0,0,0,0,9501,1605,99,0,17412,32739,-,-,-,0,107,299
1787764063.135,0,348,83,-,94,61,0,0,0,0,9501,1605,99,0,17412,32739,-,-,-,0,47,277
1787764064.211,0,311,83,-,100,28,0,0,0,0,9501,1620,73,0,17412,32739,-,-,-,0,45,20
1787764065.284,0,340,83,-,84,61,0,0,0,0,9501,1755,93,0,17412,32739,-,-,-,0,195,270
1787764066.357,0,344,83,-,81,54,0,0,0,0,9501,1620,50,0,17412,32739,-,-,-,0,199,54
1787764067.430,0,343,83,-,87,61,0,0,0,0,9501,1725,69,0,17412,32739,-,-,-,0,176,228
1787764068.503,0,345,82,-,87,59,0,0,0,0,9501,1740,60,0,17412,32739,-,-,-,0,8895,83
1787764069.580,0,309,84,-,100,28,0,0,0,0,9501,1635,66,0,17412,32739,-,-,-,0,38,14
1787764070.658,0,336,82,-,72,26,0,0,0,0,9501,1605,87,0,17412,32739,-,-,-,0,203,163
1787764071.734,0,334,83,-,87,56,0,0,0,0,9501,1680,60,0,17412,32739,-,-,-,0,192,163
1787764072.810,0,342,83,-,75,60,0,0,0,0,9501,1725,57,0,17412,32739,-,-,-,0,120,99
1787764073.822,#,gpu,pwr,gtemp,mtemp,sm,mem,enc,dec,jpg,ofa,mclk,pclk,pviol,tviol,fb,bar1,ccpm,sbecc,dbecc,pci,rxpci,txpci
1787764073.860,#,Idx,W,C,C,%,%,%,%,%,%,MHz,MHz,%,bool,MB,MB,MB,errs,errs,errs,MB/s,MB/s
1787764073.885,0,346,83,-,85,57,0,0,0,0,9501,1635,70,0,17412,32739,-,-,-,0,107,26
1787764074.961,0,348,83,-,91,61,0,0,0,0,9501,1635,99,0,17412,32739,-,-,-,0,62,323
1787764076.039,0,348,83,-,93,61,0,0,0,0,9501,1635,99,0,17412,32739,-,-,-,0,106,20
1787764077.107,0,318,78,-,15,0,0,0,0,0,9501,1920,85,0,17412,32739,-,-,-,0,39,14
1787764078.184,0,311,83,-,82,57,0,0,0,0,9501,1710,64,0,17412,32739,-,-,-,0,195,126
1787764079.262,0,346,83,-,80,56,0,0,0,0,9501,1695,100,0,17412,32739,-,-,-,0,198,166
1787764080.328,0,345,83,-,82,57,0,0,0,0,9501,1845,72,0,17412,32739,-,-,-,0,10880,604
1787764081.405,0,315,84,-,100,27,0,0,0,0,9501,1650,73,0,17412,32739,-,-,-,0,38,22
1787764082.479,0,346,84,-,100,33,0,0,0,0,9501,1665,93,0,17412,32739,-,-,-,0,65,1354
1787764083.543,0,330,83,-,84,56,0,0,0,0,9501,1620,72,0,17412,32739,-,-,-,0,186,59
1787764084.612,0,341,83,-,82,63,0,0,0,0,9501,1680,75,0,17412,32739,-,-,-,0,116,94
1787764085.690,0,344,83,-,79,54,0,0,0,0,9501,1680,48,0,17412,32739,-,-,-,0,192,71
1787764086.765,0,348,83,-,94,62,0,0,0,0,9501,1665,100,0,17412,32739,-,-,-,0,127,20
1787764087.827,0,347,83,-,92,60,0,0,0,0,9501,1605,99,0,17412,32739,-,-,-,0,111,308
1787764088.905,0,347,83,-,92,60,0,0,0,0,9501,1620,99,0,17412,32739,-,-,-,0,8,2876
1787764089.969,0,295,83,-,100,25,0,0,0,0,9501,1635,60,0,17412,32739,-,-,-,0,43,57
1787764091.046,0,345,83,-,84,60,0,0,0,0,9501,1710,71,0,17412,32739,-,-,-,0,214,221
1787764092.122,0,346,83,-,88,59,0,0,0,0,9501,1755,62,0,17412,32739,-,-,-,0,187,162
1787764093.199,0,343,83,-,82,59,0,0,0,0,9501,1710,74,0,17412,32739,-,-,-,0,7,2520
1787764094.275,0,312,83,-,99,26,0,0,0,0,9501,1575,100,0,17412,32739,-,-,-,0,77,15
1787764095.340,0,346,84,-,100,27,0,0,0,0,9501,1620,96,0,17412,32739,-,-,-,0,39,13
1787764096.417,0,342,84,-,100,27,0,0,0,0,9501,1620,87,0,17412,32739,-,-,-,0,55,48
1787764097.493,0,337,83,-,56,23,0,0,0,0,9501,1725,87,0,17412,32739,-,-,-,0,240,329
1787764098.557,0,339,83,-,80,61,0,0,0,0,9501,1680,59,0,17412,32739,-,-,-,0,92,96
1787764099.620,0,344,83,-,85,57,0,0,0,0,9501,1650,80,0,17412,32739,-,-,-,0,84,20
1787764100.695,0,347,83,-,93,61,0,0,0,0,9501,1590,99,0,17412,32739,-,-,-,0,82,28
1787764101.761,0,348,83,-,93,61,0,0,0,0,9501,1620,100,0,17412,32739,-,-,-,0,81,325
1787764102.834,0,301,81,-,41,6,0,0,0,0,9501,1650,71,0,17412,32739,-,-,-,0,38,35
1787764103.911,0,322,83,-,56,24,0,0,0,0,9501,1710,84,0,17412,32739,-,-,-,0,46,325
1787764104.987,0,334,83,-,81,58,0,0,0,0,9501,1695,64,0,17412,32739,-,-,-,0,182,112
1787764106.054,0,345,82,-,91,59,0,0,0,0,9501,1710,52,0,17412,32739,-,-,-,0,191,327
1787764107.118,0,342,83,-,80,57,0,0,0,0,9501,1695,65,0,17412,32739,-,-,-,0,0,0
1787764108.180,0,311,83,-,100,28,0,0,0,0,9501,1635,74,0,17412,32739,-,-,-,0,42,20
1787764109.246,0,340,84,-,100,25,0,0,0,0,9501,1620,89,0,17412,32739,-,-,-,0,162,339
1787764110.312,0,346,83,-,88,60,0,0,0,0,9501,1605,100,0,17412,32739,-,-,-,0,77,43
1787764111.391,0,346,83,-,86,59,0,0,0,0,9501,1755,95,0,17412,32739,-,-,-,0,179,325
1787764112.468,0,342,83,-,87,55,0,0,0,0,9501,1710,83,0,17412,32739,-,-,-,0,190,329
1787764113.541,0,343,83,-,91,59,0,0,0,0,9501,1695,84,0,17412,32739,-,-,-,0,242,139
1787764114.618,0,295,82,-,100,26,0,0,0,0,9501,1635,54,0,17412,32739,-,-,-,0,45,21
1787764115.691,0,351,84,-,100,28,0,0,0,0,9501,1665,99,0,17412,32739,-,-,-,0,43,35
1787764116.769,0,346,84,-,100,26,0,0,0,0,9501,1605,100,0,17412,32739,-,-,-,0,63,16
1787764117.845,0,348,84,-,100,31,0,0,0,0,9501,1755,91,0,17412,32739,-,-,-,0,70,24
1787764118.922,0,326,83,-,82,61,0,0,0,0,9501,1755,76,0,17412,32739,-,-,-,0,172,318
1787764120.000,0,343,83,-,85,57,0,0,0,0,9501,1680,68,0,17412,32739,-,-,-,0,63,33
1787764121.000,#,gpu,pwr,gtemp,mtemp,sm,mem,enc,dec,jpg,ofa,mclk,pclk,pviol,tviol,fb,bar1,ccpm,sbecc,dbecc,pci,rxpci,txpci
1787764121.000,#,Idx,W,C,C,%,%,%,%,%,%,MHz,MHz,%,bool,MB,MB,MB,errs,errs,errs,MB/s,MB/s
1787764121.063,0,347,83,-,93,61,0,0,0,0,9501,1575,96,0,17412,32739,-,-,-,0,88,299
1787764122.138,0,347,83,-,93,61,0,0,0,0,9501,1620,99,0,17412,32739,-,-,-,0,100,295
1787764123.213,0,348,83,-,93,61,0,0,0,0,9501,1620,99,0,17412,32739,-,-,-,0,171,322
1787764124.278,0,342,83,-,79,61,0,0,0,0,9501,1725,78,0,17412,32739,-,-,-,0,197,217
1787764125.357,0,346,83,-,94,63,0,0,0,0,9501,1710,64,0,17412,32739,-,-,-,0,168,23
1787764126.431,0,342,83,-,86,61,0,0,0,0,9501,1710,76,0,17412,32739,-,-,-,0,164,360
1787764127.496,0,306,83,-,99,27,0,0,0,0,9501,1620,62,0,17412,32739,-,-,-,0,50,17
1787764128.572,0,349,84,-,100,27,0,0,0,0,9501,1605,99,0,17412,32739,-,-,-,0,142,22
1787764129.649,0,349,84,-,100,27,0,0,0,0,9501,1605,93,0,17412,32739,-,-,-,0,907,17
1787764130.722,0,347,84,-,100,24,0,0,0,0,9501,1635,95,0,17412,32739,-,-,-,0,42,17
1787764131.797,0,326,83,-,85,58,0,0,0,0,9501,1680,100,0,17412,32739,-,-,-,0,184,52
1787764132.860,0,349,83,-,93,63,0,0,0,0,9501,1620,97,0,17412,32739,-,-,-,0,128,309
1787764133.937,0,347,83,-,93,62,0,0,0,0,9501,1590,99,0,17412,32739,-,-,-,0,70,300
1787764135.014,0,347,83,-,92,62,0,0,0,0,9501,1620,99,0,17412,32739,-,-,-,0,92,306
1787764136.089,0,296,78,-,33,1,0,0,0,0,9501,1875,73,0,17412,32739,-,-,-,0,60,316
1787764137.164,0,319,83,-,86,62,0,0,0,0,9501,1725,48,0,17412,32739,-,-,-,0,176,113
1787764138.240,0,341,82,-,83,56,0,0,0,0,9501,1635,64,0,17412,32739,-,-,-,0,175,330
1787764139.315,0,341,82,-,84,65,0,0,0,0,9501,1665,100,0,17412,32739,-,-,-,0,0,0
1787764140.380,0,309,84,-,100,28,0,0,0,0,9501,1635,74,0,17412,32739,-,-,-,0,32,16
1787764141.458,0,345,84,-,100,25,0,0,0,0,9501,1650,95,0,17412,32739,-,-,-,0,35,12
1787764142.534,0,351,84,-,100,27,0,0,0,0,9501,1620,99,0,17412,32739,-,-,-,0,38,14
1787764143.606,0,348,85,-,99,25,0,0,0,0,9501,1620,95,0,17412,32739,-,-,-,0,165,31
1787764144.671,0,340,84,-,100,38,0,0,0,0,9501,1620,91,0,17412,32739,-,-,-,0,189,164
1787764145.748,0,334,83,-,90,60,0,0,0,0,9501,1650,77,0,17412,32739,-,-,-,0,129,306
1787764146.825,0,348,83,-,93,62,0,0,0,0,9501,1605,100,0,17412,32739,-,-,-,0,79,299
1787764147.901,0,347,83,-,94,63,0,0,0,0,9501,1620,99,0,17412,32739,-,-,-,0,47,303
1787764148.978,0,304,79,-,1,0,0,0,0,0,9501,1905,75,0,17412,32739,-,-,-,0,182,268
1787764150.052,0,313,83,-,91,61,0,0,0,0,9501,1635,52,0,17412,32739,-,-,-,0,172,163
1787764151.115,0,339,83,-,80,54,0,0,0,0,9501,1680,68,0,17412,32739,-,-,-,0,87,60
1787764152.181,0,345,83,-,85,58,0,0,0,0,9501,1725,65,0,17412,32739,-,-,-,0,181,91
1787764153.249,0,280,78,-,1,0,0,0,0,0,9501,1920,35,0,17412,32739,-,-,-,0,1,0
1787764154.312,0,161,74,-,1,0,0,0,0,0,5001,420,0,0,17412,32739,-,-,-,0,0,0
1787764155.387,0,93,71,-,11,0,0,0,0,0,5001,270,0,0,17412,32739,-,-,-,0,17,7
1787764156.463,0,246,81,-,100,25,0,0,0,0,9501,1665,83,0,17412,32739,-,-,-,0,79,626
1787764157.538,0,339,80,-,61,34,0,0,0,0,9501,1680,85,0,17412,32739,-,-,-,0,179,167
1787764158.613,0,339,81,-,83,64,0,0,0,0,9501,1755,53,0,17412,32739,-,-,-,0,190,70
1787764159.678,0,344,82,-,92,58,0,0,0,0,9501,1620,58,0,17412,32739,-,-,-,0,125,42
1787764160.754,0,346,81,-,85,59,0,0,0,0,9501,1650,93,0,17412,32739,-,-,-,0,77,312
1787764161.827,0,344,82,-,87,56,0,0,0,0,9501,1695,100,0,17412,32739,-,-,-,0,62,323
1787764162.898,0,342,82,-,87,56,0,0,0,0,9501,1680,99,0,17412,32739,-,-,-,0,151,342
1787764163.966,0,345,82,-,87,60,0,0,0,0,9501,1725,85,0,17412,32739,-,-,-,0,183,164
1787764165.028,0,343,82,-,84,53,0,0,0,0,9501,1665,58,0,17412,32739,-,-,-,0,164,324
1787764166.108,0,343,82,-,88,57,0,0,0,0,9501,1635,71,0,17412,32739,-,-,-,0,95,16
1787764167.184,0,348,82,-,92,60,0,0,0,0,9501,1650,91,0,17412,32739,-,-,-,0,79,22
1787764168.198,#,gpu,pwr,gtemp,mtemp,sm,mem,enc,dec,jpg,ofa,mclk,pclk,pviol,tviol,fb,bar1,ccpm,sbecc,dbecc,pci,rxpci,txpci
1787764168.198,#,Idx,W,C,C,%,%,%,%,%,%,MHz,MHz,%,bool,MB,MB,MB,errs,errs,errs,MB/s,MB/s
1787764168.259,0,338,83,-,99,30,0,0,0,0,9501,1635,100,0,17412,32739,-,-,-,0,59,19
1787764169.335,0,333,82,-,81,63,0,0,0,0,9501,1740,79,0,17412,32739,-,-,-,0,201,131
1787764170.413,0,342,82,-,86,58,0,0,0,0,9501,1725,56,0,17412,32739,-,-,-,0,187,97
1787764171.490,0,342,82,-,83,60,0,0,0,0,9501,1755,76,0,17412,32739,-,-,-,0,150,107
1787764172.555,0,322,82,-,100,39,0,0,0,0,9501,1635,60,0,17412,32739,-,-,-,0,47,24
1787764173.623,0,345,84,-,99,26,0,0,0,0,9501,1545,91,0,17412,32739,-,-,-,0,57,16
1787764174.688,0,345,83,-,100,26,0,0,0,0,9501,1605,93,0,17412,32739,-,-,-,0,139,46
1787764175.762,0,348,83,-,99,25,0,0,0,0,9501,1650,100,0,17412,32739,-,-,-,0,39,13
1787764176.838,0,344,84,-,100,26,0,0,0,0,9501,1650,87,0,17412,32739,-,-,-,0,182,64
1787764177.904,0,340,83,-,88,57,0,0,0,0,9501,1710,60,0,17412,32739,-,-,-,0,198,160
1787764178.980,0,347,83,-,84,57,0,0,0,0,9501,1590,44,0,17412,32739,-,-,-,0,150,186
1787764180.055,0,344,83,-,93,61,0,0,0,0,9501,1635,87,0,17412,32739,-,-,-,0,182,109
1787764181.122,0,340,82,-,86,57,0,0,0,0,9501,1680,86,0,17412,32739,-,-,-,0,114,165
1787764182.184,0,346,83,-,94,61,0,0,0,0,9501,1650,93,0,17412,32739,-,-,-,0,172,324
1787764183.257,0,342,83,-,79,53,0,0,0,0,9501,1785,93,0,17412,32739,-,-,-,0,162,325
1787764184.329,0,345,82,-,87,55,0,0,0,0,9501,1620,78,0,17412,32739,-,-,-,0,190,218
1787764185.405,0,345,83,-,93,62,0,0,0,0,9501,1605,83,0,17412,32739,-,-,-,0,46,40
1787764186.479,0,345,83,-,87,58,0,0,0,0,9501,1620,92,0,17412,32739,-,-,-,0,175,108
1787764187.557,0,343,82,-,87,57,0,0,0,0,9501,1695,79,0,17412,32739,-,-,-,0,200,92
1787764188.631,0,342,83,-,84,57,0,0,0,0,9501,1635,81,0,17412,32739,-,-,-,0,77,310
1787764189.704,0,346,83,-,93,62,0,0,0,0,9501,1620,99,0,17412,32739,-,-,-,0,80,316
1787764190.771,0,345,83,-,88,56,0,0,0,0,9501,1635,100,0,17412,32739,-,-,-,0,119,296
1787764191.834,0,348,83,-,93,62,0,0,0,0,9501,1635,99,0,17412,32739,-,-,-,0,59,310
1787764192.898,0,347,83,-,86,57,0,0,0,0,9501,1620,99,0,17412,32739,-,-,-,0,182,265
1787764193.969,0,345,83,-,82,56,0,0,0,0,9501,1740,99,0,17412,32739,-,-,-,0,159,319
1787764195.043,0,342,83,-,94,62,0,0,0,0,9501,1635,82,0,17412,32739,-,-,-,0,137,298
1787764196.121,0,346,83,-,86,59,0,0,0,0,9501,1680,93,0,17412,32739,-,-,-,0,171,53
1787764197.191,0,344,83,-,80,58,0,0,0,0,9501,1755,93,0,17412,32739,-,-,-,0,192,170
1787764198.258,0,346,83,-,93,62,0,0,0,0,9501,1635,90,0,17412,32739,-,-,-,0,182,49
1787764199.323,0,345,83,-,83,64,0,0,0,0,9501,1650,100,0,17412,32739,-,-,-,0,198,61
1787764200.387,0,348,83,-,94,62,0,0,0,0,9501,1590,78,0,17412,32739,-,-,-,0,89,304
1787764201.465,0,343,83,-,82,63,0,0,0,0,9501,1725,86,0,17412,32739,-,-,-,0,122,301
1787764202.540,0,341,83,-,81,55,0,0,0,0,9501,1740,79,0,17412,32739,-,-,-,0,105,295
1787764203.618,0,343,82,-,79,61,0,0,0,0,9501,1695,88,0,17412,32739,-,-,-,0,154,105
1787764204.693,0,343,82,-,84,59,0,0,0,0,9501,1710,74,0,17412,32739,-,-,-,0,171,25
1787764205.771,0,341,83,-,88,60,0,0,0,0,9501,1710,100,0,17412,32739,-,-,-,0,168,319
1787764206.845,0,346,83,-,86,58,0,0,0,0,9501,1695,93,0,17412,32739,-,-,-,0,124,299
1787764207.921,0,346,83,-,87,56,0,0,0,0,9501,1605,94,0,17412,32739,-,-,-,0,153,217
1787764208.997,0,344,83,-,87,60,0,0,0,0,9501,1710,99,0,17412,32739,-,-,-,0,54,306
1787764210.074,0,346,83,-,91,62,0,0,0,0,9501,1665,91,0,17412,32739,-,-,-,0,180,88
1787764211.139,0,345,83,-,89,61,0,0,0,0,9501,1635,67,0,17412,32739,-,-,-,0,179,268
1787764212.213,0,348,83,-,92,60,0,0,0,0,9501,1635,82,0,17412,32739,-,-,-,0,201,223
1787764213.292,0,341,83,-,78,53,0,0,0,0,9501,1695,100,0,17412,32739,-,-,-,0,184,114
1787764214.359,0,341,83,-,90,76,0,0,0,0,9501,1635,74,0,17412,32739,-,-,-,0,97,93
1787764215.373,#,gpu,pwr,gtemp,mtemp,sm,mem,enc,dec,jpg,ofa,mclk,pclk,pviol,tviol,fb,bar1,ccpm,sbecc,dbecc,pci,rxpci,txpci
1787764215.373,#,Idx,W,C,C,%,%,%,%,%,%,MHz,MHz,%,bool,MB,MB,MB,errs,errs,errs,MB/s,MB/s
1787764215.436,0,345,83,-,91,61,0,0,0,0,9501,1650,81,0,17412,32739,-,-,-,0,167,322
1787764216.511,0,344,83,-,93,63,0,0,0,0,9501,1620,91,0,17412,32739,-,-,-,0,75,32
1787764217.577,0,345,83,-,81,56,0,0,0,0,9501,1680,82,0,17412,32739,-,-,-,0,109,25
1787764218.640,0,347,83,-,93,63,0,0,0,0,9501,1590,98,0,17412,32739,-,-,-,0,130,27
1787764219.718,0,343,83,-,90,61,0,0,0,0,9501,1710,82,0,17412,32739,-,-,-,0,191,217
1787764220.794,0,342,83,-,84,54,0,0,0,0,9501,1620,100,0,17412,32739,-,-,-,0,249,24
1787764221.858,0,346,83,-,93,63,0,0,0,0,9501,1590,91,0,17412,32739,-,-,-,0,125,21
1787764222.931,0,346,83,-,86,58,0,0,0,0,9501,1710,99,0,17412,32739,-,-,-,0,164,325
1787764224.007,0,348,83,-,93,62,0,0,0,0,9501,1590,93,0,17412,32739,-,-,-,0,186,121
1787764225.070,0,345,83,-,84,57,0,0,0,0,9501,1665,80,0,17412,32739,-,-,-,0,131,302
1787764226.145,0,345,83,-,87,60,0,0,0,0,9501,1740,85,0,17412,32739,-,-,-,0,189,55
1787764227.223,0,347,83,-,88,57,0,0,0,0,9501,1590,86,0,17412,32739,-,-,-,0,206,101
1787764228.287,0,347,83,-,85,54,0,0,0,0,9501,1590,89,0,17412,32739,-,-,-,0,69,53
1787764229.352,0,345,83,-,92,64,0,0,0,0,9501,1620,89,0,17412,32739,-,-,-,0,172,268
1787764230.425,0,349,83,-,93,64,0,0,0,0,9501,1590,97,0,17412,32739,-,-,-,0,114,298
1787764231.502,0,346,83,-,94,64,0,0,0,0,9501,1635,97,0,17412,32739,-,-,-,0,108,28
1787764232.575,0,345,83,-,89,58,0,0,0,0,9501,1725,99,0,17412,32739,-,-,-,0,187,100
1787764233.651,0,346,83,-,92,63,0,0,0,0,9501,1650,87,0,17412,32739,-,-,-,0,164,342
1787764234.726,0,345,83,-,85,58,0,0,0,0,9501,1620,87,0,17412,32739,-,-,-,0,116,300
1787764235.804,0,344,83,-,84,58,0,0,0,0,9501,1620,100,0,17412,32739,-,-,-,0,237,313
1787764236.880,0,346,83,-,88,60,0,0,0,0,9501,1605,99,0,17412,32739,-,-,-,0,109,28
1787764237.955,0,347,83,-,86,58,0,0,0,0,9501,1710,74,0,17412,32739,-,-,-,0,195,52
1787764239.028,0,346,83,-,88,61,0,0,0,0,9501,1740,81,0,17412,32739,-,-,-,0,172,33
1787764240.102,0,347,83,-,78,60,0,0,0,0,9501,1710,82,0,17412,32739,-,-,-,0,202,104
1787764241.180,0,345,83,-,87,61,0,0,0,0,9501,1740,72,0,17412,32739,-,-,-,0,106,21
1787764242.245,0,346,83,-,93,63,0,0,0,0,9501,1620,79,0,17412,32739,-,-,-,0,74,29
1787764243.318,0,345,83,-,83,61,0,0,0,0,9501,1725,100,0,17412,32739,-,-,-,0,189,212
1787764244.382,0,344,83,-,85,62,0,0,0,0,9501,1710,91,0,17412,32739,-,-,-,0,135,311
1787764245.455,0,348,84,-,94,63,0,0,0,0,9501,1620,93,0,17412,32739,-,-,-,0,185,322
1787764246.530,0,348,83,-,87,59,0,0,0,0,9501,1635,89,0,17412,32739,-,-,-,0,119,296
1787764247.607,0,348,84,-,92,62,0,0,0,0,9501,1620,99,0,17412,32739,-,-,-,0,60,303
1787764248.683,0,347,84,-,93,63,0,0,0,0,9501,1635,97,0,17412,32739,-,-,-,0,103,297
1787764249.757,0,347,83,-,94,62,0,0,0,0,9501,1650,99,0,17412,32739,-,-,-,0,85,305
1787764250.833,0,348,84,-,93,62,0,0,0,0,9501,1635,100,0,17412,32739,-,-,-,0,186,322
1787764251.908,0,347,83,-,89,59,0,0,0,0,9501,1695,99,0,17412,32739,-,-,-,0,129,317
1787764252.984,0,347,83,-,93,62,0,0,0,0,9501,1635,99,0,17412,32739,-,-,-,0,51,348
1787764254.059,0,347,83,-,86,57,0,0,0,0,9501,1620,99,0,17412,32739,-,-,-,0,122,28
1787764255.136,0,348,83,-,94,63,0,0,0,0,9501,1620,99,0,17412,32739,-,-,-,0,117,319
1787764256.212,0,348,83,-,92,62,0,0,0,0,9501,1620,99,0,17412,32739,-,-,-,0,63,304
1787764257.290,0,347,83,-,90,61,0,0,0,0,9501,1695,100,0,17412,32739,-,-,-,0,76,41
1787764258.354,0,347,84,-,94,62,0,0,0,0,9501,1635,99,0,17412,32739,-,-,-,0,84,30
1787764259.430,0,348,84,-,93,63,0,0,0,0,9501,1605,99,0,17412,32739,-,-,-,0,115,295
1787764260.503,0,348,84,-,92,62,0,0,0,0,9501,1635,99,0,17412,32739,-,-,-,0,107,305
1787764261.568,0,348,81,-,94,63,0,0,0,0,9501,1755,99,0,17412,32739,-,-,-,0,0,0
1787764262.583,#,gpu,pwr,gtemp,mtemp,sm,mem,enc,dec,jpg,ofa,mclk,pclk,pviol,tviol,fb,bar1,ccpm,sbecc,dbecc,pci,rxpci,txpci
1787764262.583,#,Idx,W,C,C,%,%,%,%,%,%,MHz,MHz,%,bool,MB,MB,MB,errs,errs,errs,MB/s,MB/s
1787764262.646,0,185,78,-,28,1,0,0,0,0,9501,1920,3,0,17412,32739,-,-,-,0,42,21
1787764263.723,0,315,83,-,84,58,0,0,0,0,9501,1725,74,0,17412,32739,-,-,-,0,171,312
1787764264.796,0,339,83,-,84,60,0,0,0,0,9501,1695,92,0,17412,32739,-,-,-,0,82,153
1787764265.871,0,342,83,-,86,57,0,0,0,0,9501,1635,54,0,17412,32739,-,-,-,0,232,326
1787764266.947,0,318,81,-,95,40,0,0,0,0,9501,1860,73,0,17412,32739,-,-,-,0,54,19
1787764268.022,0,331,83,-,83,72,0,0,0,0,9501,1665,66,0,17412,32739,-,-,-,0,162,298
1787764269.097,0,344,83,-,87,57,0,0,0,0,9501,1725,71,0,17412,32739,-,-,-,0,179,164
1787764270.168,0,345,83,-,88,58,0,0,0,0,9501,1635,82,0,17412,32739,-,-,-,0,88,305
1787764271.242,0,348,83,-,93,60,0,0,0,0,9501,1605,97,0,17412,32739,-,-,-,0,1,0
1787764272.305,0,273,83,-,94,32,0,0,0,0,9501,1635,85,0,17412,32739,-,-,-,0,51,27
1787764273.381,0,337,83,-,87,57,0,0,0,0,9501,1695,78,0,17412,32739,-,-,-,0,169,24
1787764274.457,0,339,83,-,77,58,0,0,0,0,9501,1695,67,0,17412,32739,-,-,-,0,132,165
1787764275.523,0,341,83,-,93,74,0,0,0,0,9501,1665,64,0,17412,32739,-,-,-,0,173,324
1787764276.585,0,344,83,-,78,56,0,0,0,0,9501,1665,63,0,17412,32739,-,-,-,0,189,173
1787764277.662,0,341,83,-,83,53,0,0,0,0,9501,1635,72,0,17412,32739,-,-,-,0,50,311
1787764278.726,0,343,83,-,87,56,0,0,0,0,9501,1695,81,0,17412,32739,-,-,-,0,194,58
1787764279.799,0,344,83,-,77,57,0,0,0,0,9501,1680,100,0,17412,32739,-,-,-,0,185,112
1787764280.877,0,342,83,-,82,62,0,0,0,0,9501,1635,74,0,17412,32739,-,-,-,0,210,77
1787764281.953,0,345,83,-,88,62,0,0,0,0,9501,1740,60,0,17412,32739,-,-,-,0,249,109
1787764283.028,0,345,83,-,81,64,0,0,0,0,9501,1695,48,0,17412,32739,-,-,-,0,173,54
1787764284.102,0,346,83,-,86,61,0,0,0,0,9501,1740,70,0,17412,32739,-,-,-,0,179,107
1787764285.178,0,345,83,-,84,56,0,0,0,0,9501,1695,66,0,17412,32739,-,-,-,0,167,29
1787764286.252,0,345,83,-,85,54,0,0,0,0,9501,1620,89,0,17412,32739,-,-,-,0,97,304
1787764287.325,0,346,83,-,85,56,0,0,0,0,9501,1605,100,0,17412,32739,-,-,-,0,52,0
1787764288.392,0,308,84,-,99,27,0,0,0,0,9501,1635,67,0,17412,32739,-,-,-,0,44,20
1787764289.468,0,335,83,-,60,31,0,0,0,0,9501,1680,83,0,17412,32739,-,-,-,0,159,327
1787764290.534,0,336,83,-,88,66,0,0,0,0,9501,1680,87,0,17412,32739,-,-,-,0,170,167
1787764291.610,0,341,83,-,86,56,0,0,0,0,9501,1680,78,0,17412,32739,-,-,-,0,171,59
1787764292.686,0,343,83,-,85,56,0,0,0,0,9501,1680,81,0,17412,32739,-,-,-,0,174,315
1787764293.758,0,304,82,-,66,23,0,0,0,0,9501,1680,66,0,17412,32739,-,-,-,0,190,107
1787764294.821,0,340,83,-,86,56,0,0,0,0,9501,1650,100,0,17412,32739,-,-,-,0,150,104
1787764295.885,0,344,83,-,89,56,0,0,0,0,9501,1710,71,0,17412,32739,-,-,-,0,183,108
1787764296.948,0,342,83,-,87,57,0,0,0,0,9501,1605,79,0,17412,32739,-,-,-,0,259,338
1787764298.021,0,345,83,-,90,59,0,0,0,0,9501,1710,68,0,17412,32739,-,-,-,0,158,20
1787764299.099,0,346,83,-,89,59,0,0,0,0,9501,1710,89,0,17412,32739,-,-,-,0,99,316
1787764300.173,0,346,83,-,85,56,0,0,0,0,9501,1620,91,0,17412,32739,-,-,-,0,184,286
1787764301.250,0,346,83,-,95,61,0,0,0,0,9501,1680,98,0,17412,32739,-,-,-,0,87,306
1787764302.327,0,349,83,-,94,60,0,0,0,0,9501,1605,100,0,17412,32739,-,-,-,0,109,68
1787764303.401,0,346,83,-,86,56,0,0,0,0,9501,1665,97,0,17412,32739,-,-,-,0,96,294
1787764304.472,0,273,82,-,100,25,0,0,0,0,9501,1650,52,0,17412,32739,-,-,-,0,35,15
1787764305.536,0,349,84,-,100,27,0,0,0,0,9501,1650,99,0,17412,32739,-,-,-,0,88,26
1787764306.613,0,329,83,-,74,42,0,0,0,0,9501,1695,79,0,17412,32739,-,-,-,0,198,109
1787764307.676,0,346,83,-,93,60,0,0,0,0,9501,1620,86,0,17412,32739,-,-,-,0,92,305
1787764308.752,0,347,83,-,88,57,0,0,0,0,9501,1620,99,0,17412,32739,-,-,-,0,108,316
1787764309.754,#,gpu,pwr,gtemp,mtemp,sm,mem,enc,dec,jpg,ofa,mclk,pclk,pviol,tviol,fb,bar1,ccpm,sbecc,dbecc,pci,rxpci,txpci
1787764309.793,#,Idx,W,C,C,%,%,%,%,%,%,MHz,MHz,%,bool,MB,MB,MB,errs,errs,errs,MB/s,MB/s
1787764309.816,0,348,83,-,94,60,0,0,0,0,9501,1605,100,0,17412,32739,-,-,-,0,109,310
1787764310.888,0,347,83,-,89,58,0,0,0,0,9501,1635,99,0,17412,32739,-,-,-,0,109,310
1787764311.966,0,348,83,-,93,60,0,0,0,0,9501,1620,99,0,17412,32739,-,-,-,0,99,336
1787764313.042,0,309,83,-,100,34,0,0,0,0,9501,1680,74,0,17412,32739,-,-,-,0,57,16
1787764314.118,0,346,84,-,100,24,0,0,0,0,9501,1590,93,0,17412,32739,-,-,-,0,37,17
1787764315.192,0,331,83,-,85,61,0,0,0,0,9501,1710,81,0,17412,32739,-,-,-,0,193,54
1787764316.267,0,344,83,-,82,55,0,0,0,0,9501,1635,100,0,17412,32739,-,-,-,0,170,322
1787764317.342,0,342,83,-,83,58,0,0,0,0,9501,1695,73,0,17412,32739,-,-,-,0,124,316
1787764318.417,0,298,83,-,56,15,0,0,0,0,9501,1635,58,0,17412,32739,-,-,-,0,39,15
1787764319.480,0,329,83,-,60,33,0,0,0,0,9501,1695,84,0,17412,32739,-,-,-,0,199,164
1787764320.555,0,341,83,-,79,62,0,0,0,0,9501,1725,67,0,17412,32739,-,-,-,0,191,87
1787764321.631,0,347,83,-,93,60,0,0,0,0,9501,1665,74,0,17412,32739,-,-,-,0,98,32
1787764322.709,0,347,84,-,87,57,0,0,0,0,9501,1635,90,0,17412,32739,-,-,-,0,173,323
1787764323.786,0,347,83,-,85,56,0,0,0,0,9501,1635,100,0,17412,32739,-,-,-,0,97,292
1787764324.860,0,347,83,-,94,61,0,0,0,0,9501,1620,99,0,17412,32739,-,-,-,0,81,29
1787764325.923,0,347,83,-,91,59,0,0,0,0,9501,1665,99,0,17412,32739,-,-,-,0,127,51
1787764327.001,0,345,81,-,77,48,0,0,0,0,9501,1875,98,0,17412,32739,-,-,-,0,174,58
1787764328.078,0,314,84,-,100,27,0,0,0,0,9501,1620,71,0,17412,32739,-,-,-,0,39,17
1787764329.151,0,334,83,-,84,57,0,0,0,0,9501,1650,79,0,17412,32739,-,-,-,0,86,56
1787764330.213,0,345,84,-,85,64,0,0,0,0,9501,1665,73,0,17412,32739,-,-,-,0,181,56
1787764331.287,0,345,83,-,86,64,0,0,0,0,9501,1665,96,0,17412,32739,-,-,-,0,178,322
1787764332.362,0,342,84,-,85,59,0,0,0,0,9501,1605,82,0,17412,32739,-,-,-,0,176,112
1787764333.437,0,320,81,-,98,39,0,0,0,0,9501,1845,68,0,17412,32739,-,-,-,0,60,19
1787764334.499,0,344,84,-,99,24,0,0,0,0,9501,1620,91,0,17412,32739,-,-,-,0,49,18
1787764335.573,0,337,84,-,100,25,0,0,0,0,9501,1635,82,0,17412,32739,-,-,-,0,43,15
1787764336.645,0,350,85,-,100,27,0,0,0,0,9501,1650,99,0,17412,32739,-,-,-,0,2640,418
1787764337.718,0,348,85,-,99,25,0,0,0,0,9501,1635,95,0,17412,32739,-,-,-,0,36,12
1787764338.793,0,348,85,-,100,26,0,0,0,0,9501,1605,100,0,17412,32739,-,-,-,0,1084,13
1787764339.867,0,348,85,-,99,25,0,0,0,0,9501,1650,99,0,17412,32739,-,-,-,0,46,27
1787764340.941,0,348,85,-,100,24,0,0,0,0,9501,1620,93,0,17412,32739,-,-,-,0,1224,13
1787764342.012,0,348,85,-,100,26,0,0,0,0,9501,1620,99,0,17412,32739,-,-,-,0,143,23
1787764343.089,0,348,85,-,100,26,0,0,0,0,9501,1635,94,0,17412,32739,-,-,-,0,70,37
1787764344.159,0,345,85,-,78,17,0,0,0,0,9501,1635,95,0,17412,32739,-,-,-,0,50,20
1787764345.234,0,337,85,-,100,25,0,0,0,0,9501,1635,86,0,17412,32739,-,-,-,0,169,334
1787764346.307,0,340,84,-,80,62,0,0,0,0,9501,1695,100,0,17412,32739,-,-,-,0,134,251
1787764347.381,0,344,83,-,85,58,0,0,0,0,9501,1740,90,0,17412,32739,-,-,-,0,115,306
1787764348.444,0,347,84,-,93,62,0,0,0,0,9501,1605,94,0,17412,32739,-,-,-,0,115,300
1787764349.518,0,347,84,-,92,63,0,0,0,0,9501,1635,99,0,17412,32739,-,-,-,0,152,25
1787764350.593,0,347,84,-,93,62,0,0,0,0,9501,1590,99,0,17412,32739,-,-,-,0,123,25
1787764351.669,0,348,84,-,93,62,0,0,0,0,9501,1620,99,0,17412,32739,-,-,-,0,46,0
1787764352.741,0,268,79,-,23,1,0,0,0,0,9501,1785,53,0,17412,32739,-,-,-,0,184,111
1787764353.817,0,336,83,-,84,58,0,0,0,0,9501,1680,100,0,17412,32739,-,-,-,0,184,163
1787764354.891,0,341,83,-,86,57,0,0,0,0,9501,1860,65,0,17412,32739,-,-,-,0,56,21
1787764355.967,0,314,81,-,94,37,0,0,0,0,9501,1725,74,0,17412,32739,-,-,-,0,41,17
1787764356.977,#,gpu,pwr,gtemp,mtemp,sm,mem,enc,dec,jpg,ofa,mclk,pclk,pviol,tviol,fb,bar1,ccpm,sbecc,dbecc,pci,rxpci,txpci
1787764356.977,#,Idx,W,C,C,%,%,%,%,%,%,MHz,MHz,%,bool,MB,MB,MB,errs,errs,errs,MB/s,MB/s
1787764357.039,0,333,83,-,81,62,0,0,0,0,9501,1755,67,0,17412,32739,-,-,-,0,183,228
1787764358.117,0,344,83,-,84,56,0,0,0,0,9501,1710,58,0,17412,32739,-,-,-,0,173,324
1787764359.193,0,345,83,-,84,55,0,0,0,0,9501,1695,75,0,17412,32739,-,-,-,0,203,50
1787764360.268,0,345,83,-,93,60,0,0,0,0,9501,1680,83,0,17412,32739,-,-,-,0,74,303
1787764361.343,0,346,83,-,83,58,0,0,0,0,9501,1635,100,0,17412,32739,-,-,-,0,75,36
1787764362.408,0,346,83,-,92,59,0,0,0,0,9501,1605,95,0,17412,32739,-,-,-,0,58,324
1787764363.485,0,344,84,-,87,56,0,0,0,0,9501,1650,93,0,17412,32739,-,-,-,0,103,27
1787764364.559,0,348,84,-,88,56,0,0,0,0,9501,1620,96,0,17412,32739,-,-,-,0,68,35
1787764365.632,0,310,84,-,99,28,0,0,0,0,9501,1620,70,0,17412,32739,-,-,-,0,43,27
1787764366.705,0,335,83,-,89,61,0,0,0,0,9501,1725,85,0,17412,32739,-,-,-,0,60,323
1787764367.779,0,343,83,-,80,65,0,0,0,0,9501,1695,100,0,17412,32739,-,-,-,0,139,316
1787764368.844,0,341,83,-,79,58,0,0,0,0,9501,1665,77,0,17412,32739,-,-,-,0,0,11393
1787764369.919,0,317,84,-,100,28,0,0,0,0,9501,1620,74,0,17412,32739,-,-,-,0,40,16
1787764370.995,0,349,83,-,100,37,0,0,0,0,9501,1665,97,0,17412,32739,-,-,-,0,57,381
1787764372.071,0,327,83,-,85,58,0,0,0,0,9501,1725,77,0,17412,32739,-,-,-,0,159,337
1787764373.143,0,343,83,-,81,59,0,0,0,0,9501,1650,70,0,17412,32739,-,-,-,0,154,36
1787764374.217,0,344,83,-,94,61,0,0,0,0,9501,1620,77,0,17412,32739,-,-,-,0,105,295
1787764375.293,0,347,83,-,92,59,0,0,0,0,9501,1650,100,0,17412,32739,-,-,-,0,103,292
1787764376.367,0,347,83,-,94,60,0,0,0,0,9501,1620,99,0,17412,32739,-,-,-,0,103,295
1787764377.442,0,348,84,-,94,60,0,0,0,0,9501,1620,99,0,17412,32739,-,-,-,0,85,322
1787764378.519,0,341,81,-,54,34,0,0,0,0,9501,1905,89,0,17412,32739,-,-,-,0,37,16
1787764379.593,0,304,84,-,100,27,0,0,0,0,9501,1650,80,0,17412,32739,-,-,-,0,47,18
1787764380.668,0,330,83,-,88,57,0,0,0,0,9501,1680,83,0,17412,32739,-,-,-,0,179,315
1787764381.744,0,339,84,-,85,54,0,0,0,0,9501,1620,76,0,17412,32739,-,-,-,0,171,317
1787764382.806,0,341,83,-,83,53,0,0,0,0,9501,1710,100,0,17412,32739,-,-,-,0,182,86
1787764383.884,0,303,83,-,100,27,0,0,0,0,9501,1620,54,0,17412,32739,-,-,-,0,47,15
1787764384.959,0,348,84,-,99,26,0,0,0,0,9501,1635,99,0,17412,32739,-,-,-,0,37,577
1787764386.037,0,349,84,-,100,26,0,0,0,0,9501,1605,93,0,17412,32739,-,-,-,0,50,20
1787764387.112,0,330,84,-,71,18,0,0,0,0,9501,1740,83,0,17412,32739,-,-,-,0,316,321
1787764388.187,0,337,83,-,86,59,0,0,0,0,9501,1710,66,0,17412,32739,-,-,-,0,173,319
1787764389.265,0,346,84,-,88,61,0,0,0,0,9501,1665,93,0,17412,32739,-,-,-,0,75,304
1787764390.341,0,346,83,-,93,61,0,0,0,0,9501,1620,100,0,17412,32739,-,-,-,0,165,310
1787764391.413,0,347,84,-,93,63,0,0,0,0,9501,1590,99,0,17412,32739,-,-,-,0,70,303
1787764392.486,0,347,84,-,94,62,0,0,0,0,9501,1590,99,0,17412,32739,-,-,-,0,82,24
1787764393.559,0,304,84,-,100,27,0,0,0,0,9501,1620,69,0,17412,32739,-,-,-,0,48,11
1787764394.630,0,334,84,-,89,61,0,0,0,0,9501,1665,85,0,17412,32739,-,-,-,0,116,206
1787764395.703,0,345,83,-,88,57,0,0,0,0,9501,1725,85,0,17412,32739,-,-,-,0,166,322
1787764396.777,0,343,83,-,85,65,0,0,0,0,9501,1755,100,0,17412,32739,-,-,-,0,189,54
1787764397.853,0,305,83,-,100,28,0,0,0,0,9501,1620,54,0,17412,32739,-,-,-,0,56,21
1787764398.917,0,349,84,-,99,25,0,0,0,0,9501,1635,99,0,17412,32739,-,-,-,0,37,12
1787764399.992,0,349,85,-,100,27,0,0,0,0,9501,1620,94,0,17412,32739,-,-,-,0,31,20
1787764401.066,0,346,85,-,82,21,0,0,0,0,9501,1755,99,0,17412,32739,-,-,-,0,58,34
1787764402.142,0,328,84,-,59,13,0,0,0,0,9501,1800,83,0,17412,32739,-,-,-,0,352,310
1787764403.214,0,335,84,-,83,60,0,0,0,0,9501,1680,72,0,17412,32739,-,-,-,0,94,310
1787764404.229,#,gpu,pwr,gtemp,mtemp,sm,mem,enc,dec,jpg,ofa,mclk,pclk,pviol,tviol,fb,bar1,ccpm,sbecc,dbecc,pci,rxpci,txpci
1787764404.229,#,Idx,W,C,C,%,%,%,%,%,%,MHz,MHz,%,bool,MB,MB,MB,errs,errs,errs,MB/s,MB/s
1787764404.292,0,347,84,-,93,61,0,0,0,0,9501,1635,100,0,17412,32739,-,-,-,0,72,26
1787764405.355,0,347,84,-,94,62,0,0,0,0,9501,1620,99,0,17412,32739,-,-,-,0,71,309
1787764406.418,0,348,84,-,93,62,0,0,0,0,9501,1620,99,0,17412,32739,-,-,-,0,73,306
1787764407.496,0,347,84,-,93,62,0,0,0,0,9501,1620,99,0,17412,32739,-,-,-,0,48,324
1787764408.573,0,292,79,-,26,1,0,0,0,0,9501,1905,69,0,17412,32739,-,-,-,0,71,58
1787764409.647,0,318,83,-,84,57,0,0,0,0,9501,1710,64,0,17412,32739,-,-,-,0,165,23
1787764410.725,0,337,83,-,87,57,0,0,0,0,9501,1710,83,0,17412,32739,-,-,-,0,79,308
1787764411.803,0,323,80,-,0,0,0,0,0,0,9501,1905,100,0,17412,32739,-,-,-,0,14463,779
1787764412.877,0,314,84,-,99,25,0,0,0,0,9501,1590,80,0,17412,32739,-,-,-,0,37,14
1787764413.948,0,345,84,-,100,27,0,0,0,0,9501,1635,95,0,17412,32739,-,-,-,0,47,19
1787764415.010,0,349,84,-,99,25,0,0,0,0,9501,1650,99,0,17412,32739,-,-,-,0,74,15
1787764416.086,0,349,85,-,100,26,0,0,0,0,9501,1635,93,0,17412,32739,-,-,-,0,71,23
1787764417.160,0,339,84,-,100,26,0,0,0,0,9501,1620,91,0,17412,32739,-,-,-,0,198,25
1787764418.234,0,348,85,-,100,24,0,0,0,0,9501,1650,99,0,17412,32739,-,-,-,0,50,13
1787764419.311,0,349,85,-,100,26,0,0,0,0,9501,1650,100,0,17412,32739,-,-,-,0,35,18
1787764420.389,0,348,85,-,100,26,0,0,0,0,9501,1635,93,0,17412,32739,-,-,-,0,35,14
1787764421.460,0,348,85,-,99,24,0,0,0,0,9501,1620,99,0,17412,32739,-,-,-,0,36,16
1787764422.531,0,348,85,-,100,24,0,0,0,0,9501,1650,95,0,17412,32739,-,-,-,0,1412,17
1787764423.596,0,348,85,-,100,25,0,0,0,0,9501,1650,99,0,17412,32739,-,-,-,0,40,13
1787764424.672,0,348,85,-,100,26,0,0,0,0,9501,1635,95,0,17412,32739,-,-,-,0,62,13
1787764425.743,0,341,84,-,54,18,0,0,0,0,9501,1755,93,0,17412,32739,-,-,-,0,2120,8420
1787764426.822,0,335,84,-,83,56,0,0,0,0,9501,1740,100,0,17412,32739,-,-,-,0,87,313
1787764427.897,0,347,84,-,92,64,0,0,0,0,9501,1605,96,0,17412,32739,-,-,-,0,84,326
1787764428.969,0,346,84,-,84,58,0,0,0,0,9501,1725,91,0,17412,32739,-,-,-,0,119,299
1787764430.046,0,349,84,-,93,64,0,0,0,0,9501,1650,98,0,17412,32739,-,-,-,0,87,29
1787764431.120,0,348,83,-,92,64,0,0,0,0,9501,1605,99,0,17412,32739,-,-,-,0,53,300
1787764432.198,0,348,84,-,93,64,0,0,0,0,9501,1620,99,0,17412,32739,-,-,-,0,121,342
1787764433.270,0,348,84,-,93,63,0,0,0,0,9501,1635,99,0,17412,32739,-,-,-,0,194,17
1787764434.345,0,348,84,-,92,63,0,0,0,0,9501,1635,100,0,17412,32739,-,-,-,0,85,30
1787764435.416,0,348,84,-,92,63,0,0,0,0,9501,1650,99,0,17412,32739,-,-,-,0,130,312
1787764436.492,0,349,84,-,92,63,0,0,0,0,9501,1620,99,0,17412,32739,-,-,-,0,121,25
1787764437.566,0,302,79,-,0,0,0,0,0,0,9501,1905,73,0,17412,32739,-,-,-,0,163,223
1787764438.642,0,293,83,-,84,59,0,0,0,0,9501,1665,62,0,17412,32739,-,-,-,0,77,62
1787764439.713,0,342,83,-,83,58,0,0,0,0,9501,1695,89,0,17412,32739,-,-,-,0,48,316
1787764440.785,0,340,83,-,86,56,0,0,0,0,9501,1695,100,0,17412,32739,-,-,-,0,195,175
1787764441.860,0,299,84,-,100,27,0,0,0,0,9501,1635,65,0,17412,32739,-,-,-,0,37,654
1787764442.930,0,345,85,-,77,20,0,0,0,0,9501,1755,97,0,17412,32739,-,-,-,0,59,27
1787764444.008,0,347,84,-,100,26,0,0,0,0,9501,1635,96,0,17412,32739,-,-,-,0,33,26
1787764445.083,0,348,85,-,100,27,0,0,0,0,9501,1620,93,0,17412,32739,-,-,-,0,44,14
1787764446.148,0,348,85,-,100,24,0,0,0,0,9501,1635,99,0,17412,32739,-,-,-,0,37,15
1787764447.213,0,349,85,-,100,26,0,0,0,0,9501,1620,95,0,17412,32739,-,-,-,0,39,23
1787764448.277,0,348,85,-,99,25,0,0,0,0,9501,1650,100,0,17412,32739,-,-,-,0,40,47
1787764449.354,0,348,85,-,100,24,0,0,0,0,9501,1635,99,0,17412,32739,-,-,-,0,92,36
1787764450.432,0,348,85,-,100,25,0,0,0,0,9501,1635,95,0,17412,32739,-,-,-,0,39,15
1787764451.446,#,gpu,pwr,gtemp,mtemp,sm,mem,enc,dec,jpg,ofa,mclk,pclk,pviol,tviol,fb,bar1,ccpm,sbecc,dbecc,pci,rxpci,txpci
1787764451.446,#,Idx,W,C,C,%,%,%,%,%,%,MHz,MHz,%,bool,MB,MB,MB,errs,errs,errs,MB/s,MB/s
1787764451.509,0,348,85,-,100,25,0,0,0,0,9501,1620,99,0,17412,32739,-,-,-,0,33,16
1787764452.582,0,346,85,-,99,24,0,0,0,0,9501,1605,93,0,17412,32739,-,-,-,0,38,24
1787764453.656,0,346,85,-,91,20,0,0,0,0,9501,1605,93,0,17412,32739,-,-,-,0,32,18
1787764454.731,0,348,85,-,100,23,0,0,0,0,9501,1650,99,0,17412,32739,-,-,-,0,50,22
1787764455.804,0,340,85,-,100,46,0,0,0,0,9501,1590,100,0,17412,32739,-,-,-,0,58,23
1787764456.879,0,339,85,-,89,25,0,0,0,0,9501,1740,91,0,17412,32739,-,-,-,0,32,11
1787764457.952,0,331,83,-,85,67,0,0,0,0,9501,1620,67,0,17412,32739,-,-,-,0,184,180
1787764459.030,0,341,84,-,85,59,0,0,0,0,9501,1740,55,0,17412,32739,-,-,-,0,200,250
1787764460.106,0,341,84,-,88,60,0,0,0,0,9501,1695,56,0,17412,32739,-,-,-,0,199,27
1787764461.182,0,341,83,-,82,61,0,0,0,0,9501,1695,81,0,17412,32739,-,-,-,0,183,57
1787764462.255,0,345,84,-,92,64,0,0,0,0,9501,1650,84,0,17412,32739,-,-,-,0,45,319
1787764463.328,0,347,84,-,94,65,0,0,0,0,9501,1605,100,0,17412,32739,-,-,-,0,227,20
1787764464.405,0,348,84,-,88,62,0,0,0,0,9501,1695,99,0,17412,32739,-,-,-,0,55,306
1787764465.467,0,343,84,-,85,60,0,0,0,0,9501,1710,80,0,17412,32739,-,-,-,0,226,63
1787764466.540,0,347,84,-,89,64,0,0,0,0,9501,1725,56,0,17412,32739,-,-,-,0,52,322
1787764467.616,0,346,84,-,91,65,0,0,0,0,9501,1680,87,0,17412,32739,-,-,-,0,166,113
1787764468.690,0,343,84,-,86,61,0,0,0,0,9501,1695,75,0,17412,32739,-,-,-,0,179,322
1787764469.752,0,343,83,-,84,63,0,0,0,0,9501,1740,53,0,17412,32739,-,-,-,0,154,330
1787764470.826,0,348,83,-,86,61,0,0,0,0,9501,1620,100,0,17412,32739,-,-,-,0,161,312
1787764471.904,0,344,84,-,82,61,0,0,0,0,9501,1680,70,0,17412,32739,-,-,-,0,181,326
1787764472.967,0,348,84,-,83,65,0,0,0,0,9501,1620,61,0,17412,32739,-,-,-,0,155,54
1787764474.041,0,343,83,-,88,66,0,0,0,0,9501,1725,70,0,17412,32739,-,-,-,0,190,25
1787764475.113,0,345,84,-,94,66,0,0,0,0,9501,1635,85,0,17412,32739,-,-,-,0,185,56
1787764476.190,0,348,84,-,88,66,0,0,0,0,9501,1710,83,0,17412,32739,-,-,-,0,190,58
1787764477.267,0,347,84,-,88,58,0,0,0,0,9501,1635,68,0,17412,32739,-,-,-,0,90,301
1787764478.344,0,345,83,-,87,62,0,0,0,0,9501,1680,100,0,17412,32739,-,-,-,0,191,180
1787764479.420,0,346,83,-,86,64,0,0,0,0,9501,1680,67,0,17412,32739,-,-,-,0,183,28
1787764480.495,0,347,84,-,87,62,0,0,0,0,9501,1710,65,0,17412,32739,-,-,-,0,206,48
1787764481.557,0,347,84,-,86,60,0,0,0,0,9501,1695,78,0,17412,32739,-,-,-,0,215,319
1787764482.633,0,344,83,-,86,62,0,0,0,0,9501,1695,71,0,17412,32739,-,-,-,0,84,316
1787764483.707,0,345,84,-,92,66,0,0,0,0,9501,1620,79,0,17412,32739,-,-,-,0,139,23
1787764484.779,0,347,84,-,81,61,0,0,0,0,9501,1755,100,0,17412,32739,-,-,-,0,157,225
1787764485.855,0,342,83,-,83,57,0,0,0,0,9501,1650,74,0,17412,32739,-,-,-,0,154,24
1787764486.921,0,343,84,-,83,62,0,0,0,0,9501,1665,61,0,17412,32739,-,-,-,0,216,108
1787764487.984,0,346,83,-,87,61,0,0,0,0,9501,1665,71,0,17412,32739,-,-,-,0,177,49
1787764489.058,0,344,84,-,81,64,0,0,0,0,9501,1695,75,0,17412,32739,-,-,-,0,198,170
1787764490.132,0,343,84,-,80,57,0,0,0,0,9501,1755,68,0,17412,32739,-,-,-,0,127,127
1787764491.206,0,346,83,-,86,66,0,0,0,0,9501,1710,71,0,17412,32739,-,-,-,0,195,166
1787764492.282,0,347,83,-,87,65,0,0,0,0,9501,1665,100,0,17412,32739,-,-,-,0,157,28
1787764493.358,0,349,84,-,87,61,0,0,0,0,9501,1710,82,0,17412,32739,-,-,-,0,197,29
1787764494.429,0,345,83,-,81,64,0,0,0,0,9501,1710,82,0,17412,32739,-,-,-,0,252,276
1787764495.503,0,347,84,-,87,65,0,0,0,0,9501,1695,75,0,17412,32739,-,-,-,0,153,308
1787764496.578,0,345,84,-,88,68,0,0,0,0,9501,1695,92,0,17412,32739,-,-,-,0,123,52
1787764497.640,0,345,84,-,86,68,0,0,0,0,9501,1680,66,0,17412,32739,-,-,-,0,160,171
1787764498.651,#,gpu,pwr,gtemp,mtemp,sm,mem,enc,dec,jpg,ofa,mclk,pclk,pviol,tviol,fb,bar1,ccpm,sbecc,dbecc,pci,rxpci,txpci
1787764498.651,#,Idx,W,C,C,%,%,%,%,%,%,MHz,MHz,%,bool,MB,MB,MB,errs,errs,errs,MB/s,MB/s
1787764498.714,0,347,83,-,88,62,0,0,0,0,9501,1635,78,0,17412,32739,-,-,-,0,131,300
1787764499.789,0,344,83,-,93,65,0,0,0,0,9501,1575,100,0,17412,32739,-,-,-,0,86,39
1787764500.859,0,336,83,-,92,65,0,0,0,0,9501,1590,99,0,17412,32739,-,-,-,0,151,24
1787764501.934,0,337,83,-,93,65,0,0,0,0,9501,1575,99,0,17412,32739,-,-,-,0,56,314
1787764503.011,0,316,81,-,93,61,0,0,0,0,9501,1440,99,0,17412,32739,-,-,-,0,127,24
1787764504.083,0,293,81,-,93,61,0,0,0,0,9501,1425,99,0,17412,32739,-,-,-,0,132,18
1787764505.148,0,294,81,-,92,62,0,0,0,0,9501,1425,99,0,17412,32739,-,-,-,0,142,16
1787764506.216,0,293,81,-,93,60,0,0,0,0,9501,1440,99,0,17412,32739,-,-,-,0,89,32
1787764507.293,0,224,79,-,88,54,0,0,0,0,9501,1710,85,0,17412,32739,-,-,-,0,135,300
1787764508.368,0,338,83,-,88,56,0,0,0,0,9501,1680,78,0,17412,32739,-,-,-,0,181,113
1787764509.430,0,343,83,-,86,57,0,0,0,0,9501,1725,84,0,17412,32739,-,-,-,0,169,313
1787764510.493,0,343,83,-,85,56,0,0,0,0,9501,1590,53,0,17412,32739,-,-,-,0,0,5027
1787764511.568,0,290,83,-,100,25,0,0,0,0,9501,1665,59,0,17412,32739,-,-,-,0,40,13
1787764512.641,0,348,84,-,99,23,0,0,0,0,9501,1650,99,0,17412,32739,-,-,-,0,6671,204
1787764513.717,0,347,84,-,99,23,0,0,0,0,9501,1650,91,0,17412,32739,-,-,-,0,26,12
1787764514.793,0,347,84,-,100,24,0,0,0,0,9501,1665,100,0,17412,32739,-,-,-,0,41,25
1787764515.869,0,337,81,-,72,16,0,0,0,0,9501,1635,89,0,17412,32739,-,-,-,0,35,15
1787764516.942,0,333,84,-,100,25,0,0,0,0,9501,1650,87,0,17412,32739,-,-,-,0,68,281
1787764518.016,0,335,83,-,84,64,0,0,0,0,9501,1725,78,0,17412,32739,-,-,-,0,155,334
1787764519.090,0,344,83,-,88,62,0,0,0,0,9501,1695,75,0,17412,32739,-,-,-,0,169,306
1787764520.165,0,342,83,-,85,65,0,0,0,0,9501,1695,89,0,17412,32739,-,-,-,0,92,307
1787764521.237,0,348,83,-,93,65,0,0,0,0,9501,1620,96,0,17412,32739,-,-,-,0,55,302
1787764522.313,0,348,83,-,93,64,0,0,0,0,9501,1635,100,0,17412,32739,-,-,-,0,48,320
1787764523.387,0,348,83,-,93,65,0,0,0,0,9501,1620,99,0,17412,32739,-,-,-,0,97,35
1787764524.464,0,348,83,-,92,66,0,0,0,0,9501,1635,99,0,17412,32739,-,-,-,0,136,26
1787764525.536,0,349,83,-,94,66,0,0,0,0,9501,1620,99,0,17412,32739,-,-,-,0,297,18
1787764526.612,0,347,83,-,92,64,0,0,0,0,9501,1635,99,0,17412,32739,-,-,-,0,129,302
1787764527.685,0,348,83,-,91,64,0,0,0,0,9501,1620,99,0,17412,32739,-,-,-,0,128,294
1787764528.758,0,348,83,-,94,64,0,0,0,0,9501,1635,97,0,17412,32739,-,-,-,0,9,14954
1787764529.836,0,291,83,-,81,58,0,0,0,0,9501,1665,69,0,17412,32739,-,-,-,0,179,56
1787764530.912,0,340,83,-,85,56,0,0,0,0,9501,1695,85,0,17412,32739,-,-,-,0,191,216
1787764531.983,0,342,83,-,81,60,0,0,0,0,9501,1740,81,0,17412,32739,-,-,-,0,173,70
1787764533.055,0,281,81,-,65,16,0,0,0,0,9501,1650,34,0,17412,32739,-,-,-,0,34,15
1787764534.126,0,343,84,-,100,23,0,0,0,0,9501,1650,99,0,17412,32739,-,-,-,0,30,12
1787764535.200,0,346,84,-,100,23,0,0,0,0,9501,1650,92,0,17412,32739,-,-,-,0,36,15
1787764536.274,0,348,84,-,100,24,0,0,0,0,9501,1620,99,0,17412,32739,-,-,-,0,34,27
1787764537.352,0,347,85,-,100,24,0,0,0,0,9501,1635,100,0,17412,32739,-,-,-,0,37,9
1787764538.428,0,349,85,-,100,25,0,0,0,0,9501,1620,99,0,17412,32739,-,-,-,0,10,521
1787764539.504,0,346,84,-,100,41,0,0,0,0,9501,1590,96,0,17412,32739,-,-,-,0,10,4515
1787764540.577,0,336,85,-,100,28,0,0,0,0,9501,1650,90,0,17412,32739,-,-,-,0,36,19
1787764541.649,0,326,83,-,86,63,0,0,0,0,9501,1740,75,0,17412,32739,-,-,-,0,196,181
1787764542.723,0,346,83,-,88,64,0,0,0,0,9501,1725,48,0,17412,32739,-,-,-,0,187,55
1787764543.799,0,345,83,-,81,63,0,0,0,0,9501,1725,86,0,17412,32739,-,-,-,0,166,267
1787764544.873,0,345,84,-,87,61,0,0,0,0,9501,1590,70,0,17412,32739,-,-,-,0,205,52
1787764545.881,#,gpu,pwr,gtemp,mtemp,sm,mem,enc,dec,jpg,ofa,mclk,pclk,pviol,tviol,fb,bar1,ccpm,sbecc,dbecc,pci,rxpci,txpci
1787764545.925,#,Idx,W,C,C,%,%,%,%,%,%,MHz,MHz,%,bool,MB,MB,MB,errs,errs,errs,MB/s,MB/s
1787764545.942,0,345,84,-,88,63,0,0,0,0,9501,1665,67,0,17412,32739,-,-,-,0,177,159
1787764547.008,0,347,84,-,94,65,0,0,0,0,9501,1620,69,0,17412,32739,-,-,-,0,90,39
1787764548.077,0,348,84,-,83,57,0,0,0,0,9501,1635,99,0,17412,32739,-,-,-,0,85,319
1787764549.148,0,348,83,-,95,64,0,0,0,0,9501,1635,99,0,17412,32739,-,-,-,0,105,305
1787764550.223,0,348,83,-,93,65,0,0,0,0,9501,1635,99,0,17412,32739,-,-,-,0,102,306
1787764551.297,0,348,84,-,93,66,0,0,0,0,9501,1605,100,0,17412,32739,-,-,-,0,136,31
1787764552.360,0,348,84,-,95,65,0,0,0,0,9501,1605,99,0,17412,32739,-,-,-,0,141,22
1787764553.423,0,347,84,-,85,58,0,0,0,0,9501,1650,99,0,17412,32739,-,-,-,0,63,320
1787764554.499,0,348,83,-,96,66,0,0,0,0,9501,1620,99,0,17412,32739,-,-,-,0,93,316
1787764555.575,0,300,78,-,0,0,0,0,0,0,9501,1905,73,0,17412,32739,-,-,-,0,743,8595
1787764556.648,0,262,82,-,82,56,0,0,0,0,9501,1740,38,0,17412,32739,-,-,-,0,185,52
1787764557.711,0,338,83,-,85,59,0,0,0,0,9501,1710,81,0,17412,32739,-,-,-,0,210,155
1787764558.784,0,340,83,-,85,60,0,0,0,0,9501,1800,95,0,17412,32739,-,-,-,0,197,320
1787764559.848,0,234,77,-,2,0,0,0,0,0,9501,1920,30,0,17412,32739,-,-,-,0,0,1
1787764560.926,0,168,76,-,1,0,0,0,0,0,9501,1920,0,0,17412,32739,-,-,-,0,4,0
1787764562.002,0,108,72,-,11,0,0,0,0,0,5001,330,0,0,17412,32739,-,-,-,0,43,36
1787764563.079,0,243,82,-,100,36,0,0,0,0,9501,1620,72,0,17412,32739,-,-,-,0,202,107
1787764564.154,0,339,82,-,87,63,0,0,0,0,9501,1740,51,0,17412,32739,-,-,-,0,172,59
1787764565.227,0,345,82,-,85,57,0,0,0,0,9501,1740,38,0,17412,32739,-,-,-,0,158,54
1787764566.303,0,342,82,-,81,62,0,0,0,0,9501,1770,100,0,17412,32739,-,-,-,0,180,92
1787764567.376,0,341,82,-,83,53,0,0,0,0,9501,1620,58,0,17412,32739,-,-,-,0,172,65
1787764568.450,0,347,82,-,93,62,0,0,0,0,9501,1620,86,0,17412,32739,-,-,-,0,117,297
1787764569.530,0,347,83,-,85,56,0,0,0,0,9501,1620,91,0,17412,32739,-,-,-,0,121,61
1787764570.605,0,344,83,-,85,55,0,0,0,0,9501,1635,80,0,17412,32739,-,-,-,0,211,271
1787764571.678,0,341,82,-,82,53,0,0,0,0,9501,1635,77,0,17412,32739,-,-,-,0,167,57
1787764572.754,0,347,83,-,84,54,0,0,0,0,9501,1620,82,0,17412,32739,-,-,-,0,110,111
1787764573.818,0,345,83,-,84,55,0,0,0,0,9501,1620,100,0,17412,32739,-,-,-,0,101,299
1787764574.891,0,347,83,-,93,61,0,0,0,0,9501,1620,97,0,17412,32739,-,-,-,0,110,25
1787764575.963,0,347,83,-,86,56,0,0,0,0,9501,1635,95,0,17412,32739,-,-,-,0,128,21
1787764577.038,0,309,82,-,84,27,0,0,0,0,9501,1635,73,0,17412,32739,-,-,-,0,58,19
1787764578.112,0,337,84,-,100,28,0,0,0,0,9501,1635,88,0,17412,32739,-,-,-,0,186,291
1787764579.187,0,338,83,-,80,61,0,0,0,0,9501,1710,66,0,17412,32739,-,-,-,0,201,112
1787764580.262,0,347,83,-,83,60,0,0,0,0,9501,1725,53,0,17412,32739,-,-,-,0,178,168
1787764581.336,0,317,82,-,100,39,0,0,0,0,9501,1725,84,0,17412,32739,-,-,-,0,114,202
1787764582.407,0,342,83,-,99,25,0,0,0,0,9501,1620,92,0,17412,32739,-,-,-,0,53,14
1787764583.472,0,339,84,-,100,25,0,0,0,0,9501,1620,86,0,17412,32739,-,-,-,0,842,22
1787764584.544,0,351,84,-,100,27,0,0,0,0,9501,1620,99,0,17412,32739,-,-,-,0,61,50
1787764585.621,0,349,84,-,99,25,0,0,0,0,9501,1635,95,0,17412,32739,-,-,-,0,42,34
1787764586.692,0,348,84,-,100,27,0,0,0,0,9501,1635,99,0,17412,32739,-,-,-,0,48,27
1787764587.767,0,349,84,-,100,26,0,0,0,0,9501,1620,95,0,17412,32739,-,-,-,0,43,21
1787764588.832,0,348,84,-,100,23,0,0,0,0,9501,1650,100,0,17412,32739,-,-,-,0,41,27
1787764589.907,0,349,85,-,100,26,0,0,0,0,9501,1635,99,0,17412,32739,-,-,-,0,3091,27
1787764590.980,0,349,85,-,100,26,0,0,0,0,9501,1575,93,0,17412,32739,-,-,-,0,37,20
1787764592.045,0,345,84,-,81,19,0,0,0,0,9501,1680,99,0,17412,32739,-,-,-,0,51,20
1787764593.045,#,gpu,pwr,gtemp,mtemp,sm,mem,enc,dec,jpg,ofa,mclk,pclk,pviol,tviol,fb,bar1,ccpm,sbecc,dbecc,pci,rxpci,txpci
1787764593.045,#,Idx,W,C,C,%,%,%,%,%,%,MHz,MHz,%,bool,MB,MB,MB,errs,errs,errs,MB/s,MB/s
1787764593.108,0,346,84,-,99,23,0,0,0,0,9501,1665,94,0,17412,32739,-,-,-,0,28,21
1787764594.183,0,347,85,-,100,24,0,0,0,0,9501,1650,95,0,17412,32739,-,-,-,0,56,19
1787764595.246,0,348,85,-,100,25,0,0,0,0,9501,1620,99,0,17412,32739,-,-,-,0,39,28
1787764596.320,0,348,85,-,100,25,0,0,0,0,9501,1590,100,0,17412,32739,-,-,-,0,55,793
1787764597.392,0,348,85,-,100,25,0,0,0,0,9501,1605,99,0,17412,32739,-,-,-,0,43,15
1787764598.464,0,347,83,-,96,52,0,0,0,0,9501,1815,95,0,17412,32739,-,-,-,0,40,16
1787764599.541,0,326,84,-,82,59,0,0,0,0,9501,1620,71,0,17412,32739,-,-,-,0,59,306
1787764600.615,0,347,84,-,88,61,0,0,0,0,9501,1710,88,0,17412,32739,-,-,-,0,180,291
1787764601.679,0,344,83,-,87,61,0,0,0,0,9501,1725,79,0,17412,32739,-,-,-,0,175,218
1787764602.755,0,346,84,-,93,66,0,0,0,0,9501,1635,83,0,17412,32739,-,-,-,0,185,329
1787764603.826,0,346,83,-,94,64,0,0,0,0,9501,1635,100,0,17412,32739,-,-,-,0,87,29
1787764604.891,0,347,83,-,93,65,0,0,0,0,9501,1620,99,0,17412,32739,-,-,-,0,113,324
1787764605.957,0,347,83,-,93,65,0,0,0,0,9501,1620,97,0,17412,32739,-,-,-,0,64,306
1787764607.035,0,348,83,-,94,65,0,0,0,0,9501,1605,99,0,17412,32739,-,-,-,0,94,303
1787764608.111,0,347,83,-,95,65,0,0,0,0,9501,1635,99,0,17412,32739,-,-,-,0,122,17
1787764609.187,0,348,84,-,93,63,0,0,0,0,9501,1620,99,0,17412,32739,-,-,-,0,78,32
1787764610.255,0,348,84,-,93,66,0,0,0,0,9501,1605,99,0,17412,32739,-,-,-,0,0,1
1787764611.324,0,250,83,-,60,20,0,0,0,0,9501,1695,77,0,17412,32739,-,-,-,0,184,216
1787764612.398,0,339,83,-,82,58,0,0,0,0,9501,1695,72,0,17412,32739,-,-,-,0,173,60
1787764613.471,0,345,84,-,87,55,0,0,0,0,9501,1575,75,0,17412,32739,-,-,-,0,175,319
1787764614.544,0,319,83,-,63,22,0,0,0,0,9501,1680,71,0,17412,32739,-,-,-,0,44,41
1787764615.608,0,328,84,-,100,28,0,0,0,0,9501,1620,84,0,17412,32739,-,-,-,0,204,56
1787764616.685,0,339,83,-,82,64,0,0,0,0,9501,1710,67,0,17412,32739,-,-,-,0,220,36
1787764617.761,0,344,83,-,87,59,0,0,0,0,9501,1650,66,0,17412,32739,-,-,-,0,99,336
1787764618.824,0,347,83,-,86,54,0,0,0,0,9501,1740,100,0,17412,32739,-,-,-,0,99,300
1787764619.896,0,347,83,-,88,57,0,0,0,0,9501,1665,88,0,17412,32739,-,-,-,0,190,163
1787764620.973,0,344,83,-,88,60,0,0,0,0,9501,1605,89,0,17412,32739,-,-,-,0,177,62
1787764622.049,0,344,83,-,91,60,0,0,0,0,9501,1665,90,0,17412,32739,-,-,-,0,78,316
1787764623.125,0,346,83,-,86,59,0,0,0,0,9501,1620,95,0,17412,32739,-,-,-,0,97,37
1787764624.204,0,346,83,-,94,60,0,0,0,0,9501,1635,99,0,17412,32739,-,-,-,0,160,15
1787764625.280,0,347,83,-,94,60,0,0,0,0,9501,1605,99,0,17412,32739,-,-,-,0,101,312
1787764626.356,0,348,83,-,93,60,0,0,0,0,9501,1620,100,0,17412,32739,-,-,-,0,122,300
1787764627.429,0,305,82,-,52,15,0,0,0,0,9501,1635,75,0,17412,32739,-,-,-,0,54,16
1787764628.501,0,337,81,-,71,22,0,0,0,0,9501,1650,96,0,17412,32739,-,-,-,0,67,17
1787764629.577,0,331,83,-,85,73,0,0,0,0,9501,1695,67,0,17412,32739,-,-,-,0,191,56
1787764630.652,0,340,84,-,82,57,0,0,0,0,9501,1605,77,0,17412,32739,-,-,-,0,166,278
1787764631.729,0,343,83,-,82,55,0,0,0,0,9501,1695,96,0,17412,32739,-,-,-,0,242,57
1787764632.804,0,342,83,-,83,60,0,0,0,0,9501,1755,93,0,17412,32739,-,-,-,0,179,330
1787764633.878,0,311,83,-,93,34,0,0,0,0,9501,1650,66,0,17412,32739,-,-,-,0,62,29
1787764634.956,0,350,84,-,100,27,0,0,0,0,9501,1635,99,0,17412,32739,-,-,-,0,34,14
1787764636.032,0,349,85,-,100,27,0,0,0,0,9501,1650,95,0,17412,32739,-,-,-,0,31,19
1787764637.105,0,344,85,-,100,27,0,0,0,0,9501,1665,93,0,17412,32739,-,-,-,0,114,45
1787764638.180,0,338,83,-,95,25,0,0,0,0,9501,1875,81,0,17412,32739,-,-,-,0,185,55
1787764639.258,0,337,83,-,89,60,0,0,0,0,9501,1665,86,0,17412,32739,-,-,-,0,192,113
1787764640.273,#,gpu,pwr,gtemp,mtemp,sm,mem,enc,dec,jpg,ofa,mclk,pclk,pviol,tviol,fb,bar1,ccpm,sbecc,dbecc,pci,rxpci,txpci
1787764640.273,#,Idx,W,C,C,%,%,%,%,%,%,MHz,MHz,%,bool,MB,MB,MB,errs,errs,errs,MB/s,MB/s
1787764640.334,0,341,83,-,82,63,0,0,0,0,9501,1755,85,0,17412,32739,-,-,-,0,184,327
1787764641.409,0,346,83,-,84,60,0,0,0,0,9501,1740,55,0,17412,32739,-,-,-,0,168,332
1787764642.483,0,348,84,-,94,61,0,0,0,0,9501,1620,80,0,17412,32739,-,-,-,0,66,31
1787764643.545,0,347,83,-,93,60,0,0,0,0,9501,1605,97,0,17412,32739,-,-,-,0,111,317
1787764644.622,0,347,83,-,93,61,0,0,0,0,9501,1650,99,0,17412,32739,-,-,-,0,101,297
1787764645.697,0,347,83,-,94,60,0,0,0,0,9501,1620,99,0,17412,32739,-,-,-,0,82,33
1787764646.775,0,348,84,-,93,60,0,0,0,0,9501,1620,99,0,17412,32739,-,-,-,0,114,321
1787764647.841,0,349,84,-,94,62,0,0,0,0,9501,1620,100,0,17412,32739,-,-,-,0,102,290
1787764648.916,0,348,84,-,93,61,0,0,0,0,9501,1620,99,0,17412,32739,-,-,-,0,75,25
1787764649.979,0,347,84,-,93,61,0,0,0,0,9501,1635,99,0,17412,32739,-,-,-,0,108,301
1787764651.050,0,306,79,-,2,0,0,0,0,0,9501,1905,77,0,17412,32739,-,-,-,0,3,3829
1787764652.127,0,286,83,-,84,55,0,0,0,0,9501,1695,51,0,17412,32739,-,-,-,0,171,51
1787764653.201,0,343,83,-,84,60,0,0,0,0,9501,1725,83,0,17412,32739,-,-,-,0,179,230
1787764654.271,0,344,83,-,88,66,0,0,0,0,9501,1710,72,0,17412,32739,-,-,-,0,103,44
1787764655.342,0,345,83,-,88,57,0,0,0,0,9501,1665,100,0,17412,32739,-,-,-,0,154,26
1787764656.420,0,314,83,-,100,25,0,0,0,0,9501,1635,70,0,17412,32739,-,-,-,0,79,26
1787764657.494,0,336,82,-,64,34,0,0,0,0,9501,1680,85,0,17412,32739,-,-,-,0,180,55
1787764658.565,0,340,83,-,85,60,0,0,0,0,9501,1740,47,0,17412,32739,-,-,-,0,193,310
1787764659.644,0,341,83,-,85,56,0,0,0,0,9501,1710,72,0,17412,32739,-,-,-,0,149,121
1787764660.716,0,340,83,-,78,59,0,0,0,0,9501,1680,57,0,17412,32739,-,-,-,0,91,99
1787764661.785,0,344,84,-,89,58,0,0,0,0,9501,1695,85,0,17412,32739,-,-,-,0,215,322
1787764662.853,0,344,83,-,84,57,0,0,0,0,9501,1665,100,0,17412,32739,-,-,-,0,107,25
1787764663.930,0,344,83,-,81,62,0,0,0,0,9501,1740,85,0,17412,32739,-,-,-,0,183,113
1787764665.001,0,343,84,-,87,70,0,0,0,0,9501,1680,66,0,17412,32739,-,-,-,0,109,90
1787764666.071,0,345,83,-,87,60,0,0,0,0,9501,1725,79,0,17412,32739,-,-,-,0,184,172
1787764667.140,0,345,84,-,94,62,0,0,0,0,9501,1620,60,0,17412,32739,-,-,-,0,197,55
1787764668.215,0,343,83,-,85,63,0,0,0,0,9501,1710,52,0,17412,32739,-,-,-,0,121,26
1787764669.289,0,344,83,-,88,59,0,0,0,0,9501,1695,66,0,17412,32739,-,-,-,0,145,144
1787764670.358,0,341,83,-,85,74,0,0,0,0,9501,1650,79,0,17412,32739,-,-,-,0,169,52
1787764671.435,0,343,83,-,87,73,0,0,0,0,9501,1665,91,0,17412,32739,-,-,-,0,139,174
1787764672.511,0,342,83,-,84,57,0,0,0,0,9501,1740,83,0,17412,32739,-,-,-,0,142,323
1787764673.580,0,340,83,-,81,54,0,0,0,0,9501,1635,68,0,17412,32739,-,-,-,0,188,324
1787764674.650,0,342,83,-,83,55,0,0,0,0,9501,1620,75,0,17412,32739,-,-,-,0,160,324
1787764675.725,0,342,84,-,93,61,0,0,0,0,9501,1635,95,0,17412,32739,-,-,-,0,108,303
1787764676.802,0,343,83,-,80,56,0,0,0,0,9501,1740,100,0,17412,32739,-,-,-,0,269,178
1787764677.877,0,345,84,-,87,57,0,0,0,0,9501,1620,56,0,17412,32739,-,-,-,0,193,112
1787764678.953,0,342,83,-,90,62,0,0,0,0,9501,1680,71,0,17412,32739,-,-,-,0,178,321
1787764680.030,0,346,83,-,81,54,0,0,0,0,9501,1605,76,0,17412,32739,-,-,-,0,107,35
1787764681.098,0,347,83,-,93,63,0,0,0,0,9501,1620,99,0,17412,32739,-,-,-,0,74,303
1787764682.175,0,345,83,-,86,60,0,0,0,0,9501,1725,97,0,17412,32739,-,-,-,0,174,322
1787764683.245,0,343,84,-,87,57,0,0,0,0,9501,1590,78,0,17412,32739,-,-,-,0,177,269
1787764684.322,0,347,84,-,85,62,0,0,0,0,9501,1680,100,0,17412,32739,-,-,-,0,117,268
1787764685.385,0,311,83,-,83,29,0,0,0,0,9501,1665,67,0,17412,32739,-,-,-,0,32,11
1787764686.460,0,343,84,-,100,26,0,0,0,0,9501,1605,93,0,17412,32739,-,-,-,0,791,16
1787764687.472,#,gpu,pwr,gtemp,mtemp,sm,mem,enc,dec,jpg,ofa,mclk,pclk,pviol,tviol,fb,bar1,ccpm,sbecc,dbecc,pci,rxpci,txpci
1787764687.472,#,Idx,W,C,C,%,%,%,%,%,%,MHz,MHz,%,bool,MB,MB,MB,errs,errs,errs,MB/s,MB/s
1787764687.534,0,338,84,-,61,22,0,0,0,0,9501,1755,95,0,17412,32739,-,-,-,0,48,25
1787764688.609,0,332,84,-,86,56,0,0,0,0,9501,1710,82,0,17412,32739,-,-,-,0,216,162
1787764689.686,0,342,84,-,87,56,0,0,0,0,9501,1680,83,0,17412,32739,-,-,-,0,173,28
1787764690.757,0,344,83,-,86,59,0,0,0,0,9501,1710,70,0,17412,32739,-,-,-,0,189,92
1787764691.830,0,343,84,-,87,56,0,0,0,0,9501,1695,96,0,17412,32739,-,-,-,0,263,207
1787764692.902,0,317,84,-,100,27,0,0,0,0,9501,1620,67,0,17412,32739,-,-,-,0,40,22
1787764693.977,0,348,85,-,100,25,0,0,0,0,9501,1650,99,0,17412,32739,-,-,-,0,66,17
1787764695.038,0,349,85,-,100,27,0,0,0,0,9501,1620,91,0,17412,32739,-,-,-,0,47,20
1787764696.112,0,347,84,-,80,20,0,0,0,0,9501,1740,95,0,17412,32739,-,-,-,0,36,606
1787764697.187,0,341,85,-,99,26,0,0,0,0,9501,1650,90,0,17412,32739,-,-,-,0,79,27
1787764698.262,0,340,85,-,100,27,0,0,0,0,9501,1620,89,0,17412,32739,-,-,-,0,71,31
1787764699.335,0,343,83,-,80,54,0,0,0,0,9501,1650,100,0,17412,32739,-,-,-,0,231,55
1787764700.403,0,342,83,-,85,64,0,0,0,0,9501,1665,64,0,17412,32739,-,-,-,0,175,56
1787764701.481,0,342,84,-,83,64,0,0,0,0,9501,1665,59,0,17412,32739,-,-,-,0,225,131
1787764702.552,0,344,84,-,87,58,0,0,0,0,9501,1710,54,0,17412,32739,-,-,-,0,207,120
1787764703.624,0,345,83,-,85,59,0,0,0,0,9501,1695,61,0,17412,32739,-,-,-,0,139,103
1787764704.695,0,343,83,-,86,73,0,0,0,0,9501,1620,54,0,17412,32739,-,-,-,0,208,279
1787764705.766,0,343,84,-,91,59,0,0,0,0,9501,1635,82,0,17412,32739,-,-,-,0,193,60
1787764706.836,0,346,84,-,93,62,0,0,0,0,9501,1605,100,0,17412,32739,-,-,-,0,163,102
1787764707.910,0,345,84,-,88,58,0,0,0,0,9501,1695,79,0,17412,32739,-,-,-,0,189,108
1787764708.984,0,347,83,-,80,61,0,0,0,0,9501,1680,71,0,17412,32739,-,-,-,0,217,165
1787764710.055,0,345,84,-,87,58,0,0,0,0,9501,1740,87,0,17412,32739,-,-,-,0,199,151
1787764711.129,0,344,83,-,83,63,0,0,0,0,9501,1740,47,0,17412,32739,-,-,-,0,75,25
1787764712.204,0,347,83,-,83,57,0,0,0,0,9501,1635,80,0,17412,32739,-,-,-,0,185,270
1787764713.278,0,344,84,-,85,55,0,0,0,0,9501,1665,97,0,17412,32739,-,-,-,0,180,61
1787764714.348,0,343,83,-,86,70,0,0,0,0,9501,1665,97,0,17412,32739,-,-,-,0,175,337
1787764715.422,0,347,83,-,84,56,0,0,0,0,9501,1620,84,0,17412,32739,-,-,-,0,161,326
1787764716.496,0,346,83,-,87,60,0,0,0,0,9501,1665,89,0,17412,32739,-,-,-,0,112,30
1787764717.570,0,346,84,-,88,57,0,0,0,0,9501,1680,95,0,17412,32739,-,-,-,0,165,317
1787764718.645,0,346,84,-,93,62,0,0,0,0,9501,1635,95,0,17412,32739,-,-,-,0,176,29
1787764719.716,0,347,84,-,94,62,0,0,0,0,9501,1605,97,0,17412,32739,-,-,-,0,136,299
1787764720.779,0,346,84,-,85,55,0,0,0,0,9501,1650,93,0,17412,32739,-,-,-,0,109,312
1787764721.844,0,345,84,-,92,60,0,0,0,0,9501,1650,100,0,17412,32739,-,-,-,0,116,309
1787764722.916,0,348,84,-,93,61,0,0,0,0,9501,1620,99,0,17412,32739,-,-,-,0,91,318
1787764723.985,0,347,84,-,94,62,0,0,0,0,9501,1605,99,0,17412,32739,-,-,-,0,88,310
1787764725.061,0,348,84,-,93,61,0,0,0,0,9501,1620,99,0,17412,32739,-,-,-,0,80,55
1787764726.132,0,347,84,-,93,61,0,0,0,0,9501,1620,99,0,17412,32739,-,-,-,0,10680,726
1787764727.209,0,268,84,-,56,13,0,0,0,0,9501,1755,47,0,17412,32739,-,-,-,0,187,104
1787764728.282,0,337,84,-,78,53,0,0,0,0,9501,1740,74,0,17412,32739,-,-,-,0,167,223
1787764729.352,0,346,84,-,89,57,0,0,0,0,9501,1680,100,0,17412,32739,-,-,-,0,177,326
1787764730.424,0,347,83,-,81,58,0,0,0,0,9501,1680,71,0,17412,32739,-,-,-,0,67,0
1787764731.489,0,315,84,-,100,28,0,0,0,0,9501,1620,66,0,17412,32739,-,-,-,0,107,48
1787764732.556,0,323,83,-,85,60,0,0,0,0,9501,1680,69,0,17412,32739,-,-,-,0,198,233
1787764733.627,0,344,84,-,89,60,0,0,0,0,9501,1665,62,0,17412,32739,-,-,-,0,173,53
1787764734.637,#,gpu,pwr,gtemp,mtemp,sm,mem,enc,dec,jpg,ofa,mclk,pclk,pviol,tviol,fb,bar1,ccpm,sbecc,dbecc,pci,rxpci,txpci
1787764734.637,#,Idx,W,C,C,%,%,%,%,%,%,MHz,MHz,%,bool,MB,MB,MB,errs,errs,errs,MB/s,MB/s
1787764734.699,0,344,84,-,81,57,0,0,0,0,9501,1725,71,0,17412,32739,-,-,-,0,177,130
1787764735.772,0,345,84,-,88,57,0,0,0,0,9501,1710,64,0,17412,32739,-,-,-,0,196,246
1787764736.841,0,344,84,-,88,59,0,0,0,0,9501,1680,100,0,17412,32739,-,-,-,0,223,33
1787764737.906,0,348,84,-,93,60,0,0,0,0,9501,1620,97,0,17412,32739,-,-,-,0,43,312
1787764738.975,0,349,84,-,94,61,0,0,0,0,9501,1575,99,0,17412,32739,-,-,-,0,90,51
1787764740.046,0,347,84,-,94,60,0,0,0,0,9501,1635,97,0,17412,32739,-,-,-,0,55,311
1787764741.124,0,346,84,-,85,56,0,0,0,0,9501,1605,95,0,17412,32739,-,-,-,0,66,335
1787764742.193,0,348,84,-,93,59,0,0,0,0,9501,1620,99,0,17412,32739,-,-,-,0,120,34
1787764743.266,0,347,84,-,94,60,0,0,0,0,9501,1575,69,0,17412,32739,-,-,-,0,75,23
1787764744.339,0,337,84,-,100,28,0,0,0,0,9501,1620,100,0,17412,32739,-,-,-,0,52,703
1787764745.408,0,337,84,-,86,58,0,0,0,0,9501,1725,68,0,17412,32739,-,-,-,0,174,305
1787764746.472,0,344,84,-,86,57,0,0,0,0,9501,1695,80,0,17412,32739,-,-,-,0,177,326
1787764747.546,0,334,84,-,40,23,0,0,0,0,9501,1845,57,0,17412,32739,-,-,-,0,69,411
1787764748.618,0,324,85,-,100,25,0,0,0,0,9501,1635,76,0,17412,32739,-,-,-,0,49,14
1787764749.690,0,349,85,-,100,27,0,0,0,0,9501,1620,99,0,17412,32739,-,-,-,0,56,21
1787764750.759,0,333,85,-,100,27,0,0,0,0,9501,1620,84,0,17412,32739,-,-,-,0,73,29
1787764751.833,0,344,84,-,87,59,0,0,0,0,9501,1680,100,0,17412,32739,-,-,-,0,186,128
1787764752.902,0,341,83,-,82,57,0,0,0,0,9501,1740,74,0,17412,32739,-,-,-,0,283,172
1787764753.976,0,343,84,-,85,56,0,0,0,0,9501,1680,73,0,17412,32739,-,-,-,0,157,302
1787764755.045,0,345,84,-,89,61,0,0,0,0,9501,1695,50,0,17412,32739,-,-,-,0,192,163
1787764756.117,0,345,84,-,78,58,0,0,0,0,9501,1650,63,0,17412,32739,-,-,-,0,89,325
1787764757.189,0,341,83,-,81,63,0,0,0,0,9501,1755,67,0,17412,32739,-,-,-,0,182,58
1787764758.256,0,340,83,-,80,57,0,0,0,0,9501,1620,60,0,17412,32739,-,-,-,0,183,57
1787764759.330,0,341,83,-,84,63,0,0,0,0,9501,1740,99,0,17412,32739,-,-,-,0,198,108
1787764760.401,0,345,84,-,87,56,0,0,0,0,9501,1680,52,0,17412,32739,-,-,-,0,48,311
1787764761.476,0,341,83,-,85,62,0,0,0,0,9501,1800,81,0,17412,32739,-,-,-,0,138,169
1787764762.548,0,341,84,-,87,59,0,0,0,0,9501,1740,68,0,17412,32739,-,-,-,0,149,50
1787764763.624,0,343,84,-,82,54,0,0,0,0,9501,1620,73,0,17412,32739,-,-,-,0,147,53
1787764764.699,0,343,84,-,83,63,0,0,0,0,9501,1695,70,0,17412,32739,-,-,-,0,145,194
1787764765.768,0,345,83,-,88,59,0,0,0,0,9501,1710,86,0,17412,32739,-,-,-,0,112,160
1787764766.840,0,343,84,-,85,60,0,0,0,0,9501,1650,100,0,17412,32739,-,-,-,0,181,161
1787764767.917,0,344,83,-,85,57,0,0,0,0,9501,1725,77,0,17412,32739,-,-,-,0,182,300
1787764768.993,0,346,83,-,83,58,0,0,0,0,9501,1710,85,0,17412,32739,-,-,-,0,72,28
1787764770.064,0,343,83,-,88,59,0,0,0,0,9501,1710,81,0,17412,32739,-,-,-,0,63,34
1787764771.139,0,343,84,-,80,59,0,0,0,0,9501,1650,77,0,17412,32739,-,-,-,0,186,322
1787764772.216,0,344,84,-,83,62,0,0,0,0,9501,1755,66,0,17412,32739,-,-,-,0,179,219
1787764773.286,0,346,84,-,83,62,0,0,0,0,9501,1740,71,0,17412,32739,-,-,-,0,183,113
1787764774.359,0,346,84,-,86,59,0,0,0,0,9501,1740,100,0,17412,32739,-,-,-,0,76,56
1787764775.429,0,345,84,-,88,60,0,0,0,0,9501,1665,71,0,17412,32739,-,-,-,0,185,325
1787764776.507,0,346,84,-,84,57,0,0,0,0,9501,1815,63,0,17412,32739,-,-,-,0,161,112
1787764777.580,0,344,84,-,86,58,0,0,0,0,9501,1710,66,0,17412,32739,-,-,-,0,217,57
1787764778.652,0,346,83,-,84,56,0,0,0,0,9501,1590,78,0,17412,32739,-,-,-,0,129,325
1787764779.726,0,343,84,-,85,61,0,0,0,0,9501,1680,71,0,17412,32739,-,-,-,0,85,321
1787764780.799,0,347,84,-,87,58,0,0,0,0,9501,1695,100,0,17412,32739,-,-,-,0,187,106
1787764781.813,#,gpu,pwr,gtemp,mtemp,sm,mem,enc,dec,jpg,ofa,mclk,pclk,pviol,tviol,fb,bar1,ccpm,sbecc,dbecc,pci,rxpci,txpci
1787764781.851,#,Idx,W,C,C,%,%,%,%,%,%,MHz,MHz,%,bool,MB,MB,MB,errs,errs,errs,MB/s,MB/s
1787764781.874,0,347,84,-,91,60,0,0,0,0,9501,1635,88,0,17412,32739,-,-,-,0,106,304
1787764782.938,0,349,84,-,92,60,0,0,0,0,9501,1635,99,0,17412,32739,-,-,-,0,170,37
1787764784.009,0,348,84,-,93,61,0,0,0,0,9501,1620,99,0,17412,32739,-,-,-,0,183,353
1787764785.080,0,348,84,-,92,61,0,0,0,0,9501,1620,99,0,17412,32739,-,-,-,0,107,30
1787764786.155,0,348,84,-,94,61,0,0,0,0,9501,1635,99,0,17412,32739,-,-,-,0,58,324
1787764787.220,0,346,84,-,92,61,0,0,0,0,9501,1635,99,0,17412,32739,-,-,-,0,105,24
1787764788.290,0,348,84,-,93,62,0,0,0,0,9501,1620,99,0,17412,32739,-,-,-,0,62,335
1787764789.364,0,302,79,-,30,1,0,0,0,0,9501,1905,100,0,17412,32739,-,-,-,0,37,15
1787764790.437,0,317,84,-,100,25,0,0,0,0,9501,1620,82,0,17412,32739,-,-,-,0,34,714
1787764791.510,0,338,83,-,80,61,0,0,0,0,9501,1740,83,0,17412,32739,-,-,-,0,173,54
1787764792.581,0,345,84,-,87,59,0,0,0,0,9501,1785,69,0,17412,32739,-,-,-,0,172,207
1787764793.657,0,340,83,-,80,56,0,0,0,0,9501,1725,77,0,17412,32739,-,-,-,0,191,119
1787764794.729,0,313,83,-,62,21,0,0,0,0,9501,1695,64,0,17412,32739,-,-,-,0,96,158
1787764795.800,0,328,84,-,86,58,0,0,0,0,9501,1725,100,0,17412,32739,-,-,-,0,132,166
1787764796.873,0,339,84,-,86,58,0,0,0,0,9501,1710,71,0,17412,32739,-,-,-,0,132,156
1787764797.946,0,340,84,-,80,56,0,0,0,0,9501,1695,82,0,17412,32739,-,-,-,0,298,120
1787764799.018,0,339,84,-,82,58,0,0,0,0,9501,1620,83,0,17412,32739,-,-,-,0,182,64
1787764800.094,0,348,83,-,85,54,0,0,0,0,9501,1665,87,0,17412,32739,-,-,-,0,94,24
1787764801.168,0,347,84,-,92,59,0,0,0,0,9501,1635,95,0,17412,32739,-,-,-,0,147,20
1787764802.242,0,347,84,-,93,59,0,0,0,0,9501,1620,99,0,17412,32739,-,-,-,0,117,298
1787764803.318,0,344,84,-,87,55,0,0,0,0,9501,1695,100,0,17412,32739,-,-,-,0,102,294
1787764804.391,0,346,84,-,93,59,0,0,0,0,9501,1620,99,0,17412,32739,-,-,-,0,78,24
1787764805.465,0,348,84,-,94,60,0,0,0,0,9501,1620,99,0,17412,32739,-,-,-,0,106,290
1787764806.536,0,303,84,-,100,25,0,0,0,0,9501,1635,70,0,17412,32739,-,-,-,0,53,31
1787764807.605,0,344,82,-,82,22,0,0,0,0,9501,1875,91,0,17412,32739,-,-,-,0,203,152
1787764808.683,0,342,84,-,93,61,0,0,0,0,9501,1665,66,0,17412,32739,-,-,-,0,188,112
1787764809.758,0,338,83,-,79,55,0,0,0,0,9501,1680,84,0,17412,32739,-,-,-,0,184,140
1787764810.831,0,315,83,-,100,36,0,0,0,0,9501,1620,97,0,17412,32739,-,-,-,0,726,1332
1787764811.903,0,348,85,-,100,28,0,0,0,0,9501,1545,92,0,17412,32739,-,-,-,0,57,18
1787764812.975,0,338,84,-,84,25,0,0,0,0,9501,1605,89,0,17412,32739,-,-,-,0,815,34
1787764814.051,0,333,84,-,88,58,0,0,0,0,9501,1635,85,0,17412,32739,-,-,-,0,339,160
1787764815.122,0,342,84,-,85,60,0,0,0,0,9501,1710,51,0,17412,32739,-,-,-,0,173,169
1787764816.195,0,342,84,-,83,64,0,0,0,0,9501,1710,60,0,17412,32739,-,-,-,0,206,104
1787764817.270,0,343,84,-,86,59,0,0,0,0,9501,1620,55,0,17412,32739,-,-,-,0,190,218
1787764818.341,0,346,84,-,94,61,0,0,0,0,9501,1620,100,0,17412,32739,-,-,-,0,64,307
1787764819.412,0,346,84,-,83,52,0,0,0,0,9501,1665,80,0,17412,32739,-,-,-,0,144,267
1787764820.484,0,347,84,-,87,58,0,0,0,0,9501,1680,74,0,17412,32739,-,-,-,0,184,108
1787764821.556,0,345,83,-,82,62,0,0,0,0,9501,1755,67,0,17412,32739,-,-,-,0,203,50
1787764822.630,0,345,84,-,88,60,0,0,0,0,9501,1695,55,0,17412,32739,-,-,-,0,138,200
1787764823.703,0,347,84,-,85,56,0,0,0,0,9501,1695,66,0,17412,32739,-,-,-,0,115,310
1787764824.780,0,346,84,-,78,61,0,0,0,0,9501,1680,82,0,17412,32739,-,-,-,0,161,210
1787764825.850,0,344,84,-,83,56,0,0,0,0,9501,1620,100,0,17412,32739,-,-,-,0,103,294
1787764826.920,0,347,84,-,89,58,0,0,0,0,9501,1680,90,0,17412,32739,-,-,-,0,143,107
1787764827.990,0,343,84,-,85,59,0,0,0,0,9501,1680,71,0,17412,32739,-,-,-,0,77,56
1787764829.003,#,gpu,pwr,gtemp,mtemp,sm,mem,enc,dec,jpg,ofa,mclk,pclk,pviol,tviol,fb,bar1,ccpm,sbecc,dbecc,pci,rxpci,txpci
1787764829.003,#,Idx,W,C,C,%,%,%,%,%,%,MHz,MHz,%,bool,MB,MB,MB,errs,errs,errs,MB/s,MB/s
1787764829.065,0,347,84,-,94,61,0,0,0,0,9501,1635,99,0,17412,32739,-,-,-,0,159,48
1787764830.137,0,347,84,-,87,56,0,0,0,0,9501,1710,91,0,17412,32739,-,-,-,0,138,26
1787764831.208,0,348,84,-,94,61,0,0,0,0,9501,1635,99,0,17412,32739,-,-,-,0,107,26
1787764832.280,0,348,84,-,93,61,0,0,0,0,9501,1620,99,0,17412,32739,-,-,-,0,74,26
1787764833.350,0,348,84,-,93,61,0,0,0,0,9501,1635,100,0,17412,32739,-,-,-,0,66,303
1787764834.424,0,348,84,-,92,60,0,0,0,0,9501,1605,99,0,17412,32739,-,-,-,0,92,310
1787764835.492,0,291,82,-,77,19,0,0,0,0,9501,1650,65,0,17412,32739,-,-,-,0,85,605
1787764836.567,0,332,84,-,59,22,0,0,0,0,9501,1695,87,0,17412,32739,-,-,-,0,154,90
1787764837.643,0,340,84,-,88,58,0,0,0,0,9501,1710,84,0,17412,32739,-,-,-,0,176,55
1787764838.710,0,347,84,-,87,61,0,0,0,0,9501,1725,76,0,17412,32739,-,-,-,0,167,303
1787764839.786,0,346,84,-,83,55,0,0,0,0,9501,1620,76,0,17412,32739,-,-,-,0,98,154
1787764840.858,0,331,84,-,100,25,0,0,0,0,9501,1635,100,0,17412,32739,-,-,-,0,37,34
1787764841.928,0,343,84,-,84,60,0,0,0,0,9501,1755,65,0,17412,32739,-,-,-,0,183,62
1787764842.999,0,344,84,-,92,79,0,0,0,0,9501,1665,66,0,17412,32739,-,-,-,0,173,52
1787764844.070,0,345,83,-,79,61,0,0,0,0,9501,1710,39,0,17412,32739,-,-,-,0,251,220
1787764845.145,0,347,84,-,91,59,0,0,0,0,9501,1620,74,0,17412,32739,-,-,-,0,122,322
1787764846.217,0,342,84,-,92,60,0,0,0,0,9501,1620,85,0,17412,32739,-,-,-,0,213,272
1787764847.287,0,345,84,-,91,60,0,0,0,0,9501,1620,95,0,17412,32739,-,-,-,0,73,29
1787764848.363,0,348,84,-,92,61,0,0,0,0,9501,1620,100,0,17412,32739,-,-,-,0,183,105
1787764849.431,0,298,79,-,1,0,0,0,0,0,9501,1905,63,0,17412,32739,-,-,-,0,0,0
1787764850.505,0,169,77,-,1,0,0,0,0,0,9501,1920,0,0,17412,32739,-,-,-,0,60,14
1787764851.577,0,324,84,-,100,25,0,0,0,0,9501,1605,88,0,17412,32739,-,-,-,0,478,41
1787764852.649,0,326,84,-,100,27,0,0,0,0,9501,1620,79,0,17412,32739,-,-,-,0,178,56
1787764853.721,0,334,83,-,83,59,0,0,0,0,9501,1680,73,0,17412,32739,-,-,-,0,136,96
1787764854.791,0,339,84,-,83,52,0,0,0,0,9501,1575,60,0,17412,32739,-,-,-,0,99,294
1787764855.864,0,348,84,-,93,61,0,0,0,0,9501,1620,100,0,17412,32739,-,-,-,0,56,310
1787764856.935,0,347,84,-,92,62,0,0,0,0,9501,1635,99,0,17412,32739,-,-,-,0,93,22
1787764858.012,0,347,84,-,92,61,0,0,0,0,9501,1620,99,0,17412,32739,-,-,-,0,150,23
1787764859.083,0,298,83,-,57,17,0,0,0,0,9501,1635,68,0,17412,32739,-,-,-,0,712,39
1787764860.153,0,342,84,-,100,27,0,0,0,0,9501,1620,96,0,17412,32739,-,-,-,0,112,17
1787764861.223,0,328,83,-,89,59,0,0,0,0,9501,1755,79,0,17412,32739,-,-,-,0,103,318
1787764862.300,0,341,83,-,88,57,0,0,0,0,9501,1650,86,0,17412,32739,-,-,-,0,198,107
1787764863.371,0,344,84,-,83,58,0,0,0,0,9501,1695,100,0,17412,32739,-,-,-,0,24,0
1787764864.440,0,306,82,-,52,17,0,0,0,0,9501,1860,55,0,17412,32739,-,-,-,0,63,16
1787764865.516,0,321,83,-,80,59,0,0,0,0,9501,1650,61,0,17412,32739,-,-,-,0,177,321
1787764866.588,0,343,83,-,86,60,0,0,0,0,9501,1725,65,0,17412,32739,-,-,-,0,205,76
1787764867.663,0,345,84,-,85,55,0,0,0,0,9501,1635,64,0,17412,32739,-,-,-,0,193,51
1787764868.740,0,342,84,-,86,55,0,0,0,0,9501,1695,79,0,17412,32739,-,-,-,0,100,335
1787764869.812,0,344,84,-,84,55,0,0,0,0,9501,1680,100,0,17412,32739,-,-,-,0,164,313
1787764870.883,0,347,84,-,85,57,0,0,0,0,9501,1755,89,0,17412,32739,-,-,-,0,160,27
1787764871.958,0,345,84,-,92,61,0,0,0,0,9501,1635,88,0,17412,32739,-,-,-,0,203,159
1787764873.028,0,347,84,-,91,60,0,0,0,0,9501,1620,91,0,17412,32739,-,-,-,0,154,28
1787764874.099,0,304,83,-,62,18,0,0,0,0,9501,1635,71,0,17412,32739,-,-,-,0,8,2145
1787764875.171,0,326,83,-,86,55,0,0,0,0,9501,1710,84,0,17412,32739,-,-,-,0,283,274
1787764876.180,#,gpu,pwr,gtemp,mtemp,sm,mem,enc,dec,jpg,ofa,mclk,pclk,pviol,tviol,fb,bar1,ccpm,sbecc,dbecc,pci,rxpci,txpci
1787764876.180,#,Idx,W,C,C,%,%,%,%,%,%,MHz,MHz,%,bool,MB,MB,MB,errs,errs,errs,MB/s,MB/s
1787764876.243,0,342,83,-,87,65,0,0,0,0,9501,1725,67,0,17412,32739,-,-,-,0,175,162
1787764877.317,0,306,84,-,100,28,0,0,0,0,9501,1620,96,0,17412,32739,-,-,-,0,40,650
1787764878.393,0,346,84,-,87,32,0,0,0,0,9501,1755,99,0,17412,32739,-,-,-,0,82,185
1787764879.464,0,315,83,-,87,61,0,0,0,0,9501,1725,63,0,17412,32739,-,-,-,0,186,113
1787764880.540,0,341,84,-,82,59,0,0,0,0,9501,1680,56,0,17412,32739,-,-,-,0,205,182
1787764881.613,0,343,84,-,92,59,0,0,0,0,9501,1635,78,0,17412,32739,-,-,-,0,97,25
1787764882.680,0,346,84,-,83,52,0,0,0,0,9501,1605,99,0,17412,32739,-,-,-,0,86,304
1787764883.753,0,346,84,-,93,60,0,0,0,0,9501,1620,98,0,17412,32739,-,-,-,0,58,312
1787764884.824,0,346,84,-,87,60,0,0,0,0,9501,1695,100,0,17412,32739,-,-,-,0,59,301
1787764885.894,0,347,84,-,92,60,0,0,0,0,9501,1620,99,0,17412,32739,-,-,-,0,47,307
1787764886.958,0,295,84,-,100,28,0,0,0,0,9501,1620,69,0,17412,32739,-,-,-,0,38,21
1787764888.031,0,339,84,-,100,27,0,0,0,0,9501,1800,85,0,17412,32739,-,-,-,0,198,318
1787764889.100,0,338,83,-,83,66,0,0,0,0,9501,1650,62,0,17412,32739,-,-,-,0,165,58
1787764890.170,0,347,83,-,83,53,0,0,0,0,9501,1710,76,0,17412,32739,-,-,-,0,102,328
1787764891.243,0,345,84,-,80,62,0,0,0,0,9501,1755,75,0,17412,32739,-,-,-,0,57,21
1787764892.315,0,331,83,-,62,15,0,0,0,0,9501,1695,100,0,17412,32739,-,-,-,0,122,331
1787764893.388,0,335,83,-,87,62,0,0,0,0,9501,1755,63,0,17412,32739,-,-,-,0,186,105
1787764894.457,0,345,84,-,86,56,0,0,0,0,9501,1650,68,0,17412,32739,-,-,-,0,55,309
1787764895.528,0,348,83,-,93,60,0,0,0,0,9501,1680,95,0,17412,32739,-,-,-,0,193,313
1787764896.595,0,343,83,-,85,54,0,0,0,0,9501,1650,82,0,17412,32739,-,-,-,0,184,355
1787764897.671,0,342,84,-,84,56,0,0,0,0,9501,1695,82,0,17412,32739,-,-,-,0,59,335
1787764898.739,0,346,84,-,94,61,0,0,0,0,9501,1620,93,0,17412,32739,-,-,-,0,171,310
1787764899.814,0,345,84,-,93,61,0,0,0,0,9501,1620,100,0,17412,32739,-,-,-,0,137,312
1787764900.888,0,343,84,-,86,61,0,0,0,0,9501,1695,88,0,17412,32739,-,-,-,0,187,223
1787764901.961,0,343,83,-,90,63,0,0,0,0,9501,1665,68,0,17412,32739,-,-,-,0,121,305
1787764903.030,0,342,84,-,86,58,0,0,0,0,9501,1710,88,0,17412,32739,-,-,-,0,165,52
1787764904.105,0,347,84,-,88,63,0,0,0,0,9501,1695,76,0,17412,32739,-,-,-,0,172,59
1787764905.177,0,345,84,-,87,57,0,0,0,0,9501,1695,94,0,17412,32739,-,-,-,0,208,75
1787764906.251,0,343,83,-,92,59,0,0,0,0,9501,1680,80,0,17412,32739,-,-,-,0,190,102
1787764907.325,0,346,84,-,89,60,0,0,0,0,9501,1680,100,0,17412,32739,-,-,-,0,47,308
1787764908.402,0,345,84,-,93,62,0,0,0,0,9501,1635,96,0,17412,32739,-,-,-,0,107,312
1787764909.472,0,345,84,-,86,57,0,0,0,0,9501,1680,96,0,17412,32739,-,-,-,0,182,58
1787764910.542,0,346,84,-,94,62,0,0,0,0,9501,1620,92,0,17412,32739,-,-,-,0,123,223
1787764911.612,0,346,84,-,89,57,0,0,0,0,9501,1725,97,0,17412,32739,-,-,-,0,169,54
1787764912.681,0,334,84,-,93,60,0,0,0,0,9501,1860,93,0,17412,32739,-,-,-,0,452,8533
1787764913.754,0,298,84,-,100,26,0,0,0,0,9501,1635,68,0,17412,32739,-,-,-,0,39,15
1787764914.827,0,327,84,-,85,59,0,0,0,0,9501,1725,100,0,17412,32739,-,-,-,0,191,269
1787764915.900,0,347,84,-,95,80,0,0,0,0,9501,1635,66,0,17412,32739,-,-,-,0,163,55
1787764916.973,0,345,84,-,86,63,0,0,0,0,9501,1695,71,0,17412,32739,-,-,-,0,164,58
1787764918.042,0,342,84,-,87,56,0,0,0,0,9501,1680,72,0,17412,32739,-,-,-,0,1,9160
1787764919.114,0,311,85,-,100,28,0,0,0,0,9501,1620,65,0,17412,32739,-,-,-,0,55,15
1787764920.184,0,348,85,-,100,25,0,0,0,0,9501,1635,99,0,17412,32739,-,-,-,0,44,35
1787764921.256,0,348,85,-,100,27,0,0,0,0,9501,1620,94,0,17412,32739,-,-,-,0,96,43
1787764922.322,0,339,85,-,100,27,0,0,0,0,9501,1635,100,0,17412,32739,-,-,-,0,55,11
1787764923.333,#,gpu,pwr,gtemp,mtemp,sm,mem,enc,dec,jpg,ofa,mclk,pclk,pviol,tviol,fb,bar1,ccpm,sbecc,dbecc,pci,rxpci,txpci
1787764923.333,#,Idx,W,C,C,%,%,%,%,%,%,MHz,MHz,%,bool,MB,MB,MB,errs,errs,errs,MB/s,MB/s
1787764923.395,0,345,84,-,78,18,0,0,0,0,9501,1725,97,0,17412,32739,-,-,-,0,36,24
1787764924.466,0,346,85,-,100,25,0,0,0,0,9501,1635,98,0,17412,32739,-,-,-,0,39,691
1787764925.536,0,348,85,-,100,26,0,0,0,0,9501,1620,95,0,17412,32739,-,-,-,0,34,23
1787764926.610,0,348,85,-,99,25,0,0,0,0,9501,1665,99,0,17412,32739,-,-,-,0,52,16
1787764927.683,0,337,85,-,89,22,0,0,0,0,9501,1680,89,0,17412,32739,-,-,-,0,170,321
1787764928.752,0,333,84,-,87,59,0,0,0,0,9501,1650,73,0,17412,32739,-,-,-,0,103,329
1787764929.825,0,341,84,-,87,58,0,0,0,0,9501,1695,100,0,17412,32739,-,-,-,0,176,41
1787764930.895,0,347,84,-,92,63,0,0,0,0,9501,1620,97,0,17412,32739,-,-,-,0,87,300
1787764931.968,0,342,84,-,85,66,0,0,0,0,9501,1755,79,0,17412,32739,-,-,-,0,171,324
1787764933.039,0,346,84,-,92,63,0,0,0,0,9501,1620,64,0,17412,32739,-,-,-,0,74,30
1787764934.110,0,347,84,-,91,61,0,0,0,0,9501,1635,99,0,17412,32739,-,-,-,0,198,46
1787764935.181,0,342,84,-,84,61,0,0,0,0,9501,1725,63,0,17412,32739,-,-,-,0,173,66
1787764936.251,0,346,84,-,87,56,0,0,0,0,9501,1620,62,0,17412,32739,-,-,-,0,274,58
1787764937.322,0,347,84,-,90,60,0,0,0,0,9501,1680,100,0,17412,32739,-,-,-,0,203,116
1787764938.398,0,346,84,-,83,57,0,0,0,0,9501,1695,93,0,17412,32739,-,-,-,0,66,39
1787764939.467,0,346,84,-,88,60,0,0,0,0,9501,1710,97,0,17412,32739,-,-,-,0,166,328
1787764940.541,0,347,84,-,94,62,0,0,0,0,9501,1605,95,0,17412,32739,-,-,-,0,172,323
1787764941.611,0,348,84,-,95,63,0,0,0,0,9501,1635,99,0,17412,32739,-,-,-,0,51,324
1787764942.685,0,348,84,-,93,62,0,0,0,0,9501,1635,99,0,17412,32739,-,-,-,0,166,26
1787764943.752,0,347,84,-,86,57,0,0,0,0,9501,1665,99,0,17412,32739,-,-,-,0,68,307
1787764944.816,0,347,84,-,92,61,0,0,0,0,9501,1620,100,0,17412,32739,-,-,-,0,168,321
1787764945.886,0,345,84,-,87,60,0,0,0,0,9501,1695,93,0,17412,32739,-,-,-,0,98,27
1787764946.953,0,347,84,-,92,63,0,0,0,0,9501,1605,99,0,17412,32739,-,-,-,0,76,32
1787764948.019,0,348,84,-,93,64,0,0,0,0,9501,1620,99,0,17412,32739,-,-,-,0,106,29
1787764949.092,0,346,84,-,87,60,0,0,0,0,9501,1605,99,0,17412,32739,-,-,-,0,120,23
1787764950.165,0,348,84,-,93,64,0,0,0,0,9501,1605,99,0,17412,32739,-,-,-,0,136,306
1787764951.235,0,348,84,-,93,63,0,0,0,0,9501,1620,99,0,17412,32739,-,-,-,0,8875,71
1787764952.309,0,313,83,-,79,60,0,0,0,0,9501,1740,71,0,17412,32739,-,-,-,0,177,272
1787764953.384,0,346,84,-,88,58,0,0,0,0,9501,1710,80,0,17412,32739,-,-,-,0,158,218
1787764954.452,0,344,84,-,85,59,0,0,0,0,9501,1710,60,0,17412,32739,-,-,-,0,143,113
1787764955.522,0,310,84,-,65,21,0,0,0,0,9501,1755,71,0,17412,32739,-,-,-,0,44,24
1787764956.595,0,331,83,-,85,62,0,0,0,0,9501,1680,76,0,17412,32739,-,-,-,0,191,115
1787764957.665,0,342,84,-,87,56,0,0,0,0,9501,1710,72,0,17412,32739,-,-,-,0,170,314
1787764958.740,0,340,83,-,81,58,0,0,0,0,9501,1710,80,0,17412,32739,-,-,-,0,95,308
1787764959.815,0,347,84,-,93,59,0,0,0,0,9501,1620,100,0,17412,32739,-,-,-,0,99,325
1787764960.891,0,345,84,-,94,60,0,0,0,0,9501,1620,95,0,17412,32739,-,-,-,0,77,50
1787764961.958,0,347,84,-,92,60,0,0,0,0,9501,1635,97,0,17412,32739,-,-,-,0,236,55
1787764963.031,0,312,81,-,83,27,0,0,0,0,9501,1650,73,0,17412,32739,-,-,-,0,35,17
1787764964.107,0,336,84,-,100,28,0,0,0,0,9501,1620,83,0,17412,32739,-,-,-,0,170,57
1787764965.183,0,336,84,-,85,58,0,0,0,0,9501,1710,77,0,17412,32739,-,-,-,0,180,143
1787764966.251,0,342,83,-,82,60,0,0,0,0,9501,1695,77,0,17412,32739,-,-,-,0,876,5044
1787764967.325,0,343,84,-,99,24,0,0,0,0,9501,1635,100,0,17412,32739,-,-,-,0,50,22
1787764968.397,0,339,85,-,100,27,0,0,0,0,9501,1635,89,0,17412,32739,-,-,-,0,42,16
1787764969.467,0,337,84,-,100,27,0,0,0,0,9501,1635,88,0,17412,32739,-,-,-,0,4,8420
1787764970.468,#,gpu,pwr,gtemp,mtemp,sm,mem,enc,dec,jpg,ofa,mclk,pclk,pviol,tviol,fb,bar1,ccpm,sbecc,dbecc,pci,rxpci,txpci
1787764970.468,#,Idx,W,C,C,%,%,%,%,%,%,MHz,MHz,%,bool,MB,MB,MB,errs,errs,errs,MB/s,MB/s
1787764970.529,0,334,84,-,87,57,0,0,0,0,9501,1695,76,0,17412,32739,-,-,-,0,139,315
1787764971.599,0,336,83,-,80,63,0,0,0,0,9501,1695,52,0,17412,32739,-,-,-,0,188,161
1787764972.674,0,341,84,-,85,60,0,0,0,0,9501,1710,74,0,17412,32739,-,-,-,0,183,113
1787764973.748,0,344,84,-,93,61,0,0,0,0,9501,1605,77,0,17412,32739,-,-,-,0,111,40
1787764974.820,0,348,84,-,93,62,0,0,0,0,9501,1590,100,0,17412,32739,-,-,-,0,100,28
1787764975.893,0,343,84,-,86,57,0,0,0,0,9501,1680,87,0,17412,32739,-,-,-,0,123,307
1787764976.963,0,346,84,-,85,56,0,0,0,0,9501,1725,86,0,17412,32739,-,-,-,0,101,293
1787764978.037,0,337,84,-,37,22,0,0,0,0,9501,1875,92,0,17412,32739,-,-,-,0,8957,83
1787764979.108,0,297,85,-,100,28,0,0,0,0,9501,1635,66,0,17412,32739,-,-,-,0,45,14
1787764980.175,0,337,83,-,90,22,0,0,0,0,9501,1650,87,0,17412,32739,-,-,-,0,165,54
1787764981.246,0,340,84,-,87,58,0,0,0,0,9501,1680,83,0,17412,32739,-,-,-,0,204,319
1787764982.314,0,343,84,-,79,62,0,0,0,0,9501,1665,100,0,17412,32739,-,-,-,0,259,221
1787764983.385,0,309,80,-,2,0,0,0,0,0,9501,1905,53,0,17412,32739,-,-,-,0,596,14
1787764984.454,0,302,84,-,100,27,0,0,0,0,9501,1635,70,0,17412,32739,-,-,-,0,115,214
1787764985.524,0,336,83,-,85,55,0,0,0,0,9501,1635,60,0,17412,32739,-,-,-,0,175,27
1787764986.596,0,339,83,-,86,55,0,0,0,0,9501,1695,78,0,17412,32739,-,-,-,0,190,21
1787764987.673,0,339,84,-,87,57,0,0,0,0,9501,1620,55,0,17412,32739,-,-,-,0,101,297
1787764988.740,0,347,84,-,93,60,0,0,0,0,9501,1590,95,0,17412,32739,-,-,-,0,127,311
1787764989.812,0,345,84,-,84,57,0,0,0,0,9501,1635,100,0,17412,32739,-,-,-,0,88,310
1787764990.882,0,289,79,-,0,0,0,0,0,0,9501,1905,67,0,17412,32739,-,-,-,0,1,0
1787764991.949,0,197,81,-,100,25,0,0,0,0,9501,1635,10,0,17412,32739,-,-,-,0,45,679
1787764993.017,0,338,81,-,70,16,0,0,0,0,9501,1635,93,0,17412,32739,-,-,-,0,41,24
1787764994.084,0,343,84,-,100,27,0,0,0,0,9501,1620,99,0,17412,32739,-,-,-,0,39,14
1787764995.155,0,347,85,-,99,28,0,0,0,0,9501,1650,94,0,17412,32739,-,-,-,0,38,17
1787764996.229,0,326,83,-,84,57,0,0,0,0,9501,1725,75,0,17412,32739,-,-,-,0,173,319
1787764997.296,0,340,84,-,85,55,0,0,0,0,9501,1725,69,0,17412,32739,-,-,-,0,207,166
1787764998.367,0,341,83,-,85,57,0,0,0,0,9501,1710,100,0,17412,32739,-,-,-,0,167,26
1787764999.438,0,338,83,-,83,61,0,0,0,0,9501,1725,75,0,17412,32739,-,-,-,0,198,81
1787765000.509,0,343,83,-,83,55,0,0,0,0,9501,1725,62,0,17412,32739,-,-,-,0,173,56
1787765001.582,0,343,83,-,83,58,0,0,0,0,9501,1665,60,0,17412,32739,-,-,-,0,179,57
1787765002.650,0,342,84,-,88,62,0,0,0,0,9501,1680,80,0,17412,32739,-,-,-,0,174,90
1787765003.720,0,342,83,-,86,63,0,0,0,0,9501,1740,93,0,17412,32739,-,-,-,0,115,315
1787765004.792,0,342,83,-,87,56,0,0,0,0,9501,1695,77,0,17412,32739,-,-,-,0,189,189
1787765005.858,0,343,84,-,80,54,0,0,0,0,9501,1740,100,0,17412,32739,-,-,-,0,104,296
1787765006.928,0,345,83,-,78,58,0,0,0,0,9501,1695,90,0,17412,32739,-,-,-,0,174,117
1787765007.994,0,341,83,-,86,56,0,0,0,0,9501,1695,57,0,17412,32739,-,-,-,0,177,267
1787765009.066,0,341,83,-,85,58,0,0,0,0,9501,1680,84,0,17412,32739,-,-,-,0,182,48
1787765010.132,0,343,83,-,85,56,0,0,0,0,9501,1740,82,0,17412,32739,-,-,-,0,168,57
1787765011.203,0,340,84,-,83,55,0,0,0,0,9501,1725,69,0,17412,32739,-,-,-,0,166,301
1787765012.275,0,343,83,-,79,57,0,0,0,0,9501,1650,93,0,17412,32739,-,-,-,0,107,331
1787765013.343,0,343,84,-,93,76,0,0,0,0,9501,1695,100,0,17412,32739,-,-,-,0,201,315
1787765014.418,0,343,84,-,83,55,0,0,0,0,9501,1650,74,0,17412,32739,-,-,-,0,100,155
1787765015.482,0,341,83,-,84,56,0,0,0,0,9501,1635,57,0,17412,32739,-,-,-,0,163,273
1787765016.550,0,345,83,-,86,56,0,0,0,0,9501,1635,84,0,17412,32739,-,-,-,0,184,89
1787765017.562,#,gpu,pwr,gtemp,mtemp,sm,mem,enc,dec,jpg,ofa,mclk,pclk,pviol,tviol,fb,bar1,ccpm,sbecc,dbecc,pci,rxpci,txpci
1787765017.617,#,Idx,W,C,C,%,%,%,%,%,%,MHz,MHz,%,bool,MB,MB,MB,errs,errs,errs,MB/s,MB/s
1787765017.623,0,345,84,-,91,62,0,0,0,0,9501,1620,89,0,17412,32739,-,-,-,0,55,311
1787765018.690,0,346,84,-,92,61,0,0,0,0,9501,1590,99,0,17412,32739,-,-,-,0,117,300
1787765019.757,0,345,84,-,93,62,0,0,0,0,9501,1635,98,0,17412,32739,-,-,-,0,82,29
1787765020.823,0,291,83,-,86,31,0,0,0,0,9501,1845,100,0,17412,32739,-,-,-,0,59,17
1787765021.891,0,320,83,-,83,54,0,0,0,0,9501,1680,73,0,17412,32739,-,-,-,0,163,342
1787765022.955,0,342,83,-,85,57,0,0,0,0,9501,1725,49,0,17412,32739,-,-,-,0,99,171
1787765024.019,0,310,80,-,19,1,0,0,0,0,9501,1905,50,0,17412,32739,-,-,-,0,39,36
1787765025.094,0,312,84,-,100,25,0,0,0,0,9501,1635,76,0,17412,32739,-,-,-,0,4,3495
1787765026.163,0,331,83,-,85,56,0,0,0,0,9501,1725,81,0,17412,32739,-,-,-,0,171,69
1787765027.233,0,341,83,-,87,64,0,0,0,0,9501,1695,68,0,17412,32739,-,-,-,0,83,127
1787765028.306,0,343,83,-,82,58,0,0,0,0,9501,1665,64,0,17412,32739,-,-,-,0,187,74
1787765029.378,0,340,83,-,84,56,0,0,0,0,9501,1620,99,0,17412,32739,-,-,-,0,321,61
1787765030.446,0,337,83,-,84,68,0,0,0,0,9501,1695,62,0,17412,32739,-,-,-,0,192,85
1787765031.517,0,339,83,-,86,56,0,0,0,0,9501,1695,79,0,17412,32739,-,-,-,0,180,110
1787765032.589,0,345,84,-,91,67,0,0,0,0,9501,1710,65,0,17412,32739,-,-,-,0,172,50
1787765033.656,0,342,84,-,85,57,0,0,0,0,9501,1695,77,0,17412,32739,-,-,-,0,149,31
1787765034.725,0,344,84,-,86,56,0,0,0,0,9501,1755,64,0,17412,32739,-,-,-,0,180,322
1787765035.795,0,343,84,-,87,58,0,0,0,0,9501,1725,88,0,17412,32739,-,-,-,0,156,323
1787765036.865,0,339,83,-,84,58,0,0,0,0,9501,1740,100,0,17412,32739,-,-,-,0,172,107
1787765037.930,0,340,83,-,80,56,0,0,0,0,9501,1755,81,0,17412,32739,-,-,-,0,125,147
1787765038.997,0,340,83,-,85,69,0,0,0,0,9501,1725,40,0,17412,32739,-,-,-,0,95,155
1787765040.070,0,343,84,-,78,58,0,0,0,0,9501,1710,52,0,17412,32739,-,-,-,0,149,331
1787765041.142,0,347,84,-,91,60,0,0,0,0,9501,1665,84,0,17412,32739,-,-,-,0,189,109
1787765042.217,0,344,83,-,89,67,0,0,0,0,9501,1710,81,0,17412,32739,-,-,-,0,100,307
1787765043.286,0,343,83,-,81,67,0,0,0,0,9501,1680,73,0,17412,32739,-,-,-,0,164,132
1787765044.359,0,342,84,-,92,62,0,0,0,0,9501,1635,100,0,17412,32739,-,-,-,0,106,70
1787765045.430,0,345,84,-,84,55,0,0,0,0,9501,1620,73,0,17412,32739,-,-,-,0,71,309
1787765046.502,0,342,84,-,76,61,0,0,0,0,9501,1680,81,0,17412,32739,-,-,-,0,184,102
1787765047.570,0,341,84,-,85,62,0,0,0,0,9501,1740,60,0,17412,32739,-,-,-,0,200,158
1787765048.640,0,347,84,-,83,55,0,0,0,0,9501,1695,66,0,17412,32739,-,-,-,0,96,308
1787765049.712,0,347,84,-,89,59,0,0,0,0,9501,1605,95,0,17412,32739,-,-,-,0,102,294
1787765050.782,0,348,84,-,92,59,0,0,0,0,9501,1620,99,0,17412,32739,-,-,-,0,53,303
1787765051.850,0,341,83,-,78,55,0,0,0,0,9501,1710,100,0,17412,32739,-,-,-,0,191,93
1787765052.922,0,342,84,-,84,62,0,0,0,0,9501,1725,57,0,17412,32739,-,-,-,0,177,90
1787765053.988,0,345,84,-,86,64,0,0,0,0,9501,1710,60,0,17412,32739,-,-,-,0,179,328
1787765055.059,0,345,84,-,88,58,0,0,0,0,9501,1695,95,0,17412,32739,-,-,-,0,117,295
1787765056.132,0,347,84,-,94,61,0,0,0,0,9501,1635,97,0,17412,32739,-,-,-,0,50,303
1787765057.204,0,344,84,-,78,52,0,0,0,0,9501,1665,88,0,17412,32739,-,-,-,0,192,108
1787765058.273,0,340,84,-,91,60,0,0,0,0,9501,1680,63,0,17412,32739,-,-,-,0,176,113
1787765059.342,0,345,84,-,93,61,0,0,0,0,9501,1635,100,0,17412,32739,-,-,-,0,188,213
1787765060.409,0,344,84,-,80,59,0,0,0,0,9501,1695,87,0,17412,32739,-,-,-,0,172,75
1787765061.470,0,342,84,-,86,58,0,0,0,0,9501,1710,70,0,17412,32739,-,-,-,0,187,105
1787765062.545,0,343,84,-,87,56,0,0,0,0,9501,1695,80,0,17412,32739,-,-,-,0,157,176
1787765063.612,0,341,84,-,86,55,0,0,0,0,9501,1620,85,0,17412,32739,-,-,-,0,48,320
1787765064.618,#,gpu,pwr,gtemp,mtemp,sm,mem,enc,dec,jpg,ofa,mclk,pclk,pviol,tviol,fb,bar1,ccpm,sbecc,dbecc,pci,rxpci,txpci
1787765064.618,#,Idx,W,C,C,%,%,%,%,%,%,MHz,MHz,%,bool,MB,MB,MB,errs,errs,errs,MB/s,MB/s
1787765064.681,0,346,84,-,80,55,0,0,0,0,9501,1620,84,0,17412,32739,-,-,-,0,165,343
1787765065.749,0,345,84,-,80,58,0,0,0,0,9501,1695,92,0,17412,32739,-,-,-,0,169,110
1787765066.822,0,341,84,-,76,57,0,0,0,0,9501,1710,100,0,17412,32739,-,-,-,0,131,63
1787765067.894,0,342,84,-,85,57,0,0,0,0,9501,1695,80,0,17412,32739,-,-,-,0,150,319
1787765068.964,0,341,84,-,85,58,0,0,0,0,9501,1695,68,0,17412,32739,-,-,-,0,169,111
1787765070.034,0,343,84,-,86,58,0,0,0,0,9501,1680,75,0,17412,32739,-,-,-,0,190,191
1787765071.106,0,341,84,-,82,57,0,0,0,0,9501,1740,59,0,17412,32739,-,-,-,0,196,158
1787765072.171,0,345,84,-,87,55,0,0,0,0,9501,1620,62,0,17412,32739,-,-,-,0,165,271
1787765073.240,0,343,84,-,87,58,0,0,0,0,9501,1680,60,0,17412,32739,-,-,-,0,92,300
1787765074.310,0,348,84,-,92,61,0,0,0,0,9501,1605,89,0,17412,32739,-,-,-,0,95,25
1787765075.382,0,346,84,-,85,59,0,0,0,0,9501,1575,100,0,17412,32739,-,-,-,0,111,308
1787765076.454,0,346,84,-,93,61,0,0,0,0,9501,1650,97,0,17412,32739,-,-,-,0,268,296
1787765077.518,0,346,84,-,87,58,0,0,0,0,9501,1620,97,0,17412,32739,-,-,-,0,47,314
1787765078.592,0,344,84,-,84,56,0,0,0,0,9501,1665,99,0,17412,32739,-,-,-,0,194,208
1787765079.663,0,345,84,-,91,62,0,0,0,0,9501,1575,68,0,17412,32739,-,-,-,0,88,27
1787765080.733,0,345,84,-,93,61,0,0,0,0,9501,1635,99,0,17412,32739,-,-,-,0,53,308
1787765081.805,0,347,82,-,90,60,0,0,0,0,9501,1830,93,0,17412,32739,-,-,-,0,2,8047
1787765082.873,0,346,84,-,100,24,0,0,0,0,9501,1590,100,0,17412,32739,-,-,-,0,44,16
1787765083.942,0,346,85,-,100,27,0,0,0,0,9501,1620,96,0,17412,32739,-,-,-,0,35,26
1787765085.017,0,348,85,-,99,24,0,0,0,0,9501,1635,99,0,17412,32739,-,-,-,0,41,566
1787765086.091,0,337,85,-,100,24,0,0,0,0,9501,1635,83,0,17412,32739,-,-,-,0,190,127
1787765087.168,0,334,84,-,81,62,0,0,0,0,9501,1710,76,0,17412,32739,-,-,-,0,185,101
1787765088.236,0,341,84,-,88,57,0,0,0,0,9501,1605,59,0,17412,32739,-,-,-,0,209,267
1787765089.305,0,342,84,-,87,56,0,0,0,0,9501,1710,74,0,17412,32739,-,-,-,0,208,58
1787765090.376,0,342,84,-,86,58,0,0,0,0,9501,1740,100,0,17412,32739,-,-,-,0,32,0
1787765091.441,0,286,84,-,100,25,0,0,0,0,9501,1635,50,0,17412,32739,-,-,-,0,41,24
1787765092.509,0,349,85,-,100,27,0,0,0,0,9501,1635,99,0,17412,32739,-,-,-,0,50,32
1787765093.576,0,349,85,-,100,25,0,0,0,0,9501,1620,95,0,17412,32739,-,-,-,0,40,18
1787765094.644,0,349,85,-,100,27,0,0,0,0,9501,1635,99,0,17412,32739,-,-,-,0,42,18
1787765095.712,0,348,85,-,99,25,0,0,0,0,9501,1590,93,0,17412,32739,-,-,-,0,37,30
1787765096.781,0,345,85,-,100,24,0,0,0,0,9501,1635,93,0,17412,32739,-,-,-,0,59,42
1787765097.856,0,334,85,-,100,26,0,0,0,0,9501,1635,100,0,17412,32739,-,-,-,0,1182,16
1787765098.923,0,348,86,-,99,25,0,0,0,0,9501,1635,99,0,17412,32739,-,-,-,0,63,23
1787765099.993,0,348,85,-,99,24,0,0,0,0,9501,1635,91,0,17412,32739,-,-,-,0,48,30
1787765101.067,0,337,82,-,37,8,0,0,0,0,9501,1755,93,0,17412,32739,-,-,-,0,39,15
1787765102.129,0,320,84,-,87,59,0,0,0,0,9501,1710,70,0,17412,32739,-,-,-,0,167,61
1787765103.204,0,339,84,-,77,55,0,0,0,0,9501,1620,52,0,17412,32739,-,-,-,0,160,56
1787765104.278,0,339,84,-,84,60,0,0,0,0,9501,1755,75,0,17412,32739,-,-,-,0,190,135
1787765105.355,0,337,84,-,86,59,0,0,0,0,9501,1665,100,0,17412,32739,-,-,-,0,176,272
1787765106.426,0,346,84,-,92,63,0,0,0,0,9501,1590,97,0,17412,32739,-,-,-,0,154,19
1787765107.494,0,346,84,-,91,61,0,0,0,0,9501,1650,97,0,17412,32739,-,-,-,0,82,77
1787765108.561,0,343,84,-,92,63,0,0,0,0,9501,1635,97,0,17412,32739,-,-,-,0,308,51
1787765109.630,0,348,84,-,93,63,0,0,0,0,9501,1605,97,0,17412,32739,-,-,-,0,164,337
1787765110.700,0,343,84,-,86,62,0,0,0,0,9501,1725,99,0,17412,32739,-,-,-,0,218,53
1787765111.703,#,gpu,pwr,gtemp,mtemp,sm,mem,enc,dec,jpg,ofa,mclk,pclk,pviol,tviol,fb,bar1,ccpm,sbecc,dbecc,pci,rxpci,txpci
1787765111.703,#,Idx,W,C,C,%,%,%,%,%,%,MHz,MHz,%,bool,MB,MB,MB,errs,errs,errs,MB/s,MB/s
1787765111.764,0,344,84,-,83,57,0,0,0,0,9501,1665,88,0,17412,32739,-,-,-,0,122,157
1787765112.831,0,346,84,-,93,62,0,0,0,0,9501,1665,100,0,17412,32739,-,-,-,0,165,48
1787765113.897,0,346,84,-,93,59,0,0,0,0,9501,1590,99,0,17412,32739,-,-,-,0,79,325
1787765114.966,0,345,84,-,93,63,0,0,0,0,9501,1635,97,0,17412,32739,-,-,-,0,121,307
1787765116.033,0,347,84,-,93,62,0,0,0,0,9501,1635,98,0,17412,32739,-,-,-,0,84,40
1787765117.106,0,347,84,-,91,60,0,0,0,0,9501,1635,99,0,17412,32739,-,-,-,0,83,309
1787765118.177,0,347,84,-,92,63,0,0,0,0,9501,1620,99,0,17412,32739,-,-,-,0,131,55
1787765119.248,0,348,84,-,92,63,0,0,0,0,9501,1650,99,0,17412,32739,-,-,-,0,48,308
1787765120.315,0,348,83,-,90,61,0,0,0,0,9501,1830,99,0,17412,32739,-,-,-,0,6569,0
1787765121.387,0,303,84,-,100,25,0,0,0,0,9501,1620,77,0,17412,32739,-,-,-,0,51,12
1787765122.455,0,338,84,-,87,64,0,0,0,0,9501,1710,75,0,17412,32739,-,-,-,0,155,321
1787765123.524,0,344,84,-,86,55,0,0,0,0,9501,1740,70,0,17412,32739,-,-,-,0,166,322
1787765124.596,0,322,80,-,0,0,0,0,0,0,9501,1905,55,0,17412,32739,-,-,-,0,103,53
1787765125.664,0,314,85,-,100,27,0,0,0,0,9501,1680,76,0,17412,32739,-,-,-,0,127,19
1787765126.731,0,329,84,-,86,58,0,0,0,0,9501,1755,81,0,17412,32739,-,-,-,0,135,162
1787765127.801,0,345,84,-,78,52,0,0,0,0,9501,1635,74,0,17412,32739,-,-,-,0,187,228
1787765128.865,0,346,83,-,93,57,0,0,0,0,9501,1650,100,0,17412,32739,-,-,-,0,192,108
1787765129.936,0,344,84,-,88,58,0,0,0,0,9501,1620,84,0,17412,32739,-,-,-,0,179,56
1787765131.009,0,345,84,-,87,74,0,0,0,0,9501,1695,73,0,17412,32739,-,-,-,0,188,109
1787765132.076,0,342,84,-,79,58,0,0,0,0,9501,1725,58,0,17412,32739,-,-,-,0,157,212
1787765133.142,0,343,84,-,83,55,0,0,0,0,9501,1605,89,0,17412,32739,-,-,-,0,127,273
1787765134.213,0,340,84,-,83,56,0,0,0,0,9501,1665,89,0,17412,32739,-,-,-,0,184,270
1787765135.280,0,344,84,-,93,60,0,0,0,0,9501,1740,80,0,17412,32739,-,-,-,0,110,25
1787765136.349,0,342,84,-,85,57,0,0,0,0,9501,1620,100,0,17412,32739,-,-,-,0,89,308
1787765137.416,0,346,84,-,88,58,0,0,0,0,9501,1740,86,0,17412,32739,-,-,-,0,103,19
1787765138.488,0,347,84,-,93,61,0,0,0,0,9501,1680,93,0,17412,32739,-,-,-,0,104,298
1787765139.551,0,346,84,-,93,61,0,0,0,0,9501,1605,92,0,17412,32739,-,-,-,0,170,304
1787765140.619,0,343,84,-,81,57,0,0,0,0,9501,1695,91,0,17412,32739,-,-,-,0,171,39
1787765141.687,0,342,84,-,85,58,0,0,0,0,9501,1695,68,0,17412,32739,-,-,-,0,189,107
1787765142.756,0,345,84,-,91,59,0,0,0,0,9501,1620,79,0,17412,32739,-,-,-,0,73,312
1787765143.825,0,347,84,-,90,58,0,0,0,0,9501,1680,100,0,17412,32739,-,-,-,0,160,49
1787765144.892,0,345,84,-,86,60,0,0,0,0,9501,1620,79,0,17412,32739,-,-,-,0,118,291
1787765145.962,0,345,84,-,87,58,0,0,0,0,9501,1665,92,0,17412,32739,-,-,-,0,165,39
1787765147.025,0,341,84,-,77,59,0,0,0,0,9501,1710,62,0,17412,32739,-,-,-,0,166,67
1787765148.092,0,340,84,-,80,62,0,0,0,0,9501,1695,67,0,17412,32739,-,-,-,0,202,64
1787765149.158,0,341,84,-,82,59,0,0,0,0,9501,1680,62,0,17412,32739,-,-,-,0,54,52
1787765150.224,0,345,84,-,92,61,0,0,0,0,9501,1650,82,0,17412,32739,-,-,-,0,75,30
1787765151.293,0,345,84,-,92,60,0,0,0,0,9501,1575,97,0,17412,32739,-,-,-,0,63,30
1787765152.360,0,347,84,-,92,62,0,0,0,0,9501,1590,100,0,17412,32739,-,-,-,0,172,54
1787765153.432,0,342,85,-,86,57,0,0,0,0,9501,1725,80,0,17412,32739,-,-,-,0,166,61
1787765154.504,0,347,84,-,86,73,0,0,0,0,9501,1710,75,0,17412,32739,-,-,-,0,186,29
1787765155.575,0,344,84,-,87,58,0,0,0,0,9501,1755,86,0,17412,32739,-,-,-,0,167,26
1787765156.652,0,342,84,-,93,60,0,0,0,0,9501,1665,93,0,17412,32739,-,-,-,0,114,49
1787765157.723,0,345,84,-,82,59,0,0,0,0,9501,1740,87,0,17412,32739,-,-,-,0,160,328
1787765158.727,#,gpu,pwr,gtemp,mtemp,sm,mem,enc,dec,jpg,ofa,mclk,pclk,pviol,tviol,fb,bar1,ccpm,sbecc,dbecc,pci,rxpci,txpci
1787765158.727,#,Idx,W,C,C,%,%,%,%,%,%,MHz,MHz,%,bool,MB,MB,MB,errs,errs,errs,MB/s,MB/s
1787765158.789,0,348,84,-,89,59,0,0,0,0,9501,1605,80,0,17412,32739,-,-,-,0,81,308
1787765159.859,0,346,85,-,87,57,0,0,0,0,9501,1665,100,0,17412,32739,-,-,-,0,105,300
1787765160.929,0,346,84,-,84,55,0,0,0,0,9501,1680,87,0,17412,32739,-,-,-,0,162,340
1787765161.998,0,343,84,-,90,59,0,0,0,0,9501,1650,79,0,17412,32739,-,-,-,0,125,298
1787765163.066,0,304,79,-,17,0,0,0,0,0,9501,1830,67,0,17412,32739,-,-,-,0,45,16
1787765164.141,0,325,85,-,100,28,0,0,0,0,9501,1635,93,0,17412,32739,-,-,-,0,771,15
1787765165.214,0,344,85,-,100,24,0,0,0,0,9501,1620,96,0,17412,32739,-,-,-,0,46,17
1787765166.281,0,342,85,-,100,27,0,0,0,0,9501,1635,89,0,17412,32739,-,-,-,0,184,87
1787765167.350,0,343,84,-,78,52,0,0,0,0,9501,1710,100,0,17412,32739,-,-,-,0,60,322
1787765168.419,0,343,84,-,89,67,0,0,0,0,9501,1650,79,0,17412,32739,-,-,-,0,210,54
1787765169.491,0,345,84,-,85,57,0,0,0,0,9501,1695,88,0,17412,32739,-,-,-,0,169,172
1787765170.559,0,301,80,-,0,0,0,0,0,0,9501,1905,63,0,17412,32739,-,-,-,0,10,45
1787765171.633,0,334,85,-,100,25,0,0,0,0,9501,1620,92,0,17412,32739,-,-,-,0,48,31
1787765172.705,0,345,86,-,100,27,0,0,0,0,9501,1755,95,0,17412,32739,-,-,-,0,135,35
1787765173.773,0,347,85,-,100,24,0,0,0,0,9501,1620,96,0,17412,32739,-,-,-,0,40,40
1787765174.844,0,347,86,-,100,27,0,0,0,0,9501,1575,100,0,17412,32739,-,-,-,0,60,30
1787765175.912,0,334,83,-,91,22,0,0,0,0,9501,1635,87,0,17412,32739,-,-,-,0,50,11
1787765176.980,0,343,85,-,64,23,0,0,0,0,9501,1725,97,0,17412,32739,-,-,-,0,29,41
1787765178.047,0,323,84,-,86,59,0,0,0,0,9501,1725,70,0,17412,32739,-,-,-,0,54,299
1787765179.116,0,340,84,-,85,58,0,0,0,0,9501,1710,70,0,17412,32739,-,-,-,0,173,319
1787765180.187,0,345,84,-,80,58,0,0,0,0,9501,1680,70,0,17412,32739,-,-,-,0,179,65
1787765181.255,0,341,84,-,96,79,0,0,0,0,9501,1650,60,0,17412,32739,-,-,-,0,141,34
1787765182.328,0,344,84,-,85,58,0,0,0,0,9501,1710,100,0,17412,32739,-,-,-,0,175,321
1787765183.403,0,347,84,-,88,59,0,0,0,0,9501,1710,95,0,17412,32739,-,-,-,0,64,83
1787765184.473,0,345,84,-,84,57,0,0,0,0,9501,1680,97,0,17412,32739,-,-,-,0,182,212
1787765185.549,0,345,84,-,88,58,0,0,0,0,9501,1680,95,0,17412,32739,-,-,-,0,127,107
1787765186.622,0,347,84,-,88,59,0,0,0,0,9501,1620,90,0,17412,32739,-,-,-,0,135,171
1787765187.691,0,348,84,-,92,61,0,0,0,0,9501,1635,96,0,17412,32739,-,-,-,0,120,44
1787765188.756,0,345,84,-,92,61,0,0,0,0,9501,1620,99,0,17412,32739,-,-,-,0,140,319
1787765189.825,0,344,84,-,90,61,0,0,0,0,9501,1680,100,0,17412,32739,-,-,-,0,181,163
1787765190.891,0,345,84,-,93,62,0,0,0,0,9501,1620,75,0,17412,32739,-,-,-,0,68,32
1787765191.963,0,346,85,-,92,62,0,0,0,0,9501,1635,95,0,17412,32739,-,-,-,0,174,211
1787765193.034,0,347,85,-,93,62,0,0,0,0,9501,1605,99,0,17412,32739,-,-,-,0,71,29
1787765194.108,0,344,85,-,89,59,0,0,0,0,9501,1665,99,0,17412,32739,-,-,-,0,125,21
1787765195.179,0,342,84,-,91,60,0,0,0,0,9501,1590,99,0,17412,32739,-,-,-,0,183,329
1787765196.247,0,332,84,-,93,61,0,0,0,0,9501,1575,99,0,17412,32739,-,-,-,0,173,213
1787765197.315,0,328,84,-,84,55,0,0,0,0,9501,1635,93,0,17412,32739,-,-,-,0,112,308
1787765198.386,0,328,84,-,91,59,0,0,0,0,9501,1545,100,0,17412,32739,-,-,-,0,163,25
1787765199.453,0,329,84,-,93,61,0,0,0,0,9501,1575,99,0,17412,32739,-,-,-,0,0,0
1787765200.524,0,247,84,-,100,27,0,0,0,0,9501,1635,32,0,17412,32739,-,-,-,0,171,313
1787765201.595,0,338,84,-,80,63,0,0,0,0,9501,1725,59,0,17412,32739,-,-,-,0,162,323
1787765202.668,0,345,84,-,89,55,0,0,0,0,9501,1695,72,0,17412,32739,-,-,-,0,97,293
1787765203.734,0,345,84,-,85,56,0,0,0,0,9501,1695,71,0,17412,32739,-,-,-,0,183,74
1787765204.806,0,309,80,-,16,0,0,0,0,0,9501,1905,55,0,17412,32739,-,-,-,0,379,34
1787765205.817,#,gpu,pwr,gtemp,mtemp,sm,mem,enc,dec,jpg,ofa,mclk,pclk,pviol,tviol,fb,bar1,ccpm,sbecc,dbecc,pci,rxpci,txpci
1787765205.817,#,Idx,W,C,C,%,%,%,%,%,%,MHz,MHz,%,bool,MB,MB,MB,errs,errs,errs,MB/s,MB/s
1787765205.879,0,324,84,-,82,58,0,0,0,0,9501,1725,97,0,17412,32739,-,-,-,0,176,96
1787765206.946,0,341,84,-,84,56,0,0,0,0,9501,1710,58,0,17412,32739,-,-,-,0,176,165
1787765208.017,0,344,84,-,87,57,0,0,0,0,9501,1620,68,0,17412,32739,-,-,-,0,120,308
1787765209.089,0,344,84,-,83,54,0,0,0,0,9501,1680,99,0,17412,32739,-,-,-,0,55,303
1787765210.158,0,297,79,-,1,0,0,0,0,0,9501,1875,73,0,17412,32739,-,-,-,0,71,260
1787765211.224,0,276,84,-,92,25,0,0,0,0,9501,1620,60,0,17412,32739,-,-,-,0,103,301
1787765212.295,0,333,84,-,92,68,0,0,0,0,9501,1680,72,0,17412,32739,-,-,-,0,186,77
1787765213.368,0,341,83,-,81,63,0,0,0,0,9501,1710,100,0,17412,32739,-,-,-,0,190,212
1787765214.435,0,341,84,-,84,62,0,0,0,0,9501,1755,51,0,17412,32739,-,-,-,0,161,314
1787765215.503,0,342,84,-,85,56,0,0,0,0,9501,1620,76,0,17412,32739,-,-,-,0,93,304
1787765216.573,0,344,84,-,84,61,0,0,0,0,9501,1695,85,0,17412,32739,-,-,-,0,66,55
1787765217.639,0,320,81,-,0,0,0,0,0,0,9501,1905,85,0,17412,32739,-,-,-,0,0,0
1787765218.705,0,170,77,-,20,1,0,0,0,0,9501,1920,0,0,17412,32739,-,-,-,0,38,13
1787765219.770,0,323,83,-,44,14,0,0,0,0,9501,1830,89,0,17412,32739,-,-,-,0,36,26
1787765220.840,0,333,83,-,86,57,0,0,0,0,9501,1695,100,0,17412,32739,-,-,-,0,189,59
1787765221.907,0,347,84,-,93,59,0,0,0,0,9501,1620,99,0,17412,32739,-,-,-,0,68,37
1787765222.974,0,285,78,-,37,10,0,0,0,0,9501,1815,59,0,17412,32739,-,-,-,0,660,22
1787765224.046,0,324,84,-,36,7,0,0,0,0,9501,1890,83,0,17412,32739,-,-,-,0,41,25
1787765225.119,0,330,84,-,75,55,0,0,0,0,9501,1755,77,0,17412,32739,-,-,-,0,209,60
1787765226.194,0,340,84,-,86,58,0,0,0,0,9501,1695,70,0,17412,32739,-,-,-,0,136,272
1787765227.266,0,325,82,-,1,0,0,0,0,0,9501,1905,67,0,17412,32739,-,-,-,0,46,16
1787765228.343,0,333,83,-,79,60,0,0,0,0,9501,1740,80,0,17412,32739,-,-,-,0,195,116
1787765229.413,0,342,84,-,91,70,0,0,0,0,9501,1650,38,0,17412,32739,-,-,-,0,197,211
1787765230.486,0,342,83,-,79,58,0,0,0,0,9501,1695,77,0,17412,32739,-,-,-,0,189,154
1787765231.557,0,346,84,-,93,61,0,0,0,0,9501,1620,93,0,17412,32739,-,-,-,0,53,302
1787765232.626,0,347,84,-,92,60,0,0,0,0,9501,1620,99,0,17412,32739,-,-,-,0,48,307
1787765233.697,0,345,84,-,86,57,0,0,0,0,9501,1695,99,0,17412,32739,-,-,-,0,167,106
1787765234.770,0,347,84,-,94,60,0,0,0,0,9501,1620,77,0,17412,32739,-,-,-,0,100,312
1787765235.840,0,345,84,-,92,59,0,0,0,0,9501,1635,100,0,17412,32739,-,-,-,0,232,310
1787765236.908,0,346,84,-,93,60,0,0,0,0,9501,1620,99,0,17412,32739,-,-,-,0,123,21
1787765237.977,0,345,84,-,85,53,0,0,0,0,9501,1635,78,0,17412,32739,-,-,-,0,79,32
1787765239.044,0,345,84,-,76,47,0,0,0,0,9501,1755,99,0,17412,32739,-,-,-,0,247,32
1787765240.120,0,295,84,-,73,27,0,0,0,0,9501,1755,61,0,17412,32739,-,-,-,0,44,18
1787765241.185,0,325,83,-,80,59,0,0,0,0,9501,1680,76,0,17412,32739,-,-,-,0,149,98
1787765242.248,0,338,84,-,79,54,0,0,0,0,9501,1755,63,0,17412,32739,-,-,-,0,163,47
1787765243.320,0,341,84,-,85,56,0,0,0,0,9501,1680,72,0,17412,32739,-,-,-,0,174,305
1787765244.397,0,288,81,-,100,26,0,0,0,0,9501,1635,83,0,17412,32739,-,-,-,0,40,12
1787765245.471,0,349,85,-,100,27,0,0,0,0,9501,1620,99,0,17412,32739,-,-,-,0,49,11
1787765246.538,0,339,85,-,100,27,0,0,0,0,9501,1620,81,0,17412,32739,-,-,-,0,33,15
1787765247.607,0,348,85,-,100,25,0,0,0,0,9501,1635,99,0,17412,32739,-,-,-,0,40,10
1787765248.672,0,348,85,-,100,26,0,0,0,0,9501,1620,92,0,17412,32739,-,-,-,0,40,16
1787765249.743,0,345,85,-,73,17,0,0,0,0,9501,1725,95,0,17412,32739,-,-,-,0,33,31
1787765250.811,0,336,84,-,39,13,0,0,0,0,9501,1875,93,0,17412,32739,-,-,-,0,78,118
1787765251.885,0,333,84,-,80,61,0,0,0,0,9501,1755,91,0,17412,32739,-,-,-,0,258,338
1787765252.896,#,gpu,pwr,gtemp,mtemp,sm,mem,enc,dec,jpg,ofa,mclk,pclk,pviol,tviol,fb,bar1,ccpm,sbecc,dbecc,pci,rxpci,txpci
1787765252.933,#,Idx,W,C,C,%,%,%,%,%,%,MHz,MHz,%,bool,MB,MB,MB,errs,errs,errs,MB/s,MB/s
1787765252.956,0,344,84,-,88,66,0,0,0,0,9501,1695,64,0,17412,32739,-,-,-,0,165,323
1787765254.024,0,348,84,-,87,58,0,0,0,0,9501,1710,93,0,17412,32739,-,-,-,0,179,53
1787765255.091,0,345,84,-,83,62,0,0,0,0,9501,1755,81,0,17412,32739,-,-,-,0,114,101
1787765256.160,0,344,84,-,86,64,0,0,0,0,9501,1725,74,0,17412,32739,-,-,-,0,108,59
1787765257.229,0,345,84,-,84,61,0,0,0,0,9501,1710,63,0,17412,32739,-,-,-,0,184,110
1787765258.298,0,345,84,-,85,57,0,0,0,0,9501,1725,83,0,17412,32739,-,-,-,0,114,118
1787765259.371,0,343,84,-,88,62,0,0,0,0,9501,1680,100,0,17412,32739,-,-,-,0,173,51
1787765260.447,0,346,84,-,85,62,0,0,0,0,9501,1725,77,0,17412,32739,-,-,-,0,180,108
1787765261.519,0,346,84,-,87,59,0,0,0,0,9501,1710,86,0,17412,32739,-,-,-,0,163,44
1787765262.589,0,344,84,-,79,61,0,0,0,0,9501,1680,78,0,17412,32739,-,-,-,0,88,325
1787765263.659,0,342,84,-,80,56,0,0,0,0,9501,1695,80,0,17412,32739,-,-,-,0,194,52
1787765264.729,0,342,83,-,85,69,0,0,0,0,9501,1650,72,0,17412,32739,-,-,-,0,141,34
1787765265.796,0,345,84,-,88,59,0,0,0,0,9501,1695,80,0,17412,32739,-,-,-,0,143,118
1787765266.867,0,345,84,-,92,63,0,0,0,0,9501,1650,100,0,17412,32739,-,-,-,0,210,42
1787765267.938,0,342,84,-,86,56,0,0,0,0,9501,1695,88,0,17412,32739,-,-,-,0,180,71
1787765269.008,0,345,84,-,84,59,0,0,0,0,9501,1710,75,0,17412,32739,-,-,-,0,106,298
1787765270.077,0,347,84,-,85,56,0,0,0,0,9501,1695,93,0,17412,32739,-,-,-,0,114,164
1787765271.151,0,347,84,-,92,61,0,0,0,0,9501,1575,99,0,17412,32739,-,-,-,0,97,325
1787765272.223,0,346,84,-,86,57,0,0,0,0,9501,1680,99,0,17412,32739,-,-,-,0,89,310
1787765273.294,0,347,84,-,93,61,0,0,0,0,9501,1635,98,0,17412,32739,-,-,-,0,161,322
1787765274.367,0,347,84,-,93,61,0,0,0,0,9501,1605,100,0,17412,32739,-,-,-,0,86,310
1787765275.438,0,345,84,-,84,56,0,0,0,0,9501,1695,99,0,17412,32739,-,-,-,0,59,311
1787765276.505,0,347,84,-,93,61,0,0,0,0,9501,1620,99,0,17412,32739,-,-,-,0,71,32
1787765277.578,0,344,84,-,93,61,0,0,0,0,9501,1575,99,0,17412,32739,-,-,-,0,79,39
1787765278.650,0,326,83,-,94,60,0,0,0,0,9501,1575,99,0,17412,32739,-,-,-,0,97,300
1787765279.719,0,327,83,-,93,61,0,0,0,0,9501,1560,99,0,17412,32739,-,-,-,0,120,253
1787765280.789,0,320,83,-,57,37,0,0,0,0,9501,1860,99,0,17412,32739,-,-,-,0,194,1
1787765281.860,0,308,84,-,86,57,0,0,0,0,9501,1710,63,0,17412,32739,-,-,-,0,110,161
1787765282.931,0,339,83,-,81,66,0,0,0,0,9501,1650,62,0,17412,32739,-,-,-,0,202,30
1787765283.997,0,313,83,-,100,36,0,0,0,0,9501,1605,62,0,17412,32739,-,-,-,0,103,36
1787765285.069,0,335,85,-,100,34,0,0,0,0,9501,1590,86,0,17412,32739,-,-,-,0,38,15
1787765286.146,0,331,84,-,90,60,0,0,0,0,9501,1725,72,0,17412,32739,-,-,-,0,113,310
1787765287.216,0,339,84,-,83,62,0,0,0,0,9501,1755,71,0,17412,32739,-,-,-,0,99,309
1787765288.289,0,343,84,-,92,60,0,0,0,0,9501,1620,66,0,17412,32739,-,-,-,0,151,323
1787765289.356,0,346,84,-,94,61,0,0,0,0,9501,1665,100,0,17412,32739,-,-,-,0,81,315
1787765290.423,0,346,84,-,82,53,0,0,0,0,9501,1665,89,0,17412,32739,-,-,-,0,62,33
1787765291.494,0,346,84,-,87,58,0,0,0,0,9501,1710,94,0,17412,32739,-,-,-,0,122,24
1787765292.565,0,345,84,-,93,60,0,0,0,0,9501,1605,91,0,17412,32739,-,-,-,0,177,52
1787765293.637,0,288,83,-,54,15,0,0,0,0,9501,1650,63,0,17412,32739,-,-,-,0,724,16
1787765294.703,0,336,84,-,63,20,0,0,0,0,9501,1755,93,0,17412,32739,-,-,-,0,1300,5044
1787765295.775,0,326,84,-,81,56,0,0,0,0,9501,1635,74,0,17412,32739,-,-,-,0,123,212
1787765296.847,0,338,84,-,85,59,0,0,0,0,9501,1755,100,0,17412,32739,-,-,-,0,184,58
1787765297.920,0,344,84,-,83,56,0,0,0,0,9501,1635,74,0,17412,32739,-,-,-,0,184,69
1787765298.985,0,312,83,-,100,38,0,0,0,0,9501,1605,65,0,17412,32739,-,-,-,0,135,30
1787765299.990,#,gpu,pwr,gtemp,mtemp,sm,mem,enc,dec,jpg,ofa,mclk,pclk,pviol,tviol,fb,bar1,ccpm,sbecc,dbecc,pci,rxpci,txpci
1787765299.990,#,Idx,W,C,C,%,%,%,%,%,%,MHz,MHz,%,bool,MB,MB,MB,errs,errs,errs,MB/s,MB/s
1787765300.053,0,318,85,-,54,14,0,0,0,0,9501,1755,73,0,17412,32739,-,-,-,0,195,106
1787765301.125,0,338,84,-,83,52,0,0,0,0,9501,1680,48,0,17412,32739,-,-,-,0,158,185
1787765302.198,0,342,84,-,81,61,0,0,0,0,9501,1635,71,0,17412,32739,-,-,-,0,171,163
1787765303.272,0,344,83,-,88,68,0,0,0,0,9501,1710,56,0,17412,32739,-,-,-,0,175,267
1787765304.342,0,342,83,-,88,61,0,0,0,0,9501,1740,67,0,17412,32739,-,-,-,0,157,169
1787765305.409,0,342,83,-,87,66,0,0,0,0,9501,1695,63,0,17412,32739,-,-,-,0,153,325
1787765306.479,0,341,84,-,83,55,0,0,0,0,9501,1620,87,0,17412,32739,-,-,-,0,42,314
1787765307.548,0,344,84,-,92,59,0,0,0,0,9501,1620,95,0,17412,32739,-,-,-,0,144,215
1787765308.617,0,348,84,-,93,60,0,0,0,0,9501,1605,97,0,17412,32739,-,-,-,0,169,315
1787765309.689,0,347,84,-,92,60,0,0,0,0,9501,1620,95,0,17412,32739,-,-,-,0,5,27
1787765310.763,0,295,85,-,100,28,0,0,0,0,9501,1620,60,0,17412,32739,-,-,-,0,44,36
1787765311.839,0,336,84,-,85,58,0,0,0,0,9501,1710,100,0,17412,32739,-,-,-,0,184,59
1787765312.913,0,346,84,-,87,56,0,0,0,0,9501,1695,68,0,17412,32739,-,-,-,0,150,59
1787765313.988,0,343,82,-,80,50,0,0,0,0,9501,1815,84,0,17412,32739,-,-,-,0,161,39
1787765315.062,0,313,85,-,99,26,0,0,0,0,9501,1635,71,0,17412,32739,-,-,-,0,60,19
1787765316.141,0,329,84,-,46,15,0,0,0,0,9501,1605,83,0,17412,32739,-,-,-,0,200,95
1787765317.216,0,327,84,-,86,57,0,0,0,0,9501,1710,66,0,17412,32739,-,-,-,0,111,62
1787765318.280,0,342,84,-,79,60,0,0,0,0,9501,1695,63,0,17412,32739,-,-,-,0,171,217
1787765319.351,0,341,84,-,79,65,0,0,0,0,9501,1620,74,0,17412,32739,-,-,-,0,187,108
1787765320.424,0,328,83,-,84,60,0,0,0,0,9501,1755,65,0,17412,32739,-,-,-,0,88,305
1787765321.498,0,344,84,-,86,57,0,0,0,0,9501,1725,87,0,17412,32739,-,-,-,0,189,219
1787765322.571,0,341,84,-,86,60,0,0,0,0,9501,1755,65,0,17412,32739,-,-,-,0,197,264
1787765323.644,0,346,84,-,93,61,0,0,0,0,9501,1605,82,0,17412,32739,-,-,-,0,98,35
1787765324.718,0,347,84,-,93,61,0,0,0,0,9501,1620,99,0,17412,32739,-,-,-,0,105,25
1787765325.789,0,348,84,-,93,63,0,0,0,0,9501,1590,99,0,17412,32739,-,-,-,0,93,305
1787765326.859,0,280,83,-,100,25,0,0,0,0,9501,1650,100,0,17412,32739,-,-,-,0,41,17
1787765327.932,0,344,85,-,100,27,0,0,0,0,9501,1635,91,0,17412,32739,-,-,-,0,187,53
1787765329.004,0,336,84,-,88,58,0,0,0,0,9501,1620,83,0,17412,32739,-,-,-,0,196,187
1787765330.080,0,345,84,-,86,56,0,0,0,0,9501,1680,87,0,17412,32739,-,-,-,0,178,213
1787765331.152,0,342,84,-,87,56,0,0,0,0,9501,1725,74,0,17412,32739,-,-,-,0,181,162
1787765332.229,0,342,84,-,81,56,0,0,0,0,9501,1665,63,0,17412,32739,-,-,-,0,140,121
1787765333.302,0,309,79,-,16,0,0,0,0,0,9501,1905,53,0,17412,32739,-,-,-,0,71,16
1787765334.373,0,349,85,-,100,27,0,0,0,0,9501,1620,100,0,17412,32739,-,-,-,0,37,26
1787765335.448,0,332,85,-,100,41,0,0,0,0,9501,1590,82,0,17412,32739,-,-,-,0,206,116
1787765336.520,0,335,84,-,79,53,0,0,0,0,9501,1650,62,0,17412,32739,-,-,-,0,156,143
1787765337.588,0,342,84,-,86,56,0,0,0,0,9501,1695,72,0,17412,32739,-,-,-,0,166,48
1787765338.659,0,345,84,-,82,53,0,0,0,0,9501,1590,61,0,17412,32739,-,-,-,0,74,302
1787765339.729,0,348,84,-,93,60,0,0,0,0,9501,1620,99,0,17412,32739,-,-,-,0,91,298
1787765340.799,0,348,84,-,92,60,0,0,0,0,9501,1620,99,0,17412,32739,-,-,-,0,83,24
1787765341.870,0,345,81,-,78,49,0,0,0,0,9501,1875,100,0,17412,32739,-,-,-,0,0,0
1787765342.939,0,277,82,-,82,29,0,0,0,0,9501,1755,55,0,17412,32739,-,-,-,0,40,24
1787765344.012,0,330,84,-,88,58,0,0,0,0,9501,1620,77,0,17412,32739,-,-,-,0,278,331
1787765345.086,0,348,84,-,94,61,0,0,0,0,9501,1620,75,0,17412,32739,-,-,-,0,166,231
1787765346.159,0,343,84,-,77,55,0,0,0,0,9501,1635,93,0,17412,32739,-,-,-,0,113,311
1787765347.170,#,gpu,pwr,gtemp,mtemp,sm,mem,enc,dec,jpg,ofa,mclk,pclk,pviol,tviol,fb,bar1,ccpm,sbecc,dbecc,pci,rxpci,txpci
1787765347.170,#,Idx,W,C,C,%,%,%,%,%,%,MHz,MHz,%,bool,MB,MB,MB,errs,errs,errs,MB/s,MB/s
1787765347.232,0,342,84,-,81,65,0,0,0,0,9501,1695,64,0,17412,32739,-,-,-,0,157,101
1787765348.300,0,339,84,-,85,58,0,0,0,0,9501,1710,71,0,17412,32739,-,-,-,0,171,226
1787765349.371,0,291,84,-,100,27,0,0,0,0,9501,1650,97,0,17412,32739,-,-,-,0,36,34
1787765350.445,0,348,85,-,100,26,0,0,0,0,9501,1620,99,0,17412,32739,-,-,-,0,14,561
1787765351.513,0,349,85,-,100,27,0,0,0,0,9501,1635,95,0,17412,32739,-,-,-,0,76,28
1787765352.582,0,318,84,-,87,67,0,0,0,0,9501,1665,67,0,17412,32739,-,-,-,0,180,161
1787765353.652,0,343,84,-,93,62,0,0,0,0,9501,1620,82,0,17412,32739,-,-,-,0,104,296
1787765354.723,0,348,84,-,93,61,0,0,0,0,9501,1605,99,0,17412,32739,-,-,-,0,99,298
1787765355.790,0,348,84,-,93,62,0,0,0,0,9501,1635,99,0,17412,32739,-,-,-,0,107,294
1787765356.865,0,308,79,-,0,0,0,0,0,0,9501,1905,100,0,17412,32739,-,-,-,0,0,826
1787765357.936,0,287,84,-,82,55,0,0,0,0,9501,1710,53,0,17412,32739,-,-,-,0,160,317
1787765359.006,0,346,84,-,94,60,0,0,0,0,9501,1620,66,0,17412,32739,-,-,-,0,188,67
1787765360.073,0,345,84,-,86,59,0,0,0,0,9501,1740,91,0,17412,32739,-,-,-,0,157,320
1787765361.138,0,339,84,-,87,67,0,0,0,0,9501,1665,61,0,17412,32739,-,-,-,0,156,55
1787765362.205,0,340,84,-,86,57,0,0,0,0,9501,1725,68,0,17412,32739,-,-,-,0,184,109
1787765363.272,0,294,79,-,25,1,0,0,0,0,9501,1920,43,0,17412,32739,-,-,-,0,77,13
1787765364.344,0,348,85,-,100,27,0,0,0,0,9501,1620,100,0,17412,32739,-,-,-,0,39,698
1787765365.415,0,349,85,-,99,26,0,0,0,0,9501,1560,96,0,17412,32739,-,-,-,0,40,34
1787765366.483,0,338,85,-,100,27,0,0,0,0,9501,1620,92,0,17412,32739,-,-,-,0,45,13
1787765367.555,0,348,85,-,99,25,0,0,0,0,9501,1635,99,0,17412,32739,-,-,-,0,34,571
1787765368.625,0,348,85,-,100,39,0,0,0,0,9501,1650,93,0,17412,32739,-,-,-,0,89,19
1787765369.693,0,328,84,-,82,60,0,0,0,0,9501,1710,73,0,17412,32739,-,-,-,0,173,216
1787765370.766,0,343,84,-,85,63,0,0,0,0,9501,1695,67,0,17412,32739,-,-,-,0,176,45
1787765371.835,0,345,84,-,87,58,0,0,0,0,9501,1695,78,0,17412,32739,-,-,-,0,191,320
1787765372.897,0,347,84,-,88,59,0,0,0,0,9501,1710,100,0,17412,32739,-,-,-,0,188,104
1787765373.970,0,346,84,-,93,75,0,0,0,0,9501,1695,79,0,17412,32739,-,-,-,0,78,309
1787765375.042,0,348,84,-,87,56,0,0,0,0,9501,1590,93,0,17412,32739,-,-,-,0,175,82
1787765376.108,0,347,84,-,87,59,0,0,0,0,9501,1635,99,0,17412,32739,-,-,-,0,193,214
1787765377.172,0,347,84,-,92,62,0,0,0,0,9501,1635,99,0,17412,32739,-,-,-,0,91,327
1787765378.246,0,347,84,-,93,62,0,0,0,0,9501,1605,94,0,17412,32739,-,-,-,0,133,27
1787765379.317,0,346,84,-,93,63,0,0,0,0,9501,1620,95,0,17412,32739,-,-,-,0,1,11357
1787765380.392,0,280,84,-,100,25,0,0,0,0,9501,1635,91,0,17412,32739,-,-,-,0,39,16
1787765381.457,0,339,84,-,82,55,0,0,0,0,9501,1755,81,0,17412,32739,-,-,-,0,204,126
1787765382.529,0,342,84,-,85,56,0,0,0,0,9501,1695,80,0,17412,32739,-,-,-,0,169,325
1787765383.603,0,345,84,-,82,62,0,0,0,0,9501,1665,91,0,17412,32739,-,-,-,0,148,332
1787765384.670,0,324,80,-,5,4,0,0,0,0,9501,1905,69,0,17412,32739,-,-,-,0,39,21
1787765385.744,0,286,85,-,100,27,0,0,0,0,9501,1635,64,0,17412,32739,-,-,-,0,38,13
1787765386.813,0,345,85,-,91,23,0,0,0,0,9501,1635,95,0,17412,32739,-,-,-,0,47,14
1787765387.880,0,348,84,-,100,27,0,0,0,0,9501,1740,100,0,17412,32739,-,-,-,0,34,25
1787765388.948,0,346,85,-,100,24,0,0,0,0,9501,1635,94,0,17412,32739,-,-,-,0,47,15
1787765390.017,0,347,86,-,100,26,0,0,0,0,9501,1620,96,0,17412,32739,-,-,-,0,37,17
1787765391.081,0,349,85,-,100,26,0,0,0,0,9501,1665,99,0,17412,32739,-,-,-,0,200,159
1787765392.149,0,315,84,-,80,50,0,0,0,0,9501,1725,65,0,17412,32739,-,-,-,0,209,53
1787765393.223,0,345,84,-,85,69,0,0,0,0,9501,1710,73,0,17412,32739,-,-,-,0,188,298
1787765394.225,#,gpu,pwr,gtemp,mtemp,sm,mem,enc,dec,jpg,ofa,mclk,pclk,pviol,tviol,fb,bar1,ccpm,sbecc,dbecc,pci,rxpci,txpci
1787765394.225,#,Idx,W,C,C,%,%,%,%,%,%,MHz,MHz,%,bool,MB,MB,MB,errs,errs,errs,MB/s,MB/s
1787765394.287,0,344,85,-,87,59,0,0,0,0,9501,1635,75,0,17412,32739,-,-,-,0,154,60
1787765395.349,0,344,85,-,84,59,0,0,0,0,9501,1635,81,0,17412,32739,-,-,-,0,138,22
1787765396.417,0,347,84,-,90,61,0,0,0,0,9501,1575,94,0,17412,32739,-,-,-,0,90,305
1787765397.480,0,347,84,-,93,63,0,0,0,0,9501,1590,99,0,17412,32739,-,-,-,0,52,311
1787765398.547,0,347,84,-,91,62,0,0,0,0,9501,1590,99,0,17412,32739,-,-,-,0,103,17
1787765399.616,0,348,84,-,91,61,0,0,0,0,9501,1635,99,0,17412,32739,-,-,-,0,165,338
1787765400.683,0,317,80,-,1,0,0,0,0,0,9501,1905,85,0,17412,32739,-,-,-,0,156,345
1787765401.759,0,268,83,-,92,60,0,0,0,0,9501,1680,42,0,17412,32739,-,-,-,0,105,309
1787765402.827,0,339,84,-,85,57,0,0,0,0,9501,1680,73,0,17412,32739,-,-,-,0,172,70
1787765403.892,0,341,84,-,80,53,0,0,0,0,9501,1680,100,0,17412,32739,-,-,-,0,116,56
1787765404.958,0,283,83,-,100,25,0,0,0,0,9501,1620,40,0,17412,32739,-,-,-,0,40,650
1787765406.026,0,349,85,-,100,27,0,0,0,0,9501,1650,99,0,17412,32739,-,-,-,0,43,26
1787765407.096,0,348,85,-,100,24,0,0,0,0,9501,1635,96,0,17412,32739,-,-,-,0,157,30
1787765408.170,0,349,85,-,100,27,0,0,0,0,9501,1635,99,0,17412,32739,-,-,-,0,41,16
1787765409.241,0,348,85,-,99,25,0,0,0,0,9501,1620,96,0,17412,32739,-,-,-,0,52,17
1787765410.307,0,346,86,-,100,24,0,0,0,0,9501,1620,94,0,17412,32739,-,-,-,0,37,16
1787765411.378,0,349,84,-,99,26,0,0,0,0,9501,1710,100,0,17412,32739,-,-,-,0,1,8049
1787765412.447,0,319,84,-,79,25,0,0,0,0,9501,1635,62,0,17412,32739,-,-,-,0,45,18
1787765413.519,0,333,84,-,83,60,0,0,0,0,9501,1695,63,0,17412,32739,-,-,-,0,153,303
1787765414.588,0,346,84,-,92,62,0,0,0,0,9501,1620,98,0,17412,32739,-,-,-,0,158,323
1787765415.659,0,341,84,-,85,60,0,0,0,0,9501,1725,84,0,17412,32739,-,-,-,0,167,317
1787765416.731,0,342,84,-,85,63,0,0,0,0,9501,1680,61,0,17412,32739,-,-,-,0,112,297
1787765417.801,0,348,84,-,94,61,0,0,0,0,9501,1620,97,0,17412,32739,-,-,-,0,107,326
1787765418.875,0,347,84,-,93,62,0,0,0,0,9501,1605,100,0,17412,32739,-,-,-,0,160,308
1787765419.944,0,347,84,-,92,61,0,0,0,0,9501,1620,99,0,17412,32739,-,-,-,0,52,309
1787765421.014,0,347,84,-,93,62,0,0,0,0,9501,1635,99,0,17412,32739,-,-,-,0,85,40
1787765422.081,0,258,79,-,13,0,0,0,0,0,9501,1920,37,0,17412,32739,-,-,-,0,182,177
1787765423.151,0,309,83,-,86,56,0,0,0,0,9501,1725,64,0,17412,32739,-,-,-,0,171,331
1787765424.222,0,342,84,-,85,56,0,0,0,0,9501,1710,88,0,17412,32739,-,-,-,0,161,269
1787765425.287,0,343,84,-,84,55,0,0,0,0,9501,1695,72,0,17412,32739,-,-,-,0,160,61
1787765426.358,0,281,84,-,100,27,0,0,0,0,9501,1635,89,0,17412,32739,-,-,-,0,57,15
1787765427.431,0,332,84,-,42,12,0,0,0,0,9501,1665,90,0,17412,32739,-,-,-,0,43,13
1787765428.495,0,330,84,-,87,59,0,0,0,0,9501,1725,65,0,17412,32739,-,-,-,0,90,308
1787765429.564,0,348,84,-,94,63,0,0,0,0,9501,1590,97,0,17412,32739,-,-,-,0,63,319
1787765430.635,0,347,84,-,93,63,0,0,0,0,9501,1605,99,0,17412,32739,-,-,-,0,104,302
1787765431.703,0,347,84,-,86,56,0,0,0,0,9501,1590,99,0,17412,32739,-,-,-,0,99,310
1787765432.774,0,347,84,-,91,61,0,0,0,0,9501,1620,99,0,17412,32739,-,-,-,0,67,32
1787765433.844,0,347,84,-,85,58,0,0,0,0,9501,1635,100,0,17412,32739,-,-,-,0,80,34
1787765434.915,0,347,84,-,93,63,0,0,0,0,9501,1575,99,0,17412,32739,-,-,-,0,149,300
1787765435.986,0,256,79,-,12,0,0,0,0,0,9501,1920,47,0,17412,32739,-,-,-,0,167,325
1787765437.054,0,313,84,-,83,55,0,0,0,0,9501,1605,58,0,17412,32739,-,-,-,0,153,29
1787765438.128,0,343,84,-,87,57,0,0,0,0,9501,1695,69,0,17412,32739,-,-,-,0,179,60
1787765439.201,0,344,84,-,86,56,0,0,0,0,9501,1695,70,0,17412,32739,-,-,-,0,233,31
1787765440.275,0,303,80,-,0,0,0,0,0,0,9501,1905,45,0,17412,32739,-,-,-,0,0,0
1787765441.286,#,gpu,pwr,gtemp,mtemp,sm,mem,enc,dec,jpg,ofa,mclk,pclk,pviol,tviol,fb,bar1,ccpm,sbecc,dbecc,pci,rxpci,txpci
1787765441.286,#,Idx,W,C,C,%,%,%,%,%,%,MHz,MHz,%,bool,MB,MB,MB,errs,errs,errs,MB/s,MB/s
1787765441.349,0,169,77,-,0,0,0,0,0,0,9501,1920,0,0,17412,32739,-,-,-,0,4,0
1787765442.420,0,102,73,-,1,0,0,0,0,0,5001,330,0,0,17412,32739,-,-,-,0,4,0
1787765443.484,0,136,78,-,100,21,0,0,0,0,9501,1650,44,0,17412,32739,-,-,-,0,5,1209
1787765444.553,0,321,82,-,84,57,0,0,0,0,9501,1680,77,0,17412,32739,-,-,-,0,152,268
1787765445.622,0,338,82,-,77,59,0,0,0,0,9501,1815,51,0,17412,32739,-,-,-,0,166,61
1787765446.689,0,340,83,-,87,57,0,0,0,0,9501,1695,74,0,17412,32739,-,-,-,0,155,60
1787765447.755,0,342,82,-,83,54,0,0,0,0,9501,1680,75,0,17412,32739,-,-,-,0,150,15
1787765448.821,0,345,83,-,90,58,0,0,0,0,9501,1605,91,0,17412,32739,-,-,-,0,187,315
1787765449.893,0,346,83,-,86,54,0,0,0,0,9501,1680,100,0,17412,32739,-,-,-,0,67,304
1787765450.955,0,347,83,-,89,58,0,0,0,0,9501,1650,99,0,17412,32739,-,-,-,0,105,217
1787765452.022,0,270,77,-,0,0,0,0,0,0,9501,1920,49,0,17412,32739,-,-,-,0,0,5186
1787765453.094,0,269,83,-,100,26,0,0,0,0,9501,1635,50,0,17412,32739,-,-,-,0,160,220
1787765454.160,0,335,83,-,82,54,0,0,0,0,9501,1635,56,0,17412,32739,-,-,-,0,75,149
1787765455.232,0,341,82,-,78,52,0,0,0,0,9501,1725,41,0,17412,32739,-,-,-,0,145,100
1787765456.300,0,340,83,-,81,60,0,0,0,0,9501,1725,68,0,17412,32739,-,-,-,0,167,302
1787765457.371,0,344,83,-,89,57,0,0,0,0,9501,1590,100,0,17412,32739,-,-,-,0,199,93
1787765458.446,0,342,83,-,81,55,0,0,0,0,9501,1710,96,0,17412,32739,-,-,-,0,181,323
1787765459.520,0,344,83,-,86,59,0,0,0,0,9501,1680,91,0,17412,32739,-,-,-,0,73,308
1787765460.589,0,346,83,-,90,59,0,0,0,0,9501,1620,95,0,17412,32739,-,-,-,0,68,52
1787765461.658,0,346,83,-,83,54,0,0,0,0,9501,1710,77,0,17412,32739,-,-,-,0,153,30
1787765462.725,0,346,83,-,86,52,0,0,0,0,9501,1620,95,0,17412,32739,-,-,-,0,0,0
1787765463.795,0,291,81,-,85,20,0,0,0,0,9501,1635,59,0,17412,32739,-,-,-,0,35,15
1787765464.864,0,339,83,-,77,51,0,0,0,0,9501,1695,100,0,17412,32739,-,-,-,0,186,162
1787765465.935,0,342,82,-,77,56,0,0,0,0,9501,1725,41,0,17412,32739,-,-,-,0,97,56
1787765467.005,0,342,83,-,77,53,0,0,0,0,9501,1680,54,0,17412,32739,-,-,-,0,170,322
1787765468.067,0,299,79,-,4,0,0,0,0,0,9501,1905,39,0,17412,32739,-,-,-,0,58,399
1787765469.140,0,317,84,-,100,25,0,0,0,0,9501,1635,80,0,17412,32739,-,-,-,0,59,17
1787765470.210,0,326,81,-,52,15,0,0,0,0,9501,1635,81,0,17412,32739,-,-,-,0,282,140
1787765471.285,0,327,83,-,91,59,0,0,0,0,9501,1635,78,0,17412,32739,-,-,-,0,59,31
1787765472.356,0,347,83,-,92,59,0,0,0,0,9501,1620,100,0,17412,32739,-,-,-,0,52,305
1787765473.429,0,347,84,-,91,58,0,0,0,0,9501,1620,99,0,17412,32739,-,-,-,0,73,305
1787765474.502,0,347,83,-,91,59,0,0,0,0,9501,1635,99,0,17412,32739,-,-,-,0,100,312
1787765475.573,0,346,84,-,93,60,0,0,0,0,9501,1620,97,0,17412,32739,-,-,-,0,128,298
1787765476.646,0,283,78,-,26,1,0,0,0,0,9501,1920,63,0,17412,32739,-,-,-,0,43,29
1787765477.715,0,309,84,-,100,27,0,0,0,0,9501,1635,72,0,17412,32739,-,-,-,0,175,54
1787765478.788,0,335,83,-,82,59,0,0,0,0,9501,1785,57,0,17412,32739,-,-,-,0,168,173
1787765479.857,0,342,83,-,83,54,0,0,0,0,9501,1620,98,0,17412,32739,-,-,-,0,141,160
1787765480.932,0,289,82,-,100,38,0,0,0,0,9501,1605,54,0,17412,32739,-,-,-,0,4,3395
1787765482.004,0,324,82,-,83,59,0,0,0,0,9501,1740,67,0,17412,32739,-,-,-,0,173,26
1787765483.077,0,341,83,-,88,58,0,0,0,0,9501,1710,70,0,17412,32739,-,-,-,0,162,268
1787765484.149,0,343,83,-,80,54,0,0,0,0,9501,1635,57,0,17412,32739,-,-,-,0,52,329
1787765485.218,0,340,83,-,84,57,0,0,0,0,9501,1710,83,0,17412,32739,-,-,-,0,169,109
1787765486.290,0,344,83,-,80,53,0,0,0,0,9501,1680,82,0,17412,32739,-,-,-,0,146,324
1787765487.362,0,347,83,-,85,56,0,0,0,0,9501,1605,100,0,17412,32739,-,-,-,0,95,295
1787765488.374,#,gpu,pwr,gtemp,mtemp,sm,mem,enc,dec,jpg,ofa,mclk,pclk,pviol,tviol,fb,bar1,ccpm,sbecc,dbecc,pci,rxpci,txpci
1787765488.429,#,Idx,W,C,C,%,%,%,%,%,%,MHz,MHz,%,bool,MB,MB,MB,errs,errs,errs,MB/s,MB/s
1787765488.437,0,344,83,-,81,52,0,0,0,0,9501,1725,97,0,17412,32739,-,-,-,0,99,294
1787765489.511,0,281,83,-,100,28,0,0,0,0,9501,1635,53,0,17412,32739,-,-,-,0,61,17
1787765490.583,0,327,81,-,43,9,0,0,0,0,9501,1665,79,0,17412,32739,-,-,-,0,44,584
1787765491.655,0,330,84,-,82,55,0,0,0,0,9501,1740,74,0,17412,32739,-,-,-,0,158,99
1787765492.733,0,343,83,-,83,55,0,0,0,0,9501,1710,73,0,17412,32739,-,-,-,0,101,291
1787765493.800,0,345,83,-,84,52,0,0,0,0,9501,1620,93,0,17412,32739,-,-,-,0,105,26
1787765494.871,0,347,84,-,91,59,0,0,0,0,9501,1635,100,0,17412,32739,-,-,-,0,76,23
1787765495.946,0,322,81,-,1,0,0,0,0,0,9501,1905,87,0,17412,32739,-,-,-,0,5,11507
1787765497.023,0,289,84,-,100,25,0,0,0,0,9501,1635,64,0,17412,32739,-,-,-,0,76,54
1787765498.098,0,330,83,-,82,54,0,0,0,0,9501,1680,78,0,17412,32739,-,-,-,0,196,116
1787765499.172,0,346,84,-,83,62,0,0,0,0,9501,1695,61,0,17412,32739,-,-,-,0,157,25
1787765500.241,0,343,84,-,80,58,0,0,0,0,9501,1755,69,0,17412,32739,-,-,-,0,117,113
1787765501.307,0,344,84,-,84,55,0,0,0,0,9501,1710,52,0,17412,32739,-,-,-,0,10792,199
1787765502.376,0,292,83,-,83,56,0,0,0,0,9501,1755,82,0,17412,32739,-,-,-,0,158,165
1787765503.445,0,342,83,-,81,64,0,0,0,0,9501,1740,25,0,17412,32739,-,-,-,0,193,266
1787765504.515,0,343,83,-,90,71,0,0,0,0,9501,1680,74,0,17412,32739,-,-,-,0,193,164
1787765505.585,0,342,84,-,87,58,0,0,0,0,9501,1695,59,0,17412,32739,-,-,-,0,187,273
1787765506.661,0,339,83,-,85,55,0,0,0,0,9501,1725,72,0,17412,32739,-,-,-,0,176,99
1787765507.734,0,342,84,-,91,60,0,0,0,0,9501,1635,69,0,17412,32739,-,-,-,0,79,317
1787765508.807,0,342,83,-,84,56,0,0,0,0,9501,1710,73,0,17412,32739,-,-,-,0,119,25
1787765509.878,0,341,84,-,88,59,0,0,0,0,9501,1680,100,0,17412,32739,-,-,-,0,176,22
1787765510.952,0,340,83,-,82,64,0,0,0,0,9501,1665,61,0,17412,32739,-,-,-,0,75,308
1787765512.021,0,344,84,-,83,62,0,0,0,0,9501,1710,74,0,17412,32739,-,-,-,0,186,113
1787765513.093,0,343,83,-,81,53,0,0,0,0,9501,1650,66,0,17412,32739,-,-,-,0,191,207
1787765514.164,0,342,84,-,83,56,0,0,0,0,9501,1710,75,0,17412,32739,-,-,-,0,102,305
1787765515.228,0,348,84,-,85,56,0,0,0,0,9501,1680,98,0,17412,32739,-,-,-,0,108,54
1787765516.294,0,346,84,-,85,56,0,0,0,0,9501,1635,80,0,17412,32739,-,-,-,0,142,173
1787765517.366,0,346,84,-,91,60,0,0,0,0,9501,1635,100,0,17412,32739,-,-,-,0,203,53
1787765518.431,0,345,84,-,86,57,0,0,0,0,9501,1710,81,0,17412,32739,-,-,-,0,77,308
1787765519.505,0,345,84,-,81,61,0,0,0,0,9501,1695,88,0,17412,32739,-,-,-,0,78,310
1787765520.578,0,342,84,-,79,50,0,0,0,0,9501,1620,81,0,17412,32739,-,-,-,0,184,21
1787765521.654,0,341,84,-,83,60,0,0,0,0,9501,1725,87,0,17412,32739,-,-,-,0,88,324
1787765522.730,0,344,84,-,84,54,0,0,0,0,9501,1665,86,0,17412,32739,-,-,-,0,173,334
1787765523.801,0,344,84,-,86,57,0,0,0,0,9501,1665,92,0,17412,32739,-,-,-,0,204,214
1787765524.878,0,344,84,-,82,55,0,0,0,0,9501,1710,100,0,17412,32739,-,-,-,0,103,25
1787765525.949,0,347,84,-,87,62,0,0,0,0,9501,1695,89,0,17412,32739,-,-,-,0,181,30
1787765527.017,0,345,84,-,88,60,0,0,0,0,9501,1680,86,0,17412,32739,-,-,-,0,43,312
1787765528.090,0,298,79,-,31,6,0,0,0,0,9501,1710,71,0,17412,32739,-,-,-,0,41,14
1787765529.162,0,334,85,-,99,26,0,0,0,0,9501,1650,92,0,17412,32739,-,-,-,0,246,41
1787765530.233,0,330,85,-,76,20,0,0,0,0,9501,1800,87,0,17412,32739,-,-,-,0,152,93
1787765531.300,0,329,84,-,83,59,0,0,0,0,9501,1650,68,0,17412,32739,-,-,-,0,271,231
1787765532.365,0,340,84,-,81,57,0,0,0,0,9501,1710,94,0,17412,32739,-,-,-,0,185,103
1787765533.440,0,341,84,-,85,60,0,0,0,0,9501,1725,59,0,17412,32739,-,-,-,0,0,0
1787765534.512,0,301,85,-,100,28,0,0,0,0,9501,1620,54,0,17412,32739,-,-,-,0,67,16
1787765535.517,#,gpu,pwr,gtemp,mtemp,sm,mem,enc,dec,jpg,ofa,mclk,pclk,pviol,tviol,fb,bar1,ccpm,sbecc,dbecc,pci,rxpci,txpci
1787765535.517,#,Idx,W,C,C,%,%,%,%,%,%,MHz,MHz,%,bool,MB,MB,MB,errs,errs,errs,MB/s,MB/s
1787765535.579,0,348,85,-,100,25,0,0,0,0,9501,1650,99,0,17412,32739,-,-,-,0,1239,423
1787765536.646,0,348,85,-,100,27,0,0,0,0,9501,1620,96,0,17412,32739,-,-,-,0,33,18
1787765537.714,0,329,83,-,91,30,0,0,0,0,9501,1635,80,0,17412,32739,-,-,-,0,197,208
1787765538.786,0,339,84,-,92,62,0,0,0,0,9501,1620,84,0,17412,32739,-,-,-,0,80,23
1787765539.860,0,345,84,-,93,62,0,0,0,0,9501,1620,100,0,17412,32739,-,-,-,0,88,306
1787765540.929,0,347,84,-,91,61,0,0,0,0,9501,1590,99,0,17412,32739,-,-,-,0,77,306
1787765541.996,0,347,84,-,92,61,0,0,0,0,9501,1635,99,0,17412,32739,-,-,-,0,100,300
1787765543.065,0,348,84,-,93,63,0,0,0,0,9501,1605,97,0,17412,32739,-,-,-,0,75,20
1787765544.139,0,347,84,-,92,61,0,0,0,0,9501,1635,99,0,17412,32739,-,-,-,0,157,27
1787765545.203,0,348,84,-,92,62,0,0,0,0,9501,1605,99,0,17412,32739,-,-,-,0,46,310
1787765546.270,0,347,84,-,92,61,0,0,0,0,9501,1605,99,0,17412,32739,-,-,-,0,90,359
1787765547.342,0,347,84,-,88,59,0,0,0,0,9501,1605,99,0,17412,32739,-,-,-,0,109,292
1787765548.415,0,347,84,-,93,61,0,0,0,0,9501,1590,100,0,17412,32739,-,-,-,0,104,296
1787765549.480,0,347,84,-,88,59,0,0,0,0,9501,1635,99,0,17412,32739,-,-,-,0,72,49
1787765550.548,0,348,84,-,92,61,0,0,0,0,9501,1620,99,0,17412,32739,-,-,-,0,48,323
1787765551.614,0,347,84,-,93,61,0,0,0,0,9501,1605,99,0,17412,32739,-,-,-,0,78,322
1787765552.681,0,348,84,-,90,60,0,0,0,0,9501,1605,99,0,17412,32739,-,-,-,0,141,295
1787765553.752,0,291,79,-,0,0,0,0,0,0,9501,1740,71,0,17412,32739,-,-,-,0,36,25
1787765554.819,0,267,84,-,84,55,0,0,0,0,9501,1695,54,0,17412,32739,-,-,-,0,146,97
1787765555.892,0,343,84,-,83,55,0,0,0,0,9501,1605,86,0,17412,32739,-,-,-,0,167,347
1787765556.967,0,298,84,-,63,22,0,0,0,0,9501,1755,65,0,17412,32739,-,-,-,0,5,76
1787765558.037,0,328,84,-,82,58,0,0,0,0,9501,1635,68,0,17412,32739,-,-,-,0,161,327
1787765559.113,0,341,84,-,86,57,0,0,0,0,9501,1680,73,0,17412,32739,-,-,-,0,130,299
1787765560.184,0,341,84,-,92,61,0,0,0,0,9501,1695,73,0,17412,32739,-,-,-,0,187,157
1787765561.256,0,343,84,-,82,58,0,0,0,0,9501,1725,89,0,17412,32739,-,-,-,0,49,343
1787765562.328,0,344,84,-,93,61,0,0,0,0,9501,1605,72,0,17412,32739,-,-,-,0,272,38
1787765563.396,0,347,84,-,91,60,0,0,0,0,9501,1605,100,0,17412,32739,-,-,-,0,91,311
1787765564.474,0,346,84,-,93,62,0,0,0,0,9501,1605,99,0,17412,32739,-,-,-,0,102,319
1787765565.537,0,344,84,-,84,58,0,0,0,0,9501,1710,99,0,17412,32739,-,-,-,0,90,312
1787765566.611,0,347,84,-,92,61,0,0,0,0,9501,1620,97,0,17412,32739,-,-,-,0,78,23
1787765567.684,0,309,83,-,72,24,0,0,0,0,9501,1650,73,0,17412,32739,-,-,-,0,50,15
1787765568.759,0,331,83,-,70,19,0,0,0,0,9501,1755,87,0,17412,32739,-,-,-,0,158,325
1787765569.835,0,337,85,-,83,56,0,0,0,0,9501,1695,74,0,17412,32739,-,-,-,0,157,326
1787765570.907,0,344,84,-,84,56,0,0,0,0,9501,1590,100,0,17412,32739,-,-,-,0,121,21
1787765571.978,0,317,83,-,32,8,0,0,0,0,9501,1605,79,0,17412,32739,-,-,-,0,70,387
1787765573.050,0,335,85,-,100,28,0,0,0,0,9501,1620,90,0,17415,32739,-,-,-,0,45,14
1787765574.116,0,340,85,-,100,27,0,0,0,0,9501,1635,87,0,17412,32739,-,-,-,0,37,14
1787765575.182,0,349,85,-,99,26,0,0,0,0,9501,1635,99,0,17412,32739,-,-,-,0,4132,270
1787765576.255,0,348,85,-,100,24,0,0,0,0,9501,1620,93,0,17412,32739,-,-,-,0,43,17
1787765577.326,0,349,86,-,100,27,0,0,0,0,9501,1605,99,0,17412,32739,-,-,-,0,142,25
1787765578.396,0,348,86,-,100,24,0,0,0,0,9501,1635,100,0,17412,32739,-,-,-,0,40,14
1787765579.471,0,349,86,-,100,26,0,0,0,0,9501,1605,95,0,17412,32739,-,-,-,0,1213,23
1787765580.547,0,349,85,-,100,26,0,0,0,0,9501,1620,99,0,17412,32739,-,-,-,0,36,16
1787765581.620,0,346,85,-,99,24,0,0,0,0,9501,1635,95,0,17412,32739,-,-,-,0,37,14
1787765582.629,#,gpu,pwr,gtemp,mtemp,sm,mem,enc,dec,jpg,ofa,mclk,pclk,pviol,tviol,fb,bar1,ccpm,sbecc,dbecc,pci,rxpci,txpci
1787765582.629,#,Idx,W,C,C,%,%,%,%,%,%,MHz,MHz,%,bool,MB,MB,MB,errs,errs,errs,MB/s,MB/s
1787765582.690,0,346,86,-,98,23,0,0,0,0,9501,1635,93,0,17412,32739,-,-,-,0,36,37
1787765583.761,0,349,86,-,100,25,0,0,0,0,9501,1635,99,0,17412,32739,-,-,-,0,37,12
1787765584.838,0,348,86,-,100,25,0,0,0,0,9501,1605,97,0,17412,32739,-,-,-,0,47,22
1787765585.913,0,329,82,-,65,15,0,0,0,0,9501,1860,100,0,17412,32739,-,-,-,0,169,60
1787765586.984,0,333,85,-,82,61,0,0,0,0,9501,1710,70,0,17412,32739,-,-,-,0,192,107
1787765588.053,0,343,84,-,86,62,0,0,0,0,9501,1755,83,0,17412,32739,-,-,-,0,198,54
1787765589.126,0,343,85,-,85,61,0,0,0,0,9501,1695,70,0,17412,32739,-,-,-,0,143,104
1787765590.202,0,343,84,-,79,61,0,0,0,0,9501,1710,68,0,17412,32739,-,-,-,0,57,309
1787765591.270,0,347,85,-,92,63,0,0,0,0,9501,1620,93,0,17412,32739,-,-,-,0,166,328
1787765592.345,0,342,84,-,86,59,0,0,0,0,9501,1695,85,0,17412,32739,-,-,-,0,184,280
1787765593.413,0,341,84,-,90,69,0,0,0,0,9501,1695,100,0,17412,32739,-,-,-,0,194,82
1787765594.479,0,344,84,-,86,61,0,0,0,0,9501,1725,74,0,17412,32739,-,-,-,0,171,61
1787765595.551,0,346,85,-,84,62,0,0,0,0,9501,1695,84,0,17412,32739,-,-,-,0,177,216
1787765596.623,0,346,85,-,86,59,0,0,0,0,9501,1725,84,0,17412,32739,-,-,-,0,166,326
1787765597.690,0,347,84,-,87,60,0,0,0,0,9501,1725,63,0,17412,32739,-,-,-,0,184,54
1787765598.754,0,344,85,-,79,55,0,0,0,0,9501,1665,81,0,17412,32739,-,-,-,0,173,55
1787765599.827,0,342,84,-,87,62,0,0,0,0,9501,1665,70,0,17412,32739,-,-,-,0,160,25
1787765600.898,0,345,85,-,83,58,0,0,0,0,9501,1575,100,0,17412,32739,-,-,-,0,181,81
1787765601.974,0,344,84,-,92,65,0,0,0,0,9501,1635,80,0,17412,32739,-,-,-,0,178,266
1787765603.046,0,341,84,-,82,62,0,0,0,0,9501,1680,79,0,17412,32739,-,-,-,0,112,212
1787765604.116,0,345,85,-,87,63,0,0,0,0,9501,1695,74,0,17412,32739,-,-,-,0,158,106
1787765605.184,0,344,84,-,86,59,0,0,0,0,9501,1710,74,0,17412,32739,-,-,-,0,182,55
1787765606.249,0,348,84,-,85,64,0,0,0,0,9501,1665,74,0,17412,32739,-,-,-,0,168,321
1787765607.325,0,347,84,-,90,61,0,0,0,0,9501,1695,92,0,17412,32739,-,-,-,0,186,342
1787765608.395,0,344,85,-,84,59,0,0,0,0,9501,1695,100,0,17412,32739,-,-,-,0,313,58
1787765609.469,0,343,85,-,86,61,0,0,0,0,9501,1695,77,0,17412,32739,-,-,-,0,169,326
1787765610.544,0,347,85,-,93,64,0,0,0,0,9501,1635,72,0,17412,32739,-,-,-,0,54,349
1787765611.614,0,345,84,-,86,60,0,0,0,0,9501,1695,75,0,17412,32739,-,-,-,0,160,336
1787765612.685,0,342,85,-,85,64,0,0,0,0,9501,1650,67,0,17412,32739,-,-,-,0,212,89
1787765613.756,0,342,84,-,86,61,0,0,0,0,9501,1725,74,0,17412,32739,-,-,-,0,183,54
1787765614.826,0,343,84,-,93,65,0,0,0,0,9501,1605,65,0,17412,32739,-,-,-,0,177,83
1787765615.897,0,343,84,-,89,63,0,0,0,0,9501,1635,100,0,17412,32739,-,-,-,0,167,314
1787765616.973,0,339,84,-,81,57,0,0,0,0,9501,1620,94,0,17412,32739,-,-,-,0,74,325
1787765618.041,0,340,84,-,85,62,0,0,0,0,9501,1665,83,0,17412,32739,-,-,-,0,175,70
1787765619.112,0,342,84,-,87,68,0,0,0,0,9501,1650,80,0,17412,32739,-,-,-,0,140,28
1787765620.178,0,346,84,-,84,58,0,0,0,0,9501,1605,87,0,17412,32739,-,-,-,0,114,104
1787765621.250,0,342,84,-,81,63,0,0,0,0,9501,1680,83,0,17412,32739,-,-,-,0,121,294
1787765622.320,0,343,85,-,87,60,0,0,0,0,9501,1755,95,0,17412,32739,-,-,-,0,177,164
1787765623.389,0,345,84,-,84,62,0,0,0,0,9501,1650,100,0,17412,32739,-,-,-,0,44,309
1787765624.466,0,345,84,-,87,63,0,0,0,0,9501,1695,80,0,17412,32739,-,-,-,0,174,326
1787765625.535,0,344,85,-,85,59,0,0,0,0,9501,1605,93,0,17412,32739,-,-,-,0,182,56
1787765626.604,0,345,84,-,87,61,0,0,0,0,9501,1710,91,0,17412,32739,-,-,-,0,170,57
1787765627.675,0,345,84,-,81,56,0,0,0,0,9501,1695,79,0,17415,32739,-,-,-,0,184,168
1787765628.747,0,344,84,-,86,62,0,0,0,0,9501,1710,77,0,17415,32739,-,-,-,0,188,173
1787765629.761,#,gpu,pwr,gtemp,mtemp,sm,mem,enc,dec,jpg,ofa,mclk,pclk,pviol,tviol,fb,bar1,ccpm,sbecc,dbecc,pci,rxpci,txpci
1787765629.761,#,Idx,W,C,C,%,%,%,%,%,%,MHz,MHz,%,bool,MB,MB,MB,errs,errs,errs,MB/s,MB/s
1787765629.823,0,347,85,-,86,61,0,0,0,0,9501,1650,77,0,17415,32739,-,-,-,0,177,271
1787765630.898,0,344,84,-,83,57,0,0,0,0,9501,1695,100,0,17412,32739,-,-,-,0,90,318
1787765631.973,0,343,84,-,88,63,0,0,0,0,9501,1725,85,0,17412,32739,-,-,-,0,154,131
1787765633.046,0,341,84,-,80,67,0,0,0,0,9501,1695,62,0,17412,32739,-,-,-,0,161,308
1787765634.117,0,344,85,-,87,63,0,0,0,0,9501,1695,87,0,17412,32739,-,-,-,0,189,218
1787765635.185,0,347,84,-,88,60,0,0,0,0,9501,1695,95,0,17412,32739,-,-,-,0,164,307
1787765636.259,0,346,84,-,83,61,0,0,0,0,9501,1725,91,0,17412,32739,-,-,-,0,184,271
1787765637.329,0,341,85,-,80,57,0,0,0,0,9501,1665,94,0,17412,32739,-,-,-,0,127,303
1787765638.406,0,340,84,-,89,61,0,0,0,0,9501,1680,100,0,17412,32739,-,-,-,0,183,112
1787765639.480,0,341,84,-,87,61,0,0,0,0,9501,1695,87,0,17412,32739,-,-,-,0,265,205
1787765640.553,0,341,84,-,88,65,0,0,0,0,9501,1710,89,0,17412,32739,-,-,-,0,134,308
1787765641.623,0,340,84,-,86,57,0,0,0,0,9501,1665,96,0,17412,32739,-,-,-,0,197,318
1787765642.693,0,338,84,-,84,60,0,0,0,0,9501,1650,92,0,17412,32739,-,-,-,0,99,108
1787765643.767,0,339,84,-,93,65,0,0,0,0,9501,1695,94,0,17412,32739,-,-,-,0,181,76
1787765644.844,0,330,84,-,88,62,0,0,0,0,9501,1665,93,0,17412,32739,-,-,-,0,190,100
1787765645.917,0,328,84,-,88,61,0,0,0,0,9501,1620,100,0,17412,32739,-,-,-,0,97,299
1787765646.993,0,326,84,-,88,60,0,0,0,0,9501,1590,95,0,17412,32739,-,-,-,0,173,56
1787765648.069,0,330,84,-,87,61,0,0,0,0,9501,1635,99,0,17412,32739,-,-,-,0,161,17
1787765649.136,0,329,83,-,93,63,0,0,0,0,9501,1575,99,0,17412,32739,-,-,-,0,112,57
1787765650.213,0,330,84,-,93,63,0,0,0,0,9501,1590,99,0,17412,32739,-,-,-,0,84,29
1787765651.284,0,328,83,-,88,60,0,0,0,0,9501,1515,99,0,17412,32739,-,-,-,0,101,299
1787765652.354,0,308,82,-,93,60,0,0,0,0,9501,1470,99,0,17412,32739,-,-,-,0,103,308
1787765653.426,0,304,82,-,92,61,0,0,0,0,9501,1485,100,0,17412,32739,-,-,-,0,92,312
1787765654.502,0,302,82,-,93,61,0,0,0,0,9501,1485,99,0,17412,32739,-,-,-,0,278,310
1787765655.573,0,303,82,-,92,60,0,0,0,0,9501,1500,99,0,17412,32739,-,-,-,0,131,303
1787765656.647,0,285,79,-,0,0,0,0,0,0,9501,1905,89,0,17412,32739,-,-,-,0,7,12877
1787765657.722,0,227,83,-,100,28,0,0,0,0,9501,1635,24,0,17412,32739,-,-,-,0,73,38
1787765658.799,0,338,84,-,79,63,0,0,0,0,9501,1695,73,0,17412,32739,-,-,-,0,170,23
1787765659.876,0,346,83,-,87,74,0,0,0,0,9501,1755,100,0,17412,32739,-,-,-,0,171,325
1787765660.949,0,312,84,-,100,24,0,0,0,0,9501,1635,64,0,17412,32739,-,-,-,0,47,108
1787765662.024,0,328,83,-,86,57,0,0,0,0,9501,1695,78,0,17412,32739,-,-,-,0,190,27
1787765663.098,0,344,84,-,79,63,0,0,0,0,9501,1680,83,0,17412,32739,-,-,-,0,239,169
1787765664.175,0,344,84,-,83,59,0,0,0,0,9501,1710,80,0,17412,32739,-,-,-,0,174,215
1787765665.244,0,345,84,-,88,58,0,0,0,0,9501,1695,86,0,17412,32739,-,-,-,0,56,214
1787765666.316,0,346,84,-,84,56,0,0,0,0,9501,1695,97,0,17412,32739,-,-,-,0,162,60
1787765667.392,0,346,84,-,89,58,0,0,0,0,9501,1635,100,0,17412,32739,-,-,-,0,100,295
1787765668.466,0,348,84,-,91,59,0,0,0,0,9501,1650,94,0,17412,32739,-,-,-,0,78,337
1787765669.541,0,346,84,-,87,54,0,0,0,0,9501,1635,99,0,17412,32739,-,-,-,0,206,313
1787765670.618,0,348,84,-,94,61,0,0,0,0,9501,1620,99,0,17412,32739,-,-,-,0,88,322
1787765671.689,0,347,84,-,93,60,0,0,0,0,9501,1635,99,0,17412,32739,-,-,-,0,100,304
1787765672.762,0,347,84,-,91,58,0,0,0,0,9501,1680,95,0,17412,32739,-,-,-,0,75,29
1787765673.835,0,289,85,-,100,28,0,0,0,0,9501,1635,60,0,17412,32739,-,-,-,0,50,15
1787765674.910,0,338,84,-,85,56,0,0,0,0,9501,1680,100,0,17412,32739,-,-,-,0,99,304
1787765675.983,0,347,84,-,94,61,0,0,0,0,9501,1635,92,0,17412,32739,-,-,-,0,209,75
1787765676.995,#,gpu,pwr,gtemp,mtemp,sm,mem,enc,dec,jpg,ofa,mclk,pclk,pviol,tviol,fb,bar1,ccpm,sbecc,dbecc,pci,rxpci,txpci
1787765676.995,#,Idx,W,C,C,%,%,%,%,%,%,MHz,MHz,%,bool,MB,MB,MB,errs,errs,errs,MB/s,MB/s
1787765677.056,0,346,84,-,87,61,0,0,0,0,9501,1635,67,0,17412,32739,-,-,-,0,193,60
1787765678.134,0,304,82,-,67,25,0,0,0,0,9501,1680,54,0,17412,32739,-,-,-,0,49,17
1787765679.210,0,343,85,-,100,24,0,0,0,0,9501,1620,99,0,17412,32739,-,-,-,0,56,40
1787765680.284,0,339,85,-,100,39,0,0,0,0,9501,1605,90,0,17412,32739,-,-,-,0,1384,6338
1787765681.358,0,331,84,-,85,65,0,0,0,0,9501,1725,82,0,17412,32739,-,-,-,0,168,98
1787765682.434,0,345,84,-,84,61,0,0,0,0,9501,1605,82,0,17412,32739,-,-,-,0,180,323
1787765683.510,0,341,84,-,89,69,0,0,0,0,9501,1725,84,0,17412,32739,-,-,-,0,170,294
1787765684.582,0,348,84,-,93,60,0,0,0,0,9501,1620,87,0,17412,32739,-,-,-,0,140,35
1787765685.658,0,343,84,-,87,60,0,0,0,0,9501,1725,90,0,17412,32739,-,-,-,0,85,300
1787765686.729,0,348,84,-,93,60,0,0,0,0,9501,1620,88,0,17412,32739,-,-,-,0,117,312
1787765687.799,0,345,84,-,83,61,0,0,0,0,9501,1680,87,0,17412,32739,-,-,-,0,84,316
1787765688.872,0,348,84,-,93,61,0,0,0,0,9501,1605,100,0,17412,32739,-,-,-,0,82,310
1787765689.949,0,346,84,-,87,58,0,0,0,0,9501,1635,99,0,17412,32739,-,-,-,0,83,299
1787765691.026,0,347,84,-,93,62,0,0,0,0,9501,1605,99,0,17412,32739,-,-,-,0,83,314
1787765692.098,0,346,84,-,93,61,0,0,0,0,9501,1590,99,0,17412,32739,-,-,-,0,49,303
1787765693.176,0,348,84,-,94,62,0,0,0,0,9501,1605,99,0,17412,32739,-,-,-,0,114,25
1787765694.252,0,346,84,-,93,62,0,0,0,0,9501,1605,97,0,17412,32739,-,-,-,0,0,0
1787765695.325,0,277,84,-,100,27,0,0,0,0,9501,1620,53,0,17412,32739,-,-,-,0,781,25
1787765696.398,0,336,85,-,100,27,0,0,0,0,9501,1620,100,0,17412,32739,-,-,-,0,52,23
1787765697.473,0,339,84,-,81,58,0,0,0,0,9501,1680,77,0,17412,32739,-,-,-,0,171,280
1787765698.550,0,341,84,-,84,58,0,0,0,0,9501,1695,88,0,17412,32739,-,-,-,0,358,320
1787765699.624,0,342,84,-,81,57,0,0,0,0,9501,1680,85,0,17412,32739,-,-,-,0,108,217
1787765700.699,0,343,84,-,83,60,0,0,0,0,9501,1725,69,0,17412,32739,-,-,-,0,79,35
1787765701.776,0,346,84,-,86,60,0,0,0,0,9501,1695,82,0,17412,32739,-,-,-,0,64,23
1787765702.849,0,303,83,-,95,31,0,0,0,0,9501,1635,58,0,17412,32739,-,-,-,0,1330,1
1787765703.921,0,333,84,-,81,53,0,0,0,0,9501,1695,100,0,17412,32739,-,-,-,0,157,217
1787765704.995,0,340,84,-,88,57,0,0,0,0,9501,1680,86,0,17412,32739,-,-,-,0,158,50
1787765706.057,0,343,84,-,83,62,0,0,0,0,9501,1740,69,0,17412,32739,-,-,-,0,138,39
1787765707.134,0,347,84,-,93,61,0,0,0,0,9501,1620,88,0,17412,32739,-,-,-,0,174,269
1787765708.209,0,345,84,-,84,57,0,0,0,0,9501,1680,92,0,17412,32739,-,-,-,0,64,309
1787765709.272,0,345,84,-,93,61,0,0,0,0,9501,1605,84,0,17412,32739,-,-,-,0,121,307
1787765710.345,0,345,84,-,88,59,0,0,0,0,9501,1680,97,0,17412,32739,-,-,-,0,96,301
1787765711.418,0,342,84,-,84,57,0,0,0,0,9501,1695,100,0,17412,32739,-,-,-,0,71,48
1787765712.489,0,346,84,-,91,59,0,0,0,0,9501,1620,99,0,17412,32739,-,-,-,0,85,298
1787765713.567,0,346,84,-,84,53,0,0,0,0,9501,1665,97,0,17412,32739,-,-,-,0,94,330
1787765714.635,0,323,81,-,0,0,0,0,0,0,9501,1905,87,0,17412,32739,-,-,-,0,67,33
1787765715.710,0,292,85,-,100,36,0,0,0,0,9501,1605,64,0,17412,32739,-,-,-,0,45,19
1787765716.786,0,331,84,-,86,67,0,0,0,0,9501,1650,74,0,17412,32739,-,-,-,0,201,115
1787765717.863,0,343,84,-,76,59,0,0,0,0,9501,1650,100,0,17412,32739,-,-,-,0,169,115
1787765718.935,0,344,85,-,85,58,0,0,0,0,9501,1725,69,0,17412,32739,-,-,-,0,166,315
1787765720.006,0,325,81,-,1,0,0,0,0,0,9501,1905,68,0,17412,32739,-,-,-,0,56,21
1787765721.078,0,315,85,-,100,25,0,0,0,0,9501,1635,78,0,17412,32739,-,-,-,0,755,12
1787765722.155,0,349,86,-,100,27,0,0,0,0,9501,1620,99,0,17412,32739,-,-,-,0,46,10
1787765723.229,0,339,86,-,97,29,0,0,0,0,9501,1620,88,0,17412,32739,-,-,-,0,63,16
1787765724.240,#,gpu,pwr,gtemp,mtemp,sm,mem,enc,dec,jpg,ofa,mclk,pclk,pviol,tviol,fb,bar1,ccpm,sbecc,dbecc,pci,rxpci,txpci
1787765724.281,#,Idx,W,C,C,%,%,%,%,%,%,MHz,MHz,%,bool,MB,MB,MB,errs,errs,errs,MB/s,MB/s
1787765724.302,0,328,84,-,88,59,0,0,0,0,9501,1710,74,0,17412,32739,-,-,-,0,170,327
1787765725.379,0,343,84,-,89,57,0,0,0,0,9501,1650,100,0,17412,32739,-,-,-,0,69,30
1787765726.455,0,346,84,-,94,61,0,0,0,0,9501,1590,99,0,17412,32739,-,-,-,0,110,27
1787765727.532,0,345,84,-,91,61,0,0,0,0,9501,1620,95,0,17412,32739,-,-,-,0,85,35
1787765728.603,0,348,84,-,92,62,0,0,0,0,9501,1605,99,0,17412,32739,-,-,-,0,93,60
1787765729.676,0,347,84,-,92,61,0,0,0,0,9501,1620,99,0,17412,32739,-,-,-,0,98,21
1787765730.746,0,348,84,-,93,61,0,0,0,0,9501,1620,99,0,17412,32739,-,-,-,0,75,32
1787765731.821,0,346,84,-,92,61,0,0,0,0,9501,1620,99,0,17412,32739,-,-,-,0,110,299
1787765732.890,0,346,84,-,93,63,0,0,0,0,9501,1605,100,0,17412,32739,-,-,-,0,72,30
1787765733.963,0,348,84,-,93,61,0,0,0,0,9501,1620,99,0,17412,32739,-,-,-,0,0,0
1787765735.035,0,291,85,-,100,27,0,0,0,0,9501,1620,59,0,17412,32739,-,-,-,0,68,24
1787765736.109,0,330,83,-,83,49,0,0,0,0,9501,1680,83,0,17412,32739,-,-,-,0,68,57
1787765737.179,0,342,84,-,85,64,0,0,0,0,9501,1740,77,0,17412,32739,-,-,-,0,174,223
1787765738.256,0,345,85,-,81,60,0,0,0,0,9501,1695,70,0,17412,32739,-,-,-,0,176,163
1787765739.331,0,344,84,-,88,56,0,0,0,0,9501,1680,81,0,17412,32739,-,-,-,0,167,346
1787765740.399,0,313,80,-,53,14,0,0,0,0,9501,1635,100,0,17412,32739,-,-,-,0,59,44
1787765741.475,0,324,84,-,100,27,0,0,0,0,9501,1635,82,0,17412,32739,-,-,-,0,64,711
1787765742.549,0,339,84,-,83,61,0,0,0,0,9501,1725,81,0,17412,32739,-,-,-,0,203,107
1787765743.625,0,342,84,-,84,53,0,0,0,0,9501,1665,64,0,17412,32739,-,-,-,0,145,340
1787765744.702,0,342,84,-,85,56,0,0,0,0,9501,1680,82,0,17412,32739,-,-,-,0,197,17
1787765745.777,0,338,84,-,85,54,0,0,0,0,9501,1605,89,0,17412,32739,-,-,-,0,79,306
1787765746.851,0,345,84,-,86,54,0,0,0,0,9501,1680,99,0,17412,32739,-,-,-,0,69,31
1787765747.924,0,348,85,-,92,60,0,0,0,0,9501,1620,100,0,17412,32739,-,-,-,0,155,319
1787765748.999,0,346,84,-,92,62,0,0,0,0,9501,1605,93,0,17412,32739,-,-,-,0,110,21
1787765750.070,0,347,84,-,93,62,0,0,0,0,9501,1620,99,0,17412,32739,-,-,-,0,182,26
1787765751.146,0,348,85,-,92,58,0,0,0,0,9501,1665,95,0,17412,32739,-,-,-,0,191,90
1787765752.221,0,345,84,-,79,62,0,0,0,0,9501,1740,55,0,17412,32739,-,-,-,0,175,65
1787765753.295,0,347,85,-,87,57,0,0,0,0,9501,1620,62,0,17412,32739,-,-,-,0,75,28
1787765754.372,0,345,84,-,84,56,0,0,0,0,9501,1680,100,0,17412,32739,-,-,-,0,174,36
1787765755.445,0,347,84,-,94,61,0,0,0,0,9501,1605,99,0,17412,32739,-,-,-,0,108,296
1787765756.519,0,295,83,-,69,24,0,0,0,0,9501,1845,69,0,17412,32739,-,-,-,0,72,12
1787765757.595,0,334,84,-,51,13,0,0,0,0,9501,1755,91,0,17412,32739,-,-,-,0,80,45
1787765758.671,0,331,84,-,87,63,0,0,0,0,9501,1725,72,0,17412,32739,-,-,-,0,222,325
1787765759.746,0,344,84,-,80,60,0,0,0,0,9501,1695,81,0,17412,32739,-,-,-,0,200,125
1787765760.819,0,340,84,-,83,58,0,0,0,0,9501,1665,80,0,17412,32739,-,-,-,0,69,21
1787765761.893,0,341,85,-,100,27,0,0,0,0,9501,1620,100,0,17412,32739,-,-,-,0,42,653
1787765762.956,0,345,84,-,91,23,0,0,0,0,9501,1635,96,0,17412,32739,-,-,-,0,45,23
1787765764.031,0,344,85,-,99,26,0,0,0,0,9501,1635,91,0,17412,32739,-,-,-,0,62,18
1787765765.103,0,336,85,-,87,58,0,0,0,0,9501,1695,85,0,17412,32739,-,-,-,0,160,129
1787765766.179,0,346,84,-,86,59,0,0,0,0,9501,1725,74,0,17412,32739,-,-,-,0,179,149
1787765767.257,0,349,85,-,89,60,0,0,0,0,9501,1620,79,0,17412,32739,-,-,-,0,102,108
1787765768.328,0,346,84,-,92,61,0,0,0,0,9501,1605,71,0,17412,32739,-,-,-,0,76,304
1787765769.401,0,347,84,-,93,62,0,0,0,0,9501,1605,100,0,17412,32739,-,-,-,0,75,310
1787765770.477,0,348,84,-,92,61,0,0,0,0,9501,1620,99,0,17412,32739,-,-,-,0,67,44
1787765771.490,#,gpu,pwr,gtemp,mtemp,sm,mem,enc,dec,jpg,ofa,mclk,pclk,pviol,tviol,fb,bar1,ccpm,sbecc,dbecc,pci,rxpci,txpci
1787765771.490,#,Idx,W,C,C,%,%,%,%,%,%,MHz,MHz,%,bool,MB,MB,MB,errs,errs,errs,MB/s,MB/s
1787765771.551,0,346,84,-,92,62,0,0,0,0,9501,1605,99,0,17412,32739,-,-,-,0,97,28
1787765772.627,0,348,84,-,93,62,0,0,0,0,9501,1605,95,0,17412,32739,-,-,-,0,200,50
1787765773.701,0,348,84,-,94,63,0,0,0,0,9501,1590,93,0,17412,32739,-,-,-,0,80,23
1787765774.777,0,346,84,-,85,55,0,0,0,0,9501,1710,99,0,17412,32739,-,-,-,0,79,40
1787765775.847,0,348,84,-,93,62,0,0,0,0,9501,1575,99,0,17412,32739,-,-,-,0,9105,84
1787765776.923,0,325,85,-,100,33,0,0,0,0,9501,1590,100,0,17412,32739,-,-,-,0,6,8256
1787765777.998,0,328,84,-,81,63,0,0,0,0,9501,1680,79,0,17412,32739,-,-,-,0,94,302
1787765779.062,0,346,84,-,83,62,0,0,0,0,9501,1740,81,0,17412,32739,-,-,-,0,202,121
1787765780.133,0,347,84,-,76,56,0,0,0,0,9501,1755,44,0,17412,32739,-,-,-,0,91,96
1787765781.207,0,343,84,-,80,56,0,0,0,0,9501,1665,64,0,17412,32739,-,-,-,0,145,56
1787765782.284,0,343,84,-,85,63,0,0,0,0,9501,1710,76,0,17412,32739,-,-,-,0,172,303
1787765783.355,0,344,84,-,78,52,0,0,0,0,9501,1665,64,0,17412,32739,-,-,-,0,80,0
1787765784.430,0,306,85,-,100,27,0,0,0,0,9501,1620,91,0,17412,32739,-,-,-,0,59,18
1787765785.504,0,345,84,-,92,23,0,0,0,0,9501,1635,95,0,17412,32739,-,-,-,0,48,30
1787765786.578,0,349,85,-,100,27,0,0,0,0,9501,1605,99,0,17412,32739,-,-,-,0,34,16
1787765787.652,0,348,86,-,99,27,0,0,0,0,9501,1620,95,0,17412,32739,-,-,-,0,965,35
1787765788.730,0,337,85,-,74,28,0,0,0,0,9501,1755,94,0,17412,32739,-,-,-,0,39,735
1787765789.805,0,329,84,-,86,56,0,0,0,0,9501,1590,82,0,17412,32739,-,-,-,0,183,112
1787765790.879,0,342,84,-,88,61,0,0,0,0,9501,1710,85,0,17412,32739,-,-,-,0,149,318
1787765791.955,0,342,84,-,92,60,0,0,0,0,9501,1650,73,0,17412,32739,-,-,-,0,104,134
1787765793.019,0,348,84,-,94,62,0,0,0,0,9501,1620,99,0,17412,32739,-,-,-,0,48,300
1787765794.083,0,349,84,-,93,62,0,0,0,0,9501,1620,99,0,17412,32739,-,-,-,0,120,303
1787765795.156,0,348,84,-,94,61,0,0,0,0,9501,1620,99,0,17412,32739,-,-,-,0,59,51
1787765796.230,0,348,84,-,92,61,0,0,0,0,9501,1605,99,0,17412,32739,-,-,-,0,190,167
1787765797.306,0,348,84,-,92,60,0,0,0,0,9501,1605,93,0,17412,32739,-,-,-,0,53,304
1787765798.371,0,348,84,-,94,61,0,0,0,0,9501,1605,100,0,17412,32739,-,-,-,0,103,23
1787765799.436,0,348,84,-,93,61,0,0,0,0,9501,1605,99,0,17412,32739,-,-,-,0,79,317
1787765800.511,0,280,83,-,87,58,0,0,0,0,9501,1710,56,0,17412,32739,-,-,-,0,116,55
1787765801.589,0,343,84,-,83,60,0,0,0,0,9501,1695,79,0,17412,32739,-,-,-,0,172,216
1787765802.652,0,342,83,-,84,58,0,0,0,0,9501,1740,52,0,17412,32739,-,-,-,0,137,312
1787765803.724,0,340,84,-,82,57,0,0,0,0,9501,1650,79,0,17412,32739,-,-,-,0,238,334
1787765804.800,0,342,84,-,88,62,0,0,0,0,9501,1680,79,0,17412,32739,-,-,-,0,182,55
1787765805.864,0,345,84,-,83,58,0,0,0,0,9501,1725,64,0,17412,32739,-,-,-,0,194,114
1787765806.939,0,304,84,-,99,25,0,0,0,0,9501,1650,89,0,17412,32739,-,-,-,0,47,15
1787765808.017,0,349,85,-,100,27,0,0,0,0,9501,1620,99,0,17412,32739,-,-,-,0,38,16
1787765809.080,0,348,85,-,99,25,0,0,0,0,9501,1605,91,0,17412,32739,-,-,-,0,39,25
1787765810.142,0,347,85,-,100,26,0,0,0,0,9501,1635,93,0,17412,32739,-,-,-,0,42,16
1787765811.217,0,348,85,-,100,27,0,0,0,0,9501,1650,99,0,17412,32739,-,-,-,0,39,723
1787765812.293,0,349,86,-,100,32,0,0,0,0,9501,1590,95,0,17412,32739,-,-,-,0,41,10
1787765813.364,0,333,84,-,91,22,0,0,0,0,9501,1650,83,0,17412,32739,-,-,-,0,201,221
1787765814.440,0,346,84,-,81,61,0,0,0,0,9501,1680,100,0,17412,32739,-,-,-,0,90,29
1787765815.514,0,341,84,-,82,57,0,0,0,0,9501,1635,80,0,17412,32739,-,-,-,0,210,168
1787765816.588,0,344,84,-,85,64,0,0,0,0,9501,1740,63,0,17412,32739,-,-,-,0,214,161
1787765817.660,0,343,84,-,86,60,0,0,0,0,9501,1740,66,0,17412,32739,-,-,-,0,139,157
1787765818.669,#,gpu,pwr,gtemp,mtemp,sm,mem,enc,dec,jpg,ofa,mclk,pclk,pviol,tviol,fb,bar1,ccpm,sbecc,dbecc,pci,rxpci,txpci
1787765818.669,#,Idx,W,C,C,%,%,%,%,%,%,MHz,MHz,%,bool,MB,MB,MB,errs,errs,errs,MB/s,MB/s
1787765818.731,0,342,84,-,93,69,0,0,0,0,9501,1695,67,0,17412,32739,-,-,-,0,225,91
1787765819.803,0,340,84,-,86,60,0,0,0,0,9501,1710,61,0,17412,32739,-,-,-,0,177,166
1787765820.875,0,341,84,-,87,60,0,0,0,0,9501,1680,100,0,17412,32739,-,-,-,0,192,53
1787765821.947,0,344,84,-,88,62,0,0,0,0,9501,1695,68,0,17412,32739,-,-,-,0,172,58
1787765823.025,0,345,84,-,93,62,0,0,0,0,9501,1620,89,0,17412,32739,-,-,-,0,81,300
1787765824.097,0,347,84,-,92,61,0,0,0,0,9501,1620,99,0,17412,32739,-,-,-,0,114,307
1787765825.173,0,348,84,-,93,62,0,0,0,0,9501,1605,99,0,17412,32739,-,-,-,0,70,24
1787765826.241,0,348,84,-,92,62,0,0,0,0,9501,1605,99,0,17412,32739,-,-,-,0,90,304
1787765827.317,0,347,84,-,92,62,0,0,0,0,9501,1590,99,0,17412,32739,-,-,-,0,118,295
1787765828.379,0,347,84,-,93,62,0,0,0,0,9501,1575,100,0,17412,32739,-,-,-,0,82,304
1787765829.454,0,347,84,-,92,62,0,0,0,0,9501,1605,99,0,17412,32739,-,-,-,0,108,318
1787765830.528,0,325,83,-,86,56,0,0,0,0,9501,1515,99,0,17412,32739,-,-,-,0,0,0
1787765831.594,0,261,82,-,84,63,0,0,0,0,9501,1635,51,0,17412,32739,-,-,-,0,210,269
1787765832.666,0,323,83,-,89,65,0,0,0,0,9501,1680,93,0,17412,32739,-,-,-,0,130,94
1787765833.733,0,324,83,-,88,58,0,0,0,0,9501,1695,54,0,17412,32739,-,-,-,0,163,70
1787765834.810,0,322,83,-,81,55,0,0,0,0,9501,1650,75,0,17412,32739,-,-,-,0,185,166
1787765835.885,0,325,83,-,86,55,0,0,0,0,9501,1725,100,0,17412,32739,-,-,-,0,188,113
1787765836.962,0,322,82,-,81,55,0,0,0,0,9501,1560,81,0,17412,32739,-,-,-,0,5,8639
1787765838.032,0,281,83,-,100,27,0,0,0,0,9501,1575,68,0,17412,32739,-,-,-,0,30,19
1787765839.106,0,338,85,-,74,18,0,0,0,0,9501,1650,93,0,17412,32739,-,-,-,0,37,19
1787765840.180,0,346,85,-,100,27,0,0,0,0,9501,1620,99,0,17412,32739,-,-,-,0,42,26
1787765841.254,0,349,85,-,100,26,0,0,0,0,9501,1650,95,0,17412,32739,-,-,-,0,41,18
1787765842.326,0,348,85,-,100,24,0,0,0,0,9501,1620,99,0,17412,32739,-,-,-,0,40,14
1787765843.389,0,348,85,-,100,27,0,0,0,0,9501,1635,100,0,17412,32739,-,-,-,0,37,16
1787765844.465,0,340,85,-,100,24,0,0,0,0,9501,1635,84,0,17412,32739,-,-,-,0,46,12
1787765845.540,0,341,85,-,100,26,0,0,0,0,9501,1635,94,0,17412,32739,-,-,-,0,43,18
1787765846.617,0,348,85,-,99,24,0,0,0,0,9501,1650,99,0,17412,32739,-,-,-,0,37,12
1787765847.691,0,348,85,-,100,23,0,0,0,0,9501,1635,91,0,17412,32739,-,-,-,0,41,12
1787765848.766,0,349,86,-,100,25,0,0,0,0,9501,1620,99,0,17412,32739,-,-,-,0,41,71
1787765849.840,0,348,86,-,100,25,0,0,0,0,9501,1635,98,0,17412,32739,-,-,-,0,37,13
1787765850.917,0,348,86,-,100,25,0,0,0,0,9501,1635,100,0,17412,32739,-,-,-,0,48,31
1787765851.989,0,348,86,-,100,25,0,0,0,0,9501,1650,99,0,17412,32739,-,-,-,0,2135,471
1787765853.065,0,326,84,-,89,62,0,0,0,0,9501,1620,81,0,17412,32739,-,-,-,0,192,30
1787765854.132,0,340,84,-,87,62,0,0,0,0,9501,1710,81,0,17412,32739,-,-,-,0,172,62
1787765855.202,0,341,84,-,82,57,0,0,0,0,9501,1635,78,0,17412,32739,-,-,-,0,161,268
1787765856.266,0,341,84,-,86,69,0,0,0,0,9501,1710,80,0,17412,32739,-,-,-,0,174,58
1787765857.343,0,344,84,-,89,72,0,0,0,0,9501,1680,94,0,17412,32739,-,-,-,0,178,276
1787765858.415,0,343,84,-,80,61,0,0,0,0,9501,1695,100,0,17412,32739,-,-,-,0,132,309
1787765859.476,0,348,84,-,94,65,0,0,0,0,9501,1650,98,0,17412,32739,-,-,-,0,100,322
1787765860.554,0,346,84,-,84,55,0,0,0,0,9501,1635,99,0,17412,32739,-,-,-,0,51,306
1787765861.627,0,346,84,-,94,65,0,0,0,0,9501,1620,99,0,17412,32739,-,-,-,0,92,307
1787765862.695,0,347,84,-,93,61,0,0,0,0,9501,1620,99,0,17412,32739,-,-,-,0,83,40
1787765863.768,0,345,84,-,83,62,0,0,0,0,9501,1695,99,0,17412,32739,-,-,-,0,172,35
1787765864.844,0,343,84,-,85,65,0,0,0,0,9501,1650,88,0,17412,32739,-,-,-,0,197,26
1787765865.859,#,gpu,pwr,gtemp,mtemp,sm,mem,enc,dec,jpg,ofa,mclk,pclk,pviol,tviol,fb,bar1,ccpm,sbecc,dbecc,pci,rxpci,txpci
1787765865.859,#,Idx,W,C,C,%,%,%,%,%,%,MHz,MHz,%,bool,MB,MB,MB,errs,errs,errs,MB/s,MB/s
1787765865.921,0,343,84,-,87,59,0,0,0,0,9501,1725,100,0,17412,32739,-,-,-,0,131,297
1787765866.996,0,348,84,-,94,64,0,0,0,0,9501,1650,97,0,17412,32739,-,-,-,0,43,310
1787765868.060,0,346,84,-,90,62,0,0,0,0,9501,1695,97,0,17412,32739,-,-,-,0,85,304
1787765869.133,0,347,84,-,92,64,0,0,0,0,9501,1620,97,0,17412,32739,-,-,-,0,89,33
1787765870.208,0,347,84,-,93,62,0,0,0,0,9501,1605,99,0,17412,32739,-,-,-,0,161,295
1787765871.282,0,347,84,-,94,62,0,0,0,0,9501,1605,99,0,17412,32739,-,-,-,0,48,312
1787765872.354,0,344,84,-,93,65,0,0,0,0,9501,1575,99,0,17412,32739,-,-,-,0,92,59
1787765873.429,0,321,83,-,89,57,0,0,0,0,9501,1560,100,0,17412,32739,-,-,-,0,51,305
1787765874.502,0,320,83,-,87,61,0,0,0,0,9501,1620,99,0,17412,32739,-,-,-,0,83,330
1787765875.570,0,322,83,-,92,62,0,0,0,0,9501,1590,99,0,17412,32739,-,-,-,0,130,22
1787765876.644,0,322,83,-,94,63,0,0,0,0,9501,1545,99,0,17412,32739,-,-,-,0,76,30
1787765877.719,0,320,83,-,93,62,0,0,0,0,9501,1560,99,0,17412,32739,-,-,-,0,76,31
1787765878.797,0,296,79,-,0,0,0,0,0,0,9501,1905,85,0,17412,32739,-,-,-,0,6,181
1787765879.875,0,321,83,-,87,65,0,0,0,0,9501,1695,76,0,17412,32739,-,-,-,0,269,110
1787765880.950,0,341,84,-,85,60,0,0,0,0,9501,1695,43,0,17412,32739,-,-,-,0,205,160
1787765882.026,0,340,83,-,87,57,0,0,0,0,9501,1695,64,0,17412,32739,-,-,-,0,139,104
1787765883.099,0,343,84,-,87,58,0,0,0,0,9501,1755,75,0,17412,32739,-,-,-,0,102,120
1787765884.174,0,345,84,-,82,56,0,0,0,0,9501,1650,49,0,17412,32739,-,-,-,0,120,306
1787765885.248,0,344,82,-,84,53,0,0,0,0,9501,1830,57,0,17412,32739,-,-,-,0,33,12
1787765886.319,0,290,85,-,100,25,0,0,0,0,9501,1635,59,0,17412,32739,-,-,-,0,44,34
1787765887.396,0,349,85,-,100,26,0,0,0,0,9501,1635,100,0,17412,32739,-,-,-,0,46,15
1787765888.466,0,349,85,-,99,25,0,0,0,0,9501,1650,99,0,17412,32739,-,-,-,0,37,13
1787765889.541,0,349,85,-,100,24,0,0,0,0,9501,1650,93,0,17412,32739,-,-,-,0,42,17
1787765890.616,0,348,85,-,100,25,0,0,0,0,9501,1635,99,0,17412,32739,-,-,-,0,54,23
1787765891.689,0,347,85,-,100,25,0,0,0,0,9501,1635,92,0,17412,32739,-,-,-,0,38,30
1787765892.762,0,349,85,-,100,25,0,0,0,0,9501,1620,99,0,17412,32739,-,-,-,0,37,14
1787765893.836,0,347,85,-,100,26,0,0,0,0,9501,1590,94,0,17412,32739,-,-,-,0,1550,15
1787765894.911,0,336,85,-,100,25,0,0,0,0,9501,1635,100,0,17412,32739,-,-,-,0,197,764
1787765895.983,0,347,85,-,100,25,0,0,0,0,9501,1635,99,0,17412,32739,-,-,-,0,60,24
1787765897.057,0,338,85,-,99,24,0,0,0,0,9501,1635,87,0,17412,32739,-,-,-,0,58,12
1787765898.130,0,348,85,-,99,23,0,0,0,0,9501,1650,99,0,17412,32739,-,-,-,0,38,10
1787765899.206,0,336,85,-,100,25,0,0,0,0,9501,1635,87,0,17412,32739,-,-,-,0,164,59
1787765900.283,0,336,84,-,86,59,0,0,0,0,9501,1710,72,0,17412,32739,-,-,-,0,157,135
1787765901.355,0,346,84,-,81,64,0,0,0,0,9501,1695,79,0,17412,32739,-,-,-,0,112,261
1787765902.427,0,346,84,-,87,64,0,0,0,0,9501,1665,100,0,17412,32739,-,-,-,0,75,95
1787765903.499,0,343,84,-,84,63,0,0,0,0,9501,1635,76,0,17412,32739,-,-,-,0,128,57
1787765904.571,0,344,84,-,86,66,0,0,0,0,9501,1695,67,0,17412,32739,-,-,-,0,132,165
1787765905.645,0,344,84,-,91,64,0,0,0,0,9501,1650,84,0,17412,32739,-,-,-,0,183,271
1787765906.721,0,345,84,-,85,59,0,0,0,0,9501,1710,82,0,17412,32739,-,-,-,0,195,69
1787765907.792,0,344,84,-,85,62,0,0,0,0,9501,1635,82,0,17412,32739,-,-,-,0,189,52
1787765908.856,0,343,84,-,86,62,0,0,0,0,9501,1725,84,0,17412,32739,-,-,-,0,178,230
1787765909.926,0,345,84,-,85,62,0,0,0,0,9501,1695,100,0,17412,32739,-,-,-,0,140,170
1787765911.001,0,347,84,-,94,66,0,0,0,0,9501,1605,88,0,17412,32739,-,-,-,0,141,21
1787765912.074,0,348,84,-,93,66,0,0,0,0,9501,1590,99,0,17412,32739,-,-,-,0,104,303
1787765913.089,#,gpu,pwr,gtemp,mtemp,sm,mem,enc,dec,jpg,ofa,mclk,pclk,pviol,tviol,fb,bar1,ccpm,sbecc,dbecc,pci,rxpci,txpci
1787765913.089,#,Idx,W,C,C,%,%,%,%,%,%,MHz,MHz,%,bool,MB,MB,MB,errs,errs,errs,MB/s,MB/s
1787765913.151,0,348,84,-,93,66,0,0,0,0,9501,1605,99,0,17412,32739,-,-,-,0,50,314
1787765914.226,0,348,84,-,93,66,0,0,0,0,9501,1620,99,0,17412,32739,-,-,-,0,131,24
1787765915.298,0,335,83,-,95,62,0,0,0,0,9501,1575,99,0,17412,32739,-,-,-,0,199,54
1787765916.362,0,316,83,-,82,56,0,0,0,0,9501,1575,99,0,17412,32739,-,-,-,0,133,20
1787765917.438,0,322,83,-,91,64,0,0,0,0,9501,1500,100,0,17412,32739,-,-,-,0,105,28
1787765918.510,0,323,83,-,93,66,0,0,0,0,9501,1590,99,0,17412,32739,-,-,-,0,56,302
1787765919.583,0,321,83,-,88,61,0,0,0,0,9501,1575,99,0,17412,32739,-,-,-,0,127,303
1787765920.656,0,322,83,-,93,64,0,0,0,0,9501,1515,99,0,17412,32739,-,-,-,0,133,23
1787765921.734,0,322,83,-,88,59,0,0,0,0,9501,1575,99,0,17412,32739,-,-,-,0,43,327
1787765922.810,0,323,83,-,93,64,0,0,0,0,9501,1545,99,0,17412,32739,-,-,-,0,109,307
1787765923.886,0,323,83,-,94,63,0,0,0,0,9501,1545,100,0,17412,32739,-,-,-,0,137,302
1787765924.962,0,322,83,-,94,66,0,0,0,0,9501,1560,99,0,17412,32739,-,-,-,0,260,32
1787765926.026,0,324,83,-,92,64,0,0,0,0,9501,1545,99,0,17412,32739,-,-,-,0,86,303
1787765927.100,0,323,82,-,90,59,0,0,0,0,9501,1560,99,0,17412,32739,-,-,-,0,139,31
1787765928.167,0,322,83,-,92,65,0,0,0,0,9501,1560,99,0,17412,32739,-,-,-,0,49,43
1787765929.241,0,323,82,-,92,64,0,0,0,0,9501,1545,99,0,17412,32739,-,-,-,0,99,302
1787765930.315,0,315,80,-,47,32,0,0,0,0,9501,1905,97,0,17412,32739,-,-,-,0,9,7006
1787765931.392,0,288,83,-,86,56,0,0,0,0,9501,1725,60,0,17412,32739,-,-,-,0,91,88
1787765932.457,0,343,83,-,82,63,0,0,0,0,9501,1755,48,0,17412,32739,-,-,-,0,192,110
1787765933.531,0,338,83,-,78,57,0,0,0,0,9501,1635,61,0,17412,32739,-,-,-,0,191,107
1787765934.608,0,341,83,-,87,57,0,0,0,0,9501,1680,76,0,17412,32739,-,-,-,0,181,50
1787765935.683,0,344,83,-,87,60,0,0,0,0,9501,1725,51,0,17412,32739,-,-,-,0,138,165
1787765936.756,0,346,83,-,86,55,0,0,0,0,9501,1740,62,0,17412,32739,-,-,-,0,13805,151
1787765937.834,0,280,84,-,100,25,0,0,0,0,9501,1650,43,0,17412,32739,-,-,-,0,33,772
1787765938.909,0,347,84,-,100,25,0,0,0,0,9501,1785,100,0,17412,32739,-,-,-,0,38,33
1787765939.985,0,345,84,-,100,25,0,0,0,0,9501,1635,97,0,17412,32739,-,-,-,0,39,22
1787765941.063,0,347,84,-,100,25,0,0,0,0,9501,1770,97,0,17412,32739,-,-,-,0,45,25
1787765942.137,0,345,84,-,100,25,0,0,0,0,9501,1620,96,0,17412,32739,-,-,-,0,37,13
1787765943.214,0,346,85,-,100,25,0,0,0,0,9501,1605,99,0,17412,32739,-,-,-,0,52,41
1787765944.286,0,337,85,-,100,26,0,0,0,0,9501,1650,84,0,17412,32739,-,-,-,0,53,15
1787765945.360,0,348,85,-,100,26,0,0,0,0,9501,1620,99,0,17412,32739,-,-,-,0,43,16
1787765946.434,0,333,83,-,92,24,0,0,0,0,9501,1875,100,0,17412,32739,-,-,-,0,187,56
1787765947.510,0,337,84,-,87,61,0,0,0,0,9501,1740,69,0,17412,32739,-,-,-,0,192,156
1787765948.586,0,346,84,-,84,64,0,0,0,0,9501,1725,76,0,17412,32739,-,-,-,0,187,162
1787765949.658,0,345,83,-,83,66,0,0,0,0,9501,1710,58,0,17412,32739,-,-,-,0,181,173
1787765950.728,0,346,84,-,86,63,0,0,0,0,9501,1680,74,0,17412,32739,-,-,-,0,160,57
1787765951.802,0,346,84,-,86,61,0,0,0,0,9501,1695,79,0,17412,32739,-,-,-,0,189,85
1787765952.877,0,347,84,-,96,66,0,0,0,0,9501,1635,100,0,17412,32739,-,-,-,0,137,29
1787765953.951,0,348,84,-,92,66,0,0,0,0,9501,1635,99,0,17412,32739,-,-,-,0,101,77
1787765955.023,0,348,84,-,92,65,0,0,0,0,9501,1620,99,0,17412,32739,-,-,-,0,184,324
1787765956.097,0,347,84,-,93,66,0,0,0,0,9501,1620,99,0,17412,32739,-,-,-,0,145,25
1787765957.162,0,348,84,-,93,66,0,0,0,0,9501,1635,99,0,17412,32739,-,-,-,0,168,51
1787765958.235,0,347,84,-,93,68,0,0,0,0,9501,1575,87,0,17412,32739,-,-,-,0,145,23
1787765959.307,0,346,83,-,84,66,0,0,0,0,9501,1710,96,0,17412,32739,-,-,-,0,119,305
1787765960.318,#,gpu,pwr,gtemp,mtemp,sm,mem,enc,dec,jpg,ofa,mclk,pclk,pviol,tviol,fb,bar1,ccpm,sbecc,dbecc,pci,rxpci,txpci
1787765960.357,#,Idx,W,C,C,%,%,%,%,%,%,MHz,MHz,%,bool,MB,MB,MB,errs,errs,errs,MB/s,MB/s
1787765960.381,0,349,84,-,92,67,0,0,0,0,9501,1620,100,0,17412,32739,-,-,-,0,152,295
1787765961.445,0,345,84,-,88,61,0,0,0,0,9501,1710,99,0,17412,32739,-,-,-,0,101,303
1787765962.519,0,348,84,-,92,67,0,0,0,0,9501,1620,99,0,17412,32739,-,-,-,0,101,337
1787765963.597,0,349,84,-,93,68,0,0,0,0,9501,1620,99,0,17412,32739,-,-,-,0,114,312
1787765964.658,0,335,83,-,94,67,0,0,0,0,9501,1575,99,0,17412,32739,-,-,-,0,101,312
1787765965.729,0,328,83,-,95,65,0,0,0,0,9501,1560,99,0,17412,32739,-,-,-,0,79,31
1787765966.806,0,326,83,-,94,67,0,0,0,0,9501,1560,99,0,17412,32739,-,-,-,0,186,301
1787765967.877,0,325,83,-,93,66,0,0,0,0,9501,1560,100,0,17412,32739,-,-,-,0,56,340
1787765968.952,0,325,83,-,92,66,0,0,0,0,9501,1545,99,0,17412,32739,-,-,-,0,161,21
1787765970.026,0,325,83,-,93,67,0,0,0,0,9501,1545,99,0,17412,32739,-,-,-,0,279,305
1787765971.103,0,325,83,-,93,66,0,0,0,0,9501,1545,99,0,17412,32739,-,-,-,0,52,309
1787765972.178,0,270,78,-,1,0,0,0,0,0,9501,1695,83,0,17412,32739,-,-,-,0,0,0
1787765973.251,0,198,81,-,88,58,0,0,0,0,9501,1710,24,0,17412,32739,-,-,-,0,108,110
1787765974.327,0,343,83,-,83,63,0,0,0,0,9501,1785,76,0,17412,32739,-,-,-,0,166,324
1787765975.400,0,344,83,-,87,65,0,0,0,0,9501,1710,68,0,17412,32739,-,-,-,0,195,221
1787765976.476,0,345,83,-,88,56,0,0,0,0,9501,1650,65,0,17412,32739,-,-,-,0,195,51
1787765977.552,0,346,83,-,86,58,0,0,0,0,9501,1695,55,0,17412,32739,-,-,-,0,191,58
1787765978.623,0,344,83,-,79,60,0,0,0,0,9501,1800,71,0,17412,32739,-,-,-,0,4,9283
1787765979.700,0,275,83,-,100,25,0,0,0,0,9501,1650,36,0,17412,32739,-,-,-,0,63,12
1787765980.774,0,347,84,-,99,24,0,0,0,0,9501,1620,100,0,17412,32739,-,-,-,0,37,570
1787765981.846,0,345,85,-,100,25,0,0,0,0,9501,1650,94,0,17412,32739,-,-,-,0,1944,19
1787765982.919,0,343,85,-,80,19,0,0,0,0,9501,1755,100,0,17412,32739,-,-,-,0,54,14
1787765983.995,0,345,84,-,100,25,0,0,0,0,9501,1635,94,0,17412,32739,-,-,-,0,38,10
1787765985.067,0,347,85,-,94,24,0,0,0,0,9501,1620,99,0,17412,32739,-,-,-,0,148,26
1787765986.129,0,346,85,-,100,26,0,0,0,0,9501,1620,93,0,17412,32739,-,-,-,0,41,17
1787765987.203,0,346,85,-,100,26,0,0,0,0,9501,1620,99,0,17412,32739,-,-,-,0,47,24
1787765988.278,0,347,85,-,100,26,0,0,0,0,9501,1575,97,0,17412,32739,-,-,-,0,2439,22
1787765989.353,0,333,85,-,99,24,0,0,0,0,9501,1650,83,0,17412,32739,-,-,-,0,54,44
1787765990.428,0,334,81,-,74,16,0,0,0,0,9501,1650,100,0,17412,32739,-,-,-,0,48,24
1787765991.504,0,344,85,-,99,24,0,0,0,0,9501,1665,99,0,17412,32739,-,-,-,0,35,15
1787765992.576,0,347,85,-,100,27,0,0,0,0,9501,1635,99,0,17412,32739,-,-,-,0,67,26
1787765993.652,0,324,84,-,40,8,0,0,0,0,9501,1815,77,0,17412,32739,-,-,-,0,189,161
1787765994.725,0,337,84,-,93,68,0,0,0,0,9501,1605,64,0,17412,32739,-,-,-,0,111,312
1787765995.802,0,276,79,-,0,0,0,0,0,0,9501,1920,59,0,17412,32739,-,-,-,0,0,1
1787765996.865,0,197,81,-,100,35,0,0,0,0,9501,1635,10,0,17412,32739,-,-,-,0,55,23
1787765997.934,0,339,83,-,94,80,0,0,0,0,9501,1620,100,0,17412,32739,-,-,-,0,167,167
1787765999.007,0,345,84,-,84,58,0,0,0,0,9501,1725,71,0,17412,32739,-,-,-,0,166,296
1787766000.084,0,346,83,-,87,55,0,0,0,0,9501,1650,90,0,17412,32739,-,-,-,0,51,311
1787766001.161,0,347,83,-,86,56,0,0,0,0,9501,1710,93,0,17412,32739,-,-,-,0,179,317
1787766002.233,0,347,83,-,87,56,0,0,0,0,9501,1710,99,0,17412,32739,-,-,-,0,49,322
1787766003.305,0,346,83,-,89,59,0,0,0,0,9501,1665,99,0,17412,32739,-,-,-,0,101,304
1787766004.382,0,347,84,-,93,60,0,0,0,0,9501,1575,100,0,17412,32739,-,-,-,0,101,305
1787766005.459,0,331,81,-,1,1,0,0,0,0,9501,1755,93,0,17412,32739,-,-,-,0,0,0
1787766006.535,0,165,77,-,0,0,0,0,0,0,9501,1920,0,0,17412,32739,-,-,-,0,8351,87
1787766007.549,#,gpu,pwr,gtemp,mtemp,sm,mem,enc,dec,jpg,ofa,mclk,pclk,pviol,tviol,fb,bar1,ccpm,sbecc,dbecc,pci,rxpci,txpci
1787766007.549,#,Idx,W,C,C,%,%,%,%,%,%,MHz,MHz,%,bool,MB,MB,MB,errs,errs,errs,MB/s,MB/s
1787766007.613,0,302,84,-,99,26,0,0,0,0,9501,1650,74,0,17412,32739,-,-,-,0,41,17
1787766008.679,0,335,84,-,99,26,0,0,0,0,9501,1620,90,0,17412,32739,-,-,-,0,1260,9133
1787766009.743,0,335,83,-,82,60,0,0,0,0,9501,1620,82,0,17412,32739,-,-,-,0,199,56
1787766010.815,0,338,83,-,83,61,0,0,0,0,9501,1740,71,0,17412,32739,-,-,-,0,80,98
1787766011.880,0,341,83,-,87,58,0,0,0,0,9501,1635,88,0,17412,32739,-,-,-,0,64,311
1787766012.954,0,348,83,-,87,57,0,0,0,0,9501,1635,89,0,17412,32739,-,-,-,0,76,307
1787766014.019,0,345,84,-,89,59,0,0,0,0,9501,1695,92,0,17412,32739,-,-,-,0,99,30
1787766015.094,0,342,83,-,81,61,0,0,0,0,9501,1740,79,0,17412,32739,-,-,-,0,141,222
1787766016.169,0,346,83,-,88,62,0,0,0,0,9501,1680,70,0,17412,32739,-,-,-,0,272,176
1787766017.245,0,347,83,-,84,55,0,0,0,0,9501,1680,74,0,17412,32739,-,-,-,0,124,106
1787766018.308,0,346,83,-,85,58,0,0,0,0,9501,1725,62,0,17412,32739,-,-,-,0,149,163
1787766019.381,0,344,84,-,92,62,0,0,0,0,9501,1650,81,0,17412,32739,-,-,-,0,168,64
1787766020.454,0,346,84,-,94,63,0,0,0,0,9501,1620,100,0,17412,32739,-,-,-,0,180,304
1787766021.519,0,345,84,-,81,54,0,0,0,0,9501,1635,85,0,17412,32739,-,-,-,0,216,148
1787766022.594,0,344,83,-,84,59,0,0,0,0,9501,1740,67,0,17412,32739,-,-,-,0,182,323
1787766023.668,0,347,83,-,86,57,0,0,0,0,9501,1590,72,0,17412,32739,-,-,-,0,75,67
1787766024.745,0,345,84,-,87,58,0,0,0,0,9501,1695,83,0,17412,32739,-,-,-,0,155,70
1787766025.815,0,346,83,-,81,59,0,0,0,0,9501,1695,46,0,17412,32739,-,-,-,0,189,221
1787766026.883,0,346,84,-,95,63,0,0,0,0,9501,1575,96,0,17412,32739,-,-,-,0,170,50
1787766027.959,0,346,84,-,87,58,0,0,0,0,9501,1620,79,0,17412,32739,-,-,-,0,104,303
1787766029.034,0,342,83,-,78,59,0,0,0,0,9501,1680,82,0,17412,32739,-,-,-,0,189,220
1787766030.106,0,342,83,-,87,55,0,0,0,0,9501,1620,79,0,17412,32739,-,-,-,0,191,106
1787766031.170,0,345,84,-,87,58,0,0,0,0,9501,1620,69,0,17412,32739,-,-,-,0,168,76
1787766032.240,0,344,84,-,94,63,0,0,0,0,9501,1605,97,0,17412,32739,-,-,-,0,165,58
1787766033.317,0,344,84,-,83,56,0,0,0,0,9501,1725,78,0,17412,32739,-,-,-,0,208,125
1787766034.381,0,345,83,-,87,56,0,0,0,0,9501,1680,84,0,17412,32739,-,-,-,0,182,319
1787766035.455,0,341,83,-,85,61,0,0,0,0,9501,1755,99,0,17412,32739,-,-,-,0,127,111
1787766036.529,0,344,84,-,92,59,0,0,0,0,9501,1650,78,0,17412,32739,-,-,-,0,144,118
1787766037.605,0,344,84,-,87,59,0,0,0,0,9501,1695,69,0,17412,32739,-,-,-,0,183,222
1787766038.679,0,345,84,-,87,60,0,0,0,0,9501,1725,78,0,17412,32739,-,-,-,0,172,279
1787766039.750,0,344,84,-,83,55,0,0,0,0,9501,1710,66,0,17412,32739,-,-,-,0,199,103
1787766040.822,0,344,83,-,85,71,0,0,0,0,9501,1650,72,0,17412,32739,-,-,-,0,197,165
1787766041.898,0,342,84,-,86,58,0,0,0,0,9501,1725,100,0,17412,32739,-,-,-,0,79,313
1787766042.966,0,342,83,-,87,64,0,0,0,0,9501,1740,65,0,17412,32739,-,-,-,0,208,54
1787766044.042,0,346,84,-,84,55,0,0,0,0,9501,1605,80,0,17412,32739,-,-,-,0,89,300
1787766045.113,0,346,83,-,84,69,0,0,0,0,9501,1650,88,0,17412,32739,-,-,-,0,193,107
1787766046.187,0,341,84,-,85,57,0,0,0,0,9501,1665,77,0,17412,32739,-,-,-,0,184,350
1787766047.258,0,344,84,-,88,56,0,0,0,0,9501,1620,94,0,17412,32739,-,-,-,0,123,322
1787766048.331,0,346,84,-,84,57,0,0,0,0,9501,1650,93,0,17412,32739,-,-,-,0,108,327
1787766049.410,0,346,84,-,89,60,0,0,0,0,9501,1710,100,0,17412,32739,-,-,-,0,83,305
1787766050.483,0,345,84,-,88,55,0,0,0,0,9501,1695,85,0,17412,32739,-,-,-,0,144,105
1787766051.559,0,347,84,-,87,57,0,0,0,0,9501,1665,74,0,17412,32739,-,-,-,0,155,40
1787766052.633,0,347,84,-,85,57,0,0,0,0,9501,1650,83,0,17412,32739,-,-,-,0,85,163
1787766053.697,0,344,84,-,84,60,0,0,0,0,9501,1725,63,0,17412,32739,-,-,-,0,156,162
1787766054.707,#,gpu,pwr,gtemp,mtemp,sm,mem,enc,dec,jpg,ofa,mclk,pclk,pviol,tviol,fb,bar1,ccpm,sbecc,dbecc,pci,rxpci,txpci
1787766054.707,#,Idx,W,C,C,%,%,%,%,%,%,MHz,MHz,%,bool,MB,MB,MB,errs,errs,errs,MB/s,MB/s
1787766054.769,0,345,84,-,85,61,0,0,0,0,9501,1695,78,0,17412,32739,-,-,-,0,179,219
1787766055.842,0,345,84,-,89,58,0,0,0,0,9501,1710,82,0,17412,32739,-,-,-,0,102,307
1787766056.919,0,339,83,-,80,60,0,0,0,0,9501,1695,100,0,17412,32739,-,-,-,0,169,265
1787766057.992,0,342,84,-,88,61,0,0,0,0,9501,1665,83,0,17412,32739,-,-,-,0,180,110
1787766059.068,0,345,84,-,94,62,0,0,0,0,9501,1635,83,0,17412,32739,-,-,-,0,186,170
1787766060.145,0,345,84,-,87,59,0,0,0,0,9501,1680,68,0,17412,32739,-,-,-,0,184,55
1787766061.215,0,344,84,-,81,62,0,0,0,0,9501,1665,63,0,17412,32739,-,-,-,0,52,306
1787766062.288,0,343,84,-,88,62,0,0,0,0,9501,1680,88,0,17412,32739,-,-,-,0,208,170
1787766063.352,0,344,84,-,83,54,0,0,0,0,9501,1665,77,0,17412,32739,-,-,-,0,201,35
1787766064.414,0,343,84,-,89,58,0,0,0,0,9501,1680,100,0,17412,32739,-,-,-,0,172,324
1787766065.492,0,345,84,-,81,61,0,0,0,0,9501,1680,91,0,17412,32739,-,-,-,0,184,320
1787766066.569,0,345,84,-,84,61,0,0,0,0,9501,1695,87,0,17412,32739,-,-,-,0,168,329
1787766067.645,0,346,84,-,93,61,0,0,0,0,9501,1635,88,0,17412,32739,-,-,-,0,47,323
1787766068.720,0,343,84,-,88,60,0,0,0,0,9501,1740,99,0,17412,32739,-,-,-,0,67,310
1787766069.792,0,341,84,-,81,59,0,0,0,0,9501,1695,83,0,17412,32739,-,-,-,0,166,58
1787766070.869,0,346,84,-,84,61,0,0,0,0,9501,1695,74,0,17412,32739,-,-,-,0,212,189
1787766071.944,0,346,84,-,87,56,0,0,0,0,9501,1620,100,0,17412,32739,-,-,-,0,204,154
1787766073.021,0,344,84,-,87,60,0,0,0,0,9501,1680,81,0,17412,32739,-,-,-,0,205,64
1787766074.085,0,345,84,-,80,60,0,0,0,0,9501,1680,81,0,17412,32739,-,-,-,0,152,161
1787766075.148,0,346,84,-,87,56,0,0,0,0,9501,1710,76,0,17412,32739,-,-,-,0,141,161
1787766076.224,0,345,84,-,80,59,0,0,0,0,9501,1620,75,0,17412,32739,-,-,-,0,153,307
1787766077.302,0,345,84,-,88,60,0,0,0,0,9501,1695,91,0,17412,32739,-,-,-,0,247,145
1787766078.378,0,342,84,-,85,60,0,0,0,0,9501,1695,67,0,17412,32739,-,-,-,0,171,321
1787766079.442,0,344,84,-,74,57,0,0,0,0,9501,1695,100,0,17412,32739,-,-,-,0,171,64
1787766080.503,0,347,84,-,88,58,0,0,0,0,9501,1635,80,0,17412,32739,-,-,-,0,100,294
1787766081.577,0,344,84,-,87,59,0,0,0,0,9501,1650,85,0,17412,32739,-,-,-,0,107,320
1787766082.653,0,347,84,-,93,62,0,0,0,0,9501,1605,98,0,17412,32739,-,-,-,0,167,276
1787766083.714,0,342,84,-,89,60,0,0,0,0,9501,1695,99,0,17412,32739,-,-,-,0,192,111
1787766084.788,0,342,84,-,86,61,0,0,0,0,9501,1740,78,0,17412,32739,-,-,-,0,175,49
1787766085.863,0,344,84,-,88,60,0,0,0,0,9501,1755,73,0,17412,32739,-,-,-,0,139,53
1787766086.934,0,346,84,-,89,57,0,0,0,0,9501,1680,100,0,17412,32739,-,-,-,0,166,270
1787766088.010,0,347,84,-,88,59,0,0,0,0,9501,1725,90,0,17412,32739,-,-,-,0,160,322
1787766089.083,0,346,84,-,85,61,0,0,0,0,9501,1725,74,0,17412,32739,-,-,-,0,180,57
1787766090.160,0,345,84,-,85,62,0,0,0,0,9501,1740,88,0,17412,32739,-,-,-,0,177,323
1787766091.234,0,346,84,-,91,60,0,0,0,0,9501,1680,60,0,17412,32739,-,-,-,0,177,264
1787766092.311,0,348,84,-,93,61,0,0,0,0,9501,1605,90,0,17412,32739,-,-,-,0,99,36
1787766093.374,0,347,84,-,94,62,0,0,0,0,9501,1605,95,0,17412,32739,-,-,-,0,269,25
1787766094.448,0,347,84,-,93,61,0,0,0,0,9501,1620,100,0,17412,32739,-,-,-,0,47,330
1787766095.511,0,348,84,-,94,63,0,0,0,0,9501,1620,99,0,17412,32739,-,-,-,0,42,299
1787766096.590,0,345,84,-,94,61,0,0,0,0,9501,1575,99,0,17412,32739,-,-,-,0,110,19
1787766097.664,0,338,84,-,91,56,0,0,0,0,9501,1665,99,0,17412,32739,-,-,-,0,1,0
1787766098.737,0,269,84,-,100,27,0,0,0,0,9501,1575,54,0,17412,32739,-,-,-,0,55,17
1787766099.812,0,337,84,-,88,31,0,0,0,0,9501,1755,99,0,17412,32739,-,-,-,0,7,7968
1787766100.887,0,340,84,-,94,60,0,0,0,0,9501,1620,100,0,17412,32739,-,-,-,0,87,56
1787766101.903,#,gpu,pwr,gtemp,mtemp,sm,mem,enc,dec,jpg,ofa,mclk,pclk,pviol,tviol,fb,bar1,ccpm,sbecc,dbecc,pci,rxpci,txpci
1787766101.903,#,Idx,W,C,C,%,%,%,%,%,%,MHz,MHz,%,bool,MB,MB,MB,errs,errs,errs,MB/s,MB/s
1787766101.965,0,344,84,-,84,57,0,0,0,0,9501,1605,86,0,17412,32739,-,-,-,0,168,348
1787766103.040,0,310,84,-,96,32,0,0,0,0,9501,1650,69,0,17412,32739,-,-,-,0,58,21
1787766104.113,0,331,84,-,86,63,0,0,0,0,9501,1710,83,0,17412,32739,-,-,-,0,187,331
1787766105.190,0,346,84,-,86,60,0,0,0,0,9501,1680,76,0,17412,32739,-,-,-,0,177,85
1787766106.260,0,346,84,-,89,57,0,0,0,0,9501,1665,76,0,17412,32739,-,-,-,0,53,308
1787766107.327,0,347,84,-,94,60,0,0,0,0,9501,1635,94,0,17412,32739,-,-,-,0,187,232
1787766108.403,0,346,84,-,92,61,0,0,0,0,9501,1635,100,0,17412,32739,-,-,-,0,162,44
1787766109.480,0,348,84,-,94,60,0,0,0,0,9501,1620,99,0,17412,32739,-,-,-,0,0,0
1787766110.556,0,310,84,-,99,31,0,0,0,0,9501,1665,72,0,17412,32739,-,-,-,0,36,17
1787766111.628,0,331,84,-,83,57,0,0,0,0,9501,1680,67,0,17412,32739,-,-,-,0,78,52
1787766112.704,0,342,84,-,80,56,0,0,0,0,9501,1635,68,0,17412,32739,-,-,-,0,166,324
1787766113.776,0,345,84,-,86,53,0,0,0,0,9501,1575,84,0,17412,32739,-,-,-,0,200,59
1787766114.852,0,341,84,-,87,54,0,0,0,0,9501,1680,75,0,17412,32739,-,-,-,0,70,48
1787766115.928,0,346,85,-,100,28,0,0,0,0,9501,1575,100,0,17412,32739,-,-,-,0,42,16
1787766116.997,0,332,82,-,100,39,0,0,0,0,9501,1755,85,0,17412,32739,-,-,-,0,131,54
1787766118.059,0,336,84,-,81,55,0,0,0,0,9501,1680,63,0,17412,32739,-,-,-,0,184,57
1787766119.124,0,344,84,-,87,57,0,0,0,0,9501,1680,62,0,17412,32739,-,-,-,0,132,210
1787766120.199,0,344,84,-,84,58,0,0,0,0,9501,1710,91,0,17412,32739,-,-,-,0,62,39
1787766121.264,0,345,84,-,84,65,0,0,0,0,9501,1770,75,0,17412,32739,-,-,-,0,200,165
1787766122.341,0,345,83,-,85,59,0,0,0,0,9501,1680,46,0,17412,32739,-,-,-,0,183,274
1787766123.417,0,346,84,-,88,60,0,0,0,0,9501,1725,100,0,17412,32739,-,-,-,0,294,61
1787766124.490,0,348,84,-,94,61,0,0,0,0,9501,1620,96,0,17412,32739,-,-,-,0,66,303
1787766125.562,0,348,84,-,94,60,0,0,0,0,9501,1635,99,0,17412,32739,-,-,-,0,46,313
1787766126.637,0,349,84,-,94,61,0,0,0,0,9501,1635,99,0,17412,32739,-,-,-,0,176,302
1787766127.704,0,307,80,-,26,1,0,0,0,0,9501,1905,77,0,17412,32739,-,-,-,0,41,651
1787766128.779,0,321,85,-,100,25,0,0,0,0,9501,1620,84,0,17412,32739,-,-,-,0,215,157
1787766129.852,0,342,84,-,93,61,0,0,0,0,9501,1665,80,0,17412,32739,-,-,-,0,167,282
1787766130.930,0,348,84,-,84,58,0,0,0,0,9501,1710,100,0,17412,32739,-,-,-,0,186,105
1787766132.006,0,305,80,-,33,1,0,0,0,0,9501,1620,66,0,17412,32739,-,-,-,0,37,26
1787766133.079,0,333,85,-,100,26,0,0,0,0,9501,1605,94,0,17412,32739,-,-,-,0,38,40
1787766134.156,0,346,83,-,92,26,0,0,0,0,9501,1755,96,0,17412,32739,-,-,-,0,52,29
1787766135.228,0,327,83,-,86,57,0,0,0,0,9501,1635,73,0,17412,32739,-,-,-,0,180,63
1787766136.302,0,346,84,-,93,61,0,0,0,0,9501,1620,75,0,17412,32739,-,-,-,0,100,289
1787766137.378,0,347,84,-,93,61,0,0,0,0,9501,1620,99,0,17412,32739,-,-,-,0,90,300
1787766138.453,0,346,84,-,93,61,0,0,0,0,9501,1605,100,0,17412,32739,-,-,-,0,151,321
1787766139.532,0,315,80,-,21,1,0,0,0,0,9501,1905,83,0,17412,32739,-,-,-,0,37,14
1787766140.604,0,304,84,-,85,56,0,0,0,0,9501,1725,61,0,17412,32739,-,-,-,0,50,326
1787766141.670,0,345,84,-,88,57,0,0,0,0,9501,1725,80,0,17412,32739,-,-,-,0,182,59
1787766142.748,0,346,84,-,87,56,0,0,0,0,9501,1635,77,0,17412,32739,-,-,-,0,179,341
1787766143.821,0,342,84,-,87,60,0,0,0,0,9501,1635,59,0,17412,32739,-,-,-,0,49,35
1787766144.898,0,348,85,-,100,27,0,0,0,0,9501,1620,100,0,17412,32739,-,-,-,0,813,13
1787766145.972,0,348,85,-,99,25,0,0,0,0,9501,1635,91,0,17412,32739,-,-,-,0,37,24
1787766147.046,0,326,82,-,71,29,0,0,0,0,9501,1665,83,0,17412,32739,-,-,-,0,176,218
1787766148.122,0,336,84,-,87,58,0,0,0,0,9501,1620,70,0,17412,32739,-,-,-,0,173,165
1787766149.136,#,gpu,pwr,gtemp,mtemp,sm,mem,enc,dec,jpg,ofa,mclk,pclk,pviol,tviol,fb,bar1,ccpm,sbecc,dbecc,pci,rxpci,txpci
1787766149.136,#,Idx,W,C,C,%,%,%,%,%,%,MHz,MHz,%,bool,MB,MB,MB,errs,errs,errs,MB/s,MB/s
1787766149.199,0,345,84,-,86,57,0,0,0,0,9501,1695,86,0,17412,32739,-,-,-,0,104,298
1787766150.271,0,348,84,-,93,60,0,0,0,0,9501,1620,97,0,17412,32739,-,-,-,0,111,17
1787766151.347,0,348,84,-,94,61,0,0,0,0,9501,1605,99,0,17412,32739,-,-,-,0,133,30
1787766152.411,0,347,84,-,92,60,0,0,0,0,9501,1635,100,0,17412,32739,-,-,-,0,62,299
1787766153.484,0,303,84,-,100,27,0,0,0,0,9501,1620,67,0,17412,32739,-,-,-,0,483,50
1787766154.548,0,333,84,-,87,55,0,0,0,0,9501,1695,87,0,17412,32739,-,-,-,0,202,157
1787766155.625,0,347,83,-,90,61,0,0,0,0,9501,1755,75,0,17412,32739,-,-,-,0,175,321
1787766156.697,0,344,84,-,82,63,0,0,0,0,9501,1695,80,0,17412,32739,-,-,-,0,104,304
1787766157.774,0,345,84,-,88,59,0,0,0,0,9501,1710,73,0,17412,32739,-,-,-,0,4,10707
1787766158.849,0,284,84,-,100,28,0,0,0,0,9501,1650,52,0,17412,32739,-,-,-,0,62,28
1787766159.923,0,345,85,-,100,27,0,0,0,0,9501,1635,100,0,17412,32739,-,-,-,0,42,663
1787766160.994,0,349,85,-,99,32,0,0,0,0,9501,1620,99,0,17412,32739,-,-,-,0,50,23
1787766162.066,0,341,85,-,100,27,0,0,0,0,9501,1620,91,0,17412,32739,-,-,-,0,28,18
1787766163.136,0,348,84,-,91,24,0,0,0,0,9501,1695,99,0,17412,32739,-,-,-,0,50,16
1787766164.207,0,346,85,-,100,23,0,0,0,0,9501,1605,93,0,17412,32739,-,-,-,0,32,15
1787766165.281,0,347,85,-,100,26,0,0,0,0,9501,1620,96,0,17412,32739,-,-,-,0,67,17
1787766166.357,0,349,86,-,100,26,0,0,0,0,9501,1650,99,0,17412,32739,-,-,-,0,1272,23
1787766167.432,0,346,85,-,99,23,0,0,0,0,9501,1635,100,0,17412,32739,-,-,-,0,59,16
1787766168.497,0,347,86,-,100,23,0,0,0,0,9501,1635,93,0,17412,32739,-,-,-,0,33,35
1787766169.563,0,349,86,-,100,25,0,0,0,0,9501,1635,99,0,17412,32739,-,-,-,0,64,13
1787766170.638,0,349,86,-,100,26,0,0,0,0,9501,1620,95,0,17412,32739,-,-,-,0,38,15
1787766171.710,0,348,85,-,100,40,0,0,0,0,9501,1755,99,0,17412,32739,-,-,-,0,40,28
1787766172.788,0,327,85,-,87,62,0,0,0,0,9501,1710,73,0,17412,32739,-,-,-,0,118,314
1787766173.864,0,346,84,-,85,61,0,0,0,0,9501,1695,78,0,17412,32739,-,-,-,0,89,337
1787766174.938,0,346,84,-,88,58,0,0,0,0,9501,1605,100,0,17412,32739,-,-,-,0,122,16
1787766176.013,0,348,84,-,93,65,0,0,0,0,9501,1620,99,0,17412,32739,-,-,-,0,123,304
1787766177.086,0,348,84,-,93,65,0,0,0,0,9501,1635,99,0,17412,32739,-,-,-,0,136,25
1787766178.161,0,310,79,-,0,0,0,0,0,0,9501,1905,79,0,17412,32739,-,-,-,0,198,118
1787766179.237,0,290,84,-,87,56,0,0,0,0,9501,1710,46,0,17412,32739,-,-,-,0,89,67
1787766180.305,0,339,84,-,83,56,0,0,0,0,9501,1680,83,0,17412,32739,-,-,-,0,180,214
1787766181.381,0,341,84,-,81,58,0,0,0,0,9501,1680,81,0,17412,32739,-,-,-,0,4,0
1787766182.454,0,321,85,-,100,27,0,0,0,0,9501,1635,100,0,17412,32739,-,-,-,0,47,12
1787766183.531,0,348,85,-,100,26,0,0,0,0,9501,1620,99,0,17412,32739,-,-,-,0,2157,16
1787766184.607,0,348,85,-,100,27,0,0,0,0,9501,1650,93,0,17412,32739,-,-,-,0,214,17
1787766185.684,0,347,85,-,96,24,0,0,0,0,9501,1635,95,0,17412,32739,-,-,-,0,40,32
1787766186.760,0,350,85,-,100,27,0,0,0,0,9501,1620,99,0,17412,32739,-,-,-,0,48,35
1787766187.822,0,348,85,-,100,26,0,0,0,0,9501,1635,95,0,17412,32739,-,-,-,0,38,17
1787766188.897,0,346,85,-,100,24,0,0,0,0,9501,1605,100,0,17412,32739,-,-,-,0,50,18
1787766189.962,0,349,86,-,100,26,0,0,0,0,9501,1620,99,0,17412,32739,-,-,-,0,44,24
1787766191.039,0,348,86,-,100,26,0,0,0,0,9501,1650,95,0,17412,32739,-,-,-,0,33,14
1787766192.112,0,348,86,-,99,23,0,0,0,0,9501,1650,99,0,17412,32739,-,-,-,0,33,761
1787766193.185,0,347,86,-,100,23,0,0,0,0,9501,1635,95,0,17412,32739,-,-,-,0,28,33
1787766194.260,0,349,86,-,100,25,0,0,0,0,9501,1635,99,0,17412,32739,-,-,-,0,44,13
1787766195.335,0,348,86,-,100,25,0,0,0,0,9501,1650,95,0,17412,32739,-,-,-,0,38,16
1787766196.347,#,gpu,pwr,gtemp,mtemp,sm,mem,enc,dec,jpg,ofa,mclk,pclk,pviol,tviol,fb,bar1,ccpm,sbecc,dbecc,pci,rxpci,txpci
1787766196.386,#,Idx,W,C,C,%,%,%,%,%,%,MHz,MHz,%,bool,MB,MB,MB,errs,errs,errs,MB/s,MB/s
1787766196.409,0,319,84,-,50,17,0,0,0,0,9501,1620,100,0,17412,32739,-,-,-,0,76,28
1787766197.483,0,328,84,-,84,58,0,0,0,0,9501,1755,77,0,17412,32739,-,-,-,0,137,31
1787766198.556,0,347,84,-,81,57,0,0,0,0,9501,1620,78,0,17412,32739,-,-,-,0,58,301
1787766199.633,0,347,84,-,93,65,0,0,0,0,9501,1590,99,0,17412,32739,-,-,-,0,214,318
1787766200.709,0,348,84,-,92,64,0,0,0,0,9501,1620,99,0,17412,32739,-,-,-,0,188,316
1787766201.779,0,347,84,-,93,65,0,0,0,0,9501,1605,99,0,17412,32739,-,-,-,0,132,304
1787766202.853,0,315,80,-,1,0,0,0,0,0,9501,1905,73,0,17412,32739,-,-,-,0,195,88
1787766203.929,0,342,83,-,87,58,0,0,0,0,9501,1665,83,0,17412,32739,-,-,-,0,181,319
1787766205.002,0,338,84,-,89,70,0,0,0,0,9501,1725,83,0,17412,32739,-,-,-,0,163,26
1787766206.078,0,343,84,-,87,60,0,0,0,0,9501,1725,70,0,17412,32739,-,-,-,0,0,573
1787766207.152,0,291,84,-,100,26,0,0,0,0,9501,1635,61,0,17412,32739,-,-,-,0,64,470
1787766208.226,0,332,84,-,100,51,0,0,0,0,9501,1605,83,0,17412,32739,-,-,-,0,190,107
1787766209.301,0,338,84,-,84,61,0,0,0,0,9501,1680,64,0,17412,32739,-,-,-,0,183,55
1787766210.377,0,349,84,-,93,65,0,0,0,0,9501,1635,89,0,17412,32739,-,-,-,0,47,42
1787766211.454,0,349,84,-,94,66,0,0,0,0,9501,1605,100,0,17412,32739,-,-,-,0,95,306
1787766212.530,0,346,84,-,92,64,0,0,0,0,9501,1635,99,0,17412,32739,-,-,-,0,147,302
1787766213.594,0,324,81,-,58,39,0,0,0,0,9501,1905,89,0,17412,32739,-,-,-,0,16,14865
1787766214.667,0,266,83,-,87,59,0,0,0,0,9501,1740,28,0,17412,32739,-,-,-,0,255,111
1787766215.741,0,344,83,-,80,53,0,0,0,0,9501,1740,80,0,17412,32739,-,-,-,0,174,54
1787766216.817,0,346,84,-,93,61,0,0,0,0,9501,1665,79,0,17412,32739,-,-,-,0,176,75
1787766217.881,0,298,79,-,41,1,0,0,0,0,9501,1905,63,0,17412,32739,-,-,-,0,39,748
1787766218.942,0,347,85,-,98,34,0,0,0,0,9501,1695,100,0,17412,32739,-,-,-,0,2285,6844
1787766220.017,0,314,83,-,85,59,0,0,0,0,9501,1710,67,0,17412,32739,-,-,-,0,168,61
1787766221.093,0,347,84,-,94,66,0,0,0,0,9501,1620,91,0,17412,32739,-,-,-,0,88,319
1787766222.169,0,348,84,-,93,64,0,0,0,0,9501,1575,99,0,17412,32739,-,-,-,0,135,308
1787766223.240,0,348,84,-,93,65,0,0,0,0,9501,1620,99,0,17412,32739,-,-,-,0,120,33
1787766224.315,0,347,84,-,95,66,0,0,0,0,9501,1620,97,0,17412,32739,-,-,-,0,58,319
1787766225.379,0,278,79,-,52,1,0,0,0,0,9501,1920,59,0,17412,32739,-,-,-,0,195,78
1787766226.452,0,341,83,-,86,56,0,0,0,0,9501,1680,90,0,17412,32739,-,-,-,0,123,47
1787766227.525,0,341,83,-,87,57,0,0,0,0,9501,1710,67,0,17412,32739,-,-,-,0,65,298
1787766228.603,0,343,84,-,81,52,0,0,0,0,9501,1620,78,0,17412,32739,-,-,-,0,74,36
1787766229.681,0,321,84,-,100,28,0,0,0,0,9501,1620,72,0,17412,32739,-,-,-,0,129,46
1787766230.751,0,348,85,-,100,25,0,0,0,0,9501,1635,99,0,17412,32739,-,-,-,0,47,24
1787766231.826,0,349,85,-,100,27,0,0,0,0,9501,1635,96,0,17412,32739,-,-,-,0,51,25
1787766232.901,0,333,84,-,85,54,0,0,0,0,9501,1605,100,0,17412,32739,-,-,-,0,200,54
1787766233.976,0,342,84,-,88,54,0,0,0,0,9501,1680,71,0,17412,32739,-,-,-,0,206,162
1787766235.049,0,343,84,-,87,57,0,0,0,0,9501,1635,90,0,17412,32739,-,-,-,0,88,302
1787766236.125,0,348,84,-,93,61,0,0,0,0,9501,1575,97,0,17412,32739,-,-,-,0,182,122
1787766237.190,0,345,84,-,93,61,0,0,0,0,9501,1635,97,0,17412,32739,-,-,-,0,173,56
1787766238.265,0,344,84,-,93,61,0,0,0,0,9501,1635,99,0,17412,32739,-,-,-,0,3,1
1787766239.341,0,297,84,-,100,26,0,0,0,0,9501,1620,55,0,17412,32739,-,-,-,0,42,652
1787766240.413,0,346,85,-,100,25,0,0,0,0,9501,1635,100,0,17412,32739,-,-,-,0,46,27
1787766241.476,0,349,85,-,100,27,0,0,0,0,9501,1620,99,0,17412,32739,-,-,-,0,86,31
1787766242.555,0,334,84,-,88,58,0,0,0,0,9501,1635,72,0,17412,32739,-,-,-,0,182,117
1787766243.568,#,gpu,pwr,gtemp,mtemp,sm,mem,enc,dec,jpg,ofa,mclk,pclk,pviol,tviol,fb,bar1,ccpm,sbecc,dbecc,pci,rxpci,txpci
1787766243.568,#,Idx,W,C,C,%,%,%,%,%,%,MHz,MHz,%,bool,MB,MB,MB,errs,errs,errs,MB/s,MB/s
1787766243.630,0,342,84,-,85,56,0,0,0,0,9501,1725,79,0,17412,32739,-,-,-,0,194,224
1787766244.705,0,342,84,-,83,58,0,0,0,0,9501,1740,67,0,17412,32739,-,-,-,0,256,296
1787766245.781,0,329,82,-,9,5,0,0,0,0,9501,1890,57,0,17412,32739,-,-,-,0,679,8517
1787766246.860,0,307,85,-,99,26,0,0,0,0,9501,1635,74,0,17412,32739,-,-,-,0,37,23
1787766247.932,0,348,85,-,100,27,0,0,0,0,9501,1605,100,0,17412,32739,-,-,-,0,854,22
1787766249.009,0,348,85,-,100,24,0,0,0,0,9501,1635,99,0,17412,32739,-,-,-,0,47,26
1787766250.084,0,338,84,-,56,13,0,0,0,0,9501,1755,89,0,17412,32739,-,-,-,0,71,15
1787766251.159,0,326,84,-,87,57,0,0,0,0,9501,1665,84,0,17412,32739,-,-,-,0,195,56
1787766252.233,0,339,83,-,81,60,0,0,0,0,9501,1725,79,0,17412,32739,-,-,-,0,177,60
1787766253.300,0,340,84,-,85,64,0,0,0,0,9501,1755,73,0,17412,32739,-,-,-,0,188,165
1787766254.374,0,342,84,-,83,58,0,0,0,0,9501,1740,54,0,17412,32739,-,-,-,0,134,145
1787766255.452,0,340,83,-,82,56,0,0,0,0,9501,1635,90,0,17412,32739,-,-,-,0,95,307
1787766256.528,0,348,84,-,92,62,0,0,0,0,9501,1635,99,0,17412,32739,-,-,-,0,99,338
1787766257.607,0,347,84,-,91,60,0,0,0,0,9501,1620,99,0,17412,32739,-,-,-,0,124,305
1787766258.682,0,347,84,-,93,61,0,0,0,0,9501,1620,99,0,17412,32739,-,-,-,0,114,327
1787766259.746,0,343,84,-,93,61,0,0,0,0,9501,1635,95,0,17412,32739,-,-,-,0,111,306
1787766260.818,0,303,79,-,57,12,0,0,0,0,9501,1740,69,0,17412,32739,-,-,-,0,191,113
1787766261.893,0,315,81,-,32,9,0,0,0,0,9501,1905,34,0,17412,32739,-,-,-,0,560,5045
1787766262.969,0,331,83,-,81,53,0,0,0,0,9501,1620,100,0,17412,32739,-,-,-,0,180,110
1787766264.045,0,346,84,-,82,53,0,0,0,0,9501,1755,75,0,17412,32739,-,-,-,0,83,308
1787766265.110,0,344,84,-,88,56,0,0,0,0,9501,1665,94,0,17412,32739,-,-,-,0,169,309
1787766266.181,0,345,84,-,86,56,0,0,0,0,9501,1740,97,0,17412,32739,-,-,-,0,104,21
1787766267.258,0,345,84,-,86,56,0,0,0,0,9501,1710,80,0,17412,32739,-,-,-,0,142,176
1787766268.320,0,346,84,-,91,59,0,0,0,0,9501,1605,85,0,17412,32739,-,-,-,0,86,311
1787766269.397,0,344,83,-,83,60,0,0,0,0,9501,1695,91,0,17412,32739,-,-,-,0,64,304
1787766270.475,0,345,84,-,83,57,0,0,0,0,9501,1740,100,0,17412,32739,-,-,-,0,159,26
1787766271.550,0,338,83,-,83,58,0,0,0,0,9501,1725,69,0,17412,32739,-,-,-,0,166,52
1787766272.617,0,343,84,-,83,58,0,0,0,0,9501,1740,65,0,17412,32739,-,-,-,0,184,66
1787766273.693,0,342,84,-,86,58,0,0,0,0,9501,1695,54,0,17412,32739,-,-,-,0,187,344
1787766274.768,0,343,83,-,84,66,0,0,0,0,9501,1695,58,0,17412,32739,-,-,-,0,112,69
1787766275.844,0,345,84,-,86,61,0,0,0,0,9501,1710,90,0,17412,32739,-,-,-,0,97,297
1787766276.917,0,347,84,-,92,59,0,0,0,0,9501,1620,100,0,17412,32739,-,-,-,0,113,16
1787766277.984,0,348,84,-,93,59,0,0,0,0,9501,1620,99,0,17412,32739,-,-,-,0,167,22
1787766279.048,0,348,84,-,93,60,0,0,0,0,9501,1605,99,0,17412,32739,-,-,-,0,78,303
1787766280.121,0,345,84,-,92,60,0,0,0,0,9501,1620,99,0,17412,32739,-,-,-,0,66,303
1787766281.188,0,345,83,-,86,60,0,0,0,0,9501,1680,95,0,17412,32739,-,-,-,0,181,375
1787766282.259,0,346,84,-,85,58,0,0,0,0,9501,1680,69,0,17412,32739,-,-,-,0,151,28
1787766283.332,0,347,84,-,88,58,0,0,0,0,9501,1620,81,0,17412,32739,-,-,-,0,9,5112
1787766284.402,0,318,85,-,100,35,0,0,0,0,9501,1530,100,0,17412,32739,-,-,-,0,57,28
1787766285.465,0,330,84,-,85,59,0,0,0,0,9501,1680,83,0,17412,32739,-,-,-,0,118,29
1787766286.539,0,346,84,-,88,57,0,0,0,0,9501,1635,84,0,17412,32739,-,-,-,0,183,161
1787766287.608,0,344,84,-,88,58,0,0,0,0,9501,1710,54,0,17412,32739,-,-,-,0,170,208
1787766288.682,0,342,83,-,87,58,0,0,0,0,9501,1680,64,0,17412,32739,-,-,-,0,61,17
1787766289.754,0,305,84,-,100,28,0,0,0,0,9501,1620,68,0,17412,32739,-,-,-,0,56,683
1787766290.755,#,gpu,pwr,gtemp,mtemp,sm,mem,enc,dec,jpg,ofa,mclk,pclk,pviol,tviol,fb,bar1,ccpm,sbecc,dbecc,pci,rxpci,txpci
1787766290.755,#,Idx,W,C,C,%,%,%,%,%,%,MHz,MHz,%,bool,MB,MB,MB,errs,errs,errs,MB/s,MB/s
1787766290.817,0,348,85,-,100,25,0,0,0,0,9501,1635,99,0,17412,32739,-,-,-,0,61,14
1787766291.890,0,348,85,-,100,27,0,0,0,0,9501,1620,94,0,17412,32739,-,-,-,0,29,22
1787766292.965,0,343,84,-,100,26,0,0,0,0,9501,1635,100,0,17412,32739,-,-,-,0,37,24
1787766294.030,0,349,85,-,100,26,0,0,0,0,9501,1635,93,0,17412,32739,-,-,-,0,41,20
1787766295.106,0,348,85,-,100,24,0,0,0,0,9501,1650,99,0,17412,32739,-,-,-,0,56,30
1787766296.171,0,349,85,-,100,26,0,0,0,0,9501,1635,93,0,17412,32739,-,-,-,0,32,10
1787766297.245,0,349,85,-,100,26,0,0,0,0,9501,1635,99,0,17412,32739,-,-,-,0,38,12
1787766298.309,0,347,85,-,99,24,0,0,0,0,9501,1620,96,0,17412,32739,-,-,-,0,54,27
1787766299.380,0,335,83,-,50,10,0,0,0,0,9501,1650,89,0,17412,32739,-,-,-,0,195,211
1787766300.445,0,335,84,-,88,59,0,0,0,0,9501,1680,100,0,17412,32739,-,-,-,0,198,171
1787766301.515,0,341,84,-,88,60,0,0,0,0,9501,1695,74,0,17412,32739,-,-,-,0,186,231
1787766302.592,0,345,84,-,87,59,0,0,0,0,9501,1710,71,0,17412,32739,-,-,-,0,238,109
1787766303.667,0,345,84,-,87,58,0,0,0,0,9501,1620,72,0,17412,32739,-,-,-,0,183,111
1787766304.742,0,343,84,-,89,65,0,0,0,0,9501,1695,88,0,17412,32739,-,-,-,0,167,59
1787766305.814,0,347,84,-,85,63,0,0,0,0,9501,1695,73,0,17412,32739,-,-,-,0,241,28
1787766306.878,0,342,84,-,86,60,0,0,0,0,9501,1650,72,0,17412,32739,-,-,-,0,200,134
1787766307.949,0,346,84,-,85,61,0,0,0,0,9501,1725,100,0,17412,32739,-,-,-,0,166,322
1787766309.027,0,344,83,-,77,58,0,0,0,0,9501,1710,70,0,17412,32739,-,-,-,0,166,331
1787766310.102,0,345,84,-,86,58,0,0,0,0,9501,1695,88,0,17412,32739,-,-,-,0,188,58
1787766311.172,0,347,84,-,88,59,0,0,0,0,9501,1695,83,0,17412,32739,-,-,-,0,112,29
1787766312.249,0,345,84,-,87,61,0,0,0,0,9501,1710,99,0,17412,32739,-,-,-,0,198,105
1787766313.311,0,346,84,-,92,62,0,0,0,0,9501,1665,90,0,17412,32739,-,-,-,0,218,160
1787766314.385,0,347,84,-,93,64,0,0,0,0,9501,1635,78,0,17412,32739,-,-,-,0,129,297
1787766315.462,0,348,84,-,92,63,0,0,0,0,9501,1605,100,0,17412,32739,-,-,-,0,101,327
1787766316.537,0,348,84,-,94,64,0,0,0,0,9501,1605,99,0,17412,32739,-,-,-,0,75,341
1787766317.600,0,348,84,-,92,63,0,0,0,0,9501,1635,99,0,17412,32739,-,-,-,0,66,313
1787766318.673,0,348,84,-,92,63,0,0,0,0,9501,1620,99,0,17412,32739,-,-,-,0,79,55
1787766319.749,0,348,84,-,92,63,0,0,0,0,9501,1590,99,0,17412,32739,-,-,-,0,75,29
1787766320.825,0,347,84,-,92,63,0,0,0,0,9501,1620,99,0,17412,32739,-,-,-,0,240,312
1787766321.896,0,344,84,-,84,56,0,0,0,0,9501,1365,99,0,17412,32739,-,-,-,0,138,19
1787766322.972,0,281,81,-,95,57,0,0,0,0,9501,1395,100,0,17412,32739,-,-,-,0,120,36
1787766324.045,0,281,81,-,92,56,0,0,0,0,9501,1380,99,0,17412,32739,-,-,-,0,102,310
1787766325.115,0,281,81,-,94,58,0,0,0,0,9501,1365,99,0,17412,32739,-,-,-,0,0,0
1787766326.187,0,224,82,-,100,27,0,0,0,0,9501,1635,35,0,17412,32739,-,-,-,0,176,318
1787766327.263,0,341,83,-,86,57,0,0,0,0,9501,1740,69,0,17412,32739,-,-,-,0,203,67
1787766328.340,0,342,83,-,87,60,0,0,0,0,9501,1755,46,0,17412,32739,-,-,-,0,4,1
1787766329.412,0,308,84,-,100,27,0,0,0,0,9501,1635,100,0,17412,32739,-,-,-,0,49,14
1787766330.482,0,339,84,-,82,59,0,0,0,0,9501,1710,78,0,17412,32739,-,-,-,0,182,159
1787766331.557,0,346,84,-,85,56,0,0,0,0,9501,1650,74,0,17412,32739,-,-,-,0,79,40
1787766332.632,0,348,83,-,86,54,0,0,0,0,9501,1635,99,0,17412,32739,-,-,-,0,0,5038
1787766333.707,0,296,83,-,48,13,0,0,0,0,9501,1650,65,0,17412,32739,-,-,-,0,73,24
1787766334.775,0,323,83,-,85,50,0,0,0,0,9501,1725,66,0,17415,32739,-,-,-,0,179,165
1787766335.849,0,342,83,-,85,56,0,0,0,0,9501,1710,46,0,17412,32739,-,-,-,0,141,230
1787766336.920,0,345,84,-,93,60,0,0,0,0,9501,1605,100,0,17412,32739,-,-,-,0,109,315
1787766337.926,#,gpu,pwr,gtemp,mtemp,sm,mem,enc,dec,jpg,ofa,mclk,pclk,pviol,tviol,fb,bar1,ccpm,sbecc,dbecc,pci,rxpci,txpci
1787766337.926,#,Idx,W,C,C,%,%,%,%,%,%,MHz,MHz,%,bool,MB,MB,MB,errs,errs,errs,MB/s,MB/s
1787766337.988,0,266,81,-,100,35,0,0,0,0,9501,1620,45,0,17425,32739,-,-,-,0,72,430
1787766339.063,0,331,83,-,87,54,0,0,0,0,9501,1725,77,0,17425,32739,-,-,-,0,182,172
1787766340.129,0,346,84,-,87,57,0,0,0,0,9501,1695,51,0,17427,32739,-,-,-,0,91,303
1787766341.196,0,346,83,-,90,58,0,0,0,0,9501,1725,72,0,17427,32739,-,-,-,0,111,63
1787766342.264,0,340,83,-,86,55,0,0,0,0,9501,1635,76,0,17425,32739,-,-,-,0,92,307
1787766343.333,0,348,84,-,93,60,0,0,0,0,9501,1635,97,0,17425,32739,-,-,-,0,183,271
1787766344.401,0,345,84,-,91,58,0,0,0,0,9501,1650,95,0,17425,32739,-,-,-,0,157,315
1787766345.467,0,345,84,-,93,60,0,0,0,0,9501,1650,100,0,17425,32739,-,-,-,0,104,303
1787766346.535,0,346,84,-,93,59,0,0,0,0,9501,1695,88,0,17412,32739,-,-,-,0,4,0
1787766347.612,0,187,77,-,1,0,0,0,0,0,9501,1920,5,0,17412,32739,-,-,-,0,546,885
1787766348.675,0,284,84,-,100,28,0,0,0,0,9501,1635,62,0,17412,32739,-,-,-,0,38,16
1787766349.749,0,333,84,-,100,27,0,0,0,0,9501,1620,80,0,17412,32739,-,-,-,0,214,157
1787766350.824,0,339,83,-,85,57,0,0,0,0,9501,1665,77,0,17412,32739,-,-,-,0,120,78
1787766351.900,0,348,83,-,94,60,0,0,0,0,9501,1605,96,0,17412,32739,-,-,-,0,169,27
1787766352.972,0,348,83,-,93,61,0,0,0,0,9501,1620,100,0,17412,32739,-,-,-,0,115,20
1787766354.046,0,346,84,-,92,59,0,0,0,0,9501,1605,97,0,17412,32739,-,-,-,0,71,35
1787766355.121,0,348,81,-,93,59,0,0,0,0,9501,1755,99,0,17412,32739,-,-,-,0,310,25
1787766356.193,0,302,84,-,100,25,0,0,0,0,9501,1635,66,0,17412,32739,-,-,-,0,52,18
1787766357.258,0,340,83,-,98,27,0,0,0,0,9501,1755,91,0,17412,32739,-,-,-,0,168,335
1787766358.330,0,335,83,-,81,60,0,0,0,0,9501,1695,75,0,17412,32739,-,-,-,0,190,104
1787766359.406,0,323,80,-,7,4,0,0,0,0,9501,1905,100,0,17412,32739,-,-,-,0,10729,813
1787766360.483,0,297,82,-,94,25,0,0,0,0,9501,1755,66,0,17412,32739,-,-,-,0,198,221
1787766361.553,0,338,83,-,88,57,0,0,0,0,9501,1650,74,0,17412,32739,-,-,-,0,51,314
1787766362.626,0,344,83,-,87,57,0,0,0,0,9501,1680,73,0,17412,32739,-,-,-,0,176,269
1787766363.695,0,344,84,-,85,57,0,0,0,0,9501,1620,78,0,17412,32739,-,-,-,0,173,57
1787766364.766,0,346,84,-,85,55,0,0,0,0,9501,1590,97,0,17412,32739,-,-,-,0,127,309
1787766365.828,0,348,84,-,92,61,0,0,0,0,9501,1590,99,0,17412,32739,-,-,-,0,89,329
1787766366.902,0,344,83,-,82,57,0,0,0,0,9501,1635,99,0,17412,32739,-,-,-,0,113,14
1787766367.964,0,333,84,-,92,29,0,0,0,0,9501,1620,100,0,17412,32739,-,-,-,0,50,28
1787766369.037,0,332,84,-,84,61,0,0,0,0,9501,1740,83,0,17412,32739,-,-,-,0,88,88
1787766370.116,0,342,83,-,81,53,0,0,0,0,9501,1665,60,0,17412,32739,-,-,-,0,111,300
1787766371.192,0,346,84,-,92,61,0,0,0,0,9501,1620,97,0,17412,32739,-,-,-,0,81,308
1787766372.257,0,347,84,-,93,61,0,0,0,0,9501,1605,99,0,17412,32739,-,-,-,0,1,11239
1787766373.331,0,306,84,-,100,28,0,0,0,0,9501,1620,69,0,17415,32739,-,-,-,0,36,15
1787766374.404,0,337,84,-,80,45,0,0,0,0,9501,1650,85,0,17415,32739,-,-,-,0,104,222
1787766375.477,0,340,84,-,85,56,0,0,0,0,9501,1650,100,0,17412,32739,-,-,-,0,179,318
1787766376.551,0,342,83,-,80,53,0,0,0,0,9501,1725,74,0,17412,32739,-,-,-,0,155,58
1787766377.627,0,345,84,-,83,58,0,0,0,0,9501,1650,73,0,17412,32739,-,-,-,0,167,333
1787766378.703,0,343,84,-,85,56,0,0,0,0,9501,1725,58,0,17412,32739,-,-,-,0,158,331
1787766379.775,0,298,83,-,100,25,0,0,0,0,9501,1635,30,0,17412,32739,-,-,-,0,45,23
1787766380.853,0,351,84,-,100,28,0,0,0,0,9501,1635,99,0,17415,32739,-,-,-,0,789,33
1787766381.919,0,337,85,-,100,25,0,0,0,0,9501,1605,100,0,17412,32739,-,-,-,0,119,17
1787766382.989,0,346,85,-,100,27,0,0,0,0,9501,1620,94,0,17412,32739,-,-,-,0,74,25
1787766384.066,0,334,84,-,84,58,0,0,0,0,9501,1725,79,0,17412,32739,-,-,-,0,186,177
1787766385.079,#,gpu,pwr,gtemp,mtemp,sm,mem,enc,dec,jpg,ofa,mclk,pclk,pviol,tviol,fb,bar1,ccpm,sbecc,dbecc,pci,rxpci,txpci
1787766385.079,#,Idx,W,C,C,%,%,%,%,%,%,MHz,MHz,%,bool,MB,MB,MB,errs,errs,errs,MB/s,MB/s
1787766385.140,0,347,84,-,85,58,0,0,0,0,9501,1755,50,0,17412,32739,-,-,-,0,107,295
1787766386.211,0,345,84,-,81,61,0,0,0,0,9501,1695,63,0,17412,32739,-,-,-,0,168,24
1787766387.285,0,345,84,-,86,56,0,0,0,0,9501,1740,72,0,17412,32739,-,-,-,0,195,61
1787766388.360,0,344,83,-,87,70,0,0,0,0,9501,1725,57,0,17412,32739,-,-,-,0,192,54
1787766389.435,0,348,84,-,94,63,0,0,0,0,9501,1605,100,0,17412,32739,-,-,-,0,103,298
1787766390.506,0,348,84,-,94,62,0,0,0,0,9501,1605,99,0,17412,32739,-,-,-,0,118,301
1787766391.581,0,345,84,-,89,60,0,0,0,0,9501,1620,99,0,17412,32739,-,-,-,0,111,318
1787766392.654,0,311,79,-,1,0,0,0,0,0,9501,1830,81,0,17412,32739,-,-,-,0,52,22
1787766393.730,0,294,83,-,86,55,0,0,0,0,9501,1695,58,0,17412,32739,-,-,-,0,205,111
1787766394.806,0,345,84,-,85,60,0,0,0,0,9501,1710,73,0,17412,32739,-,-,-,0,170,339
1787766395.882,0,345,84,-,84,65,0,0,0,0,9501,1710,60,0,17412,32739,-,-,-,0,169,61
1787766396.956,0,342,84,-,85,58,0,0,0,0,9501,1725,100,0,17412,32739,-,-,-,0,195,100
1787766398.033,0,307,79,-,33,1,0,0,0,0,9501,1905,44,0,17412,32739,-,-,-,0,47,38
1787766399.108,0,323,84,-,100,24,0,0,0,0,9501,1590,86,0,17412,32739,-,-,-,0,64,15
1787766400.181,0,345,85,-,100,27,0,0,0,0,9501,1635,95,0,17412,32739,-,-,-,0,41,16
1787766401.254,0,348,85,-,100,24,0,0,0,0,9501,1635,99,0,17412,32739,-,-,-,0,33,28
1787766402.331,0,349,85,-,100,26,0,0,0,0,9501,1620,95,0,17412,32739,-,-,-,0,46,520
1787766403.403,0,333,84,-,100,39,0,0,0,0,9501,1590,83,0,17412,32739,-,-,-,0,198,83
1787766404.464,0,345,84,-,83,57,0,0,0,0,9501,1620,100,0,17412,32739,-,-,-,0,97,337
1787766405.540,0,347,84,-,94,63,0,0,0,0,9501,1620,99,0,17412,32739,-,-,-,0,102,300
1787766406.616,0,349,84,-,92,61,0,0,0,0,9501,1605,99,0,17412,32739,-,-,-,0,105,26
1787766407.691,0,348,84,-,94,62,0,0,0,0,9501,1590,99,0,17412,32739,-,-,-,0,0,1
1787766408.759,0,277,83,-,86,55,0,0,0,0,9501,1695,46,0,17412,32739,-,-,-,0,177,92
1787766409.834,0,338,84,-,83,61,0,0,0,0,9501,1665,73,0,17400,32739,-,-,-,0,167,326
1787766410.905,0,338,83,-,84,64,0,0,0,0,9501,1680,74,0,17400,32739,-,-,-,0,120,185
1787766411.978,0,347,84,-,84,60,0,0,0,0,9501,1695,100,0,17400,32739,-,-,-,0,123,42
1787766413.043,0,311,79,-,33,1,0,0,0,0,9501,1905,53,0,17400,32739,-,-,-,0,50,15
1787766414.113,0,325,84,-,100,24,0,0,0,0,9501,1605,88,0,17400,32739,-,-,-,0,45,27
1787766415.185,0,345,85,-,100,27,0,0,0,0,9501,1635,96,0,17400,32739,-,-,-,0,46,16
1787766416.264,0,348,85,-,100,24,0,0,0,0,9501,1620,99,0,17400,32739,-,-,-,0,32,21
1787766417.336,0,349,85,-,100,27,0,0,0,0,9501,1620,94,0,17400,32739,-,-,-,0,65,696
1787766418.406,0,334,85,-,100,42,0,0,0,0,9501,1590,100,0,17400,32739,-,-,-,0,53,518
1787766419.482,0,341,84,-,85,60,0,0,0,0,9501,1635,79,0,17400,32739,-,-,-,0,172,30
1787766420.556,0,348,84,-,93,61,0,0,0,0,9501,1650,99,0,17400,32739,-,-,-,0,90,305
1787766421.629,0,347,84,-,92,61,0,0,0,0,9501,1620,99,0,17400,32739,-,-,-,0,77,30
1787766422.702,0,348,84,-,93,61,0,0,0,0,9501,1605,99,0,17400,32739,-,-,-,0,72,309
1787766423.769,0,278,81,-,44,20,0,0,0,0,9501,1695,56,0,17400,32739,-,-,-,0,180,58
1787766424.843,0,334,83,-,86,58,0,0,0,0,9501,1680,67,0,17400,32739,-,-,-,0,163,346
1787766425.912,0,340,84,-,93,61,0,0,0,0,9501,1620,100,0,17400,32739,-,-,-,0,194,219
1787766426.983,0,345,84,-,85,59,0,0,0,0,9501,1710,84,0,17400,32739,-,-,-,0,282,275
1787766428.059,0,343,83,-,83,60,0,0,0,0,9501,1590,56,0,17400,32739,-,-,-,0,15714,343
1787766429.133,0,305,85,-,100,28,0,0,0,0,9501,1635,64,0,17400,32739,-,-,-,0,52,28
1787766430.205,0,344,85,-,74,19,0,0,0,0,9501,1635,97,0,17400,32739,-,-,-,0,37,20
1787766431.273,0,345,85,-,100,26,0,0,0,0,9501,1620,98,0,17400,32739,-,-,-,0,35,25
1787766432.286,#,gpu,pwr,gtemp,mtemp,sm,mem,enc,dec,jpg,ofa,mclk,pclk,pviol,tviol,fb,bar1,ccpm,sbecc,dbecc,pci,rxpci,txpci
1787766432.325,#,Idx,W,C,C,%,%,%,%,%,%,MHz,MHz,%,bool,MB,MB,MB,errs,errs,errs,MB/s,MB/s
1787766432.349,0,348,85,-,100,27,0,0,0,0,9501,1635,96,0,17400,32739,-,-,-,0,30,20
1787766433.422,0,347,85,-,100,24,0,0,0,0,9501,1620,100,0,17400,32739,-,-,-,0,48,16
1787766434.498,0,322,84,-,40,15,0,0,0,0,9501,1710,81,0,17400,32739,-,-,-,0,189,315
1787766435.567,0,338,84,-,86,59,0,0,0,0,9501,1755,70,0,17401,32739,-,-,-,0,65,28
1787766436.640,0,347,84,-,92,61,0,0,0,0,9501,1575,86,0,17401,32739,-,-,-,0,114,296
1787766437.711,0,348,84,-,93,62,0,0,0,0,9501,1575,99,0,17401,32739,-,-,-,0,123,44
1787766438.784,0,347,84,-,92,63,0,0,0,0,9501,1605,99,0,17401,32739,-,-,-,0,71,32
1787766439.858,0,275,78,-,26,1,0,0,0,0,9501,1830,61,0,17401,32739,-,-,-,0,194,219
1787766440.931,0,334,84,-,87,55,0,0,0,0,9501,1740,92,0,17401,32739,-,-,-,0,176,58
1787766441.993,0,337,84,-,82,54,0,0,0,0,9501,1620,75,0,17401,32739,-,-,-,0,141,54
1787766443.066,0,342,84,-,84,65,0,0,0,0,9501,1710,88,0,17401,32739,-,-,-,0,189,26
1787766444.139,0,340,83,-,81,60,0,0,0,0,9501,1770,58,0,17401,32739,-,-,-,0,4569,703
1787766445.215,0,301,83,-,58,18,0,0,0,0,9501,1635,63,0,17401,32739,-,-,-,0,3,4571
1787766446.288,0,332,84,-,82,61,0,0,0,0,9501,1680,76,0,17401,32739,-,-,-,0,194,106
1787766447.362,0,343,84,-,84,60,0,0,0,0,9501,1755,64,0,17401,32739,-,-,-,0,216,158
1787766448.430,0,341,84,-,79,60,0,0,0,0,9501,1725,75,0,17401,32739,-,-,-,0,176,325
1787766449.503,0,344,84,-,86,58,0,0,0,0,9501,1695,68,0,17401,32739,-,-,-,0,188,164
1787766450.581,0,343,84,-,83,56,0,0,0,0,9501,1710,93,0,17401,32739,-,-,-,0,169,23
1787766451.643,0,347,84,-,93,59,0,0,0,0,9501,1635,96,0,17401,32739,-,-,-,0,91,324
1787766452.718,0,347,84,-,93,59,0,0,0,0,9501,1635,99,0,17401,32739,-,-,-,0,176,303
1787766453.793,0,346,84,-,93,60,0,0,0,0,9501,1605,99,0,17401,32739,-,-,-,0,52,309
1787766454.862,0,347,84,-,92,59,0,0,0,0,9501,1620,99,0,17401,32739,-,-,-,0,169,334
1787766455.937,0,344,84,-,86,57,0,0,0,0,9501,1695,100,0,17401,32739,-,-,-,0,216,200
1787766457.009,0,344,84,-,87,59,0,0,0,0,9501,1680,91,0,17401,32739,-,-,-,0,237,37
1787766458.086,0,309,84,-,100,26,0,0,0,0,9501,1635,72,0,17401,32739,-,-,-,0,542,17
1787766459.160,0,348,84,-,100,27,0,0,0,0,9501,1755,93,0,17401,32739,-,-,-,0,195,102
1787766460.238,0,340,84,-,82,60,0,0,0,0,9501,1710,77,0,17401,32739,-,-,-,0,169,39
1787766461.316,0,339,83,-,86,56,0,0,0,0,9501,1650,84,0,17401,32739,-,-,-,0,97,317
1787766462.388,0,344,84,-,86,58,0,0,0,0,9501,1740,87,0,17401,32739,-,-,-,0,184,326
1787766463.462,0,312,84,-,100,25,0,0,0,0,9501,1620,100,0,17401,32739,-,-,-,0,40,16
1787766464.529,0,349,85,-,100,27,0,0,0,0,9501,1635,99,0,17401,32739,-,-,-,0,44,30
1787766465.599,0,345,85,-,100,27,0,0,0,0,9501,1635,90,0,17401,32739,-,-,-,0,32,13
1787766466.672,0,336,84,-,89,62,0,0,0,0,9501,1635,79,0,17401,32739,-,-,-,0,178,97
1787766467.747,0,343,83,-,92,61,0,0,0,0,9501,1650,69,0,17401,32739,-,-,-,0,199,277
1787766468.824,0,345,84,-,85,55,0,0,0,0,9501,1680,75,0,17401,32739,-,-,-,0,132,97
1787766469.898,0,345,83,-,82,61,0,0,0,0,9501,1635,72,0,17401,32739,-,-,-,0,194,108
1787766470.975,0,343,84,-,85,56,0,0,0,0,9501,1605,98,0,17401,32739,-,-,-,0,86,307
1787766472.044,0,345,84,-,80,57,0,0,0,0,9501,1680,97,0,17401,32739,-,-,-,0,181,47
1787766473.117,0,346,84,-,86,58,0,0,0,0,9501,1725,91,0,17401,32739,-,-,-,0,190,164
1787766474.187,0,345,84,-,88,57,0,0,0,0,9501,1695,67,0,17401,32739,-,-,-,0,206,144
1787766475.250,0,344,84,-,79,63,0,0,0,0,9501,1650,70,0,17401,32739,-,-,-,0,186,73
1787766476.324,0,348,83,-,82,61,0,0,0,0,9501,1755,76,0,17401,32739,-,-,-,0,88,92
1787766477.401,0,347,84,-,86,56,0,0,0,0,9501,1680,92,0,17401,32739,-,-,-,0,181,54
1787766478.476,0,347,84,-,86,65,0,0,0,0,9501,1665,99,0,17401,32739,-,-,-,0,163,29
1787766479.484,#,gpu,pwr,gtemp,mtemp,sm,mem,enc,dec,jpg,ofa,mclk,pclk,pviol,tviol,fb,bar1,ccpm,sbecc,dbecc,pci,rxpci,txpci
1787766479.484,#,Idx,W,C,C,%,%,%,%,%,%,MHz,MHz,%,bool,MB,MB,MB,errs,errs,errs,MB/s,MB/s
1787766479.546,0,348,84,-,94,61,0,0,0,0,9501,1620,99,0,17401,32739,-,-,-,0,77,299
1787766480.623,0,348,84,-,94,61,0,0,0,0,9501,1620,99,0,17401,32739,-,-,-,0,91,301
1787766481.694,0,348,84,-,94,61,0,0,0,0,9501,1605,99,0,17401,32739,-,-,-,0,73,313
1787766482.770,0,347,84,-,94,61,0,0,0,0,9501,1635,99,0,17401,32739,-,-,-,0,120,310
1787766483.842,0,349,84,-,93,61,0,0,0,0,9501,1620,99,0,17401,32739,-,-,-,0,100,315
1787766484.914,0,348,84,-,88,58,0,0,0,0,9501,1620,100,0,17401,32739,-,-,-,0,85,23
1787766485.989,0,349,84,-,94,62,0,0,0,0,9501,1635,99,0,17401,32739,-,-,-,0,79,45
1787766487.061,0,298,79,-,77,18,0,0,0,0,9501,1620,65,0,17401,32739,-,-,-,0,69,24
1787766488.136,0,341,85,-,100,27,0,0,0,0,9501,1620,89,0,17401,32739,-,-,-,0,176,121
1787766489.211,0,342,84,-,95,62,0,0,0,0,9501,1620,83,0,17401,32739,-,-,-,0,146,214
1787766490.285,0,345,84,-,94,61,0,0,0,0,9501,1635,88,0,17401,32739,-,-,-,0,201,269
1787766491.358,0,345,84,-,87,53,0,0,0,0,9501,1665,90,0,17401,32739,-,-,-,0,171,335
1787766492.426,0,319,84,-,100,33,0,0,0,0,9501,1620,100,0,17401,32739,-,-,-,0,500,8251
1787766493.503,0,335,84,-,82,53,0,0,0,0,9501,1710,82,0,17401,32739,-,-,-,0,126,114
1787766494.574,0,346,84,-,84,64,0,0,0,0,9501,1665,76,0,17401,32739,-,-,-,0,173,55
1787766495.645,0,346,84,-,90,59,0,0,0,0,9501,1665,97,0,17401,32739,-,-,-,0,192,64
1787766496.719,0,346,84,-,94,60,0,0,0,0,9501,1590,92,0,17401,32739,-,-,-,0,57,307
1787766497.787,0,345,84,-,88,57,0,0,0,0,9501,1650,91,0,17401,32739,-,-,-,0,42,319
1787766498.859,0,344,84,-,87,55,0,0,0,0,9501,1680,87,0,17397,32739,-,-,-,0,51,325
1787766499.936,0,347,84,-,92,59,0,0,0,0,9501,1575,100,0,17397,32739,-,-,-,0,96,297
1787766501.013,0,308,83,-,100,26,0,0,0,0,9501,1635,71,0,17397,32739,-,-,-,0,46,56
1787766502.083,0,338,84,-,60,26,0,0,0,0,9501,1695,89,0,17397,32739,-,-,-,0,248,105
1787766503.155,0,340,84,-,87,57,0,0,0,0,9501,1695,76,0,17397,32739,-,-,-,0,174,62
1787766504.225,0,344,84,-,85,59,0,0,0,0,9501,1680,76,0,17397,32739,-,-,-,0,164,353
1787766505.299,0,332,83,-,9,5,0,0,0,0,9501,1890,77,0,17397,32739,-,-,-,0,115,127
1787766506.376,0,321,85,-,100,25,0,0,0,0,9501,1635,80,0,17397,32739,-,-,-,0,55,19
1787766507.449,0,337,84,-,100,25,0,0,0,0,9501,1635,100,0,17397,32739,-,-,-,0,35,16
1787766508.521,0,343,84,-,90,59,0,0,0,0,9501,1710,91,0,17397,32739,-,-,-,0,187,54
1787766509.597,0,346,84,-,90,57,0,0,0,0,9501,1695,75,0,17397,32739,-,-,-,0,193,30
1787766510.671,0,347,84,-,85,57,0,0,0,0,9501,1665,72,0,17397,32739,-,-,-,0,208,155
1787766511.734,0,344,84,-,88,57,0,0,0,0,9501,1680,75,0,17397,32739,-,-,-,0,69,55
1787766512.810,0,346,84,-,86,57,0,0,0,0,9501,1710,85,0,17397,32739,-,-,-,0,196,218
1787766513.876,0,347,84,-,85,61,0,0,0,0,9501,1680,78,0,17397,32739,-,-,-,0,167,325
1787766514.951,0,346,84,-,88,57,0,0,0,0,9501,1710,100,0,17397,32739,-,-,-,0,118,38
1787766516.020,0,346,84,-,84,58,0,0,0,0,9501,1755,89,0,17397,32739,-,-,-,0,177,312
1787766517.095,0,348,84,-,92,61,0,0,0,0,9501,1620,92,0,17397,32739,-,-,-,0,135,317
1787766518.167,0,348,84,-,93,60,0,0,0,0,9501,1620,99,0,17397,32739,-,-,-,0,111,305
1787766519.245,0,348,84,-,94,61,0,0,0,0,9501,1620,99,0,17397,32739,-,-,-,0,104,305
1787766520.315,0,347,84,-,87,55,0,0,0,0,9501,1665,99,0,17397,32739,-,-,-,0,710,17
1787766521.389,0,297,84,-,100,26,0,0,0,0,9501,1650,63,0,17397,32739,-,-,-,0,67,22
1787766522.460,0,334,84,-,88,57,0,0,0,0,9501,1665,100,0,17397,32739,-,-,-,0,175,275
1787766523.532,0,343,84,-,87,61,0,0,0,0,9501,1665,85,0,17397,32739,-,-,-,0,100,316
1787766524.595,0,342,83,-,82,61,0,0,0,0,9501,1665,67,0,17397,32739,-,-,-,0,204,58
1787766525.668,0,342,83,-,88,59,0,0,0,0,9501,1695,85,0,17397,32739,-,-,-,0,141,312
1787766526.679,#,gpu,pwr,gtemp,mtemp,sm,mem,enc,dec,jpg,ofa,mclk,pclk,pviol,tviol,fb,bar1,ccpm,sbecc,dbecc,pci,rxpci,txpci
1787766526.679,#,Idx,W,C,C,%,%,%,%,%,%,MHz,MHz,%,bool,MB,MB,MB,errs,errs,errs,MB/s,MB/s
1787766526.740,0,346,84,-,89,57,0,0,0,0,9501,1680,88,0,17397,32739,-,-,-,0,193,165
1787766527.804,0,318,82,-,61,20,0,0,0,0,9501,1710,62,0,17397,32739,-,-,-,0,79,14
1787766528.882,0,324,84,-,91,67,0,0,0,0,9501,1665,79,0,17397,32739,-,-,-,0,213,57
1787766529.958,0,341,83,-,82,64,0,0,0,0,9501,1725,100,0,17397,32739,-,-,-,0,167,321
1787766531.030,0,341,83,-,85,57,0,0,0,0,9501,1680,66,0,17397,32739,-,-,-,0,112,319
1787766532.105,0,346,84,-,89,59,0,0,0,0,9501,1590,99,0,17397,32739,-,-,-,0,157,20
1787766533.168,0,339,84,-,44,29,0,0,0,0,9501,1860,97,0,17397,32739,-,-,-,0,64,41
1787766534.243,0,295,84,-,59,20,0,0,0,0,9501,1860,69,0,17397,32739,-,-,-,0,39,16
1787766535.316,0,330,83,-,83,61,0,0,0,0,9501,1680,80,0,17397,32739,-,-,-,0,204,115
1787766536.389,0,342,84,-,85,54,0,0,0,0,9501,1695,68,0,17397,32739,-,-,-,0,181,166
1787766537.459,0,341,84,-,80,61,0,0,0,0,9501,1740,100,0,17397,32739,-,-,-,0,185,107
1787766538.534,0,339,83,-,79,59,0,0,0,0,9501,1785,71,0,17397,32739,-,-,-,0,149,167
1787766539.609,0,341,83,-,85,56,0,0,0,0,9501,1650,68,0,17397,32739,-,-,-,0,178,50
1787766540.671,0,340,84,-,89,61,0,0,0,0,9501,1665,93,0,17397,32739,-,-,-,0,183,28
1787766541.743,0,343,84,-,90,71,0,0,0,0,9501,1695,76,0,17397,32739,-,-,-,0,184,114
1787766542.807,0,343,83,-,89,60,0,0,0,0,9501,1665,75,0,17397,32739,-,-,-,0,181,145
1787766543.880,0,340,84,-,82,62,0,0,0,0,9501,1665,73,0,17397,32739,-,-,-,0,155,360
1787766544.955,0,345,84,-,91,63,0,0,0,0,9501,1665,100,0,17397,32739,-,-,-,0,60,312
1787766546.031,0,345,84,-,84,62,0,0,0,0,9501,1725,79,0,17397,32739,-,-,-,0,240,155
1787766547.095,0,345,84,-,83,60,0,0,0,0,9501,1680,56,0,17397,32739,-,-,-,0,171,60
1787766548.170,0,344,83,-,86,61,0,0,0,0,9501,1725,75,0,17397,32739,-,-,-,0,212,46
1787766549.245,0,344,84,-,92,62,0,0,0,0,9501,1620,71,0,17397,32739,-,-,-,0,158,141
1787766550.307,0,343,83,-,80,61,0,0,0,0,9501,1665,83,0,17397,32739,-,-,-,0,195,219
1787766551.370,0,346,84,-,80,62,0,0,0,0,9501,1665,76,0,17397,32739,-,-,-,0,185,217
1787766552.445,0,346,84,-,86,64,0,0,0,0,9501,1710,99,0,17397,32739,-,-,-,0,214,92
1787766553.522,0,344,84,-,87,58,0,0,0,0,9501,1725,87,0,17397,32739,-,-,-,0,168,57
1787766554.594,0,345,84,-,86,60,0,0,0,0,9501,1740,85,0,17397,32739,-,-,-,0,190,115
1787766555.669,0,340,84,-,88,59,0,0,0,0,9501,1695,72,0,17397,32739,-,-,-,0,174,173
1787766556.732,0,344,84,-,87,58,0,0,0,0,9501,1710,75,0,17397,32739,-,-,-,0,179,204
1787766557.804,0,344,83,-,84,57,0,0,0,0,9501,1695,63,0,17397,32739,-,-,-,0,200,116
1787766558.879,0,342,84,-,87,61,0,0,0,0,9501,1725,79,0,17397,32739,-,-,-,0,190,62
1787766559.955,0,343,83,-,88,61,0,0,0,0,9501,1710,100,0,17397,32739,-,-,-,0,222,133
1787766561.032,0,346,84,-,85,63,0,0,0,0,9501,1680,65,0,17397,32739,-,-,-,0,132,64
1787766562.108,0,343,84,-,83,64,0,0,0,0,9501,1725,89,0,17397,32739,-,-,-,0,358,253
1787766563.180,0,342,83,-,83,55,0,0,0,0,9501,1635,78,0,17397,32739,-,-,-,0,191,121
1787766564.255,0,346,84,-,88,56,0,0,0,0,9501,1710,71,0,17397,32739,-,-,-,0,186,110
1787766565.333,0,344,84,-,88,60,0,0,0,0,9501,1710,59,0,17397,32739,-,-,-,0,179,330
1787766566.407,0,344,83,-,86,56,0,0,0,0,9501,1695,62,0,17397,32739,-,-,-,0,181,270
1787766567.483,0,344,84,-,92,60,0,0,0,0,9501,1635,100,0,17397,32739,-,-,-,0,50,307
1787766568.559,0,348,84,-,95,61,0,0,0,0,9501,1605,99,0,17397,32739,-,-,-,0,100,28
1787766569.622,0,348,84,-,94,61,0,0,0,0,9501,1620,99,0,17397,32739,-,-,-,0,86,303
1787766570.699,0,348,84,-,94,61,0,0,0,0,9501,1605,99,0,17397,32739,-,-,-,0,63,304
1787766571.775,0,346,83,-,89,57,0,0,0,0,9501,1680,99,0,17397,32739,-,-,-,0,58,325
1787766572.852,0,347,84,-,93,60,0,0,0,0,9501,1635,99,0,17397,32739,-,-,-,0,78,313
1787766573.866,#,gpu,pwr,gtemp,mtemp,sm,mem,enc,dec,jpg,ofa,mclk,pclk,pviol,tviol,fb,bar1,ccpm,sbecc,dbecc,pci,rxpci,txpci
1787766573.866,#,Idx,W,C,C,%,%,%,%,%,%,MHz,MHz,%,bool,MB,MB,MB,errs,errs,errs,MB/s,MB/s
1787766573.929,0,297,84,-,93,37,0,0,0,0,9501,1680,100,0,17397,32739,-,-,-,0,72,17
1787766575.004,0,335,84,-,83,51,0,0,0,0,9501,1605,80,0,17397,32739,-,-,-,0,157,59
1787766576.077,0,340,83,-,84,60,0,0,0,0,9501,1695,77,0,17397,32739,-,-,-,0,193,130
1787766577.141,0,308,82,-,81,30,0,0,0,0,9501,1800,58,0,17397,32739,-,-,-,0,764,11
1787766578.216,0,330,83,-,86,57,0,0,0,0,9501,1680,77,0,17397,32739,-,-,-,0,169,56
1787766579.288,0,344,83,-,87,59,0,0,0,0,9501,1695,89,0,17397,32739,-,-,-,0,155,123
1787766580.363,0,344,83,-,85,61,0,0,0,0,9501,1710,76,0,17397,32739,-,-,-,0,187,331
1787766581.438,0,347,84,-,94,60,0,0,0,0,9501,1590,100,0,17397,32739,-,-,-,0,96,311
1787766582.514,0,346,84,-,84,65,0,0,0,0,9501,1650,97,0,17397,32739,-,-,-,0,122,303
1787766583.593,0,344,84,-,92,61,0,0,0,0,9501,1635,76,0,17397,32739,-,-,-,0,112,315
1787766584.664,0,317,84,-,100,28,0,0,0,0,9501,1620,76,0,17397,32739,-,-,-,0,43,28
1787766585.742,0,334,83,-,81,57,0,0,0,0,9501,1680,72,0,17397,32739,-,-,-,0,177,63
1787766586.819,0,342,84,-,86,58,0,0,0,0,9501,1680,80,0,17397,32739,-,-,-,0,78,29
1787766587.893,0,345,83,-,81,64,0,0,0,0,9501,1725,83,0,17397,32739,-,-,-,0,179,271
1787766588.970,0,307,83,-,60,19,0,0,0,0,9501,1695,100,0,17397,32739,-,-,-,0,681,24
1787766590.044,0,331,83,-,85,62,0,0,0,0,9501,1695,84,0,17397,32739,-,-,-,0,195,60
1787766591.116,0,341,83,-,83,61,0,0,0,0,9501,1665,65,0,17397,32739,-,-,-,0,267,308
1787766592.189,0,342,83,-,87,58,0,0,0,0,9501,1695,92,0,17397,32739,-,-,-,0,210,78
1787766593.266,0,345,83,-,86,57,0,0,0,0,9501,1620,71,0,17397,32739,-,-,-,0,171,340
1787766594.343,0,348,84,-,95,62,0,0,0,0,9501,1605,99,0,17397,32739,-,-,-,0,0,584
1787766595.419,0,313,83,-,48,15,0,0,0,0,9501,1695,100,0,17397,32739,-,-,-,0,52,21
1787766596.492,0,341,84,-,100,37,0,0,0,0,9501,1590,96,0,17397,32739,-,-,-,0,810,22
1787766597.553,0,331,83,-,89,58,0,0,0,0,9501,1695,83,0,17397,32739,-,-,-,0,190,163
1787766598.627,0,344,84,-,89,55,0,0,0,0,9501,1725,91,0,17397,32739,-,-,-,0,82,314
1787766599.704,0,347,83,-,89,57,0,0,0,0,9501,1695,89,0,17397,32739,-,-,-,0,117,308
1787766600.780,0,302,82,-,98,35,0,0,0,0,9501,1785,67,0,17397,32739,-,-,-,0,743,19
1787766601.854,0,343,84,-,100,25,0,0,0,0,9501,1605,93,0,17397,32739,-,-,-,0,51,27
1787766602.929,0,334,84,-,93,60,0,0,0,0,9501,1635,100,0,17397,32739,-,-,-,0,104,303
1787766604.001,0,345,84,-,87,61,0,0,0,0,9501,1695,73,0,17397,32739,-,-,-,0,175,102
1787766605.074,0,348,84,-,92,61,0,0,0,0,9501,1695,80,0,17397,32739,-,-,-,0,185,270
1787766606.147,0,299,83,-,62,21,0,0,0,0,9501,1650,65,0,17397,32739,-,-,-,0,80,503
1787766607.216,0,336,84,-,86,61,0,0,0,0,9501,1710,82,0,17397,32739,-,-,-,0,297,57
1787766608.290,0,344,84,-,90,63,0,0,0,0,9501,1710,69,0,17397,32739,-,-,-,0,202,220
1787766609.366,0,347,84,-,87,59,0,0,0,0,9501,1740,75,0,17397,32739,-,-,-,0,54,300
1787766610.441,0,343,83,-,85,54,0,0,0,0,9501,1605,100,0,17397,32739,-,-,-,0,118,295
1787766611.515,0,346,84,-,87,56,0,0,0,0,9501,1695,86,0,17397,32739,-,-,-,0,88,302
1787766612.591,0,348,84,-,92,62,0,0,0,0,9501,1620,99,0,17397,32739,-,-,-,0,123,210
1787766613.662,0,348,84,-,94,61,0,0,0,0,9501,1620,97,0,17397,32739,-,-,-,0,95,310
1787766614.736,0,347,84,-,94,61,0,0,0,0,9501,1635,99,0,17397,32739,-,-,-,0,174,33
1787766615.801,0,346,84,-,93,62,0,0,0,0,9501,1635,99,0,17397,32739,-,-,-,0,98,298
1787766616.868,0,320,83,-,80,26,0,0,0,0,9501,1650,81,0,17397,32739,-,-,-,0,114,55
1787766617.939,0,335,84,-,90,69,0,0,0,0,9501,1680,100,0,17397,32739,-,-,-,0,167,270
1787766619.013,0,347,84,-,80,60,0,0,0,0,9501,1710,69,0,17397,32739,-,-,-,0,174,56
1787766620.086,0,344,83,-,90,58,0,0,0,0,9501,1665,84,0,17397,32739,-,-,-,0,145,92
1787766621.098,#,gpu,pwr,gtemp,mtemp,sm,mem,enc,dec,jpg,ofa,mclk,pclk,pviol,tviol,fb,bar1,ccpm,sbecc,dbecc,pci,rxpci,txpci
1787766621.098,#,Idx,W,C,C,%,%,%,%,%,%,MHz,MHz,%,bool,MB,MB,MB,errs,errs,errs,MB/s,MB/s
1787766621.160,0,317,83,-,66,20,0,0,0,0,9501,1635,70,0,17397,32739,-,-,-,0,931,33
1787766622.236,0,342,85,-,100,27,0,0,0,0,9501,1635,93,0,17397,32739,-,-,-,0,199,29
1787766623.308,0,340,84,-,100,25,0,0,0,0,9501,1620,89,0,17397,32739,-,-,-,0,38,21
1787766624.383,0,349,85,-,100,27,0,0,0,0,9501,1605,99,0,17397,32739,-,-,-,0,34,27
1787766625.459,0,347,84,-,100,37,0,0,0,0,9501,1725,100,0,17397,32739,-,-,-,0,45,22
1787766626.530,0,332,84,-,83,63,0,0,0,0,9501,1710,77,0,17397,32739,-,-,-,0,212,135
1787766627.604,0,343,83,-,87,58,0,0,0,0,9501,1710,80,0,17397,32739,-,-,-,0,193,321
1787766628.682,0,341,83,-,88,62,0,0,0,0,9501,1725,73,0,17397,32739,-,-,-,0,168,331
1787766629.760,0,340,83,-,77,60,0,0,0,0,9501,1650,80,0,17397,32739,-,-,-,0,131,314
1787766630.835,0,342,84,-,85,64,0,0,0,0,9501,1650,62,0,17397,32739,-,-,-,0,184,108
1787766631.912,0,344,83,-,85,62,0,0,0,0,9501,1695,82,0,17397,32739,-,-,-,0,185,27
1787766632.982,0,341,83,-,89,59,0,0,0,0,9501,1740,100,0,17397,32739,-,-,-,0,177,56
1787766634.055,0,341,83,-,90,66,0,0,0,0,9501,1755,66,0,17397,32739,-,-,-,0,204,217
1787766635.130,0,347,84,-,85,58,0,0,0,0,9501,1620,71,0,17397,32739,-,-,-,0,189,55
1787766636.207,0,343,84,-,87,63,0,0,0,0,9501,1755,81,0,17397,32739,-,-,-,0,52,309
1787766637.269,0,346,83,-,86,58,0,0,0,0,9501,1605,94,0,17397,32739,-,-,-,0,171,315
1787766638.348,0,347,84,-,93,61,0,0,0,0,9501,1575,96,0,17397,32739,-,-,-,0,145,302
1787766639.412,0,348,84,-,93,61,0,0,0,0,9501,1590,99,0,17397,32739,-,-,-,0,168,313
1787766640.486,0,348,84,-,94,61,0,0,0,0,9501,1620,100,0,17397,32739,-,-,-,0,127,309
1787766641.561,0,348,84,-,93,61,0,0,0,0,9501,1635,99,0,17397,32739,-,-,-,0,112,35
1787766642.637,0,348,84,-,94,62,0,0,0,0,9501,1620,99,0,17397,32739,-,-,-,0,54,348
1787766643.710,0,334,80,-,16,9,0,0,0,0,9501,1905,95,0,17397,32739,-,-,-,0,168,4145
1787766644.780,0,271,83,-,86,55,0,0,0,0,9501,1665,46,0,17397,32739,-,-,-,0,179,218
1787766645.856,0,347,83,-,84,54,0,0,0,0,9501,1695,72,0,17397,32739,-,-,-,0,170,306
1787766646.933,0,301,83,-,79,49,0,0,0,0,9501,1710,95,0,17397,32739,-,-,-,0,190,264
1787766648.005,0,340,84,-,80,60,0,0,0,0,9501,1710,61,0,17397,32739,-,-,-,0,189,59
1787766649.075,0,343,84,-,83,61,0,0,0,0,9501,1725,55,0,17397,32739,-,-,-,0,196,130
1787766650.152,0,346,84,-,81,55,0,0,0,0,9501,1635,42,0,17397,32739,-,-,-,0,170,140
1787766651.223,0,341,83,-,86,62,0,0,0,0,9501,1665,73,0,17397,32739,-,-,-,0,84,112
1787766652.297,0,344,83,-,87,54,0,0,0,0,9501,1710,73,0,17397,32739,-,-,-,0,188,85
1787766653.374,0,343,83,-,83,58,0,0,0,0,9501,1665,99,0,17397,32739,-,-,-,0,106,22
1787766654.446,0,344,84,-,87,56,0,0,0,0,9501,1635,100,0,17397,32739,-,-,-,0,179,59
1787766655.512,0,345,84,-,85,55,0,0,0,0,9501,1620,89,0,17397,32739,-,-,-,0,178,325
1787766656.587,0,344,84,-,84,55,0,0,0,0,9501,1635,88,0,17397,32739,-,-,-,0,65,48
1787766657.648,0,348,84,-,94,62,0,0,0,0,9501,1620,99,0,17397,32739,-,-,-,0,47,328
1787766658.711,0,347,83,-,86,57,0,0,0,0,9501,1620,99,0,17397,32739,-,-,-,0,104,17
1787766659.777,0,345,83,-,89,61,0,0,0,0,9501,1725,98,0,17397,32739,-,-,-,0,156,272
1787766660.850,0,345,83,-,93,60,0,0,0,0,9501,1680,92,0,17397,32739,-,-,-,0,153,325
1787766661.926,0,346,84,-,94,61,0,0,0,0,9501,1635,100,0,17397,32739,-,-,-,0,101,311
1787766663.001,0,349,84,-,93,59,0,0,0,0,9501,1620,99,0,17397,32739,-,-,-,0,88,317
1787766664.077,0,344,84,-,85,64,0,0,0,0,9501,1695,85,0,17397,32739,-,-,-,0,181,55
1787766665.147,0,343,84,-,80,62,0,0,0,0,9501,1665,59,0,17397,32739,-,-,-,0,165,325
1787766666.222,0,346,84,-,89,60,0,0,0,0,9501,1695,68,0,17397,32739,-,-,-,0,171,99
1787766667.294,0,347,84,-,94,62,0,0,0,0,9501,1605,95,0,17397,32739,-,-,-,0,56,314
1787766668.308,#,gpu,pwr,gtemp,mtemp,sm,mem,enc,dec,jpg,ofa,mclk,pclk,pviol,tviol,fb,bar1,ccpm,sbecc,dbecc,pci,rxpci,txpci
1787766668.346,#,Idx,W,C,C,%,%,%,%,%,%,MHz,MHz,%,bool,MB,MB,MB,errs,errs,errs,MB/s,MB/s
1787766668.370,0,345,83,-,84,56,0,0,0,0,9501,1755,96,0,17397,32739,-,-,-,0,297,291
1787766669.442,0,348,84,-,88,58,0,0,0,0,9501,1650,100,0,17397,32739,-,-,-,0,87,31
1787766670.516,0,317,84,-,100,27,0,0,0,0,9501,1635,73,0,17397,32739,-,-,-,0,729,15
1787766671.592,0,341,84,-,62,15,0,0,0,0,9501,1650,91,0,17397,32739,-,-,-,0,65,32
1787766672.667,0,336,84,-,84,63,0,0,0,0,9501,1680,82,0,17397,32739,-,-,-,0,169,112
1787766673.743,0,348,84,-,88,56,0,0,0,0,9501,1725,75,0,17397,32739,-,-,-,0,188,55
1787766674.818,0,343,84,-,89,63,0,0,0,0,9501,1710,62,0,17397,32739,-,-,-,0,176,91
1787766675.896,0,343,84,-,85,58,0,0,0,0,9501,1665,68,0,17397,32739,-,-,-,0,57,211
1787766676.972,0,347,84,-,100,27,0,0,0,0,9501,1575,100,0,17397,32739,-,-,-,0,46,13
1787766678.043,0,346,85,-,100,25,0,0,0,0,9501,1605,96,0,17397,32739,-,-,-,0,44,22
1787766679.106,0,349,85,-,100,27,0,0,0,0,9501,1620,99,0,17397,32739,-,-,-,0,73,15
1787766680.170,0,341,85,-,100,27,0,0,0,0,9501,1635,89,0,17397,32739,-,-,-,0,40,14
1787766681.246,0,346,85,-,100,24,0,0,0,0,9501,1635,95,0,17397,32739,-,-,-,0,100,28
1787766682.311,0,350,85,-,100,26,0,0,0,0,9501,1605,99,0,17397,32739,-,-,-,0,1025,8421
1787766683.381,0,334,84,-,70,16,0,0,0,0,9501,1680,87,0,17397,32739,-,-,-,0,200,319
1787766684.449,0,348,84,-,86,58,0,0,0,0,9501,1635,100,0,17397,32739,-,-,-,0,110,63
1787766685.525,0,343,84,-,85,60,0,0,0,0,9501,1605,91,0,17397,32739,-,-,-,0,204,98
1787766686.597,0,340,84,-,84,62,0,0,0,0,9501,1650,69,0,17397,32739,-,-,-,0,195,109
1787766687.674,0,344,84,-,93,62,0,0,0,0,9501,1635,90,0,17397,32739,-,-,-,0,54,308
1787766688.750,0,348,84,-,94,62,0,0,0,0,9501,1650,99,0,17397,32739,-,-,-,0,140,226
1787766689.824,0,348,84,-,89,59,0,0,0,0,9501,1665,99,0,17397,32739,-,-,-,0,66,56
1787766690.895,0,348,84,-,95,62,0,0,0,0,9501,1620,99,0,17397,32739,-,-,-,0,113,299
1787766691.968,0,346,84,-,88,60,0,0,0,0,9501,1710,100,0,17397,32739,-,-,-,0,106,41
1787766693.044,0,346,84,-,90,60,0,0,0,0,9501,1695,99,0,17397,32739,-,-,-,0,43,325
1787766694.117,0,347,84,-,95,62,0,0,0,0,9501,1620,99,0,17397,32739,-,-,-,0,117,314
1787766695.197,0,347,84,-,94,62,0,0,0,0,9501,1635,99,0,17397,32739,-,-,-,0,110,38
1787766696.274,0,348,84,-,94,62,0,0,0,0,9501,1620,99,0,17397,32739,-,-,-,0,51,320
1787766697.335,0,348,84,-,94,62,0,0,0,0,9501,1650,99,0,17397,32739,-,-,-,0,99,325
1787766698.408,0,348,84,-,93,60,0,0,0,0,9501,1605,97,0,17397,32739,-,-,-,0,137,36
1787766699.485,0,347,84,-,94,62,0,0,0,0,9501,1635,100,0,17397,32739,-,-,-,0,113,22
1787766700.557,0,346,84,-,87,59,0,0,0,0,9501,1635,99,0,17397,32739,-,-,-,0,102,32
1787766701.632,0,349,84,-,94,62,0,0,0,0,9501,1620,99,0,17397,32739,-,-,-,0,118,319
1787766702.698,0,348,84,-,94,63,0,0,0,0,9501,1605,99,0,17397,32739,-,-,-,0,171,333
1787766703.771,0,332,83,-,94,63,0,0,0,0,9501,1575,76,0,17397,32739,-,-,-,0,161,325
1787766704.838,0,331,83,-,94,62,0,0,0,0,9501,1575,99,0,17397,32739,-,-,-,0,114,330
1787766705.912,0,333,83,-,94,62,0,0,0,0,9501,1575,99,0,17397,32739,-,-,-,0,127,36
1787766706.987,0,334,83,-,93,62,0,0,0,0,9501,1575,100,0,17397,32739,-,-,-,0,64,300
1787766708.061,0,330,83,-,89,56,0,0,0,0,9501,1590,99,0,17397,32739,-,-,-,0,55,337
1787766709.138,0,329,83,-,88,57,0,0,0,0,9501,1590,99,0,17397,32739,-,-,-,0,156,93
1787766710.215,0,330,83,-,90,60,0,0,0,0,9501,1620,99,0,17397,32739,-,-,-,0,99,316
1787766711.286,0,331,83,-,93,62,0,0,0,0,9501,1575,99,0,17397,32739,-,-,-,0,158,314
1787766712.363,0,332,83,-,94,63,0,0,0,0,9501,1575,99,0,17397,32739,-,-,-,0,127,299
1787766713.436,0,331,83,-,93,62,0,0,0,0,9501,1575,100,0,17397,32739,-,-,-,0,285,321
1787766714.510,0,310,79,-,1,0,0,0,0,0,9501,1905,89,0,17397,32739,-,-,-,0,15,11340
1787766715.519,#,gpu,pwr,gtemp,mtemp,sm,mem,enc,dec,jpg,ofa,mclk,pclk,pviol,tviol,fb,bar1,ccpm,sbecc,dbecc,pci,rxpci,txpci
1787766715.519,#,Idx,W,C,C,%,%,%,%,%,%,MHz,MHz,%,bool,MB,MB,MB,errs,errs,errs,MB/s,MB/s
1787766715.581,0,259,83,-,82,56,0,0,0,0,9501,1665,48,0,17397,32739,-,-,-,0,173,60
1787766716.658,0,340,83,-,85,56,0,0,0,0,9501,1740,69,0,17397,32739,-,-,-,0,155,330
1787766717.733,0,342,83,-,84,55,0,0,0,0,9501,1680,75,0,17397,32739,-,-,-,0,219,168
1787766718.805,0,344,83,-,85,55,0,0,0,0,9501,1710,50,0,17397,32739,-,-,-,0,56,395
1787766719.876,0,312,84,-,63,16,0,0,0,0,9501,1650,68,0,17397,32739,-,-,-,0,180,264
1787766720.946,0,341,83,-,87,60,0,0,0,0,9501,1650,100,0,17397,32739,-,-,-,0,170,324
1787766722.020,0,344,84,-,87,56,0,0,0,0,9501,1620,77,0,17397,32739,-,-,-,0,161,70
1787766723.095,0,347,84,-,87,59,0,0,0,0,9501,1695,91,0,17397,32739,-,-,-,0,51,311
1787766724.166,0,347,84,-,87,54,0,0,0,0,9501,1695,95,0,17397,32739,-,-,-,0,63,303
1787766725.245,0,347,83,-,89,56,0,0,0,0,9501,1680,99,0,17397,32739,-,-,-,0,110,320
1787766726.308,0,347,84,-,88,56,0,0,0,0,9501,1590,95,0,17397,32739,-,-,-,0,60,286
1787766727.374,0,342,83,-,92,59,0,0,0,0,9501,1680,91,0,17397,32739,-,-,-,0,193,316
1787766728.447,0,346,84,-,93,61,0,0,0,0,9501,1605,100,0,17397,32739,-,-,-,0,148,311
1787766729.519,0,347,84,-,91,59,0,0,0,0,9501,1635,94,0,17397,32739,-,-,-,0,111,300
1787766730.591,0,310,82,-,69,23,0,0,0,0,9501,1635,74,0,17397,32739,-,-,-,0,36,17
1787766731.655,0,327,83,-,61,14,0,0,0,0,9501,1725,83,0,17397,32739,-,-,-,0,113,315
1787766732.731,0,339,84,-,86,56,0,0,0,0,9501,1710,94,0,17397,32739,-,-,-,0,163,116
1787766733.805,0,347,84,-,84,56,0,0,0,0,9501,1620,87,0,17397,32739,-,-,-,0,6,71
1787766734.876,0,319,84,-,100,25,0,0,0,0,9501,1620,67,0,17397,32739,-,-,-,0,48,14
1787766735.950,0,343,82,-,63,17,0,0,0,0,9501,1650,100,0,17397,32739,-,-,-,0,39,22
1787766737.026,0,329,84,-,75,44,0,0,0,0,9501,1680,83,0,17397,32739,-,-,-,0,185,167
1787766738.092,0,340,84,-,87,71,0,0,0,0,9501,1710,75,0,17397,32739,-,-,-,0,138,230
1787766739.162,0,341,83,-,88,60,0,0,0,0,9501,1755,76,0,17397,32739,-,-,-,0,180,321
1787766740.231,0,345,84,-,89,58,0,0,0,0,9501,1635,74,0,17397,32739,-,-,-,0,58,308
1787766741.307,0,345,84,-,94,61,0,0,0,0,9501,1620,99,0,17397,32739,-,-,-,0,81,36
1787766742.369,0,347,84,-,93,62,0,0,0,0,9501,1590,97,0,17397,32739,-,-,-,0,73,31
1787766743.446,0,348,84,-,93,61,0,0,0,0,9501,1590,100,0,17397,32739,-,-,-,0,97,351
1787766744.513,0,346,84,-,88,57,0,0,0,0,9501,1590,95,0,17397,32739,-,-,-,0,90,34
1787766745.578,0,346,84,-,87,58,0,0,0,0,9501,1665,93,0,17397,32739,-,-,-,0,71,54
1787766746.647,0,346,84,-,86,63,0,0,0,0,9501,1665,79,0,17397,32739,-,-,-,0,147,34
1787766747.726,0,346,84,-,80,58,0,0,0,0,9501,1665,93,0,17397,32739,-,-,-,0,98,22
1787766748.794,0,348,84,-,88,58,0,0,0,0,9501,1560,93,0,17397,32739,-,-,-,0,183,109
1787766749.868,0,344,84,-,89,59,0,0,0,0,9501,1590,94,0,17397,32739,-,-,-,0,183,70
1787766750.935,0,346,83,-,85,62,0,0,0,0,9501,1740,100,0,17397,32739,-,-,-,0,208,193
1787766752.013,0,343,84,-,85,57,0,0,0,0,9501,1725,67,0,17397,32739,-,-,-,0,204,110
1787766753.084,0,347,84,-,89,60,0,0,0,0,9501,1620,94,0,17397,32739,-,-,-,0,162,320
1787766754.155,0,345,84,-,87,58,0,0,0,0,9501,1710,99,0,17397,32739,-,-,-,0,77,309
1787766755.228,0,347,84,-,88,63,0,0,0,0,9501,1680,84,0,17397,32739,-,-,-,0,158,54
1787766756.301,0,347,84,-,85,65,0,0,0,0,9501,1740,79,0,17397,32739,-,-,-,0,116,302
1787766757.373,0,348,84,-,95,62,0,0,0,0,9501,1605,86,0,17397,32739,-,-,-,0,173,327
1787766758.444,0,348,84,-,94,61,0,0,0,0,9501,1590,100,0,17397,32739,-,-,-,0,99,306
1787766759.522,0,300,79,-,19,1,0,0,0,0,9501,1905,75,0,17397,32739,-,-,-,0,82,17
1787766760.596,0,316,84,-,100,26,0,0,0,0,9501,1620,78,0,17397,32739,-,-,-,0,1345,3300
1787766761.672,0,340,83,-,88,68,0,0,0,0,9501,1650,88,0,17397,32739,-,-,-,0,191,50
1787766762.686,#,gpu,pwr,gtemp,mtemp,sm,mem,enc,dec,jpg,ofa,mclk,pclk,pviol,tviol,fb,bar1,ccpm,sbecc,dbecc,pci,rxpci,txpci
1787766762.686,#,Idx,W,C,C,%,%,%,%,%,%,MHz,MHz,%,bool,MB,MB,MB,errs,errs,errs,MB/s,MB/s
1787766762.748,0,338,83,-,77,57,0,0,0,0,9501,1725,75,0,17397,32739,-,-,-,0,165,28
1787766763.827,0,342,83,-,91,67,0,0,0,0,9501,1665,82,0,17397,32739,-,-,-,0,65,22
1787766764.900,0,319,84,-,84,32,0,0,0,0,9501,1620,74,0,17397,32739,-,-,-,0,48,24
1787766765.969,0,341,84,-,88,57,0,0,0,0,9501,1620,100,0,17397,32739,-,-,-,0,83,22
1787766767.042,0,347,83,-,88,57,0,0,0,0,9501,1650,99,0,17397,32739,-,-,-,0,133,159
1787766768.120,0,343,84,-,89,57,0,0,0,0,9501,1680,72,0,17397,32739,-,-,-,0,72,312
1787766769.183,0,346,83,-,89,62,0,0,0,0,9501,1680,97,0,17397,32739,-,-,-,0,96,290
1787766770.253,0,344,83,-,87,64,0,0,0,0,9501,1725,91,0,17397,32739,-,-,-,0,165,54
1787766771.326,0,345,84,-,88,56,0,0,0,0,9501,1665,98,0,17397,32739,-,-,-,0,98,303
1787766772.402,0,348,84,-,89,57,0,0,0,0,9501,1680,99,0,17397,32739,-,-,-,0,65,302
1787766773.465,0,347,84,-,89,57,0,0,0,0,9501,1620,100,0,17397,32739,-,-,-,0,53,310
1787766774.540,0,315,83,-,97,35,0,0,0,0,9501,1635,78,0,17397,32739,-,-,-,0,123,16
1787766775.614,0,340,84,-,100,27,0,0,0,0,9501,1620,91,0,17397,32739,-,-,-,0,170,266
1787766776.687,0,343,84,-,84,55,0,0,0,0,9501,1620,82,0,17397,32739,-,-,-,0,167,320
1787766777.757,0,346,84,-,81,58,0,0,0,0,9501,1740,77,0,17397,32739,-,-,-,0,45,312
1787766778.833,0,343,84,-,84,67,0,0,0,0,9501,1755,80,0,17397,32739,-,-,-,0,146,219
1787766779.907,0,316,83,-,100,38,0,0,0,0,9501,1620,66,0,17397,32739,-,-,-,0,72,19
1787766780.981,0,347,85,-,100,25,0,0,0,0,9501,1650,100,0,17397,32739,-,-,-,0,63,33
1787766782.055,0,333,85,-,66,17,0,0,0,0,9501,1770,79,0,17397,32739,-,-,-,0,166,307
1787766783.132,0,340,84,-,85,62,0,0,0,0,9501,1725,89,0,17397,32739,-,-,-,0,170,59
1787766784.208,0,347,84,-,92,61,0,0,0,0,9501,1620,96,0,17397,32739,-,-,-,0,79,313
1787766785.284,0,348,84,-,95,61,0,0,0,0,9501,1620,99,0,17397,32739,-,-,-,0,172,34
1787766786.359,0,348,84,-,94,61,0,0,0,0,9501,1620,99,0,17397,32739,-,-,-,0,128,63
1787766787.435,0,347,83,-,88,60,0,0,0,0,9501,1680,100,0,17397,32739,-,-,-,0,55,309
1787766788.503,0,348,84,-,93,60,0,0,0,0,9501,1605,99,0,17397,32739,-,-,-,0,47,322
1787766789.580,0,348,84,-,94,61,0,0,0,0,9501,1620,99,0,17397,32739,-,-,-,0,56,315
1787766790.657,0,348,84,-,95,61,0,0,0,0,9501,1620,99,0,17397,32739,-,-,-,0,186,37
1787766791.721,0,348,84,-,94,60,0,0,0,0,9501,1635,99,0,17397,32739,-,-,-,0,47,299
1787766792.795,0,347,84,-,94,60,0,0,0,0,9501,1620,99,0,17397,32739,-,-,-,0,44,304
1787766793.871,0,325,81,-,1,0,0,0,0,0,9501,1905,89,0,17397,32739,-,-,-,0,58,23
1787766794.943,0,339,84,-,100,26,0,0,0,0,9501,1620,100,0,17397,32739,-,-,-,0,64,19
1787766796.012,0,339,83,-,89,62,0,0,0,0,9501,1710,81,0,17397,32739,-,-,-,0,170,274
1787766797.088,0,345,83,-,84,56,0,0,0,0,9501,1635,79,0,17397,32739,-,-,-,0,160,60
1787766798.151,0,343,84,-,87,57,0,0,0,0,9501,1695,76,0,17397,32739,-,-,-,0,186,324
1787766799.226,0,344,84,-,87,57,0,0,0,0,9501,1695,90,0,17397,32739,-,-,-,0,195,104
1787766800.303,0,320,84,-,98,33,0,0,0,0,9501,1635,69,0,17397,32739,-,-,-,0,47,24
1787766801.378,0,330,83,-,83,62,0,0,0,0,9501,1740,79,0,17397,32739,-,-,-,0,199,115
1787766802.451,0,346,84,-,84,63,0,0,0,0,9501,1650,100,0,17397,32739,-,-,-,0,190,335
1787766803.515,0,347,84,-,85,54,0,0,0,0,9501,1590,92,0,17397,32739,-,-,-,0,186,280
1787766804.590,0,345,84,-,94,62,0,0,0,0,9501,1620,85,0,17397,32739,-,-,-,0,176,71
1787766805.667,0,346,84,-,95,62,0,0,0,0,9501,1590,90,0,17397,32739,-,-,-,0,151,28
1787766806.737,0,344,83,-,87,56,0,0,0,0,9501,1680,99,0,17397,32739,-,-,-,0,189,106
1787766807.811,0,342,84,-,86,60,0,0,0,0,9501,1755,69,0,17397,32739,-,-,-,0,135,44
1787766808.873,0,343,83,-,82,54,0,0,0,0,9501,1695,76,0,17397,32739,-,-,-,0,189,114
1787766809.886,#,gpu,pwr,gtemp,mtemp,sm,mem,enc,dec,jpg,ofa,mclk,pclk,pviol,tviol,fb,bar1,ccpm,sbecc,dbecc,pci,rxpci,txpci
1787766809.886,#,Idx,W,C,C,%,%,%,%,%,%,MHz,MHz,%,bool,MB,MB,MB,errs,errs,errs,MB/s,MB/s
1787766809.949,0,345,83,-,85,65,0,0,0,0,9501,1710,100,0,17397,32739,-,-,-,0,169,329
1787766811.023,0,343,83,-,93,69,0,0,0,0,9501,1650,72,0,17397,32739,-,-,-,0,105,24
1787766812.098,0,343,83,-,87,58,0,0,0,0,9501,1695,91,0,17397,32739,-,-,-,0,157,59
1787766813.173,0,343,84,-,85,62,0,0,0,0,9501,1620,78,0,17397,32739,-,-,-,0,185,168
1787766814.249,0,344,84,-,88,57,0,0,0,0,9501,1695,77,0,17397,32739,-,-,-,0,169,343
1787766815.323,0,348,84,-,94,61,0,0,0,0,9501,1605,87,0,17397,32739,-,-,-,0,74,34
1787766816.398,0,346,84,-,87,56,0,0,0,0,9501,1680,99,0,17397,32739,-,-,-,0,131,24
1787766817.475,0,348,84,-,92,60,0,0,0,0,9501,1605,100,0,17397,32739,-,-,-,0,97,49
1787766818.551,0,345,84,-,93,62,0,0,0,0,9501,1620,99,0,17397,32739,-,-,-,0,82,35
1787766819.626,0,348,84,-,95,61,0,0,0,0,9501,1620,99,0,17397,32739,-,-,-,0,81,369
1787766820.701,0,321,80,-,1,0,0,0,0,0,9501,1905,87,0,17397,32739,-,-,-,0,35,18
1787766821.773,0,322,85,-,100,28,0,0,0,0,9501,1635,84,0,17397,32739,-,-,-,0,739,18
1787766822.837,0,337,84,-,89,57,0,0,0,0,9501,1680,87,0,17397,32739,-,-,-,0,210,158
1787766823.911,0,345,84,-,91,60,0,0,0,0,9501,1680,87,0,17397,32739,-,-,-,0,149,300
1787766824.984,0,342,83,-,90,64,0,0,0,0,9501,1695,100,0,17397,32739,-,-,-,0,128,253
1787766826.054,0,343,83,-,86,56,0,0,0,0,9501,1665,89,0,17397,32739,-,-,-,0,169,43
1787766827.125,0,314,84,-,100,26,0,0,0,0,9501,1620,65,0,17397,32739,-,-,-,0,39,25
1787766828.190,0,349,85,-,99,27,0,0,0,0,9501,1635,99,0,17397,32739,-,-,-,0,50,23
1787766829.258,0,334,84,-,62,19,0,0,0,0,9501,1860,89,0,17397,32739,-,-,-,0,181,134
1787766830.329,0,336,83,-,81,62,0,0,0,0,9501,1710,70,0,17397,32739,-,-,-,0,169,55
1787766831.396,0,346,84,-,89,60,0,0,0,0,9501,1665,83,0,17397,32739,-,-,-,0,163,327
1787766832.469,0,346,83,-,84,56,0,0,0,0,9501,1710,100,0,17397,32739,-,-,-,0,99,307
1787766833.537,0,346,84,-,94,61,0,0,0,0,9501,1620,97,0,17397,32739,-,-,-,0,185,61
1787766834.603,0,349,84,-,93,61,0,0,0,0,9501,1620,97,0,17397,32739,-,-,-,0,41,302
1787766835.674,0,345,83,-,85,55,0,0,0,0,9501,1650,97,0,17397,32739,-,-,-,0,63,325
1787766836.741,0,348,84,-,94,62,0,0,0,0,9501,1605,99,0,17397,32739,-,-,-,0,102,294
1787766837.810,0,347,84,-,94,60,0,0,0,0,9501,1605,99,0,17397,32739,-,-,-,0,114,303
1787766838.883,0,304,83,-,100,27,0,0,0,0,9501,1635,68,0,17397,32739,-,-,-,0,793,28
1787766839.957,0,329,83,-,84,53,0,0,0,0,9501,1755,100,0,17397,32739,-,-,-,0,185,101
1787766841.027,0,336,83,-,84,58,0,0,0,0,9501,1725,69,0,17397,32739,-,-,-,0,162,213
1787766842.097,0,341,83,-,86,62,0,0,0,0,9501,1665,72,0,17397,32739,-,-,-,0,162,60
1787766843.169,0,346,83,-,84,62,0,0,0,0,9501,1695,84,0,17397,32739,-,-,-,0,186,109
1787766844.238,0,318,82,-,65,21,0,0,0,0,9501,1710,77,0,17397,32739,-,-,-,0,35,16
1787766845.310,0,342,85,-,100,27,0,0,0,0,9501,1620,92,0,17397,32739,-,-,-,0,444,28
1787766846.381,0,347,85,-,100,25,0,0,0,0,9501,1635,93,0,17397,32739,-,-,-,0,38,13
1787766847.452,0,335,84,-,58,23,0,0,0,0,9501,1665,100,0,17397,32739,-,-,-,0,221,116
1787766848.525,0,337,83,-,79,64,0,0,0,0,9501,1725,67,0,17397,32739,-,-,-,0,175,161
1787766849.598,0,341,83,-,87,59,0,0,0,0,9501,1650,72,0,17397,32739,-,-,-,0,46,312
1787766850.670,0,343,84,-,95,62,0,0,0,0,9501,1620,93,0,17397,32739,-,-,-,0,100,65
1787766851.742,0,346,84,-,89,61,0,0,0,0,9501,1680,99,0,17397,32739,-,-,-,0,183,71
1787766852.807,0,344,84,-,94,61,0,0,0,0,9501,1635,96,0,17397,32739,-,-,-,0,41,309
1787766853.876,0,348,84,-,94,62,0,0,0,0,9501,1620,98,0,17397,32739,-,-,-,0,668,20
1787766854.946,0,344,84,-,100,27,0,0,0,0,9501,1605,100,0,17397,32739,-,-,-,0,51,19
1787766856.021,0,348,85,-,99,27,0,0,0,0,9501,1650,91,0,17397,32739,-,-,-,0,56,23
1787766857.027,#,gpu,pwr,gtemp,mtemp,sm,mem,enc,dec,jpg,ofa,mclk,pclk,pviol,tviol,fb,bar1,ccpm,sbecc,dbecc,pci,rxpci,txpci
1787766857.027,#,Idx,W,C,C,%,%,%,%,%,%,MHz,MHz,%,bool,MB,MB,MB,errs,errs,errs,MB/s,MB/s
1787766857.089,0,339,82,-,64,15,0,0,0,0,9501,1635,89,0,17397,32739,-,-,-,0,36,20
1787766858.163,0,335,84,-,85,66,0,0,0,0,9501,1695,67,0,17397,32739,-,-,-,0,193,105
1787766859.237,0,344,84,-,81,61,0,0,0,0,9501,1635,71,0,17397,32739,-,-,-,0,177,55
1787766860.307,0,343,83,-,84,63,0,0,0,0,9501,1710,86,0,17397,32739,-,-,-,0,0,2
1787766861.379,0,305,83,-,96,34,0,0,0,0,9501,1650,63,0,17397,32739,-,-,-,0,38,28
1787766862.447,0,349,85,-,100,28,0,0,0,0,9501,1620,100,0,17397,32739,-,-,-,0,3807,237
1787766863.521,0,347,85,-,99,24,0,0,0,0,9501,1620,95,0,17397,32739,-,-,-,0,57,24
1787766864.587,0,348,85,-,100,31,0,0,0,0,9501,1605,93,0,17397,32739,-,-,-,0,40,14
1787766865.661,0,344,85,-,99,26,0,0,0,0,9501,1605,95,0,17397,32739,-,-,-,0,56,20
1787766866.732,0,345,85,-,100,24,0,0,0,0,9501,1650,93,0,17397,32739,-,-,-,0,148,29
1787766867.799,0,350,85,-,100,26,0,0,0,0,9501,1620,99,0,17397,32739,-,-,-,0,52,20
1787766868.871,0,349,85,-,100,26,0,0,0,0,9501,1620,95,0,17397,32739,-,-,-,0,65,23
1787766869.936,0,330,84,-,88,57,0,0,0,0,9501,1680,100,0,17397,32739,-,-,-,0,109,70
1787766871.009,0,345,84,-,87,59,0,0,0,0,9501,1590,72,0,17397,32739,-,-,-,0,98,303
1787766872.073,0,347,84,-,86,59,0,0,0,0,9501,1725,97,0,17397,32739,-,-,-,0,136,306
1787766873.146,0,347,84,-,92,62,0,0,0,0,9501,1605,97,0,17397,32739,-,-,-,0,78,30
1787766874.216,0,349,84,-,94,64,0,0,0,0,9501,1620,99,0,17397,32739,-,-,-,0,116,26
1787766875.285,0,349,84,-,93,63,0,0,0,0,9501,1635,99,0,17397,32739,-,-,-,0,16540,126
1787766876.353,0,281,84,-,100,25,0,0,0,0,9501,1650,55,0,17397,32739,-,-,-,0,64,15
1787766877.426,0,349,85,-,100,27,0,0,0,0,9501,1620,99,0,17397,32739,-,-,-,0,66,689
1787766878.494,0,348,85,-,99,24,0,0,0,0,9501,1650,100,0,17397,32739,-,-,-,0,75,16
1787766879.566,0,348,85,-,100,24,0,0,0,0,9501,1620,96,0,17397,32739,-,-,-,0,53,19
1787766880.631,0,349,85,-,100,35,0,0,0,0,9501,1590,99,0,17399,32739,-,-,-,0,38,14
1787766881.702,0,331,84,-,84,59,0,0,0,0,9501,1620,75,0,17397,32739,-,-,-,0,126,111
1787766882.774,0,343,84,-,85,65,0,0,0,0,9501,1725,65,0,17397,32739,-,-,-,0,252,50
1787766883.842,0,344,84,-,93,79,0,0,0,0,9501,1665,58,0,17397,32739,-,-,-,0,165,217
1787766884.911,0,345,84,-,87,62,0,0,0,0,9501,1695,73,0,17397,32739,-,-,-,0,187,111
1787766885.988,0,299,82,-,70,21,0,0,0,0,9501,1635,86,0,17397,32739,-,-,-,0,60,32
1787766887.059,0,329,84,-,100,26,0,0,0,0,9501,1620,81,0,17397,32739,-,-,-,0,207,176
1787766888.126,0,338,84,-,80,55,0,0,0,0,9501,1665,56,0,17397,32739,-,-,-,0,190,318
1787766889.203,0,344,83,-,76,54,0,0,0,0,9501,1665,78,0,17397,32739,-,-,-,0,187,144
1787766890.272,0,343,84,-,92,58,0,0,0,0,9501,1680,79,0,17397,32739,-,-,-,0,108,311
1787766891.344,0,345,84,-,86,57,0,0,0,0,9501,1695,87,0,17397,32739,-,-,-,0,80,54
1787766892.418,0,346,84,-,86,57,0,0,0,0,9501,1605,91,0,17397,32739,-,-,-,0,185,57
1787766893.494,0,342,84,-,87,53,0,0,0,0,9501,1620,100,0,17397,32739,-,-,-,0,80,35
1787766894.566,0,348,84,-,93,60,0,0,0,0,9501,1605,99,0,17397,32739,-,-,-,0,181,323
1787766895.633,0,347,84,-,88,56,0,0,0,0,9501,1680,97,0,17397,32739,-,-,-,0,91,298
1787766896.699,0,348,84,-,94,61,0,0,0,0,9501,1605,99,0,17397,32739,-,-,-,0,109,303
1787766897.774,0,347,84,-,94,60,0,0,0,0,9501,1620,99,0,17397,32739,-,-,-,0,171,39
1787766898.843,0,305,81,-,73,28,0,0,0,0,9501,1875,71,0,17397,32739,-,-,-,0,177,113
1787766899.911,0,333,84,-,86,63,0,0,0,0,9501,1695,84,0,17397,32739,-,-,-,0,127,319
1787766900.982,0,340,84,-,85,55,0,0,0,0,9501,1695,100,0,17397,32739,-,-,-,0,167,27
1787766902.053,0,324,83,-,88,31,0,0,0,0,9501,1605,76,0,17397,32739,-,-,-,0,172,43
1787766903.126,0,348,85,-,100,28,0,0,0,0,9501,1635,93,0,17397,32739,-,-,-,0,52,31
1787766904.133,#,gpu,pwr,gtemp,mtemp,sm,mem,enc,dec,jpg,ofa,mclk,pclk,pviol,tviol,fb,bar1,ccpm,sbecc,dbecc,pci,rxpci,txpci
1787766904.172,#,Idx,W,C,C,%,%,%,%,%,%,MHz,MHz,%,bool,MB,MB,MB,errs,errs,errs,MB/s,MB/s
1787766904.195,0,339,84,-,100,37,0,0,0,0,9501,1605,91,0,17397,32739,-,-,-,0,48,22
1787766905.262,0,331,84,-,85,57,0,0,0,0,9501,1755,83,0,17397,32739,-,-,-,0,166,199
1787766906.333,0,341,83,-,89,63,0,0,0,0,9501,1710,76,0,17397,32739,-,-,-,0,133,112
1787766907.401,0,341,83,-,92,75,0,0,0,0,9501,1695,79,0,17397,32739,-,-,-,0,177,110
1787766908.476,0,339,83,-,88,57,0,0,0,0,9501,1755,89,0,17397,32739,-,-,-,0,201,109
1787766909.547,0,343,83,-,85,56,0,0,0,0,9501,1755,70,0,17397,32739,-,-,-,0,173,323
1787766910.620,0,343,83,-,85,67,0,0,0,0,9501,1710,63,0,17397,32739,-,-,-,0,184,273
1787766911.690,0,342,83,-,81,62,0,0,0,0,9501,1680,61,0,17397,32739,-,-,-,0,169,327
1787766912.758,0,341,83,-,77,54,0,0,0,0,9501,1650,64,0,17397,32739,-,-,-,0,175,175
1787766913.828,0,340,83,-,86,56,0,0,0,0,9501,1710,75,0,17397,32739,-,-,-,0,192,106
1787766914.899,0,343,83,-,85,57,0,0,0,0,9501,1680,93,0,17397,32739,-,-,-,0,158,62
1787766915.969,0,340,83,-,86,59,0,0,0,0,9501,1695,100,0,17397,32739,-,-,-,0,186,334
1787766917.040,0,340,83,-,80,65,0,0,0,0,9501,1680,72,0,17397,32739,-,-,-,0,158,321
1787766918.113,0,341,84,-,84,61,0,0,0,0,9501,1635,65,0,17397,32739,-,-,-,0,173,312
1787766919.182,0,344,83,-,89,58,0,0,0,0,9501,1680,86,0,17397,32739,-,-,-,0,172,219
1787766920.257,0,345,84,-,94,72,0,0,0,0,9501,1710,85,0,17397,32739,-,-,-,0,183,147
1787766921.321,0,341,83,-,83,55,0,0,0,0,9501,1650,75,0,17397,32739,-,-,-,0,177,72
1787766922.396,0,345,83,-,93,61,0,0,0,0,9501,1680,78,0,17397,32739,-,-,-,0,186,61
1787766923.468,0,346,83,-,85,57,0,0,0,0,9501,1695,100,0,17397,32739,-,-,-,0,191,94
1787766924.538,0,345,83,-,87,57,0,0,0,0,9501,1710,67,0,17397,32739,-,-,-,0,55,54
1787766925.612,0,344,84,-,93,63,0,0,0,0,9501,1590,79,0,17397,32739,-,-,-,0,45,324
1787766926.680,0,343,84,-,79,59,0,0,0,0,9501,1710,83,0,17397,32739,-,-,-,0,200,103
1787766927.750,0,342,83,-,80,61,0,0,0,0,9501,1725,74,0,17397,32739,-,-,-,0,203,112
1787766928.820,0,344,83,-,89,59,0,0,0,0,9501,1725,76,0,17397,32739,-,-,-,0,224,325
1787766929.892,0,347,84,-,88,58,0,0,0,0,9501,1665,93,0,17397,32739,-,-,-,0,197,271
1787766930.962,0,345,83,-,89,61,0,0,0,0,9501,1695,100,0,17397,32739,-,-,-,0,145,320
1787766932.033,0,345,84,-,87,58,0,0,0,0,9501,1725,90,0,17397,32739,-,-,-,0,187,109
1787766933.094,0,349,84,-,85,55,0,0,0,0,9501,1635,86,0,17397,32739,-,-,-,0,222,154
1787766934.163,0,347,84,-,93,62,0,0,0,0,9501,1575,89,0,17397,32739,-,-,-,0,193,107
1787766935.231,0,346,84,-,93,60,0,0,0,0,9501,1680,68,0,17397,32739,-,-,-,0,177,113
1787766936.295,0,343,84,-,84,60,0,0,0,0,9501,1710,77,0,17397,32739,-,-,-,0,176,324
1787766937.363,0,343,84,-,82,60,0,0,0,0,9501,1695,62,0,17397,32739,-,-,-,0,162,155
1787766938.430,0,342,83,-,86,57,0,0,0,0,9501,1680,65,0,17397,32739,-,-,-,0,172,122
1787766939.497,0,344,83,-,86,59,0,0,0,0,9501,1740,100,0,17397,32739,-,-,-,0,193,106
1787766940.567,0,344,84,-,82,62,0,0,0,0,9501,1695,71,0,17397,32739,-,-,-,0,71,60
1787766941.632,0,346,84,-,82,61,0,0,0,0,9501,1665,81,0,17397,32739,-,-,-,0,133,298
1787766942.708,0,347,84,-,87,56,0,0,0,0,9501,1740,77,0,17397,32739,-,-,-,0,98,122
1787766943.783,0,344,84,-,87,54,0,0,0,0,9501,1725,66,0,17397,32739,-,-,-,0,181,65
1787766944.854,0,345,84,-,81,62,0,0,0,0,9501,1635,71,0,17397,32739,-,-,-,0,190,59
1787766945.922,0,341,84,-,88,61,0,0,0,0,9501,1710,60,0,17397,32739,-,-,-,0,206,212
1787766946.988,0,344,84,-,87,59,0,0,0,0,9501,1755,100,0,17397,32739,-,-,-,0,106,306
1787766948.059,0,345,84,-,81,62,0,0,0,0,9501,1635,62,0,17397,32739,-,-,-,0,132,216
1787766949.126,0,344,83,-,80,54,0,0,0,0,9501,1695,78,0,17397,32739,-,-,-,0,133,315
1787766950.200,0,345,84,-,82,57,0,0,0,0,9501,1695,77,0,17397,32739,-,-,-,0,198,107
1787766951.212,#,gpu,pwr,gtemp,mtemp,sm,mem,enc,dec,jpg,ofa,mclk,pclk,pviol,tviol,fb,bar1,ccpm,sbecc,dbecc,pci,rxpci,txpci
1787766951.212,#,Idx,W,C,C,%,%,%,%,%,%,MHz,MHz,%,bool,MB,MB,MB,errs,errs,errs,MB/s,MB/s
1787766951.275,0,346,83,-,89,69,0,0,0,0,9501,1605,64,0,17397,32739,-,-,-,0,181,276
1787766952.342,0,346,84,-,87,61,0,0,0,0,9501,1665,77,0,17397,32739,-,-,-,0,176,62
1787766953.417,0,346,83,-,84,60,0,0,0,0,9501,1755,80,0,17397,32739,-,-,-,0,131,300
1787766954.481,0,344,84,-,79,55,0,0,0,0,9501,1710,100,0,17397,32739,-,-,-,0,154,60
1787766955.550,0,346,84,-,85,62,0,0,0,0,9501,1680,81,0,17397,32739,-,-,-,0,194,111
1787766956.621,0,346,84,-,85,55,0,0,0,0,9501,1665,92,0,17397,32739,-,-,-,0,118,309
1787766957.689,0,341,84,-,84,59,0,0,0,0,9501,1695,87,0,17397,32739,-,-,-,0,174,331
1787766958.764,0,343,84,-,87,59,0,0,0,0,9501,1650,78,0,17397,32739,-,-,-,0,170,225
1787766959.836,0,344,84,-,87,60,0,0,0,0,9501,1635,85,0,17397,32739,-,-,-,0,293,230
1787766960.905,0,346,84,-,85,56,0,0,0,0,9501,1605,92,0,17397,32739,-,-,-,0,160,327
1787766961.980,0,343,83,-,84,53,0,0,0,0,9501,1725,100,0,17397,32739,-,-,-,0,168,95
1787766963.048,0,340,83,-,81,57,0,0,0,0,9501,1740,70,0,17397,32739,-,-,-,0,193,93
1787766964.118,0,344,84,-,86,61,0,0,0,0,9501,1695,61,0,17397,32739,-,-,-,0,50,320
1787766965.187,0,344,84,-,86,57,0,0,0,0,9501,1695,91,0,17397,32739,-,-,-,0,170,299
1787766966.256,0,346,84,-,88,58,0,0,0,0,9501,1650,97,0,17397,32739,-,-,-,0,171,324
1787766967.322,0,345,84,-,84,64,0,0,0,0,9501,1590,75,0,17397,32739,-,-,-,0,214,279
1787766968.392,0,345,84,-,83,59,0,0,0,0,9501,1740,74,0,17397,32739,-,-,-,0,156,215
1787766969.461,0,346,84,-,86,59,0,0,0,0,9501,1695,100,0,17397,32739,-,-,-,0,178,223
1787766970.535,0,346,84,-,83,62,0,0,0,0,9501,1710,65,0,17397,32739,-,-,-,0,165,159
1787766971.607,0,346,84,-,88,59,0,0,0,0,9501,1560,80,0,17397,32739,-,-,-,0,83,32
1787766972.676,0,345,84,-,87,60,0,0,0,0,9501,1710,84,0,17397,32739,-,-,-,0,103,295
1787766973.746,0,345,84,-,89,63,0,0,0,0,9501,1725,85,0,17397,32739,-,-,-,0,204,224
1787766974.813,0,348,83,-,89,68,0,0,0,0,9501,1650,55,0,17397,32739,-,-,-,0,157,64
1787766975.885,0,347,84,-,83,61,0,0,0,0,9501,1710,85,0,17397,32739,-,-,-,0,278,129
1787766976.952,0,343,84,-,87,61,0,0,0,0,9501,1695,100,0,17397,32739,-,-,-,0,199,165
1787766978.019,0,347,84,-,87,58,0,0,0,0,9501,1680,80,0,17397,32739,-,-,-,0,196,50
1787766979.089,0,342,84,-,82,60,0,0,0,0,9501,1680,82,0,17397,32739,-,-,-,0,173,60
1787766980.159,0,342,83,-,87,61,0,0,0,0,9501,1740,71,0,17397,32739,-,-,-,0,185,327
1787766981.228,0,346,84,-,85,69,0,0,0,0,9501,1740,76,0,17397,32739,-,-,-,0,168,308
1787766982.302,0,341,84,-,83,58,0,0,0,0,9501,1710,71,0,17397,32739,-,-,-,0,127,302
1787766983.378,0,344,83,-,88,67,0,0,0,0,9501,1620,83,0,17397,32739,-,-,-,0,119,323
1787766984.449,0,344,83,-,89,57,0,0,0,0,9501,1725,100,0,17397,32739,-,-,-,0,192,167
1787766985.521,0,348,84,-,93,64,0,0,0,0,9501,1635,86,0,17397,32739,-,-,-,0,163,123
1787766986.585,0,339,83,-,85,64,0,0,0,0,9501,1725,80,0,17397,32739,-,-,-,0,183,166
1787766987.651,0,344,83,-,88,59,0,0,0,0,9501,1665,82,0,17397,32739,-,-,-,0,185,210
1787766988.717,0,345,84,-,85,57,0,0,0,0,9501,1665,89,0,17397,32739,-,-,-,0,178,268
1787766989.789,0,345,84,-,88,62,0,0,0,0,9501,1740,76,0,17397,32739,-,-,-,0,205,78
1787766990.861,0,344,83,-,82,61,0,0,0,0,9501,1680,67,0,17397,32739,-,-,-,0,186,69
1787766991.932,0,346,84,-,86,63,0,0,0,0,9501,1695,68,0,17397,32739,-,-,-,0,185,50
1787766993.001,0,346,84,-,85,56,0,0,0,0,9501,1635,100,0,17397,32739,-,-,-,0,52,323
1787766994.073,0,345,83,-,89,60,0,0,0,0,9501,1605,100,0,17397,32739,-,-,-,0,44,310
1787766995.144,0,347,83,-,93,61,0,0,0,0,9501,1590,99,0,17397,32739,-,-,-,0,180,171
1787766996.215,0,329,83,-,84,57,0,0,0,0,9501,1590,95,0,17397,32739,-,-,-,0,84,313
1787766997.282,0,330,83,-,91,60,0,0,0,0,9501,1635,99,0,17397,32739,-,-,-,0,171,324
1787766998.287,#,gpu,pwr,gtemp,mtemp,sm,mem,enc,dec,jpg,ofa,mclk,pclk,pviol,tviol,fb,bar1,ccpm,sbecc,dbecc,pci,rxpci,txpci
1787766998.287,#,Idx,W,C,C,%,%,%,%,%,%,MHz,MHz,%,bool,MB,MB,MB,errs,errs,errs,MB/s,MB/s
1787766998.349,0,330,83,-,86,60,0,0,0,0,9501,1665,79,0,17397,32739,-,-,-,0,178,51
1787766999.421,0,331,83,-,88,68,0,0,0,0,9501,1650,73,0,17397,32739,-,-,-,0,180,57
1787767000.494,0,331,83,-,83,57,0,0,0,0,9501,1635,100,0,17397,32739,-,-,-,0,156,116
1787767001.563,0,331,83,-,85,61,0,0,0,0,9501,1680,73,0,17397,32739,-,-,-,0,190,56
1787767002.635,0,331,82,-,90,64,0,0,0,0,9501,1680,78,0,17397,32739,-,-,-,0,112,90
1787767003.708,0,328,83,-,86,54,0,0,0,0,9501,1665,79,0,17397,32739,-,-,-,0,176,267
1787767004.770,0,327,82,-,85,61,0,0,0,0,9501,1590,82,0,17397,32739,-,-,-,0,126,105
1787767005.836,0,328,83,-,88,56,0,0,0,0,9501,1635,93,0,17397,32739,-,-,-,0,74,313
1787767006.912,0,333,83,-,93,60,0,0,0,0,9501,1605,99,0,17397,32739,-,-,-,0,73,339
1787767007.987,0,332,83,-,93,61,0,0,0,0,9501,1575,100,0,17397,32739,-,-,-,0,78,312
1787767009.062,0,332,83,-,94,61,0,0,0,0,9501,1590,99,0,17397,32739,-,-,-,0,64,304
1787767010.135,0,272,81,-,100,24,0,0,0,0,9501,1560,58,0,17397,32739,-,-,-,0,93,32
1787767011.205,0,320,83,-,88,57,0,0,0,0,9501,1650,87,0,17397,32739,-,-,-,0,175,136
1787767012.280,0,344,83,-,87,63,0,0,0,0,9501,1665,77,0,17397,32739,-,-,-,0,219,117
1787767013.352,0,343,83,-,86,56,0,0,0,0,9501,1710,78,0,17397,32739,-,-,-,0,237,49
1787767014.422,0,345,83,-,81,58,0,0,0,0,9501,1695,79,0,17397,32739,-,-,-,0,6,6495
1787767015.491,0,319,84,-,100,37,0,0,0,0,9501,1605,100,0,17397,32739,-,-,-,0,724,8719
1787767016.562,0,334,84,-,84,58,0,0,0,0,9501,1725,77,0,17397,32739,-,-,-,0,179,298
1787767017.633,0,342,84,-,87,55,0,0,0,0,9501,1665,60,0,17397,32739,-,-,-,0,154,216
1787767018.706,0,339,83,-,82,58,0,0,0,0,9501,1740,45,0,17397,32739,-,-,-,0,168,322
1787767019.780,0,344,83,-,86,57,0,0,0,0,9501,1695,70,0,17397,32739,-,-,-,0,102,20
1787767020.854,0,346,83,-,85,59,0,0,0,0,9501,1695,96,0,17397,32739,-,-,-,0,127,60
1787767021.925,0,344,83,-,82,63,0,0,0,0,9501,1650,84,0,17397,32739,-,-,-,0,109,334
1787767022.998,0,344,83,-,86,58,0,0,0,0,9501,1665,100,0,17397,32739,-,-,-,0,50,147
1787767024.071,0,344,84,-,90,61,0,0,0,0,9501,1650,95,0,17397,32739,-,-,-,0,106,29
1787767025.143,0,347,84,-,92,59,0,0,0,0,9501,1575,97,0,17397,32739,-,-,-,0,69,29
1787767026.212,0,346,83,-,86,54,0,0,0,0,9501,1695,99,0,17397,32739,-,-,-,0,53,300
1787767027.286,0,347,84,-,94,60,0,0,0,0,9501,1605,99,0,17397,32739,-,-,-,0,198,162
1787767028.360,0,345,84,-,84,62,0,0,0,0,9501,1695,66,0,17397,32739,-,-,-,0,198,173
1787767029.429,0,347,83,-,83,65,0,0,0,0,9501,1740,67,0,17397,32739,-,-,-,0,198,223
1787767030.500,0,341,83,-,82,55,0,0,0,0,9501,1680,94,0,17397,32739,-,-,-,0,174,222
1787767031.573,0,346,84,-,84,59,0,0,0,0,9501,1710,84,0,17397,32739,-,-,-,0,201,67
1787767032.645,0,347,84,-,92,59,0,0,0,0,9501,1620,69,0,17397,32739,-,-,-,0,197,60
1787767033.722,0,303,83,-,64,19,0,0,0,0,9501,1860,65,0,17397,32739,-,-,-,0,48,15
1787767034.788,0,344,84,-,100,36,0,0,0,0,9501,1575,98,0,17397,32739,-,-,-,0,63,29
1787767035.856,0,331,84,-,80,57,0,0,0,0,9501,1620,73,0,17397,32739,-,-,-,0,167,35
1787767036.930,0,345,84,-,87,60,0,0,0,0,9501,1710,81,0,17397,32739,-,-,-,0,186,294
1787767038.004,0,346,84,-,82,56,0,0,0,0,9501,1740,100,0,17397,32739,-,-,-,0,168,307
1787767039.075,0,317,80,-,75,23,0,0,0,0,9501,1605,62,0,17397,32739,-,-,-,0,731,1319
1787767040.141,0,345,85,-,100,27,0,0,0,0,9501,1620,93,0,17397,32739,-,-,-,0,50,19
1787767041.209,0,347,84,-,95,24,0,0,0,0,9501,1605,93,0,17397,32739,-,-,-,0,43,650
1787767042.277,0,334,84,-,100,25,0,0,0,0,9501,1635,83,0,17397,32739,-,-,-,0,183,199
1787767043.349,0,341,84,-,87,59,0,0,0,0,9501,1665,78,0,17397,32739,-,-,-,0,205,109
1787767044.420,0,346,84,-,86,55,0,0,0,0,9501,1710,89,0,17397,32739,-,-,-,0,129,26
1787767045.434,#,gpu,pwr,gtemp,mtemp,sm,mem,enc,dec,jpg,ofa,mclk,pclk,pviol,tviol,fb,bar1,ccpm,sbecc,dbecc,pci,rxpci,txpci
1787767045.434,#,Idx,W,C,C,%,%,%,%,%,%,MHz,MHz,%,bool,MB,MB,MB,errs,errs,errs,MB/s,MB/s
1787767045.496,0,348,84,-,94,62,0,0,0,0,9501,1605,100,0,17397,32739,-,-,-,0,83,38
1787767046.568,0,346,84,-,92,60,0,0,0,0,9501,1635,99,0,17397,32739,-,-,-,0,73,299
1787767047.639,0,348,84,-,93,60,0,0,0,0,9501,1620,99,0,17397,32739,-,-,-,0,94,311
1787767048.710,0,348,84,-,94,61,0,0,0,0,9501,1590,99,0,17397,32739,-,-,-,0,135,322
1787767049.778,0,347,84,-,94,61,0,0,0,0,9501,1620,99,0,17397,32739,-,-,-,0,97,311
1787767050.849,0,346,84,-,90,62,0,0,0,0,9501,1680,99,0,17397,32739,-,-,-,0,110,301
1787767051.920,0,318,80,-,1,0,0,0,0,0,9501,1905,85,0,17397,32739,-,-,-,0,47,674
1787767052.990,0,340,84,-,100,27,0,0,0,0,9501,1635,100,0,17397,32739,-,-,-,0,1393,8268
1787767054.060,0,340,84,-,85,64,0,0,0,0,9501,1725,77,0,17397,32739,-,-,-,0,225,160
1787767055.130,0,345,83,-,86,57,0,0,0,0,9501,1605,80,0,17397,32739,-,-,-,0,93,111
1787767056.201,0,347,84,-,83,56,0,0,0,0,9501,1695,82,0,17397,32739,-,-,-,0,193,273
1787767057.274,0,321,83,-,100,37,0,0,0,0,9501,1605,60,0,17397,32739,-,-,-,0,82,223
1787767058.347,0,328,85,-,62,16,0,0,0,0,9501,1800,81,0,17399,32739,-,-,-,0,193,105
1787767059.421,0,338,84,-,87,61,0,0,0,0,9501,1725,72,0,17399,32739,-,-,-,0,162,285
1787767060.495,0,345,84,-,89,60,0,0,0,0,9501,1695,100,0,17399,32739,-,-,-,0,193,268
1787767061.558,0,345,83,-,88,57,0,0,0,0,9501,1620,97,0,17399,32739,-,-,-,0,186,208
1787767062.630,0,348,84,-,88,58,0,0,0,0,9501,1695,92,0,17399,32739,-,-,-,0,175,48
1787767063.704,0,348,84,-,93,61,0,0,0,0,9501,1620,95,0,17399,32739,-,-,-,0,181,53
1787767064.768,0,343,83,-,85,62,0,0,0,0,9501,1710,77,0,17399,32739,-,-,-,0,165,169
1787767065.835,0,345,83,-,84,66,0,0,0,0,9501,1650,56,0,17399,32739,-,-,-,0,197,105
1787767066.905,0,346,84,-,91,62,0,0,0,0,9501,1665,56,0,17399,32739,-,-,-,0,99,303
1787767067.972,0,346,84,-,88,59,0,0,0,0,9501,1710,100,0,17399,32739,-,-,-,0,124,320
1787767069.039,0,345,84,-,87,54,0,0,0,0,9501,1620,78,0,17399,32739,-,-,-,0,137,60
1787767070.109,0,345,84,-,86,60,0,0,0,0,9501,1710,96,0,17399,32739,-,-,-,0,85,52
1787767071.178,0,345,84,-,93,61,0,0,0,0,9501,1620,85,0,17399,32739,-,-,-,0,162,24
1787767072.248,0,348,84,-,94,63,0,0,0,0,9501,1620,99,0,17399,32739,-,-,-,0,201,55
1787767073.315,0,346,84,-,88,55,0,0,0,0,9501,1695,90,0,17399,32739,-,-,-,0,140,29
1787767074.383,0,346,84,-,94,62,0,0,0,0,9501,1590,83,0,17399,32739,-,-,-,0,70,51
1787767075.448,0,347,84,-,93,62,0,0,0,0,9501,1620,100,0,17399,32739,-,-,-,0,123,19
1787767076.517,0,347,84,-,94,62,0,0,0,0,9501,1620,99,0,17399,32739,-,-,-,0,58,323
1787767077.588,0,348,84,-,92,61,0,0,0,0,9501,1620,99,0,17399,32739,-,-,-,0,117,26
1787767078.658,0,305,79,-,21,3,0,0,0,0,9501,1905,77,0,17399,32739,-,-,-,0,44,56
1787767079.723,0,334,85,-,99,26,0,0,0,0,9501,1635,90,0,17399,32739,-,-,-,0,42,397
1787767080.792,0,334,84,-,87,56,0,0,0,0,9501,1695,85,0,17399,32739,-,-,-,0,215,269
1787767081.866,0,345,84,-,92,61,0,0,0,0,9501,1665,64,0,17399,32739,-,-,-,0,188,217
1787767082.939,0,342,84,-,88,59,0,0,0,0,9501,1695,76,0,17399,32739,-,-,-,0,1,0
1787767084.010,0,320,85,-,99,25,0,0,0,0,9501,1635,100,0,17399,32739,-,-,-,0,33,54
1787767085.083,0,348,85,-,100,27,0,0,0,0,9501,1620,99,0,17399,32739,-,-,-,0,46,16
1787767086.152,0,333,83,-,100,27,0,0,0,0,9501,1635,82,0,17399,32739,-,-,-,0,34,140
1787767087.223,0,343,84,-,87,58,0,0,0,0,9501,1665,79,0,17399,32739,-,-,-,0,223,159
1787767088.300,0,343,84,-,84,57,0,0,0,0,9501,1695,82,0,17399,32739,-,-,-,0,116,20
1787767089.371,0,347,84,-,92,59,0,0,0,0,9501,1620,99,0,17399,32739,-,-,-,0,57,304
1787767090.442,0,347,84,-,88,58,0,0,0,0,9501,1650,99,0,17399,32739,-,-,-,0,113,29
1787767091.514,0,348,84,-,93,60,0,0,0,0,9501,1635,100,0,17399,32739,-,-,-,0,73,25
1787767092.526,#,gpu,pwr,gtemp,mtemp,sm,mem,enc,dec,jpg,ofa,mclk,pclk,pviol,tviol,fb,bar1,ccpm,sbecc,dbecc,pci,rxpci,txpci
1787767092.526,#,Idx,W,C,C,%,%,%,%,%,%,MHz,MHz,%,bool,MB,MB,MB,errs,errs,errs,MB/s,MB/s
1787767092.590,0,348,84,-,94,61,0,0,0,0,9501,1620,99,0,17399,32739,-,-,-,0,82,30
1787767093.665,0,347,84,-,93,61,0,0,0,0,9501,1620,99,0,17399,32739,-,-,-,0,100,33
1787767094.733,0,347,83,-,90,59,0,0,0,0,9501,1605,99,0,17399,32739,-,-,-,0,49,306
1787767095.802,0,329,82,-,1,0,0,0,0,0,9501,1755,91,0,17399,32739,-,-,-,0,77,24
1787767096.869,0,293,84,-,100,27,0,0,0,0,9501,1635,72,0,17399,32739,-,-,-,0,63,14
1787767097.944,0,332,84,-,86,57,0,0,0,0,9501,1740,81,0,17399,32739,-,-,-,0,185,145
1787767099.017,0,339,84,-,83,64,0,0,0,0,9501,1710,96,0,17399,32739,-,-,-,0,190,217
1787767100.091,0,341,84,-,91,69,0,0,0,0,9501,1680,58,0,17399,32739,-,-,-,0,335,91
1787767101.164,0,343,83,-,82,61,0,0,0,0,9501,1710,77,0,17399,32739,-,-,-,0,95,309
1787767102.231,0,323,83,-,100,39,0,0,0,0,9501,1620,76,0,17399,32739,-,-,-,0,549,14
1787767103.301,0,334,84,-,100,27,0,0,0,0,9501,1620,81,0,17399,32739,-,-,-,0,211,110
1787767104.378,0,339,84,-,85,61,0,0,0,0,9501,1695,75,0,17399,32739,-,-,-,0,188,91
1787767105.446,0,343,83,-,88,55,0,0,0,0,9501,1695,83,0,17399,32739,-,-,-,0,63,52
1787767106.518,0,344,84,-,87,56,0,0,0,0,9501,1710,100,0,17399,32739,-,-,-,0,209,163
1787767107.587,0,346,83,-,88,58,0,0,0,0,9501,1635,78,0,17399,32739,-,-,-,0,97,295
1787767108.659,0,347,84,-,94,61,0,0,0,0,9501,1635,99,0,17399,32739,-,-,-,0,103,327
1787767109.730,0,347,84,-,89,63,0,0,0,0,9501,1695,86,0,17399,32739,-,-,-,0,72,37
1787767110.798,0,347,83,-,89,59,0,0,0,0,9501,1605,98,0,17399,32739,-,-,-,0,201,83
1787767111.869,0,341,84,-,90,58,0,0,0,0,9501,1695,89,0,17399,32739,-,-,-,0,189,109
1787767112.943,0,344,84,-,87,58,0,0,0,0,9501,1710,61,0,17399,32739,-,-,-,0,207,175
1787767114.014,0,346,84,-,92,60,0,0,0,0,9501,1665,100,0,17399,32739,-,-,-,0,183,105
1787767115.086,0,344,84,-,88,57,0,0,0,0,9501,1650,95,0,17399,32739,-,-,-,0,171,345
1787767116.157,0,343,83,-,82,64,0,0,0,0,9501,1695,86,0,17399,32739,-,-,-,0,138,308
1787767117.230,0,323,81,-,0,0,0,0,0,0,9501,1905,87,0,17399,32739,-,-,-,0,49,15
1787767118.305,0,316,85,-,100,28,0,0,0,0,9501,1635,82,0,17399,32739,-,-,-,0,32,18
1787767119.378,0,334,84,-,85,57,0,0,0,0,9501,1635,81,0,17399,32739,-,-,-,0,208,215
1787767120.448,0,344,83,-,82,59,0,0,0,0,9501,1710,90,0,17399,32739,-,-,-,0,206,222
1787767121.514,0,319,80,-,3,0,0,0,0,0,9501,1905,83,0,17399,32739,-,-,-,0,70,21
1787767122.584,0,326,84,-,100,27,0,0,0,0,9501,1635,86,0,17399,32739,-,-,-,0,758,15
1787767123.655,0,346,85,-,84,22,0,0,0,0,9501,1725,99,0,17399,32739,-,-,-,0,40,21
1787767124.720,0,340,85,-,99,26,0,0,0,0,9501,1650,85,0,17399,32739,-,-,-,0,39,676
1787767125.788,0,348,85,-,100,27,0,0,0,0,9501,1635,99,0,17399,32739,-,-,-,0,33,13
1787767126.854,0,340,84,-,100,25,0,0,0,0,9501,1650,85,0,17399,32739,-,-,-,0,124,63
1787767127.922,0,342,84,-,90,64,0,0,0,0,9501,1695,77,0,17399,32739,-,-,-,0,194,170
1787767128.991,0,346,84,-,86,57,0,0,0,0,9501,1605,100,0,17399,32739,-,-,-,0,163,32
1787767130.055,0,348,84,-,93,61,0,0,0,0,9501,1620,99,0,17399,32739,-,-,-,0,111,323
1787767131.124,0,348,84,-,94,62,0,0,0,0,9501,1590,99,0,17399,32739,-,-,-,0,226,48
1787767132.190,0,348,84,-,92,59,0,0,0,0,9501,1650,99,0,17399,32739,-,-,-,0,75,316
1787767133.261,0,347,84,-,93,61,0,0,0,0,9501,1590,99,0,17399,32739,-,-,-,0,118,27
1787767134.331,0,309,80,-,9,0,0,0,0,0,9501,1905,79,0,17399,32739,-,-,-,0,44,27
1787767135.398,0,308,84,-,93,60,0,0,0,0,9501,1665,68,0,17399,32739,-,-,-,0,162,63
1787767136.464,0,345,83,-,84,63,0,0,0,0,9501,1725,100,0,17399,32739,-,-,-,0,125,113
1787767137.538,0,334,84,-,43,29,0,0,0,0,9501,1890,69,0,17399,32739,-,-,-,0,92,33
1787767138.608,0,319,84,-,100,27,0,0,0,0,9501,1620,76,0,17399,32739,-,-,-,0,33,34
1787767139.619,#,gpu,pwr,gtemp,mtemp,sm,mem,enc,dec,jpg,ofa,mclk,pclk,pviol,tviol,fb,bar1,ccpm,sbecc,dbecc,pci,rxpci,txpci
1787767139.660,#,Idx,W,C,C,%,%,%,%,%,%,MHz,MHz,%,bool,MB,MB,MB,errs,errs,errs,MB/s,MB/s
1787767139.679,0,337,83,-,87,57,0,0,0,0,9501,1695,87,0,17399,32739,-,-,-,0,172,321
1787767140.750,0,346,83,-,87,60,0,0,0,0,9501,1695,71,0,17399,32739,-,-,-,0,176,62
1787767141.819,0,346,83,-,86,59,0,0,0,0,9501,1740,77,0,17399,32739,-,-,-,0,178,66
1787767142.889,0,343,84,-,84,60,0,0,0,0,9501,1710,78,0,17399,32739,-,-,-,0,136,308
1787767143.953,0,347,84,-,90,58,0,0,0,0,9501,1620,100,0,17399,32739,-,-,-,0,107,24
1787767145.022,0,348,84,-,94,60,0,0,0,0,9501,1620,99,0,17399,32739,-,-,-,0,103,311
1787767146.089,0,347,84,-,89,58,0,0,0,0,9501,1635,99,0,17399,32739,-,-,-,0,87,303
1787767147.156,0,341,80,-,59,38,0,0,0,0,9501,1860,99,0,17399,32739,-,-,-,0,194,40
1787767148.223,0,315,84,-,100,39,0,0,0,0,9501,1590,74,0,17399,32739,-,-,-,0,111,16
1787767149.293,0,335,84,-,85,60,0,0,0,0,9501,1695,89,0,17399,32739,-,-,-,0,187,113
1787767150.367,0,341,83,-,85,60,0,0,0,0,9501,1740,72,0,17399,32739,-,-,-,0,169,327
1787767151.439,0,337,81,-,74,48,0,0,0,0,9501,1830,68,0,17399,32739,-,-,-,0,903,21
1787767152.509,0,343,84,-,100,25,0,0,0,0,9501,1620,100,0,17399,32739,-,-,-,0,50,14
1787767153.579,0,342,85,-,100,27,0,0,0,0,9501,1635,91,0,17399,32739,-,-,-,0,40,17
1787767154.648,0,348,85,-,100,25,0,0,0,0,9501,1635,99,0,17399,32739,-,-,-,0,2739,413
1787767155.716,0,348,85,-,99,27,0,0,0,0,9501,1635,97,0,17399,32739,-,-,-,0,35,16
1787767156.778,0,346,85,-,80,19,0,0,0,0,9501,1665,97,0,17399,32739,-,-,-,0,1089,12
1787767157.857,0,347,84,-,100,42,0,0,0,0,9501,1725,97,0,17399,32739,-,-,-,0,37,743
1787767158.926,0,330,84,-,85,63,0,0,0,0,9501,1725,79,0,17399,32739,-,-,-,0,178,311
1787767159.995,0,347,84,-,88,56,0,0,0,0,9501,1605,100,0,17399,32739,-,-,-,0,77,317
1787767161.066,0,348,84,-,94,64,0,0,0,0,9501,1605,99,0,17399,32739,-,-,-,0,52,310
1787767162.132,0,347,84,-,90,62,0,0,0,0,9501,1605,99,0,17399,32739,-,-,-,0,111,342
1787767163.197,0,348,84,-,94,63,0,0,0,0,9501,1620,99,0,17399,32739,-,-,-,0,166,304
1787767164.270,0,348,84,-,94,64,0,0,0,0,9501,1605,99,0,17399,32739,-,-,-,0,9043,46
1787767165.341,0,278,83,-,61,33,0,0,0,0,9501,1680,45,0,17399,32739,-,-,-,0,194,161
1787767166.409,0,335,84,-,85,58,0,0,0,0,9501,1620,78,0,17399,32739,-,-,-,0,111,143
1787767167.482,0,322,81,-,10,0,0,0,0,0,9501,1905,100,0,17399,32739,-,-,-,0,77,31
1787767168.552,0,319,84,-,100,25,0,0,0,0,9501,1650,78,0,17399,32739,-,-,-,0,47,38
1787767169.619,0,343,84,-,83,62,0,0,0,0,9501,1695,85,0,17399,32739,-,-,-,0,189,173
1787767170.687,0,347,83,-,90,63,0,0,0,0,9501,1695,68,0,17399,32739,-,-,-,0,183,257
1787767171.757,0,348,84,-,84,60,0,0,0,0,9501,1725,82,0,17399,32739,-,-,-,0,164,148
1787767172.826,0,348,84,-,92,60,0,0,0,0,9501,1605,84,0,17399,32739,-,-,-,0,45,311
1787767173.895,0,345,84,-,89,59,0,0,0,0,9501,1605,99,0,17399,32739,-,-,-,0,107,20
1787767174.964,0,347,84,-,90,58,0,0,0,0,9501,1635,100,0,17399,32739,-,-,-,0,152,325
1787767176.037,0,345,81,-,77,49,0,0,0,0,9501,1875,95,0,17399,32739,-,-,-,0,4,5516
1787767177.101,0,304,84,-,80,19,0,0,0,0,9501,1635,61,0,17399,32739,-,-,-,0,38,15
1787767178.167,0,340,84,-,89,56,0,0,0,0,9501,1650,88,0,17399,32739,-,-,-,0,267,343
1787767179.234,0,346,83,-,85,58,0,0,0,0,9501,1665,67,0,17399,32739,-,-,-,0,196,108
1787767180.295,0,319,83,-,100,36,0,0,0,0,9501,1605,62,0,17399,32739,-,-,-,0,50,15
1787767181.362,0,347,84,-,100,27,0,0,0,0,9501,1560,94,0,17399,32739,-,-,-,0,3803,11
1787767182.434,0,338,85,-,99,26,0,0,0,0,9501,1635,89,0,17399,32739,-,-,-,0,38,16
1787767183.509,0,331,83,-,60,26,0,0,0,0,9501,1725,100,0,17399,32739,-,-,-,0,191,113
1787767184.575,0,339,84,-,84,59,0,0,0,0,9501,1590,52,0,17399,32739,-,-,-,0,185,218
1787767185.645,0,345,84,-,86,59,0,0,0,0,9501,1695,83,0,17399,32739,-,-,-,0,173,323
1787767186.655,#,gpu,pwr,gtemp,mtemp,sm,mem,enc,dec,jpg,ofa,mclk,pclk,pviol,tviol,fb,bar1,ccpm,sbecc,dbecc,pci,rxpci,txpci
1787767186.655,#,Idx,W,C,C,%,%,%,%,%,%,MHz,MHz,%,bool,MB,MB,MB,errs,errs,errs,MB/s,MB/s
1787767186.717,0,345,84,-,83,55,0,0,0,0,9501,1680,82,0,17399,32739,-,-,-,0,108,24
1787767187.782,0,346,84,-,86,58,0,0,0,0,9501,1635,99,0,17399,32739,-,-,-,0,111,304
1787767188.851,0,348,84,-,94,62,0,0,0,0,9501,1620,99,0,17399,32739,-,-,-,0,100,306
1787767189.919,0,348,84,-,95,62,0,0,0,0,9501,1620,99,0,17399,32739,-,-,-,0,0,1
1787767190.995,0,304,84,-,100,27,0,0,0,0,9501,1650,100,0,17399,32739,-,-,-,0,37,21
1787767192.064,0,346,85,-,100,24,0,0,0,0,9501,1620,96,0,17399,32739,-,-,-,0,54,19
1787767193.134,0,334,84,-,89,58,0,0,0,0,9501,1680,87,0,17399,32739,-,-,-,0,158,313
1787767194.202,0,346,84,-,89,57,0,0,0,0,9501,1665,86,0,17399,32739,-,-,-,0,178,200
1787767195.269,0,347,84,-,86,59,0,0,0,0,9501,1680,73,0,17399,32739,-,-,-,0,194,216
1787767196.340,0,347,83,-,86,56,0,0,0,0,9501,1695,63,0,17399,32739,-,-,-,0,56,24
1787767197.407,0,314,84,-,75,23,0,0,0,0,9501,1620,67,0,17399,32739,-,-,-,0,36,37
1787767198.477,0,343,84,-,86,62,0,0,0,0,9501,1635,100,0,17399,32739,-,-,-,0,164,214
1787767199.548,0,343,84,-,88,61,0,0,0,0,9501,1695,87,0,17399,32739,-,-,-,0,172,65
1787767200.614,0,347,83,-,87,55,0,0,0,0,9501,1680,90,0,17399,32739,-,-,-,0,174,58
1787767201.684,0,347,84,-,84,54,0,0,0,0,9501,1665,97,0,17399,32739,-,-,-,0,172,32
1787767202.749,0,347,84,-,94,61,0,0,0,0,9501,1635,93,0,17399,32739,-,-,-,0,47,318
1787767203.824,0,344,83,-,90,63,0,0,0,0,9501,1725,89,0,17399,32739,-,-,-,0,88,304
1787767204.888,0,343,83,-,84,66,0,0,0,0,9501,1680,91,0,17399,32739,-,-,-,0,109,290
1787767205.951,0,345,84,-,84,59,0,0,0,0,9501,1650,83,0,17399,32739,-,-,-,0,88,324
1787767207.028,0,345,83,-,93,59,0,0,0,0,9501,1710,100,0,17399,32739,-,-,-,0,104,296
1787767208.096,0,347,84,-,95,60,0,0,0,0,9501,1620,95,0,17399,32739,-,-,-,0,70,311
1787767209.166,0,347,84,-,94,61,0,0,0,0,9501,1620,97,0,17399,32739,-,-,-,0,0,9716
1787767210.236,0,312,84,-,99,26,0,0,0,0,9501,1635,74,0,17399,32739,-,-,-,0,2508,8764
1787767211.307,0,340,84,-,88,55,0,0,0,0,9501,1605,86,0,17399,32739,-,-,-,0,171,322
1787767212.374,0,345,84,-,85,62,0,0,0,0,9501,1680,77,0,17399,32739,-,-,-,0,177,275
1787767213.441,0,345,84,-,88,61,0,0,0,0,9501,1695,60,0,17399,32739,-,-,-,0,190,210
1787767214.509,0,348,84,-,88,58,0,0,0,0,9501,1620,100,0,17399,32739,-,-,-,0,167,51
1787767215.578,0,319,83,-,100,37,0,0,0,0,9501,1605,71,0,17399,32739,-,-,-,0,949,23
1787767216.645,0,346,84,-,99,27,0,0,0,0,9501,1575,93,0,17399,32739,-,-,-,0,58,55
1787767217.717,0,346,83,-,100,37,0,0,0,0,9501,1815,93,0,17399,32739,-,-,-,0,55,29
1787767218.793,0,332,84,-,86,61,0,0,0,0,9501,1695,61,0,17399,32739,-,-,-,0,177,321
1787767219.863,0,344,84,-,82,54,0,0,0,0,9501,1605,79,0,17399,32739,-,-,-,0,127,59
1787767220.931,0,347,84,-,93,59,0,0,0,0,9501,1620,95,0,17399,32739,-,-,-,0,53,299
1787767221.998,0,347,84,-,93,60,0,0,0,0,9501,1620,100,0,17399,32739,-,-,-,0,82,303
1787767223.062,0,346,84,-,87,66,0,0,0,0,9501,1680,89,0,17399,32739,-,-,-,0,138,205
1787767224.135,0,345,83,-,90,69,0,0,0,0,9501,1695,73,0,17399,32739,-,-,-,0,193,318
1787767225.204,0,345,83,-,86,63,0,0,0,0,9501,1710,93,0,17399,32739,-,-,-,0,179,27
1787767226.274,0,343,83,-,86,63,0,0,0,0,9501,1635,83,0,17399,32739,-,-,-,0,187,248
1787767227.339,0,342,84,-,84,61,0,0,0,0,9501,1740,61,0,17399,32739,-,-,-,0,249,301
1787767228.410,0,347,84,-,87,55,0,0,0,0,9501,1605,80,0,17399,32739,-,-,-,0,85,300
1787767229.482,0,347,84,-,95,61,0,0,0,0,9501,1620,100,0,17399,32739,-,-,-,0,119,21
1787767230.554,0,347,84,-,89,56,0,0,0,0,9501,1605,99,0,17399,32739,-,-,-,0,137,305
1787767231.626,0,347,84,-,93,63,0,0,0,0,9501,1620,99,0,17399,32739,-,-,-,0,67,62
1787767232.690,0,331,80,-,4,1,0,0,0,0,9501,1905,93,0,17399,32739,-,-,-,0,50,28
1787767233.702,#,gpu,pwr,gtemp,mtemp,sm,mem,enc,dec,jpg,ofa,mclk,pclk,pviol,tviol,fb,bar1,ccpm,sbecc,dbecc,pci,rxpci,txpci
1787767233.702,#,Idx,W,C,C,%,%,%,%,%,%,MHz,MHz,%,bool,MB,MB,MB,errs,errs,errs,MB/s,MB/s
1787767233.764,0,305,85,-,99,28,0,0,0,0,9501,1515,76,0,17399,32739,-,-,-,0,31,17
1787767234.838,0,333,84,-,87,61,0,0,0,0,9501,1725,88,0,17399,32739,-,-,-,0,199,111
1787767235.909,0,345,84,-,84,64,0,0,0,0,9501,1620,63,0,17399,32739,-,-,-,0,196,111
1787767236.975,0,341,84,-,88,63,0,0,0,0,9501,1665,100,0,17399,32739,-,-,-,0,185,60
1787767238.045,0,342,83,-,94,62,0,0,0,0,9501,1665,90,0,17399,32739,-,-,-,0,212,119
1787767239.115,0,316,79,-,27,1,0,0,0,0,9501,1905,51,0,17399,32739,-,-,-,0,38,17
1787767240.181,0,327,84,-,100,25,0,0,0,0,9501,1605,90,0,17399,32739,-,-,-,0,36,13
1787767241.251,0,347,85,-,100,27,0,0,0,0,9501,1635,96,0,17399,32739,-,-,-,0,39,26
1787767242.325,0,341,84,-,100,34,0,0,0,0,9501,1755,89,0,17399,32739,-,-,-,0,194,136
1787767243.396,0,336,84,-,86,63,0,0,0,0,9501,1755,75,0,17399,32739,-,-,-,0,192,223
1787767244.472,0,342,83,-,91,76,0,0,0,0,9501,1650,86,0,17399,32739,-,-,-,0,183,98
1787767245.544,0,345,83,-,89,56,0,0,0,0,9501,1605,87,0,17399,32739,-,-,-,0,180,222
1787767246.612,0,341,83,-,85,61,0,0,0,0,9501,1740,89,0,17399,32739,-,-,-,0,179,227
1787767247.682,0,341,84,-,83,61,0,0,0,0,9501,1680,88,0,17399,32739,-,-,-,0,174,38
1787767248.753,0,345,84,-,94,61,0,0,0,0,9501,1620,95,0,17399,32739,-,-,-,0,75,321
1787767249.825,0,346,84,-,87,56,0,0,0,0,9501,1680,93,0,17399,32739,-,-,-,0,196,268
1787767250.893,0,345,83,-,90,61,0,0,0,0,9501,1725,88,0,17399,32739,-,-,-,0,171,286
1787767251.957,0,345,83,-,90,62,0,0,0,0,9501,1710,76,0,17399,32739,-,-,-,0,182,300
1787767253.023,0,346,84,-,87,60,0,0,0,0,9501,1680,100,0,17399,32739,-,-,-,0,124,163
1787767254.093,0,345,84,-,87,66,0,0,0,0,9501,1725,70,0,17399,32739,-,-,-,0,190,57
1787767255.157,0,346,84,-,86,61,0,0,0,0,9501,1680,71,0,17399,32739,-,-,-,0,170,307
1787767256.221,0,345,84,-,87,57,0,0,0,0,9501,1710,90,0,17399,32739,-,-,-,0,108,318
1787767257.289,0,345,84,-,86,67,0,0,0,0,9501,1710,89,0,17399,32739,-,-,-,0,180,164
1787767258.359,0,345,84,-,84,64,0,0,0,0,9501,1710,86,0,17399,32739,-,-,-,0,175,351
1787767259.427,0,341,83,-,92,60,0,0,0,0,9501,1755,72,0,17399,32739,-,-,-,0,178,60
1787767260.494,0,343,83,-,84,60,0,0,0,0,9501,1725,100,0,17399,32739,-,-,-,0,154,270
1787767261.560,0,344,84,-,87,59,0,0,0,0,9501,1695,62,0,17399,32739,-,-,-,0,183,55
1787767262.633,0,344,83,-,89,62,0,0,0,0,9501,1695,93,0,17399,32739,-,-,-,0,188,226
1787767263.704,0,345,83,-,91,63,0,0,0,0,9501,1710,78,0,17399,32739,-,-,-,0,171,319
1787767264.777,0,341,83,-,87,62,0,0,0,0,9501,1695,81,0,17399,32739,-,-,-,0,163,72
1787767265.844,0,345,83,-,94,62,0,0,0,0,9501,1695,87,0,17399,32739,-,-,-,0,112,60
1787767266.909,0,344,83,-,84,59,0,0,0,0,9501,1680,89,0,17399,32739,-,-,-,0,96,310
1787767267.982,0,346,84,-,90,60,0,0,0,0,9501,1725,100,0,17399,32739,-,-,-,0,125,50
1787767269.059,0,347,83,-,88,55,0,0,0,0,9501,1680,97,0,17399,32739,-,-,-,0,190,176
1787767270.131,0,346,84,-,85,58,0,0,0,0,9501,1665,99,0,17399,32739,-,-,-,0,191,48
1787767271.202,0,348,84,-,94,61,0,0,0,0,9501,1605,99,0,17399,32739,-,-,-,0,157,197
1787767272.264,0,344,83,-,84,61,0,0,0,0,9501,1725,89,0,17399,32739,-,-,-,0,185,34
1787767273.337,0,347,84,-,94,63,0,0,0,0,9501,1590,80,0,17399,32739,-,-,-,0,79,37
1787767274.410,0,347,84,-,95,62,0,0,0,0,9501,1605,99,0,17399,32739,-,-,-,0,131,28
1787767275.485,0,328,82,-,93,60,0,0,0,0,9501,1545,100,0,17399,32739,-,-,-,0,41,308
1787767276.550,0,321,82,-,94,61,0,0,0,0,9501,1545,99,0,17399,32739,-,-,-,0,100,25
1787767277.626,0,321,82,-,94,60,0,0,0,0,9501,1545,99,0,17399,32739,-,-,-,0,115,324
1787767278.702,0,274,82,-,100,23,0,0,0,0,9501,1545,62,0,17399,32739,-,-,-,0,1397,1441
1787767279.777,0,320,83,-,86,56,0,0,0,0,9501,1695,80,0,17399,32739,-,-,-,0,170,327
1787767280.783,#,gpu,pwr,gtemp,mtemp,sm,mem,enc,dec,jpg,ofa,mclk,pclk,pviol,tviol,fb,bar1,ccpm,sbecc,dbecc,pci,rxpci,txpci
1787767280.783,#,Idx,W,C,C,%,%,%,%,%,%,MHz,MHz,%,bool,MB,MB,MB,errs,errs,errs,MB/s,MB/s
1787767280.844,0,343,83,-,87,55,0,0,0,0,9501,1620,77,0,17399,32739,-,-,-,0,161,55
1787767281.919,0,340,83,-,93,60,0,0,0,0,9501,1620,81,0,17399,32739,-,-,-,0,197,217
1787767282.988,0,332,82,-,28,20,0,0,0,0,9501,1875,100,0,17399,32739,-,-,-,0,0,12007
1787767284.056,0,297,84,-,99,27,0,0,0,0,9501,1620,74,0,17399,32739,-,-,-,0,35,14
1787767285.125,0,347,84,-,100,25,0,0,0,0,9501,1635,95,0,17399,32739,-,-,-,0,63,679
1787767286.194,0,348,84,-,100,27,0,0,0,0,9501,1620,99,0,17399,32739,-,-,-,0,45,16
1787767287.262,0,348,85,-,100,24,0,0,0,0,9501,1650,94,0,17399,32739,-,-,-,0,34,26
1787767288.325,0,349,85,-,100,26,0,0,0,0,9501,1620,99,0,17399,32739,-,-,-,0,5,1535
1787767289.387,0,327,83,-,84,64,0,0,0,0,9501,1695,68,0,17399,32739,-,-,-,0,142,237
1787767290.456,0,345,83,-,86,64,0,0,0,0,9501,1755,75,0,17399,32739,-,-,-,0,160,50
1787767291.531,0,344,83,-,84,64,0,0,0,0,9501,1695,100,0,17399,32739,-,-,-,0,191,270
1787767292.601,0,346,83,-,84,58,0,0,0,0,9501,1650,64,0,17399,32739,-,-,-,0,47,322
1787767293.673,0,346,84,-,94,62,0,0,0,0,9501,1635,99,0,17399,32739,-,-,-,0,196,89
1787767294.736,0,345,84,-,94,63,0,0,0,0,9501,1620,88,0,17399,32739,-,-,-,0,64,322
1787767295.802,0,347,84,-,92,61,0,0,0,0,9501,1650,95,0,17399,32739,-,-,-,0,175,49
1787767296.876,0,346,83,-,86,60,0,0,0,0,9501,1710,81,0,17399,32739,-,-,-,0,190,102
1787767297.950,0,345,84,-,85,64,0,0,0,0,9501,1665,73,0,17399,32739,-,-,-,0,107,296
1787767299.014,0,348,84,-,93,62,0,0,0,0,9501,1605,100,0,17399,32739,-,-,-,0,102,291
1787767300.077,0,348,84,-,95,63,0,0,0,0,9501,1620,99,0,17399,32739,-,-,-,0,74,58
1787767301.152,0,348,84,-,94,63,0,0,0,0,9501,1590,99,0,17399,32739,-,-,-,0,73,35
1787767302.224,0,345,84,-,93,63,0,0,0,0,9501,1620,99,0,17399,32739,-,-,-,0,46,279
1787767303.295,0,283,82,-,82,59,0,0,0,0,9501,1665,48,0,17399,32739,-,-,-,0,156,334
1787767304.366,0,340,83,-,80,55,0,0,0,0,9501,1710,86,0,17399,32739,-,-,-,0,124,320
1787767305.438,0,342,83,-,89,63,0,0,0,0,9501,1665,82,0,17399,32739,-,-,-,0,271,66
1787767306.501,0,340,83,-,89,56,0,0,0,0,9501,1680,100,0,17399,32739,-,-,-,0,127,27
1787767307.569,0,300,82,-,100,27,0,0,0,0,9501,1650,69,0,17399,32739,-,-,-,0,52,17
1787767308.646,0,348,84,-,99,26,0,0,0,0,9501,1650,99,0,17399,32739,-,-,-,0,41,36
1787767309.712,0,348,84,-,100,26,0,0,0,0,9501,1605,95,0,17399,32739,-,-,-,0,43,12
1787767310.779,0,349,85,-,100,27,0,0,0,0,9501,1620,99,0,17399,32739,-,-,-,0,47,25
1787767311.850,0,346,84,-,100,23,0,0,0,0,9501,1635,93,0,17399,32739,-,-,-,0,57,16
1787767312.921,0,347,85,-,100,26,0,0,0,0,9501,1605,97,0,17399,32739,-,-,-,0,35,14
1787767313.993,0,340,85,-,100,24,0,0,0,0,9501,1650,100,0,17399,32739,-,-,-,0,60,11
1787767315.065,0,341,84,-,56,17,0,0,0,0,9501,1755,97,0,17399,32739,-,-,-,0,48,22
1787767316.135,0,333,84,-,87,60,0,0,0,0,9501,1650,82,0,17399,32739,-,-,-,0,151,93
1787767317.206,0,348,84,-,85,59,0,0,0,0,9501,1620,91,0,17399,32739,-,-,-,0,197,227
1787767318.282,0,348,84,-,93,63,0,0,0,0,9501,1605,99,0,17399,32739,-,-,-,0,115,302
1787767319.352,0,347,84,-,94,65,0,0,0,0,9501,1620,99,0,17399,32739,-,-,-,0,75,46
1787767320.424,0,347,84,-,93,63,0,0,0,0,9501,1620,99,0,17399,32739,-,-,-,0,55,321
1787767321.495,0,348,84,-,94,64,0,0,0,0,9501,1605,100,0,17399,32739,-,-,-,0,109,302
1787767322.566,0,306,79,-,1,0,0,0,0,0,9501,1905,77,0,17399,32739,-,-,-,0,9549,1780
1787767323.644,0,298,83,-,88,58,0,0,0,0,9501,1680,64,0,17399,32739,-,-,-,0,179,327
1787767324.711,0,342,83,-,89,62,0,0,0,0,9501,1695,66,0,17399,32739,-,-,-,0,167,324
1787767325.781,0,342,83,-,88,58,0,0,0,0,9501,1695,88,0,17399,32739,-,-,-,0,155,60
1787767326.850,0,346,83,-,86,57,0,0,0,0,9501,1695,75,0,17399,32739,-,-,-,0,177,55
1787767327.859,#,gpu,pwr,gtemp,mtemp,sm,mem,enc,dec,jpg,ofa,mclk,pclk,pviol,tviol,fb,bar1,ccpm,sbecc,dbecc,pci,rxpci,txpci
1787767327.859,#,Idx,W,C,C,%,%,%,%,%,%,MHz,MHz,%,bool,MB,MB,MB,errs,errs,errs,MB/s,MB/s
1787767327.921,0,305,83,-,100,28,0,0,0,0,9501,1620,65,0,17399,32739,-,-,-,0,52,667
1787767328.982,0,347,85,-,100,25,0,0,0,0,9501,1650,100,0,17399,32739,-,-,-,0,45,21
1787767330.051,0,349,85,-,100,27,0,0,0,0,9501,1620,99,0,17399,32739,-,-,-,0,38,15
1787767331.118,0,348,85,-,99,25,0,0,0,0,9501,1635,93,0,17399,32739,-,-,-,0,47,18
1787767332.182,0,349,85,-,100,27,0,0,0,0,9501,1635,99,0,17399,32739,-,-,-,0,32,14
1787767333.252,0,349,85,-,100,26,0,0,0,0,9501,1605,95,0,17399,32739,-,-,-,0,37,10
1787767334.328,0,347,84,-,98,23,0,0,0,0,9501,1635,95,0,17399,32739,-,-,-,0,34,43
1787767335.404,0,350,85,-,100,47,0,0,0,0,9501,1590,99,0,17399,32739,-,-,-,0,77,17
1787767336.475,0,329,84,-,84,61,0,0,0,0,9501,1740,100,0,17399,32739,-,-,-,0,135,56
1787767337.546,0,347,83,-,86,65,0,0,0,0,9501,1635,57,0,17399,32739,-,-,-,0,314,337
1787767338.617,0,341,83,-,87,64,0,0,0,0,9501,1665,84,0,17399,32739,-,-,-,0,187,56
1787767339.687,0,344,83,-,86,60,0,0,0,0,9501,1740,93,0,17399,32739,-,-,-,0,204,119
1787767340.757,0,345,84,-,89,57,0,0,0,0,9501,1635,79,0,17399,32739,-,-,-,0,74,64
1787767341.823,0,349,84,-,94,63,0,0,0,0,9501,1620,97,0,17399,32739,-,-,-,0,83,34
1787767342.890,0,347,84,-,92,61,0,0,0,0,9501,1650,99,0,17399,32739,-,-,-,0,88,315
1787767343.959,0,346,84,-,89,62,0,0,0,0,9501,1695,92,0,17399,32739,-,-,-,0,173,322
1787767345.024,0,348,84,-,94,63,0,0,0,0,9501,1620,100,0,17399,32739,-,-,-,0,81,305
1787767346.093,0,348,84,-,89,56,0,0,0,0,9501,1695,85,0,17399,32739,-,-,-,0,138,154
1787767347.159,0,347,84,-,88,62,0,0,0,0,9501,1695,80,0,17399,32739,-,-,-,0,86,114
1787767348.230,0,346,84,-,86,59,0,0,0,0,9501,1635,96,0,17399,32739,-,-,-,0,112,315
1787767349.299,0,347,84,-,92,63,0,0,0,0,9501,1635,99,0,17399,32739,-,-,-,0,48,301
1787767350.368,0,346,84,-,88,63,0,0,0,0,9501,1680,99,0,17399,32739,-,-,-,0,119,301
1787767351.440,0,347,84,-,88,57,0,0,0,0,9501,1620,97,0,17399,32739,-,-,-,0,116,163
1787767352.512,0,347,84,-,93,62,0,0,0,0,9501,1590,100,0,17399,32739,-,-,-,0,51,328
1787767353.584,0,348,84,-,94,62,0,0,0,0,9501,1605,99,0,17399,32739,-,-,-,0,149,39
1787767354.655,0,347,84,-,94,63,0,0,0,0,9501,1590,99,0,17399,32739,-,-,-,0,139,26
1787767355.725,0,348,84,-,94,63,0,0,0,0,9501,1575,99,0,17399,32739,-,-,-,0,113,22
1787767356.792,0,347,84,-,94,62,0,0,0,0,9501,1605,99,0,17399,32739,-,-,-,0,4,1
1787767357.860,0,261,82,-,87,56,0,0,0,0,9501,1635,35,0,17399,32739,-,-,-,0,169,57
1787767358.930,0,343,83,-,86,58,0,0,0,0,9501,1665,84,0,17399,32739,-,-,-,0,110,266
1787767359.998,0,340,83,-,84,57,0,0,0,0,9501,1695,100,0,17399,32739,-,-,-,0,170,269
1787767361.067,0,345,83,-,88,57,0,0,0,0,9501,1680,70,0,17399,32739,-,-,-,0,164,270
1787767362.135,0,302,84,-,100,26,0,0,0,0,9501,1635,58,0,17399,32739,-,-,-,0,56,32
1787767363.199,0,348,85,-,100,23,0,0,0,0,9501,1650,99,0,17399,32739,-,-,-,0,60,569
1787767364.266,0,330,84,-,53,15,0,0,0,0,9501,1875,87,0,17399,32739,-,-,-,0,4,5868
1787767365.339,0,334,84,-,89,63,0,0,0,0,9501,1695,66,0,17399,32739,-,-,-,0,178,40
1787767366.408,0,344,84,-,82,57,0,0,0,0,9501,1740,67,0,17399,32739,-,-,-,0,177,323
1787767367.477,0,347,84,-,95,65,0,0,0,0,9501,1605,100,0,17399,32739,-,-,-,0,101,312
1787767368.553,0,346,84,-,93,64,0,0,0,0,9501,1620,99,0,17399,32739,-,-,-,0,117,22
1787767369.620,0,348,84,-,93,64,0,0,0,0,9501,1620,99,0,17399,32739,-,-,-,0,259,31
1787767370.690,0,346,84,-,85,61,0,0,0,0,9501,1650,86,0,17399,32739,-,-,-,0,169,320
1787767371.757,0,347,84,-,94,64,0,0,0,0,9501,1590,90,0,17399,32739,-,-,-,0,69,30
1787767372.827,0,347,83,-,94,64,0,0,0,0,9501,1605,99,0,17399,32739,-,-,-,0,145,299
1787767373.898,0,269,78,-,55,28,0,0,0,0,9501,1665,49,0,17399,32739,-,-,-,0,105,123
1787767374.899,#,gpu,pwr,gtemp,mtemp,sm,mem,enc,dec,jpg,ofa,mclk,pclk,pviol,tviol,fb,bar1,ccpm,sbecc,dbecc,pci,rxpci,txpci
1787767374.937,#,Idx,W,C,C,%,%,%,%,%,%,MHz,MHz,%,bool,MB,MB,MB,errs,errs,errs,MB/s,MB/s
1787767374.961,0,336,83,-,85,59,0,0,0,0,9501,1680,85,0,17399,32739,-,-,-,0,203,212
1787767376.027,0,344,83,-,88,57,0,0,0,0,9501,1620,98,0,17399,32739,-,-,-,0,185,112
1787767377.093,0,344,83,-,86,62,0,0,0,0,9501,1695,83,0,17399,32739,-,-,-,0,182,67
1787767378.160,0,307,79,-,41,1,0,0,0,0,9501,1905,71,0,17399,32739,-,-,-,0,45,14
1787767379.233,0,326,84,-,99,23,0,0,0,0,9501,1620,90,0,17399,32739,-,-,-,0,33,722
1787767380.301,0,346,84,-,100,24,0,0,0,0,9501,1635,97,0,17399,32739,-,-,-,0,49,14
1787767381.373,0,346,85,-,84,24,0,0,0,0,9501,1815,99,0,17399,32739,-,-,-,0,62,24
1787767382.440,0,325,83,-,84,70,0,0,0,0,9501,1680,72,0,17399,32739,-,-,-,0,176,216
1787767383.510,0,342,83,-,84,58,0,0,0,0,9501,1605,100,0,17399,32739,-,-,-,0,76,309
1787767384.579,0,343,84,-,83,56,0,0,0,0,9501,1605,73,0,17399,32739,-,-,-,0,191,90
1787767385.643,0,347,83,-,89,62,0,0,0,0,9501,1605,72,0,17399,32739,-,-,-,0,78,313
1787767386.712,0,348,83,-,94,64,0,0,0,0,9501,1620,99,0,17399,32739,-,-,-,0,98,28
1787767387.779,0,348,83,-,92,63,0,0,0,0,9501,1620,99,0,17399,32739,-,-,-,0,128,165
1787767388.847,0,344,84,-,85,63,0,0,0,0,9501,1725,95,0,17399,32739,-,-,-,0,83,311
1787767389.917,0,348,83,-,94,63,0,0,0,0,9501,1605,94,0,17399,32739,-,-,-,0,99,307
1787767390.993,0,348,84,-,94,64,0,0,0,0,9501,1620,100,0,17399,32739,-,-,-,0,0,1
1787767392.061,0,265,82,-,86,58,0,0,0,0,9501,1725,34,0,17399,32739,-,-,-,0,180,214
1787767393.131,0,343,83,-,84,61,0,0,0,0,9501,1725,68,0,17399,32739,-,-,-,0,161,325
1787767394.201,0,342,83,-,84,62,0,0,0,0,9501,1710,77,0,17399,32739,-,-,-,0,173,56
1787767395.272,0,342,83,-,79,57,0,0,0,0,9501,1725,78,0,17399,32739,-,-,-,0,161,324
1787767396.346,0,324,81,-,0,0,0,0,0,0,9501,1905,73,0,17399,32739,-,-,-,0,0,0
1787767397.416,0,168,77,-,1,0,0,0,0,0,9501,1920,0,0,17399,32739,-,-,-,0,4,0
1787767398.489,0,224,82,-,100,35,0,0,0,0,9501,1785,56,0,17399,32739,-,-,-,0,131,95
1787767399.552,0,334,83,-,87,57,0,0,0,0,9501,1695,75,0,17399,32739,-,-,-,0,197,111
1787767400.620,0,346,83,-,82,64,0,0,0,0,9501,1665,67,0,17399,32739,-,-,-,0,194,57
1787767401.688,0,347,83,-,88,59,0,0,0,0,9501,1650,76,0,17399,32739,-,-,-,0,191,298
1787767402.754,0,345,83,-,84,56,0,0,0,0,9501,1635,97,0,17399,32739,-,-,-,0,192,165
1787767403.828,0,345,83,-,92,59,0,0,0,0,9501,1665,68,0,17399,32739,-,-,-,0,162,186
1787767404.898,0,343,83,-,89,60,0,0,0,0,9501,1710,97,0,17399,32739,-,-,-,0,119,308
1787767405.965,0,300,78,-,5,0,0,0,0,0,9501,1920,73,0,17399,32739,-,-,-,0,64,27
1787767407.030,0,335,84,-,66,24,0,0,0,0,9501,1755,100,0,17399,32739,-,-,-,0,36,16
1787767408.100,0,339,83,-,88,60,0,0,0,0,9501,1710,74,0,17399,32739,-,-,-,0,79,66
1787767409.165,0,344,83,-,80,57,0,0,0,0,9501,1605,62,0,17399,32739,-,-,-,0,188,291
1787767410.236,0,345,83,-,89,68,0,0,0,0,9501,1695,80,0,17399,32739,-,-,-,0,162,325
1787767411.307,0,345,83,-,88,69,0,0,0,0,9501,1680,68,0,17399,32739,-,-,-,0,202,111
1787767412.378,0,344,83,-,87,60,0,0,0,0,9501,1665,62,0,17399,32739,-,-,-,0,92,110
1787767413.450,0,347,83,-,94,63,0,0,0,0,9501,1605,89,0,17399,32739,-,-,-,0,79,299
1787767414.523,0,348,83,-,94,62,0,0,0,0,9501,1605,100,0,17399,32739,-,-,-,0,103,314
1787767415.591,0,348,83,-,94,61,0,0,0,0,9501,1605,99,0,17399,32739,-,-,-,0,81,311
1787767416.663,0,306,83,-,100,26,0,0,0,0,9501,1635,67,0,17399,32739,-,-,-,0,147,27
1787767417.734,0,347,84,-,99,28,0,0,0,0,9501,1680,99,0,17399,32739,-,-,-,0,41,14
1787767418.802,0,334,83,-,87,59,0,0,0,0,9501,1695,79,0,17399,32739,-,-,-,0,207,97
1787767419.878,0,342,83,-,83,57,0,0,0,0,9501,1665,61,0,17399,32739,-,-,-,0,192,55
1787767420.940,0,343,83,-,84,61,0,0,0,0,9501,1665,74,0,17399,32739,-,-,-,0,214,162
1787767421.949,#,gpu,pwr,gtemp,mtemp,sm,mem,enc,dec,jpg,ofa,mclk,pclk,pviol,tviol,fb,bar1,ccpm,sbecc,dbecc,pci,rxpci,txpci
1787767421.949,#,Idx,W,C,C,%,%,%,%,%,%,MHz,MHz,%,bool,MB,MB,MB,errs,errs,errs,MB/s,MB/s
1787767422.011,0,304,82,-,69,25,0,0,0,0,9501,1860,100,0,17399,32739,-,-,-,0,49,28
1787767423.080,0,336,83,-,82,20,0,0,0,0,9501,1650,84,0,17399,32739,-,-,-,0,40,23
1787767424.150,0,340,83,-,89,59,0,0,0,0,9501,1710,88,0,17399,32739,-,-,-,0,160,276
1787767425.222,0,344,83,-,87,63,0,0,0,0,9501,1695,81,0,17399,32739,-,-,-,0,146,349
1787767426.294,0,346,83,-,79,61,0,0,0,0,9501,1680,76,0,17399,32739,-,-,-,0,123,306
1787767427.361,0,346,83,-,85,57,0,0,0,0,9501,1665,77,0,17399,32739,-,-,-,0,176,321
1787767428.436,0,345,83,-,89,63,0,0,0,0,9501,1710,71,0,17399,32739,-,-,-,0,122,299
1787767429.503,0,345,83,-,90,60,0,0,0,0,9501,1695,100,0,17399,32739,-,-,-,0,68,304
1787767430.578,0,344,83,-,83,58,0,0,0,0,9501,1635,99,0,17399,32739,-,-,-,0,122,296
1787767431.644,0,312,83,-,53,13,0,0,0,0,9501,1650,72,0,17399,32739,-,-,-,0,48,44
1787767432.713,0,341,84,-,100,26,0,0,0,0,9501,1605,99,0,17399,32739,-,-,-,0,63,16
1787767433.777,0,334,83,-,80,56,0,0,0,0,9501,1725,86,0,17399,32739,-,-,-,0,217,107
1787767434.845,0,343,83,-,89,61,0,0,0,0,9501,1620,67,0,17399,32739,-,-,-,0,171,60
1787767435.914,0,343,83,-,87,57,0,0,0,0,9501,1695,88,0,17399,32739,-,-,-,0,153,109
1787767436.980,0,309,83,-,64,23,0,0,0,0,9501,1695,100,0,17399,32739,-,-,-,0,946,21
1787767438.051,0,343,84,-,100,24,0,0,0,0,9501,1620,94,0,17399,32739,-,-,-,0,53,23
1787767439.113,0,339,83,-,59,19,0,0,0,0,9501,1635,93,0,17399,32739,-,-,-,0,36,15
1787767440.177,0,343,84,-,100,26,0,0,0,0,9501,1620,96,0,17399,32739,-,-,-,0,44,18
1787767441.246,0,341,84,-,100,27,0,0,0,0,9501,1710,88,0,17399,32739,-,-,-,0,86,50
1787767442.317,0,339,83,-,82,58,0,0,0,0,9501,1680,73,0,17399,32739,-,-,-,0,95,56
1787767443.395,0,347,83,-,89,62,0,0,0,0,9501,1695,77,0,17399,32739,-,-,-,0,199,324
1787767444.467,0,344,83,-,81,54,0,0,0,0,9501,1695,59,0,17399,32739,-,-,-,0,149,23
1787767445.534,0,346,84,-,88,63,0,0,0,0,9501,1680,100,0,17399,32739,-,-,-,0,185,218
1787767446.606,0,345,83,-,81,57,0,0,0,0,9501,1680,69,0,17399,32739,-,-,-,0,189,59
1787767447.676,0,346,83,-,87,58,0,0,0,0,9501,1710,62,0,17399,32739,-,-,-,0,179,78
1787767448.744,0,348,83,-,92,61,0,0,0,0,9501,1665,77,0,17399,32739,-,-,-,0,174,97
1787767449.816,0,346,83,-,87,72,0,0,0,0,9501,1635,72,0,17399,32739,-,-,-,0,170,218
1787767450.888,0,344,83,-,82,55,0,0,0,0,9501,1710,82,0,17399,32739,-,-,-,0,185,228
1787767451.950,0,345,83,-,84,62,0,0,0,0,9501,1695,69,0,17399,32739,-,-,-,0,128,153
1787767453.025,0,343,83,-,88,61,0,0,0,0,9501,1740,100,0,17399,32739,-,-,-,0,141,310
1787767454.093,0,348,83,-,87,58,0,0,0,0,9501,1740,83,0,17399,32739,-,-,-,0,126,252
1787767455.162,0,347,83,-,84,62,0,0,0,0,9501,1740,88,0,17399,32739,-,-,-,0,177,308
1787767456.226,0,348,83,-,86,71,0,0,0,0,9501,1650,55,0,17399,32739,-,-,-,0,171,59
1787767457.300,0,345,83,-,87,60,0,0,0,0,9501,1680,80,0,17399,32739,-,-,-,0,176,273
1787767458.366,0,346,83,-,89,60,0,0,0,0,9501,1680,77,0,17399,32739,-,-,-,0,122,299
1787767459.436,0,345,83,-,85,70,0,0,0,0,9501,1665,95,0,17399,32739,-,-,-,0,186,53
1787767460.511,0,341,83,-,87,60,0,0,0,0,9501,1695,100,0,17399,32739,-,-,-,0,159,39
1787767461.578,0,341,83,-,89,62,0,0,0,0,9501,1650,88,0,17399,32739,-,-,-,0,222,85
1787767462.650,0,340,83,-,84,63,0,0,0,0,9501,1665,67,0,17399,32739,-,-,-,0,108,217
1787767463.723,0,347,84,-,93,61,0,0,0,0,9501,1605,84,0,17402,32739,-,-,-,0,251,64
1787767464.789,0,345,83,-,89,62,0,0,0,0,9501,1665,89,0,17399,32739,-,-,-,0,181,164
1787767465.865,0,344,83,-,86,67,0,0,0,0,9501,1710,77,0,17399,32739,-,-,-,0,170,34
1787767466.927,0,343,83,-,86,62,0,0,0,0,9501,1710,81,0,17399,32739,-,-,-,0,215,149
1787767467.999,0,342,83,-,94,63,0,0,0,0,9501,1605,100,0,17399,32739,-,-,-,0,61,58
1787767469.001,#,gpu,pwr,gtemp,mtemp,sm,mem,enc,dec,jpg,ofa,mclk,pclk,pviol,tviol,fb,bar1,ccpm,sbecc,dbecc,pci,rxpci,txpci
1787767469.001,#,Idx,W,C,C,%,%,%,%,%,%,MHz,MHz,%,bool,MB,MB,MB,errs,errs,errs,MB/s,MB/s
1787767469.064,0,347,83,-,87,57,0,0,0,0,9501,1650,87,0,17399,32739,-,-,-,0,187,330
1787767470.130,0,345,83,-,89,61,0,0,0,0,9501,1725,86,0,17399,32739,-,-,-,0,97,305
1787767471.199,0,346,83,-,95,63,0,0,0,0,9501,1650,81,0,17399,32739,-,-,-,0,168,321
1787767472.273,0,345,83,-,94,70,0,0,0,0,9501,1665,91,0,17399,32739,-,-,-,0,196,148
1787767473.337,0,346,83,-,89,56,0,0,0,0,9501,1740,79,0,17399,32739,-,-,-,0,171,54
1787767474.406,0,344,83,-,88,61,0,0,0,0,9501,1710,72,0,17399,32739,-,-,-,0,179,324
1787767475.476,0,343,83,-,89,60,0,0,0,0,9501,1710,100,0,17399,32739,-,-,-,0,218,222
1787767476.547,0,347,83,-,89,59,0,0,0,0,9501,1680,82,0,17399,32739,-,-,-,0,174,62
1787767477.622,0,342,84,-,81,57,0,0,0,0,9501,1620,89,0,17399,32739,-,-,-,0,178,106
1787767478.688,0,344,83,-,87,64,0,0,0,0,9501,1710,76,0,17399,32739,-,-,-,0,189,97
1787767479.763,0,345,83,-,93,61,0,0,0,0,9501,1680,92,0,17399,32739,-,-,-,0,228,323
1787767480.830,0,345,83,-,84,57,0,0,0,0,9501,1605,97,0,17399,32739,-,-,-,0,162,328
1787767481.897,0,346,84,-,88,60,0,0,0,0,9501,1680,88,0,17399,32739,-,-,-,0,216,323
1787767482.968,0,345,83,-,83,62,0,0,0,0,9501,1725,75,0,17399,32739,-,-,-,0,129,300
1787767484.034,0,343,83,-,80,58,0,0,0,0,9501,1620,100,0,17399,32739,-,-,-,0,198,110
1787767485.102,0,345,83,-,87,59,0,0,0,0,9501,1680,87,0,17399,32739,-,-,-,0,188,216
1787767486.173,0,344,83,-,89,59,0,0,0,0,9501,1680,71,0,17399,32739,-,-,-,0,125,62
1787767487.250,0,343,83,-,85,54,0,0,0,0,9501,1620,69,0,17399,32739,-,-,-,0,121,312
1787767488.322,0,346,84,-,87,59,0,0,0,0,9501,1620,88,0,17399,32739,-,-,-,0,124,296
1787767489.391,0,348,84,-,94,63,0,0,0,0,9501,1590,97,0,17399,32739,-,-,-,0,174,72
1787767490.456,0,345,84,-,95,63,0,0,0,0,9501,1590,99,0,17399,32739,-,-,-,0,53,313
1787767491.525,0,346,84,-,86,57,0,0,0,0,9501,1605,100,0,17399,32739,-,-,-,0,115,297
1787767492.590,0,283,82,-,56,23,0,0,0,0,9501,1635,57,0,17399,32739,-,-,-,0,35,14
1787767493.662,0,339,83,-,87,54,0,0,0,0,9501,1725,76,0,17399,32739,-,-,-,0,174,321
1787767494.731,0,347,83,-,85,58,0,0,0,0,9501,1755,85,0,17399,32739,-,-,-,0,143,299
1787767495.805,0,345,81,-,86,52,0,0,0,0,9501,1890,81,0,17399,32739,-,-,-,0,281,58
1787767496.868,0,314,84,-,76,18,0,0,0,0,9501,1635,66,0,17399,32739,-,-,-,0,212,56
1787767497.935,0,340,83,-,89,67,0,0,0,0,9501,1710,75,0,17399,32739,-,-,-,0,164,330
1787767499.007,0,345,83,-,94,61,0,0,0,0,9501,1695,100,0,17399,32739,-,-,-,0,183,130
1787767500.081,0,347,83,-,93,60,0,0,0,0,9501,1590,97,0,17399,32739,-,-,-,0,68,30
1787767501.146,0,345,84,-,89,58,0,0,0,0,9501,1635,95,0,17399,32739,-,-,-,0,198,50
1787767502.219,0,347,83,-,90,60,0,0,0,0,9501,1695,99,0,17399,32739,-,-,-,0,103,300
1787767503.286,0,347,83,-,93,59,0,0,0,0,9501,1635,97,0,17399,32739,-,-,-,0,185,49
1787767504.358,0,315,83,-,100,34,0,0,0,0,9501,1845,76,0,17399,32739,-,-,-,0,122,226
1787767505.428,0,335,84,-,73,19,0,0,0,0,9501,1665,85,0,17399,32739,-,-,-,0,178,271
1787767506.495,0,345,83,-,86,70,0,0,0,0,9501,1695,98,0,17399,32739,-,-,-,0,201,116
1787767507.563,0,344,83,-,87,59,0,0,0,0,9501,1590,86,0,17399,32739,-,-,-,0,0,11397
1787767508.639,0,318,84,-,100,27,0,0,0,0,9501,1635,73,0,17399,32739,-,-,-,0,39,26
1787767509.709,0,341,83,-,100,33,0,0,0,0,9501,1755,90,0,17399,32739,-,-,-,0,10,197
1787767510.778,0,337,83,-,85,60,0,0,0,0,9501,1650,74,0,17399,32739,-,-,-,0,98,315
1787767511.850,0,348,83,-,94,61,0,0,0,0,9501,1605,94,0,17399,32739,-,-,-,0,114,298
1787767512.928,0,347,84,-,93,61,0,0,0,0,9501,1620,99,0,17399,32739,-,-,-,0,75,317
1787767514.002,0,348,84,-,94,61,0,0,0,0,9501,1590,100,0,17399,32739,-,-,-,0,102,296
1787767515.070,0,345,81,-,79,49,0,0,0,0,9501,1890,99,0,17399,32739,-,-,-,0,5,8096
1787767516.080,#,gpu,pwr,gtemp,mtemp,sm,mem,enc,dec,jpg,ofa,mclk,pclk,pviol,tviol,fb,bar1,ccpm,sbecc,dbecc,pci,rxpci,txpci
1787767516.080,#,Idx,W,C,C,%,%,%,%,%,%,MHz,MHz,%,bool,MB,MB,MB,errs,errs,errs,MB/s,MB/s
1787767516.142,0,290,84,-,100,25,0,0,0,0,9501,1635,57,0,17399,32739,-,-,-,0,34,57
1787767517.212,0,342,83,-,86,62,0,0,0,0,9501,1665,79,0,17399,32739,-,-,-,0,203,119
1787767518.280,0,345,83,-,88,55,0,0,0,0,9501,1665,73,0,17399,32739,-,-,-,0,189,201
1787767519.350,0,313,83,-,100,25,0,0,0,0,9501,1635,68,0,17399,32739,-,-,-,0,62,16
1787767520.415,0,348,84,-,100,27,0,0,0,0,9501,1650,100,0,17399,32739,-,-,-,0,59,22
1787767521.489,0,343,85,-,100,27,0,0,0,0,9501,1635,100,0,17399,32739,-,-,-,0,38,14
1787767522.557,0,347,85,-,96,30,0,0,0,0,9501,1605,95,0,17399,32739,-,-,-,0,859,9613
1787767523.624,0,335,84,-,90,60,0,0,0,0,9501,1635,83,0,17399,32739,-,-,-,0,112,297
1787767524.692,0,343,83,-,85,61,0,0,0,0,9501,1695,89,0,17399,32739,-,-,-,0,113,304
1787767525.759,0,346,83,-,94,61,0,0,0,0,9501,1590,92,0,17399,32739,-,-,-,0,111,26
1787767526.829,0,347,84,-,88,58,0,0,0,0,9501,1680,99,0,17399,32739,-,-,-,0,57,359
1787767527.891,0,347,83,-,94,61,0,0,0,0,9501,1590,99,0,17399,32739,-,-,-,0,78,299
1787767528.966,0,347,83,-,87,56,0,0,0,0,9501,1635,99,0,17399,32739,-,-,-,0,129,297
1787767530.032,0,348,84,-,95,62,0,0,0,0,9501,1635,100,0,17399,32739,-,-,-,0,135,33
1787767531.102,0,298,84,-,100,28,0,0,0,0,9501,1710,59,0,17399,32739,-,-,-,0,170,328
1787767532.174,0,339,83,-,86,56,0,0,0,0,9501,1710,81,0,17399,32739,-,-,-,0,68,304
1787767533.246,0,345,83,-,86,55,0,0,0,0,9501,1710,74,0,17399,32739,-,-,-,0,196,165
1787767534.314,0,313,79,-,21,1,0,0,0,0,9501,1635,52,0,17399,32739,-,-,-,0,46,21
1787767535.385,0,325,83,-,86,61,0,0,0,0,9501,1740,69,0,17399,32739,-,-,-,0,187,192
1787767536.454,0,345,83,-,88,59,0,0,0,0,9501,1695,76,0,17399,32739,-,-,-,0,194,104
1787767537.518,0,344,83,-,89,59,0,0,0,0,9501,1725,100,0,17399,32739,-,-,-,0,176,54
1787767538.591,0,346,83,-,87,57,0,0,0,0,9501,1650,84,0,17399,32739,-,-,-,0,121,299
1787767539.654,0,321,80,-,0,0,0,0,0,0,9501,1905,89,0,17399,32739,-,-,-,0,0,0
1787767540.727,0,274,84,-,100,27,0,0,0,0,9501,1620,58,0,17399,32739,-,-,-,0,44,19
1787767541.796,0,336,82,-,88,21,0,0,0,0,9501,1635,85,0,17399,32739,-,-,-,0,4,3651
1787767542.863,0,339,83,-,89,62,0,0,0,0,9501,1710,91,0,17399,32739,-,-,-,0,190,147
1787767543.930,0,345,83,-,89,58,0,0,0,0,9501,1665,90,0,17399,32739,-,-,-,0,190,104
1787767544.996,0,344,83,-,87,56,0,0,0,0,9501,1635,100,0,17399,32739,-,-,-,0,201,111
1787767546.070,0,341,83,-,86,63,0,0,0,0,9501,1680,89,0,17399,32739,-,-,-,0,207,67
1787767547.143,0,343,83,-,93,61,0,0,0,0,9501,1620,77,0,17399,32739,-,-,-,0,181,268
1787767548.210,0,343,83,-,82,58,0,0,0,0,9501,1650,90,0,17399,32739,-,-,-,0,176,163
1787767549.284,0,346,83,-,84,59,0,0,0,0,9501,1695,60,0,17399,32739,-,-,-,0,180,325
1787767550.356,0,346,83,-,87,57,0,0,0,0,9501,1695,84,0,17399,32739,-,-,-,0,199,179
1787767551.419,0,343,83,-,80,63,0,0,0,0,9501,1770,75,0,17399,32739,-,-,-,0,93,104
1787767552.487,0,346,83,-,93,63,0,0,0,0,9501,1605,100,0,17399,32739,-,-,-,0,76,48
1787767553.559,0,314,80,-,77,24,0,0,0,0,9501,1650,73,0,17399,32739,-,-,-,0,4,6027
1787767554.627,0,345,84,-,99,25,0,0,0,0,9501,1575,93,0,17399,32739,-,-,-,0,40,34
1787767555.695,0,341,84,-,100,27,0,0,0,0,9501,1635,91,0,17399,32739,-,-,-,0,188,57
1787767556.759,0,342,83,-,88,59,0,0,0,0,9501,1695,77,0,17399,32739,-,-,-,0,185,215
1787767557.831,0,348,83,-,86,66,0,0,0,0,9501,1680,83,0,17399,32739,-,-,-,0,58,64
1787767558.902,0,346,84,-,83,55,0,0,0,0,9501,1620,72,0,17399,32739,-,-,-,0,226,312
1787767559.971,0,343,84,-,79,49,0,0,0,0,9501,1590,82,0,17399,32739,-,-,-,0,61,22
1787767561.041,0,331,83,-,89,54,0,0,0,0,9501,1665,100,0,17399,32739,-,-,-,0,89,149
1787767562.118,0,344,83,-,86,56,0,0,0,0,9501,1725,79,0,17399,32739,-,-,-,0,224,161
1787767563.130,#,gpu,pwr,gtemp,mtemp,sm,mem,enc,dec,jpg,ofa,mclk,pclk,pviol,tviol,fb,bar1,ccpm,sbecc,dbecc,pci,rxpci,txpci
1787767563.130,#,Idx,W,C,C,%,%,%,%,%,%,MHz,MHz,%,bool,MB,MB,MB,errs,errs,errs,MB/s,MB/s
1787767563.191,0,344,83,-,94,75,0,0,0,0,9501,1665,54,0,17399,32739,-,-,-,0,148,33
1787767564.256,0,344,83,-,87,56,0,0,0,0,9501,1635,88,0,17399,32739,-,-,-,0,154,26
1787767565.325,0,344,83,-,88,55,0,0,0,0,9501,1695,93,0,17399,32739,-,-,-,0,168,21
1787767566.399,0,346,83,-,89,55,0,0,0,0,9501,1665,88,0,17399,32739,-,-,-,0,158,327
1787767567.472,0,346,83,-,93,59,0,0,0,0,9501,1620,99,0,17399,32739,-,-,-,0,115,63
1787767568.536,0,343,83,-,89,66,0,0,0,0,9501,1710,100,0,17399,32739,-,-,-,0,204,164
1787767569.599,0,346,83,-,87,59,0,0,0,0,9501,1725,65,0,17399,32739,-,-,-,0,170,217
1787767570.668,0,345,83,-,78,60,0,0,0,0,9501,1710,56,0,17399,32739,-,-,-,0,167,217
1787767571.740,0,346,83,-,91,58,0,0,0,0,9501,1590,81,0,17399,32739,-,-,-,0,181,323
1787767572.809,0,344,84,-,83,53,0,0,0,0,9501,1740,67,0,17399,32739,-,-,-,0,194,26
1787767573.887,0,345,83,-,87,59,0,0,0,0,9501,1710,68,0,17399,32739,-,-,-,0,59,309
1787767574.960,0,348,84,-,94,62,0,0,0,0,9501,1605,85,0,17399,32739,-,-,-,0,187,348
1787767576.032,0,345,83,-,83,57,0,0,0,0,9501,1680,100,0,17399,32739,-,-,-,0,167,322
1787767577.102,0,345,83,-,88,61,0,0,0,0,9501,1650,81,0,17399,32739,-,-,-,0,194,86
1787767578.169,0,344,84,-,89,58,0,0,0,0,9501,1695,95,0,17399,32739,-,-,-,0,100,296
1787767579.242,0,343,83,-,84,56,0,0,0,0,9501,1635,86,0,17399,32739,-,-,-,0,116,302
1787767580.309,0,344,84,-,85,53,0,0,0,0,9501,1620,89,0,17399,32739,-,-,-,0,90,105
1787767581.379,0,345,83,-,82,55,0,0,0,0,9501,1635,85,0,17399,32739,-,-,-,0,99,28
1787767582.444,0,346,83,-,89,59,0,0,0,0,9501,1695,99,0,17399,32739,-,-,-,0,442,8496
1787767583.510,0,343,84,-,100,26,0,0,0,0,9501,1590,100,0,17399,32739,-,-,-,0,39,26
1787767584.580,0,329,84,-,84,59,0,0,0,0,9501,1665,84,0,17399,32739,-,-,-,0,203,49
1787767585.645,0,341,84,-,89,59,0,0,0,0,9501,1665,84,0,17399,32739,-,-,-,0,169,321
1787767586.718,0,346,84,-,87,58,0,0,0,0,9501,1680,79,0,17399,32739,-,-,-,0,181,162
1787767587.779,0,346,83,-,90,58,0,0,0,0,9501,1650,84,0,17399,32739,-,-,-,0,185,326
1787767588.847,0,315,80,-,12,0,0,0,0,0,9501,1905,61,0,17399,32739,-,-,-,0,40,17
1787767589.914,0,332,84,-,100,27,0,0,0,0,9501,1620,88,0,17399,32739,-,-,-,0,41,27
1787767590.986,0,348,85,-,100,24,0,0,0,0,9501,1635,100,0,17399,32739,-,-,-,0,140,32
1787767592.053,0,335,84,-,100,34,0,0,0,0,9501,1605,87,0,17399,32739,-,-,-,0,52,284
1787767593.118,0,342,84,-,90,59,0,0,0,0,9501,1680,75,0,17399,32739,-,-,-,0,198,171
1787767594.193,0,346,84,-,95,63,0,0,0,0,9501,1605,97,0,17399,32739,-,-,-,0,103,313
1787767595.264,0,348,84,-,94,62,0,0,0,0,9501,1590,99,0,17399,32739,-,-,-,0,69,36
1787767596.339,0,348,84,-,94,63,0,0,0,0,9501,1575,99,0,17399,32739,-,-,-,0,108,20
1787767597.409,0,347,84,-,92,60,0,0,0,0,9501,1620,99,0,17399,32739,-,-,-,0,105,291
1787767598.484,0,347,84,-,95,63,0,0,0,0,9501,1575,100,0,17399,32739,-,-,-,0,82,308
1787767599.559,0,347,83,-,95,62,0,0,0,0,9501,1590,99,0,17399,32739,-,-,-,0,78,28
1787767600.632,0,347,84,-,95,62,0,0,0,0,9501,1590,99,0,17399,32739,-,-,-,0,120,305
1787767601.700,0,347,84,-,95,63,0,0,0,0,9501,1545,99,0,17399,32739,-,-,-,0,106,307
1787767602.767,0,348,84,-,94,62,0,0,0,0,9501,1590,99,0,17399,32739,-,-,-,0,51,304
1787767603.837,0,347,83,-,94,62,0,0,0,0,9501,1605,99,0,17399,32739,-,-,-,0,63,30
1787767604.909,0,347,83,-,89,57,0,0,0,0,9501,1665,99,0,17399,32739,-,-,-,0,58,168
1787767605.977,0,346,84,-,94,62,0,0,0,0,9501,1620,99,0,17399,32739,-,-,-,0,120,16
1787767607.043,0,333,82,-,16,10,0,0,0,0,9501,1890,100,0,17399,32739,-,-,-,0,114,12428
1787767608.114,0,287,83,-,86,56,0,0,0,0,9501,1620,58,0,17399,32739,-,-,-,0,161,269
1787767609.183,0,342,83,-,87,58,0,0,0,0,9501,1680,85,0,17399,32739,-,-,-,0,174,77
1787767610.191,#,gpu,pwr,gtemp,mtemp,sm,mem,enc,dec,jpg,ofa,mclk,pclk,pviol,tviol,fb,bar1,ccpm,sbecc,dbecc,pci,rxpci,txpci
1787767610.230,#,Idx,W,C,C,%,%,%,%,%,%,MHz,MHz,%,bool,MB,MB,MB,errs,errs,errs,MB/s,MB/s
1787767610.253,0,344,83,-,83,54,0,0,0,0,9501,1650,83,0,17399,32739,-,-,-,0,173,325
1787767611.321,0,323,83,-,100,39,0,0,0,0,9501,1605,72,0,17399,32739,-,-,-,0,63,19
1787767612.390,0,336,84,-,100,28,0,0,0,0,9501,1620,81,0,17399,32739,-,-,-,0,183,325
1787767613.465,0,339,83,-,86,62,0,0,0,0,9501,1695,70,0,17399,32739,-,-,-,0,176,181
1787767614.538,0,343,83,-,84,54,0,0,0,0,9501,1650,100,0,17399,32739,-,-,-,0,163,331
1787767615.605,0,340,83,-,83,59,0,0,0,0,9501,1725,84,0,17399,32739,-,-,-,0,184,52
1787767616.675,0,340,83,-,84,56,0,0,0,0,9501,1710,88,0,17399,32739,-,-,-,0,175,62
1787767617.743,0,341,83,-,91,62,0,0,0,0,9501,1620,93,0,17399,32739,-,-,-,0,187,317
1787767618.804,0,305,82,-,60,17,0,0,0,0,9501,1665,71,0,17399,32739,-,-,-,0,174,39
1787767619.873,0,330,82,-,68,37,0,0,0,0,9501,1695,82,0,17399,32739,-,-,-,0,102,49
1787767620.940,0,335,84,-,81,58,0,0,0,0,9501,1680,75,0,17399,32739,-,-,-,0,172,141
1787767622.011,0,342,83,-,89,60,0,0,0,0,9501,1590,100,0,17399,32739,-,-,-,0,174,50
1787767623.081,0,342,84,-,88,59,0,0,0,0,9501,1680,79,0,17399,32739,-,-,-,0,294,60
1787767624.148,0,336,84,-,42,25,0,0,0,0,9501,1875,77,0,17399,32739,-,-,-,0,59,24
1787767625.210,0,322,84,-,100,25,0,0,0,0,9501,1635,78,0,17399,32739,-,-,-,0,62,21
1787767626.282,0,335,84,-,100,40,0,0,0,0,9501,1590,86,0,17399,32739,-,-,-,0,175,109
1787767627.357,0,339,84,-,86,58,0,0,0,0,9501,1710,70,0,17399,32739,-,-,-,0,179,326
1787767628.430,0,346,83,-,85,67,0,0,0,0,9501,1680,68,0,17399,32739,-,-,-,0,104,259
1787767629.505,0,347,83,-,93,60,0,0,0,0,9501,1620,100,0,17399,32739,-,-,-,0,122,294
1787767630.579,0,348,84,-,93,59,0,0,0,0,9501,1605,99,0,17399,32739,-,-,-,0,83,303
1787767631.651,0,320,80,-,0,0,0,0,0,0,9501,1905,81,0,17399,32739,-,-,-,0,48,12
1787767632.728,0,301,84,-,100,27,0,0,0,0,9501,1620,68,0,17399,32739,-,-,-,0,202,109
1787767633.791,0,339,83,-,86,62,0,0,0,0,9501,1680,75,0,17399,32739,-,-,-,0,172,323
1787767634.865,0,343,83,-,82,62,0,0,0,0,9501,1710,68,0,17399,32739,-,-,-,0,152,152
1787767635.931,0,343,83,-,91,59,0,0,0,0,9501,1665,70,0,17399,32739,-,-,-,0,132,290
1787767637.001,0,325,81,-,6,0,0,0,0,0,9501,1905,100,0,17399,32739,-,-,-,0,8871,88
1787767638.076,0,313,84,-,100,28,0,0,0,0,9501,1620,74,0,17399,32739,-,-,-,0,5,377
1787767639.146,0,339,84,-,85,56,0,0,0,0,9501,1620,84,0,17399,32739,-,-,-,0,177,289
1787767640.219,0,344,83,-,88,59,0,0,0,0,9501,1680,83,0,17399,32739,-,-,-,0,212,323
1787767641.288,0,344,83,-,82,62,0,0,0,0,9501,1695,84,0,17399,32739,-,-,-,0,204,55
1787767642.355,0,346,83,-,87,62,0,0,0,0,9501,1665,89,0,17399,32739,-,-,-,0,166,54
1787767643.424,0,347,83,-,88,56,0,0,0,0,9501,1695,91,0,17399,32739,-,-,-,0,97,299
1787767644.496,0,344,83,-,89,61,0,0,0,0,9501,1740,100,0,17399,32739,-,-,-,0,93,319
1787767645.563,0,348,84,-,94,61,0,0,0,0,9501,1590,91,0,17399,32739,-,-,-,0,78,24
1787767646.632,0,345,83,-,88,58,0,0,0,0,9501,1680,99,0,17399,32739,-,-,-,0,79,299
1787767647.704,0,346,83,-,90,60,0,0,0,0,9501,1620,99,0,17399,32739,-,-,-,0,193,170
1787767648.774,0,347,83,-,86,57,0,0,0,0,9501,1680,93,0,17399,32739,-,-,-,0,155,16
1787767649.845,0,342,83,-,87,66,0,0,0,0,9501,1665,91,0,17399,32739,-,-,-,0,155,39
1787767650.917,0,342,83,-,81,53,0,0,0,0,9501,1635,88,0,17399,32739,-,-,-,0,124,309
1787767651.989,0,346,83,-,83,57,0,0,0,0,9501,1710,100,0,17399,32739,-,-,-,0,88,329
1787767653.065,0,346,84,-,94,61,0,0,0,0,9501,1575,91,0,17399,32739,-,-,-,0,182,331
1787767654.135,0,344,84,-,88,60,0,0,0,0,9501,1680,93,0,17399,32739,-,-,-,0,172,28
1787767655.202,0,347,83,-,94,61,0,0,0,0,9501,1605,99,0,17399,32739,-,-,-,0,233,27
1787767656.272,0,347,84,-,94,62,0,0,0,0,9501,1590,99,0,17399,32739,-,-,-,0,98,306
1787767657.277,#,gpu,pwr,gtemp,mtemp,sm,mem,enc,dec,jpg,ofa,mclk,pclk,pviol,tviol,fb,bar1,ccpm,sbecc,dbecc,pci,rxpci,txpci
1787767657.277,#,Idx,W,C,C,%,%,%,%,%,%,MHz,MHz,%,bool,MB,MB,MB,errs,errs,errs,MB/s,MB/s
1787767657.338,0,315,82,-,100,33,0,0,0,0,9501,1635,67,0,17399,32739,-,-,-,0,56,15
1787767658.406,0,346,84,-,100,24,0,0,0,0,9501,1605,93,0,17399,32739,-,-,-,0,773,14
1787767659.474,0,332,82,-,77,44,0,0,0,0,9501,1695,83,0,17399,32739,-,-,-,0,191,114
1787767660.542,0,345,84,-,88,59,0,0,0,0,9501,1605,100,0,17399,32739,-,-,-,0,70,27
1787767661.614,0,346,83,-,84,58,0,0,0,0,9501,1755,79,0,17399,32739,-,-,-,0,0,0
1787767662.693,0,319,84,-,100,27,0,0,0,0,9501,1620,60,0,17399,32739,-,-,-,0,52,17
1787767663.761,0,348,84,-,100,25,0,0,0,0,9501,1635,99,0,17399,32739,-,-,-,0,837,16
1787767664.835,0,349,85,-,100,27,0,0,0,0,9501,1620,93,0,17399,32739,-,-,-,0,48,27
1787767665.903,0,337,85,-,100,27,0,0,0,0,9501,1635,91,0,17399,32739,-,-,-,0,50,17
1787767666.980,0,339,84,-,100,25,0,0,0,0,9501,1635,93,0,17399,32739,-,-,-,0,88,312
1787767668.052,0,348,83,-,87,61,0,0,0,0,9501,1680,100,0,17399,32739,-,-,-,0,178,327
1787767669.127,0,348,83,-,87,63,0,0,0,0,9501,1695,65,0,17399,32739,-,-,-,0,204,55
1787767670.194,0,348,83,-,87,59,0,0,0,0,9501,1665,72,0,17399,32739,-,-,-,0,110,327
1787767671.265,0,346,84,-,83,59,0,0,0,0,9501,1695,76,0,17399,32739,-,-,-,0,181,47
1787767672.332,0,344,83,-,89,63,0,0,0,0,9501,1665,88,0,17399,32739,-,-,-,0,52,309
1787767673.402,0,348,84,-,93,62,0,0,0,0,9501,1605,97,0,17399,32739,-,-,-,0,163,324
1787767674.480,0,344,84,-,86,55,0,0,0,0,9501,1635,87,0,17399,32739,-,-,-,0,170,59
1787767675.553,0,346,84,-,86,55,0,0,0,0,9501,1635,100,0,17399,32739,-,-,-,0,62,317
1787767676.621,0,347,84,-,93,61,0,0,0,0,9501,1635,99,0,17399,32739,-,-,-,0,108,303
1787767677.693,0,348,84,-,92,60,0,0,0,0,9501,1620,99,0,17399,32739,-,-,-,0,79,61
1787767678.763,0,349,84,-,94,61,0,0,0,0,9501,1620,99,0,17399,32739,-,-,-,0,159,32
1787767679.826,0,344,83,-,87,55,0,0,0,0,9501,1680,97,0,17399,32739,-,-,-,0,119,30
1787767680.901,0,344,83,-,81,57,0,0,0,0,9501,1650,94,0,17399,32739,-,-,-,0,107,314
1787767681.973,0,345,84,-,94,62,0,0,0,0,9501,1605,95,0,17399,32739,-,-,-,0,106,20
1787767683.039,0,348,84,-,93,61,0,0,0,0,9501,1665,100,0,17399,32739,-,-,-,0,74,318
1787767684.116,0,347,84,-,90,59,0,0,0,0,9501,1620,99,0,17399,32739,-,-,-,0,164,120
1787767685.185,0,349,84,-,94,62,0,0,0,0,9501,1575,99,0,17399,32739,-,-,-,0,137,34
1787767686.258,0,347,84,-,93,61,0,0,0,0,9501,1605,99,0,17399,32739,-,-,-,0,131,305
1787767687.333,0,348,84,-,93,60,0,0,0,0,9501,1635,99,0,17399,32739,-,-,-,0,81,336
1787767688.399,0,344,84,-,87,63,0,0,0,0,9501,1695,77,0,17399,32739,-,-,-,0,212,330
1787767689.474,0,347,84,-,88,59,0,0,0,0,9501,1635,62,0,17399,32739,-,-,-,0,71,145
1787767690.547,0,343,83,-,85,64,0,0,0,0,9501,1710,100,0,17399,32739,-,-,-,0,201,170
1787767691.612,0,342,84,-,87,57,0,0,0,0,9501,1695,75,0,17399,32739,-,-,-,0,177,53
1787767692.682,0,344,83,-,88,58,0,0,0,0,9501,1740,80,0,17399,32739,-,-,-,0,199,103
1787767693.744,0,346,84,-,93,61,0,0,0,0,9501,1590,83,0,17399,32739,-,-,-,0,158,20
1787767694.810,0,344,84,-,94,63,0,0,0,0,9501,1620,93,0,17399,32739,-,-,-,0,115,19
1787767695.883,0,347,84,-,93,62,0,0,0,0,9501,1620,99,0,17399,32739,-,-,-,0,0,0
1787767696.957,0,283,84,-,100,27,0,0,0,0,9501,1635,49,0,17399,32739,-,-,-,0,149,111
1787767698.030,0,344,84,-,81,64,0,0,0,0,9501,1695,100,0,17399,32739,-,-,-,0,156,29
1787767699.102,0,345,83,-,89,57,0,0,0,0,9501,1635,83,0,17399,32739,-,-,-,0,184,60
1787767700.170,0,324,82,-,100,39,0,0,0,0,9501,1830,68,0,17399,32739,-,-,-,0,100,266
1787767701.240,0,335,82,-,82,22,0,0,0,0,9501,1755,81,0,17399,32739,-,-,-,0,338,226
1787767702.316,0,343,84,-,90,62,0,0,0,0,9501,1710,58,0,17399,32739,-,-,-,0,177,169
1787767703.381,0,348,84,-,85,62,0,0,0,0,9501,1740,71,0,17399,32739,-,-,-,0,106,324
1787767704.387,#,gpu,pwr,gtemp,mtemp,sm,mem,enc,dec,jpg,ofa,mclk,pclk,pviol,tviol,fb,bar1,ccpm,sbecc,dbecc,pci,rxpci,txpci
1787767704.387,#,Idx,W,C,C,%,%,%,%,%,%,MHz,MHz,%,bool,MB,MB,MB,errs,errs,errs,MB/s,MB/s
1787767704.451,0,344,83,-,87,58,0,0,0,0,9501,1695,84,0,17399,32739,-,-,-,0,180,63
1787767705.519,0,344,84,-,88,59,0,0,0,0,9501,1620,100,0,17399,32739,-,-,-,0,99,308
1787767706.593,0,346,84,-,88,57,0,0,0,0,9501,1635,99,0,17399,32739,-,-,-,0,163,51
1787767707.663,0,345,83,-,90,59,0,0,0,0,9501,1710,99,0,17399,32739,-,-,-,0,72,30
1787767708.737,0,347,84,-,94,59,0,0,0,0,9501,1620,99,0,17399,32739,-,-,-,0,168,341
1787767709.805,0,345,84,-,82,67,0,0,0,0,9501,1665,95,0,17399,32739,-,-,-,0,97,32
1787767710.880,0,347,84,-,93,60,0,0,0,0,9501,1620,98,0,17399,32739,-,-,-,0,65,25
1787767711.951,0,306,84,-,100,28,0,0,0,0,9501,1635,72,0,17399,32739,-,-,-,0,36,24
1787767713.019,0,341,84,-,82,63,0,0,0,0,9501,1695,100,0,17399,32739,-,-,-,0,178,109
1787767714.090,0,348,84,-,94,62,0,0,0,0,9501,1605,84,0,17399,32739,-,-,-,0,185,33
1787767715.159,0,341,83,-,82,54,0,0,0,0,9501,1650,79,0,17399,32739,-,-,-,0,197,125
1787767716.229,0,314,84,-,95,32,0,0,0,0,9501,1650,64,0,17399,32739,-,-,-,0,43,692
1787767717.304,0,349,85,-,100,27,0,0,0,0,9501,1620,99,0,17399,32739,-,-,-,0,270,41
1787767718.381,0,331,83,-,59,30,0,0,0,0,9501,1755,79,0,17399,32739,-,-,-,0,173,326
1787767719.453,0,337,83,-,88,60,0,0,0,0,9501,1725,84,0,17399,32739,-,-,-,0,190,115
1787767720.522,0,345,83,-,89,56,0,0,0,0,9501,1665,100,0,17399,32739,-,-,-,0,107,303
1787767721.594,0,347,84,-,94,61,0,0,0,0,9501,1605,99,0,17399,32739,-,-,-,0,52,300
1787767722.663,0,346,84,-,94,61,0,0,0,0,9501,1605,97,0,17399,32739,-,-,-,0,99,28
1787767723.730,0,346,84,-,87,55,0,0,0,0,9501,1635,99,0,17399,32739,-,-,-,0,65,307
1787767724.803,0,326,79,-,1,0,0,0,0,0,9501,1905,91,0,17399,32739,-,-,-,0,62,23
1787767725.878,0,305,84,-,100,26,0,0,0,0,9501,1620,72,0,17399,32739,-,-,-,0,186,56
1787767726.948,0,339,84,-,82,55,0,0,0,0,9501,1695,73,0,17399,32739,-,-,-,0,82,57
1787767728.017,0,344,83,-,88,59,0,0,0,0,9501,1680,100,0,17399,32739,-,-,-,0,135,60
1787767729.085,0,345,83,-,87,69,0,0,0,0,9501,1620,66,0,17399,32739,-,-,-,0,165,269
1787767730.154,0,342,84,-,84,56,0,0,0,0,9501,1635,83,0,17399,32739,-,-,-,0,0,2
1787767731.232,0,310,84,-,100,26,0,0,0,0,9501,1635,70,0,17399,32739,-,-,-,0,44,52
1787767732.305,0,348,84,-,93,25,0,0,0,0,9501,1695,99,0,17399,32739,-,-,-,0,56,595
1787767733.376,0,335,84,-,100,40,0,0,0,0,9501,1590,81,0,17402,32739,-,-,-,0,199,161
1787767734.441,0,336,83,-,82,63,0,0,0,0,9501,1665,69,0,17402,32739,-,-,-,0,164,329
1787767735.505,0,347,84,-,94,61,0,0,0,0,9501,1620,100,0,17402,32739,-,-,-,0,166,41
1787767736.577,0,348,83,-,93,60,0,0,0,0,9501,1590,99,0,17399,32739,-,-,-,0,87,312
1787767737.644,0,348,84,-,93,61,0,0,0,0,9501,1620,99,0,17402,32739,-,-,-,0,108,317
1787767738.713,0,347,84,-,93,60,0,0,0,0,9501,1605,99,0,17402,32739,-,-,-,0,97,34
1787767739.780,0,317,79,-,13,0,0,0,0,0,9501,1905,85,0,17399,32739,-,-,-,0,40,19
1787767740.847,0,312,84,-,100,27,0,0,0,0,9501,1635,76,0,17399,32739,-,-,-,0,176,59
1787767741.920,0,341,83,-,80,61,0,0,0,0,9501,1725,55,0,17399,32739,-,-,-,0,57,61
1787767742.985,0,346,84,-,93,60,0,0,0,0,9501,1665,80,0,17399,32739,-,-,-,0,169,42
1787767744.061,0,344,84,-,94,79,0,0,0,0,9501,1650,100,0,17399,32739,-,-,-,0,177,163
1787767745.130,0,346,84,-,83,58,0,0,0,0,9501,1680,74,0,17399,32739,-,-,-,0,138,36
1787767746.196,0,307,83,-,81,21,0,0,0,0,9501,1650,62,0,17399,32739,-,-,-,0,747,21
1787767747.272,0,347,84,-,100,27,0,0,0,0,9501,1605,99,0,17399,32739,-,-,-,0,156,30
1787767748.349,0,347,85,-,99,25,0,0,0,0,9501,1635,95,0,17399,32739,-,-,-,0,62,30
1787767749.414,0,335,84,-,100,37,0,0,0,0,9501,1605,88,0,17399,32739,-,-,-,0,61,49
1787767750.480,0,341,84,-,94,62,0,0,0,0,9501,1620,81,0,17399,32739,-,-,-,0,121,290
1787767751.487,#,gpu,pwr,gtemp,mtemp,sm,mem,enc,dec,jpg,ofa,mclk,pclk,pviol,tviol,fb,bar1,ccpm,sbecc,dbecc,pci,rxpci,txpci
1787767751.487,#,Idx,W,C,C,%,%,%,%,%,%,MHz,MHz,%,bool,MB,MB,MB,errs,errs,errs,MB/s,MB/s
1787767751.547,0,348,84,-,93,62,0,0,0,0,9501,1635,100,0,17399,32739,-,-,-,0,100,291
1787767752.616,0,347,83,-,93,61,0,0,0,0,9501,1590,99,0,17399,32739,-,-,-,0,79,309
1787767753.690,0,347,84,-,94,61,0,0,0,0,9501,1605,99,0,17399,32739,-,-,-,0,55,314
1787767754.753,0,347,84,-,93,62,0,0,0,0,9501,1620,99,0,17399,32739,-,-,-,0,50,299
1787767755.826,0,298,83,-,51,12,0,0,0,0,9501,1650,65,0,17399,32739,-,-,-,0,193,117
1787767756.894,0,335,84,-,88,57,0,0,0,0,9501,1710,72,0,17399,32739,-,-,-,0,196,54
1787767757.968,0,344,84,-,84,59,0,0,0,0,9501,1710,86,0,17399,32739,-,-,-,0,174,60
1787767759.037,0,344,84,-,88,65,0,0,0,0,9501,1650,100,0,17399,32739,-,-,-,0,176,325
1787767760.113,0,340,83,-,84,62,0,0,0,0,9501,1665,77,0,17399,32739,-,-,-,0,186,31
1787767761.185,0,330,80,-,16,11,0,0,0,0,9501,1905,80,0,17399,32739,-,-,-,0,43,29
1787767762.254,0,307,84,-,99,26,0,0,0,0,9501,1560,76,0,17399,32739,-,-,-,0,788,24
1787767763.327,0,345,85,-,100,26,0,0,0,0,9501,1620,96,0,17399,32739,-,-,-,0,146,54
1787767764.401,0,349,85,-,100,27,0,0,0,0,9501,1635,99,0,17399,32739,-,-,-,0,89,27
1787767765.471,0,341,85,-,100,27,0,0,0,0,9501,1620,87,0,17399,32739,-,-,-,0,41,34
1787767766.544,0,345,85,-,100,24,0,0,0,0,9501,1620,100,0,17399,32739,-,-,-,0,62,25
1787767767.614,0,349,85,-,100,26,0,0,0,0,9501,1635,99,0,17402,32739,-,-,-,0,46,24
1787767768.689,0,348,85,-,100,26,0,0,0,0,9501,1665,95,0,17402,32739,-,-,-,0,43,20
1787767769.759,0,348,85,-,100,24,0,0,0,0,9501,1635,99,0,17399,32739,-,-,-,0,4111,148
1787767770.822,0,349,85,-,100,24,0,0,0,0,9501,1620,94,0,17402,32739,-,-,-,0,46,21
1787767771.894,0,348,85,-,100,25,0,0,0,0,9501,1635,99,0,17402,32739,-,-,-,0,39,16
1787767772.968,0,349,85,-,100,26,0,0,0,0,9501,1575,95,0,17399,32739,-,-,-,0,41,20
1787767774.038,0,348,85,-,100,26,0,0,0,0,9501,1635,100,0,17399,32739,-,-,-,0,33,17
1787767775.109,0,348,85,-,99,24,0,0,0,0,9501,1650,99,0,17399,32739,-,-,-,0,62,20
1787767776.176,0,348,85,-,99,36,0,0,0,0,9501,1590,97,0,17399,32739,-,-,-,0,43,26
1787767777.254,0,328,84,-,51,10,0,0,0,0,9501,1680,87,0,17399,32739,-,-,-,0,175,219
1787767778.316,0,335,84,-,78,54,0,0,0,0,9501,1665,86,0,17399,32739,-,-,-,0,182,61
1787767779.388,0,345,84,-,93,64,0,0,0,0,9501,1605,93,0,17399,32739,-,-,-,0,122,314
1787767780.458,0,348,84,-,94,66,0,0,0,0,9501,1620,99,0,17399,32739,-,-,-,0,89,329
1787767781.523,0,347,84,-,94,63,0,0,0,0,9501,1620,100,0,17399,32739,-,-,-,0,174,72
1787767782.589,0,348,84,-,94,65,0,0,0,0,9501,1590,99,0,17399,32739,-,-,-,0,79,322
1787767783.664,0,348,84,-,95,65,0,0,0,0,9501,1590,100,0,17399,32739,-,-,-,0,144,327
1787767784.736,0,270,78,-,38,1,0,0,0,0,9501,1905,47,0,17399,32739,-,-,-,0,194,168
1787767785.803,0,317,83,-,87,58,0,0,0,0,9501,1725,67,0,17399,32739,-,-,-,0,178,280
1787767786.876,0,342,83,-,84,58,0,0,0,0,9501,1755,86,0,17399,32739,-,-,-,0,148,254
1787767787.953,0,340,83,-,82,55,0,0,0,0,9501,1650,85,0,17399,32739,-,-,-,0,184,114
1787767789.023,0,343,83,-,91,74,0,0,0,0,9501,1710,100,0,17399,32739,-,-,-,0,173,331
1787767790.095,0,317,84,-,100,38,0,0,0,0,9501,1605,66,0,17399,32739,-,-,-,0,925,24
1787767791.162,0,346,84,-,99,27,0,0,0,0,9501,1605,93,0,17399,32739,-,-,-,0,59,22
1787767792.224,0,347,85,-,100,25,0,0,0,0,9501,1605,96,0,17399,32739,-,-,-,0,87,29
1787767793.290,0,348,85,-,100,27,0,0,0,0,9501,1635,99,0,17399,32739,-,-,-,0,62,712
1787767794.363,0,348,85,-,100,24,0,0,0,0,9501,1650,96,0,17399,32739,-,-,-,0,83,24
1787767795.435,0,349,85,-,100,26,0,0,0,0,9501,1635,99,0,17399,32739,-,-,-,0,34,690
1787767796.510,0,348,85,-,99,24,0,0,0,0,9501,1635,100,0,17399,32739,-,-,-,0,60,13
1787767797.576,0,348,85,-,100,24,0,0,0,0,9501,1635,95,0,17399,32739,-,-,-,0,40,17
1787767798.588,#,gpu,pwr,gtemp,mtemp,sm,mem,enc,dec,jpg,ofa,mclk,pclk,pviol,tviol,fb,bar1,ccpm,sbecc,dbecc,pci,rxpci,txpci
1787767798.588,#,Idx,W,C,C,%,%,%,%,%,%,MHz,MHz,%,bool,MB,MB,MB,errs,errs,errs,MB/s,MB/s
1787767798.650,0,349,85,-,100,26,0,0,0,0,9501,1620,99,0,17399,32739,-,-,-,0,42,21
1787767799.722,0,347,85,-,100,26,0,0,0,0,9501,1620,97,0,17399,32739,-,-,-,0,42,16
1787767800.786,0,347,85,-,100,24,0,0,0,0,9501,1650,97,0,17399,32739,-,-,-,0,47,727
1787767801.850,0,350,85,-,100,25,0,0,0,0,9501,1635,99,0,17399,32739,-,-,-,0,55,15
1787767802.926,0,348,85,-,100,25,0,0,0,0,9501,1650,97,0,17399,32739,-,-,-,0,41,14
1787767803.992,0,348,85,-,100,25,0,0,0,0,9501,1635,99,0,17399,32739,-,-,-,0,39,15
1787767805.062,0,347,86,-,100,24,0,0,0,0,9501,1590,100,0,17399,32739,-,-,-,0,43,16
1787767806.134,0,338,85,-,100,42,0,0,0,0,9501,1605,83,0,17399,32739,-,-,-,0,81,27
1787767807.211,0,321,84,-,81,56,0,0,0,0,9501,1725,77,0,17399,32739,-,-,-,0,178,176
1787767808.284,0,341,84,-,82,61,0,0,0,0,9501,1725,66,0,17399,32739,-,-,-,0,168,87
1787767809.349,0,344,84,-,87,60,0,0,0,0,9501,1620,64,0,17399,32739,-,-,-,0,102,322
1787767810.422,0,348,84,-,92,65,0,0,0,0,9501,1635,99,0,17399,32739,-,-,-,0,132,292
1787767811.491,0,347,84,-,93,65,0,0,0,0,9501,1635,99,0,17399,32739,-,-,-,0,169,310
1787767812.567,0,348,84,-,91,63,0,0,0,0,9501,1635,100,0,17399,32739,-,-,-,0,135,303
1787767813.637,0,347,84,-,91,62,0,0,0,0,9501,1620,99,0,17399,32739,-,-,-,0,66,302
1787767814.713,0,333,83,-,11,7,0,0,0,0,9501,1890,95,0,17399,32739,-,-,-,0,0,0
1787767815.786,0,243,83,-,85,59,0,0,0,0,9501,1725,25,0,17399,32739,-,-,-,0,181,326
1787767816.853,0,344,83,-,85,60,0,0,0,0,9501,1710,73,0,17399,32739,-,-,-,0,185,55
1787767817.921,0,341,84,-,87,54,0,0,0,0,9501,1695,88,0,17399,32739,-,-,-,0,177,325
1787767818.987,0,341,83,-,86,59,0,0,0,0,9501,1710,71,0,17399,32739,-,-,-,0,175,328
1787767820.060,0,345,84,-,90,61,0,0,0,0,9501,1665,100,0,17399,32739,-,-,-,0,200,87
1787767821.133,0,291,84,-,100,25,0,0,0,0,9501,1650,57,0,17399,32739,-,-,-,0,58,14
1787767822.198,0,339,82,-,71,19,0,0,0,0,9501,1650,87,0,17399,32739,-,-,-,0,56,16
1787767823.269,0,325,83,-,87,61,0,0,0,0,9501,1665,81,0,17399,32739,-,-,-,0,184,39
1787767824.340,0,343,83,-,87,63,0,0,0,0,9501,1695,65,0,17399,32739,-,-,-,0,166,318
1787767825.403,0,343,83,-,77,61,0,0,0,0,9501,1710,81,0,17399,32739,-,-,-,0,183,217
1787767826.478,0,342,83,-,83,61,0,0,0,0,9501,1680,59,0,17399,32739,-,-,-,0,130,52
1787767827.550,0,342,83,-,83,65,0,0,0,0,9501,1695,100,0,17399,32739,-,-,-,0,237,164
1787767828.626,0,343,83,-,88,62,0,0,0,0,9501,1695,79,0,17399,32739,-,-,-,0,191,106
1787767829.699,0,346,83,-,87,63,0,0,0,0,9501,1695,78,0,17399,32739,-,-,-,0,178,55
1787767830.765,0,345,84,-,87,61,0,0,0,0,9501,1695,77,0,17399,32739,-,-,-,0,167,313
1787767831.831,0,344,83,-,89,60,0,0,0,0,9501,1710,74,0,17399,32739,-,-,-,0,95,304
1787767832.902,0,347,84,-,91,63,0,0,0,0,9501,1620,89,0,17399,32739,-,-,-,0,100,328
1787767833.975,0,348,84,-,94,66,0,0,0,0,9501,1605,99,0,17399,32739,-,-,-,0,140,303
1787767835.048,0,348,84,-,94,66,0,0,0,0,9501,1590,100,0,17399,32739,-,-,-,0,99,30
1787767836.114,0,346,84,-,80,66,0,0,0,0,9501,1665,89,0,17399,32739,-,-,-,0,159,26
1787767837.185,0,346,84,-,94,65,0,0,0,0,9501,1620,95,0,17399,32739,-,-,-,0,122,20
1787767838.255,0,348,84,-,94,64,0,0,0,0,9501,1620,99,0,17399,32739,-,-,-,0,0,2
1787767839.325,0,254,82,-,86,60,0,0,0,0,9501,1725,33,0,17399,32739,-,-,-,0,202,111
1787767840.395,0,343,83,-,86,54,0,0,0,0,9501,1620,70,0,17399,32739,-,-,-,0,169,214
1787767841.467,0,344,83,-,87,60,0,0,0,0,9501,1710,85,0,17399,32739,-,-,-,0,179,59
1787767842.535,0,340,83,-,84,58,0,0,0,0,9501,1725,100,0,17399,32739,-,-,-,0,133,75
1787767843.606,0,339,83,-,89,61,0,0,0,0,9501,1665,76,0,17399,32739,-,-,-,0,211,161
1787767844.678,0,258,78,-,1,0,0,0,0,0,9501,1920,45,0,17399,32739,-,-,-,0,0,0
1787767845.684,#,gpu,pwr,gtemp,mtemp,sm,mem,enc,dec,jpg,ofa,mclk,pclk,pviol,tviol,fb,bar1,ccpm,sbecc,dbecc,pci,rxpci,txpci
1787767845.722,#,Idx,W,C,C,%,%,%,%,%,%,MHz,MHz,%,bool,MB,MB,MB,errs,errs,errs,MB/s,MB/s
1787767845.747,0,186,78,-,88,31,0,0,0,0,9501,1650,4,0,17399,32739,-,-,-,0,749,28
1787767846.814,0,341,84,-,100,28,0,0,0,0,9501,1635,85,0,17399,32739,-,-,-,0,38,17
1787767847.888,0,336,83,-,82,52,0,0,0,0,9501,1620,80,0,17399,32739,-,-,-,0,150,96
1787767848.964,0,340,83,-,83,55,0,0,0,0,9501,1740,79,0,17399,32739,-,-,-,0,181,326
1787767850.033,0,344,82,-,80,58,0,0,0,0,9501,1680,100,0,17399,32739,-,-,-,0,183,49
1787767851.104,0,338,83,-,87,67,0,0,0,0,9501,1695,86,0,17399,32739,-,-,-,0,118,130
1787767852.168,0,342,83,-,84,56,0,0,0,0,9501,1725,64,0,17399,32739,-,-,-,0,96,20
1787767853.244,0,343,83,-,85,60,0,0,0,0,9501,1680,95,0,17399,32739,-,-,-,0,179,324
1787767854.316,0,345,83,-,94,60,0,0,0,0,9501,1635,96,0,17399,32739,-,-,-,0,127,21
1787767855.383,0,348,83,-,93,61,0,0,0,0,9501,1635,99,0,17399,32739,-,-,-,0,70,320
1787767856.448,0,345,83,-,88,59,0,0,0,0,9501,1680,73,0,17399,32739,-,-,-,0,140,25
1787767857.513,0,348,83,-,93,61,0,0,0,0,9501,1620,100,0,17399,32739,-,-,-,0,163,271
1787767858.577,0,348,83,-,93,61,0,0,0,0,9501,1575,98,0,17399,32739,-,-,-,0,222,228
1787767859.647,0,343,83,-,93,62,0,0,0,0,9501,1620,97,0,17399,32739,-,-,-,0,112,311
1787767860.722,0,346,83,-,88,56,0,0,0,0,9501,1695,99,0,17399,32739,-,-,-,0,133,219
1787767861.793,0,348,83,-,94,61,0,0,0,0,9501,1635,99,0,17399,32739,-,-,-,0,139,55
1787767862.867,0,346,83,-,94,61,0,0,0,0,9501,1620,99,0,17399,32739,-,-,-,0,93,298
1787767863.933,0,348,83,-,88,57,0,0,0,0,9501,1620,99,0,17399,32739,-,-,-,0,171,54
1787767865.003,0,346,83,-,86,57,0,0,0,0,9501,1710,100,0,17399,32739,-,-,-,0,109,324
1787767866.077,0,348,83,-,93,60,0,0,0,0,9501,1620,99,0,17399,32739,-,-,-,0,101,299
1787767867.149,0,348,84,-,93,60,0,0,0,0,9501,1620,99,0,17399,32739,-,-,-,0,129,163
1787767868.218,0,347,84,-,92,60,0,0,0,0,9501,1635,99,0,17399,32739,-,-,-,0,105,304
1787767869.285,0,304,83,-,100,27,0,0,0,0,9501,1635,69,0,17399,32739,-,-,-,0,60,20
1787767870.351,0,348,84,-,99,26,0,0,0,0,9501,1650,99,0,17399,32739,-,-,-,0,2904,25
1787767871.423,0,344,85,-,100,27,0,0,0,0,9501,1635,91,0,17399,32739,-,-,-,0,181,127
1787767872.497,0,341,84,-,89,58,0,0,0,0,9501,1680,74,0,17399,32739,-,-,-,0,196,108
1787767873.567,0,345,84,-,81,53,0,0,0,0,9501,1725,100,0,17399,32739,-,-,-,0,196,118
1787767874.634,0,344,83,-,85,64,0,0,0,0,9501,1695,59,0,17399,32739,-,-,-,0,204,57
1787767875.697,0,346,83,-,86,56,0,0,0,0,9501,1635,86,0,17399,32739,-,-,-,0,190,64
1787767876.761,0,342,83,-,85,61,0,0,0,0,9501,1740,79,0,17399,32739,-,-,-,0,133,163
1787767877.836,0,345,84,-,87,56,0,0,0,0,9501,1710,70,0,17399,32739,-,-,-,0,126,1
1787767878.903,0,309,83,-,95,33,0,0,0,0,9501,1665,57,0,17399,32739,-,-,-,0,36,36
1787767879.971,0,350,84,-,100,27,0,0,0,0,9501,1605,98,0,17399,32739,-,-,-,0,55,712
1787767881.041,0,347,85,-,100,24,0,0,0,0,9501,1620,100,0,17399,32739,-,-,-,0,55,23
1787767882.114,0,339,84,-,58,22,0,0,0,0,9501,1710,91,0,17399,32739,-,-,-,0,38,14
1787767883.180,0,327,84,-,88,62,0,0,0,0,9501,1695,78,0,17399,32739,-,-,-,0,104,55
1787767884.245,0,343,84,-,89,69,0,0,0,0,9501,1665,78,0,17399,32739,-,-,-,0,166,269
1787767885.310,0,343,83,-,85,61,0,0,0,0,9501,1680,66,0,17399,32739,-,-,-,0,171,33
1787767886.377,0,343,83,-,86,59,0,0,0,0,9501,1740,91,0,17399,32739,-,-,-,0,185,87
1787767887.439,0,342,83,-,83,64,0,0,0,0,9501,1695,74,0,17399,32739,-,-,-,0,174,62
1787767888.509,0,340,83,-,83,56,0,0,0,0,9501,1680,100,0,17399,32739,-,-,-,0,134,299
1787767889.585,0,345,84,-,89,61,0,0,0,0,9501,1680,88,0,17399,32739,-,-,-,0,172,222
1787767890.653,0,347,83,-,89,60,0,0,0,0,9501,1710,87,0,17399,32739,-,-,-,0,264,75
1787767891.720,0,348,84,-,94,63,0,0,0,0,9501,1635,86,0,17399,32739,-,-,-,0,157,106
1787767892.731,#,gpu,pwr,gtemp,mtemp,sm,mem,enc,dec,jpg,ofa,mclk,pclk,pviol,tviol,fb,bar1,ccpm,sbecc,dbecc,pci,rxpci,txpci
1787767892.731,#,Idx,W,C,C,%,%,%,%,%,%,MHz,MHz,%,bool,MB,MB,MB,errs,errs,errs,MB/s,MB/s
1787767892.793,0,341,83,-,85,70,0,0,0,0,9501,1620,74,0,17399,32739,-,-,-,0,175,322
1787767893.860,0,344,83,-,82,61,0,0,0,0,9501,1680,74,0,17399,32739,-,-,-,0,175,323
1787767894.927,0,341,83,-,87,58,0,0,0,0,9501,1695,88,0,17399,32739,-,-,-,0,107,275
1787767895.992,0,343,83,-,82,59,0,0,0,0,9501,1755,95,0,17399,32739,-,-,-,0,183,207
1787767897.060,0,345,83,-,84,58,0,0,0,0,9501,1710,100,0,17399,32739,-,-,-,0,199,55
1787767898.128,0,342,83,-,84,59,0,0,0,0,9501,1695,84,0,17399,32739,-,-,-,0,179,88
1787767899.196,0,343,83,-,83,62,0,0,0,0,9501,1695,83,0,17399,32739,-,-,-,0,186,268
1787767900.263,0,344,83,-,86,59,0,0,0,0,9501,1665,86,0,17399,32739,-,-,-,0,164,278
1787767901.326,0,342,83,-,86,57,0,0,0,0,9501,1650,77,0,17399,32739,-,-,-,0,199,162
1787767902.397,0,342,83,-,89,60,0,0,0,0,9501,1695,87,0,17399,32739,-,-,-,0,187,51
1787767903.465,0,342,83,-,87,63,0,0,0,0,9501,1725,67,0,17399,32739,-,-,-,0,107,59
1787767904.538,0,348,84,-,88,55,0,0,0,0,9501,1680,100,0,17399,32739,-,-,-,0,116,134
1787767905.609,0,346,84,-,88,55,0,0,0,0,9501,1650,87,0,17399,32739,-,-,-,0,57,60
1787767906.681,0,343,84,-,90,65,0,0,0,0,9501,1710,83,0,17399,32739,-,-,-,0,233,224
1787767907.754,0,344,84,-,88,58,0,0,0,0,9501,1710,69,0,17399,32739,-,-,-,0,177,315
1787767908.820,0,345,83,-,87,62,0,0,0,0,9501,1665,71,0,17399,32739,-,-,-,0,187,309
1787767909.887,0,346,84,-,88,58,0,0,0,0,9501,1710,73,0,17399,32739,-,-,-,0,196,39
1787767910.961,0,345,84,-,95,62,0,0,0,0,9501,1590,83,0,17399,32739,-,-,-,0,175,324
1787767912.027,0,343,83,-,88,59,0,0,0,0,9501,1695,100,0,17399,32739,-,-,-,0,187,163
1787767913.093,0,342,83,-,85,62,0,0,0,0,9501,1695,73,0,17402,32739,-,-,-,0,194,60
1787767914.168,0,345,83,-,85,57,0,0,0,0,9501,1680,78,0,17399,32739,-,-,-,0,127,175
1787767915.239,0,342,83,-,80,59,0,0,0,0,9501,1680,83,0,17402,32739,-,-,-,0,192,171
1787767916.307,0,344,83,-,82,60,0,0,0,0,9501,1710,82,0,17399,32739,-,-,-,0,186,176
1787767917.378,0,345,83,-,90,66,0,0,0,0,9501,1695,87,0,17399,32739,-,-,-,0,186,262
1787767918.446,0,342,84,-,85,56,0,0,0,0,9501,1665,58,0,17399,32739,-,-,-,0,170,279
1787767919.518,0,347,83,-,93,61,0,0,0,0,9501,1620,100,0,17399,32739,-,-,-,0,135,302
1787767920.587,0,346,84,-,93,61,0,0,0,0,9501,1620,97,0,17402,32739,-,-,-,0,112,317
1787767921.659,0,346,84,-,79,59,0,0,0,0,9501,1680,97,0,17402,32739,-,-,-,0,244,45
1787767922.730,0,343,84,-,83,59,0,0,0,0,9501,1635,59,0,17399,32739,-,-,-,0,189,110
1787767923.796,0,346,84,-,86,57,0,0,0,0,9501,1755,66,0,17402,32739,-,-,-,0,166,334
1787767924.867,0,347,84,-,93,62,0,0,0,0,9501,1605,82,0,17399,32739,-,-,-,0,110,300
1787767925.934,0,347,84,-,94,63,0,0,0,0,9501,1620,99,0,17402,32739,-,-,-,0,65,316
1787767927.006,0,348,84,-,93,62,0,0,0,0,9501,1590,100,0,17399,32739,-,-,-,0,81,322
1787767928.080,0,346,84,-,94,64,0,0,0,0,9501,1605,99,0,17399,32739,-,-,-,0,108,295
1787767929.146,0,347,84,-,93,61,0,0,0,0,9501,1590,99,0,17399,32739,-,-,-,0,93,38
1787767930.212,0,328,83,-,94,61,0,0,0,0,9501,1530,99,0,17399,32739,-,-,-,0,183,339
1787767931.277,0,319,83,-,94,61,0,0,0,0,9501,1515,99,0,17399,32739,-,-,-,0,129,314
1787767932.350,0,321,83,-,95,61,0,0,0,0,9501,1530,99,0,17399,32739,-,-,-,0,114,300
1787767933.421,0,321,82,-,90,59,0,0,0,0,9501,1530,99,0,17399,32739,-,-,-,0,91,310
1787767934.496,0,320,82,-,93,61,0,0,0,0,9501,1530,99,0,17399,32739,-,-,-,0,60,314
1787767935.569,0,322,82,-,93,61,0,0,0,0,9501,1575,100,0,17399,32739,-,-,-,0,47,320
1787767936.640,0,320,82,-,94,61,0,0,0,0,9501,1530,99,0,17399,32739,-,-,-,0,89,53
1787767937.709,0,320,82,-,95,60,0,0,0,0,9501,1560,99,0,17399,32739,-,-,-,0,185,39
1787767938.784,0,285,78,-,8,0,0,0,0,0,9501,1905,77,0,17399,32739,-,-,-,0,55,20
1787767939.792,#,gpu,pwr,gtemp,mtemp,sm,mem,enc,dec,jpg,ofa,mclk,pclk,pviol,tviol,fb,bar1,ccpm,sbecc,dbecc,pci,rxpci,txpci
1787767939.792,#,Idx,W,C,C,%,%,%,%,%,%,MHz,MHz,%,bool,MB,MB,MB,errs,errs,errs,MB/s,MB/s
1787767939.855,0,282,83,-,59,25,0,0,0,0,9501,1710,72,0,17399,32739,-,-,-,0,179,37
1787767940.926,0,337,83,-,85,62,0,0,0,0,9501,1800,55,0,17399,32739,-,-,-,0,127,29
1787767941.989,0,342,83,-,88,57,0,0,0,0,9501,1710,76,0,17399,32739,-,-,-,0,209,141
1787767943.052,0,316,83,-,83,28,0,0,0,0,9501,1725,100,0,17399,32739,-,-,-,0,69,32
1787767944.118,0,331,83,-,85,60,0,0,0,0,9501,1725,81,0,17399,32739,-,-,-,0,184,114
1787767945.190,0,344,84,-,78,56,0,0,0,0,9501,1680,81,0,17399,32739,-,-,-,0,153,62
1787767946.260,0,344,83,-,84,60,0,0,0,0,9501,1725,76,0,17399,32739,-,-,-,0,116,296
1787767947.334,0,347,83,-,88,58,0,0,0,0,9501,1620,86,0,17399,32739,-,-,-,0,84,315
1787767948.405,0,347,84,-,94,60,0,0,0,0,9501,1635,99,0,17399,32739,-,-,-,0,68,317
1787767949.477,0,349,84,-,93,60,0,0,0,0,9501,1605,99,0,17399,32739,-,-,-,0,60,303
1787767950.544,0,348,83,-,93,59,0,0,0,0,9501,1665,100,0,17399,32739,-,-,-,0,127,24
1787767951.619,0,348,84,-,90,57,0,0,0,0,9501,1650,97,0,17399,32739,-,-,-,0,88,38
1787767952.689,0,346,84,-,86,55,0,0,0,0,9501,1605,97,0,17399,32739,-,-,-,0,216,312
1787767953.765,0,346,84,-,86,54,0,0,0,0,9501,1605,98,0,17399,32739,-,-,-,0,84,329
1787767954.832,0,317,83,-,100,33,0,0,0,0,9501,1635,79,0,17399,32739,-,-,-,0,46,14
1787767955.904,0,342,84,-,100,25,0,0,0,0,9501,1620,87,0,17399,32739,-,-,-,0,198,117
1787767956.968,0,339,83,-,88,69,0,0,0,0,9501,1740,80,0,17399,32739,-,-,-,0,199,222
1787767958.036,0,344,83,-,89,59,0,0,0,0,9501,1665,100,0,17399,32739,-,-,-,0,188,234
1787767959.106,0,343,83,-,84,63,0,0,0,0,9501,1710,83,0,17399,32739,-,-,-,0,192,193
1787767960.182,0,310,83,-,99,35,0,0,0,0,9501,1605,52,0,17399,32739,-,-,-,0,902,17
1787767961.255,0,348,84,-,100,28,0,0,0,0,9501,1575,93,0,17399,32739,-,-,-,0,82,14
1787767962.326,0,346,83,-,100,36,0,0,0,0,9501,1695,95,0,17399,32739,-,-,-,0,41,29
1787767963.392,0,344,84,-,100,23,0,0,0,0,9501,1605,93,0,17399,32739,-,-,-,0,46,28
1787767964.464,0,346,85,-,100,27,0,0,0,0,9501,1605,91,0,17399,32739,-,-,-,0,61,695
1787767965.536,0,347,85,-,83,19,0,0,0,0,9501,1650,100,0,17399,32739,-,-,-,0,39,39
1787767966.605,0,347,85,-,100,26,0,0,0,0,9501,1620,99,0,17399,32739,-,-,-,0,55,601
1787767967.680,0,334,84,-,88,59,0,0,0,0,9501,1605,81,0,17399,32739,-,-,-,0,185,115
1787767968.753,0,342,84,-,85,55,0,0,0,0,9501,1620,68,0,17399,32739,-,-,-,0,101,300
1787767969.828,0,347,84,-,95,63,0,0,0,0,9501,1635,99,0,17399,32739,-,-,-,0,87,320
1787767970.896,0,348,84,-,94,63,0,0,0,0,9501,1620,99,0,17399,32739,-,-,-,0,121,295
1787767971.971,0,348,84,-,93,63,0,0,0,0,9501,1605,99,0,17399,32739,-,-,-,0,125,58
1787767973.047,0,345,83,-,89,60,0,0,0,0,9501,1635,100,0,17399,32739,-,-,-,0,95,314
1787767974.121,0,347,84,-,90,61,0,0,0,0,9501,1605,99,0,17399,32739,-,-,-,0,168,353
1787767975.193,0,348,84,-,94,63,0,0,0,0,9501,1620,99,0,17399,32739,-,-,-,0,97,41
1787767976.271,0,348,84,-,93,63,0,0,0,0,9501,1620,99,0,17399,32739,-,-,-,0,54,311
1787767977.342,0,317,79,-,1,0,0,0,0,0,9501,1905,85,0,17399,32739,-,-,-,0,43,36
1787767978.417,0,291,83,-,81,61,0,0,0,0,9501,1710,50,0,17399,32739,-,-,-,0,154,59
1787767979.482,0,346,83,-,87,60,0,0,0,0,9501,1710,76,0,17399,32739,-,-,-,0,170,59
1787767980.559,0,343,83,-,87,57,0,0,0,0,9501,1725,100,0,17399,32739,-,-,-,0,127,145
1787767981.630,0,323,83,-,83,28,0,0,0,0,9501,1620,67,0,17399,32739,-,-,-,0,221,35
1787767982.701,0,336,84,-,100,25,0,0,0,0,9501,1650,83,0,17399,32739,-,-,-,0,1312,6059
1787767983.777,0,343,83,-,85,67,0,0,0,0,9501,1680,85,0,17399,32739,-,-,-,0,314,123
1787767984.853,0,341,83,-,88,60,0,0,0,0,9501,1695,82,0,17399,32739,-,-,-,0,60,299
1787767985.927,0,347,84,-,94,62,0,0,0,0,9501,1590,99,0,17399,32739,-,-,-,0,89,303
1787767986.940,#,gpu,pwr,gtemp,mtemp,sm,mem,enc,dec,jpg,ofa,mclk,pclk,pviol,tviol,fb,bar1,ccpm,sbecc,dbecc,pci,rxpci,txpci
1787767986.940,#,Idx,W,C,C,%,%,%,%,%,%,MHz,MHz,%,bool,MB,MB,MB,errs,errs,errs,MB/s,MB/s
1787767987.000,0,347,84,-,94,61,0,0,0,0,9501,1620,99,0,17399,32739,-,-,-,0,157,324
1787767988.071,0,348,84,-,87,57,0,0,0,0,9501,1590,100,0,17399,32739,-,-,-,0,97,299
1787767989.143,0,348,84,-,94,62,0,0,0,0,9501,1620,99,0,17399,32739,-,-,-,0,83,337
1787767990.209,0,334,80,-,20,13,0,0,0,0,9501,1905,95,0,17399,32739,-,-,-,0,71,279
1787767991.282,0,309,83,-,100,39,0,0,0,0,9501,1755,72,0,17399,32739,-,-,-,0,60,16
1787767992.350,0,338,84,-,86,56,0,0,0,0,9501,1725,73,0,17399,32739,-,-,-,0,174,65
1787767993.415,0,348,84,-,87,57,0,0,0,0,9501,1665,69,0,17399,32739,-,-,-,0,68,279
1787767994.482,0,320,83,-,62,20,0,0,0,0,9501,1680,79,0,17399,32739,-,-,-,0,39,20
1787767995.556,0,348,84,-,100,40,0,0,0,0,9501,1680,100,0,17399,32739,-,-,-,0,797,29
1787767996.624,0,342,84,-,99,25,0,0,0,0,9501,1590,89,0,17399,32739,-,-,-,0,62,20
1787767997.698,0,346,85,-,100,26,0,0,0,0,9501,1605,96,0,17399,32739,-,-,-,0,43,19
1787767998.771,0,343,85,-,100,27,0,0,0,0,9501,1620,93,0,17399,32739,-,-,-,0,234,69
1787767999.843,0,339,84,-,87,58,0,0,0,0,9501,1710,72,0,17399,32739,-,-,-,0,188,219
1787768000.911,0,348,84,-,83,68,0,0,0,0,9501,1680,70,0,17399,32739,-,-,-,0,123,321
1787768001.977,0,347,84,-,87,58,0,0,0,0,9501,1665,77,0,17399,32739,-,-,-,0,82,102
1787768003.050,0,346,83,-,88,69,0,0,0,0,9501,1680,100,0,17399,32739,-,-,-,0,171,327
1787768004.123,0,347,84,-,89,74,0,0,0,0,9501,1635,85,0,17399,32739,-,-,-,0,180,342
1787768005.192,0,345,83,-,86,61,0,0,0,0,9501,1680,77,0,17399,32739,-,-,-,0,149,56
1787768006.257,0,340,83,-,88,60,0,0,0,0,9501,1695,76,0,17399,32739,-,-,-,0,137,50
1787768007.327,0,345,84,-,93,62,0,0,0,0,9501,1605,72,0,17399,32739,-,-,-,0,104,326
1787768008.403,0,343,84,-,88,60,0,0,0,0,9501,1695,81,0,17399,32739,-,-,-,0,195,26
1787768009.473,0,346,84,-,88,58,0,0,0,0,9501,1665,94,0,17399,32739,-,-,-,0,70,41
1787768010.545,0,348,84,-,95,62,0,0,0,0,9501,1620,100,0,17399,32739,-,-,-,0,74,322
1787768011.622,0,348,84,-,94,62,0,0,0,0,9501,1605,99,0,17399,32739,-,-,-,0,106,310
1787768012.694,0,348,84,-,94,62,0,0,0,0,9501,1620,99,0,17399,32739,-,-,-,0,74,24
1787768013.755,0,348,83,-,93,60,0,0,0,0,9501,1695,99,0,17399,32739,-,-,-,0,83,334
1787768014.828,0,334,80,-,21,13,0,0,0,0,9501,1905,95,0,17399,32739,-,-,-,0,44,10
1787768015.895,0,286,83,-,85,58,0,0,0,0,9501,1605,52,0,17399,32739,-,-,-,0,178,104
1787768016.965,0,346,83,-,89,61,0,0,0,0,9501,1650,62,0,17399,32739,-,-,-,0,60,37
1787768018.039,0,321,84,-,94,33,0,0,0,0,9501,1635,100,0,17399,32739,-,-,-,0,48,17
1787768019.109,0,339,84,-,100,28,0,0,0,0,9501,1620,86,0,17399,32739,-,-,-,0,210,216
1787768020.185,0,342,83,-,88,59,0,0,0,0,9501,1620,71,0,17399,32739,-,-,-,0,173,219
1787768021.256,0,345,83,-,82,53,0,0,0,0,9501,1695,72,0,17399,32739,-,-,-,0,148,267
1787768022.327,0,347,83,-,82,58,0,0,0,0,9501,1710,75,0,17399,32739,-,-,-,0,109,29
1787768023.395,0,348,83,-,93,58,0,0,0,0,9501,1695,94,0,17399,32739,-,-,-,0,198,331
1787768024.466,0,341,83,-,89,58,0,0,0,0,9501,1755,79,0,17399,32739,-,-,-,0,178,70
1787768025.532,0,341,83,-,85,55,0,0,0,0,9501,1695,100,0,17399,32739,-,-,-,0,89,28
1787768026.604,0,343,83,-,90,65,0,0,0,0,9501,1605,84,0,17399,32739,-,-,-,0,59,318
1787768027.671,0,315,83,-,100,33,0,0,0,0,9501,1785,76,0,17399,32739,-,-,-,0,81,14
1787768028.741,0,340,82,-,100,27,0,0,0,0,9501,1860,87,0,17399,32739,-,-,-,0,173,272
1787768029.811,0,337,83,-,87,57,0,0,0,0,9501,1650,68,0,17399,32739,-,-,-,0,149,323
1787768030.883,0,341,83,-,87,58,0,0,0,0,9501,1740,91,0,17399,32739,-,-,-,0,172,324
1787768031.958,0,342,83,-,86,56,0,0,0,0,9501,1680,72,0,17399,32739,-,-,-,0,160,53
1787768033.034,0,317,84,-,100,27,0,0,0,0,9501,1620,100,0,17399,32739,-,-,-,0,53,16
1787768034.044,#,gpu,pwr,gtemp,mtemp,sm,mem,enc,dec,jpg,ofa,mclk,pclk,pviol,tviol,fb,bar1,ccpm,sbecc,dbecc,pci,rxpci,txpci
1787768034.044,#,Idx,W,C,C,%,%,%,%,%,%,MHz,MHz,%,bool,MB,MB,MB,errs,errs,errs,MB/s,MB/s
1787768034.106,0,345,82,-,86,30,0,0,0,0,9501,1755,99,0,17399,32739,-,-,-,0,62,20
1787768035.183,0,341,84,-,100,24,0,0,0,0,9501,1620,88,0,17399,32739,-,-,-,0,79,27
1787768036.256,0,332,84,-,59,22,0,0,0,0,9501,1680,87,0,17399,32739,-,-,-,0,112,223
1787768037.322,0,342,84,-,86,56,0,0,0,0,9501,1665,74,0,17399,32739,-,-,-,0,171,336
1787768038.395,0,349,84,-,87,55,0,0,0,0,9501,1590,89,0,17399,32739,-,-,-,0,110,316
1787768039.467,0,345,83,-,88,59,0,0,0,0,9501,1650,95,0,17399,32739,-,-,-,0,105,328
1787768040.541,0,347,84,-,93,62,0,0,0,0,9501,1680,100,0,17402,32739,-,-,-,0,141,309
1787768041.607,0,347,84,-,91,59,0,0,0,0,9501,1695,99,0,17399,32739,-,-,-,0,103,37
1787768042.676,0,292,83,-,100,25,0,0,0,0,9501,1635,63,0,17399,32739,-,-,-,0,71,13
1787768043.745,0,348,85,-,100,27,0,0,0,0,9501,1650,99,0,17399,32739,-,-,-,0,49,21
1787768044.818,0,332,83,-,58,14,0,0,0,0,9501,1695,85,0,17402,32739,-,-,-,0,221,293
1787768045.886,0,340,83,-,88,69,0,0,0,0,9501,1725,80,0,17399,32739,-,-,-,0,225,64
1787768046.949,0,347,84,-,80,56,0,0,0,0,9501,1725,75,0,17399,32739,-,-,-,0,176,80
1787768048.022,0,343,83,-,82,59,0,0,0,0,9501,1620,100,0,17402,32739,-,-,-,0,187,160
1787768049.093,0,316,82,-,27,3,0,0,0,0,9501,1635,62,0,17402,32739,-,-,-,0,63,395
1787768050.168,0,320,84,-,100,27,0,0,0,0,9501,1755,73,0,17399,32739,-,-,-,0,184,275
1787768051.240,0,339,84,-,77,55,0,0,0,0,9501,1695,60,0,17399,32739,-,-,-,0,177,307
1787768052.306,0,344,84,-,85,54,0,0,0,0,9501,1620,76,0,17402,32739,-,-,-,0,103,308
1787768053.376,0,346,84,-,83,53,0,0,0,0,9501,1710,75,0,17402,32739,-,-,-,0,99,318
1787768054.440,0,344,84,-,81,60,0,0,0,0,9501,1710,55,0,17399,32739,-,-,-,0,190,84
1787768055.505,0,345,83,-,86,58,0,0,0,0,9501,1680,66,0,17402,32739,-,-,-,0,169,280
1787768056.578,0,346,83,-,86,57,0,0,0,0,9501,1665,100,0,17399,32739,-,-,-,0,172,64
1787768057.650,0,344,84,-,87,55,0,0,0,0,9501,1680,97,0,17399,32739,-,-,-,0,195,334
1787768058.717,0,344,83,-,86,55,0,0,0,0,9501,1695,75,0,17402,32739,-,-,-,0,168,333
1787768059.786,0,346,84,-,88,54,0,0,0,0,9501,1605,44,0,17399,32739,-,-,-,0,188,94
1787768060.858,0,342,84,-,83,57,0,0,0,0,9501,1695,71,0,17402,32739,-,-,-,0,161,46
1787768061.931,0,348,84,-,88,54,0,0,0,0,9501,1725,83,0,17399,32739,-,-,-,0,86,310
1787768063.006,0,345,84,-,78,62,0,0,0,0,9501,1710,65,0,17399,32739,-,-,-,0,172,313
1787768064.073,0,348,84,-,92,61,0,0,0,0,9501,1620,100,0,17399,32739,-,-,-,0,177,57
1787768065.146,0,344,83,-,79,62,0,0,0,0,9501,1740,79,0,17402,32739,-,-,-,0,98,312
1787768066.213,0,347,84,-,93,60,0,0,0,0,9501,1620,96,0,17399,32739,-,-,-,0,8,34
1787768067.287,0,310,84,-,100,36,0,0,0,0,9501,1620,70,0,17399,32739,-,-,-,0,44,20
1787768068.358,0,338,84,-,84,55,0,0,0,0,9501,1725,79,0,17399,32739,-,-,-,0,122,55
1787768069.433,0,347,84,-,86,59,0,0,0,0,9501,1635,74,0,17399,32739,-,-,-,0,180,56
1787768070.501,0,344,84,-,84,57,0,0,0,0,9501,1725,71,0,17399,32739,-,-,-,0,181,62
1787768071.578,0,312,83,-,93,22,0,0,0,0,9501,1650,100,0,17399,32739,-,-,-,0,63,14
1787768072.652,0,339,84,-,93,60,0,0,0,0,9501,1650,87,0,17399,32739,-,-,-,0,210,167
1787768073.721,0,346,84,-,80,60,0,0,0,0,9501,1740,67,0,17399,32739,-,-,-,0,153,323
1787768074.793,0,346,84,-,94,61,0,0,0,0,9501,1620,78,0,17399,32739,-,-,-,0,177,60
1787768075.866,0,345,84,-,88,57,0,0,0,0,9501,1680,95,0,17399,32739,-,-,-,0,256,60
1787768076.941,0,346,83,-,86,61,0,0,0,0,9501,1695,97,0,17399,32739,-,-,-,0,188,106
1787768078.008,0,344,84,-,87,56,0,0,0,0,9501,1605,64,0,17399,32739,-,-,-,0,190,162
1787768079.079,0,342,84,-,94,61,0,0,0,0,9501,1635,100,0,17399,32739,-,-,-,0,83,300
1787768080.155,0,348,84,-,88,57,0,0,0,0,9501,1635,91,0,17399,32739,-,-,-,0,48,332
1787768081.159,#,gpu,pwr,gtemp,mtemp,sm,mem,enc,dec,jpg,ofa,mclk,pclk,pviol,tviol,fb,bar1,ccpm,sbecc,dbecc,pci,rxpci,txpci
1787768081.196,#,Idx,W,C,C,%,%,%,%,%,%,MHz,MHz,%,bool,MB,MB,MB,errs,errs,errs,MB/s,MB/s
1787768081.221,0,349,84,-,93,60,0,0,0,0,9501,1620,99,0,17399,32739,-,-,-,0,66,39
1787768082.289,0,346,84,-,92,59,0,0,0,0,9501,1650,99,0,17399,32739,-,-,-,0,97,308
1787768083.364,0,347,84,-,91,58,0,0,0,0,9501,1620,99,0,17399,32739,-,-,-,0,144,29
1787768084.439,0,344,84,-,94,60,0,0,0,0,9501,1620,91,0,17399,32739,-,-,-,0,184,56
1787768085.513,0,347,84,-,94,61,0,0,0,0,9501,1620,100,0,17399,32739,-,-,-,0,106,301
1787768086.579,0,345,84,-,93,60,0,0,0,0,9501,1635,96,0,17399,32739,-,-,-,0,65,34
1787768087.650,0,344,84,-,92,59,0,0,0,0,9501,1635,85,0,17399,32739,-,-,-,0,97,303
1787768088.727,0,345,84,-,88,57,0,0,0,0,9501,1695,89,0,17399,32739,-,-,-,0,197,322
1787768089.801,0,346,83,-,86,57,0,0,0,0,9501,1710,83,0,17399,32739,-,-,-,0,118,312
1787768090.873,0,346,84,-,90,63,0,0,0,0,9501,1695,90,0,17399,32739,-,-,-,0,214,126
1787768091.945,0,347,83,-,85,60,0,0,0,0,9501,1680,59,0,17399,32739,-,-,-,0,327,232
1787768093.020,0,346,84,-,94,60,0,0,0,0,9501,1620,100,0,17399,32739,-,-,-,0,81,312
1787768094.093,0,346,84,-,88,58,0,0,0,0,9501,1650,98,0,17399,32739,-,-,-,0,99,304
1787768095.162,0,348,84,-,94,60,0,0,0,0,9501,1635,99,0,17399,32739,-,-,-,0,79,32
1787768096.230,0,346,84,-,91,56,0,0,0,0,9501,1650,99,0,17399,32739,-,-,-,0,171,297
1787768097.292,0,348,84,-,93,59,0,0,0,0,9501,1620,95,0,17399,32739,-,-,-,0,97,314
1787768098.364,0,347,84,-,93,60,0,0,0,0,9501,1590,99,0,17399,32739,-,-,-,0,124,308
1787768099.438,0,347,84,-,93,60,0,0,0,0,9501,1635,99,0,17399,32739,-,-,-,0,132,21
1787768100.513,0,346,84,-,89,58,0,0,0,0,9501,1635,99,0,17399,32739,-,-,-,0,181,164
1787768101.588,0,344,84,-,87,54,0,0,0,0,9501,1635,100,0,17399,32739,-,-,-,0,185,306
1787768102.661,0,348,84,-,87,56,0,0,0,0,9501,1605,83,0,17399,32739,-,-,-,0,195,66
1787768103.737,0,344,84,-,80,62,0,0,0,0,9501,1635,79,0,17399,32739,-,-,-,0,173,331
1787768104.814,0,346,84,-,88,60,0,0,0,0,9501,1605,80,0,17399,32739,-,-,-,0,184,330
1787768105.889,0,347,84,-,94,62,0,0,0,0,9501,1545,85,0,17399,32739,-,-,-,0,48,312
1787768106.961,0,344,84,-,94,62,0,0,0,0,9501,1620,99,0,17399,32739,-,-,-,0,11,12
1787768108.032,0,304,85,-,100,27,0,0,0,0,9501,1635,100,0,17399,32739,-,-,-,0,42,21
1787768109.108,0,345,85,-,81,22,0,0,0,0,9501,1665,99,0,17399,32739,-,-,-,0,43,13
1787768110.177,0,340,84,-,100,25,0,0,0,0,9501,1650,90,0,17399,32739,-,-,-,0,41,583
1787768111.250,0,345,84,-,85,60,0,0,0,0,9501,1680,87,0,17399,32739,-,-,-,0,99,62
1787768112.323,0,348,84,-,87,56,0,0,0,0,9501,1605,75,0,17399,32739,-,-,-,0,186,172
1787768113.387,0,348,84,-,86,60,0,0,0,0,9501,1710,80,0,17399,32739,-,-,-,0,184,173
1787768114.457,0,348,84,-,91,60,0,0,0,0,9501,1635,79,0,17399,32739,-,-,-,0,190,170
1787768115.530,0,343,84,-,88,55,0,0,0,0,9501,1680,100,0,17399,32739,-,-,-,0,0,1
1787768116.603,0,311,85,-,99,27,0,0,0,0,9501,1650,71,0,17399,32739,-,-,-,0,64,16
1787768117.676,0,349,85,-,100,27,0,0,0,0,9501,1620,99,0,17399,32739,-,-,-,0,3899,111
1787768118.740,0,349,85,-,100,27,0,0,0,0,9501,1620,95,0,17399,32739,-,-,-,0,45,25
1787768119.810,0,346,85,-,100,24,0,0,0,0,9501,1635,97,0,17399,32739,-,-,-,0,38,26
1787768120.881,0,349,85,-,100,26,0,0,0,0,9501,1620,99,0,17399,32739,-,-,-,0,48,16
1787768121.956,0,335,84,-,100,45,0,0,0,0,9501,1590,81,0,17399,32739,-,-,-,0,180,70
1787768123.029,0,346,84,-,88,59,0,0,0,0,9501,1620,100,0,17399,32739,-,-,-,0,181,269
1787768124.103,0,344,84,-,88,59,0,0,0,0,9501,1695,83,0,17399,32739,-,-,-,0,59,311
1787768125.175,0,347,84,-,93,59,0,0,0,0,9501,1650,99,0,17399,32739,-,-,-,0,140,34
1787768126.248,0,347,84,-,94,62,0,0,0,0,9501,1620,99,0,17399,32739,-,-,-,0,173,319
1787768127.320,0,347,84,-,93,62,0,0,0,0,9501,1575,99,0,17402,32739,-,-,-,0,132,34
1787768128.331,#,gpu,pwr,gtemp,mtemp,sm,mem,enc,dec,jpg,ofa,mclk,pclk,pviol,tviol,fb,bar1,ccpm,sbecc,dbecc,pci,rxpci,txpci
1787768128.331,#,Idx,W,C,C,%,%,%,%,%,%,MHz,MHz,%,bool,MB,MB,MB,errs,errs,errs,MB/s,MB/s
1787768128.393,0,347,84,-,93,63,0,0,0,0,9501,1605,99,0,17402,32739,-,-,-,0,49,305
1787768129.461,0,347,84,-,93,64,0,0,0,0,9501,1620,99,0,17399,32739,-,-,-,0,129,21
1787768130.537,0,346,84,-,93,62,0,0,0,0,9501,1620,100,0,17399,32739,-,-,-,0,70,58
1787768131.609,0,347,84,-,92,62,0,0,0,0,9501,1605,99,0,17399,32739,-,-,-,0,97,323
1787768132.681,0,346,84,-,94,63,0,0,0,0,9501,1605,95,0,17399,32739,-,-,-,0,157,324
1787768133.748,0,347,84,-,94,62,0,0,0,0,9501,1620,99,0,17399,32739,-,-,-,0,84,26
1787768134.817,0,347,84,-,92,61,0,0,0,0,9501,1575,99,0,17402,32739,-,-,-,0,50,311
1787768135.893,0,333,83,-,94,62,0,0,0,0,9501,1575,99,0,17402,32739,-,-,-,0,103,20
1787768136.967,0,333,83,-,94,62,0,0,0,0,9501,1575,99,0,17402,32739,-,-,-,0,206,314
1787768138.041,0,333,83,-,94,63,0,0,0,0,9501,1575,100,0,17402,32739,-,-,-,0,88,40
1787768139.113,0,322,83,-,94,60,0,0,0,0,9501,1530,99,0,17402,32739,-,-,-,0,75,38
1787768140.184,0,318,82,-,93,60,0,0,0,0,9501,1530,99,0,17402,32739,-,-,-,0,78,43
1787768141.256,0,318,82,-,93,60,0,0,0,0,9501,1530,99,0,17399,32739,-,-,-,0,55,304
1787768142.330,0,317,82,-,94,61,0,0,0,0,9501,1515,99,0,17399,32739,-,-,-,0,41,318
1787768143.394,0,318,82,-,94,61,0,0,0,0,9501,1530,99,0,17399,32739,-,-,-,0,81,336
1787768144.472,0,318,82,-,94,61,0,0,0,0,9501,1515,99,0,17399,32739,-,-,-,0,80,336
1787768145.541,0,317,82,-,94,59,0,0,0,0,9501,1560,100,0,17399,32739,-,-,-,0,91,304
1787768146.615,0,318,82,-,94,61,0,0,0,0,9501,1515,99,0,17399,32739,-,-,-,0,105,309
1787768147.686,0,318,82,-,94,61,0,0,0,0,9501,1530,99,0,17399,32739,-,-,-,0,83,305
1787768148.752,0,317,82,-,90,57,0,0,0,0,9501,1590,99,0,17399,32739,-,-,-,0,125,24
1787768149.828,0,319,82,-,94,61,0,0,0,0,9501,1530,99,0,17399,32739,-,-,-,0,142,30
1787768150.895,0,273,79,-,67,18,0,0,0,0,9501,1530,64,0,17399,32739,-,-,-,0,65,20
1787768151.971,0,316,83,-,88,58,0,0,0,0,9501,1635,76,0,17399,32739,-,-,-,0,171,181
1787768153.045,0,320,84,-,100,35,0,0,0,0,9501,1635,100,0,17399,32739,-,-,-,0,120,89
1787768154.121,0,331,83,-,85,62,0,0,0,0,9501,1680,70,0,17399,32739,-,-,-,0,163,26
1787768155.185,0,344,83,-,87,60,0,0,0,0,9501,1680,56,0,17399,32739,-,-,-,0,179,57
1787768156.256,0,348,83,-,95,61,0,0,0,0,9501,1590,89,0,17399,32739,-,-,-,0,59,298
1787768157.328,0,347,84,-,94,60,0,0,0,0,9501,1620,99,0,17399,32739,-,-,-,0,108,37
1787768158.398,0,346,83,-,87,54,0,0,0,0,9501,1620,99,0,17399,32739,-,-,-,0,108,297
1787768159.466,0,348,83,-,93,61,0,0,0,0,9501,1620,99,0,17399,32739,-,-,-,0,121,309
1787768160.529,0,314,84,-,100,26,0,0,0,0,9501,1620,100,0,17399,32739,-,-,-,0,36,15
1787768161.597,0,335,84,-,100,37,0,0,0,0,9501,1620,87,0,17399,32739,-,-,-,0,158,107
1787768162.666,0,334,83,-,83,65,0,0,0,0,9501,1665,54,0,17402,32739,-,-,-,0,186,222
1787768163.728,0,340,83,-,90,76,0,0,0,0,9501,1650,61,0,17399,32739,-,-,-,0,174,56
1787768164.798,0,344,83,-,87,57,0,0,0,0,9501,1710,68,0,17399,32739,-,-,-,0,172,321
1787768165.869,0,342,83,-,79,51,0,0,0,0,9501,1755,66,0,17399,32739,-,-,-,0,177,60
1787768166.939,0,340,83,-,86,61,0,0,0,0,9501,1740,83,0,17399,32739,-,-,-,0,115,311
1787768168.015,0,342,83,-,88,57,0,0,0,0,9501,1725,76,0,17399,32739,-,-,-,0,87,85
1787768169.083,0,342,83,-,85,56,0,0,0,0,9501,1680,100,0,17399,32739,-,-,-,0,181,220
1787768170.160,0,342,83,-,88,57,0,0,0,0,9501,1680,76,0,17399,32739,-,-,-,0,187,51
1787768171.222,0,344,83,-,85,65,0,0,0,0,9501,1755,63,0,17399,32739,-,-,-,0,130,216
1787768172.293,0,344,83,-,82,61,0,0,0,0,9501,1725,59,0,17399,32739,-,-,-,0,209,193
1787768173.364,0,344,83,-,88,58,0,0,0,0,9501,1710,73,0,17399,32739,-,-,-,0,90,299
1787768174.437,0,347,83,-,87,57,0,0,0,0,9501,1590,91,0,17399,32739,-,-,-,0,85,304
1787768175.448,#,gpu,pwr,gtemp,mtemp,sm,mem,enc,dec,jpg,ofa,mclk,pclk,pviol,tviol,fb,bar1,ccpm,sbecc,dbecc,pci,rxpci,txpci
1787768175.448,#,Idx,W,C,C,%,%,%,%,%,%,MHz,MHz,%,bool,MB,MB,MB,errs,errs,errs,MB/s,MB/s
1787768175.509,0,348,84,-,93,61,0,0,0,0,9501,1605,99,0,17399,32739,-,-,-,0,96,313
1787768176.584,0,346,83,-,85,53,0,0,0,0,9501,1635,100,0,17399,32739,-,-,-,0,120,346
1787768177.657,0,313,79,-,41,10,0,0,0,0,9501,1635,77,0,17399,32739,-,-,-,0,721,37
1787768178.723,0,337,85,-,99,26,0,0,0,0,9501,1605,94,0,17399,32739,-,-,-,0,47,41
1787768179.795,0,333,82,-,77,44,0,0,0,0,9501,1710,85,0,17399,32739,-,-,-,0,179,224
1787768180.866,0,338,83,-,83,61,0,0,0,0,9501,1755,68,0,17399,32739,-,-,-,0,162,323
1787768181.931,0,345,84,-,95,63,0,0,0,0,9501,1650,68,0,17399,32739,-,-,-,0,129,161
1787768183.004,0,340,84,-,80,52,0,0,0,0,9501,1665,79,0,17399,32739,-,-,-,0,156,75
1787768184.075,0,309,84,-,99,26,0,0,0,0,9501,1635,100,0,17399,32739,-,-,-,0,34,14
1787768185.152,0,349,85,-,100,27,0,0,0,0,9501,1620,99,0,17399,32739,-,-,-,0,70,15
1787768186.217,0,337,84,-,100,37,0,0,0,0,9501,1605,84,0,17399,32739,-,-,-,0,186,330
1787768187.286,0,340,84,-,85,61,0,0,0,0,9501,1725,62,0,17399,32739,-,-,-,0,124,31
1787768188.362,0,348,84,-,85,56,0,0,0,0,9501,1590,80,0,17399,32739,-,-,-,0,191,96
1787768189.439,0,344,84,-,85,60,0,0,0,0,9501,1755,76,0,17399,32739,-,-,-,0,190,61
1787768190.516,0,315,80,-,0,0,0,0,0,0,9501,1905,43,0,17399,32739,-,-,-,0,0,882
1787768191.582,0,310,84,-,100,25,0,0,0,0,9501,1620,78,0,17399,32739,-,-,-,0,54,37
1787768192.657,0,348,84,-,100,27,0,0,0,0,9501,1620,99,0,17399,32739,-,-,-,0,45,13
1787768193.732,0,339,84,-,100,27,0,0,0,0,9501,1635,88,0,17399,32739,-,-,-,0,172,27
1787768194.799,0,337,83,-,85,58,0,0,0,0,9501,1620,86,0,17399,32739,-,-,-,0,188,55
1787768195.868,0,344,84,-,94,63,0,0,0,0,9501,1620,91,0,17399,32739,-,-,-,0,109,304
1787768196.930,0,348,83,-,87,57,0,0,0,0,9501,1635,99,0,17399,32739,-,-,-,0,78,310
1787768197.993,0,348,84,-,93,61,0,0,0,0,9501,1620,99,0,17399,32739,-,-,-,0,129,321
1787768199.062,0,348,84,-,95,61,0,0,0,0,9501,1605,100,0,17399,32739,-,-,-,0,41,302
1787768200.136,0,302,83,-,100,37,0,0,0,0,9501,1605,69,0,17399,32739,-,-,-,0,74,22
1787768201.209,0,336,83,-,85,68,0,0,0,0,9501,1695,83,0,17399,32739,-,-,-,0,122,59
1787768202.286,0,342,83,-,82,62,0,0,0,0,9501,1680,82,0,17399,32739,-,-,-,0,171,301
1787768203.358,0,342,83,-,87,59,0,0,0,0,9501,1695,83,0,17399,32739,-,-,-,0,133,300
1787768204.428,0,345,83,-,86,63,0,0,0,0,9501,1755,75,0,17399,32739,-,-,-,0,167,322
1787768205.502,0,329,79,-,3,1,0,0,0,0,9501,1905,80,0,17399,32739,-,-,-,0,762,13
1787768206.571,0,349,85,-,100,25,0,0,0,0,9501,1635,100,0,17399,32739,-,-,-,0,51,35
1787768207.641,0,349,85,-,100,27,0,0,0,0,9501,1620,96,0,17399,32739,-,-,-,0,59,18
1787768208.717,0,346,84,-,96,23,0,0,0,0,9501,1635,95,0,17399,32739,-,-,-,0,45,22
1787768209.791,0,349,85,-,100,26,0,0,0,0,9501,1620,99,0,17399,32739,-,-,-,0,37,32
1787768210.863,0,343,84,-,100,37,0,0,0,0,9501,1635,90,0,17399,32739,-,-,-,0,955,9991
1787768211.938,0,335,84,-,88,59,0,0,0,0,9501,1755,69,0,17399,32739,-,-,-,0,169,57
1787768213.009,0,344,83,-,87,61,0,0,0,0,9501,1740,73,0,17399,32739,-,-,-,0,196,321
1787768214.079,0,345,83,-,84,55,0,0,0,0,9501,1620,100,0,17399,32739,-,-,-,0,196,88
1787768215.147,0,341,83,-,90,70,0,0,0,0,9501,1695,82,0,17399,32739,-,-,-,0,96,55
1787768216.220,0,341,83,-,86,58,0,0,0,0,9501,1680,63,0,17399,32739,-,-,-,0,166,325
1787768217.290,0,345,84,-,79,61,0,0,0,0,9501,1725,73,0,17399,32739,-,-,-,0,191,164
1787768218.353,0,347,84,-,88,60,0,0,0,0,9501,1695,71,0,17399,32739,-,-,-,0,167,324
1787768219.422,0,345,84,-,86,64,0,0,0,0,9501,1740,81,0,17399,32739,-,-,-,0,198,98
1787768220.495,0,346,84,-,89,73,0,0,0,0,9501,1620,73,0,17399,32739,-,-,-,0,179,114
1787768221.568,0,341,84,-,82,56,0,0,0,0,9501,1620,100,0,17399,32739,-,-,-,0,183,65
1787768222.575,#,gpu,pwr,gtemp,mtemp,sm,mem,enc,dec,jpg,ofa,mclk,pclk,pviol,tviol,fb,bar1,ccpm,sbecc,dbecc,pci,rxpci,txpci
1787768222.575,#,Idx,W,C,C,%,%,%,%,%,%,MHz,MHz,%,bool,MB,MB,MB,errs,errs,errs,MB/s,MB/s
1787768222.640,0,347,83,-,84,55,0,0,0,0,9501,1650,91,0,17399,32739,-,-,-,0,118,48
1787768223.711,0,348,83,-,94,62,0,0,0,0,9501,1605,98,0,17399,32739,-,-,-,0,65,37
1787768224.786,0,347,84,-,94,62,0,0,0,0,9501,1605,99,0,17399,32739,-,-,-,0,78,309
1787768225.855,0,348,84,-,93,63,0,0,0,0,9501,1605,99,0,17399,32739,-,-,-,0,70,305
1787768226.929,0,348,82,-,94,63,0,0,0,0,9501,1755,99,0,17399,32739,-,-,-,0,175,201
1787768228.002,0,285,83,-,85,64,0,0,0,0,9501,1695,48,0,17399,32739,-,-,-,0,175,332
1787768229.077,0,341,83,-,94,76,0,0,0,0,9501,1680,100,0,17399,32739,-,-,-,0,295,175
1787768230.147,0,347,83,-,87,57,0,0,0,0,9501,1740,89,0,17399,32739,-,-,-,0,178,329
1787768231.220,0,345,84,-,85,58,0,0,0,0,9501,1620,61,0,17399,32739,-,-,-,0,195,62
1787768232.298,0,309,84,-,99,26,0,0,0,0,9501,1635,62,0,17399,32739,-,-,-,0,758,23
1787768233.369,0,349,85,-,100,27,0,0,0,0,9501,1620,99,0,17399,32739,-,-,-,0,50,21
1787768234.439,0,349,85,-,100,27,0,0,0,0,9501,1590,91,0,17399,32739,-,-,-,0,39,15
1787768235.514,0,346,85,-,100,24,0,0,0,0,9501,1635,97,0,17399,32739,-,-,-,0,53,22
1787768236.588,0,348,84,-,100,27,0,0,0,0,9501,1740,100,0,17399,32739,-,-,-,0,56,25
1787768237.661,0,347,85,-,100,39,0,0,0,0,9501,1590,93,0,17399,32739,-,-,-,0,1630,306
1787768238.724,0,324,84,-,82,56,0,0,0,0,9501,1725,78,0,17399,32739,-,-,-,0,197,109
1787768239.797,0,348,84,-,94,63,0,0,0,0,9501,1605,79,0,17399,32739,-,-,-,0,132,294
1787768240.858,0,347,84,-,94,63,0,0,0,0,9501,1635,99,0,17399,32739,-,-,-,0,81,308
1787768241.934,0,348,84,-,93,63,0,0,0,0,9501,1635,99,0,17399,32739,-,-,-,0,114,325
1787768243.010,0,348,84,-,94,64,0,0,0,0,9501,1650,99,0,17399,32739,-,-,-,0,120,295
1787768244.073,0,346,84,-,89,64,0,0,0,0,9501,1680,100,0,17399,32739,-,-,-,0,81,64
1787768245.148,0,347,84,-,94,62,0,0,0,0,9501,1605,99,0,17399,32739,-,-,-,0,90,305
1787768246.216,0,347,84,-,93,62,0,0,0,0,9501,1575,99,0,17399,32739,-,-,-,0,109,294
1787768247.290,0,347,84,-,94,63,0,0,0,0,9501,1605,99,0,17399,32739,-,-,-,0,131,21
1787768248.360,0,348,84,-,94,63,0,0,0,0,9501,1605,99,0,17399,32739,-,-,-,0,68,318
1787768249.432,0,347,84,-,94,63,0,0,0,0,9501,1605,99,0,17399,32739,-,-,-,0,5,14447
1787768250.508,0,259,82,-,84,61,0,0,0,0,9501,1755,41,0,17399,32739,-,-,-,0,102,320
1787768251.582,0,339,83,-,84,58,0,0,0,0,9501,1605,100,0,17399,32739,-,-,-,0,197,95
1787768252.658,0,347,84,-,84,61,0,0,0,0,9501,1590,84,0,17399,32739,-,-,-,0,198,211
1787768253.725,0,346,83,-,89,59,0,0,0,0,9501,1695,65,0,17399,32739,-,-,-,0,151,203
1787768254.795,0,307,83,-,100,25,0,0,0,0,9501,1650,66,0,17399,32739,-,-,-,0,49,19
1787768255.865,0,350,84,-,100,28,0,0,0,0,9501,1620,99,0,17399,32739,-,-,-,0,44,431
1787768256.942,0,347,85,-,100,24,0,0,0,0,9501,1650,93,0,17399,32739,-,-,-,0,46,15
1787768258.015,0,349,85,-,100,27,0,0,0,0,9501,1620,99,0,17399,32739,-,-,-,0,35,27
1787768259.089,0,348,85,-,100,24,0,0,0,0,9501,1635,100,0,17399,32739,-,-,-,0,51,17
1787768260.163,0,349,85,-,100,26,0,0,0,0,9501,1620,95,0,17399,32739,-,-,-,0,175,24
1787768261.235,0,349,84,-,100,26,0,0,0,0,9501,1755,99,0,17399,32739,-,-,-,0,6,1946
1787768262.308,0,326,84,-,59,17,0,0,0,0,9501,1635,76,0,17399,32739,-,-,-,0,191,163
1787768263.376,0,336,84,-,94,64,0,0,0,0,9501,1620,67,0,17399,32739,-,-,-,0,162,313
1787768264.447,0,349,84,-,93,63,0,0,0,0,9501,1620,99,0,17399,32739,-,-,-,0,82,27
1787768265.513,0,347,84,-,94,64,0,0,0,0,9501,1605,99,0,17399,32739,-,-,-,0,111,351
1787768266.585,0,348,84,-,92,62,0,0,0,0,9501,1620,100,0,17399,32739,-,-,-,0,113,25
1787768267.656,0,347,84,-,90,62,0,0,0,0,9501,1605,99,0,17399,32739,-,-,-,0,65,309
1787768268.735,0,348,84,-,94,63,0,0,0,0,9501,1620,99,0,17399,32739,-,-,-,0,81,340
1787768269.750,#,gpu,pwr,gtemp,mtemp,sm,mem,enc,dec,jpg,ofa,mclk,pclk,pviol,tviol,fb,bar1,ccpm,sbecc,dbecc,pci,rxpci,txpci
1787768269.750,#,Idx,W,C,C,%,%,%,%,%,%,MHz,MHz,%,bool,MB,MB,MB,errs,errs,errs,MB/s,MB/s
1787768269.811,0,348,84,-,93,63,0,0,0,0,9501,1635,99,0,17399,32739,-,-,-,0,169,321
1787768270.884,0,348,84,-,93,63,0,0,0,0,9501,1620,99,0,17399,32739,-,-,-,0,89,28
1787768271.957,0,349,84,-,94,63,0,0,0,0,9501,1620,99,0,17399,32739,-,-,-,0,95,310
1787768273.020,0,347,84,-,87,57,0,0,0,0,9501,1620,99,0,17399,32739,-,-,-,0,4,2
1787768274.093,0,274,83,-,85,62,0,0,0,0,9501,1725,87,0,17399,32739,-,-,-,0,87,307
1787768275.166,0,338,83,-,89,54,0,0,0,0,9501,1725,84,0,17399,32739,-,-,-,0,284,318
1787768276.243,0,340,83,-,84,58,0,0,0,0,9501,1695,79,0,17399,32739,-,-,-,0,150,295
1787768277.316,0,343,84,-,81,62,0,0,0,0,9501,1695,62,0,17399,32739,-,-,-,0,176,49
1787768278.388,0,324,79,-,21,1,0,0,0,0,9501,1875,73,0,17399,32739,-,-,-,0,50,29
1787768279.457,0,312,84,-,84,60,0,0,0,0,9501,1755,65,0,17399,32739,-,-,-,0,199,90
1787768280.527,0,347,83,-,88,59,0,0,0,0,9501,1575,100,0,17399,32739,-,-,-,0,71,38
1787768281.598,0,345,83,-,83,57,0,0,0,0,9501,1680,73,0,17399,32739,-,-,-,0,110,322
1787768282.668,0,347,84,-,93,59,0,0,0,0,9501,1620,97,0,17399,32739,-,-,-,0,203,216
1787768283.738,0,339,83,-,84,60,0,0,0,0,9501,1635,71,0,17399,32739,-,-,-,0,186,112
1787768284.816,0,346,84,-,93,61,0,0,0,0,9501,1605,84,0,17399,32739,-,-,-,0,198,161
1787768285.891,0,345,83,-,89,59,0,0,0,0,9501,1695,77,0,17399,32739,-,-,-,0,153,152
1787768286.963,0,341,84,-,87,60,0,0,0,0,9501,1650,65,0,17399,32739,-,-,-,0,65,63
1787768288.037,0,347,84,-,84,56,0,0,0,0,9501,1605,100,0,17399,32739,-,-,-,0,113,29
1787768289.111,0,345,84,-,93,63,0,0,0,0,9501,1650,88,0,17399,32739,-,-,-,0,179,57
1787768290.186,0,342,83,-,86,58,0,0,0,0,9501,1725,67,0,17399,32739,-,-,-,0,108,70
1787768291.258,0,345,84,-,88,56,0,0,0,0,9501,1605,93,0,17399,32739,-,-,-,0,91,317
1787768292.332,0,349,83,-,93,60,0,0,0,0,9501,1680,93,0,17399,32739,-,-,-,0,180,309
1787768293.404,0,344,83,-,94,61,0,0,0,0,9501,1590,99,0,17399,32739,-,-,-,0,68,348
1787768294.475,0,348,84,-,94,60,0,0,0,0,9501,1590,95,0,17399,32739,-,-,-,0,66,50
1787768295.551,0,345,83,-,89,58,0,0,0,0,9501,1725,100,0,17399,32739,-,-,-,0,44,320
1787768296.619,0,342,84,-,81,64,0,0,0,0,9501,1680,83,0,17399,32739,-,-,-,0,134,88
1787768297.695,0,345,83,-,80,66,0,0,0,0,9501,1695,82,0,17399,32739,-,-,-,0,90,67
1787768298.770,0,345,83,-,88,57,0,0,0,0,9501,1695,72,0,17399,32739,-,-,-,0,183,272
1787768299.836,0,345,84,-,84,67,0,0,0,0,9501,1695,65,0,17399,32739,-,-,-,0,185,143
1787768300.911,0,347,84,-,86,59,0,0,0,0,9501,1665,72,0,17399,32739,-,-,-,0,90,315
1787768301.975,0,345,83,-,83,51,0,0,0,0,9501,1695,86,0,17399,32739,-,-,-,0,191,167
1787768303.047,0,344,84,-,83,56,0,0,0,0,9501,1635,100,0,17399,32739,-,-,-,0,72,304
1787768304.110,0,344,84,-,86,57,0,0,0,0,9501,1695,75,0,17399,32739,-,-,-,0,98,306
1787768305.183,0,345,84,-,80,60,0,0,0,0,9501,1695,93,0,17399,32739,-,-,-,0,151,163
1787768306.255,0,345,84,-,85,58,0,0,0,0,9501,1695,79,0,17399,32739,-,-,-,0,266,270
1787768307.330,0,346,84,-,88,62,0,0,0,0,9501,1695,88,0,17399,32739,-,-,-,0,203,118
1787768308.407,0,344,84,-,94,62,0,0,0,0,9501,1680,85,0,17399,32739,-,-,-,0,48,249
1787768309.479,0,348,83,-,95,61,0,0,0,0,9501,1605,99,0,17399,32739,-,-,-,0,112,298
1787768310.547,0,346,84,-,94,60,0,0,0,0,9501,1620,100,0,17399,32739,-,-,-,0,127,296
1787768311.621,0,347,84,-,89,59,0,0,0,0,9501,1590,99,0,17399,32739,-,-,-,0,134,21
1787768312.697,0,347,84,-,94,61,0,0,0,0,9501,1665,100,0,17399,32739,-,-,-,0,74,309
1787768313.760,0,347,84,-,95,61,0,0,0,0,9501,1620,97,0,17399,32739,-,-,-,0,176,328
1787768314.826,0,344,84,-,82,62,0,0,0,0,9501,1680,96,0,17399,32739,-,-,-,0,93,309
1787768315.903,0,347,84,-,93,61,0,0,0,0,9501,1590,97,0,17399,32739,-,-,-,0,172,59
1787768316.904,#,gpu,pwr,gtemp,mtemp,sm,mem,enc,dec,jpg,ofa,mclk,pclk,pviol,tviol,fb,bar1,ccpm,sbecc,dbecc,pci,rxpci,txpci
1787768316.946,#,Idx,W,C,C,%,%,%,%,%,%,MHz,MHz,%,bool,MB,MB,MB,errs,errs,errs,MB/s,MB/s
1787768316.967,0,346,84,-,87,58,0,0,0,0,9501,1710,93,0,17399,32739,-,-,-,0,173,166
1787768318.040,0,343,84,-,82,57,0,0,0,0,9501,1635,100,0,17399,32739,-,-,-,0,79,29
1787768319.117,0,347,84,-,87,59,0,0,0,0,9501,1665,89,0,17399,32739,-,-,-,0,114,21
1787768320.189,0,347,84,-,88,59,0,0,0,0,9501,1680,94,0,17399,32739,-,-,-,0,173,324
1787768321.262,0,341,84,-,87,59,0,0,0,0,9501,1680,88,0,17399,32739,-,-,-,0,179,135
1787768322.336,0,344,83,-,83,61,0,0,0,0,9501,1695,76,0,17399,32739,-,-,-,0,58,304
1787768323.414,0,346,83,-,87,59,0,0,0,0,9501,1680,83,0,17399,32739,-,-,-,0,82,59
1787768324.479,0,346,83,-,85,55,0,0,0,0,9501,1695,95,0,17399,32739,-,-,-,0,181,113
1787768325.554,0,346,84,-,94,62,0,0,0,0,9501,1605,100,0,17399,32739,-,-,-,0,68,36
1787768326.628,0,346,84,-,87,56,0,0,0,0,9501,1605,99,0,17399,32739,-,-,-,0,102,319
1787768327.703,0,347,84,-,94,61,0,0,0,0,9501,1620,97,0,17399,32739,-,-,-,0,181,37
1787768328.770,0,344,84,-,89,59,0,0,0,0,9501,1590,99,0,17399,32739,-,-,-,0,114,310
1787768329.838,0,314,79,-,6,0,0,0,0,0,9501,1665,77,0,17399,32739,-,-,-,0,37,17
1787768330.907,0,342,85,-,100,27,0,0,0,0,9501,1635,93,0,17399,32739,-,-,-,0,51,15
1787768331.977,0,347,85,-,100,27,0,0,0,0,9501,1605,97,0,17399,32739,-,-,-,0,38,15
1787768333.053,0,341,85,-,100,27,0,0,0,0,9501,1620,100,0,17399,32739,-,-,-,0,5,1229
1787768334.125,0,338,84,-,88,59,0,0,0,0,9501,1680,84,0,17399,32739,-,-,-,0,137,325
1787768335.203,0,340,84,-,90,61,0,0,0,0,9501,1680,78,0,17399,32739,-,-,-,0,179,272
1787768336.276,0,343,83,-,91,66,0,0,0,0,9501,1665,85,0,17399,32739,-,-,-,0,107,64
1787768337.348,0,345,84,-,88,58,0,0,0,0,9501,1665,93,0,17399,32739,-,-,-,0,269,301
1787768338.415,0,315,83,-,88,35,0,0,0,0,9501,1605,77,0,17399,32739,-,-,-,0,34,32
1787768339.490,0,343,84,-,99,24,0,0,0,0,9501,1605,93,0,17399,32739,-,-,-,0,47,35
1787768340.564,0,349,85,-,100,27,0,0,0,0,9501,1620,100,0,17399,32739,-,-,-,0,36,15
1787768341.628,0,346,85,-,100,24,0,0,0,0,9501,1635,97,0,17399,32739,-,-,-,0,40,23
1787768342.696,0,344,85,-,99,25,0,0,0,0,9501,1635,91,0,17399,32739,-,-,-,0,36,22
1787768343.771,0,335,85,-,78,20,0,0,0,0,9501,1695,91,0,17399,32739,-,-,-,0,178,164
1787768344.843,0,335,83,-,82,66,0,0,0,0,9501,1755,63,0,17399,32739,-,-,-,0,194,61
1787768345.911,0,344,84,-,88,60,0,0,0,0,9501,1710,74,0,17399,32739,-,-,-,0,189,50
1787768346.978,0,343,84,-,89,72,0,0,0,0,9501,1680,93,0,17399,32739,-,-,-,0,120,108
1787768348.050,0,340,83,-,82,60,0,0,0,0,9501,1665,100,0,17399,32739,-,-,-,0,124,312
1787768349.118,0,341,83,-,80,60,0,0,0,0,9501,1665,89,0,17399,32739,-,-,-,0,163,327
1787768350.192,0,342,84,-,86,61,0,0,0,0,9501,1725,75,0,17399,32739,-,-,-,0,181,59
1787768351.264,0,346,84,-,94,62,0,0,0,0,9501,1605,92,0,17399,32739,-,-,-,0,175,321
1787768352.332,0,344,83,-,84,58,0,0,0,0,9501,1710,73,0,17399,32739,-,-,-,0,116,36
1787768353.410,0,347,84,-,89,59,0,0,0,0,9501,1665,97,0,17399,32739,-,-,-,0,196,212
1787768354.476,0,341,84,-,85,59,0,0,0,0,9501,1725,81,0,17399,32739,-,-,-,0,121,151
1787768355.549,0,342,83,-,84,58,0,0,0,0,9501,1710,92,0,17399,32739,-,-,-,0,190,113
1787768356.616,0,345,84,-,87,57,0,0,0,0,9501,1695,78,0,17399,32739,-,-,-,0,117,302
1787768357.681,0,342,83,-,83,63,0,0,0,0,9501,1755,83,0,17399,32739,-,-,-,0,189,106
1787768358.756,0,347,84,-,87,60,0,0,0,0,9501,1710,68,0,17399,32739,-,-,-,0,143,36
1787768359.834,0,347,84,-,87,61,0,0,0,0,9501,1695,79,0,17399,32739,-,-,-,0,123,301
1787768360.908,0,343,83,-,88,64,0,0,0,0,9501,1710,89,0,17399,32739,-,-,-,0,171,219
1787768361.974,0,346,84,-,89,59,0,0,0,0,9501,1620,87,0,17399,32739,-,-,-,0,180,65
1787768363.051,0,344,83,-,88,64,0,0,0,0,9501,1710,100,0,17399,32739,-,-,-,0,145,95
1787768364.054,#,gpu,pwr,gtemp,mtemp,sm,mem,enc,dec,jpg,ofa,mclk,pclk,pviol,tviol,fb,bar1,ccpm,sbecc,dbecc,pci,rxpci,txpci
1787768364.054,#,Idx,W,C,C,%,%,%,%,%,%,MHz,MHz,%,bool,MB,MB,MB,errs,errs,errs,MB/s,MB/s
1787768364.117,0,347,84,-,88,59,0,0,0,0,9501,1680,85,0,17399,32739,-,-,-,0,178,178
1787768365.188,0,345,84,-,81,60,0,0,0,0,9501,1710,80,0,17399,32739,-,-,-,0,165,53
1787768366.257,0,345,84,-,81,62,0,0,0,0,9501,1620,87,0,17399,32739,-,-,-,0,194,106
1787768367.328,0,342,84,-,79,60,0,0,0,0,9501,1800,89,0,17399,32739,-,-,-,0,181,335
1787768368.404,0,347,84,-,93,61,0,0,0,0,9501,1605,84,0,17399,32739,-,-,-,0,268,62
1787768369.476,0,347,84,-,93,61,0,0,0,0,9501,1605,95,0,17399,32739,-,-,-,0,180,321
1787768370.542,0,347,84,-,94,62,0,0,0,0,9501,1620,100,0,17399,32739,-,-,-,0,82,44
1787768371.604,0,344,83,-,87,60,0,0,0,0,9501,1710,95,0,17399,32739,-,-,-,0,189,322
1787768372.677,0,345,83,-,89,61,0,0,0,0,9501,1680,91,0,17399,32739,-,-,-,0,101,305
1787768373.750,0,346,84,-,94,63,0,0,0,0,9501,1620,77,0,17399,32739,-,-,-,0,170,19
1787768374.812,0,348,84,-,94,64,0,0,0,0,9501,1605,99,0,17399,32739,-,-,-,0,56,310
1787768375.882,0,341,83,-,94,61,0,0,0,0,9501,1560,99,0,17399,32739,-,-,-,0,120,28
1787768376.955,0,330,83,-,93,61,0,0,0,0,9501,1575,99,0,17399,32739,-,-,-,0,59,304
1787768378.029,0,331,83,-,94,62,0,0,0,0,9501,1605,99,0,17402,32739,-,-,-,0,152,330
1787768379.091,0,328,83,-,93,62,0,0,0,0,9501,1575,100,0,17399,32739,-,-,-,0,77,46
1787768380.163,0,331,83,-,93,62,0,0,0,0,9501,1590,99,0,17399,32739,-,-,-,0,124,296
1787768381.235,0,274,81,-,62,20,0,0,0,0,9501,1635,50,0,17399,32739,-,-,-,0,73,501
1787768382.303,0,324,83,-,85,62,0,0,0,0,9501,1695,62,0,17399,32739,-,-,-,0,171,273
1787768383.375,0,318,81,-,61,19,0,0,0,0,9501,1695,68,0,17402,32739,-,-,-,0,14,5505
1787768384.440,0,326,83,-,52,12,0,0,0,0,9501,1755,87,0,17402,32739,-,-,-,0,295,133
1787768385.509,0,334,83,-,83,55,0,0,0,0,9501,1620,80,0,17399,32739,-,-,-,0,96,308
1787768386.577,0,344,83,-,86,56,0,0,0,0,9501,1635,100,0,17399,32739,-,-,-,0,102,307
1787768387.654,0,347,83,-,92,60,0,0,0,0,9501,1635,99,0,17399,32739,-,-,-,0,66,305
1787768388.725,0,348,84,-,92,60,0,0,0,0,9501,1620,97,0,17399,32739,-,-,-,0,59,305
1787768389.796,0,346,83,-,87,56,0,0,0,0,9501,1680,99,0,17399,32739,-,-,-,0,53,311
1787768390.865,0,344,84,-,92,60,0,0,0,0,9501,1635,93,0,17399,32739,-,-,-,0,7719,257
1787768391.933,0,291,84,-,100,25,0,0,0,0,9501,1650,62,0,17399,32739,-,-,-,0,46,19
1787768393.001,0,337,84,-,88,57,0,0,0,0,9501,1695,86,0,17399,32739,-,-,-,0,203,61
1787768394.076,0,344,83,-,85,67,0,0,0,0,9501,1665,100,0,17399,32739,-,-,-,0,157,26
1787768395.147,0,343,83,-,88,56,0,0,0,0,9501,1635,81,0,17399,32739,-,-,-,0,186,123
1787768396.211,0,314,84,-,100,25,0,0,0,0,9501,1650,72,0,17399,32739,-,-,-,0,38,651
1787768397.283,0,349,85,-,100,28,0,0,0,0,9501,1620,99,0,17399,32739,-,-,-,0,52,23
1787768398.356,0,344,85,-,100,27,0,0,0,0,9501,1620,88,0,17399,32739,-,-,-,0,92,22
1787768399.429,0,340,83,-,50,19,0,0,0,0,9501,1830,97,0,17399,32739,-,-,-,0,1465,9451
1787768400.507,0,333,84,-,87,60,0,0,0,0,9501,1725,74,0,17399,32739,-,-,-,0,250,211
1787768401.579,0,344,84,-,89,59,0,0,0,0,9501,1695,100,0,17399,32739,-,-,-,0,187,59
1787768402.651,0,347,84,-,93,67,0,0,0,0,9501,1680,85,0,17399,32739,-,-,-,0,175,321
1787768403.719,0,347,84,-,93,61,0,0,0,0,9501,1620,97,0,17399,32739,-,-,-,0,82,39
1787768404.797,0,348,84,-,92,61,0,0,0,0,9501,1620,99,0,17402,32739,-,-,-,0,91,31
1787768405.871,0,347,84,-,93,61,0,0,0,0,9501,1620,99,0,17402,32739,-,-,-,0,68,48
1787768406.936,0,347,84,-,93,61,0,0,0,0,9501,1635,97,0,17402,32739,-,-,-,0,49,324
1787768408.009,0,345,83,-,86,57,0,0,0,0,9501,1680,99,0,17399,32739,-,-,-,0,85,37
1787768409.084,0,284,81,-,40,13,0,0,0,0,9501,1845,100,0,17399,32739,-,-,-,0,52,32
1787768410.156,0,332,84,-,83,58,0,0,0,0,9501,1665,78,0,17399,32739,-,-,-,0,169,52
1787768411.166,#,gpu,pwr,gtemp,mtemp,sm,mem,enc,dec,jpg,ofa,mclk,pclk,pviol,tviol,fb,bar1,ccpm,sbecc,dbecc,pci,rxpci,txpci
1787768411.166,#,Idx,W,C,C,%,%,%,%,%,%,MHz,MHz,%,bool,MB,MB,MB,errs,errs,errs,MB/s,MB/s
1787768411.227,0,341,83,-,81,60,0,0,0,0,9501,1755,73,0,17402,32739,-,-,-,0,76,308
1787768412.296,0,346,83,-,86,56,0,0,0,0,9501,1695,82,0,17399,32739,-,-,-,0,58,37
1787768413.366,0,309,81,-,83,19,0,0,0,0,9501,1635,59,0,17399,32739,-,-,-,0,191,51
1787768414.433,0,338,83,-,82,62,0,0,0,0,9501,1665,65,0,17402,32739,-,-,-,0,105,325
1787768415.497,0,344,84,-,80,54,0,0,0,0,9501,1755,80,0,17399,32739,-,-,-,0,333,329
1787768416.566,0,340,83,-,81,59,0,0,0,0,9501,1695,100,0,17402,32739,-,-,-,0,149,139
1787768417.635,0,339,83,-,84,59,0,0,0,0,9501,1725,47,0,17399,32739,-,-,-,0,179,328
1787768418.712,0,345,84,-,93,60,0,0,0,0,9501,1590,66,0,17399,32739,-,-,-,0,48,300
1787768419.783,0,348,84,-,94,60,0,0,0,0,9501,1605,99,0,17399,32739,-,-,-,0,76,42
1787768420.851,0,347,84,-,88,58,0,0,0,0,9501,1605,99,0,17399,32739,-,-,-,0,3,0
1787768421.923,0,194,77,-,2,0,0,0,0,0,9501,1920,7,0,17399,32739,-,-,-,0,754,15
1787768422.995,0,326,84,-,90,31,0,0,0,0,9501,1725,90,0,17399,32739,-,-,-,0,76,19
1787768424.068,0,340,82,-,60,14,0,0,0,0,9501,1635,100,0,17399,32739,-,-,-,0,50,29
1787768425.133,0,334,84,-,84,60,0,0,0,0,9501,1725,83,0,17399,32739,-,-,-,0,176,105
1787768426.203,0,346,84,-,93,61,0,0,0,0,9501,1605,90,0,17399,32739,-,-,-,0,174,66
1787768427.272,0,345,83,-,82,64,0,0,0,0,9501,1755,75,0,17399,32739,-,-,-,0,113,64
1787768428.346,0,347,83,-,84,56,0,0,0,0,9501,1695,70,0,17399,32739,-,-,-,0,103,309
1787768429.419,0,341,84,-,89,61,0,0,0,0,9501,1725,81,0,17399,32739,-,-,-,0,103,305
1787768430.493,0,348,83,-,93,61,0,0,0,0,9501,1605,93,0,17399,32739,-,-,-,0,106,337
1787768431.570,0,330,81,-,5,2,0,0,0,0,9501,1905,100,0,17399,32739,-,-,-,0,8,5028
1787768432.643,0,310,84,-,100,28,0,0,0,0,9501,1620,76,0,17399,32739,-,-,-,0,69,15
1787768433.718,0,346,83,-,78,19,0,0,0,0,9501,1635,95,0,17399,32739,-,-,-,0,42,27
1787768434.790,0,341,85,-,100,27,0,0,0,0,9501,1635,93,0,17399,32739,-,-,-,0,199,100
1787768435.856,0,338,84,-,77,58,0,0,0,0,9501,1725,69,0,17399,32739,-,-,-,0,187,268
1787768436.926,0,342,83,-,85,73,0,0,0,0,9501,1665,74,0,17399,32739,-,-,-,0,174,166
1787768438.002,0,341,83,-,82,59,0,0,0,0,9501,1740,65,0,17399,32739,-,-,-,0,131,153
1787768439.068,0,341,83,-,74,47,0,0,0,0,9501,1830,96,0,17399,32739,-,-,-,0,0,3477
1787768440.132,0,301,84,-,100,27,0,0,0,0,9501,1620,61,0,17399,32739,-,-,-,0,1273,8728
1787768441.198,0,338,83,-,83,56,0,0,0,0,9501,1650,78,0,17399,32739,-,-,-,0,72,24
1787768442.269,0,345,84,-,95,60,0,0,0,0,9501,1605,75,0,17399,32739,-,-,-,0,166,61
1787768443.342,0,345,84,-,91,58,0,0,0,0,9501,1680,99,0,17399,32739,-,-,-,0,123,33
1787768444.409,0,347,84,-,94,61,0,0,0,0,9501,1590,95,0,17399,32739,-,-,-,0,164,102
1787768445.485,0,345,83,-,88,55,0,0,0,0,9501,1710,89,0,17399,32739,-,-,-,0,0,4
1787768446.560,0,319,84,-,100,23,0,0,0,0,9501,1590,100,0,17399,32739,-,-,-,0,155,29
1787768447.635,0,325,83,-,82,62,0,0,0,0,9501,1665,73,0,17399,32739,-,-,-,0,90,101
1787768448.710,0,346,84,-,93,63,0,0,0,0,9501,1605,78,0,17399,32739,-,-,-,0,129,26
1787768449.782,0,348,84,-,91,60,0,0,0,0,9501,1635,99,0,17399,32739,-,-,-,0,97,311
1787768450.855,0,348,84,-,92,61,0,0,0,0,9501,1605,99,0,17399,32739,-,-,-,0,77,27
1787768451.927,0,307,83,-,57,16,0,0,0,0,9501,1635,73,0,17399,32739,-,-,-,0,52,18
1787768452.999,0,337,84,-,100,25,0,0,0,0,9501,1650,88,0,17399,32739,-,-,-,0,193,58
1787768454.065,0,346,83,-,87,62,0,0,0,0,9501,1710,100,0,17399,32739,-,-,-,0,88,95
1787768455.133,0,347,84,-,83,57,0,0,0,0,9501,1665,76,0,17399,32739,-,-,-,0,91,0
1787768456.206,0,313,84,-,100,27,0,0,0,0,9501,1620,69,0,17399,32739,-,-,-,0,35,21
1787768457.271,0,346,85,-,84,22,0,0,0,0,9501,1740,99,0,17399,32739,-,-,-,0,617,3806
1787768458.277,#,gpu,pwr,gtemp,mtemp,sm,mem,enc,dec,jpg,ofa,mclk,pclk,pviol,tviol,fb,bar1,ccpm,sbecc,dbecc,pci,rxpci,txpci
1787768458.277,#,Idx,W,C,C,%,%,%,%,%,%,MHz,MHz,%,bool,MB,MB,MB,errs,errs,errs,MB/s,MB/s
1787768458.338,0,331,84,-,89,58,0,0,0,0,9501,1620,76,0,17399,32739,-,-,-,0,183,58
1787768459.410,0,348,84,-,94,63,0,0,0,0,9501,1605,83,0,17399,32739,-,-,-,0,94,318
1787768460.473,0,348,84,-,94,61,0,0,0,0,9501,1605,99,0,17399,32739,-,-,-,0,103,294
1787768461.540,0,347,83,-,92,60,0,0,0,0,9501,1635,100,0,17399,32739,-,-,-,0,105,305
1787768462.616,0,302,83,-,89,22,0,0,0,0,9501,1635,61,0,17399,32739,-,-,-,0,103,17
1787768463.691,0,339,84,-,85,58,0,0,0,0,9501,1665,75,0,17399,32739,-,-,-,0,99,307
1787768464.758,0,345,83,-,92,61,0,0,0,0,9501,1665,84,0,17399,32739,-,-,-,0,176,106
1787768465.828,0,311,83,-,63,21,0,0,0,0,9501,1650,67,0,17399,32739,-,-,-,0,39,20
1787768466.897,0,332,84,-,81,59,0,0,0,0,9501,1695,74,0,17399,32739,-,-,-,0,181,106
1787768467.971,0,346,83,-,82,65,0,0,0,0,9501,1695,85,0,17399,32739,-,-,-,0,165,269
1787768469.044,0,343,83,-,86,58,0,0,0,0,9501,1725,100,0,17399,32739,-,-,-,0,125,57
1787768470.117,0,345,84,-,81,52,0,0,0,0,9501,1590,82,0,17399,32739,-,-,-,0,192,95
1787768471.190,0,346,84,-,89,57,0,0,0,0,9501,1560,68,0,17399,32739,-,-,-,0,102,303
1787768472.261,0,348,84,-,84,57,0,0,0,0,9501,1680,99,0,17399,32739,-,-,-,0,102,29
1787768473.333,0,347,83,-,90,58,0,0,0,0,9501,1680,99,0,17399,32739,-,-,-,0,87,326
1787768474.394,0,347,84,-,94,59,0,0,0,0,9501,1620,95,0,17399,32739,-,-,-,0,165,266
1787768475.464,0,347,84,-,94,60,0,0,0,0,9501,1620,99,0,17399,32739,-,-,-,0,471,4031
1787768476.532,0,314,83,-,98,34,0,0,0,0,9501,1740,76,0,17399,32739,-,-,-,0,162,311
1787768477.606,0,343,83,-,95,61,0,0,0,0,9501,1605,100,0,17399,32739,-,-,-,0,80,336
1787768478.684,0,345,83,-,80,62,0,0,0,0,9501,1695,91,0,17399,32739,-,-,-,0,136,30
1787768479.755,0,345,83,-,87,54,0,0,0,0,9501,1710,88,0,17399,32739,-,-,-,0,195,166
1787768480.830,0,311,84,-,100,28,0,0,0,0,9501,1620,67,0,17399,32739,-,-,-,0,724,22
1787768481.896,0,338,83,-,87,62,0,0,0,0,9501,1710,85,0,17399,32739,-,-,-,0,206,52
1787768482.963,0,344,83,-,85,60,0,0,0,0,9501,1725,63,0,17399,32739,-,-,-,0,68,327
1787768484.035,0,342,83,-,86,60,0,0,0,0,9501,1680,80,0,17399,32739,-,-,-,0,195,106
1787768485.102,0,311,82,-,36,10,0,0,0,0,9501,1620,100,0,17399,32739,-,-,-,0,71,21
1787768486.175,0,337,85,-,100,27,0,0,0,0,9501,1635,92,0,17399,32739,-,-,-,0,48,24
1787768487.249,0,340,84,-,100,25,0,0,0,0,9501,1650,87,0,17399,32739,-,-,-,0,43,15
1787768488.320,0,349,84,-,100,27,0,0,0,0,9501,1620,99,0,17399,32739,-,-,-,0,72,17
1787768489.388,0,330,83,-,45,11,0,0,0,0,9501,1695,87,0,17399,32739,-,-,-,0,173,277
1787768490.450,0,338,84,-,88,59,0,0,0,0,9501,1605,92,0,17399,32739,-,-,-,0,225,160
1787768491.517,0,347,83,-,84,56,0,0,0,0,9501,1725,89,0,17399,32739,-,-,-,0,176,53
1787768492.589,0,347,84,-,88,58,0,0,0,0,9501,1680,100,0,17399,32739,-,-,-,0,84,31
1787768493.653,0,348,84,-,94,61,0,0,0,0,9501,1620,99,0,17399,32739,-,-,-,0,51,355
1787768494.724,0,346,83,-,89,56,0,0,0,0,9501,1620,99,0,17399,32739,-,-,-,0,80,304
1787768495.792,0,347,83,-,93,60,0,0,0,0,9501,1710,99,0,17399,32739,-,-,-,0,81,32
1787768496.862,0,347,83,-,94,60,0,0,0,0,9501,1605,91,0,17399,32739,-,-,-,0,1,0
1787768497.934,0,282,84,-,100,28,0,0,0,0,9501,1620,52,0,17399,32739,-,-,-,0,172,323
1787768499.013,0,340,83,-,87,59,0,0,0,0,9501,1725,76,0,17399,32739,-,-,-,0,193,113
1787768500.086,0,323,83,-,100,39,0,0,0,0,9501,1635,100,0,17399,32739,-,-,-,0,109,37
1787768501.157,0,326,83,-,61,33,0,0,0,0,9501,1725,73,0,17402,32739,-,-,-,0,177,106
1787768502.230,0,335,83,-,85,62,0,0,0,0,9501,1680,77,0,17399,32739,-,-,-,0,159,149
1787768503.301,0,340,83,-,88,57,0,0,0,0,9501,1725,72,0,17399,32739,-,-,-,0,172,229
1787768504.374,0,345,83,-,90,59,0,0,0,0,9501,1680,72,0,17399,32739,-,-,-,0,161,329
1787768505.382,#,gpu,pwr,gtemp,mtemp,sm,mem,enc,dec,jpg,ofa,mclk,pclk,pviol,tviol,fb,bar1,ccpm,sbecc,dbecc,pci,rxpci,txpci
1787768505.382,#,Idx,W,C,C,%,%,%,%,%,%,MHz,MHz,%,bool,MB,MB,MB,errs,errs,errs,MB/s,MB/s
1787768505.444,0,344,83,-,86,56,0,0,0,0,9501,1665,92,0,17399,32739,-,-,-,0,165,325
1787768506.516,0,346,84,-,87,56,0,0,0,0,9501,1695,79,0,17402,32739,-,-,-,0,208,106
1787768507.587,0,344,84,-,82,64,0,0,0,0,9501,1650,100,0,17399,32739,-,-,-,0,124,28
1787768508.659,0,345,83,-,85,59,0,0,0,0,9501,1695,87,0,17399,32739,-,-,-,0,165,344
1787768509.720,0,343,84,-,83,58,0,0,0,0,9501,1620,88,0,17402,32739,-,-,-,0,161,296
1787768510.791,0,348,84,-,93,60,0,0,0,0,9501,1635,97,0,17399,32739,-,-,-,0,46,323
1787768511.862,0,345,83,-,90,60,0,0,0,0,9501,1725,96,0,17402,32739,-,-,-,0,54,333
1787768512.932,0,341,84,-,80,58,0,0,0,0,9501,1695,87,0,17402,32739,-,-,-,0,102,26
1787768514.003,0,343,84,-,84,56,0,0,0,0,9501,1635,86,0,17399,32739,-,-,-,0,107,56
1787768515.065,0,347,83,-,94,61,0,0,0,0,9501,1620,100,0,17399,32739,-,-,-,0,95,27
1787768516.132,0,346,84,-,89,58,0,0,0,0,9501,1710,99,0,17399,32739,-,-,-,0,115,312
1787768517.207,0,347,84,-,94,63,0,0,0,0,9501,1620,97,0,17399,32739,-,-,-,0,173,37
1787768518.275,0,345,83,-,93,61,0,0,0,0,9501,1680,99,0,17399,32739,-,-,-,0,110,109
1787768519.343,0,347,84,-,91,59,0,0,0,0,9501,1590,99,0,17399,32739,-,-,-,0,147,56
1787768520.416,0,344,84,-,92,59,0,0,0,0,9501,1635,97,0,17399,32739,-,-,-,0,164,325
1787768521.488,0,348,84,-,94,61,0,0,0,0,9501,1620,99,0,17399,32739,-,-,-,0,86,304
1787768522.565,0,348,84,-,94,61,0,0,0,0,9501,1620,100,0,17399,32739,-,-,-,0,63,39
1787768523.633,0,312,82,-,29,6,0,0,0,0,9501,1635,79,0,17399,32739,-,-,-,0,671,14
1787768524.705,0,335,85,-,99,26,0,0,0,0,9501,1575,92,0,17399,32739,-,-,-,0,189,20
1787768525.773,0,338,82,-,81,21,0,0,0,0,9501,1785,89,0,17399,32739,-,-,-,0,185,160
1787768526.848,0,336,83,-,83,60,0,0,0,0,9501,1755,78,0,17399,32739,-,-,-,0,155,34
1787768527.922,0,339,83,-,87,58,0,0,0,0,9501,1710,67,0,17399,32739,-,-,-,0,130,36
1787768528.994,0,341,84,-,89,58,0,0,0,0,9501,1650,82,0,17399,32739,-,-,-,0,198,214
1787768530.066,0,343,82,-,89,59,0,0,0,0,9501,1830,100,0,17399,32739,-,-,-,0,0,4396
1787768531.129,0,314,85,-,99,26,0,0,0,0,9501,1635,71,0,17399,32739,-,-,-,0,56,15
1787768532.195,0,349,85,-,100,28,0,0,0,0,9501,1620,99,0,17399,32739,-,-,-,0,47,25
1787768533.268,0,348,85,-,99,26,0,0,0,0,9501,1605,95,0,17399,32739,-,-,-,0,42,14
1787768534.344,0,337,83,-,83,25,0,0,0,0,9501,1755,87,0,17399,32739,-,-,-,0,50,732
1787768535.411,0,331,83,-,85,58,0,0,0,0,9501,1755,81,0,17399,32739,-,-,-,0,162,115
1787768536.486,0,341,83,-,90,72,0,0,0,0,9501,1755,72,0,17399,32739,-,-,-,0,93,91
1787768537.555,0,343,84,-,86,68,0,0,0,0,9501,1665,100,0,17399,32739,-,-,-,0,147,145
1787768538.630,0,344,84,-,85,62,0,0,0,0,9501,1680,87,0,17399,32739,-,-,-,0,139,197
1787768539.700,0,346,84,-,82,59,0,0,0,0,9501,1680,70,0,17399,32739,-,-,-,0,103,162
1787768540.774,0,346,83,-,87,57,0,0,0,0,9501,1680,85,0,17399,32739,-,-,-,0,57,362
1787768541.846,0,343,83,-,85,62,0,0,0,0,9501,1680,91,0,17399,32739,-,-,-,0,184,272
1787768542.925,0,342,83,-,85,66,0,0,0,0,9501,1695,68,0,17399,32739,-,-,-,0,186,174
1787768544.000,0,346,84,-,89,59,0,0,0,0,9501,1620,88,0,17399,32739,-,-,-,0,180,171
1787768545.077,0,344,83,-,88,58,0,0,0,0,9501,1710,100,0,17399,32739,-,-,-,0,201,109
1787768546.144,0,342,83,-,85,62,0,0,0,0,9501,1740,65,0,17399,32739,-,-,-,0,187,58
1787768547.212,0,344,84,-,88,62,0,0,0,0,9501,1650,72,0,17399,32739,-,-,-,0,190,215
1787768548.286,0,341,83,-,87,59,0,0,0,0,9501,1695,71,0,17399,32739,-,-,-,0,179,59
1787768549.356,0,343,84,-,81,61,0,0,0,0,9501,1680,87,0,17399,32739,-,-,-,0,205,92
1787768550.429,0,347,83,-,94,63,0,0,0,0,9501,1665,90,0,17399,32739,-,-,-,0,206,53
1787768551.502,0,340,83,-,84,61,0,0,0,0,9501,1635,72,0,17399,32739,-,-,-,0,174,70
1787768552.516,#,gpu,pwr,gtemp,mtemp,sm,mem,enc,dec,jpg,ofa,mclk,pclk,pviol,tviol,fb,bar1,ccpm,sbecc,dbecc,pci,rxpci,txpci
1787768552.553,#,Idx,W,C,C,%,%,%,%,%,%,MHz,MHz,%,bool,MB,MB,MB,errs,errs,errs,MB/s,MB/s
1787768552.576,0,345,84,-,81,55,0,0,0,0,9501,1680,100,0,17399,32739,-,-,-,0,207,107
1787768553.643,0,346,84,-,88,59,0,0,0,0,9501,1710,82,0,17399,32739,-,-,-,0,189,107
1787768554.718,0,348,84,-,87,59,0,0,0,0,9501,1605,95,0,17399,32739,-,-,-,0,184,83
1787768555.788,0,346,83,-,81,63,0,0,0,0,9501,1695,73,0,17399,32739,-,-,-,0,200,202
1787768556.860,0,346,84,-,86,66,0,0,0,0,9501,1710,70,0,17399,32739,-,-,-,0,196,110
1787768557.929,0,348,84,-,94,63,0,0,0,0,9501,1650,83,0,17399,32739,-,-,-,0,88,57
1787768559.010,0,344,84,-,85,56,0,0,0,0,9501,1680,75,0,17399,32739,-,-,-,0,181,61
1787768560.084,0,343,83,-,81,60,0,0,0,0,9501,1665,100,0,17399,32739,-,-,-,0,173,52
1787768561.146,0,343,83,-,91,71,0,0,0,0,9501,1665,82,0,17399,32739,-,-,-,0,163,152
1787768562.209,0,348,84,-,85,67,0,0,0,0,9501,1710,73,0,17399,32739,-,-,-,0,180,168
1787768563.285,0,348,84,-,94,62,0,0,0,0,9501,1605,86,0,17399,32739,-,-,-,0,75,307
1787768564.354,0,346,84,-,88,61,0,0,0,0,9501,1695,99,0,17399,32739,-,-,-,0,79,33
1787768565.425,0,347,84,-,95,62,0,0,0,0,9501,1620,99,0,17399,32739,-,-,-,0,78,30
1787768566.496,0,347,84,-,95,62,0,0,0,0,9501,1605,99,0,17399,32739,-,-,-,0,118,19
1787768567.569,0,348,84,-,94,62,0,0,0,0,9501,1605,100,0,17399,32739,-,-,-,0,165,52
1787768568.641,0,348,84,-,95,63,0,0,0,0,9501,1590,99,0,17399,32739,-,-,-,0,109,305
1787768569.715,0,348,83,-,94,63,0,0,0,0,9501,1590,99,0,17399,32739,-,-,-,0,97,311
1787768570.785,0,347,84,-,94,62,0,0,0,0,9501,1605,99,0,17399,32739,-,-,-,0,105,301
1787768571.851,0,347,84,-,93,62,0,0,0,0,9501,1605,99,0,17399,32739,-,-,-,0,107,326
1787768572.913,0,344,83,-,94,63,0,0,0,0,9501,1605,99,0,17399,32739,-,-,-,0,83,303
1787768573.990,0,328,82,-,94,60,0,0,0,0,9501,1470,99,0,17399,32739,-,-,-,0,54,300
1787768575.066,0,315,82,-,93,60,0,0,0,0,9501,1500,100,0,17399,32739,-,-,-,0,102,22
1787768576.135,0,314,82,-,94,60,0,0,0,0,9501,1515,99,0,17399,32739,-,-,-,0,74,30
1787768577.213,0,263,78,-,30,1,0,0,0,0,9501,1575,58,0,17399,32739,-,-,-,0,49,16
1787768578.289,0,294,83,-,100,27,0,0,0,0,9501,1635,93,0,17399,32739,-,-,-,0,164,61
1787768579.358,0,342,83,-,88,56,0,0,0,0,9501,1665,75,0,17399,32739,-,-,-,0,162,221
1787768580.422,0,345,83,-,87,56,0,0,0,0,9501,1740,83,0,17399,32739,-,-,-,0,118,308
1787768581.486,0,346,83,-,88,57,0,0,0,0,9501,1770,73,0,17399,32739,-,-,-,0,192,56
1787768582.553,0,317,84,-,100,25,0,0,0,0,9501,1620,100,0,17399,32739,-,-,-,0,75,13
1787768583.623,0,339,84,-,88,58,0,0,0,0,9501,1710,85,0,17399,32739,-,-,-,0,169,324
1787768584.700,0,344,83,-,89,60,0,0,0,0,9501,1665,75,0,17399,32739,-,-,-,0,188,112
1787768585.766,0,345,83,-,84,70,0,0,0,0,9501,1680,70,0,17399,32739,-,-,-,0,145,104
1787768586.827,0,344,84,-,84,59,0,0,0,0,9501,1665,72,0,17399,32739,-,-,-,0,176,47
1787768587.899,0,346,83,-,85,66,0,0,0,0,9501,1695,84,0,17399,32739,-,-,-,0,266,335
1787768588.972,0,348,83,-,88,58,0,0,0,0,9501,1755,69,0,17399,32739,-,-,-,0,180,61
1787768590.041,0,346,84,-,87,59,0,0,0,0,9501,1680,71,0,17399,32739,-,-,-,0,181,324
1787768591.109,0,346,83,-,86,62,0,0,0,0,9501,1695,100,0,17399,32739,-,-,-,0,167,326
1787768592.180,0,345,83,-,90,59,0,0,0,0,9501,1710,92,0,17399,32739,-,-,-,0,145,24
1787768593.244,0,348,84,-,93,62,0,0,0,0,9501,1560,97,0,17399,32739,-,-,-,0,166,328
1787768594.311,0,346,84,-,86,59,0,0,0,0,9501,1680,91,0,17399,32739,-,-,-,0,197,157
1787768595.383,0,344,84,-,88,59,0,0,0,0,9501,1680,93,0,17399,32739,-,-,-,0,190,106
1787768596.447,0,347,84,-,95,63,0,0,0,0,9501,1605,94,0,17399,32739,-,-,-,0,85,338
1787768597.521,0,345,84,-,83,55,0,0,0,0,9501,1665,99,0,17399,32739,-,-,-,0,168,23
1787768598.583,0,344,84,-,89,60,0,0,0,0,9501,1680,100,0,17399,32739,-,-,-,0,65,308
1787768599.594,#,gpu,pwr,gtemp,mtemp,sm,mem,enc,dec,jpg,ofa,mclk,pclk,pviol,tviol,fb,bar1,ccpm,sbecc,dbecc,pci,rxpci,txpci
1787768599.594,#,Idx,W,C,C,%,%,%,%,%,%,MHz,MHz,%,bool,MB,MB,MB,errs,errs,errs,MB/s,MB/s
1787768599.657,0,346,84,-,94,61,0,0,0,0,9501,1620,97,0,17402,32739,-,-,-,0,178,58
1787768600.726,0,345,84,-,88,57,0,0,0,0,9501,1680,97,0,17399,32739,-,-,-,0,150,162
1787768601.798,0,348,84,-,92,59,0,0,0,0,9501,1590,89,0,17402,32739,-,-,-,0,174,266
1787768602.870,0,346,84,-,90,58,0,0,0,0,9501,1680,99,0,17399,32739,-,-,-,0,56,325
1787768603.946,0,304,83,-,78,28,0,0,0,0,9501,1665,73,0,17402,32739,-,-,-,0,793,18
1787768605.014,0,343,84,-,100,26,0,0,0,0,9501,1590,93,0,17399,32739,-,-,-,0,34,517
1787768606.086,0,330,83,-,86,56,0,0,0,0,9501,1695,100,0,17402,32739,-,-,-,0,193,30
1787768607.150,0,341,83,-,88,54,0,0,0,0,9501,1680,74,0,17402,32739,-,-,-,0,154,209
1787768608.220,0,343,84,-,94,61,0,0,0,0,9501,1620,74,0,17402,32739,-,-,-,0,167,325
1787768609.297,0,344,84,-,86,56,0,0,0,0,9501,1725,81,0,17402,32739,-,-,-,0,7,64
1787768610.365,0,312,84,-,100,28,0,0,0,0,9501,1635,64,0,17399,32739,-,-,-,0,42,34
1787768611.437,0,348,85,-,100,25,0,0,0,0,9501,1635,99,0,17399,32739,-,-,-,0,38,34
1787768612.509,0,349,85,-,100,27,0,0,0,0,9501,1605,95,0,17399,32739,-,-,-,0,736,9288
1787768613.584,0,324,84,-,73,51,0,0,0,0,9501,1680,100,0,17402,32739,-,-,-,0,173,56
1787768614.652,0,339,83,-,84,58,0,0,0,0,9501,1680,69,0,17399,32739,-,-,-,0,121,161
1787768615.723,0,344,84,-,87,58,0,0,0,0,9501,1725,73,0,17399,32739,-,-,-,0,192,30
1787768616.787,0,343,84,-,84,64,0,0,0,0,9501,1710,62,0,17399,32739,-,-,-,0,153,57
1787768617.855,0,344,84,-,88,58,0,0,0,0,9501,1680,83,0,17399,32739,-,-,-,0,127,49
1787768618.924,0,343,84,-,84,56,0,0,0,0,9501,1740,85,0,17399,32739,-,-,-,0,84,337
1787768619.987,0,344,83,-,90,68,0,0,0,0,9501,1680,66,0,17399,32739,-,-,-,0,175,62
1787768621.059,0,344,84,-,87,60,0,0,0,0,9501,1710,100,0,17399,32739,-,-,-,0,202,220
1787768622.133,0,346,84,-,81,55,0,0,0,0,9501,1665,73,0,17399,32739,-,-,-,0,170,310
1787768623.204,0,344,84,-,88,57,0,0,0,0,9501,1695,89,0,17399,32739,-,-,-,0,78,303
1787768624.275,0,347,84,-,89,58,0,0,0,0,9501,1695,99,0,17399,32739,-,-,-,0,104,295
1787768625.347,0,347,84,-,92,56,0,0,0,0,9501,1665,99,0,17399,32739,-,-,-,0,76,33
1787768626.412,0,347,84,-,94,60,0,0,0,0,9501,1620,99,0,17399,32739,-,-,-,0,59,306
1787768627.480,0,347,84,-,94,60,0,0,0,0,9501,1635,99,0,17399,32739,-,-,-,0,94,306
1787768628.553,0,347,84,-,94,61,0,0,0,0,9501,1590,100,0,17399,32739,-,-,-,0,111,241
1787768629.622,0,348,84,-,95,62,0,0,0,0,9501,1605,99,0,17399,32739,-,-,-,0,145,25
1787768630.686,0,348,84,-,92,61,0,0,0,0,9501,1620,99,0,17399,32739,-,-,-,0,48,302
1787768631.759,0,347,84,-,93,61,0,0,0,0,9501,1620,99,0,17399,32739,-,-,-,0,89,312
1787768632.832,0,348,84,-,94,61,0,0,0,0,9501,1620,99,0,17399,32739,-,-,-,0,142,298
1787768633.902,0,348,84,-,94,62,0,0,0,0,9501,1590,99,0,17399,32739,-,-,-,0,104,32
1787768634.969,0,288,79,-,25,1,0,0,0,0,9501,1905,67,0,17399,32739,-,-,-,0,38,16
1787768636.041,0,320,84,-,88,56,0,0,0,0,9501,1695,80,0,17399,32739,-,-,-,0,286,68
1787768637.114,0,345,84,-,82,56,0,0,0,0,9501,1770,100,0,17399,32739,-,-,-,0,184,111
1787768638.190,0,318,84,-,68,25,0,0,0,0,9501,1770,60,0,17399,32739,-,-,-,0,84,30
1787768639.256,0,332,84,-,100,28,0,0,0,0,9501,1620,82,0,17399,32739,-,-,-,0,156,327
1787768640.320,0,338,84,-,93,59,0,0,0,0,9501,1605,68,0,17399,32739,-,-,-,0,181,139
1787768641.394,0,341,83,-,79,63,0,0,0,0,9501,1755,79,0,17399,32739,-,-,-,0,172,325
1787768642.467,0,344,84,-,91,65,0,0,0,0,9501,1680,84,0,17399,32739,-,-,-,0,163,325
1787768643.531,0,348,84,-,88,59,0,0,0,0,9501,1680,77,0,17399,32739,-,-,-,0,184,355
1787768644.605,0,346,84,-,84,60,0,0,0,0,9501,1710,100,0,17399,32739,-,-,-,0,215,164
1787768645.673,0,348,84,-,92,63,0,0,0,0,9501,1605,77,0,17399,32739,-,-,-,0,54,319
1787768646.682,#,gpu,pwr,gtemp,mtemp,sm,mem,enc,dec,jpg,ofa,mclk,pclk,pviol,tviol,fb,bar1,ccpm,sbecc,dbecc,pci,rxpci,txpci
1787768646.682,#,Idx,W,C,C,%,%,%,%,%,%,MHz,MHz,%,bool,MB,MB,MB,errs,errs,errs,MB/s,MB/s
1787768646.746,0,343,84,-,86,63,0,0,0,0,9501,1725,77,0,17399,32739,-,-,-,0,54,41
1787768647.812,0,347,83,-,94,60,0,0,0,0,9501,1605,93,0,17399,32739,-,-,-,0,179,305
1787768648.887,0,340,84,-,87,56,0,0,0,0,9501,1695,78,0,17399,32739,-,-,-,0,168,325
1787768649.954,0,344,84,-,85,62,0,0,0,0,9501,1725,81,0,17399,32739,-,-,-,0,149,21
1787768651.015,0,342,83,-,88,57,0,0,0,0,9501,1695,82,0,17399,32739,-,-,-,0,79,45
1787768652.087,0,347,84,-,87,57,0,0,0,0,9501,1605,100,0,17399,32739,-,-,-,0,170,43
1787768653.160,0,347,84,-,85,61,0,0,0,0,9501,1710,95,0,17399,32739,-,-,-,0,179,111
1787768654.227,0,317,80,-,10,0,0,0,0,0,9501,1905,85,0,17399,32739,-,-,-,0,371,45
1787768655.299,0,327,85,-,100,28,0,0,0,0,9501,1650,88,0,17399,32739,-,-,-,0,35,18
1787768656.373,0,335,84,-,88,67,0,0,0,0,9501,1710,80,0,17399,32739,-,-,-,0,224,219
1787768657.445,0,349,84,-,94,63,0,0,0,0,9501,1605,86,0,17399,32739,-,-,-,0,99,309
1787768658.519,0,345,83,-,85,59,0,0,0,0,9501,1710,87,0,17399,32739,-,-,-,0,153,55
1787768659.580,0,348,84,-,95,61,0,0,0,0,9501,1590,100,0,17399,32739,-,-,-,0,106,296
1787768660.645,0,333,83,-,24,16,0,0,0,0,9501,1890,73,0,17399,32739,-,-,-,0,57,24
1787768661.715,0,318,85,-,100,25,0,0,0,0,9501,1635,80,0,17399,32739,-,-,-,0,51,13
1787768662.789,0,348,85,-,100,28,0,0,0,0,9501,1620,99,0,17399,32739,-,-,-,0,36,30
1787768663.865,0,342,85,-,99,31,0,0,0,0,9501,1620,92,0,17399,32739,-,-,-,0,47,16
1787768664.931,0,335,84,-,92,72,0,0,0,0,9501,1695,78,0,17399,32739,-,-,-,0,169,167
1787768666.007,0,345,84,-,86,59,0,0,0,0,9501,1710,73,0,17399,32739,-,-,-,0,104,20
1787768667.082,0,346,83,-,88,58,0,0,0,0,9501,1710,100,0,17399,32739,-,-,-,0,282,166
1787768668.155,0,347,83,-,83,61,0,0,0,0,9501,1680,61,0,17399,32739,-,-,-,0,172,37
1787768669.218,0,345,84,-,87,62,0,0,0,0,9501,1725,70,0,17399,32739,-,-,-,0,192,121
1787768670.281,0,347,84,-,86,57,0,0,0,0,9501,1695,80,0,17399,32739,-,-,-,0,143,21
1787768671.355,0,346,84,-,89,59,0,0,0,0,9501,1695,79,0,17399,32739,-,-,-,0,52,309
1787768672.424,0,344,84,-,91,60,0,0,0,0,9501,1650,90,0,17399,32739,-,-,-,0,174,21
1787768673.492,0,345,84,-,93,62,0,0,0,0,9501,1605,91,0,17399,32739,-,-,-,0,174,321
1787768674.553,0,346,84,-,94,62,0,0,0,0,9501,1620,100,0,17399,32739,-,-,-,0,50,298
1787768675.626,0,342,83,-,80,60,0,0,0,0,9501,1740,93,0,17399,32739,-,-,-,0,183,53
1787768676.700,0,341,84,-,83,53,0,0,0,0,9501,1605,68,0,17399,32739,-,-,-,0,173,326
1787768677.776,0,343,83,-,87,58,0,0,0,0,9501,1695,75,0,17399,32739,-,-,-,0,191,222
1787768678.838,0,342,84,-,88,58,0,0,0,0,9501,1710,92,0,17399,32739,-,-,-,0,54,308
1787768679.907,0,346,84,-,89,58,0,0,0,0,9501,1695,97,0,17399,32739,-,-,-,0,116,313
1787768680.980,0,344,84,-,84,58,0,0,0,0,9501,1635,93,0,17399,32739,-,-,-,0,137,339
1787768682.054,0,344,83,-,82,57,0,0,0,0,9501,1740,100,0,17399,32739,-,-,-,0,194,269
1787768683.129,0,348,84,-,93,62,0,0,0,0,9501,1605,97,0,17399,32739,-,-,-,0,179,327
1787768684.195,0,346,84,-,93,61,0,0,0,0,9501,1650,85,0,17399,32739,-,-,-,0,255,61
1787768685.272,0,347,83,-,86,64,0,0,0,0,9501,1695,92,0,17399,32739,-,-,-,0,57,64
1787768686.341,0,344,83,-,89,59,0,0,0,0,9501,1665,97,0,17399,32739,-,-,-,0,108,305
1787768687.417,0,347,84,-,88,59,0,0,0,0,9501,1635,83,0,17399,32739,-,-,-,0,98,295
1787768688.487,0,346,84,-,90,61,0,0,0,0,9501,1590,91,0,17399,32739,-,-,-,0,161,309
1787768689.552,0,344,84,-,88,60,0,0,0,0,9501,1680,100,0,17399,32739,-,-,-,0,175,216
1787768690.628,0,342,83,-,87,62,0,0,0,0,9501,1680,78,0,17399,32739,-,-,-,0,113,306
1787768691.704,0,348,84,-,95,63,0,0,0,0,9501,1620,99,0,17399,32739,-,-,-,0,175,314
1787768692.768,0,343,83,-,86,59,0,0,0,0,9501,1695,84,0,17399,32739,-,-,-,0,183,161
1787768693.771,#,gpu,pwr,gtemp,mtemp,sm,mem,enc,dec,jpg,ofa,mclk,pclk,pviol,tviol,fb,bar1,ccpm,sbecc,dbecc,pci,rxpci,txpci
1787768693.771,#,Idx,W,C,C,%,%,%,%,%,%,MHz,MHz,%,bool,MB,MB,MB,errs,errs,errs,MB/s,MB/s
1787768693.834,0,341,83,-,90,64,0,0,0,0,9501,1680,85,0,17399,32739,-,-,-,0,164,338
1787768694.906,0,347,84,-,88,60,0,0,0,0,9501,1680,91,0,17399,32739,-,-,-,0,165,30
1787768695.982,0,347,84,-,94,62,0,0,0,0,9501,1620,87,0,17399,32739,-,-,-,0,75,314
1787768697.050,0,346,84,-,86,62,0,0,0,0,9501,1665,97,0,17399,32739,-,-,-,0,99,30
1787768698.119,0,346,84,-,94,62,0,0,0,0,9501,1620,100,0,17399,32739,-,-,-,0,163,313
1787768699.192,0,345,84,-,89,59,0,0,0,0,9501,1680,82,0,17399,32739,-,-,-,0,340,173
1787768700.261,0,345,84,-,90,62,0,0,0,0,9501,1695,95,0,17399,32739,-,-,-,0,191,108
1787768701.333,0,346,84,-,87,59,0,0,0,0,9501,1680,85,0,17399,32739,-,-,-,0,186,169
1787768702.405,0,343,84,-,86,57,0,0,0,0,9501,1680,91,0,17399,32739,-,-,-,0,169,110
1787768703.477,0,345,84,-,84,61,0,0,0,0,9501,1740,78,0,17399,32739,-,-,-,0,44,329
1787768704.548,0,344,84,-,92,68,0,0,0,0,9501,1710,95,0,17399,32739,-,-,-,0,184,122
1787768705.622,0,347,84,-,93,62,0,0,0,0,9501,1620,100,0,17399,32739,-,-,-,0,164,63
1787768706.693,0,343,84,-,88,59,0,0,0,0,9501,1680,77,0,17399,32739,-,-,-,0,175,56
1787768707.763,0,346,84,-,87,58,0,0,0,0,9501,1695,68,0,17399,32739,-,-,-,0,145,122
1787768708.838,0,347,84,-,88,58,0,0,0,0,9501,1695,67,0,17402,32739,-,-,-,0,56,307
1787768709.902,0,346,84,-,86,57,0,0,0,0,9501,1725,97,0,17399,32739,-,-,-,0,179,55
1787768710.979,0,347,84,-,86,58,0,0,0,0,9501,1680,78,0,17399,32739,-,-,-,0,175,164
1787768712.051,0,346,84,-,81,61,0,0,0,0,9501,1695,81,0,17399,32739,-,-,-,0,198,165
1787768713.123,0,347,84,-,93,61,0,0,0,0,9501,1620,100,0,17399,32739,-,-,-,0,174,267
1787768714.191,0,348,84,-,93,61,0,0,0,0,9501,1590,87,0,17399,32739,-,-,-,0,53,335
1787768715.260,0,345,84,-,87,58,0,0,0,0,9501,1740,81,0,17399,32739,-,-,-,0,316,314
1787768716.330,0,348,84,-,94,62,0,0,0,0,9501,1620,79,0,17399,32739,-,-,-,0,172,31
1787768717.395,0,342,84,-,83,60,0,0,0,0,9501,1635,89,0,17399,32739,-,-,-,0,171,57
1787768718.469,0,343,84,-,82,60,0,0,0,0,9501,1695,62,0,17402,32739,-,-,-,0,208,114
1787768719.537,0,347,84,-,88,59,0,0,0,0,9501,1710,82,0,17399,32739,-,-,-,0,184,269
1787768720.611,0,348,84,-,94,63,0,0,0,0,9501,1590,100,0,17399,32739,-,-,-,0,191,210
1787768721.687,0,343,84,-,94,64,0,0,0,0,9501,1605,90,0,17399,32739,-,-,-,0,81,34
1787768722.757,0,348,84,-,90,60,0,0,0,0,9501,1575,99,0,17399,32739,-,-,-,0,75,30
1787768723.826,0,346,84,-,88,60,0,0,0,0,9501,1725,91,0,17399,32739,-,-,-,0,169,319
1787768724.900,0,346,84,-,82,63,0,0,0,0,9501,1695,82,0,17399,32739,-,-,-,0,196,57
1787768725.967,0,344,84,-,85,59,0,0,0,0,9501,1680,77,0,17399,32739,-,-,-,0,157,18
1787768727.040,0,340,84,-,87,57,0,0,0,0,9501,1695,91,0,17399,32739,-,-,-,0,158,99
1787768728.107,0,343,84,-,85,62,0,0,0,0,9501,1620,100,0,17399,32739,-,-,-,0,173,51
1787768729.183,0,348,84,-,87,58,0,0,0,0,9501,1605,94,0,17399,32739,-,-,-,0,163,318
1787768730.249,0,348,84,-,89,58,0,0,0,0,9501,1620,99,0,17399,32739,-,-,-,0,100,337
1787768731.317,0,346,84,-,83,60,0,0,0,0,9501,1665,95,0,17399,32739,-,-,-,0,180,272
1787768732.380,0,346,84,-,94,62,0,0,0,0,9501,1620,94,0,17399,32739,-,-,-,0,86,300
1787768733.445,0,348,84,-,94,62,0,0,0,0,9501,1635,99,0,17399,32739,-,-,-,0,170,53
1787768734.521,0,347,84,-,94,63,0,0,0,0,9501,1620,93,0,17399,32739,-,-,-,0,183,54
1787768735.597,0,345,84,-,95,62,0,0,0,0,9501,1635,100,0,17399,32739,-,-,-,0,184,62
1787768736.668,0,345,84,-,87,60,0,0,0,0,9501,1695,77,0,17399,32739,-,-,-,0,118,218
1787768737.741,0,344,84,-,93,62,0,0,0,0,9501,1635,84,0,17399,32739,-,-,-,0,179,215
1787768738.818,0,348,84,-,87,56,0,0,0,0,9501,1650,91,0,17399,32739,-,-,-,0,167,326
1787768739.887,0,348,84,-,86,60,0,0,0,0,9501,1710,93,0,17399,32739,-,-,-,0,90,300
1787768740.899,#,gpu,pwr,gtemp,mtemp,sm,mem,enc,dec,jpg,ofa,mclk,pclk,pviol,tviol,fb,bar1,ccpm,sbecc,dbecc,pci,rxpci,txpci
1787768740.899,#,Idx,W,C,C,%,%,%,%,%,%,MHz,MHz,%,bool,MB,MB,MB,errs,errs,errs,MB/s,MB/s
1787768740.960,0,345,84,-,86,60,0,0,0,0,9501,1680,91,0,17399,32739,-,-,-,0,101,29
1787768742.022,0,343,84,-,89,61,0,0,0,0,9501,1695,93,0,17399,32739,-,-,-,0,187,58
1787768743.087,0,344,84,-,88,61,0,0,0,0,9501,1695,100,0,17399,32739,-,-,-,0,122,305
1787768744.157,0,347,84,-,94,62,0,0,0,0,9501,1635,99,0,17399,32739,-,-,-,0,53,305
1787768745.230,0,346,84,-,87,66,0,0,0,0,9501,1710,83,0,17399,32739,-,-,-,0,198,169
1787768746.305,0,347,84,-,83,65,0,0,0,0,9501,1680,72,0,17399,32739,-,-,-,0,170,135
1787768747.373,0,347,84,-,90,58,0,0,0,0,9501,1680,95,0,17399,32739,-,-,-,0,72,37
1787768748.447,0,347,84,-,94,62,0,0,0,0,9501,1620,95,0,17399,32739,-,-,-,0,158,269
1787768749.509,0,345,84,-,89,56,0,0,0,0,9501,1620,88,0,17399,32739,-,-,-,0,160,55
1787768750.573,0,342,83,-,86,59,0,0,0,0,9501,1695,100,0,17399,32739,-,-,-,0,207,87
1787768751.646,0,347,83,-,88,57,0,0,0,0,9501,1695,93,0,17399,32739,-,-,-,0,190,113
1787768752.718,0,348,84,-,88,59,0,0,0,0,9501,1650,91,0,17399,32739,-,-,-,0,194,48
1787768753.787,0,345,84,-,88,60,0,0,0,0,9501,1740,87,0,17399,32739,-,-,-,0,204,139
1787768754.857,0,344,84,-,94,63,0,0,0,0,9501,1665,89,0,17399,32739,-,-,-,0,47,302
1787768755.925,0,342,83,-,85,58,0,0,0,0,9501,1695,99,0,17399,32739,-,-,-,0,198,155
1787768756.993,0,332,83,-,87,63,0,0,0,0,9501,1635,94,0,17399,32739,-,-,-,0,165,136
1787768758.059,0,332,84,-,84,66,0,0,0,0,9501,1620,100,0,17399,32739,-,-,-,0,170,39
1787768759.134,0,334,83,-,85,62,0,0,0,0,9501,1650,97,0,17399,32739,-,-,-,0,180,54
1787768760.202,0,332,83,-,87,61,0,0,0,0,9501,1575,83,0,17399,32739,-,-,-,0,169,324
1787768761.274,0,333,83,-,90,60,0,0,0,0,9501,1560,96,0,17399,32739,-,-,-,0,111,30
1787768762.345,0,332,83,-,87,60,0,0,0,0,9501,1710,99,0,17399,32739,-,-,-,0,161,55
1787768763.409,0,332,83,-,85,62,0,0,0,0,9501,1650,91,0,17399,32739,-,-,-,0,160,324
1787768764.479,0,330,83,-,84,61,0,0,0,0,9501,1635,91,0,17399,32739,-,-,-,0,175,220
1787768765.551,0,330,83,-,87,65,0,0,0,0,9501,1635,97,0,17399,32739,-,-,-,0,75,324
1787768766.623,0,328,83,-,80,58,0,0,0,0,9501,1665,100,0,17399,32739,-,-,-,0,195,109
1787768767.695,0,328,83,-,88,59,0,0,0,0,9501,1695,94,0,17399,32739,-,-,-,0,191,218
1787768768.767,0,330,83,-,91,61,0,0,0,0,9501,1680,87,0,17399,32739,-,-,-,0,177,328
1787768769.841,0,331,83,-,92,62,0,0,0,0,9501,1665,93,0,17399,32739,-,-,-,0,69,59
1787768770.917,0,331,83,-,86,60,0,0,0,0,9501,1635,97,0,17399,32739,-,-,-,0,164,317
1787768771.991,0,330,83,-,89,60,0,0,0,0,9501,1620,95,0,17399,32739,-,-,-,0,186,53
1787768773.063,0,331,83,-,94,63,0,0,0,0,9501,1605,100,0,17399,32739,-,-,-,0,157,321
1787768774.138,0,333,83,-,93,63,0,0,0,0,9501,1590,99,0,17399,32739,-,-,-,0,72,33
1787768775.213,0,333,83,-,93,63,0,0,0,0,9501,1560,99,0,17399,32739,-,-,-,0,121,22
1787768776.288,0,336,83,-,89,56,0,0,0,0,9501,1575,99,0,17399,32739,-,-,-,0,118,312
1787768777.357,0,334,83,-,95,64,0,0,0,0,9501,1575,99,0,17399,32739,-,-,-,0,56,337
1787768778.428,0,321,79,-,12,8,0,0,0,0,9501,1905,95,0,17399,32739,-,-,-,0,105,27
1787768779.501,0,269,83,-,100,27,0,0,0,0,9501,1575,62,0,17399,32739,-,-,-,0,7,9132
1787768780.578,0,332,83,-,84,60,0,0,0,0,9501,1710,100,0,17399,32739,-,-,-,0,177,62
1787768781.640,0,346,83,-,84,56,0,0,0,0,9501,1665,82,0,17399,32739,-,-,-,0,158,329
1787768782.709,0,344,84,-,86,56,0,0,0,0,9501,1710,71,0,17399,32739,-,-,-,0,158,114
1787768783.784,0,345,83,-,86,60,0,0,0,0,9501,1665,62,0,17399,32739,-,-,-,0,177,166
1787768784.855,0,310,81,-,79,30,0,0,0,0,9501,1785,65,0,17399,32739,-,-,-,0,59,18
1787768785.931,0,332,83,-,82,66,0,0,0,0,9501,1725,71,0,17399,32739,-,-,-,0,135,320
1787768787.007,0,345,83,-,85,60,0,0,0,0,9501,1695,68,0,17399,32739,-,-,-,0,171,52
1787768788.015,#,gpu,pwr,gtemp,mtemp,sm,mem,enc,dec,jpg,ofa,mclk,pclk,pviol,tviol,fb,bar1,ccpm,sbecc,dbecc,pci,rxpci,txpci
1787768788.052,#,Idx,W,C,C,%,%,%,%,%,%,MHz,MHz,%,bool,MB,MB,MB,errs,errs,errs,MB/s,MB/s
1787768788.077,0,346,84,-,93,61,0,0,0,0,9501,1605,100,0,17399,32739,-,-,-,0,76,311
1787768789.152,0,341,83,-,88,58,0,0,0,0,9501,1710,92,0,17399,32739,-,-,-,0,96,54
1787768790.222,0,346,84,-,93,60,0,0,0,0,9501,1635,89,0,17399,32739,-,-,-,0,172,69
1787768791.300,0,344,84,-,84,56,0,0,0,0,9501,1620,93,0,17399,32739,-,-,-,0,121,301
1787768792.371,0,347,83,-,85,54,0,0,0,0,9501,1650,99,0,17402,32739,-,-,-,0,136,42
1787768793.444,0,345,83,-,86,60,0,0,0,0,9501,1695,89,0,17399,32739,-,-,-,0,227,321
1787768794.510,0,346,83,-,84,56,0,0,0,0,9501,1680,88,0,17399,32739,-,-,-,0,169,302
1787768795.576,0,347,83,-,91,56,0,0,0,0,9501,1695,100,0,17399,32739,-,-,-,0,57,307
1787768796.646,0,346,83,-,93,58,0,0,0,0,9501,1665,99,0,17399,32739,-,-,-,0,56,303
1787768797.716,0,346,83,-,93,59,0,0,0,0,9501,1620,99,0,17399,32739,-,-,-,0,54,38
1787768798.785,0,346,83,-,93,60,0,0,0,0,9501,1605,99,0,17399,32739,-,-,-,0,78,38
1787768799.854,0,347,84,-,87,56,0,0,0,0,9501,1635,99,0,17402,32739,-,-,-,0,184,271
1787768800.928,0,347,84,-,90,58,0,0,0,0,9501,1605,97,0,17402,32739,-,-,-,0,96,307
1787768801.998,0,306,83,-,57,16,0,0,0,0,9501,1650,69,0,17399,32739,-,-,-,0,65,31
1787768803.071,0,333,83,-,88,63,0,0,0,0,9501,1740,100,0,17402,32739,-,-,-,0,180,163
1787768804.141,0,341,84,-,84,58,0,0,0,0,9501,1725,79,0,17399,32739,-,-,-,0,125,39
1787768805.203,0,339,83,-,85,65,0,0,0,0,9501,1755,60,0,17399,32739,-,-,-,0,166,54
1787768806.266,0,313,81,-,9,0,0,0,0,0,9501,1620,52,0,17399,32739,-,-,-,0,166,33
1787768807.332,0,329,85,-,100,27,0,0,0,0,9501,1620,84,0,17399,32739,-,-,-,0,49,40
1787768808.407,0,346,84,-,84,22,0,0,0,0,9501,1635,99,0,17399,32739,-,-,-,0,61,46
1787768809.478,0,340,85,-,100,27,0,0,0,0,9501,1650,88,0,17399,32739,-,-,-,0,49,12
1787768810.548,0,340,84,-,63,14,0,0,0,0,9501,1650,89,0,17399,32739,-,-,-,0,192,100
1787768811.621,0,344,84,-,89,63,0,0,0,0,9501,1710,97,0,17399,32739,-,-,-,0,134,310
1787768812.692,0,347,84,-,88,58,0,0,0,0,9501,1620,70,0,17399,32739,-,-,-,0,196,155
1787768813.768,0,347,84,-,86,71,0,0,0,0,9501,1755,80,0,17399,32739,-,-,-,0,176,146
1787768814.836,0,345,84,-,82,62,0,0,0,0,9501,1635,69,0,17399,32739,-,-,-,0,193,84
1787768815.908,0,342,84,-,88,58,0,0,0,0,9501,1635,84,0,17399,32739,-,-,-,0,107,304
1787768816.970,0,342,83,-,89,59,0,0,0,0,9501,1725,85,0,17399,32739,-,-,-,0,96,108
1787768818.046,0,343,83,-,89,57,0,0,0,0,9501,1725,82,0,17399,32739,-,-,-,0,118,300
1787768819.121,0,347,83,-,92,61,0,0,0,0,9501,1695,100,0,17399,32739,-,-,-,0,164,59
1787768820.194,0,345,84,-,93,61,0,0,0,0,9501,1620,99,0,17399,32739,-,-,-,0,138,57
1787768821.267,0,344,84,-,88,61,0,0,0,0,9501,1605,67,0,17399,32739,-,-,-,0,127,296
1787768822.342,0,348,84,-,93,62,0,0,0,0,9501,1650,88,0,17399,32739,-,-,-,0,120,26
1787768823.416,0,347,84,-,88,59,0,0,0,0,9501,1710,89,0,17399,32739,-,-,-,0,164,319
1787768824.480,0,349,84,-,92,62,0,0,0,0,9501,1665,93,0,17399,32739,-,-,-,0,182,218
1787768825.543,0,342,84,-,81,61,0,0,0,0,9501,1695,69,0,17399,32739,-,-,-,0,71,308
1787768826.608,0,347,84,-,80,61,0,0,0,0,9501,1725,100,0,17399,32739,-,-,-,0,102,293
1787768827.678,0,347,84,-,89,59,0,0,0,0,9501,1620,94,0,17399,32739,-,-,-,0,152,348
1787768828.753,0,348,84,-,88,58,0,0,0,0,9501,1695,99,0,17399,32739,-,-,-,0,181,369
1787768829.826,0,347,84,-,94,63,0,0,0,0,9501,1590,83,0,17399,32739,-,-,-,0,105,299
1787768830.903,0,341,84,-,88,64,0,0,0,0,9501,1710,83,0,17399,32739,-,-,-,0,171,117
1787768831.976,0,343,84,-,81,61,0,0,0,0,9501,1710,83,0,17399,32739,-,-,-,0,46,316
1787768833.050,0,348,84,-,89,59,0,0,0,0,9501,1680,96,0,17399,32739,-,-,-,0,195,92
1787768834.122,0,345,84,-,89,60,0,0,0,0,9501,1740,100,0,17399,32739,-,-,-,0,173,65
1787768835.129,#,gpu,pwr,gtemp,mtemp,sm,mem,enc,dec,jpg,ofa,mclk,pclk,pviol,tviol,fb,bar1,ccpm,sbecc,dbecc,pci,rxpci,txpci
1787768835.129,#,Idx,W,C,C,%,%,%,%,%,%,MHz,MHz,%,bool,MB,MB,MB,errs,errs,errs,MB/s,MB/s
1787768835.190,0,348,83,-,94,62,0,0,0,0,9501,1650,92,0,17399,32739,-,-,-,0,188,100
1787768836.265,0,346,84,-,93,61,0,0,0,0,9501,1635,99,0,17399,32739,-,-,-,0,170,43
1787768837.341,0,345,84,-,95,62,0,0,0,0,9501,1620,100,0,17399,32739,-,-,-,0,96,324
1787768838.404,0,348,83,-,91,59,0,0,0,0,9501,1620,99,0,17399,32739,-,-,-,0,57,307
1787768839.476,0,347,84,-,94,61,0,0,0,0,9501,1590,99,0,17399,32739,-,-,-,0,138,306
1787768840.546,0,348,84,-,93,61,0,0,0,0,9501,1620,99,0,17399,32739,-,-,-,0,175,26
1787768841.612,0,331,83,-,88,57,0,0,0,0,9501,1560,100,0,17399,32739,-,-,-,0,74,26
1787768842.682,0,331,83,-,93,60,0,0,0,0,9501,1575,99,0,17399,32739,-,-,-,0,99,319
1787768843.756,0,332,83,-,94,61,0,0,0,0,9501,1605,99,0,17399,32739,-,-,-,0,169,118
1787768844.832,0,332,83,-,94,61,0,0,0,0,9501,1590,99,0,17399,32739,-,-,-,0,46,317
1787768845.907,0,332,83,-,88,55,0,0,0,0,9501,1590,99,0,17399,32739,-,-,-,0,116,54
1787768846.983,0,333,83,-,94,61,0,0,0,0,9501,1575,99,0,17399,32739,-,-,-,0,103,302
1787768848.056,0,332,83,-,93,60,0,0,0,0,9501,1590,99,0,17399,32739,-,-,-,0,177,21
1787768849.124,0,331,83,-,93,60,0,0,0,0,9501,1620,100,0,17399,32739,-,-,-,0,106,20
1787768850.189,0,333,83,-,94,61,0,0,0,0,9501,1575,99,0,17399,32739,-,-,-,0,139,304
1787768851.252,0,282,81,-,31,2,0,0,0,0,9501,1530,63,0,17399,32739,-,-,-,0,36,12
1787768852.324,0,329,83,-,100,26,0,0,0,0,9501,1590,99,0,17399,32739,-,-,-,0,75,27
1787768853.399,0,333,83,-,60,15,0,0,0,0,9501,1695,84,0,17399,32739,-,-,-,0,187,89
1787768854.464,0,347,84,-,88,62,0,0,0,0,9501,1725,79,0,17399,32739,-,-,-,0,89,68
1787768855.533,0,348,84,-,88,58,0,0,0,0,9501,1620,80,0,17399,32739,-,-,-,0,278,122
1787768856.603,0,307,83,-,71,27,0,0,0,0,9501,1755,100,0,17399,32739,-,-,-,0,42,20
1787768857.679,0,334,83,-,85,58,0,0,0,0,9501,1710,84,0,17399,32739,-,-,-,0,199,123
1787768858.743,0,338,83,-,85,64,0,0,0,0,9501,1770,67,0,17399,32739,-,-,-,0,155,65
1787768859.810,0,345,84,-,86,56,0,0,0,0,9501,1650,74,0,17399,32739,-,-,-,0,175,301
1787768860.880,0,346,83,-,89,57,0,0,0,0,9501,1680,81,0,17399,32739,-,-,-,0,175,65
1787768861.957,0,347,84,-,94,61,0,0,0,0,9501,1605,97,0,17399,32739,-,-,-,0,56,310
1787768863.032,0,348,84,-,94,62,0,0,0,0,9501,1620,99,0,17399,32739,-,-,-,0,128,313
1787768864.107,0,347,84,-,95,62,0,0,0,0,9501,1605,100,0,17399,32739,-,-,-,0,105,30
1787768865.180,0,256,83,-,100,27,0,0,0,0,9501,1620,32,0,17399,32739,-,-,-,0,58,13
1787768866.254,0,340,81,-,70,20,0,0,0,0,9501,1650,100,0,17399,32739,-,-,-,0,49,49
1787768867.326,0,332,83,-,90,59,0,0,0,0,9501,1620,87,0,17399,32739,-,-,-,0,105,25
1787768868.401,0,346,84,-,82,59,0,0,0,0,9501,1680,93,0,17399,32739,-,-,-,0,157,329
1787768869.474,0,345,84,-,93,63,0,0,0,0,9501,1620,75,0,17399,32739,-,-,-,0,201,54
1787768870.542,0,341,83,-,89,57,0,0,0,0,9501,1680,91,0,17399,32739,-,-,-,0,74,68
1787768871.617,0,343,83,-,85,60,0,0,0,0,9501,1725,100,0,17399,32739,-,-,-,0,184,51
1787768872.690,0,344,84,-,87,55,0,0,0,0,9501,1695,76,0,17399,32739,-,-,-,0,104,300
1787768873.753,0,348,84,-,94,62,0,0,0,0,9501,1605,97,0,17399,32739,-,-,-,0,75,35
1787768874.831,0,347,84,-,93,64,0,0,0,0,9501,1605,99,0,17399,32739,-,-,-,0,109,308
1787768875.907,0,347,84,-,89,58,0,0,0,0,9501,1605,99,0,17399,32739,-,-,-,0,70,361
1787768876.974,0,310,84,-,100,26,0,0,0,0,9501,1635,72,0,17399,32739,-,-,-,0,59,27
1787768878.044,0,340,84,-,100,26,0,0,0,0,9501,1635,89,0,17399,32739,-,-,-,0,171,328
1787768879.120,0,345,83,-,83,64,0,0,0,0,9501,1740,100,0,17399,32739,-,-,-,0,183,49
1787768880.195,0,343,84,-,82,57,0,0,0,0,9501,1680,72,0,17399,32739,-,-,-,0,182,48
1787768881.265,0,345,84,-,83,55,0,0,0,0,9501,1605,74,0,17399,32739,-,-,-,0,137,319
1787768882.274,#,gpu,pwr,gtemp,mtemp,sm,mem,enc,dec,jpg,ofa,mclk,pclk,pviol,tviol,fb,bar1,ccpm,sbecc,dbecc,pci,rxpci,txpci
1787768882.274,#,Idx,W,C,C,%,%,%,%,%,%,MHz,MHz,%,bool,MB,MB,MB,errs,errs,errs,MB/s,MB/s
1787768882.336,0,336,83,-,86,59,0,0,0,0,9501,1680,87,0,17399,32739,-,-,-,0,182,171
1787768883.400,0,343,84,-,81,57,0,0,0,0,9501,1740,55,0,17399,32739,-,-,-,0,83,23
1787768884.461,0,344,83,-,83,56,0,0,0,0,9501,1650,82,0,17402,32739,-,-,-,0,214,155
1787768885.532,0,339,83,-,82,60,0,0,0,0,9501,1665,80,0,17399,32739,-,-,-,0,0,4
1787768886.596,0,169,76,-,1,0,0,0,0,0,9501,1920,7,0,17399,32739,-,-,-,0,151,0
1787768887.664,0,122,73,-,3,0,0,0,0,0,5001,390,0,0,17397,32739,-,-,-,0,0,2
1787768888.733,0,92,71,-,2,0,0,0,0,0,5001,255,6,0,17397,32739,-,-,-,0,0,0
1787768889.810,0,90,71,-,3,0,0,0,0,0,5001,240,99,0,17397,32739,-,-,-,0,12,0
1787768890.884,0,90,70,-,4,0,0,0,0,0,5001,240,99,0,17397,32739,-,-,-,0,1,1
1787768891.956,0,67,68,-,4,1,0,0,0,0,810,210,53,0,17397,32739,-,-,-,0,4,0
1787768893.026,0,43,67,-,7,2,0,0,0,0,810,210,0,0,17399,32739,-,-,-,0,0,2
1787768894.094,0,36,66,-,5,2,0,0,0,0,405,210,0,0,17397,32739,-,-,-,0,0,0
1787768895.168,0,35,66,-,7,2,0,0,0,0,405,210,0,0,17397,32739,-,-,-,0,0,2
1787768896.231,0,35,65,-,5,1,0,0,0,0,405,210,0,0,17397,32739,-,-,-,0,0,0
1787768897.304,0,34,65,-,6,2,0,0,0,0,405,210,0,0,17399,32739,-,-,-,0,8,0
1787768898.381,0,34,64,-,6,2,0,0,0,0,405,210,0,0,17397,32739,-,-,-,0,1,0
1787768899.456,0,34,64,-,6,2,0,0,0,0,405,210,0,0,17397,32739,-,-,-,0,8,0
1787768900.526,0,34,64,-,6,2,0,0,0,0,405,210,0,0,17399,32739,-,-,-,0,0,2
1787768901.599,0,34,63,-,6,2,0,0,0,0,405,210,0,0,17399,32739,-,-,-,0,94,5
1787768902.672,0,33,63,-,5,2,0,0,0,0,405,210,0,0,17397,32739,-,-,-,0,1,1
1787768903.746,0,33,63,-,5,2,0,0,0,0,405,210,0,0,17397,32739,-,-,-,0,0,0
1787768904.816,0,32,63,-,4,1,0,0,0,0,405,210,0,0,17397,32739,-,-,-,0,7,0
1787768905.883,0,33,62,-,7,2,0,0,0,0,405,210,0,0,17397,32739,-,-,-,0,4,1
1787768906.952,0,33,62,-,5,1,0,0,0,0,405,210,0,0,17397,32739,-,-,-,0,4,0
1787768908.025,0,32,62,-,7,2,0,0,0,0,405,210,0,0,17397,32739,-,-,-,0,0,1
1787768909.092,0,32,62,-,5,1,0,0,0,0,405,210,0,0,17397,32739,-,-,-,0,7,1
1787768910.166,0,32,61,-,7,1,0,0,0,0,405,210,0,0,17397,32739,-,-,-,0,0,1
1787768911.234,0,32,61,-,7,2,0,0,0,0,405,210,0,0,17397,32739,-,-,-,0,0,0
1787768912.305,0,32,61,-,5,1,0,0,0,0,405,210,0,0,17397,32739,-,-,-,0,0,1
1787768913.377,0,32,61,-,6,1,0,0,0,0,405,210,0,0,17397,32739,-,-,-,0,0,0
1787768914.450,0,32,61,-,9,4,0,0,0,0,405,210,0,0,17397,32739,-,-,-,0,7,0
1787768915.523,0,31,60,-,3,1,0,0,0,0,405,210,0,0,17397,32739,-,-,-,0,0,0
1787768916.593,0,31,60,-,5,1,0,0,0,0,405,210,0,0,17397,32739,-,-,-,0,0,8
1787768917.659,0,31,60,-,6,2,0,0,0,0,405,210,0,0,17397,32739,-,-,-,0,136,1
1787768918.722,0,30,60,-,6,2,0,0,0,0,405,210,0,0,17397,32739,-,-,-,0,3,0
1787768919.795,0,30,60,-,6,2,0,0,0,0,405,210,0,0,17397,32739,-,-,-,0,0,1
1787768920.869,0,31,60,-,4,1,0,0,0,0,405,210,0,0,17397,32739,-,-,-,0,0,0
1787768921.941,0,30,59,-,7,2,0,0,0,0,405,210,0,0,17394,32739,-,-,-,0,0,1
1787768923.013,0,31,59,-,7,2,0,0,0,0,405,210,0,0,17394,32739,-,-,-,0,0,0
1787768924.082,0,30,59,-,5,2,0,0,0,0,405,210,0,0,17394,32739,-,-,-,0,3,1
1787768925.156,0,30,59,-,4,1,0,0,0,0,405,210,0,0,17394,32739,-,-,-,0,0,1
1787768926.228,0,30,59,-,5,1,0,0,0,0,405,210,0,0,17394,32739,-,-,-,0,6,1
