t,cpu_pct,priv_pct,user_pct,ctxsw_s,syscalls_s,runq,avail_mb,pagefaults_s,pagesin_s,committed_bytes,disk_bytes_s,disk_qlen,interrupts_s
1787790820.016,10.93,7.75,2.25,21085.78,195771.33,2.00,2964.00,15658.45,0.00,53663617024.00,101508.34,0.00,13241.62
1787790823.08,8.66,7.23,2.39,31295.11,251267.24,0.00,2967.00,13405.86,0.00,53655662592.00,133160.13,0.01,18679.91
1787790826.126,11.14,8.01,2.46,20959.92,181652.63,0.00,2968.00,19676.18,0.00,53656940544.00,634054.79,0.01,12600.53
1787790829.159,8.27,6.46,2.62,26640.44,183330.34,2.00,2972.00,22229.92,0.98,53607993344.00,112959.89,0.00,18212.34
1787790832.195,7.50,6.72,1.16,21118.44,150240.96,0.00,2980.00,12356.78,0.00,53602402304.00,226548.63,0.00,14332.71
1787790835.235,6.45,6.13,0.70,17229.25,124764.76,1.00,2984.00,13237.22,13.91,53598396416.00,93622.51,0.00,11200.11
1787790838.27,8.03,6.16,0.92,23796.88,126563.41,0.00,2977.00,12053.10,0.00,53601046528.00,84730.23,0.00,17725.03
1787790841.32,7.35,6.46,0.92,24125.05,160287.67,0.00,2981.00,19435.76,0.00,53610033152.00,16137.21,0.00,16881.53
1787790844.36,20.38,13.82,6.53,23027.46,157561.81,1.00,2969.00,22732.71,19.65,53616099328.00,132806.08,0.00,16404.31
1787790847.41,8.38,7.35,1.69,20915.16,135694.99,2.00,2980.00,20044.15,16.67,53643018240.00,88388.45,0.00,14425.55
1787790850.454,14.21,9.60,5.22,45358.17,187290.94,0.00,2971.00,40926.36,0.00,53632458752.00,293954.11,0.01,38101.71
1787790853.501,6.54,6.08,1.23,24394.80,156491.36,0.00,2983.00,11987.11,0.00,53626757120.00,96826.69,0.00,16034.10
1787790856.551,7.71,6.32,1.31,17073.30,121920.29,0.00,2995.00,11945.19,0.00,53600931840.00,24245.55,0.00,11056.04
1787790859.601,6.85,5.76,0.54,18291.08,115557.01,0.00,3010.00,11894.46,0.00,53570220032.00,28194.28,0.00,12157.78
1787790862.645,6.84,6.04,1.01,15963.25,120074.11,0.00,3013.00,5049.94,0.00,53563142144.00,576262.22,0.01,9889.54
1787790865.684,11.15,7.89,2.48,18421.59,145341.20,1.00,3009.00,11966.41,16.84,53562970112.00,93314.41,0.00,11657.99
1787790868.728,6.77,6.05,0.93,21151.24,138125.07,0.00,3005.00,19861.25,0.00,53566111744.00,130162.70,0.00,14591.33
1787790871.764,12.42,8.02,3.24,24523.83,136293.43,0.00,3004.00,13771.02,0.00,53565050880.00,24264.17,0.00,17888.26
1787790874.805,7.23,5.94,1.16,16461.55,142839.87,0.00,3013.00,12545.89,0.00,53569851392.00,121350.69,0.00,9600.51
1787790877.842,9.10,6.56,2.24,19253.10,119635.58,0.00,2990.00,11841.15,0.00,53578801152.00,8093.67,0.00,13002.96
1787790880.881,8.22,7.01,1.31,22737.16,174172.05,0.00,2983.00,13605.84,0.00,53588062208.00,209873.57,0.01,15748.27
1787790883.93,8.77,6.49,2.70,54865.39,176291.98,1.00,2982.00,14717.96,0.00,53585035264.00,158025.61,0.04,47061.86
1787790886.965,7.53,6.33,1.62,19996.24,151406.74,0.00,3028.00,11854.75,0.00,53544345600.00,16180.29,0.00,12877.51
1787790890.002,8.02,6.47,1.69,24367.85,164219.07,0.00,3033.00,19463.72,0.00,53543862272.00,44405.16,0.00,16876.41
1787790893.04,6.87,6.25,1.00,17485.51,164906.40,0.00,3037.00,12758.57,0.00,53537771520.00,32363.60,0.00,10504.77
1787790896.076,15.60,10.03,4.32,19604.57,153703.16,0.00,3035.00,13962.52,0.00,53538041856.00,194030.44,0.00,12042.50
1787790899.127,8.77,7.36,2.61,20218.48,138341.96,0.00,3032.00,10057.72,0.98,53534167040.00,24117.33,0.00,13964.59
1787790902.167,7.98,6.47,1.70,21763.49,138503.12,0.00,3037.00,13817.65,0.00,53537460224.00,687054.25,0.01,15131.50
1787790905.215,9.37,7.08,2.23,23386.27,155155.68,0.00,3013.00,12102.19,0.00,53554954240.00,169361.69,0.01,16065.83
1787790908.258,7.32,6.06,0.92,15936.62,131961.92,0.00,3016.00,13660.94,0.00,53566877696.00,647136.84,0.00,9466.45
1787790911.297,8.72,7.59,1.78,27812.49,201605.41,0.00,2986.00,20425.02,0.00,53590507520.00,93317.17,0.00,20025.03
1787790914.325,11.48,7.92,2.02,31901.87,152324.51,0.00,2983.00,12410.21,0.00,53591937024.00,0.00,0.00,25078.78
1787790917.36,6.67,6.17,1.31,26858.86,152405.24,0.00,2995.00,19205.04,0.00,53579849728.00,40373.55,0.00,19795.13
1787790920.409,7.03,6.11,1.31,24054.64,166304.40,0.00,2999.00,12156.89,0.00,53572829184.00,40513.08,0.00,16479.56
1787790923.471,7.03,6.08,1.46,25199.49,149417.07,0.00,3020.00,11918.14,24.62,53552394240.00,112964.30,0.00,18011.08
1787790926.509,10.58,8.34,2.08,33020.41,170983.40,1.00,3016.00,12094.99,0.00,53552611328.00,16203.13,0.00,25829.48
1787790929.541,10.47,8.13,1.70,18056.59,133184.20,0.00,3021.00,11893.73,0.00,53549674496.00,32466.99,0.00,10770.21
1787790932.582,9.20,7.76,1.31,21342.58,129201.44,0.00,3017.00,19251.17,0.00,53550477312.00,128818.15,0.00,14499.96
1787790935.615,7.21,6.17,0.93,21840.29,116355.12,0.00,3016.00,12037.04,0.00,53553590272.00,32359.49,0.00,15595.70
1787790938.668,8.96,6.99,1.23,22151.43,152826.90,0.00,3015.00,19443.57,0.00,53553516544.00,0.00,0.00,15754.05
1787790941.699,11.59,8.42,1.85,22215.87,156496.41,0.00,3016.00,12651.16,0.00,53555896320.00,153826.04,0.00,15539.40
1787790944.745,12.67,8.87,3.55,50853.73,131304.78,0.00,3000.00,36222.86,0.00,53565444096.00,270856.69,0.00,44266.63
1787790947.78,7.30,6.10,1.31,18193.80,140138.51,0.00,3018.00,11847.33,0.00,53550612480.00,24305.87,0.00,11850.94
1787790950.824,11.43,7.59,3.14,17265.50,147431.97,1.00,3012.00,12293.27,0.00,53550002176.00,72306.21,0.00,10840.84
1787790953.861,7.75,6.41,0.93,31668.15,118353.70,0.00,3012.00,11784.85,0.00,53548687360.00,8098.44,0.00,25199.14
1787790956.899,7.60,6.47,0.92,18990.58,137526.08,0.00,3021.00,11859.76,0.00,53558886400.00,40353.51,0.00,12351.53
1787790959.935,8.61,6.71,1.93,17050.67,134478.48,0.00,3021.00,19322.05,0.00,53557141504.00,84908.84,0.00,11049.60
1787790962.977,10.10,7.01,2.70,23517.51,172625.74,0.00,2996.00,20555.64,23.66,53575262208.00,133272.47,0.00,15931.14
1787790966.016,14.20,8.02,6.10,37458.38,178090.99,0.00,2076.00,139798.22,0.00,54533165056.00,347830.24,0.00,33686.47
1787790969.058,20.91,12.19,8.41,60262.98,199864.81,0.00,2106.00,61926.26,15.79,54543417344.00,105123.11,0.00,63771.07
1787790972.099,14.96,9.24,5.70,58541.29,200741.16,0.00,2101.00,27067.52,32.54,54551334912.00,347309.82,0.00,58067.41
1787790975.137,13.18,6.67,5.59,43524.00,142711.77,0.00,2122.00,25068.06,0.00,54526042112.00,260337.60,0.00,40935.93
1787790978.18,14.61,9.57,5.40,42148.08,163703.43,0.00,2128.00,27170.09,0.00,54519693312.00,24287.35,0.00,38315.95
1787790981.218,13.32,9.91,3.56,71705.04,186987.92,0.00,2042.00,32660.08,0.00,54529187840.00,85279.86,0.00,77186.60
1787790984.275,13.72,8.03,4.97,49418.40,156559.96,0.00,2059.00,24738.08,15.66,54515601408.00,100248.50,0.00,52533.64
1787790987.311,23.12,15.10,7.78,55030.90,162099.15,0.00,2137.00,42203.36,0.00,54518878208.00,72649.30,0.00,50965.46
1787790990.349,15.87,10.29,6.19,55223.36,266742.15,0.00,2110.00,41204.42,458.39,54684229632.00,2120868.67,0.02,56671.34
1787790993.395,13.09,7.65,5.87,44086.97,203152.44,0.00,2104.00,27049.75,0.00,54546132992.00,97192.83,0.00,37201.60
1787790996.433,19.21,11.22,7.92,46060.85,177281.06,0.00,2108.00,27132.72,13.78,54536658944.00,766063.20,0.01,39511.82
1787790999.476,12.85,6.23,6.61,42102.83,184430.02,0.00,2111.00,26503.76,0.00,54535663616.00,52448.05,0.00,35499.07
1787791002.521,18.83,11.23,7.23,68747.92,333888.63,0.00,2104.00,35483.34,16.74,54546747392.00,459846.54,0.00,58364.65
1787791005.554,19.22,8.14,10.31,49582.85,138153.92,0.00,2086.00,62322.21,0.00,54561583104.00,898400.46,0.01,43425.72
1787791008.593,11.89,8.28,4.18,47457.08,211256.28,0.00,2087.00,25491.34,15.85,54588583936.00,109523.64,0.00,47754.36
1787791011.634,15.78,8.68,6.59,48545.94,215573.14,0.00,2092.00,27135.73,0.00,54579523584.00,710534.72,0.01,46126.81
1787791014.675,14.20,8.17,5.16,46612.05,237684.96,0.00,2091.00,26547.36,31.57,54578442240.00,165703.67,0.00,47609.99
1787791017.716,22.17,13.78,9.55,44955.78,185305.68,1.00,2126.00,25977.63,0.00,54550200320.00,32276.75,0.00,42296.41
1787791020.751,13.27,8.92,4.65,48279.75,246927.20,0.00,2116.00,28583.60,0.00,54549286912.00,207412.77,0.01,49304.08
1787791023.795,19.31,10.92,8.31,49689.06,213451.44,0.00,2118.00,34907.22,31.51,54541557760.00,197653.28,0.00,48371.29
1787791026.839,18.34,10.84,7.51,64197.90,269469.56,0.00,2088.00,49909.69,148.55,54583955456.00,756502.53,0.01,61161.05
1787791029.885,16.55,8.51,7.81,47803.08,201331.48,0.00,2062.00,52174.36,0.00,54611116032.00,32428.86,0.00,44260.04
1787791032.928,15.15,8.54,6.23,37633.99,222844.60,0.00,2072.00,26601.64,0.00,54588473344.00,209616.61,0.01,33308.40
1787791035.959,16.58,8.54,6.99,38912.03,239592.07,0.00,2061.00,63121.22,0.00,54609563648.00,183208.98,0.00,33632.15
1787791038.997,13.11,7.50,6.19,34440.46,195541.71,0.00,2080.00,27284.91,0.00,54578806784.00,656809.65,0.01,26989.38
1787791042.024,15.09,7.46,7.00,28570.12,179695.34,0.00,2083.00,26623.34,0.00,54570819584.00,40746.25,0.00,21999.53
1787791045.069,14.49,8.47,6.08,36993.59,240526.33,0.00,2083.00,25904.97,0.00,54576115712.00,24210.55,0.00,34867.93
1787791048.11,13.19,7.89,5.03,34789.70,199372.28,0.00,2081.00,25378.22,0.00,54573273088.00,32452.43,0.00,33674.92
1787791051.15,24.97,15.15,8.73,34836.43,201259.58,1.00,2080.00,33185.94,0.00,54575616000.00,56708.22,0.00,32611.98
1787791054.206,14.37,8.39,6.08,57436.28,214939.68,0.00,2121.00,29587.22,6.90,54527160320.00,133263.77,0.00,57676.36
1787791057.256,19.61,11.85,7.46,50957.43,264711.37,0.00,3146.00,328934.56,37.42,53444911104.00,588948.26,0.01,42720.92
1787791060.296,11.38,7.40,3.54,24374.27,152961.37,1.00,2996.00,12208.36,0.00,53607669760.00,642909.84,0.01,18843.82
1787791063.341,11.62,8.08,4.50,40496.76,215364.79,0.00,2787.00,65076.55,0.00,53823365120.00,398776.43,0.01,31178.63
1787791066.387,13.65,9.52,4.26,60113.25,199728.86,0.00,2616.00,26055.25,15.85,54003597312.00,482943.11,0.02,62460.15
1787791069.421,12.66,9.28,3.79,48759.01,211079.84,0.00,2611.00,25266.54,0.00,53998522368.00,0.00,0.00,51659.11
1787791072.456,13.13,8.36,5.42,54256.61,215596.65,0.00,2277.00,69020.52,0.00,54355726336.00,20306.57,0.00,53583.87
1787791075.496,11.94,8.78,3.70,44594.16,197476.15,0.00,2273.00,25016.50,15.77,54354227200.00,238240.34,0.00,48854.96
1787791078.54,19.00,11.57,6.48,44956.31,178261.38,0.00,2288.00,26393.26,0.00,54356033536.00,48527.35,0.00,42664.77
1787791081.57,16.03,9.86,5.51,54742.44,217155.70,0.00,2576.00,28638.29,0.00,54104961024.00,244422.50,0.01,53298.77
1787791084.611,9.97,6.69,2.92,32061.38,132394.80,0.00,3533.00,59244.22,0.00,53092683776.00,0.00,0.00,27125.56
1787791087.651,13.36,9.10,4.32,58326.60,186516.96,0.00,3208.00,26348.63,0.00,53431271424.00,20222.60,0.00,61055.02
1787791090.693,15.00,9.60,5.42,59413.99,189285.46,0.00,3196.00,49399.57,0.00,53447704576.00,170388.70,0.01,59886.95
1787791093.738,15.50,11.87,3.85,51065.73,208028.48,1.00,3267.00,29996.28,0.00,53333577728.00,109159.21,0.00,55787.95
1787791096.778,12.69,7.78,5.09,42838.99,164939.61,0.00,3269.00,27200.40,0.00,53332287488.00,52497.99,0.00,36793.41
1787791099.815,13.73,8.79,5.17,59381.54,167909.07,0.00,3138.00,274579.53,0.00,53464797184.00,258670.19,0.01,52318.36
1787791102.848,14.10,9.86,4.08,49495.01,205323.18,0.00,3057.00,26074.46,159.83,53577547776.00,653135.19,0.01,54405.30
1787791105.886,11.55,7.49,4.02,51831.12,185198.78,0.00,3177.00,275561.46,135.53,53451825152.00,814451.22,0.01,47930.93
1787791108.932,16.33,11.15,6.69,50844.95,187925.54,1.00,3025.00,21806.58,0.00,53612183552.00,8059.17,0.00,50881.52
1787791111.977,21.88,13.51,6.87,52963.67,195069.75,0.00,3031.00,24092.17,0.00,53613527040.00,198188.16,0.01,56253.15
1787791115.024,18.57,10.97,5.64,49420.78,180978.54,0.00,3016.00,28673.01,0.00,53615104000.00,16196.47,0.00,51164.43
1787791118.062,13.50,9.94,3.78,58542.08,204162.59,1.00,3021.00,25365.64,15.79,53614231552.00,72757.46,0.00,60975.91
1787791121.109,12.97,8.86,4.24,45669.39,152952.89,0.00,3006.00,40049.56,0.00,53612646400.00,8075.37,0.00,42194.37
1787791124.15,19.35,14.08,6.54,47847.06,228719.21,0.00,2308.00,63389.15,0.00,54325035008.00,108966.08,0.00,51080.11
1787791127.194,10.96,8.00,2.77,32691.89,175501.92,0.00,2579.00,51932.08,0.00,54071848960.00,991597.63,0.02,26933.85
1787791130.232,13.52,8.63,4.90,44836.95,185520.93,0.00,2110.00,31809.62,0.00,54574317568.00,69330.39,0.00,46089.60
1787791133.273,17.45,10.80,5.09,37865.84,213483.77,0.00,2110.00,25177.05,0.00,54584897536.00,32372.04,0.00,40389.30
1787791136.321,18.59,11.03,6.33,46904.72,223534.96,0.00,2049.00,31972.94,1727.04,54622572544.00,7000095.84,0.05,46598.36
1787791139.364,13.85,10.24,3.70,40330.54,215218.07,0.00,2058.00,23096.98,15.76,54624854016.00,831357.19,0.00,44680.46
1787791142.398,20.70,14.02,5.81,40319.85,211582.28,0.00,2063.00,32315.18,0.00,54616756224.00,300575.71,0.02,45390.45
1787791145.434,12.60,8.65,4.25,39706.02,211688.02,0.00,2051.00,25579.52,0.00,54622347264.00,8096.57,0.00,43451.70
1787791148.478,12.53,9.89,3.09,44763.91,229479.02,0.00,2058.00,22850.45,0.00,54621499392.00,0.00,0.00,49222.95
1787791151.517,19.94,16.55,3.79,58266.25,192998.15,0.00,2969.00,275065.77,0.00,53591445504.00,441885.19,0.00,52019.09
1787791154.555,15.15,9.87,4.01,57717.65,216000.99,0.00,2805.00,26744.75,0.00,53785890816.00,121278.12,0.00,61286.73
1787791157.593,10.89,7.46,3.23,32218.66,150217.88,2.00,2116.00,131471.17,58.09,54523576320.00,617067.00,0.03,28047.20
1787791160.623,13.78,8.68,5.35,36911.53,207706.11,0.00,1992.00,25673.66,0.00,54679121920.00,44705.41,0.00,38310.74
1787791163.648,11.63,9.57,1.63,24035.82,140757.18,0.00,1858.00,63054.44,19.91,54805577728.00,7012604.42,0.16,16545.98
1787791166.697,18.68,13.15,6.11,57067.41,268940.35,0.00,2261.00,78023.04,8410.39,54540591104.00,35029342.74,0.29,59081.47
1787791169.739,13.79,8.54,5.31,40632.53,185247.10,0.00,2262.00,26632.29,44.36,54539599872.00,1287970.58,0.01,41260.22
1787791172.779,13.15,8.33,4.78,53898.29,178412.72,0.00,2270.00,24562.65,31.58,54527447040.00,602228.89,0.01,55083.81
1787791175.823,23.79,13.34,9.69,50811.04,184887.39,0.00,2271.00,28703.93,32.74,54527758336.00,207256.44,0.00,50276.66
1787791178.858,15.44,8.42,7.18,49077.72,252462.26,0.00,2268.00,51206.25,103.81,54522531840.00,704602.69,0.01,44019.69
1787791181.898,26.92,15.25,10.30,51034.00,168875.17,0.00,2782.00,251913.48,0.00,53824319488.00,1701355.51,0.01,43767.22
1787791184.947,15.53,10.87,4.62,51105.65,233741.00,0.00,2353.00,32345.26,0.00,54316216320.00,117076.50,0.00,57653.56
1787791187.998,9.39,7.06,2.15,42153.32,158968.03,0.00,3879.00,12099.53,0.00,52723781632.00,32194.66,0.00,36626.47
1787791191.039,15.44,10.44,5.03,36615.13,156665.03,0.00,3372.00,96057.54,0.00,53251231744.00,295977.72,0.00,35440.83
1787791194.072,15.33,9.12,6.10,58019.99,181290.69,0.00,3364.00,56428.00,1235.79,53269848064.00,5605379.79,0.03,49778.07
1787791197.102,13.06,7.37,6.05,37834.36,166326.01,0.00,3378.00,27550.73,1.99,53250650112.00,256195.02,0.01,30756.46
1787791200.146,17.84,9.46,8.00,45147.20,173430.15,0.00,3378.00,30064.65,0.00,53252722688.00,48405.98,0.00,38472.14
1787791203.189,14.94,10.95,4.24,52639.60,138081.89,0.00,3248.00,320697.16,0.00,53361942528.00,1971898.85,0.02,47542.05
1787791206.239,18.42,9.69,8.61,44907.02,262972.41,0.00,3173.00,32650.52,1551.74,53574782976.00,6560978.36,0.05,49191.40
1787791209.277,12.08,7.26,4.79,52584.81,200070.57,0.00,2447.00,171277.52,228.50,54325260288.00,1871876.85,0.01,47015.92
1787791212.325,13.98,8.61,4.92,46607.80,224024.35,0.00,2338.00,33209.32,0.00,54283591680.00,1104618.94,0.01,45977.69
1787791215.366,18.82,13.76,4.95,47027.97,209706.60,0.00,2350.00,28056.98,15.84,54279475200.00,154104.50,0.00,47783.69
1787791218.414,16.22,9.81,7.36,47443.12,178119.49,0.00,2352.00,26396.87,28.46,54267301888.00,602863.54,0.03,42280.82
1787791221.462,17.01,7.94,8.56,46844.60,242082.44,0.00,2347.00,54362.48,372.14,54264365056.00,2362762.17,0.02,38434.21
1787791224.503,13.85,8.55,5.39,40080.00,218937.09,0.00,2618.00,105574.88,0.00,54000369664.00,121219.58,0.00,38102.85
1787791227.546,12.54,7.69,4.85,55657.37,238352.41,2.00,2624.00,25341.77,0.00,53989142528.00,48391.55,0.00,58278.26
1787791230.586,11.08,8.00,4.04,36516.09,228399.35,0.00,3162.00,38245.57,15.91,53426663424.00,134428.38,0.00,28159.69
1787791233.635,15.75,8.56,6.55,59264.69,257003.73,0.00,2697.00,28395.59,0.00,53923696640.00,674895.40,0.01,58990.26
1787791236.682,19.16,12.92,6.46,55753.23,228801.13,0.00,2711.00,25046.51,26.59,53901795328.00,1504472.58,0.01,58414.20
1787791239.718,13.31,7.95,5.71,60056.89,226134.58,0.00,2696.00,26004.56,0.00,53908172800.00,56652.44,0.00,62734.52
1787791242.775,15.78,10.73,5.40,57128.30,340929.52,0.00,2690.00,24903.32,0.00,53912301568.00,1080885.44,0.01,54168.02
1787791245.818,23.22,13.83,10.84,45871.14,210274.97,0.00,2694.00,28556.67,0.00,53912825856.00,1305870.80,0.01,39465.17
1787791248.853,13.52,7.30,6.68,42938.55,184048.20,0.00,2695.00,27477.65,0.00,53912436736.00,12210.52,0.00,36218.53
1787791251.9,10.67,7.54,3.96,49586.19,193432.27,0.00,3462.00,146000.70,1.99,53123227648.00,52919.50,0.00,41922.60
1787791254.941,13.93,8.82,5.19,52567.70,229414.34,0.00,3271.00,29693.17,0.00,53294927872.00,4060.06,0.00,54530.15
1787791257.991,14.30,9.30,5.07,41207.75,270951.48,0.00,3818.00,49206.83,53.14,52751290368.00,874627.18,0.01,32122.36
1787791261.037,12.91,8.09,4.24,36841.32,174616.05,0.00,3506.00,62814.62,15.76,53058207744.00,108928.32,0.00,31394.56
1787791264.076,13.06,8.40,4.55,50196.74,255598.50,0.00,3340.00,23518.69,31.55,53226704896.00,767396.99,0.01,52294.55
1787791267.116,13.36,8.56,4.86,56442.77,233545.54,4.00,3348.00,26526.16,0.00,53223550976.00,113266.76,0.00,54089.35
1787791270.161,17.76,10.02,7.40,44354.04,204116.61,0.00,3318.00,52342.27,31.57,53247111168.00,137393.16,0.00,40423.04
1787791273.2,14.49,7.58,6.42,46418.74,212148.42,0.00,3328.00,26788.62,0.00,53231136768.00,73069.60,0.01,37557.24
1787791276.247,14.01,7.75,6.07,46364.05,182108.20,0.00,3301.00,40985.82,0.00,53673181184.00,442758.46,0.01,40388.45
1787791279.29,12.05,8.24,4.66,60392.34,213218.38,1.00,3330.00,24257.80,0.00,53242400768.00,20371.50,0.00,62169.59
1787791282.336,10.09,6.71,3.70,32033.01,182570.60,0.00,4024.00,22368.00,0.00,52514430976.00,56635.05,0.00,25632.02
1787791285.375,11.14,6.30,4.30,31511.74,193831.46,0.00,4013.00,22488.03,0.00,52526395392.00,128826.52,0.00,24689.49
1787791288.414,11.31,7.68,4.11,39052.68,194645.73,0.00,3464.00,114416.24,0.00,53100158976.00,187106.50,0.01,37573.21
1787791291.463,12.78,8.28,4.53,53030.17,209727.41,0.00,3460.00,21781.04,0.98,53099847680.00,72375.72,0.00,55914.36
1787791294.506,21.69,13.50,9.43,49509.60,218372.75,0.00,3473.00,25438.08,0.00,53082497024.00,92552.84,0.00,49372.79
1787791297.544,14.53,8.26,6.64,47284.91,207556.34,0.00,3480.00,38008.38,0.00,53066608640.00,117386.12,0.00,38839.26
1787791300.585,15.97,8.16,7.86,54558.93,218500.76,0.00,3464.00,50602.33,0.00,53078769664.00,60531.27,0.00,46693.33
1787791303.624,18.46,10.18,8.56,44228.56,218380.80,0.00,3468.00,33560.88,0.00,53075759104.00,52600.50,0.00,35502.59
1787791306.677,19.05,14.54,5.20,48097.42,209965.22,0.00,2965.00,69090.51,0.98,53603946496.00,1215671.71,0.02,50925.14
1787791309.722,21.24,15.07,5.49,30072.66,168519.47,0.00,2709.00,26993.89,0.00,53876039680.00,469911.71,0.00,23199.76
1787791312.765,10.89,8.01,3.00,39304.34,163327.94,0.00,2075.00,231492.19,47.30,54593601536.00,916232.85,0.01,34438.13
1787791315.812,13.93,8.44,5.22,38790.28,225991.77,0.00,2243.00,23792.07,15.70,54914076672.00,84402.13,0.00,40188.78
1787791318.854,12.34,8.03,4.71,34406.63,176394.62,0.00,2238.00,35450.30,15.81,54922838016.00,93108.31,0.00,33892.42
1787791321.894,17.36,10.62,7.93,29728.58,167593.16,0.00,2274.00,27301.34,30.53,54914023424.00,302494.81,0.00,26513.40
1787791324.931,14.38,10.17,4.24,43722.55,183784.28,0.00,2367.00,31895.99,0.00,54755803136.00,254615.35,0.00,47629.82
1787791327.979,12.63,8.74,3.53,38954.65,157844.51,0.00,2966.00,221022.75,0.00,54117806080.00,506572.39,0.01,34574.50
1787791331.018,10.22,6.99,3.15,31046.02,152447.80,0.00,2773.00,22274.11,0.00,54319595520.00,44327.84,0.00,25621.29
1787791334.064,9.72,6.53,2.99,28749.32,146504.19,0.00,2939.00,12324.65,15.72,53798461440.00,708459.35,0.02,22981.56
1787791337.112,20.35,12.95,7.05,57285.78,198913.78,0.00,2573.00,26787.70,0.00,54175694848.00,144625.34,0.01,60521.01
1787791340.151,14.99,8.48,6.24,44957.20,208324.18,0.00,2577.00,27683.13,0.00,54185054208.00,165739.54,0.00,45440.38
1787791343.193,13.44,7.55,6.01,56880.09,209893.07,0.00,2585.00,26081.42,0.00,54170746880.00,48476.24,0.00,53068.49
1787791346.233,16.02,8.37,6.66,45323.06,140777.78,0.00,2588.00,34032.96,31.73,54148550656.00,129979.54,0.00,38869.97
1787791349.28,18.35,14.78,3.54,40514.72,165717.07,0.00,2929.00,62998.19,0.00,53816496128.00,326439.79,0.01,42848.17
1787791352.33,15.57,9.25,5.74,50973.50,205523.56,1.00,2926.00,40865.32,14.68,53848342528.00,965624.94,0.01,54570.81
1787791355.372,12.22,8.04,4.72,41306.21,190056.90,0.00,2100.00,101287.70,15.84,54700888064.00,133837.00,0.00,41046.60
1787791358.409,20.88,13.32,6.77,48890.36,239415.05,0.00,2100.00,25712.99,30.55,54698291200.00,310810.68,0.00,49479.40
1787791361.446,11.49,7.70,3.93,44567.98,211093.70,0.00,2090.00,26546.02,0.00,54728904704.00,80745.95,0.00,47655.68
1787791364.491,12.01,7.65,4.79,42387.32,159856.96,0.00,2171.00,27249.63,0.00,54593986560.00,700678.70,0.00,40990.02
1787791367.533,20.16,9.44,8.90,41059.50,187241.27,0.00,2169.00,34997.52,15.84,54584610816.00,121675.39,0.00,33968.16
1787791370.577,19.58,11.11,8.34,52941.20,194017.56,0.00,2166.00,26066.83,0.00,54591492096.00,64777.62,0.00,49788.57
1787791373.616,15.46,9.29,5.45,40836.44,163542.37,0.00,2176.00,26367.78,0.00,54592446464.00,72474.05,0.00,38970.78
1787791376.654,21.16,12.86,7.36,44336.40,185450.80,0.00,2170.00,24442.50,15.86,54595178496.00,129889.59,0.00,48971.58
1787791379.704,17.96,9.75,7.98,37055.66,139689.47,0.00,2176.00,27050.18,15.73,54572249088.00,96618.73,0.00,30325.64
1787791382.734,14.64,9.36,3.79,42090.00,193643.10,0.00,2219.00,61603.50,0.00,54538780672.00,8109.92,0.00,42432.43
1787791385.771,13.90,10.09,4.35,49167.24,159682.75,0.00,3006.00,204125.99,15.90,53715918848.00,317404.37,0.00,50633.66
1787791388.809,17.11,8.79,7.46,47570.03,213129.74,0.00,2805.00,60036.72,0.00,53909430272.00,146734.30,0.01,39978.53
1787791391.853,13.47,8.80,5.02,45193.83,211468.24,0.00,2335.00,25505.99,0.00,54402994176.00,242761.75,0.00,49727.03
1787791394.895,12.38,6.86,5.79,50990.69,160989.22,0.00,2359.00,26736.00,15.79,54374760448.00,800144.28,0.15,45471.66
1787791397.947,16.10,7.54,8.07,45768.32,249551.79,0.00,2341.00,47073.60,2197.12,54396174336.00,8642051.55,0.10,35890.49
1787791400.994,15.65,7.76,7.53,53854.33,247010.84,0.00,2348.00,50563.57,221.15,54391701504.00,1329579.16,0.01,43360.15
1787791404.038,12.99,7.15,5.76,49329.30,169064.37,0.00,2343.00,26497.13,0.00,54387589120.00,290236.29,0.00,43179.18
1787791407.081,13.07,7.48,6.09,50805.87,148510.23,0.00,2347.00,26783.90,0.00,54391279616.00,24267.85,0.00,44876.65
1787791410.13,14.89,10.89,5.14,45734.67,202057.26,0.00,2853.00,30705.35,0.00,53859028992.00,393920.28,0.02,50505.42
1787791413.17,14.08,8.74,5.26,55196.80,207525.52,0.00,2462.00,245291.08,0.00,54282776576.00,226957.45,0.00,54636.99
1787791416.211,12.55,8.54,4.00,44355.95,213827.75,0.00,2041.00,25301.66,15.76,54766665728.00,84705.86,0.00,50630.44
1787791419.262,14.84,9.28,5.06,47033.42,187374.53,0.00,2045.00,26355.45,31.43,54761947136.00,225268.59,0.00,45728.42
1787791422.303,15.72,10.52,5.57,61429.18,292169.88,1.00,2109.00,66124.11,47.53,54633271296.00,596260.77,0.01,60679.61
1787791425.336,16.52,10.54,6.43,49258.51,172666.86,0.00,2112.00,25977.31,0.00,54630813696.00,24395.98,0.00,47270.60
1787791428.375,18.21,11.78,6.08,58946.44,181454.59,0.00,2121.00,25737.11,15.78,54627864576.00,105023.33,0.00,61018.11
1787791431.41,11.85,7.04,5.18,46660.38,152481.43,0.00,2142.00,34869.41,47.48,54611607552.00,490292.65,0.01,41780.79
1787791434.467,12.88,8.77,4.16,61936.56,211651.13,0.00,2594.00,26825.16,15.76,54149201920.00,193599.64,0.00,66466.53
1787791437.513,12.36,8.42,3.56,54271.23,148720.08,0.00,2802.00,233541.94,0.00,53934120960.00,421604.33,0.01,50155.71
1787791440.561,13.68,8.32,5.01,50853.63,193776.12,0.00,2318.00,65543.06,0.00,54444744704.00,294980.25,0.01,53578.50
1787791443.602,15.69,9.37,6.14,47891.41,207179.74,0.00,2339.00,52043.44,5656.32,54467788800.00,23244292.29,0.05,51395.69
1787791446.651,14.13,8.61,5.15,57659.12,218355.42,0.00,2333.00,22998.10,90.56,54448693248.00,1225630.66,0.01,62196.25
1787791449.694,24.16,13.47,10.83,67736.66,404638.43,0.00,2322.00,97480.94,83.18,54459281408.00,713894.34,0.00,65958.92
1787791452.732,12.85,8.30,4.38,51044.77,210761.28,0.00,2370.00,31395.52,14.75,54355218432.00,910371.80,0.01,55177.40
1787791455.775,13.41,8.81,4.94,47011.21,190361.22,0.00,2381.00,22695.27,0.00,54330851328.00,48572.59,0.00,50594.20
1787791458.81,17.06,10.34,5.48,51461.62,229362.27,0.00,2385.00,28140.48,0.00,54336626688.00,48560.93,0.00,55214.84
1787791461.848,14.72,9.64,5.32,52956.36,264545.90,0.00,2381.00,55763.49,16.78,54342123520.00,226401.96,0.00,54096.16
1787791464.89,20.24,13.33,6.47,51639.81,230721.41,0.00,2383.00,23948.07,78.94,54336905216.00,424375.13,0.00,53804.07
1787791467.928,13.44,8.79,4.86,57009.35,248495.02,0.00,2380.00,25843.04,15.78,54341484544.00,169681.69,0.00,59422.13
1787791470.968,15.17,9.71,4.89,54270.02,230594.15,0.00,2385.00,24416.59,0.00,54333480960.00,138445.17,0.01,55689.19
1787791474.015,16.96,9.83,5.80,45744.92,227924.53,0.00,2372.00,31348.82,0.00,54354763776.00,56780.38,0.00,45023.22
1787791477.062,13.72,7.17,6.40,41360.38,209888.39,0.00,2391.00,28077.15,0.00,54325764096.00,24249.66,0.00,34126.38
1787791480.097,20.45,16.41,4.64,45754.42,222802.38,0.00,3204.00,330572.51,0.00,53510029312.00,677420.18,0.01,39783.19
1787791483.14,16.68,9.99,6.61,55289.10,289780.19,1.00,3030.00,22236.28,0.00,53679435776.00,737602.61,0.00,51613.29
1787791486.181,13.47,7.64,5.87,42261.58,197031.77,0.00,2985.00,29779.71,0.99,53725876224.00,32358.05,0.00,41350.30
1787791489.21,13.25,7.53,6.21,43454.81,169600.35,0.00,3000.00,27395.83,10.94,53714423808.00,52957.72,0.00,37815.88
1787791492.25,18.97,14.59,4.09,42651.38,204862.22,0.00,2302.00,98334.07,0.00,54449668096.00,186191.31,0.00,41724.43
1787791495.291,14.46,9.57,4.79,44637.32,261941.27,0.00,3130.00,183890.98,1464.73,53587009536.00,6174254.00,0.12,36620.03
1787791498.334,13.47,8.62,4.54,49046.47,206908.74,0.00,2665.00,63887.45,15.78,54076432384.00,173728.10,0.00,48936.87
1787791501.371,17.58,8.97,7.73,47400.87,189102.71,0.00,2667.00,34093.32,0.00,54073384960.00,32430.61,0.00,40781.70
1787791504.4,20.27,14.43,5.20,32423.19,201379.98,0.00,3334.00,28485.08,32.76,53356392448.00,199242.65,0.00,25971.32
1787791507.449,19.51,13.86,5.21,47584.37,244594.72,0.00,3183.00,22374.19,0.00,53516476416.00,168641.66,0.00,53018.70
1787791510.497,20.35,14.40,6.09,45071.74,241393.73,0.00,2381.00,235211.53,38.47,54370697216.00,653057.81,0.02,37673.20
1787791513.547,20.82,13.47,7.85,62123.80,239879.84,0.00,3124.00,23547.57,26.58,53574713344.00,165314.35,0.00,65916.67
1787791516.579,14.24,7.73,5.95,52917.32,205198.65,1.00,3127.00,26855.59,45.53,53567692800.00,186503.37,0.00,48852.86
1787791519.629,14.26,8.32,5.78,50436.90,175329.13,3.00,3141.00,27435.11,10.85,53551013888.00,13631.28,0.00,43432.35
1787791522.664,15.47,9.64,5.94,58136.67,259002.33,1.00,2433.00,31893.35,0.00,54318567424.00,84948.85,0.00,61039.67
1787791525.705,11.03,8.06,2.95,58256.34,187659.77,0.00,2996.00,214400.17,0.00,53723144192.00,377727.14,0.02,53051.38
1787791528.732,15.23,9.56,5.13,42736.86,223745.29,0.00,2819.00,23281.61,15.92,53909299200.00,166612.55,0.00,35756.66
1787791531.765,24.56,13.34,9.95,53267.32,422968.57,0.00,2467.00,33798.04,22.71,54274572288.00,1374359.32,0.01,40142.86
1787791534.81,19.88,10.73,7.80,53761.79,183212.92,0.00,2490.00,28645.67,21.74,54255382528.00,101211.68,0.00,45824.79
1787791537.858,28.13,18.35,7.51,47539.16,205969.66,0.00,3352.00,186365.26,0.00,53324378112.00,284275.23,0.01,43221.14
1787791540.899,20.05,12.12,7.07,47566.83,244295.71,0.00,2964.00,269918.18,987.12,53744939008.00,4971619.95,0.03,45192.19
1787791543.948,16.50,9.36,5.64,48873.37,202234.13,0.00,2555.00,28968.85,10.88,54140735488.00,89102.66,0.00,49867.93
1787791546.981,21.86,11.28,8.89,55128.97,276133.45,0.00,2533.00,45512.73,591.43,54158376960.00,2972440.85,0.02,46789.50
1787791550.008,19.33,13.07,5.60,49895.19,215314.50,1.00,2539.00,33183.46,0.00,54155898880.00,146856.14,0.00,54261.75
1787791553.042,20.02,11.98,6.54,47570.29,214749.22,0.00,2541.00,25326.16,0.00,54146813952.00,179410.46,0.00,43394.27
1787791556.087,20.58,11.99,8.12,43903.88,186583.34,0.00,2545.00,26732.36,15.83,54139187200.00,125633.59,0.00,40626.41
1787791559.133,18.80,13.93,4.64,35006.18,200487.58,0.00,2000.00,233721.45,0.00,54728978432.00,12180.20,0.00,31535.27
1787791562.176,18.40,14.00,4.95,41344.45,238980.52,0.00,795.00,110321.46,43.55,56100675584.00,413476.14,0.01,47052.35
1787791565.219,17.67,16.03,1.70,169181.74,267518.63,0.00,826.00,54696.51,8302.25,56085856256.00,141836682.40,0.07,149601.84
1787791568.265,16.12,14.26,1.54,136115.76,278314.19,0.00,934.00,25098.37,3048.24,56100311040.00,190707201.80,0.21,114346.98
1787791571.311,36.53,28.66,7.76,243342.72,683439.63,0.00,860.00,232986.98,9841.06,56212713472.00,182039302.81,0.14,206489.68
1787791574.356,34.94,27.21,7.00,241342.08,645414.05,0.00,945.00,222493.62,8843.24,56262406144.00,268540824.09,0.14,203922.66
1787791577.416,27.00,16.55,10.03,92973.47,568666.50,0.00,1378.00,188346.33,95.07,55832379392.00,853116.88,0.01,65192.07
1787791580.445,27.43,16.18,10.03,76837.91,211483.98,1.00,2340.00,129001.88,1972.68,56303677440.00,8414556.24,0.05,64184.73
1787791583.48,17.26,11.29,4.33,64427.42,236307.79,0.00,2715.00,24456.76,15.84,56321032192.00,162187.15,0.00,70010.99
1787791586.528,16.33,11.05,5.07,52211.05,231660.63,0.00,2902.00,35904.06,1.96,56301129728.00,157939.76,0.01,50676.47
1787791589.58,12.55,7.73,4.72,38872.72,243961.76,0.00,2930.00,25839.95,0.00,56303763456.00,312058.28,0.01,41400.55
1787791592.61,14.41,8.69,5.35,38094.21,219686.03,0.00,2930.00,33969.45,15.89,56299888640.00,166794.13,0.00,39875.26
1787791595.645,17.69,11.49,5.94,64382.50,315859.05,0.00,2904.00,62593.42,366.31,56319774720.00,1699073.33,0.02,65620.69
1787791598.678,13.63,8.24,5.08,41281.89,235169.33,0.00,2923.00,24779.78,0.00,56313348096.00,44421.01,0.00,45177.83
1787791601.715,18.58,11.40,6.13,50943.24,332577.41,1.00,2882.00,58992.03,15.88,56139722752.00,1199052.17,0.03,50639.93
1787791604.75,15.05,6.55,6.86,44565.69,219465.48,0.00,2996.00,32429.54,25.66,54165630976.00,161723.25,0.00,37193.99
1787791607.788,15.74,7.82,7.74,55084.92,185839.87,1.00,2993.00,27403.20,0.00,54165946368.00,40597.34,0.00,48377.10
1787791610.823,21.57,10.35,8.65,39483.99,216237.48,0.00,3005.00,27661.73,15.82,54154072064.00,93146.38,0.00,31385.80
1787791613.884,22.77,15.72,6.37,46522.50,260373.40,0.00,2983.00,238998.81,0.00,54169423872.00,36157.90,0.00,44182.42
1787791616.935,30.98,24.80,5.93,149960.67,302039.17,0.00,2004.00,50563.61,5145.14,55116726272.00,25102720.78,0.02,141766.06
1787791619.971,18.63,16.55,1.93,190028.61,338049.41,1.00,2134.00,50856.09,8419.39,55119585280.00,219800460.45,0.11,170408.98
1787791623.004,19.39,15.95,2.40,178477.18,277010.23,0.00,2132.00,41644.21,6280.23,55122087936.00,236179405.73,0.12,158881.14
1787791626.049,18.68,16.20,2.78,181552.05,342164.30,1.00,2200.00,43963.42,7316.04,55109799936.00,168788180.48,0.09,161312.22
1787791629.086,25.63,18.90,4.42,188282.49,293335.47,1.00,2259.00,100774.39,12756.39,55136710656.00,201123451.18,0.21,167336.20
1787791632.132,20.73,15.25,5.39,60240.36,308380.73,0.00,2452.00,29085.60,222.89,55021985792.00,1361376.86,0.02,55937.98
1787791635.17,14.56,7.77,6.54,49093.34,249556.50,0.00,3163.00,35171.48,19.70,55006851072.00,202691.72,0.01,42293.86
1787791638.21,14.67,7.32,7.47,42804.70,221979.98,0.00,3164.00,27626.34,260.32,55004200960.00,1092518.69,0.01,36161.64
1787791641.245,18.11,9.90,7.11,60024.22,249754.39,0.00,3163.00,32764.12,15.82,55003951104.00,344221.52,0.00,56886.86
1787791644.275,19.32,12.76,6.15,56404.01,251674.01,0.00,3166.00,24201.01,0.00,55000834048.00,12228.38,0.00,58858.32
1787791647.317,16.23,8.74,6.88,46017.19,226020.73,0.00,3183.00,32008.13,252.41,54968172544.00,1124066.66,0.01,39547.40
1787791650.358,14.39,7.03,7.10,51491.68,206955.56,0.00,3193.00,27362.92,0.00,54966349824.00,643338.84,0.00,43598.67
1787791653.404,12.35,7.64,4.48,40930.34,197321.95,0.00,3163.00,63740.31,7.90,55050248192.00,48547.49,0.00,39540.87
1787791656.442,16.75,11.00,6.04,60059.18,220756.09,0.00,4053.00,30433.66,0.00,54221283328.00,556428.70,0.01,62699.13
1787791659.49,11.63,8.11,3.40,40313.57,176956.91,0.00,3380.00,109061.68,275.73,54822760448.00,1530128.74,0.01,35254.36
1787791662.529,20.97,11.89,10.05,57684.27,313126.23,0.00,3289.00,36788.70,24.55,54125785088.00,367042.46,0.00,42658.93
1787791665.566,15.70,7.46,7.61,43194.84,171299.40,1.00,3298.00,27664.81,0.00,54131343360.00,61066.54,0.00,36287.25
1787791668.595,14.84,9.55,5.51,53053.04,226327.40,0.00,2962.00,85594.46,23.84,54496378880.00,109877.57,0.00,52062.26
1787791671.644,14.47,9.60,4.72,46579.16,219934.65,0.00,3900.00,21602.59,0.00,54504660992.00,243378.23,0.00,50806.43
1787791674.679,21.67,15.11,5.27,61725.55,251954.70,0.00,3014.00,34380.28,92.28,55431897088.00,440461.31,0.00,63669.18
1787791677.728,16.67,11.13,5.33,49209.47,186658.42,0.00,3012.00,26540.41,15.83,55429435392.00,283667.54,0.00,52312.86
1787791680.769,16.28,10.36,6.42,61623.05,263148.11,0.00,2996.00,42292.81,3840.94,55440805888.00,16142996.32,0.03,53911.08
1787791683.816,11.77,7.26,3.94,35804.34,159402.35,0.00,3133.00,106627.55,15.81,55295496192.00,76892.69,0.00,30337.98
1787791686.867,14.61,7.76,5.76,55377.09,211836.91,0.00,2957.00,25195.91,0.00,55479865344.00,12089.79,0.00,55933.94
1787791689.916,12.37,8.48,4.08,55348.13,202670.40,0.00,2953.00,40070.94,0.00,55481761792.00,40431.22,0.00,59530.91
1787791692.946,20.48,13.47,5.50,65028.98,228508.31,0.00,3067.00,28314.26,12.89,54330744832.00,430560.75,0.02,63690.56
1787791696.003,12.35,8.31,3.73,50557.66,156335.08,1.00,3092.00,24514.02,0.00,54320836608.00,139940.66,0.00,54773.17
1787791699.04,15.68,10.01,4.89,51513.82,190422.14,0.00,3111.00,22629.19,31.77,54300073984.00,174854.52,0.00,57056.08
1787791702.084,13.12,9.17,4.01,51130.51,169414.47,0.00,3111.00,22212.42,15.79,54297481216.00,101068.72,0.00,54630.44
1787791705.119,14.79,8.81,6.49,55096.84,173205.89,0.00,3116.00,34637.02,0.00,54289424384.00,16212.70,0.00,50588.23
1787791708.151,11.81,9.87,2.72,26994.23,146656.63,0.00,3645.00,20467.72,0.00,53736349696.00,297391.08,0.01,21852.45
1787791711.189,13.49,8.82,4.10,47766.29,171969.35,1.00,3344.00,26384.33,2.97,54072098816.00,401838.55,0.00,53108.34
1787791714.229,18.39,12.28,6.53,43405.22,143904.74,0.00,4272.00,244228.34,206.38,53103144960.00,1163353.55,0.01,40199.25
1787791717.274,14.89,9.11,5.33,51632.72,224720.40,0.00,3949.00,25853.45,31.65,53440638976.00,222836.07,0.00,55827.09
1787791720.309,14.51,6.94,5.63,55792.84,168136.17,0.00,3957.00,26642.90,15.80,53424418816.00,141610.81,0.00,51380.98
1787791723.345,14.55,9.19,5.64,55821.10,226481.70,0.00,3993.00,25637.72,15.83,53386752000.00,340369.53,0.00,50916.26
1787791726.378,16.67,10.58,6.49,43585.69,210618.86,0.00,3669.00,272747.97,439.98,53846765568.00,2193468.74,0.02,38424.79
1787791729.415,17.20,11.12,6.18,48806.44,183618.56,0.00,3197.00,27344.82,0.00,54220304384.00,0.00,0.00,51851.89
1787791732.46,12.81,7.69,3.73,38758.31,152374.20,0.00,3667.00,52417.09,13.91,53718544384.00,284797.11,0.00,34411.99
1787791735.488,17.99,9.16,6.60,36835.56,183115.11,0.00,3175.00,107009.42,31.81,54236143616.00,223951.94,0.00,32908.16
1787791738.534,13.39,8.25,4.86,52822.00,172435.71,0.00,3176.00,23132.51,15.79,54231109632.00,105116.91,0.00,54271.27
1787791741.572,12.65,8.71,5.06,48866.74,187753.53,0.00,3169.00,29276.05,44.79,54243106816.00,1361786.71,0.01,50587.72
1787791744.625,12.45,8.08,3.69,45694.39,135559.67,0.00,3166.00,24665.66,7.88,54245199872.00,121013.96,0.00,50479.43
1787791747.663,20.83,14.39,6.08,50413.87,141006.55,0.00,3169.00,31619.23,0.00,54243692544.00,1597673.05,0.15,53728.25
1787791750.705,14.56,9.56,5.24,58246.43,135939.58,0.00,3151.00,52709.82,15.79,54261293056.00,165709.61,0.00,63691.34
1787791753.753,13.49,9.33,3.16,54435.81,165204.02,0.00,3226.00,33636.51,0.00,54166671360.00,246423.78,0.00,58158.83
1787791756.796,14.00,7.82,4.07,48170.04,133281.60,0.00,3235.00,25799.38,0.00,54159298560.00,84433.27,0.00,50817.35
1787791759.837,12.84,8.19,5.10,37151.93,123661.74,0.00,3252.00,18090.30,141.45,54143758336.00,640136.93,0.01,38309.73
1787791762.885,12.02,7.24,4.78,50994.99,112991.72,0.00,3253.00,27211.46,0.00,54144995328.00,44433.00,0.00,49585.22
1787791765.93,20.23,12.82,7.88,45163.74,100698.20,0.00,3251.00,26515.23,0.00,54137180160.00,574744.09,0.01,40828.31
1787791768.969,12.20,6.93,5.39,35571.38,91522.51,0.00,3252.00,33831.81,0.00,54138507264.00,64628.26,0.00,30331.96
1787791772.016,11.45,6.09,5.32,36826.24,100020.92,0.00,3253.00,27268.21,0.00,54137339904.00,222257.74,0.00,31832.97
1787791775.079,13.54,9.17,3.90,59125.72,137030.48,0.00,4028.00,31319.91,0.00,53347278848.00,16019.77,0.00,65371.17
1787791778.118,10.00,7.09,2.62,40433.56,102233.08,0.00,3142.00,170858.53,31.58,54281326592.00,553764.07,0.01,39540.28
1787791781.163,15.01,8.61,5.31,54867.76,127353.27,1.00,3135.00,49055.57,3.94,54281457664.00,76626.81,0.00,57595.56
1787791784.212,15.92,10.27,5.71,54063.65,155501.37,0.00,3207.00,26875.82,63.19,54192508928.00,363992.11,0.00,54843.35
1787791787.264,12.38,6.37,5.68,41567.27,103131.46,0.00,3207.00,27065.16,0.00,54186778624.00,108689.16,0.00,36059.10
1787791790.301,16.33,8.54,6.70,54790.35,111833.21,0.00,3203.00,25796.45,0.00,54193201152.00,76683.83,0.00,52270.38
1787791793.342,10.12,7.27,2.71,28383.51,102341.34,0.00,3375.00,55819.94,0.00,54018535424.00,1313338.64,0.02,23601.53
1787791796.395,14.39,9.58,3.83,68365.35,129050.23,0.00,3876.00,196702.83,0.00,53497327616.00,240943.44,0.00,72546.43
1787791799.439,9.59,6.49,3.17,29404.76,96698.94,0.00,3409.00,98273.14,12.85,53988945920.00,121429.54,0.00,25438.74
1787791802.476,10.96,8.55,3.16,56540.10,135224.27,0.00,3227.00,26941.74,15.77,54173589504.00,222071.49,0.00,60732.86
1787791805.522,13.82,7.16,6.23,43589.84,107474.00,1.00,3236.00,27418.61,0.00,54158757888.00,16137.75,0.00,38047.62
1787791808.567,12.58,7.31,5.31,44930.81,107205.24,0.00,3239.00,28277.98,0.00,54158270464.00,88799.32,0.01,39611.02
1787791811.609,12.92,7.01,5.39,40831.39,100450.31,0.00,3229.00,27306.07,0.00,54173908992.00,44432.89,0.00,36120.97
1787791814.671,14.99,9.27,4.67,49321.82,160249.13,0.00,4023.00,26251.22,0.00,53340975104.00,112343.76,0.00,53053.97
1787791817.71,9.15,7.40,2.70,36460.88,112320.49,0.00,3316.00,101745.96,15.78,54085890048.00,395997.92,0.00,32950.36
1787791820.743,12.39,8.42,4.40,41993.61,120380.11,0.00,3170.00,26173.97,15.82,54245236736.00,93122.77,0.00,41637.44
1787791823.779,11.52,7.62,4.00,38589.35,114184.41,0.00,3161.00,26006.91,47.27,54244618240.00,254138.39,0.00,38834.11
1787791826.824,15.05,7.74,5.98,36437.79,118251.72,0.00,3131.00,37046.51,1242.97,54279200768.00,5191227.44,0.01,32914.05
1787791829.871,18.17,16.30,2.32,54463.99,100804.17,0.00,3390.00,210609.20,0.00,54007205888.00,186302.01,0.01,52732.33
1787791832.912,15.13,10.23,5.00,48387.24,118412.61,0.00,3126.00,24260.08,31.51,54301569024.00,250036.33,0.00,50655.91
1787791835.954,9.92,6.69,3.23,31862.37,100887.65,1.00,3682.00,12246.20,0.00,53715087360.00,68552.72,0.00,27995.57
1787791838.993,9.59,6.02,2.62,22686.13,113580.79,0.00,3513.00,29513.70,0.00,53891043328.00,161815.24,0.00,18627.08
1787791842.035,24.66,14.19,9.33,71783.43,152216.85,0.00,3151.00,96502.93,0.00,54265073664.00,234611.57,0.00,72614.14
1787791845.078,16.97,9.74,6.57,43571.87,128354.15,1.00,3247.00,27200.88,16.82,54141251584.00,247183.28,0.00,38634.60
1787791848.118,13.10,6.54,5.23,38489.97,93724.05,0.00,3251.00,26391.74,0.00,54141145088.00,343202.07,0.00,34208.62
1787791851.156,12.85,8.88,4.32,50239.71,148641.81,0.00,3689.00,22974.85,0.00,53698727936.00,52622.38,0.00,56671.38
1787791854.199,12.36,8.24,3.85,39479.51,123821.60,0.00,2837.00,63269.13,0.00,54596202496.00,391642.70,0.01,44538.19
1787791857.244,12.31,7.85,4.31,42316.77,119764.06,0.00,2839.00,26430.62,13.79,54586281984.00,169420.70,0.00,43197.85
1787791860.281,14.84,9.41,3.58,45786.54,115047.02,0.00,3345.00,239458.54,0.00,54045315072.00,301638.43,0.00,41502.92
1787791863.318,12.88,7.86,3.93,26915.98,141246.50,0.00,3153.00,46028.94,5172.09,54230843392.00,21239429.30,0.14,21521.43
1787791866.35,14.59,10.24,3.41,64562.89,154951.92,1.00,2816.00,31586.58,0.00,54594924544.00,40659.53,0.00,71672.71
1787791869.39,14.72,8.53,6.07,65427.62,127855.25,0.00,2808.00,63944.37,25.61,54597394432.00,794724.35,0.04,65268.59
1787791872.435,13.18,8.25,3.93,40420.35,127084.30,0.00,3078.00,65918.92,21.71,54315032576.00,282942.44,0.00,44693.01
1787791875.474,17.49,13.03,4.96,44557.59,119068.20,0.00,4066.00,93624.17,63.56,53265387520.00,414938.59,0.00,40954.35
1787791878.51,13.04,7.97,4.49,49400.85,156859.01,0.00,3912.00,33329.66,97.04,53420232704.00,512567.12,0.01,52816.34
1787791881.551,16.98,11.32,4.54,56271.83,121972.74,0.00,3913.00,25086.70,30.56,53421207552.00,185719.03,0.00,62667.32
1787791884.603,15.20,10.02,5.40,54486.63,123317.40,0.00,3908.00,25670.03,3.95,53420130304.00,16171.09,0.00,55297.70
1787791887.649,12.16,6.70,4.85,38255.35,98635.71,0.00,3920.00,35210.70,0.00,53412012032.00,44423.54,0.00,33492.75
1787791890.686,12.16,8.34,4.17,43538.37,135598.49,0.00,3143.00,63553.89,0.00,54243880960.00,562501.34,0.01,48023.06
1787791893.72,16.49,11.30,4.88,63169.05,147248.85,0.00,3152.00,24880.36,0.00,54234329088.00,40567.64,0.00,68521.73
1787791896.762,11.03,7.85,3.50,33704.39,111084.09,0.00,3417.00,75888.35,985.95,53973491712.00,4154085.27,0.04,28452.04
1787791899.811,8.92,6.54,2.23,30226.19,96835.48,0.00,3408.00,12012.49,0.00,53975052288.00,379106.45,0.01,24515.09
1787791902.843,13.57,9.22,3.64,42535.06,213287.55,0.00,3490.00,11691.76,16.87,53877780480.00,402364.03,0.00,29658.45
1787791905.873,17.01,12.18,4.11,48021.71,122661.14,0.00,3109.00,73702.13,0.00,54266851328.00,117940.89,0.00,49967.81
1787791908.908,13.76,8.00,5.77,46693.66,100809.17,0.00,3120.00,33689.43,0.00,54257033216.00,64568.94,0.00,42443.87
1787791911.947,12.23,7.12,5.73,51348.20,100785.82,0.00,3113.00,30308.01,415.77,54257872896.00,2116603.29,0.02,46102.27
1787791914.979,20.48,17.35,3.35,68412.02,106382.76,0.00,3599.00,409366.21,263.79,53749284864.00,1369968.53,0.01,67455.40
1787791918.014,14.64,9.36,4.64,45813.55,148116.18,0.00,3609.00,26505.71,1719.53,53750636544.00,7092359.75,0.05,51522.20
1787791921.05,13.59,7.90,4.65,42326.00,145349.80,0.00,2763.00,64945.07,311.24,54633222144.00,1335718.28,0.01,45044.81
1787791924.09,16.59,10.10,6.06,44946.65,126002.51,0.00,2779.00,28061.09,14.91,54615711744.00,1805834.54,0.05,44483.88
1787791927.117,12.52,8.40,5.21,51793.75,128939.16,0.00,2885.00,186500.72,75.68,54557929472.00,668938.14,0.01,47762.11
1787791930.153,13.45,9.00,4.50,59077.78,138628.63,0.00,2799.00,59008.27,408.11,54594686976.00,2155620.15,0.01,64720.93
1787791933.201,11.15,7.64,3.39,41452.06,124685.05,0.00,3199.00,75887.48,80130.06,54166511616.00,328365420.48,17.91,37582.29
1787791936.245,11.84,8.81,3.48,46371.59,136520.62,1.00,2888.00,26032.55,0.00,54496440320.00,76938.98,0.00,49918.26
1787791939.28,17.99,11.52,6.03,41557.48,98719.18,0.00,2912.00,28291.86,13.86,54485254144.00,40537.12,0.00,37765.31
1787791942.314,23.23,15.70,6.92,51403.29,136259.56,0.00,3999.00,52342.54,0.00,53322493952.00,191544.24,0.00,56564.91
1787791945.361,14.69,10.02,4.32,48323.28,141399.66,0.00,4016.00,23854.51,0.00,53308928000.00,36346.73,0.00,56452.63
1787791948.412,12.70,8.78,3.70,25468.26,98266.92,0.00,4342.00,64522.93,15.76,52972883968.00,76636.19,0.00,21310.25
1787791951.449,9.61,7.05,2.79,27097.58,108050.24,0.00,4344.00,29725.94,0.00,52977049600.00,52793.23,0.00,22590.24
1787791954.487,8.25,6.78,2.23,26129.23,100668.24,0.00,4343.00,11959.22,0.00,52977704960.00,64623.94,0.00,21869.00
1787791957.526,11.36,7.71,3.70,30820.63,123593.30,0.00,4306.00,40609.07,0.00,53016743936.00,250558.93,0.00,26313.21
1787791960.571,8.90,5.92,2.62,26259.61,96807.30,0.00,4299.00,22189.36,0.00,53019443200.00,64556.59,0.00,22120.06
1787791963.611,18.91,12.41,5.47,64922.88,127406.77,0.00,3908.00,21882.92,15.78,53409542144.00,129269.80,0.00,69587.27
1787791966.651,12.28,6.85,5.39,49463.72,109067.12,0.00,3914.00,25825.15,0.00,53404594176.00,0.00,0.00,45934.35
1787791969.687,13.66,7.83,4.96,36022.13,102657.07,0.00,3909.00,25944.51,0.00,53410463744.00,12189.57,0.00,31479.68
1787791972.732,11.58,7.94,3.78,40632.48,123184.82,0.00,3980.00,25417.88,0.00,53334880256.00,88963.58,0.00,44421.68
1787791975.77,12.96,9.21,4.34,67340.93,129718.22,0.00,3766.00,199392.36,0.00,53558898688.00,450448.09,0.01,70439.98
1787791978.811,10.02,7.32,2.77,23632.39,101728.10,0.00,3612.00,19644.69,0.00,53725966336.00,137291.03,0.01,18825.46
1787791981.864,10.99,7.76,3.69,30087.59,92429.24,0.00,3609.00,23818.32,0.00,53726851072.00,161122.76,0.00,25500.40
1787791984.902,9.47,6.80,3.17,29680.95,96837.24,0.00,3612.00,22451.37,0.00,53730238464.00,255244.14,0.02,25017.34
1787791987.944,10.25,7.70,2.23,30797.96,121494.70,0.00,3612.00,12786.27,0.00,53727584256.00,129105.78,0.01,26728.26
1787791990.982,11.20,6.73,3.87,34541.67,109879.49,0.00,3579.00,30313.29,0.00,53753692160.00,36487.60,0.00,30230.29
1787791994.02,11.08,7.89,3.79,50010.11,133482.09,0.00,2709.00,23075.42,15.85,54665773056.00,85183.26,0.00,51816.19
1787791997.057,15.83,9.46,5.58,43918.66,109962.42,0.00,2707.00,28173.30,540.99,54666608640.00,2228102.66,0.02,40729.15
1787792000.098,16.80,11.40,5.93,35688.13,106135.72,0.00,2662.00,511121.09,0.00,54709350400.00,1655613.86,0.01,29044.86
1787792003.134,11.43,7.89,3.64,50235.49,138098.34,0.00,3875.00,25224.16,0.00,53441970176.00,32436.43,0.00,55386.82
1787792006.17,16.46,10.50,5.95,39942.75,105992.29,0.00,3857.00,99904.79,63.24,53462384640.00,267111.01,0.00,39123.20
1787792009.207,12.31,7.73,4.56,48249.25,110016.93,2.00,3845.00,28041.92,89.12,53479174144.00,496343.68,0.01,46464.89
1787792012.251,24.22,15.50,8.25,52216.03,153926.73,0.00,3851.00,27393.18,76.99,53464985600.00,408347.10,0.01,51294.54
1787792015.281,14.49,9.13,4.41,56807.09,136732.57,0.00,3875.00,26599.57,0.00,53468114944.00,101414.71,0.01,60666.08
1787792018.325,13.90,9.82,4.10,60019.21,157138.58,0.00,3878.00,26497.01,0.00,53470343168.00,166353.94,0.00,64295.23
1787792021.369,12.30,7.56,4.78,58822.94,128238.51,0.00,3861.00,52038.71,0.00,53482983424.00,80908.95,0.00,60422.71
1787792024.421,12.37,8.21,4.33,49607.07,129656.88,2.00,3878.00,24220.95,14.85,53460721664.00,97315.42,0.00,56801.37
1787792027.469,11.77,8.04,4.17,49534.91,142952.10,0.00,3890.00,24480.52,13.85,53459005440.00,105370.52,0.00,55011.28
1787792030.519,11.80,7.95,3.94,51215.26,136294.78,0.00,3871.00,33730.88,31.61,53458161664.00,315631.68,0.00,54071.82
1787792033.562,15.24,8.82,5.98,39769.81,122267.82,0.00,3349.00,158875.85,0.00,54077399040.00,358174.90,0.00,39079.63
1787792036.596,11.31,7.96,3.87,49291.02,147834.44,0.00,3062.00,111651.93,2814.34,54301511680.00,11386629.43,0.21,44964.66
1787792039.633,10.64,7.33,3.63,40348.97,123983.92,0.00,3069.00,23692.69,29.63,54313046016.00,258884.39,0.00,43850.72
1787792042.677,8.82,6.25,2.86,34452.80,104366.27,0.00,3488.00,29918.83,0.00,53867282432.00,125590.05,0.00,29756.36
1787792045.721,10.34,7.17,3.39,39168.29,117121.00,0.00,2976.00,66037.34,0.00,54397206528.00,113171.90,0.00,39363.33
1787792048.757,14.41,8.20,6.49,51557.41,134982.40,0.00,2960.00,47030.36,0.99,54410235904.00,283962.89,0.00,45486.58
1787792051.798,12.81,7.73,4.72,44230.86,104647.85,0.00,2978.00,25130.05,0.00,54390460416.00,44577.14,0.00,41412.33
1787792054.85,9.72,7.75,2.68,37153.75,130350.34,0.00,4227.00,64396.10,0.00,53087076352.00,24129.02,0.00,38079.47
1787792057.903,12.92,7.62,4.93,52076.15,128032.45,0.00,3887.00,215317.40,0.00,53464043520.00,209873.30,0.00,54915.21
1787792060.946,8.72,6.35,2.56,37129.64,106557.88,0.00,4854.00,12154.01,0.00,52420517888.00,211288.49,0.02,32198.07
1787792063.989,10.76,7.26,3.55,45240.07,113033.01,0.00,4344.00,114319.20,0.00,52962684928.00,129480.89,0.00,44993.35
1787792067.031,13.20,9.13,3.95,47757.38,139446.10,1.00,4342.00,26463.70,15.83,52963287040.00,133771.35,0.01,51213.79
1787792070.07,11.77,7.79,4.16,49650.52,127476.93,2.00,4347.00,31443.62,0.00,52966645760.00,24254.81,0.00,50702.93
1787792073.115,11.99,6.68,5.15,46246.52,90412.77,0.00,4341.00,26346.39,0.00,52958392320.00,72482.80,0.00,41704.71
1787792076.154,15.49,10.43,3.94,51612.63,139963.63,1.00,4345.00,25679.79,0.00,52960845824.00,60734.70,0.00,54698.45
1787792079.201,21.67,14.00,7.54,47486.74,155492.82,0.00,4338.00,27340.22,0.00,52962746368.00,286542.22,0.00,48810.31
1787792082.237,18.60,10.03,6.25,42373.84,169040.99,0.00,4331.00,374453.50,33.58,52979511296.00,501662.91,0.01,34982.60
1787792085.271,11.39,7.96,3.56,50086.15,135254.38,0.00,4343.00,25501.10,0.00,52973641728.00,44572.03,0.00,55610.84
1787792088.312,13.57,8.47,5.08,46143.01,137242.43,0.00,3435.00,22132.28,0.00,53919744000.00,60551.61,0.00,48698.73
1787792091.364,11.77,8.27,3.94,61896.40,146779.73,0.00,3432.00,33293.94,19.77,53921800192.00,250981.41,0.01,64757.76
1787792094.401,12.79,8.32,4.62,59127.80,122348.84,0.00,3428.00,26930.84,30.55,53922783232.00,161482.53,0.00,60765.98
1787792097.45,13.93,7.92,6.00,44690.97,113626.12,0.00,3471.00,26566.94,0.00,53878767616.00,149287.09,0.00,44647.40
1787792100.485,12.96,7.79,4.94,53558.95,107193.97,0.00,3464.00,30353.86,0.00,53882097664.00,24283.09,0.00,46855.21
1787792103.518,11.15,7.11,4.48,39502.48,111431.12,0.00,3460.00,25841.60,0.00,53883564032.00,166158.75,0.00,38210.08
1787792106.561,8.49,7.00,2.31,26806.38,102179.57,0.00,3516.00,59522.36,0.00,53833244672.00,350924.19,0.01,23646.24
1787792109.612,14.55,10.65,5.25,77163.56,148099.90,1.00,3339.00,61296.94,0.00,54024425472.00,323432.14,0.00,80161.90
1787792112.66,9.68,7.49,2.55,61357.41,132041.62,0.00,4085.00,95335.28,63.25,53252005888.00,307628.03,0.00,62821.72
1787792115.707,10.68,7.94,3.01,45915.33,128762.58,0.00,4144.00,20619.98,0.00,53187473408.00,36399.71,0.00,51260.72
1787792118.744,19.22,13.08,6.19,47392.62,129612.93,1.00,4134.00,25694.40,15.85,53180592128.00,851884.71,0.01,52768.52
1787792121.782,10.60,8.33,2.47,48851.91,136067.15,0.00,4148.00,23076.63,110.55,53161160704.00,570066.59,0.00,56372.10
1787792124.825,15.43,9.90,4.57,50490.87,129625.36,0.00,4136.00,27858.67,62.36,53174239232.00,344630.26,0.00,52704.99
1787792127.871,12.39,8.60,3.61,52103.64,131032.87,0.00,4139.00,25709.40,15.72,53170073600.00,124760.27,0.00,55675.27
1787792130.916,14.09,10.01,4.16,45143.73,131089.77,0.00,4148.00,26986.69,15.77,53163917312.00,100921.68,0.00,49135.26
1787792133.956,10.71,7.54,2.54,52790.16,113895.51,0.00,3294.00,107600.04,0.00,54056148992.00,80670.24,0.00,49446.65
1787792136.992,12.81,9.37,3.79,41703.15,127763.96,0.00,3426.00,25974.30,0.00,54059999232.00,23056602.75,0.12,45802.22
1787792140.037,10.99,8.58,2.86,29956.15,123931.38,0.00,2897.00,71826.12,188.92,54617374720.00,887254.35,0.01,25559.16
1787792143.073,17.04,10.58,5.41,61266.51,242574.16,0.00,2594.00,23093.35,0.00,54793682944.00,133659.44,0.00,58943.46
1787792146.106,15.87,9.89,5.33,48268.37,127653.76,0.00,2554.00,37523.05,3590.35,54837755904.00,8588501.35,0.09,46957.15
1787792149.15,13.28,8.09,4.93,33453.41,109786.41,0.00,2607.00,28811.38,0.00,54786097152.00,295068.98,0.01,28635.51
1787792152.189,9.77,7.42,2.32,35986.83,106086.91,0.00,4415.00,61962.47,8.91,52887379968.00,170266.39,0.00,29872.04
1787792155.225,12.47,8.97,3.25,40973.23,132576.41,0.00,4358.00,33169.09,0.00,53089370112.00,12160.45,0.00,44252.60
1787792158.272,10.68,8.44,2.86,43019.96,118758.10,0.00,3932.00,248133.82,0.00,53530263552.00,247377.40,0.00,44220.42
1787792161.306,16.01,10.65,5.25,43671.04,145220.50,0.00,3485.00,34301.94,0.00,54004903936.00,8098.73,0.00,50653.61
1787792164.338,20.83,13.23,6.73,43373.40,132413.89,0.00,3486.00,25543.89,14.86,54008913920.00,142041.53,0.00,51266.66
1787792167.372,19.93,13.23,5.72,39781.46,125738.92,0.00,3494.00,24376.60,0.00,53994795008.00,109454.20,0.01,42305.38
1787792170.419,12.72,8.74,4.57,59195.01,154331.23,0.00,3475.00,51418.00,0.00,54014513152.00,125731.35,0.00,62450.53
1787792173.457,11.08,7.98,3.80,55302.69,127996.02,0.00,3510.00,27246.87,0.00,53837041664.00,93395.16,0.00,55533.63
1787792176.493,12.37,8.76,3.41,30370.79,107373.46,0.00,2810.00,92156.34,0.00,54638391296.00,24364.84,0.00,25962.60
1787792179.531,11.65,8.64,2.31,47560.50,133783.77,0.00,2810.00,24946.40,0.00,54622576640.00,24267.05,0.00,53705.23
1787792182.566,8.83,7.38,2.17,36577.30,95536.36,0.00,3803.00,19177.42,0.00,53506199552.00,118023.46,0.00,32689.72
1787792185.612,12.97,9.04,3.78,48738.08,136980.15,0.00,3367.00,25452.75,38.55,54000553984.00,202412.30,0.00,53280.99
1787792188.645,13.11,8.30,3.96,45537.39,122995.36,0.00,3447.00,24287.80,0.00,53998723072.00,16272.65,0.00,48257.17
1787792191.676,11.93,6.90,5.19,40761.34,105350.67,0.00,3440.00,27526.88,0.00,53997817856.00,101627.95,0.01,36115.25
1787792194.711,14.10,7.96,5.80,52536.18,97734.09,0.00,3444.00,27270.70,0.00,53987098624.00,190442.78,0.00,46867.40
1787792197.75,16.21,11.57,4.09,39996.19,97391.06,0.00,4504.00,297175.42,0.00,52811956224.00,299466.59,0.01,34135.30
1787792200.789,14.95,11.23,3.69,51748.93,159836.78,0.00,4445.00,26396.17,0.00,52993880064.00,96764.94,0.00,55500.65
1787792203.828,8.73,7.77,2.02,43121.20,115087.68,0.00,3755.00,164670.34,46.76,53601136640.00,537880.35,0.00,40909.54
1787792206.865,12.96,8.60,4.23,40635.52,115462.41,0.00,3590.00,24889.52,0.00,53759873024.00,326264.19,0.02,41290.25
1787792209.911,11.36,7.20,4.80,36452.30,109522.40,0.00,3593.00,27337.74,0.00,53760237568.00,113647.64,0.00,33410.41
1787792212.95,17.60,12.54,5.15,41974.40,105473.79,0.00,3226.00,273564.46,0.98,54160687104.00,302575.02,0.01,39056.72
1787792215.988,27.31,12.82,14.83,91311.06,334381.25,0.00,2815.00,136049.72,44856.36,54618112000.00,192819077.60,0.20,65424.77
1787792219.027,28.01,13.93,13.16,34679.92,136294.28,0.00,3049.00,226009.69,104573.98,54523699200.00,437970507.85,0.41,27978.86
1787792222.078,19.53,10.96,8.49,57327.46,186642.23,0.00,2853.00,131181.56,64995.01,54870831104.00,267967380.28,0.37,44925.67
1787792225.113,16.85,9.58,7.73,31372.60,161865.29,0.00,3133.00,199856.18,86357.23,54850846720.00,354398753.64,0.30,23948.18
1787792228.156,17.25,11.31,5.11,46649.44,101158.05,0.00,4568.00,271803.52,0.00,53340631040.00,414164.70,0.00,40898.66
1787792231.203,13.49,9.29,4.88,54664.12,168260.81,0.00,4515.00,68211.94,15.86,53402341376.00,466932.40,0.01,59818.74
1787792234.256,10.31,8.06,3.07,48521.35,103027.85,0.00,4503.00,131398.41,214.04,53381054464.00,912884.74,0.01,43271.26
1787792237.292,12.35,10.03,3.16,54725.99,133456.41,0.00,4510.00,25122.64,15.79,53365391360.00,157658.23,0.01,59520.74
1787792240.33,16.32,9.01,7.53,65108.60,199661.74,0.00,4464.00,59019.40,1979.02,53415550976.00,17496736.86,0.09,54982.90
1787792243.37,17.28,11.70,6.69,49518.16,128058.40,0.00,4501.00,25681.41,0.00,53375082496.00,48408.21,0.00,49765.19
1787792246.412,11.74,7.24,4.47,40209.85,103552.78,0.00,4501.00,27112.72,31.57,53377892352.00,234367.25,0.00,38355.02
1787792249.45,12.04,9.36,2.71,43872.41,142745.03,0.00,3775.00,26773.23,15.84,54183686144.00,77067.62,0.00,52493.56
1787792252.506,15.01,9.96,4.52,35493.05,113218.09,0.00,4269.00,60451.40,167.76,53672427520.00,1076944.90,0.02,31835.63
1787792255.543,8.92,6.16,2.85,28913.04,99124.64,1.00,4097.00,21415.61,0.00,53845258240.00,125311.88,0.00,25014.52
1787792258.578,11.31,8.27,3.56,45469.91,131675.80,0.00,3773.00,23965.72,0.00,54197219328.00,16222.70,0.00,51539.34
1787792261.613,14.29,8.41,5.94,55268.38,129969.98,0.00,3760.00,29090.08,0.00,54205280256.00,121369.98,0.00,51427.01
1787792264.653,11.65,5.71,5.56,47232.54,93612.07,0.00,3788.00,27356.59,12.83,54128459776.00,81889.09,0.01,43025.58
1787792267.692,21.44,16.49,3.95,39739.71,107662.34,0.00,4522.00,373769.17,0.00,53366337536.00,1282770.80,0.01,37178.23
1787792270.729,10.88,7.80,3.40,48073.25,117588.65,0.00,4178.00,231630.32,0.00,53765083136.00,2236394.12,0.02,50792.89
1787792273.766,11.42,7.38,3.84,45496.01,138287.45,0.00,3715.00,33098.64,0.00,54240956416.00,44303.27,0.01,51289.86
1787792276.805,16.59,9.48,6.78,39124.25,112669.11,0.00,3732.00,26412.91,15.78,54228615168.00,76757.22,0.00,38947.87
1787792279.843,12.10,7.43,5.26,41852.32,86738.70,0.00,3739.00,27970.84,0.00,54220832768.00,8109.33,0.00,38026.10
1787792282.885,12.51,8.74,4.02,50348.74,138577.34,0.00,3748.00,64825.17,0.00,54203559936.00,2996398.71,0.04,55618.73
1787792285.928,12.36,8.16,4.31,56977.63,118030.16,0.00,4285.00,224032.72,0.00,53695168512.00,391537.18,0.01,55835.89
1787792288.967,11.49,7.63,4.01,67564.01,103727.76,0.00,4114.00,60145.02,46.36,53858115584.00,238386.24,0.00,62797.95
1787792292.001,10.12,7.41,3.01,24335.26,123028.68,0.00,4123.00,13921.80,0.00,53857902592.00,161734.89,0.00,20102.09
1787792295.039,16.65,10.49,5.94,48912.52,124729.55,0.00,3842.00,32684.71,0.00,54095110144.00,20221.82,0.00,50032.46
1787792298.083,14.93,8.52,6.04,50333.88,100710.38,0.00,3845.00,27136.18,0.00,54083022848.00,353256.10,0.01,45385.08
1787792301.13,19.01,15.20,3.65,49774.16,130541.32,0.00,4404.00,85388.44,195.70,53507346432.00,1040126.49,0.01,53064.22
1787792304.17,10.53,7.66,3.17,71926.56,105539.49,0.00,4432.00,278045.39,19.80,53491535872.00,146017.80,0.00,68637.79
1787792307.215,9.95,8.69,2.23,49281.22,132574.57,0.00,4438.00,23166.96,0.00,53491732480.00,24192.71,0.00,57109.67
1787792310.261,11.58,6.40,5.17,40025.63,105295.42,0.00,4442.00,27531.38,0.00,53492318208.00,64693.31,0.00,36313.49
1787792313.294,12.62,9.24,4.12,26160.53,100805.17,1.00,4086.00,221083.56,0.00,53865930752.00,219977.62,0.00,21669.96
1787792316.341,8.66,6.25,2.63,22562.62,95481.26,0.00,3930.00,29739.25,15.81,54029561856.00,97148.43,0.00,18517.66
1787792319.384,10.65,7.54,3.69,50771.03,123500.87,0.00,3589.00,26419.73,0.00,54383308800.00,76653.95,0.00,53872.06
1787792322.418,17.26,10.51,7.39,85315.66,230098.24,0.00,3568.00,60430.64,0.00,54393950208.00,220431.25,0.00,74712.10
1787792325.459,13.37,8.95,3.86,41908.70,101223.06,0.00,3667.00,360867.95,0.00,54271193088.00,315547.85,0.01,37910.94
1787792328.504,12.06,7.60,3.91,40755.57,137229.30,0.00,3524.00,23507.16,0.00,54429270016.00,84566.78,0.00,45223.85
1787792331.543,12.46,8.17,4.08,40822.66,143811.95,0.00,4513.00,22940.98,0.00,53390188544.00,56564.80,0.00,45478.82
1787792334.597,10.70,7.38,3.31,46041.76,129230.60,0.00,4511.00,26538.41,15.74,53387735040.00,84633.25,0.00,50703.61
1787792337.664,14.32,9.06,4.99,58492.39,140901.87,1.00,4500.00,35389.48,0.00,53406113792.00,36205.64,0.00,62171.46
1787792340.703,13.82,7.18,5.87,41012.21,103743.10,0.00,4512.00,30155.34,0.00,53392687104.00,166098.16,0.00,35948.10
1787792343.747,11.39,7.93,3.54,43753.16,125194.68,0.00,4506.00,32858.01,0.00,53398904832.00,145389.66,0.01,45689.36
1787792346.79,25.68,15.85,9.62,44513.34,100561.23,0.00,4518.00,27160.80,0.00,53389160448.00,4033.60,0.00,39360.84
1787792349.829,15.10,7.54,7.16,62276.38,133270.40,0.00,4487.00,51822.72,0.00,53417021440.00,32303.43,0.00,62999.73
1787792352.862,20.08,13.07,6.96,59100.87,294329.96,0.00,4472.00,29832.64,849.59,53422710784.00,3595506.33,0.05,60326.24
1787792355.911,19.85,9.80,9.72,41566.86,163187.76,0.00,4459.00,29151.39,904.16,53422706688.00,4037514.11,0.04,37233.38
1787792358.949,15.48,9.98,5.80,51604.47,112627.15,0.00,4437.00,40580.41,4858.20,53423005696.00,104632976.30,0.77,40463.90
1787792361.984,16.45,10.32,5.78,47992.15,133973.61,0.00,4391.00,43688.74,2946.83,53439016960.00,51813216.79,0.48,41787.10
1787792365.026,14.81,9.49,5.09,61791.49,140841.31,0.00,4358.00,39057.04,3901.06,53451780096.00,95811743.61,0.74,55280.59
1787792368.073,9.91,7.34,2.47,32833.82,100439.33,0.00,3964.00,23822.79,838.42,53945794560.00,4385853.05,0.86,27843.66
1787792371.112,13.07,9.25,4.01,50029.46,152152.47,0.00,3630.00,30498.94,2405.32,54293204992.00,12045602.25,0.67,52470.75
1787792374.153,9.89,7.26,3.01,33846.06,116894.08,0.00,3911.00,56641.13,2500.49,53985247232.00,10574081.86,0.84,27488.34
1787792377.197,9.50,7.98,2.76,41010.72,84303.03,0.00,3908.00,27550.99,2622.41,53991325696.00,11155747.91,0.87,35262.66
1787792380.232,12.30,8.47,3.93,41884.03,137244.32,0.00,3517.00,74531.12,2645.04,54541561856.00,11076265.08,0.85,44759.49
1787792383.284,14.47,10.86,3.78,50262.20,244773.22,0.00,3503.00,28858.44,2331.75,54541189120.00,10269669.17,0.74,53553.71
1787792386.319,17.01,12.60,3.79,49065.52,224621.38,0.00,3467.00,37027.11,4440.72,54542213120.00,18286419.60,0.34,53380.87
1787792389.36,13.49,9.58,4.33,37609.25,148509.71,0.00,3455.00,23557.57,36.59,54544609280.00,409086.74,0.01,44138.47
1787792392.399,12.21,8.41,3.63,34797.10,140832.05,0.00,3454.00,23271.82,30.62,54542172160.00,165881.85,0.00,39421.90
1787792395.445,16.92,11.61,6.69,28363.96,109999.31,0.00,3453.00,25894.45,0.00,54548582400.00,36240.43,0.00,26167.59
1787792398.488,11.99,7.09,4.78,31173.78,117131.46,0.00,3465.00,19397.33,15.78,54534754304.00,311019.93,0.03,30815.42
1787792401.525,11.84,6.56,5.55,25440.12,109032.75,0.00,3464.00,27748.01,15.80,54536126464.00,1646306.80,0.06,19450.91
1787792404.563,12.06,6.47,5.70,23045.97,96388.94,0.00,3462.00,27127.86,15.76,54539665408.00,177565.63,0.00,18115.20
1787792407.601,11.38,7.85,4.62,32643.78,133586.70,0.00,3446.00,32859.59,0.00,54553657344.00,343102.09,0.01,36480.18
1787792410.637,12.59,8.40,4.09,36400.86,141079.72,0.00,3443.00,51900.28,0.00,54559420416.00,44463.40,0.00,42316.33
1787792413.68,14.84,9.86,4.24,41008.80,158193.70,0.00,3448.00,33345.65,0.00,54552616960.00,129203.05,0.00,42383.13
1787792416.719,13.55,8.62,4.93,32325.08,131626.36,0.00,3448.00,25028.60,0.00,54550659072.00,64592.99,0.00,34077.81
1787792419.765,10.97,7.70,3.31,32246.10,121564.19,0.00,3452.00,24361.27,0.00,54548914176.00,116927.79,0.01,35412.04
1787792422.814,12.78,7.45,4.99,30042.05,129110.12,0.00,3454.00,25671.39,0.00,54546030592.00,44302.51,0.00,31350.59
1787792425.849,17.67,11.45,5.26,37581.91,144011.99,0.00,3452.00,23659.71,15.85,54547525632.00,64926.01,0.00,44859.17
1787792428.883,11.05,6.26,5.02,25140.82,88358.75,0.00,3455.00,33149.61,15.82,54545113088.00,89108.31,0.00,22080.29
1787792431.922,18.32,11.36,7.34,45672.46,325330.11,1.00,3437.00,40016.96,2067.88,54566092800.00,9635683.91,0.11,29300.99
1787792434.96,13.11,9.11,4.32,48018.33,136899.19,4.00,4305.00,72221.50,0.00,53644578816.00,416521.54,0.01,53074.44
1787792437.999,9.06,6.80,2.70,24808.24,94326.13,1.00,5219.00,22229.18,0.00,52688822272.00,0.00,0.00,20796.79
1787792441.041,8.81,6.08,2.39,31905.93,98028.83,0.00,5222.00,22184.85,0.00,52685312000.00,359262.31,0.00,27419.57
1787792444.085,10.22,7.63,2.93,31633.15,127927.78,0.00,5217.00,22935.52,0.00,52686954496.00,149534.23,0.00,27025.73
1787792447.123,12.30,8.35,4.40,41622.18,130692.61,0.00,4641.00,24149.88,0.00,53287002112.00,12152.58,0.00,45389.04
1787792450.164,11.86,7.17,4.85,45680.49,101875.70,0.00,4645.00,27004.31,0.00,53281959936.00,278746.06,0.01,40543.38
1787792453.207,19.65,11.15,8.46,43980.99,102937.26,0.00,4640.00,26422.06,7.87,53283237888.00,129006.96,0.00,38597.34
1787792456.253,16.05,8.99,7.00,38756.40,102248.76,0.00,4643.00,38890.18,4855.12,53284073472.00,19918820.28,0.02,32736.44
1787792459.292,11.34,6.39,4.93,27655.93,95969.48,0.00,4648.00,26764.57,19.72,53285285888.00,92891.12,0.00,22076.75
1787792462.327,12.81,8.40,4.47,44265.02,111204.90,0.00,4641.00,25015.97,0.00,53289193472.00,121279.98,0.00,46724.45
1787792465.357,13.82,7.93,5.21,41658.67,102262.25,0.00,4649.00,26855.95,0.00,53283151872.00,216105.86,0.01,36512.98
1787792468.405,11.59,6.38,5.15,38039.00,100305.76,0.00,4644.00,25712.03,42.32,53283594240.00,241893.69,0.01,33812.89
1787792471.439,17.22,11.66,4.87,45519.11,142903.48,0.00,4275.00,25127.62,4.94,53667270656.00,24289.51,0.00,52382.91
1787792474.481,12.86,9.11,4.09,57411.62,158580.44,0.00,3497.00,26191.90,0.00,54487453696.00,125400.34,0.00,62298.90
1787792477.519,18.40,10.17,7.71,55901.67,107077.08,0.00,3506.00,34744.94,0.00,54476128256.00,4038.11,0.00,53623.05
1787792480.559,12.20,7.40,4.78,45857.20,129045.38,1.00,3510.00,28140.99,17.75,54471991296.00,278741.11,0.02,41476.33
1787792483.595,22.82,15.30,6.64,55726.02,113944.06,1.00,3798.00,275754.42,0.00,54208167936.00,587322.55,0.01,54005.04
1787792486.637,11.77,8.32,3.54,48550.39,139445.14,0.00,3432.00,22506.20,0.00,54578614272.00,12120.09,0.00,53307.98
1787792489.683,8.41,6.96,1.78,36663.86,98180.04,0.00,4268.00,14225.51,0.00,53706055680.00,36485.71,0.00,32262.90
1787792492.725,18.25,11.36,5.80,61654.07,135961.37,0.00,3777.00,25208.49,15.83,54217441280.00,117550.55,0.00,69115.46
1787792495.773,11.84,6.95,5.10,41237.01,104543.05,0.00,3784.00,27731.53,0.00,54212046848.00,133785.96,0.00,35171.33
1787792498.811,13.33,7.71,5.78,54081.58,111692.77,0.00,3772.00,34630.24,0.00,54220775424.00,12121.82,0.00,48863.81
1787792501.847,24.49,18.72,4.80,63051.36,100979.07,0.00,4467.00,270963.72,4.95,53486440448.00,320580.93,0.01,59776.63
1787792504.887,13.39,9.79,3.86,43498.76,132818.37,0.00,4322.00,32736.37,0.00,53641809920.00,190064.07,0.00,48181.50
1787792507.931,9.59,6.47,3.01,42533.80,110139.12,0.00,3460.00,164240.14,15.78,54580924416.00,84836.81,0.00,40254.24
1787792510.967,18.66,11.46,6.58,42699.36,144570.32,0.00,3435.00,25012.71,0.00,54575648768.00,341087.30,0.02,46109.60
1787792514.006,11.86,8.10,3.70,46565.27,123761.26,0.00,3430.00,27344.59,29.65,54578905088.00,133588.04,0.00,46737.60
1787792517.044,12.26,7.85,4.46,37805.98,129185.59,0.00,3438.00,24225.99,15.75,54580580352.00,64523.88,0.00,39417.48
1787792520.083,11.29,7.40,4.01,49943.29,144093.89,0.00,3424.00,36787.96,31.58,54591791104.00,189960.92,0.00,54145.37
1787792523.114,11.91,7.42,4.95,48218.60,108908.11,0.00,3423.00,26723.51,0.00,54581219328.00,24299.14,0.00,43909.68
1787792526.179,22.76,18.79,4.14,71600.19,168020.09,0.00,3891.00,302236.35,1083.51,54042787840.00,715558.30,0.02,67068.78
1787792529.219,26.26,16.43,8.79,61960.13,144453.75,0.00,3778.00,61608.35,0.00,54385844224.00,32379.27,0.00,68388.21
1787792532.26,9.68,7.58,2.40,58425.77,101553.68,0.00,4052.00,201346.75,0.00,54096175104.00,267691.29,0.00,54431.66
1787792535.3,17.76,10.56,6.45,24461.08,108344.67,0.00,3750.00,58935.83,1681.53,54239907840.00,18794245.95,0.08,19568.49
1787792538.338,11.19,8.29,3.56,40003.73,127790.49,0.00,3588.00,21641.88,0.00,54401064960.00,52781.89,0.00,43893.56
1787792541.384,11.67,8.27,3.86,44285.91,129362.95,0.00,3588.00,22341.40,0.00,54398652416.00,64863.59,0.00,48915.11
1787792544.42,12.56,8.86,3.78,53004.93,142572.53,0.00,3589.00,23686.12,0.00,54397153280.00,68701.28,0.00,58264.24
1787792547.455,13.84,8.58,4.17,49396.58,128688.10,0.00,3589.00,32955.45,15.83,54397546496.00,81033.46,0.00,52314.83
1787792550.499,12.96,7.93,4.93,38729.98,123770.32,0.00,3595.00,25904.66,0.00,54400933888.00,88723.70,0.00,39922.25
1787792553.534,12.97,8.10,5.09,41261.29,112312.97,0.00,3595.00,26785.55,0.00,54387978240.00,16189.11,0.00,36425.64
1787792556.58,22.48,13.37,9.07,38673.19,127072.70,0.00,3594.00,29055.56,0.00,54386700288.00,169262.34,0.00,31783.35
1787792559.617,11.35,6.10,5.25,36303.92,99336.07,0.00,3598.00,26639.22,0.00,54382538752.00,206602.10,0.00,30141.56
1787792562.656,22.01,15.69,5.75,71966.75,253063.20,0.00,3783.00,114373.93,1.99,54187896832.00,195461.17,0.00,67374.26
1787792565.697,10.99,10.90,0.62,13696.54,93926.48,0.00,3258.00,46230.03,4.95,54748233728.00,486354.81,0.01,8674.78
1787792568.741,11.76,11.14,0.61,14382.52,104650.50,0.00,2499.00,133274.88,0.98,55665291264.00,157127.71,0.00,9509.87
1787792571.792,11.92,10.92,0.92,14100.73,107117.86,0.00,1978.00,64928.93,0.00,56355733504.00,40335.62,0.00,8699.74
1787792574.828,13.63,11.53,1.16,13896.99,101898.68,0.00,1508.00,49908.08,154.55,56968527872.00,697981.96,0.01,8928.80
1787792577.868,12.18,11.59,1.01,17442.31,108950.02,0.00,1104.00,128061.84,766.10,57859088384.00,3150190.23,0.87,11944.42
1787792580.911,12.42,11.49,1.16,15300.57,99831.61,1.00,728.00,46616.11,18.75,58257235968.00,602218.32,0.01,10632.82
1787792583.959,15.17,13.29,1.54,18797.51,110189.35,1.00,553.00,79542.45,18.69,58791124992.00,467342.04,0.01,12083.96
1787792586.997,13.84,12.50,1.39,20436.39,127933.54,0.00,634.00,67232.62,57.27,59436244992.00,857417.86,0.03,15214.03
1787792590.04,12.67,11.65,1.08,15318.92,103107.94,0.00,503.00,78879.49,381.15,60152594432.00,1747221.48,0.05,9950.36
1787792593.078,16.99,14.48,2.62,13834.82,97057.52,0.00,380.00,68038.10,0.00,60822245376.00,112995.84,0.01,8830.13
1787792596.127,16.98,15.38,2.09,21226.43,107742.46,0.00,723.00,80672.90,19.77,62414880768.00,631638.88,0.03,14522.88
1787792599.172,12.95,11.80,0.77,14199.68,97133.05,0.00,306.00,68297.84,8.83,63077142528.00,44229.56,0.01,8996.23
1787792602.207,16.84,14.49,2.54,14438.27,99585.62,0.00,446.00,70769.20,1.97,63751512064.00,121104.06,0.01,9554.31
1787792605.254,12.84,12.74,0.92,35733.49,83907.33,0.00,440.00,31079.77,1.96,63934861312.00,8042.88,0.00,19865.98
1787792608.301,11.49,11.67,0.31,41324.20,93645.36,1.00,314.00,43038.58,6.93,63934091264.00,178390.22,0.00,23385.39
1787792611.337,28.99,27.94,1.39,77551.64,105699.13,2.00,543.00,21278.39,8915.00,63989596160.00,635788797.44,2.28,74773.79
1787792614.368,42.01,37.08,4.34,82907.59,216887.09,0.00,478.00,74586.90,8043.17,64081244160.00,544372148.53,2.37,86342.32
1787792617.42,29.44,22.24,7.23,97217.44,197843.03,7.00,1378.00,137394.41,3161.97,64766390272.00,20582205.68,0.11,64192.92
1787792620.476,19.08,14.05,4.38,61298.71,114728.68,0.00,2218.00,44627.52,15.73,65095614464.00,64412.40,0.00,45510.31
1787792623.519,20.30,13.69,5.23,63752.95,163591.42,0.00,4207.00,27953.19,0.99,60303175680.00,213913.67,0.01,54000.44
1787792626.556,19.32,15.72,4.03,68325.03,145751.28,0.00,4968.00,36428.66,0.00,60245536768.00,2308862.74,0.05,63561.14
1787792629.597,12.57,9.28,2.94,63709.69,111949.02,0.00,6748.00,226506.29,0.00,59162890240.00,843320.17,0.01,63065.05
1787792632.642,15.91,9.73,4.94,30953.69,101570.88,0.00,7363.00,31616.76,31.62,59363840000.00,129522.48,0.00,24720.55
1787792635.677,18.69,13.62,4.33,54335.99,134855.68,0.00,8199.00,44964.43,15.84,59726200832.00,77063.78,0.00,55265.04
1787792638.715,16.49,10.81,5.09,43668.56,137131.66,1.00,9023.00,39195.86,15.81,59725152256.00,149767.08,0.00,48220.16
1787792641.76,13.47,7.69,5.77,36977.70,106682.27,0.00,9688.00,34223.23,0.00,59726282752.00,274195.33,0.01,30169.13
1787792644.813,17.07,9.68,7.76,46885.36,97907.69,0.00,9684.00,28379.61,0.98,59718832128.00,40278.20,0.00,42241.02
1787792647.852,19.27,15.05,4.09,68519.87,170378.18,0.00,9894.00,24477.38,124.51,59443712000.00,1322051.27,0.01,76205.57
1787792650.89,12.96,9.33,4.67,46050.26,125940.07,0.00,9055.00,127141.73,401.22,60309446656.00,2327953.92,0.02,47427.25
1787792653.929,18.09,14.23,4.41,64927.42,182307.07,0.00,9357.00,23734.54,31.68,55583338496.00,247381.03,0.01,61523.53
1787792656.972,12.94,7.76,4.99,61857.32,115914.49,0.00,9911.00,27103.83,0.00,54153449472.00,209504.59,0.00,59445.39
1787792660.022,12.49,6.86,5.47,39385.00,108385.91,0.00,9912.00,34710.51,18.74,54154543104.00,96440.33,0.00,35295.06
1787792663.064,13.76,7.70,4.77,47018.08,118142.22,0.00,9912.00,26645.94,0.00,54152523776.00,40354.13,0.00,46683.98
1787792666.104,12.62,6.95,5.64,36809.61,100821.72,0.00,9906.00,26464.72,30.62,54154395648.00,165865.96,0.00,33643.91
1787792669.148,12.00,7.66,4.64,47274.26,115005.44,0.00,9910.00,27237.27,14.86,54149107712.00,113588.16,0.00,46254.67
1787792672.188,11.87,7.84,4.27,45534.40,117121.95,0.00,9915.00,28613.76,641.89,54140817408.00,2853025.23,0.01,45009.37
1787792675.23,14.43,7.07,6.38,42625.68,112829.62,0.00,9912.00,27775.10,50.19,54142869504.00,209626.63,0.01,37515.31
1787792678.275,10.87,8.51,2.24,25592.32,123366.04,0.00,10268.00,7771.45,0.00,53819813888.00,3296725.36,0.01,22213.44
1787792681.321,12.54,8.99,3.46,41313.09,142800.45,1.00,9950.00,31962.63,0.00,54146613248.00,3825919.86,0.02,46081.50
1787792684.362,9.77,7.46,2.31,52511.64,106890.40,1.00,10493.00,236591.75,0.00,53580849152.00,225763.05,0.00,49116.64
1787792687.404,15.74,11.40,4.24,25581.04,94077.42,0.00,10508.00,22224.58,0.99,53511995392.00,318970.95,0.00,21554.48
1787792690.44,14.98,10.66,4.43,46861.89,145425.81,0.00,9994.00,23730.71,29.88,54054629376.00,142774.68,0.00,55176.27
1787792693.48,12.67,8.39,4.31,58056.27,129370.24,0.00,9994.00,22129.99,63.01,54045089792.00,318602.52,0.00,62882.25
1787792696.522,12.53,8.09,4.62,43953.92,124383.64,0.00,9999.00,22901.24,0.00,54036336640.00,125319.27,0.02,45219.21
1787792699.563,11.10,7.91,3.34,46720.48,130563.78,0.00,9994.00,25579.21,0.00,54046568448.00,0.00,0.00,51241.68
1787792702.6,26.39,16.27,9.30,92263.60,408964.35,1.00,9831.00,124064.20,17833.41,54078496768.00,73338667.49,1.24,85077.04
1787792705.647,11.61,6.02,5.24,28049.53,96651.31,1.00,9922.00,27233.77,0.00,54047690752.00,20201.66,0.00,22963.43
1787792708.694,13.45,7.92,5.46,40748.60,125058.23,0.00,9913.00,28763.84,0.98,54053085184.00,157196.38,0.00,35995.41
1787792711.742,12.48,6.30,5.60,39626.30,108755.16,0.00,9889.00,27368.13,1.97,54076829696.00,253583.19,0.01,34687.68
1787792714.779,18.60,10.15,7.69,31586.41,96409.54,1.00,9891.00,22224.74,0.00,54073282560.00,24185.05,0.00,26929.44
1787792717.826,15.64,8.01,7.01,48133.91,105886.32,0.00,9900.00,29144.32,17.74,54055686144.00,141310.56,0.00,42386.14
1787792720.872,19.39,12.11,7.02,40906.28,139676.53,0.00,9898.00,25097.48,15.79,54056140800.00,92983.45,0.00,45104.13
1787792723.918,18.68,10.59,7.83,30940.27,103105.08,0.00,9907.00,34418.79,0.98,54047600640.00,32189.82,0.00,25792.14
1787792726.959,12.00,6.48,5.32,29019.08,95894.63,0.00,9903.00,27183.31,0.00,54054547456.00,185962.15,0.00,24836.96
1787792730.003,12.64,7.31,5.23,33380.17,125833.04,0.00,10389.00,72332.74,0.00,53609009152.00,36319.08,0.00,34543.82
1787792733.046,11.32,7.63,3.62,43625.30,116573.25,0.00,9970.00,247502.44,121.37,54059753472.00,1127619.10,0.01,43546.35
1787792736.094,11.51,7.86,3.62,41710.16,137456.51,0.00,9505.00,22964.52,46.38,54540894208.00,234449.29,0.00,47258.58
1787792739.139,14.60,8.50,5.21,53750.95,154199.67,0.00,9511.00,27142.15,71.57,54542778368.00,425678.06,0.00,55654.51
1787792742.187,21.63,17.42,4.38,53156.25,125093.42,0.00,9855.00,82868.29,0.98,54133104640.00,24489112.58,0.19,50804.21
1787792745.231,12.89,9.15,3.80,49943.50,134492.64,0.00,9622.00,31193.37,15.87,54311849984.00,138101.26,0.00,56830.37
1787792748.273,9.29,6.40,2.70,23564.81,103662.06,0.00,10293.00,12215.87,13.82,53606821888.00,80886.17,0.00,19025.95
1787792751.3,12.29,8.64,3.27,51633.26,134717.26,0.00,9797.00,27721.57,62.78,54123114496.00,257162.77,0.00,57491.34
1787792754.335,13.80,6.73,5.65,66931.40,104076.53,0.00,9825.00,28281.19,15.85,54093672448.00,77110.17,0.00,61060.27
1787792757.382,11.35,7.70,3.70,38769.91,109415.21,0.00,10450.00,104129.25,0.00,53442400256.00,113040.37,0.00,39127.64
1787792760.422,17.00,11.35,5.98,47266.66,138310.73,1.00,10469.00,27778.75,0.00,53446975488.00,232290.87,0.00,53267.19
1787792763.464,17.43,10.99,5.42,46669.49,125321.05,2.00,9602.00,24834.99,15.85,54353293312.00,81148.83,0.00,50693.79
1787792766.504,12.09,7.42,5.10,41503.51,105627.40,0.00,9594.00,28617.41,15.82,54365544448.00,76964.49,0.00,37464.55
1787792769.55,25.27,19.44,6.12,56193.33,141265.42,0.00,9921.00,340603.79,15.87,53944709120.00,1486972.27,0.04,54169.33
1787792772.597,11.68,8.01,3.85,43212.44,127685.98,0.00,9587.00,32504.77,17.76,54277894144.00,202038.84,0.00,45969.26
1787792775.634,13.27,9.02,3.85,35698.74,103324.07,1.00,10424.00,12384.05,0.00,53376643072.00,0.00,0.00,31709.91
1787792778.67,10.24,6.54,2.69,22794.03,93812.06,0.00,10266.00,11935.13,15.75,53547606016.00,64531.05,0.00,19197.70
1787792781.714,15.63,10.01,5.16,26605.69,106996.19,1.00,10188.00,22084.21,0.00,53539758080.00,230036.79,0.00,23084.73
1787792784.754,13.96,6.73,5.64,46124.03,101412.48,0.00,9820.00,27056.66,411.84,53919641600.00,1699059.25,0.01,42713.06
1787792787.801,13.24,6.69,5.38,45822.76,96544.27,0.00,9831.00,26422.73,0.00,53920620544.00,1403561.29,0.04,41007.10
1787792790.842,19.24,15.33,3.87,55387.63,123782.98,0.00,10076.00,69602.20,15.87,53651329024.00,207155.48,0.00,57553.57
1787792793.888,10.63,7.67,3.33,43878.66,127243.15,0.00,9280.00,107021.29,78.34,54503682048.00,369608.04,0.00,43713.73
1787792796.926,12.42,8.01,4.12,45368.52,110008.64,0.00,9276.00,26658.32,0.00,54501949440.00,244625.11,0.01,41501.54
1787792799.965,20.84,15.11,5.09,66830.06,147250.21,0.00,9363.00,65151.39,0.00,54434103296.00,165633.68,0.00,71150.04
1787792803.008,18.93,9.58,7.19,98124.25,222246.75,0.00,9355.00,52554.17,15.82,54431154176.00,315918.31,0.00,87664.76
1787792806.052,11.90,7.94,4.16,49713.09,134300.05,0.00,9429.00,26558.25,30.59,54318551040.00,210176.68,0.00,52109.42
1787792809.092,18.59,10.84,6.07,41813.23,113376.05,0.00,9431.00,25689.65,15.75,54316175360.00,100809.34,0.00,41748.40
1787792812.135,27.42,20.11,6.93,54555.84,108683.61,0.00,10124.00,292905.25,0.00,53593640960.00,371680.40,0.01,51893.19
1787792815.174,11.90,8.00,3.85,54020.15,130018.46,0.00,9826.00,32484.42,15.77,53931450368.00,169518.87,0.00,58330.22
1787792818.227,13.23,8.66,3.14,75906.93,109838.53,0.00,10714.00,268461.26,185.38,53005819904.00,1289602.72,0.01,74097.80
1787792821.272,14.23,8.18,4.55,49617.40,137246.52,0.00,10563.00,27377.43,0.00,53170073600.00,52567.20,0.00,52295.78
1787792824.316,12.31,7.13,4.06,50666.62,113199.00,0.00,10560.00,22029.69,0.00,53168398336.00,24106.22,0.00,51042.29
1787792827.359,10.78,6.95,2.70,33531.77,96727.17,1.00,10155.00,221208.11,0.00,53590224896.00,76892.46,0.00,27662.94
1787792830.407,12.02,8.88,3.16,65780.30,141572.75,0.00,9665.00,130507.62,0.00,54126194688.00,153746.16,0.00,64468.02
1787792833.442,12.20,7.71,4.70,45885.76,113566.39,0.00,9669.00,26480.64,15.79,54123888640.00,206114.42,0.01,45340.89
1787792836.484,12.07,8.46,4.04,51290.53,137950.82,0.00,9716.00,31258.78,47.65,54014726144.00,284641.83,0.01,57053.47
1787792839.524,18.26,10.11,7.41,37601.88,108888.78,0.00,9719.00,25772.26,0.00,54012006400.00,40462.72,0.00,34887.22
1787792842.563,17.53,13.78,3.31,39277.17,102930.15,0.00,9869.00,365477.51,0.00,53857406976.00,359177.63,0.01,35930.61
1787792845.606,11.32,9.25,2.24,67389.62,115198.25,0.00,10828.00,257894.77,173.70,52875919360.00,941909.18,0.01,65967.88
1787792848.65,14.19,10.00,4.23,45249.80,140152.98,0.00,10669.00,24629.80,15.75,53039771648.00,80648.85,0.00,52398.27
1787792851.695,13.20,8.29,4.68,42360.87,134615.72,0.00,10672.00,26744.57,39.29,53041303552.00,201171.15,0.00,47303.66
1787792854.741,13.03,8.40,4.09,51178.08,136479.47,0.00,10016.00,28030.72,148.94,53731389440.00,686806.29,0.00,56819.86
1787792857.782,10.73,6.80,3.01,36035.61,99873.05,0.00,10318.00,63205.67,0.00,53416742912.00,1287790.53,0.02,32815.86
1787792860.831,15.44,9.26,4.71,50923.04,153331.89,0.00,10013.00,26344.65,0.00,53744050176.00,125361.18,0.00,52530.22
1787792863.874,12.74,7.61,3.92,62546.83,109183.13,1.00,10137.00,281731.85,0.00,53613543424.00,350677.13,0.01,56850.78
1787792866.906,12.14,8.13,4.18,41439.46,122056.88,0.00,9985.00,25491.98,0.00,53724508160.00,105539.57,0.00,45449.03
1787792869.944,10.53,7.19,2.78,39126.22,97098.21,0.00,11053.00,60830.52,0.00,52607148032.00,0.00,0.00,36051.50
1787792872.985,13.16,8.49,3.94,57301.30,135207.70,0.00,10727.00,25288.12,15.81,52949147648.00,186229.72,0.00,62699.01
1787792876.028,12.62,6.55,5.55,36665.90,97398.06,0.00,10737.00,27307.46,6.91,52936896512.00,60639.38,0.01,32106.70
1787792879.079,13.64,7.77,3.15,47218.49,137106.33,0.00,10682.00,22422.02,31.49,52993024000.00,145100.55,0.00,54645.88
1787792882.125,10.21,6.31,3.16,27686.50,105917.66,0.00,11203.00,24304.30,32.53,52453154816.00,145358.55,0.00,23401.16
1787792885.182,16.35,10.39,4.57,55909.30,142577.40,0.00,10720.00,30220.28,31.74,52956585984.00,146237.91,0.00,62471.90
1787792888.221,12.75,6.92,5.38,35976.27,102265.65,0.00,10732.00,27049.60,0.00,52944912384.00,209556.92,0.02,30966.66
1787792891.268,13.86,9.77,3.85,50648.11,170735.04,0.00,10636.00,26564.56,0.00,53045436416.00,108881.02,0.00,58108.75
1787792894.312,10.54,7.02,2.31,30519.03,95678.86,0.00,11172.00,12194.59,15.79,52482203648.00,282928.62,0.00,25089.62
1787792897.357,10.98,7.71,3.16,39861.87,110730.37,0.00,10683.00,101839.60,0.00,52992888832.00,76836.82,0.01,39959.77
1787792900.405,12.45,6.71,5.47,40163.97,94041.00,1.00,10695.00,26521.91,0.00,52978417664.00,48466.55,0.00,35207.24
1787792903.447,9.99,7.99,2.79,63590.86,102406.32,0.00,10744.00,91197.31,0.00,52932304896.00,146424.12,0.00,59305.22
1787792906.498,11.30,7.78,3.62,54086.16,142746.54,0.00,10590.00,31899.87,25.63,53091360768.00,234182.79,0.00,60619.70
1787792909.535,11.00,7.21,4.19,43038.46,108862.16,0.00,9714.00,63895.91,0.00,54009810944.00,44703.33,0.00,41700.00
1787792912.581,12.48,8.25,3.62,47780.32,128680.38,0.00,9705.00,26425.35,15.79,54014627840.00,242478.18,0.01,52516.73
1787792915.617,10.87,7.11,3.09,28339.65,105416.24,0.00,11137.00,22421.49,8.91,52516847616.00,81086.37,0.00,24437.21
1787792918.662,11.55,8.10,2.86,47566.18,119342.74,0.00,10632.00,140721.69,0.00,53046177792.00,165910.12,0.00,47916.56
1787792921.706,13.56,8.40,5.40,49020.04,126451.65,0.00,10626.00,28960.47,0.00,53050413056.00,210272.63,0.00,44591.72
1787792924.753,11.13,7.73,3.63,39654.77,137432.92,0.00,10646.00,25844.58,12.85,53029863424.00,64763.14,0.00,46307.19
1787792927.797,9.86,7.60,2.64,65294.91,115514.89,0.00,11276.00,22127.34,184.49,52368015360.00,1028911.55,0.01,60348.43
1787792930.836,19.35,11.21,6.26,34022.86,97581.31,1.00,11265.00,24489.88,0.00,52376162304.00,93278.20,0.00,29973.11
1787792933.88,13.81,7.18,5.64,49400.50,99056.00,0.00,10759.00,30656.99,0.00,52903178240.00,80971.78,0.00,44078.58
1787792936.92,14.63,9.10,4.70,60840.29,181293.79,0.00,10585.00,39571.49,5111.54,53085650944.00,20953010.37,0.19,62678.16
1787792939.958,18.22,12.41,4.93,57754.37,95115.90,0.00,11235.00,159153.94,0.00,52405497856.00,606454.90,0.00,53795.68
1787792943.004,11.97,7.64,4.09,39627.34,103158.92,0.00,11221.00,22376.07,0.00,52415102976.00,202305.31,0.00,35333.50
1787792946.052,13.01,7.45,5.46,52089.82,104393.83,0.00,10706.00,29338.35,0.00,52948213760.00,0.00,0.00,48761.39
1787792949.093,18.72,12.04,7.02,55445.54,119979.56,0.00,10529.00,383531.04,0.00,53136281600.00,3466972.63,0.05,52699.98
1787792952.138,17.82,14.24,3.54,47152.53,159862.84,0.00,10179.00,46694.61,0.00,53504299008.00,891425.21,0.01,53558.51
1787792955.191,13.06,11.10,1.77,19110.22,103659.29,0.00,9482.00,169800.63,250.61,54242418688.00,37656597.42,0.53,13923.63
1787792958.227,11.88,8.33,2.39,45999.66,147470.04,0.00,9178.00,23790.24,0.00,54562799616.00,323548.80,0.00,55349.54
1787792961.272,14.79,8.26,5.63,38451.97,100085.99,0.00,9183.00,26482.05,15.81,54553464832.00,64751.23,0.00,34334.51
1787792964.315,13.47,7.71,4.08,53634.89,138513.26,0.00,9177.00,24369.28,31.55,54558920704.00,141348.92,0.00,58896.52
1787792967.359,17.15,13.28,4.25,49268.84,106392.12,0.00,10007.00,298756.21,32.61,53683425280.00,659705.67,0.01,46510.75
1787792970.402,11.67,8.75,3.56,44630.70,139915.11,0.00,9733.00,25834.55,337.80,54003302400.00,1550005.69,0.03,49973.20
1787792973.454,10.44,6.75,2.38,22359.92,100773.75,0.00,9356.00,12013.30,0.00,54399582208.00,92470.74,0.00,17589.83
1787792976.501,9.74,6.48,3.47,31009.84,97576.00,0.00,8981.00,73498.92,0.00,54786949120.00,133450.23,0.00,27142.16
1787792979.542,11.91,8.52,3.80,43606.75,119435.31,0.00,8835.00,26333.56,1.98,54948986880.00,47708.70,0.00,44639.57
1787792982.585,16.68,11.46,5.23,56457.59,264897.81,0.00,8822.00,37466.77,728.48,54983630848.00,3193048.13,0.04,52527.98
1787792985.628,14.07,8.56,5.79,54772.06,459029.97,0.00,9140.00,52865.16,15157.49,54736789504.00,63301949.76,0.05,52061.90
1787792988.667,12.69,7.65,5.10,53760.89,127821.66,0.00,9219.00,31619.00,189.84,54542659584.00,1097519.97,0.01,52273.05
1787792991.714,12.85,6.39,5.54,28931.84,97319.31,0.00,9281.00,27430.27,19.71,54443864064.00,306714.51,0.01,24064.62
1787792994.752,15.04,8.62,5.82,48079.32,124925.51,0.00,9281.00,27002.24,19.88,54432968704.00,179170.58,0.00,49675.88
1787792997.805,13.93,8.97,5.60,46198.83,114620.38,0.00,9316.00,34227.47,0.00,54402486272.00,209223.32,0.00,45623.22
1787793000.863,12.61,7.37,5.07,44166.27,107042.45,1.00,9319.00,29196.97,0.00,54403457024.00,60352.64,0.00,40891.73
1787793003.904,13.04,7.82,3.33,42898.58,131340.89,0.00,9305.00,24531.16,31.69,54418976768.00,377239.76,0.02,48304.85
1787793006.944,13.51,9.97,3.86,51059.70,125949.04,0.00,9296.00,22019.24,0.00,54436802560.00,64763.17,0.00,54491.38
1787793009.987,14.42,8.80,4.56,56008.89,140145.30,0.00,9293.00,35513.32,14.83,54432452608.00,80985.76,0.00,59669.74
1787793013.03,14.04,9.70,4.00,51338.55,160481.52,0.00,9298.00,25430.71,0.00,54424027136.00,161513.65,0.00,55027.50
1787793016.08,12.48,7.55,5.08,60544.04,109923.39,0.00,9304.00,26409.14,0.00,54420353024.00,64613.96,0.00,60193.97
1787793019.131,16.49,9.48,6.86,50506.35,123362.10,0.00,9312.00,33816.55,42.41,54404026368.00,197961.70,0.00,50284.27
1787793022.173,12.34,7.25,5.40,50375.70,90982.09,0.00,9322.00,26263.40,0.00,54394142720.00,56609.85,0.00,45927.55
1787793025.214,12.76,7.65,4.40,45010.65,122059.82,0.00,9316.00,24356.36,0.00,54400065536.00,0.00,0.00,47485.79
1787793028.261,11.75,7.53,3.54,51116.40,129901.03,0.00,9325.00,21738.34,0.00,54390530048.00,108737.89,0.00,55285.17
1787793031.303,12.29,7.64,4.63,50814.00,122902.79,0.00,9329.00,25853.85,60.24,54386393088.00,323585.35,0.00,50187.44
1787793034.342,12.21,7.48,4.08,49653.91,132061.26,0.00,9331.00,26551.13,0.00,54392201216.00,36361.58,0.00,50482.14
1787793037.381,12.62,7.27,4.72,50383.79,124188.59,1.00,9324.00,24680.70,0.00,54391136256.00,60750.06,0.00,51202.32
1787793040.434,13.40,8.30,3.53,45226.54,144462.81,0.00,9338.00,30811.43,0.00,54382551040.00,44300.34,0.00,51818.87
1787793043.481,15.77,9.81,5.49,61899.63,193698.98,0.00,9329.00,44503.30,0.00,54388613120.00,182249.09,0.00,59121.68
1787793046.518,21.20,12.90,6.64,43603.61,127026.03,0.00,9326.00,24685.61,0.00,54388654080.00,56681.82,0.00,45190.87
1787793049.56,12.29,7.58,5.18,36757.32,100784.09,0.00,9333.00,26500.73,0.00,54389817344.00,72942.79,0.00,33646.03
1787793052.599,15.99,10.18,5.79,37139.93,101395.36,1.00,9327.00,29658.63,0.00,54387646464.00,129399.38,0.00,33126.66
1787793055.639,12.32,7.41,5.25,42268.08,108053.63,1.00,9322.00,27372.23,0.00,54392233984.00,64692.79,0.00,37053.75
1787793058.685,12.08,7.07,4.92,35989.80,88445.25,0.00,9334.00,26799.60,0.00,54384312320.00,149041.59,0.00,31102.58
1787793061.73,12.07,9.31,2.69,25754.74,92999.20,0.00,9306.00,62395.50,0.00,54379286528.00,241915.84,0.01,20924.53
1787793064.769,16.98,10.67,4.48,44928.16,130549.92,0.00,10430.00,24791.71,0.00,53225357312.00,0.00,0.00,48805.71
1787793067.809,11.60,8.41,3.16,40990.43,124707.89,0.00,9595.00,108267.89,44.43,54106976256.00,367990.76,0.00,42852.52
1787793070.857,14.23,7.40,6.70,49099.18,113969.85,0.00,9564.00,54414.85,1643.71,54131236864.00,6813394.62,0.17,43254.27
1787793073.9,13.99,9.87,3.55,56913.40,162406.10,0.00,9426.00,26033.41,15.80,54288064512.00,234642.45,0.00,60406.72
1787793076.933,12.55,8.18,2.93,45195.61,129374.89,0.00,9484.00,24281.12,0.00,54184964096.00,0.00,0.00,50883.97
1787793079.977,11.46,7.96,3.40,46604.89,134601.28,1.00,9484.00,14744.88,15.83,54184886272.00,89143.93,0.00,51695.39
1787793083.017,16.97,10.65,4.48,51614.79,144201.98,1.00,9481.00,24798.96,0.00,54189416448.00,80911.69,0.00,58482.61
1787793086.054,13.57,7.27,5.03,43857.77,109684.99,0.00,9481.00,26823.41,0.00,54187937792.00,332444.04,0.00,40281.70
1787793089.101,12.22,7.10,3.01,28157.38,95010.78,1.00,9727.00,105932.72,0.00,53929562112.00,105204.65,0.00,24436.64
1787793092.143,14.29,9.37,4.03,47760.48,137884.53,0.00,9765.00,25142.00,0.99,53923561472.00,0.00,0.00,52102.25
1787793095.185,12.74,8.22,4.03,50643.30,130042.07,0.00,10383.00,24025.23,15.88,53271330816.00,1097389.01,0.02,54226.94
1787793098.23,11.53,8.19,3.79,49513.43,132829.03,0.00,10375.00,26849.15,29.66,53277057024.00,279409.86,0.01,55143.58
1787793101.269,13.18,7.40,5.08,47959.08,124287.80,0.00,10388.00,26408.62,0.00,53260308480.00,80808.08,0.00,46706.88
1787793104.304,14.03,10.62,3.95,46578.65,126908.20,0.00,9912.00,258198.50,0.00,53735735296.00,17290618.59,0.15,40812.91
1787793107.338,11.56,7.86,4.43,54771.42,111837.96,0.00,9527.00,26003.76,15.92,54234824704.00,138607.09,0.00,54211.61
1787793110.381,12.13,6.94,5.40,51869.88,100383.32,0.00,9534.00,34644.71,0.00,54229274624.00,12834667.95,0.06,46506.45
1787793113.42,13.06,8.08,3.26,40635.51,92617.58,0.00,9818.00,112754.91,0.00,53878788096.00,484544.40,0.01,36714.99
1787793116.458,10.74,7.80,3.32,43287.09,124324.07,0.00,9657.00,24168.67,0.00,54207008768.00,0.00,0.00,46274.22
1787793119.5,11.90,8.31,3.54,50072.71,122883.81,0.00,10706.00,101370.48,94.54,53104783360.00,399329.06,0.00,51191.01
1787793122.542,12.62,7.78,4.08,43137.66,123311.67,0.00,10703.00,27192.49,0.00,53100863488.00,56476.85,0.00,44087.21
1787793125.585,10.65,5.83,5.22,37100.13,94138.57,0.00,10706.00,27006.21,0.00,53096779776.00,116702.04,0.00,31600.05
1787793128.63,14.75,9.12,4.56,36862.81,101384.85,0.00,9905.00,102283.24,0.00,53942378496.00,109421.91,0.00,35136.88
1787793131.664,11.96,8.03,4.32,56392.68,128336.30,0.00,9899.00,34333.33,31.65,53951373312.00,162057.37,0.00,58679.57
1787793134.704,12.21,8.94,3.16,27000.18,131302.04,0.00,9516.00,13285.44,0.00,54368559104.00,230409.92,0.00,21693.32
1787793137.738,8.52,6.50,2.47,27222.38,100671.74,0.00,9435.00,12411.77,0.00,54246346752.00,36481.24,0.00,22414.18
1787793140.773,8.29,6.11,2.47,32438.96,101537.00,0.00,9439.00,22425.47,0.00,54240903168.00,255332.16,0.01,27596.88
1787793143.807,10.90,7.03,3.01,28344.73,102813.04,0.00,9439.00,22604.99,0.00,54243057664.00,44549.48,0.00,23488.05
1787793146.839,12.51,8.35,4.17,45703.62,136552.78,0.00,9021.00,26657.07,0.00,54681305088.00,12159.40,0.00,50631.90
1787793149.88,11.34,6.33,5.32,36554.55,103104.06,0.00,9020.00,18703.66,0.00,54677815296.00,12128.26,0.00,31587.68
1787793152.918,17.42,14.64,3.02,40840.24,114625.50,0.00,9898.00,171810.36,0.00,53759045632.00,113697.58,0.01,38143.94
1787793155.954,11.41,8.17,3.16,39175.77,127446.27,0.00,9277.00,132275.55,124.28,54450741248.00,674710.54,0.01,35236.59
1787793158.994,12.31,8.31,4.00,43095.17,127935.46,0.00,9122.00,31722.23,31.53,54607781888.00,157417.79,0.00,48720.69
1787793162.035,10.56,6.96,4.10,44125.58,122740.61,0.00,9112.00,25859.18,46.48,54615130112.00,202553.36,0.00,42812.94
1787793165.076,18.52,11.62,6.04,81537.56,101713.15,0.00,10012.00,268085.40,0.00,53661691904.00,312842.68,0.01,77910.74
1787793168.112,21.51,14.48,7.32,53175.00,131392.14,0.00,9757.00,25017.49,0.00,53897957376.00,157536.85,0.01,56984.89
1787793171.154,11.20,8.02,3.32,31909.53,109464.22,0.00,9765.00,102835.95,0.00,53883985920.00,64737.73,0.00,27965.78
1787793174.192,11.28,6.55,4.93,39494.29,109452.65,0.00,9617.00,26663.58,0.00,54041915392.00,145446.31,0.01,35049.52
1787793177.227,11.10,6.27,5.26,31446.50,98489.06,0.00,9614.00,27264.26,0.00,54039953408.00,48677.55,0.00,25401.01
1787793180.274,12.42,8.26,4.40,63133.28,118765.48,0.00,10381.00,118499.66,1.98,53242048512.00,190231.88,0.00,59941.03
1787793183.31,13.68,9.14,3.56,41327.47,124602.41,1.00,9661.00,203105.85,0.00,54001930240.00,296614.20,0.00,44558.53
1787793186.353,11.55,8.36,2.92,50427.07,127256.31,1.00,10570.00,102016.75,0.00,53039161344.00,72395.82,0.00,46112.45
1787793189.395,18.31,9.90,7.68,70827.41,123189.05,0.00,10336.00,64509.34,0.00,53235007488.00,20126.62,0.00,66455.66
1787793192.428,11.14,6.57,5.10,44477.79,94723.68,0.00,10336.00,27236.86,0.00,53234020352.00,72982.70,0.00,38532.94
1787793195.459,12.00,8.73,3.71,42944.09,128921.27,1.00,10259.00,26493.17,1.98,53309849600.00,125578.47,0.01,48169.47
1787793198.501,9.82,6.73,2.40,25276.17,102821.64,0.00,10800.00,12167.04,0.00,52747628544.00,85120.79,0.00,20767.60
1787793201.554,10.16,7.37,2.53,31945.22,110572.35,0.00,10465.00,116330.81,0.00,53099544576.00,136874.11,0.00,27918.71
1787793204.592,15.58,8.56,7.25,35031.10,104673.01,0.00,10302.00,27213.09,0.00,53269901312.00,68700.67,0.00,29171.07
1787793207.64,19.31,9.95,8.72,44581.94,98100.42,0.00,10290.00,27062.42,0.00,53276602368.00,56631.30,0.00,39279.43
1787793210.682,11.42,7.47,4.08,45486.34,133456.08,0.00,10360.00,27233.28,0.00,53213884416.00,665846.90,0.02,49337.23
1787793213.721,7.82,5.80,2.32,25535.43,104023.71,0.00,10951.00,22521.48,1.98,52591624192.00,397183.95,0.00,20590.22
1787793216.76,11.31,7.63,3.39,35494.53,118538.39,0.00,10780.00,63542.49,169.69,52770816000.00,1054690.07,0.01,30096.13
1787793219.801,10.93,6.69,3.53,46278.38,106925.92,1.00,10757.00,20011.08,35.44,52800966656.00,201616.99,0.01,41582.86
1787793222.833,12.32,9.04,3.63,39829.61,216411.03,0.00,10775.00,20504.71,15.82,52775493632.00,255194.34,0.00,26940.88
1787793225.876,11.53,7.20,3.41,37858.19,103351.93,1.00,10369.00,133909.93,15.85,53202300928.00,142021.48,0.00,34185.86
1787793228.913,11.47,7.34,4.56,33969.86,118552.69,0.00,10366.00,32018.94,0.00,53203988480.00,218819.03,0.06,33418.58
1787793231.952,14.01,7.63,6.01,40459.63,99450.68,0.00,10366.00,26403.01,0.00,53205053440.00,44438.33,0.00,35312.65
1787793234.983,14.38,7.53,5.90,31516.68,110310.36,0.00,10373.00,26244.36,142.09,53194768384.00,610500.25,0.00,26402.15
1787793238.022,11.46,7.42,4.25,48859.80,115481.23,0.00,9871.00,373806.34,0.00,53727391744.00,24312.67,0.00,47790.96
1787793241.059,13.97,10.07,4.57,54083.85,124404.84,0.00,10384.00,171087.99,0.00,53180047360.00,580371.63,0.01,54366.65
1787793244.105,9.51,7.18,2.47,24770.77,102865.69,0.00,10978.00,19538.55,0.00,52557213696.00,76901.25,0.00,20569.89
1787793247.155,10.93,7.66,2.68,28222.84,130744.16,0.00,10969.00,13861.08,0.00,52566421504.00,168889.37,0.00,23318.80
1787793250.2,12.06,8.09,4.08,43302.49,103824.44,2.00,10963.00,49446.45,0.00,52568080384.00,24224.95,0.00,38136.56
1787793253.24,8.87,6.64,2.55,29579.43,99031.28,0.00,10977.00,22173.95,15.80,52558245888.00,64718.64,0.01,24548.86
1787793256.277,9.64,6.49,3.01,23171.41,100687.94,0.00,10529.00,74085.84,0.00,53028966400.00,214627.98,0.01,18671.07
1787793259.316,10.52,8.26,2.62,40465.83,139825.29,1.00,10120.00,24044.28,15.81,53459120128.00,97153.58,0.00,45035.19
1787793262.352,12.10,7.65,4.95,52272.35,103596.61,0.00,10122.00,25677.47,14.84,53459443712.00,60804.12,0.00,50791.38
1787793265.394,10.22,7.45,3.46,42524.28,128792.50,0.00,10130.00,24281.76,0.00,53449797632.00,165045.61,0.00,45044.87
1787793268.432,11.64,8.70,3.08,46183.47,147746.09,0.00,10116.00,23520.30,0.00,53461164032.00,60600.83,0.00,52785.13
1787793271.473,10.95,7.56,3.62,48053.70,132908.18,0.00,10115.00,31197.98,0.00,53463932928.00,60583.58,0.00,50866.14
1787793274.512,13.23,8.21,4.18,44269.31,138320.04,1.00,10120.00,23809.11,0.00,53459718144.00,0.00,0.00,45831.08
1787793277.552,13.55,10.08,3.46,47785.17,159843.01,0.00,10110.00,22853.86,45.33,53465829376.00,314857.05,0.00,55009.38
1787793280.592,12.57,10.20,2.47,47907.86,135008.75,0.00,10116.00,22410.00,0.00,53459214336.00,12149.75,0.00,55131.23
1787793283.634,14.76,8.71,5.93,70199.46,161319.42,0.00,10113.00,49013.50,0.00,53464449024.00,210193.77,0.01,69768.95
1787793286.673,13.09,9.44,4.91,47646.19,134137.70,0.00,10115.00,23608.67,0.00,53470224384.00,16078.66,0.00,52029.23
1787793289.72,10.56,7.56,3.24,46871.49,126543.35,0.00,10112.00,24920.71,0.00,53475876864.00,0.00,0.00,49536.42
1787793292.767,10.74,8.14,3.10,44930.30,134825.61,0.00,10125.00,31417.87,15.87,53455151104.00,117845.79,0.00,48213.51
1787793295.803,12.47,8.13,3.87,40381.24,123997.35,0.00,10119.00,23845.42,0.00,53467561984.00,12183.98,0.00,42562.91
1787793298.842,11.95,7.25,5.02,42969.98,99068.92,0.00,10123.00,26198.61,0.00,53453246464.00,242854.92,0.01,38908.97
1787793301.877,11.19,6.32,5.09,39968.88,95779.96,0.00,10128.00,26461.25,0.00,53450870784.00,0.00,0.00,34514.92
1787793304.917,12.81,7.07,5.61,34157.69,99112.57,0.00,10134.00,26600.75,0.00,53445767168.00,52367.52,0.00,28734.00
1787793307.951,16.06,11.50,4.90,68420.58,153817.42,0.00,10129.00,67425.37,0.00,53453004800.00,134520.32,0.00,70918.86
1787793310.997,16.90,11.01,5.85,78069.42,113240.70,1.00,11453.00,192528.23,0.00,52066500608.00,311078.31,0.00,74676.00
1787793314.032,10.86,7.48,2.62,37250.51,105112.79,0.00,11445.00,20031.69,0.00,52068765696.00,137497.80,0.00,31204.47
1787793317.071,11.96,7.42,3.56,37619.90,104868.75,0.00,10742.00,140602.96,0.00,52813561856.00,56733.09,0.00,33052.23
1787793320.107,17.47,11.12,6.41,40135.37,125667.09,0.00,10746.00,31713.08,0.00,52799655936.00,44539.28,0.00,40402.00
1787793323.141,11.81,6.18,5.56,32017.51,94992.75,0.00,10744.00,26532.80,0.00,52803596288.00,40492.70,0.00,26794.64
1787793326.18,11.77,6.72,5.40,45070.72,93271.86,0.00,10746.00,24178.12,0.00,52800147456.00,76876.85,0.00,39751.62
1787793329.215,15.47,9.53,5.11,45918.09,113399.04,0.00,9985.00,597147.30,0.00,53608095744.00,267972.99,0.00,39639.50
1787793332.249,15.97,11.08,5.27,67739.96,314549.89,0.00,9964.00,33101.90,1590.74,53623640064.00,8130366.52,0.08,62699.60
1787793335.282,8.82,6.50,2.94,26739.62,98587.49,0.00,11440.00,29939.42,0.00,52077834240.00,109557.95,0.00,21907.48
1787793338.322,17.52,10.86,6.55,21821.33,116946.20,0.00,11444.00,12704.62,0.00,52079493120.00,129267.17,0.00,17014.37
1787793341.358,9.68,7.68,2.87,37373.99,121154.73,0.00,10711.00,90470.60,0.00,52853444608.00,24418.54,0.00,37204.99
1787793344.394,12.66,8.43,4.56,66404.88,126808.31,0.00,10704.00,47621.54,0.00,52845604864.00,218938.33,0.00,69547.87
1787793347.428,16.54,9.16,7.14,40323.81,154429.26,0.00,10701.00,26062.37,0.00,52888911872.00,504523.49,0.01,33685.74
1787793350.46,16.01,8.43,6.65,39119.70,151366.66,0.00,10702.00,25991.34,0.00,52882276352.00,81112.80,0.00,32787.14
1787793353.505,12.98,6.94,6.01,48874.24,171577.31,0.00,10703.00,26197.74,0.00,52858675200.00,840569.37,0.01,41980.86
1787793356.558,20.69,14.12,5.32,39767.19,208774.02,0.00,9677.00,85895.42,0.00,53924458496.00,0.00,0.00,42245.70
1787793359.605,16.41,12.52,3.46,40875.19,202921.73,0.00,9446.00,32202.88,0.00,54175281152.00,257930.02,0.01,37415.56
1787793362.646,13.56,9.59,4.48,42797.47,250984.13,0.00,8587.00,178950.57,890.44,55045230592.00,3617351.77,0.08,34238.77
1787793365.681,24.28,15.07,8.65,59188.17,221186.74,0.00,8526.00,32130.35,74.22,55206371328.00,786336.17,0.01,60241.59
1787793368.735,19.60,14.67,4.51,73895.62,224359.45,0.00,8870.00,27857.58,46.99,55209340928.00,308759.42,0.00,76126.68
1787793371.776,21.07,14.84,4.33,54460.19,174663.05,0.00,8851.00,25974.34,15.84,55229685760.00,113535.53,0.00,55281.88
1787793374.818,18.24,12.45,6.27,35684.67,191825.51,0.00,8861.00,27371.09,0.99,55214321664.00,101455.14,0.00,28224.37
1787793377.854,14.91,9.42,4.17,42320.80,162806.36,0.00,9360.00,96793.10,0.00,54443515904.00,56651.67,0.01,37455.57
1787793380.892,20.20,10.13,10.59,53519.90,250119.45,0.00,9399.00,206778.03,21.77,54394736640.00,526965.20,0.00,51555.37
1787793383.943,9.03,6.66,3.02,30536.54,150099.86,0.00,9479.00,60056.98,192.13,54242611200.00,949217.58,0.16,25325.12
1787793386.978,16.13,10.40,5.62,25323.71,161022.20,0.00,9479.00,22630.23,63.14,54249848832.00,630429.95,0.01,18760.61
1787793390.022,9.36,6.39,3.00,24074.12,154150.46,0.00,9487.00,22382.27,15.77,54247497728.00,117044.07,0.00,18231.48
1787793393.065,10.25,6.38,3.54,25522.70,154489.62,0.00,9485.00,12121.56,17.72,54245797888.00,165298.14,0.01,19337.96
1787793396.102,16.03,8.75,6.43,24937.81,159410.96,0.00,9493.00,24595.64,31.74,54240702464.00,215307.79,0.00,18507.93
1787793399.14,13.62,9.17,3.85,34220.92,197595.48,2.00,9045.00,139139.76,0.00,54714187776.00,218193.14,0.00,31154.96
1787793402.181,17.56,10.32,7.32,31075.14,162267.16,1.00,9050.00,27236.26,0.00,54706036736.00,755693.16,0.01,30130.63
1787793405.221,13.42,6.46,6.46,26806.46,147058.00,1.00,9048.00,36193.75,0.00,54713237504.00,141316.99,0.00,21372.06
1787793408.255,12.28,6.28,5.81,28616.24,161474.11,0.00,9049.00,25839.15,0.00,54715404288.00,24383.64,0.00,22455.84
1787793411.312,12.81,8.23,5.07,32732.39,159328.33,0.00,10562.00,230452.20,0.00,53119062016.00,44335.94,0.00,27732.83
1787793414.346,12.57,8.70,4.12,44612.93,163084.35,0.00,10225.00,226570.25,62.67,53483450368.00,472656.12,0.01,42063.12
1787793417.391,11.96,8.21,4.34,34345.35,167526.63,0.00,9751.00,24868.79,15.86,53976862720.00,81188.03,0.00,36873.05
1787793420.431,23.67,13.56,9.09,35011.89,174154.05,0.00,9752.00,29345.57,19.73,53972885504.00,216640.17,0.01,34364.17
1787793423.473,11.78,6.57,5.72,29333.38,165383.59,0.00,9759.00,26738.59,28.70,53963255808.00,154032.63,0.01,25736.21
1787793426.516,13.17,7.65,5.95,29019.99,154894.13,0.00,9755.00,37314.23,33.60,53967396864.00,186176.91,0.00,23742.26
1787793429.55,15.05,9.80,5.48,41085.15,216404.11,0.00,9617.00,107306.04,0.00,54143983616.00,230643.48,0.00,44087.35
1787793432.592,12.42,8.34,4.02,40314.85,205526.78,0.00,9627.00,31952.21,15.81,54130561024.00,133596.76,0.00,42809.43
1787793435.629,10.78,7.27,4.02,24582.97,135971.78,0.00,10130.00,21854.06,0.00,53568413696.00,0.00,0.00,18596.94
1787793438.671,11.94,8.24,3.47,44678.70,178157.95,0.00,9630.00,40108.43,0.00,54094299136.00,40370.60,0.00,48506.88
1787793441.707,16.14,10.53,5.19,41772.28,182645.15,0.00,9638.00,23317.20,0.00,54084718592.00,52793.37,0.00,45215.66
1787793444.751,12.63,7.08,5.23,33907.67,165033.92,0.00,9646.00,26552.18,0.00,54079561728.00,137055.72,0.00,30291.39
1787793447.797,13.63,7.15,6.07,31519.94,151231.17,0.00,9639.00,26340.72,15.74,54079483904.00,104760.86,0.00,27262.59
1787793450.843,23.05,13.91,7.49,28631.37,161525.67,0.00,10811.00,290452.91,0.00,52846546944.00,247242.65,0.00,21148.27
1787793453.888,11.51,8.35,3.71,42703.39,195940.93,0.00,11665.00,31439.18,0.00,51986423808.00,72997.04,0.00,49440.07
1787793456.938,11.45,7.06,3.68,30692.40,211378.62,1.00,10966.00,96534.28,26.54,52713811968.00,519421.28,0.01,24093.54
1787793459.989,21.71,13.11,8.13,57945.78,371511.14,0.00,10790.00,101561.21,58.90,52891181056.00,777594.98,0.01,55616.45
1787793463.031,18.51,9.59,9.12,49711.17,389929.60,0.00,10800.00,77362.13,302.79,52885299200.00,2086812.38,0.03,31151.09
1787793466.059,12.84,9.48,3.96,39880.40,205123.66,0.00,10833.00,26727.81,31.82,52819333120.00,252523.52,0.00,45666.54
1787793469.105,11.68,8.04,4.18,36623.27,215180.79,0.00,10830.00,26706.66,1.98,52826886144.00,754221.24,0.00,37833.02
1787793472.141,11.91,7.66,4.25,36970.01,189866.21,0.00,10840.00,23325.75,61.44,52825321472.00,251651.35,0.00,40373.27
1787793475.183,14.15,8.12,6.57,36769.92,212901.21,0.00,10828.00,60883.76,64.32,52827697152.00,526904.61,0.00,30985.11
1787793478.226,18.98,11.72,6.09,38213.91,189875.23,0.00,10827.00,25155.48,15.79,52829966336.00,598346.33,0.01,40197.51
1787793481.258,18.87,9.61,8.45,45582.38,320679.82,0.00,10800.00,55499.95,89.23,52856717312.00,715247.22,0.01,32757.54
1787793484.295,16.13,8.33,8.02,44843.12,279363.36,0.00,10802.00,62844.67,213.04,52858548224.00,1159421.55,0.01,44188.31
1787793487.336,11.52,7.10,3.24,27209.99,145921.43,0.00,10167.00,64543.44,0.00,53551267840.00,32382.40,0.00,21770.81
1787793490.375,15.67,10.52,5.65,45381.27,264822.16,1.00,10023.00,50890.68,44.59,53713907712.00,1018741.00,0.01,48275.04
1787793493.421,9.67,7.03,2.86,25678.08,176256.17,2.00,9607.00,13264.58,40.53,54151913472.00,307713.84,0.00,19547.76
1787793496.457,13.13,8.43,4.56,29814.64,209859.62,0.00,9458.00,84440.16,15.84,54256447488.00,182451.33,0.00,22864.63
1787793499.51,13.42,8.48,4.28,38782.81,209838.80,0.00,9132.00,24002.03,0.00,54601199616.00,0.00,0.00,42733.36
1787793502.557,10.92,8.31,3.54,38890.93,197783.68,0.00,9118.00,22504.71,2.95,54621843456.00,52429.59,0.00,44564.87
1787793505.599,21.11,12.50,8.00,39059.84,243140.99,0.00,9100.00,46757.08,88.49,54637105152.00,542636.24,0.01,36121.47
1787793508.639,17.75,11.13,5.57,40229.86,221047.54,0.00,9105.00,26289.83,14.84,54637637632.00,89171.88,0.00,42992.65
1787793511.679,22.41,12.51,8.65,38228.66,193985.66,0.00,9110.00,24996.88,46.48,54635032576.00,174189.91,0.00,37604.12
1787793514.71,17.97,11.32,5.81,39319.02,205347.54,0.00,9132.00,24246.18,3.97,54609100800.00,16264.05,0.00,41109.06
1787793517.744,12.45,7.72,5.10,34146.27,187747.66,0.00,9128.00,40384.23,16.80,54616653824.00,202365.82,0.00,32252.77
1787793520.784,16.31,9.14,6.97,36863.12,236539.44,0.00,9127.00,40215.85,3.96,54616117248.00,5352691.42,0.02,29690.86
1787793523.821,18.48,9.60,8.21,31067.34,187194.50,0.00,9114.00,44070.50,0.00,54600097792.00,186866.22,0.01,24252.65
1787793526.869,14.02,9.66,4.64,37505.74,201402.34,0.00,10296.00,327729.88,15.83,53367525376.00,109398.27,0.00,31057.20
1787793529.9,12.41,8.16,4.12,38443.00,211415.11,0.00,10323.00,26176.58,15.90,53368045568.00,358211.65,0.01,41659.03
1787793532.949,19.08,12.05,7.45,51745.77,440245.17,0.00,9411.00,144597.31,73.75,54340259840.00,616205.97,0.01,48972.12
1787793535.995,12.54,7.26,4.79,34452.08,201066.17,0.00,9402.00,28174.23,15.81,54331121664.00,255035.72,0.00,31886.82
1787793539.025,15.68,8.15,7.68,32709.40,214634.15,0.00,9393.00,45167.52,14.90,54355386368.00,179032.98,0.01,25517.69
1787793542.056,12.62,7.77,5.83,29749.39,165197.94,0.00,9420.00,21156.53,0.00,54340792320.00,52939.06,0.00,26305.66
1787793545.087,14.04,9.15,5.20,43266.12,240318.65,0.00,10412.00,99673.24,141.01,53314609152.00,817064.14,0.01,41715.98
1787793548.139,10.85,8.64,3.13,33293.30,136156.04,0.00,10064.00,219539.96,0.00,53684211712.00,268475.21,0.00,29134.25
1787793551.188,16.95,11.27,5.94,44580.33,239283.80,0.00,9553.00,160577.97,3.95,54231605248.00,161456.78,0.01,43407.18
1787793554.228,12.39,9.05,3.79,43816.00,182128.01,1.00,9576.00,76916.60,15.82,54211395584.00,336246.06,0.02,45327.11
1787793557.27,16.22,10.29,4.95,43776.78,170624.25,0.00,9600.00,62181.69,37.64,54097694720.00,259645.69,0.01,47861.16
1787793560.312,12.96,10.14,3.48,38824.54,159961.49,0.00,9605.00,25222.12,13.88,54094041088.00,235514.83,0.00,46665.24
1787793563.35,14.70,8.65,5.17,39714.00,151997.49,0.00,9597.00,25147.56,0.00,54103158784.00,40455.76,0.00,42749.17
1787793566.409,17.88,11.25,6.78,41242.65,179549.22,1.00,9591.00,56742.42,46.35,54106640384.00,271161.19,0.00,44745.37
1787793569.453,11.44,7.72,3.86,35828.57,153315.63,0.00,9592.00,24762.30,15.81,54106243072.00,182086.76,0.11,40063.41
1787793572.495,12.29,8.98,3.95,41890.27,169013.01,0.00,9575.00,48199.16,31.69,54135480320.00,227175.67,0.00,47098.94
1787793575.53,13.08,8.75,4.88,35035.68,157822.50,0.00,9573.00,48811.27,16.84,54139686912.00,170381.87,0.00,37212.05
1787793578.562,16.67,9.85,6.13,39288.99,194465.29,0.00,9592.00,49996.31,537.10,54106169344.00,2276731.90,0.02,39729.88
1787793581.613,15.14,9.80,5.09,35138.75,178087.41,0.00,9611.00,26119.88,0.00,54093795328.00,359830.93,0.01,37050.31
1787793584.652,12.81,6.95,6.26,27481.13,115876.08,0.00,9603.00,52258.46,0.00,54096498688.00,32406.14,0.00,20757.19
1787793587.689,18.57,9.85,8.77,27022.88,107835.43,0.00,9606.00,34425.43,0.00,54089805824.00,40341.77,0.00,20750.44
1787793590.737,11.98,7.87,4.24,27011.51,134580.71,0.00,10059.00,103324.13,0.00,53704556544.00,101092.01,0.00,24405.25
1787793593.771,14.97,8.96,5.56,31592.31,136800.78,0.00,9896.00,65175.58,0.00,53942788096.00,397013.54,0.00,34394.78
1787793596.82,16.79,10.29,5.57,36487.50,140449.45,0.00,9217.00,19331.19,3.96,54572470272.00,28396.11,0.00,39531.40
1787793599.864,20.01,11.53,7.58,36559.57,172863.31,0.00,9215.00,48627.30,26.73,54584422400.00,271657.18,0.05,36406.82
1787793602.9,11.25,7.58,4.02,28889.61,136838.20,0.00,9219.00,27479.54,15.84,54579433472.00,113566.10,0.00,25277.94
1787793605.934,16.10,9.98,6.73,29056.90,142686.38,2.00,9838.00,263686.12,0.00,53932621824.00,300343.16,0.01,22837.25
1787793608.986,18.21,9.91,7.82,38461.44,206030.18,0.00,9226.00,59334.42,1952.07,54587539456.00,8380439.80,0.05,40137.98
1787793612.031,15.84,8.83,6.59,26449.10,186918.37,0.00,9921.00,25779.52,3118.78,53852598272.00,14357108.63,0.06,21216.55
1787793615.065,19.47,10.23,8.45,40710.19,209371.95,0.00,9447.00,29130.71,953.14,54355341312.00,5153776.05,0.04,47033.64
1787793618.098,20.30,10.79,8.85,37902.56,164334.15,0.00,9528.00,62353.06,35976.44,54178574336.00,146988205.96,0.32,38847.79
1787793621.141,20.25,11.01,8.45,41646.70,156303.62,0.00,9536.00,87754.76,62661.56,54175162368.00,256852771.93,0.39,47503.17
1787793624.181,21.08,9.74,10.98,34342.85,145442.93,0.00,9545.00,89182.44,63980.02,54174412800.00,262199852.59,0.39,33560.89
1787793627.235,21.29,11.42,9.50,40358.08,144835.75,0.00,9532.00,91406.19,63416.34,54167064576.00,259841702.40,0.39,42920.02
1787793630.282,23.78,10.91,11.92,48599.49,130352.76,0.00,9512.00,89188.99,53798.55,54174416896.00,220411570.37,0.61,45890.17
1787793633.323,18.40,7.77,11.19,45730.26,195611.26,0.00,9508.00,117341.91,66587.05,54174490624.00,272907476.41,0.41,37155.72
1787793636.37,17.88,10.20,8.11,53152.81,121528.14,0.00,10003.00,174752.09,66521.79,53663772672.00,272558234.48,0.41,50625.94
1787793639.418,17.08,7.97,9.59,46623.86,157295.51,0.00,9797.00,269185.85,66149.55,53899251712.00,271796065.58,0.41,44334.69
1787793642.461,22.86,14.25,9.06,62458.35,260751.73,1.00,9164.00,108646.22,61629.76,54578012160.00,252711550.80,0.38,62910.77
1787793645.491,21.89,9.98,11.91,62205.62,244811.33,0.00,9204.00,119852.66,63001.52,54501847040.00,258158628.84,0.40,59568.83
1787793648.539,17.12,8.88,8.27,35021.47,136483.04,0.00,9257.00,90483.09,62794.77,54471098368.00,257251896.09,0.39,34177.48
1787793651.581,19.07,8.91,9.38,28677.46,116728.31,0.00,9554.00,118923.36,66148.00,54174666752.00,271007193.47,0.40,23770.24
1787793654.625,20.18,9.10,10.66,49583.86,210010.54,0.00,9295.00,130667.81,66006.01,54533758976.00,271349941.81,0.44,41587.58
1787793657.672,29.22,12.38,15.47,37400.09,159118.42,0.00,9302.00,117353.25,63681.61,54522994688.00,260884489.19,0.39,28328.21
1787793660.718,19.47,11.84,7.50,66142.70,144177.80,0.00,9708.00,167794.32,55273.83,54105272320.00,226616500.94,0.52,61253.73
1787793663.752,18.47,10.65,7.31,42531.30,138419.32,1.00,10156.00,274338.78,63371.03,53742399488.00,259938250.14,0.40,42664.14
1787793666.793,21.99,12.52,8.56,49410.31,180224.67,0.00,9624.00,100872.49,63146.23,54191902720.00,258854941.27,0.39,52305.54
1787793669.833,22.67,10.07,12.01,46749.96,170571.50,1.00,9626.00,125547.92,60652.16,54186033152.00,248770190.55,0.39,43555.94
1787793672.883,21.52,10.61,9.76,41393.90,165568.67,0.00,9605.00,91354.32,63112.59,54200401920.00,259370129.35,0.41,37377.44
1787793675.935,22.69,12.03,10.27,44678.26,161311.04,0.00,9869.00,89028.04,63446.19,53900881920.00,260200928.63,0.39,46066.95
1787793678.973,19.96,10.88,9.42,38711.71,150303.86,0.00,9056.00,223547.97,65134.54,54752894976.00,266867974.41,0.41,30878.21
1787793682.003,19.09,8.14,10.16,29692.14,112858.31,0.00,9066.00,91051.12,64239.14,54748602368.00,263306512.75,0.39,22229.95
1787793685.048,22.38,10.36,11.06,32116.00,115136.04,0.00,9065.00,94483.46,66771.52,54748233728.00,273706937.67,0.40,26863.26
1787793688.083,25.46,14.46,11.06,70252.57,180030.08,0.00,9948.00,194585.33,67600.23,53858467840.00,277106391.60,0.42,65537.83
1787793691.138,19.52,11.09,8.55,43072.34,154672.81,0.00,10378.00,262204.88,59237.53,53398315008.00,245768749.78,0.38,41691.52
1787793694.181,26.69,16.63,9.86,55869.94,238011.99,0.00,9915.00,111818.76,67287.28,53896454144.00,275846986.52,0.42,57448.39
1787793697.224,16.10,8.58,7.97,40098.90,152600.66,0.00,9921.00,88738.90,64523.80,53893709824.00,264321897.97,0.40,42252.50
1787793700.265,19.81,8.83,10.15,35642.22,140134.79,0.00,9924.00,94929.86,62103.59,53893963776.00,254579437.44,0.38,34377.72
1787793703.299,26.82,14.75,11.41,50145.01,276109.86,0.00,9921.00,90801.01,64407.33,53897842688.00,264056966.66,0.39,46277.00
1787793706.332,17.53,8.90,9.21,36471.65,149897.72,0.00,9950.00,91687.58,64523.64,53822713856.00,264423823.63,0.40,36010.57
1787793709.366,17.25,7.77,10.41,34641.31,136411.34,0.00,9960.00,89885.82,63719.88,53809983488.00,260988488.50,0.39,29814.77
1787793712.411,21.05,10.91,10.14,33727.41,123526.19,0.00,9099.00,310735.82,66305.97,54723063808.00,271897555.05,0.41,27962.84
1787793715.453,20.14,11.87,7.61,41380.85,141975.69,0.00,9141.00,65586.24,6.95,54671618048.00,712133.67,0.01,46446.81
1787793718.484,12.82,8.36,3.48,47629.46,129745.15,0.00,9461.00,239252.57,0.00,54327410688.00,393842.87,0.01,45756.07
1787793721.526,9.62,6.80,3.17,29945.95,120916.95,0.00,9323.00,66022.48,0.00,54478422016.00,287560.19,0.00,25017.62
1787793724.563,11.20,7.29,3.02,21672.51,117641.38,0.00,9295.00,11396.44,47.68,54524817408.00,231893.82,0.00,17304.98
1787793727.608,16.80,11.05,4.64,36921.18,139996.76,0.00,8926.00,133451.46,2.97,54903681024.00,105357.92,0.00,34748.49
1787793730.669,14.08,7.64,5.81,26753.99,132393.86,0.00,8904.00,51238.35,0.98,54917734400.00,212465.95,0.00,22467.18
1787793733.725,13.93,8.43,6.06,33876.88,152917.42,3.00,8884.00,39796.29,76681.44,54957285376.00,314298660.13,15.08,30345.79
1787793736.766,17.89,9.15,7.68,42771.69,174053.42,0.00,8926.00,50353.07,120.06,54862180352.00,555758.07,0.01,40633.97
1787793739.797,16.23,9.24,6.13,32847.32,122725.56,0.00,8940.00,25874.02,0.00,54852595712.00,36613.56,0.00,29392.41
1787793742.828,16.67,9.43,6.11,36720.88,127343.14,0.00,8953.00,33974.93,0.00,54849986560.00,44600.39,0.00,31587.27
1787793745.861,17.68,10.63,6.36,49173.66,122870.62,1.00,8922.00,26828.76,0.00,54871912448.00,796750.58,0.01,47311.63
1787793748.895,15.78,8.53,7.37,41546.44,201951.47,0.00,8887.00,76268.59,261.14,54931050496.00,397037.94,0.01,32703.52
1787793751.956,19.58,16.54,3.91,35165.15,120584.30,0.00,10257.00,316046.06,22.55,53477363712.00,385596.76,0.01,31937.73
1787793755.011,12.57,7.98,3.99,59014.80,140966.05,0.00,9891.00,236771.41,0.00,53889327104.00,309408.78,0.01,56899.65
1787793758.044,15.02,9.73,5.41,47954.08,150982.68,0.00,9427.00,26400.82,15.83,54369144832.00,125642.61,0.00,51865.58
1787793761.082,18.26,8.11,10.20,47016.10,255939.76,0.00,9409.00,49962.09,1502.17,54404063232.00,6152870.62,0.06,43986.93
1787793764.127,30.36,15.98,13.51,61476.84,295555.57,0.00,9398.00,141487.04,1598.62,54415495168.00,6470056.45,0.06,56750.89
1787793767.174,18.51,8.97,9.82,41318.54,181516.73,0.00,9982.00,158635.51,65155.21,53761421312.00,267144644.96,0.42,32626.63
1787793770.208,18.66,9.04,9.89,39975.77,176936.04,0.00,9505.00,152160.29,64095.42,54277394432.00,262927423.67,0.36,38636.70
1787793773.255,19.65,9.04,10.89,43242.47,205519.41,0.00,9504.00,124944.01,67858.53,54280306688.00,278308971.71,0.39,40671.07
1787793776.3,16.04,7.46,9.47,34768.71,135082.12,0.00,9502.00,94818.12,68536.04,54284697600.00,280743798.97,0.38,34078.29
1787793779.348,17.08,7.88,8.89,33668.46,223662.27,1.00,10310.00,118765.29,67233.08,53387534336.00,275674312.72,0.38,25501.38
1787793782.397,22.51,10.04,12.72,42433.14,161121.76,1.00,10219.00,152097.96,62810.51,53566025728.00,257436581.79,0.35,46122.66
1787793785.434,30.66,13.98,15.61,49008.83,239644.51,1.00,10113.00,180270.61,64287.70,53642477568.00,263469920.22,0.38,51156.14
1787793788.467,31.09,13.13,17.33,50781.38,251843.58,0.00,10147.00,272914.24,65351.85,53645688832.00,267897057.85,0.37,36820.06
1787793791.521,26.70,16.03,11.81,31984.93,160678.14,0.00,9226.00,408560.34,63193.78,54604427264.00,259492744.57,0.40,22960.92
1787793794.556,22.59,10.38,12.32,36866.34,215818.80,0.00,9539.00,177633.43,64408.25,54296477696.00,263990849.71,0.37,28424.82
1787793797.596,23.43,10.01,14.28,45503.54,196463.67,1.00,9291.00,173010.78,62315.62,54509588480.00,255875273.82,0.35,46270.46
1787793800.638,30.49,13.79,15.81,50688.64,292254.73,0.00,9254.00,194878.80,59757.36,54548115456.00,245110374.60,0.34,48245.48
1787793803.679,24.80,10.54,14.50,47199.94,201252.76,0.00,9283.00,193495.06,66519.79,54513635328.00,272639769.28,0.37,44147.65
1787793806.733,37.05,15.03,21.54,58008.33,279076.23,0.00,9242.00,248898.75,129092.10,54570315776.00,531777018.65,1.28,49494.30
1787793809.785,35.01,15.44,19.43,77833.72,292310.56,0.00,9183.00,256531.99,126530.03,54596689920.00,605734335.28,1.68,74828.99
1787793812.844,37.04,13.46,23.18,50881.46,222305.00,0.00,9174.00,227886.43,127129.68,54585942016.00,527209528.94,1.01,50195.71
1787793815.907,37.57,14.90,22.19,52472.81,208633.61,0.00,9143.00,226452.38,172532.34,54586052608.00,706999815.48,1.59,54415.93
1787793818.956,35.64,12.12,24.70,54407.93,229476.61,0.00,9136.00,262320.39,198490.53,54589259776.00,813812082.33,1.96,42975.32
1787793822.004,42.18,17.48,24.95,58713.27,293149.60,0.00,8897.00,317517.65,176158.52,54845358080.00,722478995.44,1.57,54126.89
1787793825.054,40.00,18.58,22.06,65023.35,363873.23,0.00,9999.00,347272.93,190875.16,53702381568.00,785334638.72,2.00,54624.67
1787793828.096,32.13,15.54,17.08,68443.16,248224.84,0.00,9858.00,233263.32,190956.80,53796356096.00,782308030.54,2.23,67994.34
1787793831.148,37.03,17.04,20.68,76482.21,306052.82,0.00,9823.00,294949.99,183463.50,53792374784.00,791137202.39,2.11,74462.30
1787793834.188,31.15,14.03,17.83,73590.86,282480.75,0.00,9790.00,229062.77,179093.41,53790765056.00,767997180.78,2.03,73850.10
1787793837.227,34.57,11.34,23.08,65139.16,194820.96,0.00,9718.00,210615.86,188967.10,53848064000.00,804141863.96,2.74,59464.29
1787793840.276,36.33,16.25,19.81,88524.27,289969.26,0.00,9679.00,253542.97,183177.37,53886091264.00,741155473.56,3.86,80702.52
1787793843.308,40.43,17.79,22.06,73185.84,250916.20,0.00,9638.00,252213.21,215091.05,53894680576.00,948749228.51,4.42,76608.97
1787793846.371,44.85,17.97,26.31,73789.18,335567.41,0.00,9602.00,299018.56,221193.20,53920534528.00,904859020.45,4.22,71202.98
1787793849.408,45.54,13.96,32.43,72565.58,196769.84,1.00,9572.00,369837.94,220802.17,53888483328.00,928466821.45,6.02,64629.12
1787793852.446,37.07,16.72,19.91,66546.26,212204.49,0.00,9515.00,248266.85,215606.53,53905018880.00,908286978.75,3.42,73011.15
1787793855.496,38.34,15.55,22.37,58285.55,144378.21,0.00,9440.00,269783.75,221228.64,53902454784.00,906224769.47,3.96,56213.64
1787793858.524,39.46,18.96,19.97,61897.87,265204.12,0.00,9479.00,258326.02,215691.39,53870010368.00,922049904.94,3.81,67792.17
1787793861.588,41.27,17.75,23.85,70825.40,326854.90,0.00,9518.00,302982.93,213575.96,53819248640.00,911272618.04,3.45,72359.06
1787793864.637,38.72,15.40,22.90,58813.27,241307.09,0.00,9505.00,252238.80,214898.51,53816000512.00,911353316.50,3.42,59976.92
1787793867.696,40.63,17.22,22.80,59716.32,259081.07,0.00,9498.00,251700.60,214451.69,53809414144.00,879011120.63,3.26,64944.78
1787793870.753,36.13,17.84,19.38,72959.96,362913.06,0.00,9470.00,242386.37,176436.30,53790236672.00,776777531.56,2.35,73587.64
1787793873.802,36.93,15.23,21.58,68045.07,342937.13,0.00,9459.00,266837.12,165320.78,53879308288.00,701306583.76,1.72,59053.86
1787793876.86,38.74,17.01,21.86,59367.16,362502.18,0.00,9448.00,246492.27,164624.11,53883736064.00,696143529.22,1.65,50110.84
1787793879.9,38.00,16.61,20.95,50220.88,335065.76,0.00,9420.00,237104.90,168608.96,53889650688.00,693128690.38,1.59,39909.36
1787793882.956,37.64,17.34,19.87,61600.22,453594.73,0.00,8897.00,213467.73,173319.68,54386974720.00,759287649.18,1.78,45135.27
1787793886.006,25.16,12.37,13.22,48833.86,289520.55,0.00,8568.00,230023.09,116643.50,54707138560.00,542809593.86,1.31,39929.04
1787793889.061,22.20,10.13,13.35,46850.77,146851.72,0.00,8578.00,132741.39,108176.24,54685970432.00,460528826.49,0.78,47893.13
1787793892.096,22.83,10.47,12.88,48845.49,149728.49,0.00,8819.00,139784.06,112877.69,54447869952.00,462280413.23,0.76,40304.81
1787793895.143,20.57,8.05,13.03,31309.75,124880.73,1.00,8824.00,137068.74,110386.06,54442700800.00,452162391.77,0.74,24364.96
1787793898.186,22.41,9.06,14.02,37482.66,150221.96,0.00,8634.00,211160.89,115065.80,54645760000.00,471646893.87,0.78,28354.18
1787793901.224,25.05,9.70,15.21,39383.66,179913.99,1.00,8303.00,238682.03,108502.49,54998757376.00,444521295.90,0.72,29540.68
1787793904.267,23.87,8.81,15.54,53509.50,240634.38,0.00,8258.00,182179.94,110045.74,55064174592.00,450107829.63,0.80,51616.71
1787793907.313,26.69,10.97,16.95,43564.96,186719.46,0.00,8317.00,166466.09,112688.07,55027654656.00,461583920.26,0.80,36365.33
1787793910.35,19.82,8.61,10.31,34429.98,138940.53,0.00,8290.00,101733.67,48831.84,55022055424.00,200120991.10,0.27,32864.74
1787793913.376,18.54,8.95,9.80,30945.29,122916.69,0.00,8292.00,79411.41,47929.30,55015006208.00,196328617.89,0.27,25514.30
1787793916.412,20.55,8.91,12.40,34939.53,161477.28,1.00,8307.00,100417.42,45008.55,55018823680.00,184401741.90,0.26,26101.59
1787793919.454,19.07,8.39,10.87,29697.67,136671.12,0.00,8321.00,81124.40,46310.80,55002996736.00,189733805.36,0.26,22535.43
1787793922.507,28.90,18.30,10.89,95160.71,243694.35,0.00,10068.00,140084.18,67302.19,53162356736.00,274994799.38,0.53,96627.13
1787793925.561,25.88,9.43,17.48,38750.78,150085.97,1.00,9419.00,286477.65,106165.02,53863182336.00,434873999.65,0.76,32994.42
1787793928.607,33.65,11.56,21.19,49352.86,204444.35,0.00,9236.00,227037.15,105839.29,54047174656.00,433572312.74,0.76,46089.10
1787793931.648,31.80,12.82,18.25,43142.05,155292.89,0.00,9248.00,193341.16,105335.59,54037536768.00,431796229.40,0.75,47036.69
1787793934.697,30.88,12.59,17.97,43888.31,195570.32,0.00,9235.00,220693.46,119421.00,54038622208.00,488919317.19,0.99,42147.01
1787793937.748,30.56,13.60,16.82,49881.40,275019.51,0.00,9260.00,213620.89,86562.60,54043451392.00,355100295.43,1.63,47740.27
1787793940.793,30.06,11.21,18.66,48136.27,276192.69,0.00,9259.00,227042.26,105927.70,54047969280.00,433899481.94,0.79,47952.93
1787793943.847,34.61,15.01,20.06,55922.96,251248.00,0.00,9221.00,244834.37,108908.18,54088679424.00,446286148.22,0.82,51325.38
1787793946.893,29.31,10.07,19.21,50089.06,208511.59,0.00,9240.00,213797.78,107372.17,54050254848.00,439938331.06,0.81,51805.42
1787793949.933,31.31,12.16,18.20,43769.71,175889.03,0.00,9239.00,219646.85,111753.68,54059839488.00,458385865.65,0.84,39688.66
1787793952.984,27.86,10.43,17.48,39731.42,136493.71,0.00,9214.00,194385.74,108304.76,54076465152.00,443771655.75,0.80,38847.13
1787793956.04,35.37,13.78,20.90,55188.07,317835.49,0.00,9219.00,254382.74,107370.17,54060601344.00,440097552.01,0.81,53233.16
1787793959.085,35.69,13.31,22.00,47548.76,277896.70,1.00,9212.00,242344.19,104781.76,54091628544.00,429270776.55,0.78,40474.56
1787793962.126,33.49,12.27,20.87,45831.18,214538.93,0.00,9217.00,239032.52,108605.34,54089240576.00,444989286.02,0.81,40709.87
1787793965.172,28.18,9.76,18.98,43043.37,207259.30,1.00,9447.00,231170.63,103038.44,53844418560.00,422817946.05,0.76,32422.69
1787793968.206,30.72,13.53,17.49,57536.88,282094.90,0.00,9152.00,215794.87,74664.37,54149402624.00,306124680.31,1.28,56237.30
1787793971.266,27.31,11.34,17.08,47117.81,141814.96,1.00,9651.00,243015.62,109136.75,53618589696.00,447136508.88,0.81,41670.98
1787793974.306,28.60,10.88,17.09,34218.86,127929.54,0.00,9650.00,193330.25,107978.57,53624475648.00,442414676.42,0.80,26211.30
1787793977.343,26.56,9.24,18.24,38712.73,160004.55,0.00,9101.00,301231.82,106082.50,54209150976.00,434971490.11,0.79,31272.42
1787793980.379,42.77,16.49,26.95,65605.96,263973.29,0.00,9013.00,267411.21,99065.20,54195236864.00,405439620.41,0.84,63989.59
1787793983.424,22.22,7.87,14.66,31502.73,116809.94,0.00,9104.00,154755.43,63333.32,54182891520.00,259550818.49,0.39,28339.36
1787793986.472,21.65,9.28,12.92,36723.29,139647.12,0.00,9147.00,150042.88,62293.35,54128144384.00,255214381.41,0.38,36503.55
1787793989.505,27.93,11.66,15.39,48995.69,259649.28,0.00,9151.00,191659.92,64077.88,54131466240.00,261694460.11,0.47,42780.17
1787793992.542,26.72,10.36,16.00,36980.30,158584.35,0.00,9156.00,171504.12,64855.95,54122123264.00,265049000.19,0.41,31293.55
1787793995.572,31.84,11.33,19.87,38071.98,137488.70,1.00,9159.00,219324.12,129967.35,54144139264.00,534341180.28,0.95,33089.14
1787793998.607,26.28,10.52,16.32,37957.95,167234.09,0.00,9137.00,186138.78,90967.55,54159228928.00,372793761.59,1.29,35126.84
1787794001.646,34.40,14.19,20.16,56305.89,202378.46,0.00,9658.00,247522.82,127422.70,53621231616.00,522103279.02,0.94,58378.50
1787794004.686,30.62,12.96,18.24,47314.75,177582.05,0.00,9185.00,490901.38,126672.63,54090756096.00,519069259.62,0.93,43861.06
1787794007.728,29.27,11.03,17.63,44667.23,176374.61,0.00,8743.00,214232.41,126125.09,54560948224.00,516437428.27,0.91,48217.43
1787794010.784,31.22,13.39,18.08,44601.74,194772.86,0.00,8976.00,546055.04,124443.17,54318317568.00,509701064.83,0.93,37541.97
1787794013.823,31.05,12.27,17.86,51271.06,193900.29,0.00,8963.00,224068.21,123489.27,54345158656.00,504134430.59,1.00,54221.32
1787794016.869,34.81,11.52,23.11,50027.12,184776.29,0.00,8987.00,289971.72,181825.83,54330490880.00,744795837.35,1.67,49070.12
1787794019.916,49.00,18.48,30.22,57735.90,281779.57,0.00,8731.00,435010.64,173082.10,54636441600.00,710672501.91,1.52,46578.37
1787794022.963,44.82,21.87,22.72,40717.62,126056.68,0.00,9327.00,526115.65,179599.47,53991829504.00,736174445.05,1.63,35159.12
1787794026.013,21.28,10.11,11.50,44257.52,152286.27,0.00,9052.00,152815.70,126827.36,54287441920.00,519533424.81,0.85,47781.76
1787794029.061,26.11,16.37,10.71,67360.60,179644.90,0.00,10369.00,158311.55,94865.71,52893970432.00,388724357.16,1.22,72415.19
1787794032.101,28.78,10.46,18.31,47999.58,201365.65,0.00,10379.00,207689.96,129282.07,52890783744.00,529762221.79,0.90,35135.83
1787794035.147,26.86,10.45,15.71,40478.84,143540.20,0.00,10391.00,160194.26,132391.25,52891258880.00,542174638.94,0.91,33486.19
1787794038.183,24.19,10.50,14.77,46370.45,194511.37,0.00,10420.00,173755.04,124164.65,52807647232.00,508786389.05,0.84,43072.68
1787794041.235,28.76,13.34,15.65,60557.96,319091.08,0.00,9681.00,253420.15,120375.63,53585276928.00,493139459.41,0.82,59206.54
1787794044.276,36.48,17.66,19.06,58684.04,257903.43,0.00,10128.00,488602.78,125575.63,53105500160.00,514951593.01,0.86,49688.88
1787794047.321,24.32,9.07,14.27,44880.49,200873.18,0.00,10004.00,303079.60,77057.30,53262680064.00,315687723.02,0.48,32005.80
1787794050.361,25.57,11.96,13.88,45260.62,212725.70,0.00,9829.00,351815.51,80121.45,53434351616.00,328115771.44,0.52,33400.28
1787794053.411,27.64,13.51,13.81,54599.75,201340.86,0.00,9667.00,233047.18,129392.31,53611589632.00,530353415.47,0.95,55129.58
1787794056.447,30.43,13.14,16.79,50037.01,161898.35,1.00,9657.00,206234.60,183175.02,53625290752.00,750626998.88,1.57,52428.71
1787794059.499,30.17,13.84,16.69,53093.44,194646.77,0.00,9645.00,201973.33,174912.49,53627793408.00,716550373.54,1.53,54890.31
1787794062.532,30.23,12.51,17.71,52095.04,192457.97,0.00,9662.00,212943.42,184112.38,53620703232.00,754156891.76,1.62,47301.72
1787794065.585,32.03,12.02,19.42,48469.32,159690.69,1.00,9678.00,238122.85,186269.97,53591699456.00,762590190.28,1.66,49395.57
1787794068.627,29.59,11.26,18.32,54727.90,198730.32,0.00,9685.00,235965.73,187086.55,53594750976.00,766515170.45,1.81,55152.42
1787794071.668,29.26,8.91,21.08,38459.78,135738.20,0.00,9691.00,221641.80,192026.23,53569519616.00,786662287.70,1.86,29880.59
1787794074.726,29.63,9.39,20.33,41288.82,135172.17,0.00,9696.00,231162.41,194685.27,53568651264.00,797467172.74,1.86,33328.47
1787794077.767,33.26,9.00,23.59,45892.43,160786.86,1.00,9736.00,246741.21,186980.47,53535379456.00,765936552.09,1.78,34568.27
1787794080.815,40.00,21.66,19.25,58069.27,208391.55,1.00,9512.00,569314.63,175634.27,53747961856.00,718894461.79,1.70,49907.43
1787794083.864,35.74,15.08,20.70,53992.13,211419.35,0.00,9034.00,437261.50,185149.79,54358274048.00,757616500.91,1.84,46094.52
1787794086.911,34.78,14.11,19.93,52371.61,184423.57,1.00,8575.00,232893.22,183080.22,54829510656.00,749885908.96,1.67,52282.32
1787794089.963,38.50,15.78,23.09,58675.92,270894.23,1.00,8563.00,290168.80,178811.94,54844739584.00,732443979.95,1.61,52836.96
1787794093.022,35.36,15.22,19.68,39194.18,130085.63,0.00,9130.00,433461.08,190182.58,54237421568.00,780478470.10,1.82,32455.43
1787794096.072,22.06,10.84,12.22,43739.36,159593.65,0.00,8743.00,166031.20,131152.20,54620762112.00,537219056.49,0.95,45064.35
1787794099.114,25.99,11.63,14.09,46208.06,134936.79,0.00,9198.00,378516.72,122454.31,54216224768.00,501949820.30,0.86,42599.69
1787794102.157,22.11,10.16,11.95,42661.83,146654.13,0.00,8837.00,148717.84,123187.05,54542598144.00,504566018.78,0.86,45922.21
1787794105.214,21.36,10.13,12.20,44123.10,157489.30,0.00,8831.00,148866.42,124543.17,54544863232.00,510148930.20,0.87,49568.32
1787794108.264,26.56,9.59,16.50,39802.55,146586.60,1.00,8829.00,169121.32,127527.46,54527107072.00,522429400.29,0.92,32989.06
1787794111.327,23.49,10.83,13.15,46628.53,149124.72,0.00,9358.00,229034.15,126657.81,53971070976.00,518794427.20,0.90,44337.12
1787794114.364,36.64,17.91,17.91,46029.82,171932.45,0.00,9020.00,381256.06,129658.23,54326018048.00,531411920.81,0.94,38813.97
1787794117.407,22.70,10.14,13.00,44864.08,158895.27,0.00,8557.00,155641.34,122804.04,54813560832.00,503037789.38,0.87,48295.76
1787794120.444,26.85,12.46,13.47,43284.82,170787.95,0.00,8547.00,156239.17,127047.52,54823219200.00,520538252.32,1.33,44941.78
1787794123.477,24.04,10.02,14.99,42418.46,206784.53,0.00,8552.00,163884.63,129095.60,54812717056.00,528614126.69,0.90,32209.17
1787794126.512,28.03,11.18,17.78,42785.43,262338.99,0.00,8372.00,447782.55,130120.56,54979649536.00,533171545.50,0.97,30508.51
1787794129.57,37.39,15.65,22.48,55120.90,305791.32,0.00,9216.00,253258.51,129452.58,54137094144.00,532462032.93,1.01,53482.35
1787794132.607,29.86,12.17,18.45,47745.80,176506.13,1.00,8857.00,324623.17,124903.49,54519115776.00,512292087.27,0.88,50013.21
1787794135.655,26.19,9.15,17.83,38942.91,132850.74,1.00,9228.00,343989.45,129001.13,54117695488.00,528730266.41,1.02,36154.32
1787794138.696,34.80,12.40,21.63,45937.65,188910.60,1.00,9251.00,269077.14,130934.61,54082105344.00,535875653.46,1.12,42269.71
1787794141.751,31.17,10.97,19.87,34732.75,120984.95,0.00,9914.00,214797.05,122515.39,53471735808.00,501851164.06,0.91,26789.23
1787794144.795,28.36,10.78,18.38,43924.82,153829.15,0.00,10088.00,213880.78,122742.27,53219053568.00,502509542.64,0.92,44327.08
1787794147.825,26.82,11.16,16.36,43966.87,151280.33,0.00,10082.00,204904.81,119764.84,53213884416.00,490601480.99,0.89,47046.85
1787794150.87,30.85,13.66,17.85,51984.85,151651.04,0.00,10553.00,236300.64,124869.34,52708618240.00,511623510.04,0.93,44749.16
1787794153.905,33.17,10.49,22.61,42010.32,158044.28,0.00,10092.00,253161.56,127944.87,53205622784.00,524318741.57,0.98,33415.98
1787794156.951,26.94,13.90,13.36,31727.33,115027.27,0.00,10315.00,389360.15,61658.28,53079777280.00,253483178.75,0.38,25811.72
1787794159.986,23.74,10.88,12.28,45362.00,180619.73,0.00,10048.00,145564.38,59302.31,53230727168.00,242846200.35,0.36,51266.98
1787794163.027,29.06,15.06,14.59,47523.21,190977.41,0.00,10530.00,353203.75,62291.84,52714303488.00,255356513.49,0.39,42784.30
1787794166.07,22.17,8.38,14.67,38374.57,171431.58,0.00,10386.00,236574.04,62236.31,52891176960.00,255184782.26,0.38,30555.21
1787794169.11,23.14,9.55,12.65,36165.81,130714.27,0.00,10041.00,233634.90,61015.15,53253677056.00,250080771.30,0.37,33899.91
1787794172.148,24.35,10.65,14.77,46334.59,190147.57,1.00,10039.00,174508.22,58726.00,53277184000.00,240659451.74,0.37,47933.28
1787794175.185,23.51,9.09,14.75,35338.47,136784.90,0.00,10068.00,154421.83,60576.11,53228462080.00,248258137.45,0.38,30035.08
1787794178.221,23.90,8.97,14.77,32969.28,118556.79,1.00,10072.00,151992.18,61689.12,53225361408.00,252759687.37,0.38,28899.74
1787794181.266,33.13,18.68,14.71,84919.92,239028.87,0.00,9861.00,229822.47,60883.24,53441544192.00,249572081.86,0.40,83428.38
1787794184.318,25.41,11.69,13.53,43905.30,183565.09,0.00,9106.00,353547.38,60176.73,54235746304.00,247243944.18,0.38,44374.11
1787794187.376,27.66,13.29,14.21,61930.09,156321.29,0.00,10559.00,159423.50,61725.64,52703035392.00,253250972.19,0.38,54328.25
1787794190.409,38.49,15.94,22.08,89057.76,503596.87,0.00,10458.00,412190.22,78780.98,52802064384.00,316442285.91,0.82,62576.53
1787794193.445,28.20,12.10,16.28,46794.55,169967.63,0.00,9969.00,204031.43,105450.29,53333065728.00,432029077.52,0.74,49671.09
1787794196.499,36.91,13.16,23.77,46751.64,192890.42,1.00,9976.00,239960.19,107673.17,53322866688.00,441314711.21,0.78,35128.70
1787794199.527,35.31,12.91,22.24,53833.04,271901.25,0.00,9958.00,264328.12,107569.54,53346541568.00,441216339.30,0.78,39784.25
1787794202.568,33.42,15.40,18.20,56553.02,176464.41,1.00,9928.00,197578.89,106678.77,53374750720.00,437212984.04,0.76,58189.30
1787794205.612,33.99,15.19,19.05,57426.96,198842.58,0.00,10676.00,227812.69,107809.30,52588044288.00,441768813.55,0.76,47525.64
1787794208.656,26.48,9.04,17.69,33598.05,133397.63,0.00,10661.00,204428.69,110225.81,52610191360.00,451598319.78,0.78,26704.29
1787794211.705,30.65,11.76,18.84,47307.93,229583.57,0.00,10463.00,281178.97,106410.83,52817485824.00,436129013.71,0.76,38282.57
1787794214.748,35.50,14.34,21.24,62368.95,287438.64,0.00,9917.00,254306.00,97074.60,53408821248.00,398369602.41,0.71,51790.34
1787794217.805,31.25,11.87,20.44,59737.64,285053.96,0.00,9857.00,256426.26,93929.57,53389258752.00,379611240.35,1.03,43317.74
1787794220.847,28.46,8.23,19.65,33676.51,129010.43,1.00,9921.00,200396.53,110355.51,53379436544.00,452003431.29,0.74,26158.98
1787794223.884,31.26,14.95,16.66,58279.78,172931.94,0.00,9663.00,189251.91,104057.37,53638549504.00,426225629.36,0.70,62044.03
1787794226.924,28.59,12.86,14.95,35505.17,134632.07,0.00,10466.00,162182.80,113007.31,52773834752.00,462896696.39,0.76,28572.24
1787794229.97,25.07,9.44,15.43,35819.03,136574.73,0.00,9916.00,159745.97,126511.35,53373534208.00,518221696.36,0.88,28954.76
1787794233.01,24.19,8.92,16.14,36770.25,146870.43,0.00,9945.00,140011.21,111517.52,53337575424.00,456848980.07,0.74,28300.82
1787794236.054,30.57,17.69,13.73,39045.68,138559.46,0.00,9619.00,548060.71,105190.70,53662822400.00,431898725.38,0.72,32823.94
1787794239.098,36.97,18.04,18.04,48061.38,159238.00,0.00,9313.00,203092.82,160378.31,54008881152.00,656995785.22,1.30,52706.29
1787794242.133,36.39,15.40,21.59,37442.89,191237.04,0.00,9155.00,269578.94,157920.68,54185291776.00,678412761.92,2.26,27183.76
1787794245.163,33.17,13.05,21.14,46563.25,171053.04,0.00,9272.00,266052.68,123518.42,54290034688.00,506129472.13,0.97,51034.30
1787794248.209,38.11,13.07,25.60,52070.76,290154.63,0.00,9574.00,288170.99,101106.50,53776994304.00,414336845.05,0.69,46135.56
1787794251.252,37.51,13.50,23.69,47738.80,184360.60,0.00,9581.00,297467.91,155335.47,53782179840.00,636603345.32,1.30,42278.34
1787794254.307,32.88,13.19,19.87,50946.83,177951.88,0.00,8721.00,262705.42,169534.58,54790324224.00,694174737.82,1.75,56016.38
1787794257.36,39.35,14.11,24.92,49906.17,195764.05,1.00,8719.00,276764.24,170147.73,54800211968.00,695614553.05,1.68,47559.50
1787794260.407,48.81,16.83,31.90,50777.84,183512.20,0.00,8715.00,333871.81,208366.54,54805860352.00,853400792.96,2.72,42250.99
1787794263.461,49.17,19.86,30.51,52684.97,188172.51,0.00,8990.00,552792.31,200642.44,54503858176.00,822622680.08,2.32,46183.67
1787794266.517,48.54,16.59,31.35,57337.08,207120.34,1.00,8698.00,298436.07,190326.27,54847668224.00,779875053.06,2.00,60843.86
1787794269.564,54.15,15.49,38.34,46898.05,212399.70,0.00,8996.00,385916.71,166873.35,54543249408.00,683741337.67,1.63,38758.96
1787794272.612,46.44,16.10,29.34,43248.32,190339.22,0.00,8710.00,321674.35,164189.97,54822866944.00,672753577.44,1.36,35731.24
1787794275.655,43.72,11.71,31.55,39104.19,142952.04,0.00,8779.00,304247.03,159491.96,54628990976.00,653285665.12,1.41,33133.04
1787794278.716,39.39,14.33,24.85,50497.71,176212.89,0.00,9883.00,295237.08,152450.81,53510033408.00,624562475.50,1.22,55528.36
1787794281.775,47.19,18.19,29.65,52624.38,218320.88,0.00,9873.00,436216.26,155009.06,53513670656.00,634785887.68,1.27,48706.58
1787794284.823,39.87,13.64,26.35,50936.25,198365.98,0.00,9878.00,306976.69,152501.78,53533720576.00,624443454.83,1.23,53717.32
1787794287.882,41.85,12.22,30.24,47215.29,173526.43,0.00,9890.00,310507.96,154641.50,53500956672.00,633423746.68,1.22,43440.89
1787794290.915,36.91,12.09,25.58,42508.08,147972.54,0.00,9043.00,421517.48,159153.76,54403428352.00,651975089.74,1.29,41326.03
1787794293.962,40.93,10.96,29.88,40427.41,170983.07,0.00,9077.00,309837.23,159265.50,54364717056.00,652853662.85,1.31,35329.74
1787794297.012,41.62,15.00,27.14,41640.72,134290.58,1.00,9293.00,330784.91,175344.36,54118330368.00,718303734.97,1.57,38028.83
1787794300.061,39.93,13.47,25.79,49847.46,167864.05,0.00,9025.00,299362.88,171153.34,54447968256.00,701634684.21,1.51,53478.51
1787794303.111,48.10,19.63,28.08,67579.12,346960.86,0.00,9831.00,317506.91,168193.43,53616660480.00,688673289.85,1.77,67330.68
1787794306.166,37.15,13.03,24.45,46255.05,173319.81,0.00,9874.00,279501.47,143346.21,53504098304.00,587554497.82,10.95,50032.56
1787794309.214,47.90,18.92,28.73,58921.14,212358.26,0.00,9832.00,305184.18,179655.33,53512466432.00,732090311.05,2.42,59512.90
1787794312.258,42.32,16.58,25.91,50090.27,189405.68,0.00,9896.00,277272.88,162264.41,53462036480.00,665119080.35,1.34,55850.56
1787794315.312,38.59,12.51,25.87,50757.74,174549.73,0.00,9893.00,299610.96,168893.17,53471297536.00,691891049.06,1.46,56191.17
1787794318.359,43.56,15.46,28.07,50503.10,195552.52,0.00,9890.00,296103.70,165729.12,53462380544.00,679347373.64,1.41,53086.56
1787794321.397,39.13,11.79,27.51,49327.46,176520.04,1.00,9905.00,305698.66,171468.61,53453193216.00,702339447.97,1.50,48066.36
1787794324.426,39.71,12.79,27.67,44740.82,161200.29,0.00,9906.00,304461.99,175941.62,53450027008.00,720868155.09,1.56,43563.34
1787794327.462,32.97,10.37,23.22,36848.11,136118.82,0.00,9923.00,254211.93,121409.70,53414670336.00,497488941.90,0.85,33099.53
1787794330.505,34.79,12.44,23.16,40009.90,144160.39,1.00,9166.00,313348.85,117823.06,54248669184.00,482986806.07,0.83,40398.55
1787794333.542,32.73,12.48,21.00,46803.85,167559.63,0.00,9124.00,433871.30,194268.27,54303944704.00,796038237.45,23.58,52046.75
1787794336.588,25.59,9.00,16.62,32662.86,149322.83,0.00,9429.00,207562.15,94634.10,53901094912.00,388036506.33,1.23,25850.05
1787794339.634,34.66,13.72,21.11,49940.83,221651.33,0.00,8945.00,265979.82,67644.01,54455406592.00,277821959.17,0.41,40762.72
1787794342.667,32.74,10.58,21.70,38321.33,168322.50,0.00,8968.00,246966.40,67108.37,54417289216.00,274764742.87,0.41,31426.12
1787794345.72,35.19,11.27,23.62,43320.37,198904.92,0.00,8955.00,258163.72,64040.43,54410883072.00,262973178.90,0.38,32874.34
1787794348.759,20.78,7.77,13.29,27885.08,151288.18,0.00,8956.00,144472.07,158.14,54368657408.00,413505.98,0.01,22050.60
1787794351.791,25.13,9.23,15.21,39392.62,223016.62,0.00,8958.00,144512.43,202.59,54396219392.00,919292.85,0.01,29700.70
1787794354.839,25.14,14.19,10.66,60289.60,171807.19,0.00,10277.00,129534.76,25.53,53034901504.00,526786.36,0.01,60461.63
1787794357.87,20.24,11.40,8.30,42746.07,144314.42,0.00,10266.00,162840.96,212.47,53052129280.00,1272878.69,0.01,45426.40
1787794360.918,19.20,9.58,8.97,46074.19,143567.62,0.00,10275.00,88786.41,15.69,53043855360.00,100427.80,0.00,50098.66
1787794363.961,17.14,7.36,10.54,44990.85,119205.16,0.00,10281.00,95271.24,59.54,53017825280.00,536567.63,0.01,39630.16
1787794367.004,12.23,7.22,5.90,37671.85,123603.63,1.00,9923.00,125191.64,274.45,53494816768.00,3242071.71,0.15,31940.35
1787794370.042,12.92,10.26,2.93,42432.42,150408.92,0.00,9628.00,25715.93,62.19,53658501120.00,355839.21,0.01,49973.78
1787794373.084,10.93,7.91,3.80,34470.74,186985.90,0.00,9266.00,40487.48,140.85,54033195008.00,1208155.26,0.01,26404.87
1787794376.12,10.49,7.06,3.72,30774.78,131446.94,0.00,9087.00,23676.19,384.99,54226239488.00,1629774.15,0.01,25491.53
1787794379.162,9.97,7.51,3.10,26166.90,110298.28,0.00,9094.00,24180.29,200.25,54233313280.00,994809.94,0.01,21366.51
1787794382.199,16.95,8.23,8.16,49181.95,211511.59,0.00,9067.00,80332.57,203.72,54241652736.00,1206855.74,0.01,40046.96
1787794385.246,12.85,8.64,4.47,31295.60,148576.10,0.00,8896.00,80126.60,78.98,54440054784.00,655086.97,0.01,26949.58
1787794388.294,12.35,8.12,4.25,36276.47,146831.06,0.00,8685.00,24766.96,31.65,54651977728.00,498374.08,0.01,40616.73
1787794391.321,18.07,9.47,7.92,37666.08,205975.02,0.00,8648.00,74088.58,114.32,54691979264.00,904423.24,0.02,32835.23
1787794394.375,19.10,11.16,6.93,46151.69,224991.68,0.00,8661.00,59582.77,181.38,54670221312.00,954917.38,0.01,47025.30
1787794397.429,11.94,7.82,3.53,40923.03,153555.04,0.00,8653.00,23515.78,15.70,54682083328.00,192898.45,0.01,45127.44
1787794400.472,11.49,7.67,4.18,30457.83,140554.75,0.00,8664.00,21540.49,25.79,54702043136.00,111221.75,0.00,29242.68
1787794403.531,18.13,11.20,6.22,44553.22,212888.64,0.00,8644.00,54410.09,32.40,54693175296.00,373979.65,0.00,44746.37
1787794406.567,11.62,8.29,3.87,39129.66,152605.76,0.00,8640.00,33940.60,59.50,54696628224.00,361483.03,0.02,42285.50
1787794409.636,15.41,9.48,6.80,42243.63,198225.22,0.00,8632.00,57091.99,39.12,54710218752.00,486258.50,0.01,44533.93
1787794412.674,10.87,7.98,3.26,42429.23,156537.52,0.00,8660.00,23143.48,15.86,54674071552.00,239598.47,0.00,48677.64
1787794415.715,20.65,12.82,7.23,40883.29,186640.87,0.00,8659.00,36978.13,0.99,54679883776.00,464346.31,0.00,43244.58
1787794418.758,15.25,9.00,5.51,34906.52,150090.17,1.00,8670.00,22133.73,0.00,54663753728.00,40707.54,0.00,38300.77
1787794421.814,12.10,7.71,4.55,30420.13,135414.43,1.00,8673.00,26757.16,0.00,54664036352.00,20214.94,0.00,31242.16
1787794424.857,22.90,11.00,11.00,44090.07,186036.14,0.00,8662.00,113162.56,64499.47,54695006208.00,264346306.22,0.38,44833.50
1787794427.912,22.02,11.05,10.52,66366.64,207789.48,0.00,8646.00,117594.88,61675.94,54715105280.00,268628540.30,0.83,68732.95
1787794430.949,18.15,8.53,9.46,36135.00,137024.76,0.00,8641.00,89801.54,64790.50,54707105792.00,270158604.73,0.42,35607.06
1787794433.982,28.24,14.90,12.65,43818.60,163289.48,0.00,8637.00,95900.23,65210.53,54715568128.00,267110459.99,0.40,50100.07
1787794437.023,17.14,10.01,7.91,40629.11,158221.76,0.00,8652.00,88071.92,62251.32,54686969856.00,255009848.35,0.38,42967.55
1787794440.06,20.53,11.45,8.12,43997.93,152885.79,0.00,8647.00,84538.29,59966.94,54707347456.00,245665139.04,0.37,48655.82
1787794443.101,17.72,8.98,8.82,36028.97,133091.23,0.00,8660.00,84199.01,60929.27,54675873792.00,249639342.80,0.37,36386.47
1787794446.14,24.87,13.84,10.98,40400.62,177734.45,0.00,8660.00,87203.98,60792.83,54680018944.00,249120871.00,0.37,40680.27
1787794449.174,18.88,7.53,12.27,34954.99,144877.52,8.00,8633.00,112625.67,63269.86,54713413632.00,259153329.56,0.39,29717.52
1787794452.206,18.09,7.36,10.85,30533.02,132185.44,2.00,8672.00,89235.48,63245.13,54674137088.00,263890595.31,0.43,24631.69
1787794455.24,17.04,7.06,10.78,29549.67,122933.14,0.00,8670.00,95203.04,61840.60,54668718080.00,253522621.61,0.38,21629.82
1787794458.287,20.48,11.58,8.88,54959.94,153679.23,1.00,9437.00,127788.48,62660.10,53874737152.00,256724549.89,0.38,58107.94
1787794461.34,17.74,8.35,8.81,31483.74,130933.49,0.00,8786.00,199637.50,67895.43,54558048256.00,278862437.41,0.44,27595.19
1787794464.382,16.54,9.19,7.72,41734.32,162067.76,0.00,8630.00,85605.21,61107.65,54723051520.00,250357582.22,0.38,47549.20
1787794467.427,17.33,8.88,8.80,37387.64,141319.17,0.00,8620.00,89791.60,62622.33,54720061440.00,256505095.20,0.38,39617.99
1787794470.466,24.01,10.52,12.77,31648.54,124649.09,0.00,8632.00,92332.40,65128.30,54712344576.00,266789835.92,0.40,25951.81
1787794473.529,26.67,14.88,10.10,41964.33,139716.80,0.00,8626.00,263185.81,64860.79,54719438848.00,265746667.57,0.40,36270.25
1787794476.564,17.92,9.59,8.82,39691.67,178423.40,1.00,8590.00,88901.33,60523.55,54885896192.00,248020551.91,0.37,40861.80
1787794479.601,15.25,7.51,8.20,30673.88,104452.57,0.00,8937.00,124930.21,62051.73,54513942528.00,254176052.41,0.38,25060.84
1787794482.656,17.66,9.67,9.21,41587.01,200884.58,0.00,8623.00,89558.66,62911.35,54849867776.00,269572901.51,0.45,41663.66
1787794485.692,18.41,9.80,8.95,37439.74,151923.98,0.00,8658.00,88498.86,62015.68,54678196224.00,254198259.14,0.38,38894.72
1787794488.735,17.27,7.52,10.08,32957.41,109477.42,0.00,8655.00,83643.04,53968.37,54681804800.00,224853824.09,0.94,27144.34
1787794491.778,20.36,8.22,11.40,30441.20,121781.67,0.00,8667.00,91388.10,64395.08,54668349440.00,263806944.16,0.40,24259.03
1787794494.817,22.64,14.68,8.42,73375.28,134639.26,0.00,10152.00,345925.03,67383.94,53086425088.00,276782799.58,0.42,65901.88
1787794497.851,17.94,9.44,9.05,46769.97,158756.14,0.00,10037.00,98054.47,66656.69,53270482944.00,273046066.46,0.41,49066.23
1787794500.89,16.42,8.68,8.53,41220.61,161199.44,1.00,10051.00,96489.67,66679.27,53275004928.00,273317416.59,0.41,43605.00
1787794503.941,18.58,9.42,9.42,43493.02,155249.72,2.00,9153.00,90215.54,63381.42,54211723264.00,259634542.89,0.40,47926.09
1787794506.984,18.80,9.25,9.56,35421.20,150420.38,0.00,9161.00,91006.91,61800.74,54207922176.00,253309729.08,0.38,31203.60
1787794510.024,19.12,9.36,9.60,42310.63,158456.38,0.00,9127.00,116447.84,59883.44,54235222016.00,245530052.65,0.36,44444.94
1787794513.07,21.11,10.38,10.62,32557.30,128949.93,0.00,9150.00,88428.33,60886.02,54218674176.00,249486644.81,0.37,29387.70
1787794516.103,25.42,13.35,11.41,48878.80,144271.61,0.00,9364.00,163623.90,63184.69,53929582592.00,258873656.24,0.39,44649.54
1787794519.161,16.74,10.23,7.39,40404.42,153199.61,0.00,9492.00,90744.41,58909.81,53926477824.00,241314777.49,0.36,45316.39
1787794522.206,14.42,8.16,6.39,33795.70,154995.92,0.00,8950.00,138258.26,56971.15,54469292032.00,238548653.04,0.82,26525.82
1787794525.242,12.95,8.63,4.47,33844.25,141509.95,0.00,8655.00,32496.28,15.79,54790778880.00,101048.23,0.00,36702.12
1787794528.282,12.13,7.12,5.57,25692.18,117876.51,0.00,8648.00,28310.80,521.74,54796091392.00,2270883.12,0.01,20432.16
1787794531.326,11.09,6.90,4.96,26209.54,119982.91,0.00,8659.00,25953.49,0.00,54791974912.00,16260.26,0.00,22540.82
1787794534.356,13.56,10.14,4.02,41136.11,105525.87,0.00,9258.00,305899.62,3.96,54138331136.00,4969651.81,0.02,35627.56
1787794537.4,21.10,14.26,5.89,70901.82,223492.17,0.00,9208.00,50833.36,81.35,54323437568.00,893968.70,0.01,76336.27
1787794540.437,14.18,10.42,4.66,71352.24,128351.27,0.00,9778.00,215138.01,0.00,53730025472.00,427820.98,0.00,71529.70
1787794543.47,14.36,10.95,4.19,55433.36,261877.91,0.00,9175.00,24679.58,8.95,54357696512.00,314053.47,0.01,55601.21
1787794546.512,16.86,11.46,4.57,56180.20,139815.87,0.00,9243.00,31215.74,0.00,54032138240.00,174516.43,0.00,56355.81
1787794549.548,11.84,6.41,5.17,39384.02,124237.98,0.00,9229.00,27343.60,0.00,54036029440.00,97105.77,0.00,35421.93
1787794552.598,13.15,8.45,4.61,49383.00,168839.31,0.00,9218.00,25433.92,34.42,54044540928.00,404283.71,0.43,57015.46
1787794555.636,14.55,7.65,6.18,49566.58,125934.35,0.00,9222.00,27423.07,0.00,54050000896.00,12148.92,0.00,44984.63
1787794558.676,12.35,9.41,3.09,55142.86,159579.96,0.00,10172.00,65864.54,28.64,53058248704.00,157738.37,0.00,63856.35
1787794561.728,16.17,12.58,3.14,49011.20,118685.31,0.00,9797.00,51903.28,0.00,53445197824.00,88492.77,0.00,46161.24
1787794564.766,11.04,7.90,3.79,36690.33,119920.44,0.00,9307.00,112184.63,0.00,53968080896.00,121821.93,0.01,33885.82
1787794567.804,18.56,12.10,5.58,49381.53,156839.93,0.00,9299.00,32484.40,0.00,53960835072.00,207448.90,0.01,51233.59
1787794570.842,13.10,7.11,6.41,43811.87,114564.89,1.00,9294.00,52537.86,0.00,53970493440.00,101228.26,0.00,38118.74
1787794573.877,11.69,6.32,5.55,37504.69,106347.68,0.00,9301.00,27223.10,0.00,53967388672.00,28302.00,0.00,31936.22
1787794576.912,10.34,7.34,3.48,27540.43,124186.36,0.00,9981.00,57227.92,15.84,53245329408.00,125690.97,0.00,23092.09
1787794579.953,13.26,9.53,4.50,48414.30,152176.10,0.00,9730.00,41346.22,2274.36,53452300288.00,9327984.36,0.05,54213.67
1787794582.988,15.75,9.74,6.42,54076.91,202556.93,0.00,9720.00,53182.68,29.68,53440172032.00,328188.70,0.01,57666.05
1787794586.02,11.95,7.91,4.50,24125.11,106866.83,0.00,10312.00,22951.68,31.74,52839993344.00,296587.46,0.00,18602.58
1787794589.061,11.83,8.16,3.08,40146.25,148975.08,0.00,9806.00,117697.21,0.00,53369503744.00,109023.04,0.00,36492.74
1787794592.099,11.75,7.40,4.55,50990.72,132790.27,0.00,9800.00,25615.78,0.00,53373505536.00,169809.82,0.01,51892.78
1787794595.144,12.83,7.05,6.12,46499.35,127020.49,0.00,9798.00,26629.84,0.00,53371641856.00,56858.98,0.00,39578.96
1787794598.186,12.22,6.99,5.07,37149.80,105647.56,0.00,9802.00,27500.72,0.00,53376811008.00,140879.13,0.00,32223.68
1787794601.233,18.50,12.88,4.55,66780.78,138250.88,0.00,9813.00,47309.76,0.00,53372502016.00,28305.69,0.00,73061.79
1787794604.273,17.12,10.76,5.42,46477.13,151909.81,0.00,9815.00,23779.30,0.00,53364781056.00,28395.32,0.00,50652.46
1787794607.318,10.91,7.61,2.41,26163.99,112356.61,0.00,10474.00,12609.77,0.00,52660457472.00,89584.66,0.00,21566.16
1787794610.362,10.38,6.95,3.71,25957.22,124976.17,0.00,10460.00,30984.48,0.00,52687609856.00,36416.77,0.00,20609.21
1787794613.399,11.01,7.36,2.71,37614.77,127162.35,0.00,9924.00,114426.38,0.00,53247709184.00,134072.91,0.01,36059.53
1787794616.441,11.29,8.90,3.02,40981.27,154309.92,0.00,9911.00,29097.03,0.00,53266661376.00,150102.55,0.00,47435.08
1787794619.482,14.25,10.82,3.94,47918.90,193438.91,0.00,9916.00,39495.47,0.00,53268779008.00,304146.43,0.01,52388.34
1787794622.516,13.02,7.88,5.25,43498.61,185162.31,0.00,9934.00,52914.53,99.80,53244039168.00,517054.49,0.01,41522.56
1787794625.55,13.05,7.04,6.58,45188.36,115966.61,0.00,9932.00,29455.14,31.67,53229645824.00,215892.15,0.01,38814.59
1787794628.585,18.08,10.35,7.57,37829.45,107998.60,0.00,9932.00,26534.68,0.00,53232324608.00,76910.04,0.01,31964.42
1787794631.644,20.82,12.43,7.44,50008.93,155386.46,0.00,9635.00,78291.37,48.13,53546442752.00,559190.11,0.00,50010.30
1787794634.694,11.69,8.37,3.72,55212.90,149619.22,0.00,9637.00,25884.02,15.87,53540315136.00,142157.35,0.00,58382.46
1787794637.742,13.71,9.16,3.72,59135.23,124403.03,1.00,10463.00,173736.87,0.00,52675411968.00,443540.54,0.00,52135.72
1787794640.775,9.83,7.12,3.25,33577.33,113949.89,0.00,10460.00,22407.68,0.00,52675923968.00,308469.52,0.00,28359.30
1787794643.811,8.50,6.14,3.34,42286.27,113019.80,0.00,10464.00,22445.14,0.00,52673236992.00,77348.90,0.00,37120.75
1787794646.853,10.47,7.29,2.33,22904.44,99342.47,0.00,10080.00,22373.85,0.00,53065785344.00,227483.34,0.01,17889.84
1787794649.891,10.37,7.97,2.79,38088.78,131658.43,0.00,10089.00,12986.59,47.56,53067141120.00,312518.46,0.00,32485.29
1787794652.929,20.13,12.13,6.87,41978.65,125269.78,0.00,9651.00,134284.83,16.80,53521371136.00,117404.22,0.00,39187.22
1787794655.971,12.89,8.58,4.17,56192.47,148170.68,0.00,9647.00,23693.26,31.66,53519183872.00,295815.03,0.00,59816.98
1787794659.017,12.06,7.77,4.31,49696.13,149934.28,0.00,9640.00,32852.41,0.00,53530353664.00,100835.87,0.00,49441.88
1787794662.049,13.35,7.19,6.49,40871.12,107943.27,0.00,9661.00,32355.68,2043.31,53552566272.00,8406864.09,0.29,34676.87
1787794665.101,13.18,8.87,4.40,51369.39,142614.81,0.00,9630.00,25832.41,15.81,53575106560.00,105226.78,0.00,54455.59
1787794668.142,12.33,7.70,4.78,45155.02,129675.15,0.00,9658.00,25863.85,47.32,53512531968.00,246321.27,0.00,43012.98
1787794671.178,18.59,9.90,7.73,37932.23,114734.96,1.00,9667.00,26912.63,360.26,53504520192.00,1653998.18,0.01,32016.97
1787794674.21,17.19,9.46,6.98,39351.05,116799.97,0.00,9655.00,25178.96,0.00,53512183808.00,219466.54,0.01,35397.37
1787794677.256,17.20,9.28,6.57,44772.52,124212.65,1.00,9670.00,25770.74,170.31,53506371584.00,746779.00,0.01,41232.31
1787794680.298,20.79,16.01,4.95,102844.23,195956.43,1.00,9892.00,35090.35,0.00,53269823488.00,117612.08,0.00,108984.62
1787794683.337,12.12,8.41,4.01,45424.73,152803.31,0.00,9901.00,24624.28,0.00,53262536704.00,28322.67,0.00,50550.90
1787794686.371,9.28,6.75,3.02,26147.11,105642.40,0.00,11147.00,12222.56,0.00,51956518912.00,186986.54,0.01,21197.36
1787794689.407,11.47,7.26,4.55,79397.65,112274.66,1.00,11121.00,59898.71,0.00,51984162816.00,97049.47,0.01,73704.08
1787794692.437,12.57,7.99,4.58,42499.77,131777.51,0.00,11104.00,40339.81,0.00,52003872768.00,122086.50,0.00,35684.09
1787794695.474,11.28,7.05,3.33,42068.92,109814.32,0.00,10895.00,12651.23,15.87,52219604992.00,113781.72,0.00,36025.74
1787794698.51,12.22,8.28,4.41,33479.35,104085.39,0.00,10427.00,83026.88,0.00,52709326848.00,81193.29,0.00,29234.39
1787794701.547,11.98,8.82,3.56,40720.64,141824.60,0.00,10189.00,32646.28,0.00,52952489984.00,142064.42,0.01,43496.58
1787794704.591,11.83,8.46,4.04,55550.11,165991.75,1.00,10184.00,25263.87,39.73,52962230272.00,687620.65,0.01,58857.11
1787794707.627,15.91,10.09,6.05,47229.49,147238.69,0.00,10192.00,30322.58,42.71,52955803648.00,174937.13,0.00,48459.24
1787794710.664,13.56,8.94,4.31,50814.17,165225.71,0.00,10185.00,25679.87,0.00,52966117376.00,129313.94,0.00,50370.71
1787794713.702,11.87,6.47,5.46,42371.91,128563.95,0.00,10200.00,25964.60,14.78,52948660224.00,173519.02,0.00,36166.69
1787794716.742,16.40,8.79,8.10,44170.31,122469.08,0.00,10201.00,25141.63,0.00,52943785984.00,28296.79,0.00,39648.46
1787794719.775,13.68,7.33,5.79,45179.37,127094.54,0.00,10177.00,46234.08,4604.33,52951826432.00,18871482.45,0.11,39487.15
1787794722.814,16.11,8.64,7.10,43794.17,217439.08,1.00,10181.00,20030.78,7.91,52945420288.00,348116.00,0.00,32305.80
1787794725.857,11.67,6.40,5.48,38060.38,121741.28,0.00,10195.00,26193.53,0.00,52928446464.00,20215.69,0.00,32227.73
1787794728.903,12.09,6.64,5.79,50887.85,104562.06,0.00,10194.00,33206.98,0.00,52927467520.00,24291.43,0.00,44227.09
1787794731.944,21.32,14.56,5.50,61734.51,146961.15,0.00,9377.00,23844.11,0.00,53793218560.00,97466.46,0.00,67067.32
1787794734.988,14.51,8.92,5.54,58324.26,201664.24,0.00,9369.00,43451.95,8719.71,53822324736.00,36070096.17,0.28,57316.20
1787794738.025,8.65,6.41,2.32,27521.58,102701.13,0.00,10887.00,13494.07,0.99,52231626752.00,291329.64,0.00,22318.30
1787794741.067,11.71,7.83,3.69,33473.03,135464.66,0.00,10849.00,23544.76,7.86,52261507072.00,209204.73,0.00,27728.41
1787794744.106,10.24,6.26,3.71,26501.51,105809.21,0.00,10614.00,79885.37,85.07,52510490624.00,393004.24,0.01,21047.95
1787794747.141,10.82,7.34,3.94,50006.16,135433.50,1.00,10099.00,90697.71,0.00,53046108160.00,129605.45,0.00,52791.17
1787794750.191,20.94,11.18,9.27,57415.43,156328.73,0.00,10094.00,49000.14,1708.36,53051359232.00,7182222.85,0.05,60353.11
1787794753.24,15.61,7.88,6.56,52218.55,118749.38,0.00,10094.00,25122.32,15.81,53044744192.00,129491.25,0.00,45688.25
1787794756.287,14.58,6.81,6.04,39882.61,116473.01,0.00,10097.00,26063.72,0.00,53040836608.00,40548.85,0.00,33803.31
1787794759.326,12.02,6.98,5.81,41432.37,126954.34,0.00,10101.00,17989.54,0.00,53038145536.00,36564.28,0.00,37578.52
1787794762.369,11.67,6.17,5.79,42025.83,102751.07,0.00,10104.00,29839.52,0.99,53032456192.00,190006.48,0.01,36821.71
1787794765.409,14.62,7.35,6.42,37609.22,108752.86,0.00,10100.00,28521.64,14.86,53037080576.00,182563.85,0.01,31004.86
1787794768.442,17.40,9.46,7.06,42525.50,119380.56,0.00,10103.00,25168.60,0.00,53030076416.00,44733.58,0.00,36674.90
1787794771.481,14.74,8.48,5.94,39799.60,145738.19,0.00,10106.00,32563.94,0.00,53031956480.00,149499.55,0.00,32676.74
1787794774.518,22.15,16.35,5.42,142595.90,154760.40,0.00,10061.00,21505.33,0.00,53085495296.00,0.00,0.00,148972.11
1787794777.556,11.46,8.27,3.71,48618.30,154649.89,0.00,10065.00,23595.78,5.94,53085192192.00,70921.89,0.00,53037.75
1787794780.591,8.21,6.36,2.64,25350.97,109186.72,0.00,11830.00,12157.76,0.00,51233099776.00,113750.10,0.01,19170.37
1787794783.626,11.58,8.35,3.79,40307.08,194997.21,0.00,11818.00,22590.77,0.00,51242315776.00,166212.66,0.00,27678.97
1787794786.664,9.54,6.32,3.47,31616.84,106029.07,0.00,11816.00,13380.72,0.00,51241013248.00,24258.23,0.00,25687.50
1787794789.704,9.29,6.54,2.77,24756.11,115099.51,0.00,11567.00,12250.54,0.00,51501805568.00,68565.98,0.00,19117.39
1787794792.738,14.25,8.36,4.88,29668.37,114966.04,0.00,11026.00,101104.76,0.00,52078149632.00,214967.69,0.00,24123.32
1787794795.777,12.27,9.64,2.85,20400.73,116999.72,1.00,8297.00,630240.46,14.80,55025078272.00,602353.54,0.01,15089.08
1787794798.811,18.46,14.14,3.94,63770.68,163428.75,0.00,8724.00,35819.15,418.35,54498639872.00,1750033.85,0.02,67776.11
1787794801.85,15.62,9.92,5.66,49977.92,145627.12,1.00,8708.00,26742.15,0.00,54486335488.00,231516.75,0.00,45611.25
1787794804.887,11.74,6.25,5.40,35203.91,108337.34,0.00,8722.00,27645.26,0.00,54483673088.00,546071.36,0.02,30585.13
1787794807.927,15.27,12.08,3.54,54788.29,115555.06,0.00,8874.00,59396.74,173.35,54320545792.00,730197.98,0.00,50697.31
1787794810.976,13.04,8.54,4.50,54105.36,170685.80,0.00,8544.00,49117.12,31.24,54679322624.00,143942.56,0.00,57713.56
1787794814.025,14.58,9.75,5.60,46907.83,191232.07,1.00,8540.00,26589.09,0.00,54675128320.00,4023.08,0.00,45272.99
1787794817.064,13.68,8.59,5.11,64615.53,200270.72,0.00,8645.00,24391.92,39.59,54550466560.00,904138.32,0.01,65457.50
1787794820.098,11.60,7.99,4.42,40325.30,195136.62,0.00,8655.00,33076.91,0.00,54540161024.00,16265.94,0.00,40598.19
1787794823.141,17.77,11.49,5.59,50447.14,214380.94,0.00,8652.00,20734.52,37.77,54539493376.00,171005.35,0.00,51720.96
1787794826.182,12.79,9.23,3.54,61392.32,223949.75,0.00,8651.00,26838.66,0.00,54538919936.00,0.00,0.00,65174.61
1787794829.226,11.37,7.50,4.10,50736.28,206792.28,0.00,8640.00,23376.79,0.00,54556950528.00,12158.90,0.00,55202.47
1787794832.261,14.40,9.62,5.67,54883.87,227876.00,0.00,8647.00,40901.20,29.79,54561292288.00,413407.74,0.00,56764.54
1787794835.304,12.14,8.50,3.79,51451.12,224117.27,0.00,8672.00,25404.94,29.69,54533668864.00,133756.69,0.00,54969.92
1787794838.341,13.94,9.12,5.25,50587.87,219288.57,0.00,8664.00,33416.54,20.76,54552489984.00,188759.12,0.00,52304.49
1787794841.39,14.68,8.23,6.39,71839.85,205050.22,0.00,8667.00,57707.79,0.00,54532333568.00,16131.79,0.00,69780.77
1787794844.436,14.08,8.69,5.38,49931.87,206053.27,0.00,8658.00,25848.73,15.76,54541115392.00,80667.73,0.00,49791.31
1787794847.481,14.65,9.05,6.11,47637.54,211805.47,1.00,8657.00,27765.70,20.80,54542241792.00,140451.66,0.01,44371.60
1787794850.52,14.64,8.99,4.80,45610.66,194312.98,0.00,8656.00,23545.49,15.85,54530760704.00,81170.17,0.00,48631.19
1787794853.561,13.65,9.00,4.61,49655.90,200769.15,0.00,8673.00,24541.05,0.00,54519459840.00,358784.61,0.01,53278.92
1787794856.611,15.79,9.58,5.10,56077.83,209116.22,1.00,8663.00,46186.28,23.72,54527254528.00,263142.21,0.00,55228.65
1787794859.65,12.68,8.55,4.32,47968.54,194211.71,1.00,8668.00,26637.23,13.82,54523682816.00,68737.17,0.00,50323.53
1787794862.704,14.85,10.50,4.63,47290.68,219116.93,0.00,8671.00,33732.34,30.63,54523953152.00,258998.59,0.00,48372.20
1787794865.752,12.94,8.09,4.47,51802.07,172189.09,0.00,8670.00,25386.31,0.00,54530355200.00,8077.87,0.00,52424.52
1787794868.787,12.21,7.83,5.20,38735.69,178293.11,1.00,8679.00,25356.76,0.00,54511546368.00,16257.54,0.00,37295.52
1787794871.824,13.70,8.49,5.56,57728.70,217496.34,0.00,8641.00,45053.24,3365.23,54550188032.00,13144073.95,0.08,56749.10
1787794874.872,13.08,8.10,5.24,48966.50,229169.88,3.00,8648.00,25476.05,0.00,54552891392.00,16185.18,0.00,49155.21
1787794877.915,12.90,9.36,3.30,50607.13,207007.64,0.00,8648.00,25590.44,0.00,54547775488.00,92553.12,0.00,55866.92
1787794880.976,11.06,7.49,4.25,52254.41,185206.35,0.00,8647.00,26392.43,0.00,54547726336.00,52599.15,0.00,50591.30
1787794884.013,17.85,11.45,5.65,64176.29,209209.84,0.00,8653.00,30935.21,0.00,54536761344.00,12171.23,0.00,68146.76
1787794887.048,22.56,14.64,7.05,53352.00,192669.41,0.00,8658.00,23821.10,0.00,54539689984.00,105622.93,0.00,54989.90
1787794890.086,12.43,8.58,4.02,44170.76,197475.67,0.00,8666.00,31445.13,15.83,54538264576.00,64820.97,0.00,45404.53
1787794893.128,18.15,11.56,7.09,48464.76,182191.57,0.00,8654.00,27558.76,0.00,54542405632.00,165614.89,0.00,41986.65
1787794896.171,14.18,7.40,7.02,41044.12,167264.01,0.00,8670.00,30421.33,0.00,54524080128.00,792431.19,0.01,33691.53
1787794899.209,18.06,14.73,3.64,41864.98,135085.01,0.00,8774.00,19604.63,0.00,54411096064.00,101661.73,0.00,38836.42
1787794902.251,13.33,9.09,4.31,40680.33,163830.69,0.00,8743.00,201972.75,0.00,54486401024.00,605870.91,0.01,38840.83
1787794905.287,11.80,9.62,3.03,46638.36,188712.22,0.00,8601.00,33975.59,44.69,54611644416.00,183030.26,0.00,50356.96
1787794908.33,17.44,9.04,7.34,51097.95,207537.20,0.00,8671.00,27409.10,0.00,54511288320.00,20263.46,0.00,46426.48
1787794911.383,18.11,9.85,8.31,48086.99,280580.69,0.00,8709.00,102406.57,211.86,54474924032.00,1018119.83,0.01,44988.71
1787794914.421,14.11,9.17,4.78,53636.22,205106.69,0.00,8714.00,25868.37,0.00,54472941568.00,56583.61,0.00,57235.29
1787794917.471,20.40,12.82,7.26,45102.25,140387.83,0.00,8738.00,63094.53,0.00,54443048960.00,101186.83,0.00,46037.98
1787794920.52,22.40,13.02,9.56,70975.51,259782.45,0.00,8730.00,53816.80,392.41,54456311808.00,1717878.39,0.01,69065.44
1787794923.559,20.29,13.99,6.19,64236.59,231515.21,0.00,8734.00,26006.66,15.85,54445834240.00,162290.26,0.00,67032.32
1787794926.595,19.76,10.13,9.04,35753.00,170401.27,0.00,8738.00,27550.46,0.00,54440480768.00,60755.18,0.00,28508.56
1787794929.645,22.92,12.47,9.61,75017.87,237003.04,0.00,9245.00,79125.27,76.34,53909962752.00,367503.07,0.00,75204.45
1787794932.696,9.57,7.62,3.00,66599.39,161249.06,0.00,9754.00,19679.22,0.00,53380562944.00,165349.93,0.01,59088.35
1787794935.734,13.86,8.57,4.83,40434.11,172777.89,0.00,9248.00,25295.36,0.00,53925945344.00,16325.50,0.00,42366.16
1787794938.773,12.84,6.86,6.16,49872.31,162670.24,0.00,9265.00,21875.55,0.00,53906018304.00,36366.19,0.00,43159.70
1787794941.816,22.01,15.61,6.77,48055.37,206656.39,0.00,9238.00,24413.72,15.76,53936668672.00,76639.63,0.00,53500.71
1787794944.855,11.49,7.87,3.78,35857.99,165045.89,0.00,9762.00,12266.61,0.00,53372198912.00,97050.86,0.00,29284.15
1787794947.894,11.21,8.70,3.23,51086.64,188906.24,0.00,9268.00,26467.87,15.77,53893517312.00,363352.89,0.01,54002.49
1787794950.931,12.43,6.63,5.94,33655.26,157816.31,0.00,9276.00,27199.73,0.00,53886976000.00,40449.51,0.00,26809.50
1787794953.989,12.99,10.86,2.83,42346.48,173147.74,0.00,9314.00,70329.09,0.00,53846499328.00,116305.21,0.00,36399.64
1787794957.032,15.11,10.11,4.78,48456.29,188148.40,1.00,9154.00,25520.20,0.00,54016815104.00,266938.62,0.00,50462.42
1787794960.067,9.93,7.26,3.01,28645.70,162597.23,1.00,12706.00,22299.87,0.00,50311081984.00,36455.10,0.00,23240.91
1787794963.111,18.46,11.55,6.67,45409.09,321132.79,2.00,12532.00,41746.17,31.74,50494906368.00,430639.50,0.01,29445.64
1787794966.158,10.65,6.72,3.48,28988.29,138315.15,0.00,12548.00,12073.92,0.00,50462248960.00,16201.41,0.00,23629.68
1787794969.207,10.56,7.68,2.61,31980.50,138646.74,0.00,12583.00,12011.61,0.00,50427121664.00,44294.92,0.00,26509.67
1787794972.249,12.49,7.91,4.46,39304.27,151050.59,0.00,12156.00,134536.77,0.00,50871304192.00,76539.27,0.00,36186.54
1787794975.29,13.10,7.39,5.70,43030.68,164644.97,0.00,12147.00,33023.55,0.00,50867458048.00,80687.46,0.00,35790.79
1787794978.34,12.55,7.28,5.65,60292.18,177185.62,0.00,11805.00,446223.59,0.00,51233017856.00,381808.14,0.01,56149.12
1787794981.386,13.82,9.10,5.01,58188.34,172392.70,0.00,11640.00,67692.20,0.00,51493593088.00,210311.39,0.00,57662.85
1787794984.423,12.60,8.35,4.56,44508.88,169968.98,1.00,11367.00,23867.25,22.75,51684995072.00,218784.63,0.00,38786.18
1787794987.468,11.61,7.70,3.39,36988.85,132985.95,0.00,11367.00,22514.74,0.00,51683844096.00,221848.40,0.00,31109.52
1787794990.516,12.82,8.59,5.06,47387.32,150616.70,0.00,11342.00,47470.80,0.00,51708088320.00,56316.39,0.00,41024.06
1787794993.564,9.53,6.55,2.77,33152.64,171278.10,0.00,11353.00,12655.28,175.67,51695407104.00,731679.27,0.01,26753.74
1787794996.618,9.73,6.93,3.77,35728.76,162856.27,0.00,10499.00,186851.71,0.00,52588417024.00,233945.49,0.01,30098.56
1787794999.67,13.35,6.62,6.69,54788.27,155217.33,0.00,10514.00,26444.72,0.00,52571295744.00,36306.21,0.00,47726.41
1787795002.704,15.31,10.57,5.24,55824.81,132404.06,0.00,9978.00,525149.75,0.00,53133893632.00,242689.92,0.01,49571.38
1787795005.738,16.96,12.45,4.79,74266.55,171500.53,0.00,9998.00,24554.24,0.00,53130395648.00,60818.88,0.00,76123.45
1787795008.778,17.80,10.98,5.34,44389.04,190565.61,0.00,10497.00,79192.37,0.00,52580904960.00,68882.54,0.00,46878.44
1787795011.817,12.38,6.63,5.93,44213.79,153174.36,0.00,10508.00,26770.35,0.00,52582342656.00,408091.44,0.01,37633.17
1787795014.859,16.61,11.04,5.64,72308.77,258316.79,0.00,9941.00,19495.74,0.00,53184208896.00,60756.69,0.00,74221.92
1787795017.901,12.60,8.18,4.63,57928.06,165856.17,0.00,11149.00,168695.01,0.00,51910852608.00,509604.20,0.00,50952.60
1787795020.942,13.33,7.47,5.86,50394.51,208689.47,0.00,10503.00,25881.67,0.00,52595200000.00,0.00,0.00,47428.46
1787795023.976,14.12,7.96,6.57,56933.59,225008.59,0.00,10502.00,33364.29,0.00,52587028480.00,97261.22,0.00,47537.85
1787795027.018,12.46,8.65,4.17,53470.71,197347.70,0.00,9863.00,26780.79,0.00,53261422592.00,24276.67,0.00,57550.75
1787795030.059,10.42,6.60,3.26,27771.60,136236.15,0.00,9292.00,16104.98,15.91,53865140224.00,134391.81,0.00,21625.14
1787795033.095,13.68,8.66,3.71,40915.95,204783.62,0.00,8946.00,64626.74,0.99,54217609216.00,133762.09,0.00,42202.67
1787795036.129,13.98,8.39,5.08,43203.15,198811.11,0.00,8969.00,26819.79,0.00,54204559360.00,137140.85,0.00,40301.07
1787795039.175,9.85,7.53,2.56,53948.98,163892.62,0.00,9263.00,219907.13,0.00,53899091968.00,73214.99,0.00,46960.32
1787795042.211,10.77,6.64,4.56,32199.40,162948.89,0.00,8970.00,109380.73,0.00,54243758080.00,93104.62,0.00,28392.52
1787795045.27,14.01,9.53,4.38,51162.56,217907.26,0.00,9518.00,31441.76,15.73,53720285184.00,326263.48,0.00,52429.45
1787795048.312,21.66,13.65,8.10,32880.65,131891.56,0.00,9605.00,22310.43,0.00,53562101760.00,0.00,0.00,27276.87
1787795051.353,14.15,8.87,5.55,77180.34,178830.34,0.00,9099.00,88858.05,0.00,54094188544.00,695913.16,0.01,76796.28
1787795054.412,12.28,8.09,4.00,43975.22,167413.43,0.00,9101.00,26494.89,0.00,54094438400.00,88787.94,0.00,48056.32
1787795057.454,12.18,6.48,5.78,40209.22,149741.68,0.00,9177.00,26734.09,0.00,53971968000.00,157685.99,0.01,35003.49
1787795060.499,21.66,12.79,9.40,55857.32,138334.25,0.00,9281.00,345443.80,6.90,53867130880.00,359341.60,0.01,49152.92
1787795063.536,11.66,8.61,2.92,46367.05,181165.62,0.00,8404.00,25348.11,15.75,54830125056.00,76588.55,0.00,52020.48
1787795066.578,25.73,17.24,9.01,49068.36,201677.17,0.00,8394.00,33937.49,31.54,54839754752.00,641966.59,0.00,49067.35
1787795069.621,15.62,9.32,5.16,48522.54,186434.91,1.00,8398.00,26601.19,0.00,54833340416.00,36319.49,0.00,49455.02
1787795072.668,19.25,14.05,4.84,56459.94,198619.19,0.00,8409.00,27672.68,15.73,54842433536.00,523358.18,0.02,62233.61
1787795075.707,14.86,8.03,6.95,49738.19,188367.84,0.00,8397.00,29194.39,0.00,54845075456.00,651145.37,0.00,47105.33
1787795078.74,13.97,8.10,4.36,49490.25,165418.52,0.00,8401.00,26740.42,24.91,54843547648.00,199981.69,0.00,46954.37
1787795081.781,13.80,8.88,4.94,55201.70,214532.84,0.00,8386.00,50824.86,85.06,54851256320.00,392988.58,0.01,60350.62
1787795084.829,11.37,8.55,3.01,33278.49,169994.27,0.00,8846.00,58505.94,7.89,54348136448.00,43438.73,0.00,27126.41
1787795087.862,14.04,9.61,5.19,54897.93,252845.41,0.00,8770.00,30734.35,0.00,54385188864.00,1170520.75,0.03,59531.68
1787795090.897,11.09,7.25,4.17,46393.43,167173.36,0.00,9913.00,22347.05,0.00,53197983744.00,24266.57,0.00,40440.63
1787795093.939,11.01,7.01,3.31,31367.96,161084.12,0.00,9740.00,31462.63,0.00,53372473344.00,993645.15,0.01,25374.87
1787795096.985,12.29,8.10,3.55,42839.17,168163.98,0.00,9731.00,22984.82,0.00,53380775936.00,137527.75,0.00,37773.89
1787795100.026,14.85,8.40,6.63,68249.42,168862.00,1.00,9357.00,75790.93,15.79,53777690624.00,109109.10,0.00,68089.34
1787795103.063,14.44,10.62,3.69,51762.84,270339.95,0.00,9343.00,38877.55,3196.94,53787955200.00,13248009.35,0.04,54046.75
1787795106.1,12.67,8.66,4.48,53933.99,185142.33,0.00,9344.00,24188.45,0.00,53776879616.00,52633.19,0.00,55256.48
1787795109.141,13.04,8.00,5.00,51487.22,204019.91,0.00,9320.00,44463.91,0.00,53800296448.00,64564.43,0.00,53226.07
1787795112.19,16.32,9.25,7.24,51628.30,251738.66,0.00,9309.00,28315.99,442.05,53815250944.00,2985744.42,0.02,50349.75
1787795115.23,20.43,11.05,8.27,46041.55,166376.93,0.00,9322.00,34203.79,89.93,53803499520.00,423526.48,0.01,38000.62
1787795118.274,16.90,8.71,8.40,43621.33,166845.01,0.00,9325.00,28327.91,117.44,53792272384.00,942335.91,0.01,35366.09
1787795121.311,12.85,6.86,5.09,40209.80,136258.15,0.00,9317.00,28215.22,701.39,53794451456.00,5156829.15,0.02,34629.89
1787795124.344,12.69,7.19,6.03,39469.25,161852.79,0.00,9333.00,24909.41,137.51,53789593600.00,598680.53,0.01,32526.97
1787795127.393,13.56,9.14,5.11,55304.82,226761.97,0.00,10828.00,26044.35,190.41,52249448448.00,1052579.70,0.01,58138.12
1787795130.423,15.60,9.63,6.60,51357.52,248723.44,0.00,9943.00,78491.78,63.61,53162315776.00,652860.15,0.01,50699.13
1787795133.464,24.67,15.59,8.10,87067.48,464629.63,0.00,9305.00,406853.42,2260.85,53903802368.00,10302145.77,0.23,64428.16
1787795136.52,35.04,20.30,14.33,119671.72,721215.42,0.00,8945.00,250465.33,7210.89,54206857216.00,35763089.29,1.33,91914.66
1787795139.579,32.95,20.06,13.19,109674.13,785308.73,0.00,8785.00,225931.98,1022.91,54369353728.00,5121514.56,0.08,93325.25
1787795142.612,33.37,20.11,13.28,138766.62,758936.09,0.00,8689.00,223421.07,1434.23,54483832832.00,49140338.71,0.41,98964.79
1787795145.658,35.71,20.05,15.98,140530.99,740401.53,1.00,8625.00,225790.42,6216.22,54545051648.00,26188978.96,0.06,90994.92
1787795148.71,15.59,9.00,6.30,36025.55,176434.00,1.00,8276.00,30150.97,854.82,54830473216.00,7488230.44,0.09,26319.45
1787795151.751,13.78,7.39,6.08,41216.79,173632.11,0.00,7949.00,28318.62,358.64,55252545536.00,1731300.20,0.01,33145.19
1787795154.797,21.26,11.10,10.25,48032.45,349609.93,1.00,7885.00,43511.94,1877.92,55517601792.00,8982428.49,0.15,34662.57
1787795157.853,21.22,11.32,9.25,61968.85,398943.62,0.00,8671.00,51686.91,3487.06,54685425664.00,15375303.09,0.12,62876.03
1787795160.908,17.51,13.73,4.86,62177.44,227763.74,3.00,8862.00,146997.35,29149.84,54414925824.00,357388359.91,5.39,61349.69
1787795163.947,21.26,14.39,6.46,66438.33,316993.73,0.00,8756.00,77057.27,10801.18,54584451072.00,47091902.28,0.27,65145.01
1787795166.985,18.38,11.14,7.74,68199.47,296117.31,0.00,8545.00,248369.36,3118.43,54790848512.00,43170548.70,0.17,61635.27
1787795170.023,24.30,13.81,9.88,85422.21,339434.15,0.00,8028.00,73277.73,1152.53,55271813120.00,6610864.14,0.09,73661.12
1787795173.073,23.68,14.75,8.50,41520.56,320288.19,0.00,8330.00,294309.42,2995.27,55026753536.00,14958710.76,0.16,34109.56
1787795176.125,36.54,25.68,11.71,120019.33,609675.71,0.00,8013.00,284132.54,25318.08,55269150720.00,365798179.48,6.75,96221.49
1787795179.174,38.19,23.68,14.45,112559.21,650462.30,0.00,9506.00,395015.82,7252.04,53613084672.00,38145394.58,0.91,92294.59
1787795182.217,32.24,20.17,12.09,114885.41,614653.91,0.00,9189.00,260145.26,10492.16,53734883328.00,59501661.80,4.38,81149.59
1787795185.253,27.55,17.90,10.38,110962.36,558647.30,0.00,8767.00,216684.41,10924.11,54129164288.00,80371381.88,3.14,89428.36
1787795188.286,19.38,13.53,5.29,78046.69,235076.68,0.00,8711.00,38924.80,10675.03,54145335296.00,29986745.04,0.59,72348.35
1787795191.32,23.00,13.39,8.28,50872.86,192826.83,0.00,8789.00,51258.27,21616.53,54073786368.00,122708631.29,1.76,44678.64
1787795194.356,13.71,9.94,4.74,49229.27,203990.29,0.00,8861.00,44401.46,18580.63,54223880192.00,123867565.35,2.61,52710.74
1787795197.399,21.96,11.90,8.81,59535.82,323971.38,0.00,8786.00,61565.68,13328.66,54276243456.00,85154538.40,3.41,60578.33
1787795200.434,12.37,9.32,4.04,49693.58,191966.84,0.00,9416.00,39001.64,11871.10,53604589568.00,68282352.06,1.77,37790.64
1787795203.47,16.94,12.18,5.51,52095.97,271559.98,0.00,8856.00,127151.26,13773.21,54181523456.00,93813151.14,2.18,45206.75
1787795206.513,16.58,8.78,7.47,52158.31,175892.97,0.00,8778.00,48520.94,11649.44,54233104384.00,70003047.90,1.27,43955.16
1787795209.56,26.90,15.88,10.80,82457.67,255422.63,0.00,8425.00,134550.13,12994.48,54290137088.00,71720158.64,1.44,76958.99
1787795212.609,14.55,9.73,4.63,47754.22,196805.00,0.00,8395.00,89315.99,23503.43,54422773760.00,131003174.72,1.38,53410.27
1787795215.66,14.60,9.39,4.46,39336.18,162386.63,0.00,9197.00,37370.85,21827.49,53460643840.00,127939990.69,2.08,32545.86
1787795218.69,18.89,12.50,6.29,67438.73,398103.38,0.00,8599.00,173167.15,8428.10,54028894208.00,74510652.79,2.90,60951.90
1787795221.725,21.33,13.18,6.82,50235.62,368082.60,0.00,8589.00,44198.17,9412.42,53977513984.00,85185540.74,2.17,42545.87
1787795224.778,17.46,11.44,5.60,57712.86,323436.52,0.00,8473.00,37709.64,11914.12,54190936064.00,72078947.22,1.33,56888.87
1787795227.814,17.28,12.06,5.72,56437.03,405762.02,0.00,8425.00,48837.09,10314.98,54202773504.00,83199861.32,2.14,60199.45
1787795230.846,15.35,10.39,5.12,49936.11,429876.80,0.00,9090.00,50291.35,11791.41,53475938304.00,101450671.47,2.34,41308.22
1787795233.894,17.50,10.57,6.48,51699.88,650454.26,0.00,8709.00,153873.15,17016.70,53846396928.00,117092589.43,1.53,41730.06
1787795236.938,21.46,13.91,6.68,52101.83,322976.03,0.00,8628.00,31214.55,6880.87,54046887936.00,50951658.28,1.04,42895.22
1787795240.003,22.01,14.07,7.46,63567.96,316663.32,0.00,8554.00,248522.30,8818.27,54183264256.00,69817233.25,2.17,61528.97
1787795243.04,17.79,11.79,5.27,51630.15,234458.07,0.00,8584.00,31719.89,8229.63,54169276416.00,58158333.52,1.24,53629.54
1787795246.076,13.61,9.50,4.48,66961.99,302319.66,0.00,8570.00,80854.89,17237.84,54176202752.00,109981457.02,1.62,68017.36
1787795249.124,13.93,10.28,3.94,52492.77,212864.81,0.00,8890.00,34512.23,71.21,53758758912.00,1199048.05,0.01,57329.63
1787795252.162,15.39,8.08,6.37,61073.65,184981.32,0.00,8955.00,36962.65,15.91,53744140288.00,1083603.81,0.01,54495.93
1787795255.208,17.16,9.20,7.67,45839.34,189762.57,0.00,8958.00,26519.59,0.00,53739999232.00,700048.87,0.00,42226.51
1787795258.246,21.53,19.31,2.63,82801.60,154973.54,1.00,8560.00,262696.26,0.00,54175113216.00,1242816.58,0.01,82867.72
1787795261.288,15.60,8.60,6.83,48589.67,180343.59,0.00,8360.00,40309.82,0.00,54505177088.00,728949.24,0.00,47010.85
1787795264.317,8.65,3.89,4.28,23765.57,142812.52,0.00,8855.00,12310.57,0.00,53983723520.00,803684.72,0.82,20749.37
1787795267.362,8.95,4.24,4.47,55710.74,180570.31,0.00,8432.00,25139.83,15.79,54395482112.00,751625.85,0.00,61670.55
1787795270.403,8.79,4.00,3.84,50681.24,189743.71,0.00,8434.00,32570.67,23.61,54403485696.00,814111.40,0.00,56638.40
1787795273.448,7.32,3.71,4.10,47919.94,227302.20,0.00,8431.00,17010.55,47.48,54401392640.00,632011.42,0.00,53274.22
1787795276.485,8.65,4.46,3.85,59784.80,168673.07,0.00,8420.00,27611.78,0.00,54399946752.00,831423.79,0.01,66519.92
1787795279.517,13.95,5.66,6.67,46421.43,214942.00,0.00,8300.00,65202.78,0.00,54501199872.00,785274.36,0.01,40977.31
1787795282.554,13.32,4.48,7.81,43436.75,162242.65,0.00,8283.00,40300.82,274.20,54517489664.00,1897520.92,0.01,37783.63
1787795285.592,8.12,2.30,5.37,42005.98,151875.55,0.00,8261.00,27586.04,15.72,54505603072.00,681198.62,0.00,37131.81
1787795288.624,8.31,3.94,4.41,39515.46,181662.97,0.00,9426.00,67766.69,0.99,53277200384.00,640979.09,0.00,39820.22
1787795291.657,8.92,3.93,5.09,57393.07,222972.16,0.00,9430.00,33334.97,0.00,53302833152.00,1248287.46,0.00,59544.47
1787795294.687,10.41,4.34,5.35,47509.00,197683.37,0.00,8538.00,24597.70,0.00,54374662144.00,976320.09,0.03,52058.58
1787795297.729,9.49,3.80,6.12,60826.40,202102.00,0.00,8738.00,36029.85,47.61,54004772864.00,1040084.54,0.00,62517.17
1787795300.769,14.16,9.01,5.24,53193.05,168764.26,0.00,8296.00,300427.18,49.30,54469500928.00,1509877.60,0.01,48849.20
1787795303.809,8.16,4.11,4.11,47790.31,196832.75,0.00,7996.00,25855.73,0.00,54822572032.00,443764.76,0.00,54706.96
1787795306.847,9.52,3.93,5.47,37249.16,187807.47,0.00,8191.00,69842.92,1755.03,54608973824.00,7622466.06,0.03,33737.35
1787795309.886,15.80,7.88,6.33,56114.96,367890.66,0.00,7894.00,33034.16,1870.83,54959603712.00,7860357.90,0.04,53350.69
1787795312.929,10.13,4.25,6.42,40237.29,190421.74,1.00,7908.00,34768.37,0.99,54938226688.00,364699.89,0.00,44463.83
1787795315.967,7.97,3.56,4.64,35416.59,202903.84,0.00,7928.00,26840.32,0.00,54920261632.00,300000.32,0.01,33908.43
1787795319.009,9.05,2.55,6.79,28246.90,158538.49,0.00,7920.00,42232.54,147.20,54924537856.00,643380.91,0.01,19872.19
1787795322.048,7.87,3.16,5.02,61585.66,166334.33,0.00,9633.00,85885.42,0.00,53166678016.00,12139.50,0.00,57979.34
1787795325.096,10.20,4.63,5.55,44120.20,219247.57,0.00,9505.00,28338.29,0.00,53303128064.00,837623.92,0.01,43345.45
1787795328.135,6.25,2.62,3.70,39153.67,169396.03,0.00,8684.00,172116.98,142.17,54102708224.00,687464.83,0.00,36645.71
1787795331.173,11.96,4.86,6.78,46711.29,205666.54,0.00,8672.00,25941.50,94.80,54109474816.00,760447.65,0.01,45641.22
1787795334.213,5.60,1.47,3.10,35595.44,162819.30,0.00,8668.00,95707.60,30.73,54103371776.00,138051.78,0.00,31713.35
1787795337.247,7.72,3.08,4.24,54653.29,195911.32,0.00,8541.00,24148.78,0.00,54270054400.00,36409.85,0.00,61547.19
1787795340.28,14.01,6.50,7.81,55337.83,364608.82,0.00,8530.00,46983.44,2355.71,54283206656.00,14292977.89,0.08,51481.07
1787795343.339,7.14,3.15,4.85,44120.38,179116.02,1.00,8551.00,25141.30,0.00,54259630080.00,193629.78,0.00,45533.10
1787795346.392,11.44,5.87,6.03,52264.59,185173.33,0.00,8543.00,21425.12,0.00,54262792192.00,117490.49,0.00,57128.02
1787795349.436,13.47,4.62,8.09,89104.68,188947.62,0.00,8525.00,67846.20,0.00,54278909952.00,0.00,0.00,90048.65
1787795352.482,8.03,4.09,3.93,46731.74,205982.85,1.00,8540.00,21713.73,16.78,54271057920.00,109147.97,0.00,51267.37
1787795355.519,13.39,5.86,7.63,60708.50,208504.73,0.00,8543.00,26246.12,0.00,54267580416.00,36347.60,0.00,61896.65
1787795358.555,7.67,3.93,3.54,45738.83,218746.33,0.00,8597.00,25906.28,15.77,54177398784.00,92843.58,0.00,50396.62
1787795361.597,12.36,5.53,6.22,50502.33,185282.15,0.00,8603.00,31359.41,2.95,54172819456.00,56427.05,0.00,50945.56
1787795364.64,8.33,3.77,4.08,62290.41,200616.47,0.00,8598.00,27775.47,37.47,54182162432.00,457456.45,0.01,68343.03
1787795367.689,10.23,3.39,5.16,57955.83,183461.72,0.00,8596.00,25983.22,15.77,54187372544.00,1041702.58,0.01,55255.06
1787795370.734,10.05,3.77,6.23,57904.78,177533.76,0.00,8603.00,27881.86,0.00,54180806656.00,245955.76,0.01,49015.63
1787795373.776,14.16,8.61,5.31,91431.40,218208.94,0.00,9220.00,310308.01,263.92,53540134912.00,1246884.58,0.01,82873.91
1787795376.821,14.59,9.99,4.53,72762.05,215808.58,0.00,9379.00,204845.31,47.19,53515878400.00,885949.36,0.00,69721.75
1787795379.854,7.23,3.87,4.03,42804.33,196817.67,0.00,8979.00,25332.75,0.00,53840060416.00,1059509.82,0.01,47904.61
1787795382.893,13.99,6.86,6.86,67431.24,287484.49,2.00,8974.00,51273.46,31.56,53837447168.00,589830.74,0.00,62998.73
1787795385.934,9.13,4.61,3.92,45052.00,186360.39,0.00,8243.00,41688.54,45.25,54594658304.00,523829.33,0.01,47786.82
1787795388.975,8.78,4.23,4.46,85967.92,187519.85,0.00,9043.00,263094.17,301.21,53756903424.00,1483716.43,0.01,81446.53
1787795392.022,11.52,6.09,5.71,63639.26,269159.26,1.00,8855.00,45124.62,15.80,53945208832.00,222404.71,0.00,64216.94
1787795395.062,7.06,4.17,2.86,42635.75,165513.23,0.00,8504.00,219361.36,17.80,54303002624.00,826180.90,0.00,35661.42
1787795398.104,8.22,4.55,3.54,45885.76,198967.45,0.00,8044.00,28550.41,0.00,54805233664.00,222132.19,0.00,48732.52
1787795401.142,19.40,12.18,5.90,34862.00,213293.02,0.00,8472.00,52058.53,0.00,54366494720.00,337758.99,0.02,27110.92
1787795404.176,12.25,6.11,5.18,48269.14,215649.94,0.00,8147.00,32818.62,0.00,54694694912.00,8109.86,0.00,51507.45
1787795407.22,9.86,4.46,5.30,56244.69,212054.06,0.00,9083.00,22006.61,0.00,53717299200.00,104719.22,0.00,61652.73
1787795410.257,9.87,3.24,6.33,60375.50,204655.55,0.00,9078.00,41397.80,0.00,53720068096.00,68761.31,0.01,56256.45
1787795413.293,9.35,3.94,4.95,49196.68,194737.63,0.00,9079.00,26801.34,0.00,53715521536.00,28382.20,0.00,45154.65
1787795416.334,13.54,7.99,5.46,48563.98,150308.08,0.00,8857.00,243623.34,12.78,53952864256.00,675204.81,0.01,44450.18
1787795419.374,7.33,3.40,4.02,58281.67,183497.92,0.00,8353.00,18852.34,0.00,54514020352.00,12158.59,0.00,61540.64
1787795422.41,6.67,3.24,3.24,48454.54,137452.89,0.00,8715.00,12172.32,0.00,54128844800.00,12119.06,0.00,43318.05
1787795425.447,4.73,1.39,3.31,27750.68,137422.39,0.00,8396.00,61591.01,0.00,54477361152.00,318801.34,0.01,23159.37
1787795428.49,8.31,4.10,4.10,53053.85,182334.13,0.00,8221.00,22361.22,0.00,54656032768.00,0.00,0.00,57933.54
1787795431.526,9.12,5.73,3.56,49116.10,222287.70,1.00,8220.00,30977.65,0.00,54665170944.00,113812.32,0.00,52485.03
1787795434.557,7.61,2.86,4.63,48590.39,167905.43,0.00,8233.00,24198.32,0.00,54652940288.00,12147.10,0.00,53893.98
1787795437.602,7.64,3.23,4.16,38894.73,160265.71,0.00,8226.00,26150.09,0.00,54655365120.00,161353.94,0.00,36925.27
1787795440.645,8.62,2.32,6.25,45650.30,165247.08,1.00,8235.00,27234.77,0.00,54648373248.00,149638.66,0.00,37350.05
1787795443.684,17.41,11.73,6.02,47420.91,223188.59,0.00,9110.00,325834.60,0.00,53861634048.00,356121.66,0.01,34856.24
1787795446.72,11.72,7.50,3.94,77985.06,170359.88,1.00,8886.00,297893.66,13.85,54012325888.00,498294.13,0.01,72980.09
1787795449.753,13.25,7.63,5.48,58890.24,209544.36,0.00,8926.00,24454.11,8.88,53894348800.00,60644.23,0.00,68146.35
1787795452.801,11.45,4.69,6.31,47456.30,181230.52,0.00,8908.00,34549.03,60.08,53918068736.00,322711.09,0.00,45396.16
1787795455.828,9.32,4.13,3.89,48011.94,173319.66,0.00,8916.00,26146.21,47.83,53899345920.00,297927.92,0.01,48204.01
1787795458.857,8.68,2.33,5.60,49643.72,192415.18,0.00,8909.00,26888.69,15.92,53910052864.00,114126.42,0.00,43874.98
1787795461.898,7.98,3.15,4.85,46036.55,150733.74,0.00,8911.00,26670.47,31.52,53906710528.00,238026.88,0.00,44035.04
1787795464.95,10.51,6.11,4.41,49795.26,196003.94,0.00,8913.00,25205.05,0.00,53911330816.00,52718.92,0.00,55077.77
1787795467.987,18.47,9.30,9.22,44252.99,202662.79,0.00,8920.00,27166.84,14.76,53908627456.00,257889.75,0.00,41452.31
1787795471.035,17.17,13.33,4.31,65948.09,186952.33,0.00,8404.00,105500.38,4708.54,54428405760.00,20813084.05,0.14,60769.73
1787795474.074,10.22,5.63,4.78,49769.44,184153.63,0.00,8090.00,31747.19,0.00,54751485952.00,56597.36,0.00,53605.30
1787795477.116,5.51,2.30,2.54,47401.73,152478.50,0.00,8775.00,12215.44,0.00,54027612160.00,185372.43,0.00,44253.06
1787795480.158,9.05,3.99,5.29,41161.47,151590.66,0.00,8613.00,12819.72,118.73,54200147968.00,502387.96,0.01,38000.62
1787795483.2,13.54,6.47,6.54,59829.72,248131.29,0.00,8236.00,128900.40,15.76,54583189504.00,407563.27,0.00,56266.14
1787795486.251,7.56,3.86,4.17,51148.04,213701.19,0.00,8241.00,24801.66,28.70,54586142720.00,255357.25,0.00,52392.87
1787795489.282,12.07,3.72,6.04,38740.27,201350.34,0.00,8247.00,31473.81,31.71,54578200576.00,255706.62,0.00,33826.20
1787795492.335,13.84,7.76,6.99,45395.01,174901.45,0.00,8237.00,25366.09,11.82,54593331200.00,133126.92,0.00,45957.84
1787795495.374,9.55,2.26,6.69,51886.28,172847.71,0.00,8247.00,34516.17,0.00,54585536512.00,216168.42,0.00,43183.87
1787795498.413,11.85,3.79,7.66,50808.06,254738.51,0.00,8240.00,56122.39,55.46,54592831488.00,486787.60,0.01,41505.07
1787795501.447,8.70,2.47,6.56,43118.04,169926.28,0.00,8253.00,34079.07,0.00,54587949056.00,80899.41,0.00,35745.50
1787795504.486,9.14,3.88,5.66,49602.57,191940.22,0.00,8227.00,27589.05,154.71,54603522048.00,737278.93,0.01,46694.63
1787795507.523,7.32,1.38,5.92,54428.27,160675.23,0.00,8239.00,26988.71,0.98,54574542848.00,415297.60,0.01,47940.76
1787795510.559,10.44,3.02,6.57,48955.03,192026.72,0.00,8244.00,26701.21,0.00,54577434624.00,32420.99,0.00,43656.41
1787795513.596,8.77,3.87,5.58,45258.65,210334.35,0.00,8243.00,27908.49,0.99,54585827328.00,271942.31,0.01,42533.52
1787795516.648,6.33,3.45,3.38,53727.49,187909.14,0.00,9503.00,26690.30,0.00,53256294400.00,338113.81,0.01,60868.34
1787795519.678,5.74,2.40,3.41,36604.77,163155.51,0.00,8671.00,172154.47,79.34,54148431872.00,670251.04,0.00,35483.32
1787795522.725,8.16,3.24,5.25,47380.88,211789.97,0.00,8661.00,35064.04,0.99,54146486272.00,898650.31,0.00,48596.24
1787795525.754,8.93,3.57,5.50,46112.47,214038.03,0.00,8665.00,25970.01,0.00,54144618496.00,65017.78,0.01,44552.82
1787795528.79,12.42,7.42,5.26,40590.21,152611.05,0.00,8678.00,24986.96,0.00,54153625600.00,295846.29,0.00,37040.76
1787795531.847,14.27,9.73,5.21,45837.47,185483.23,0.00,8464.00,85173.83,15.70,54325624832.00,1475120.48,0.02,44844.59
1787795534.881,6.09,3.10,3.18,49840.72,155685.67,1.00,8777.00,53066.30,7.93,54023614464.00,105630.70,0.00,47801.31
1787795537.912,8.65,4.26,4.42,60089.07,220784.31,0.00,8508.00,24170.27,31.73,54291877888.00,251777.65,0.00,64840.81
1787795540.954,16.01,7.17,8.25,46834.78,170303.34,0.00,8510.00,26790.09,0.00,54289215488.00,113217.69,0.00,42328.41
1787795543.992,10.24,4.17,6.03,44390.31,181010.38,0.00,8517.00,35672.55,0.00,54277828608.00,80961.22,0.00,37635.08
1787795547.026,9.23,4.63,4.24,66238.09,175624.89,0.00,8522.00,25068.24,0.99,54266515456.00,76886.21,0.00,71606.89
1787795550.059,10.44,3.85,6.63,45560.19,176642.71,0.00,8516.00,25394.34,0.00,54274203648.00,0.00,0.00,43796.94
1787795553.103,9.43,3.48,5.96,41509.00,182200.06,0.00,8524.00,26372.95,0.00,54274179072.00,101415.38,0.00,40876.36
1787795556.15,9.91,4.36,4.29,65373.10,170640.79,0.00,8514.00,27174.93,26.46,54285594624.00,128452.96,0.00,70791.79
1787795559.197,8.89,3.31,5.62,44413.69,133143.57,1.00,9148.00,100966.62,0.00,53655199744.00,229934.44,0.00,38532.55
1787795562.238,15.16,9.47,4.77,58089.00,197216.27,0.00,9255.00,50176.65,0.00,53514084352.00,214040.74,0.01,60659.26
1787795565.276,7.81,3.16,4.78,37748.62,161185.48,0.00,8427.00,143344.08,0.00,54381731840.00,343641.25,0.00,33749.29
1787795568.328,11.94,5.37,6.36,50461.79,170679.37,1.00,8469.00,26618.08,92.25,54314684416.00,514527.87,0.00,49271.14
1787795571.361,8.12,3.47,4.94,46107.05,171881.75,0.00,8466.00,26465.31,15.81,54311346176.00,153790.29,0.00,44831.23
1787795574.406,16.33,9.16,6.54,67106.81,157402.11,0.00,8768.00,290122.77,31.53,54015188992.00,536838.68,0.01,60283.11
1787795577.435,8.92,5.03,3.63,50557.04,175528.09,0.00,8487.00,24214.22,0.00,54336417792.00,425601.82,0.00,57679.22
1787795580.474,5.14,3.33,2.40,71095.22,141090.83,0.00,9202.00,16050.02,0.00,53589016576.00,385827.08,0.00,70937.24
1787795583.508,12.64,8.17,4.63,69494.64,190981.68,1.00,8712.00,25839.26,31.59,54095884288.00,210243.90,0.01,69977.12
1787795586.552,8.15,2.15,5.46,35887.98,174290.55,0.00,8718.00,34653.55,0.00,54106865664.00,20160.35,0.00,30734.71
1787795589.6,9.71,2.45,6.90,65862.68,158470.07,0.00,8696.00,65453.02,0.00,54113263616.00,8047.78,0.00,58684.96
1787795592.643,9.66,2.24,6.48,47689.05,179969.51,0.00,8693.00,35305.00,15.80,54118006784.00,121313.12,0.00,38435.13
1787795595.68,7.21,3.79,4.02,43612.49,181824.52,0.00,9227.00,65265.74,2.97,53600759808.00,474569.22,0.01,44113.95
1787795598.717,13.76,7.14,6.30,50982.46,172975.20,0.00,9285.00,25776.71,0.00,53459066880.00,237487.73,0.00,55660.21
1787795601.755,7.75,3.78,3.09,47677.62,164358.54,0.00,8410.00,22622.26,0.00,54380834816.00,0.00,0.00,54733.21
1787795604.805,10.84,5.77,5.15,54664.97,212737.12,0.00,8416.00,24332.20,63.03,54372253696.00,367081.69,0.00,55167.70
1787795607.847,7.34,3.70,3.93,52615.38,192647.03,0.00,8401.00,31270.00,0.00,54387228672.00,12143.15,0.00,55175.34
1787795610.886,15.42,7.80,7.49,43688.73,182465.45,0.00,8422.00,23586.20,0.00,54368698368.00,36431.82,0.00,46770.29
1787795613.926,7.11,4.09,2.70,61857.58,199681.06,0.00,8421.00,31773.59,0.00,54366453760.00,0.00,0.00,71757.57
1787795616.965,10.93,3.46,7.14,54569.01,164347.72,0.00,8416.00,27417.65,0.00,54372368384.00,44273.88,0.00,50237.92
1787795619.989,7.78,1.87,5.22,45826.54,146410.56,0.00,8416.00,28397.49,13.96,54366375936.00,81699.89,0.00,41187.05
1787795623.013,14.75,7.31,6.53,86909.15,328032.23,0.00,8506.00,96907.96,65.70,54326120448.00,966383.75,0.01,79240.80
1787795626.057,12.03,5.25,6.87,64637.50,264996.49,0.00,8517.00,51909.45,74.05,54318362624.00,424138.14,0.01,65174.48
1787795629.095,8.98,3.25,5.81,52592.78,199982.60,0.00,8978.00,154455.24,0.99,53861773312.00,292282.10,0.00,46478.50
1787795632.131,13.24,6.27,7.13,59936.38,290562.52,0.00,8900.00,75863.55,14.88,53871276032.00,337135.19,0.01,56291.30
1787795635.167,20.30,7.77,11.81,74627.12,550777.91,0.00,8807.00,143868.81,11478.95,53963587584.00,47560092.95,0.43,52445.42
1787795638.204,13.06,4.47,8.72,69301.47,240667.48,0.00,9558.00,309934.40,0.99,53168443392.00,703451.43,0.01,56883.91
1787795641.247,14.31,6.82,6.75,65397.81,285946.20,0.00,9413.00,69441.09,28.49,53364719616.00,840939.53,0.01,65010.54
1787795644.288,11.12,5.52,4.90,53700.08,218012.16,0.00,8850.00,280395.50,0.98,53956960256.00,582466.78,0.01,46443.63
1787795647.331,9.72,3.95,5.42,41532.42,245877.18,0.00,8505.00,134976.17,23.77,54322503680.00,1269558.72,0.01,32555.95
1787795650.362,10.66,4.72,6.34,58406.37,232982.93,1.00,8494.00,56224.25,8.91,54320914432.00,555581.30,0.01,53022.92
1787795653.413,9.60,3.45,5.91,58831.74,202363.08,0.00,9346.00,31662.00,15.72,53743071232.00,503070.55,0.00,55291.14
1787795656.442,8.89,3.73,4.59,38615.98,195285.89,0.00,8893.00,45455.98,0.00,53917454336.00,187565.88,0.01,32135.15
1787795659.491,13.27,5.07,8.00,69753.05,266036.74,0.00,8581.00,57149.59,1.97,54194548736.00,362809.58,0.00,66545.09
1787795662.53,6.63,3.34,3.65,29177.55,169825.39,0.00,9116.00,22468.06,0.00,53656338432.00,44798.90,0.00,24420.17
1787795665.571,14.81,7.49,6.87,53361.38,338864.18,0.00,8920.00,114656.63,0.99,53849743360.00,352261.61,0.00,38856.49
1787795668.618,7.79,3.00,4.62,37839.51,192492.16,1.00,8925.00,55929.22,4.93,53845483520.00,213880.39,0.01,29337.43
1787795671.652,19.79,11.80,6.94,52914.12,174131.91,0.00,8546.00,26720.30,15.80,54237921280.00,214434.12,0.00,52949.73
1787795674.686,7.89,2.17,6.27,34001.16,141324.02,1.00,8557.00,26816.84,0.00,54226014208.00,16235.57,0.00,25971.33
1787795677.726,21.02,9.82,11.53,109548.14,639093.00,0.00,9043.00,256329.43,0.00,54356119552.00,928635.06,0.01,74592.47
1787795680.774,22.41,9.37,12.22,110538.98,660290.18,0.00,8914.00,307803.53,17.71,55159803904.00,1164642.01,0.01,75242.83
1787795683.815,23.41,13.46,9.96,115473.89,652477.82,0.00,8703.00,220743.58,31.88,54722650112.00,1130293.83,0.02,88530.08
1787795686.861,20.02,10.00,9.69,110388.34,586466.73,0.00,8544.00,333334.19,137.00,54898528256.00,1508605.59,0.01,80435.34
1787795689.903,15.97,6.49,9.65,67516.08,307942.09,1.00,8445.00,94192.07,33.62,54386200576.00,546243.22,0.01,61527.62
1787795692.938,8.19,3.23,5.00,54550.55,205487.96,0.00,8481.00,26434.85,51.20,54373953536.00,213763.25,0.00,54096.83
1787795695.993,17.49,8.82,8.05,68576.33,319943.34,0.00,8505.00,63216.27,30.43,54389391360.00,663468.96,0.00,61869.83
1787795699.037,15.25,9.54,6.44,62222.08,233578.08,0.00,8686.00,149707.97,0.00,54223351808.00,2429769.15,0.21,57723.84
1787795702.074,15.45,4.41,9.43,65579.32,182977.05,1.00,8293.00,234268.97,4161.43,55944036352.00,13855558.45,0.04,61941.70
1787795705.113,15.04,7.07,8.15,50618.71,326799.45,0.00,7853.00,100888.67,8504.18,55115771904.00,34240469.93,0.95,45782.61
1787795708.15,14.42,5.89,7.59,42384.60,226501.72,3.00,7845.00,28456.38,84.29,55125852160.00,1584045.47,0.01,45926.67
1787795711.183,14.67,6.26,7.27,51878.71,285386.35,0.00,7832.00,71203.82,15.84,55135330304.00,794556.43,0.01,53956.97
1787795714.222,9.08,4.33,5.34,47562.64,201746.54,0.00,7958.00,24421.08,15.85,54999703552.00,385365.69,0.01,49358.14
1787795717.263,16.62,7.30,9.55,77116.37,355074.65,0.00,8016.00,100772.64,56.63,54763544576.00,524928.55,0.01,73799.72
1787795720.306,9.59,3.95,4.49,53822.28,199624.07,0.00,8063.00,31727.49,0.00,54724493312.00,186723.96,0.01,55395.85
1787795723.348,15.21,7.96,7.34,63090.21,257927.62,0.00,8050.00,53322.36,1735.85,54751592448.00,7196167.20,0.09,59595.29
1787795726.392,19.40,9.72,9.41,80750.80,594795.90,1.00,7914.00,135589.78,3667.98,56157806592.00,15976940.42,0.28,72027.52
1787795729.431,12.29,5.33,6.88,60055.52,222640.41,0.00,7999.00,31629.78,27.71,54803480576.00,733601.15,0.01,63057.69
1787795732.469,12.63,6.92,6.76,65560.91,301087.15,0.00,7975.00,44455.09,487.27,54836768768.00,2988705.64,0.02,59372.12
1787795735.509,13.05,6.12,5.57,69306.60,246156.22,0.00,7970.00,27399.36,31.71,54836178944.00,10613070.01,0.01,68164.29
1787795738.541,13.70,6.44,5.27,74606.83,247351.61,0.00,7986.00,27033.37,15.88,54807142400.00,8973936.90,0.01,76282.29
1787795741.573,17.96,10.04,7.32,75301.63,290743.12,0.00,7983.00,63238.59,9727.33,54812729344.00,47702832.62,0.05,70559.46
1787795744.609,15.17,6.29,8.61,48403.19,260655.27,1.00,7900.00,92326.94,17739.85,54861180928.00,133713492.99,1.36,45125.72
1787795747.645,18.62,8.94,9.17,80406.53,536237.20,0.00,7738.00,117446.62,8191.45,54924992512.00,46555950.60,0.44,65385.84
1787795750.691,20.95,13.94,7.66,95536.36,516022.86,0.00,8273.00,115547.77,6938.20,54368235520.00,47674310.52,0.48,91797.97
1787795753.732,9.40,4.79,4.02,64463.18,273879.70,0.00,8296.00,42431.26,1864.11,54354780160.00,17830611.38,0.06,61257.67
1787795756.771,11.48,6.01,5.71,65674.50,263645.35,2.00,8182.00,69465.79,30.59,55735320576.00,542124.27,0.01,62216.08
1787795759.809,14.64,5.27,9.38,52430.62,178487.63,0.00,8010.00,87010.48,62.53,54839848960.00,4394968.44,0.01,48056.87
1787795762.851,17.91,7.53,8.70,54349.78,231829.45,0.00,7645.00,73366.24,101.38,55055941632.00,8346090.82,0.01,54314.18
1787795765.89,14.79,7.52,7.44,73000.15,343994.76,0.00,8003.00,55145.95,1338.30,54628020224.00,71649165.14,0.07,58407.01
1787795768.935,15.12,7.14,7.90,71580.13,307926.49,0.00,7981.00,58664.88,831.15,54653874176.00,9840946.69,0.03,67037.73
1787795771.987,14.13,8.84,4.46,47863.36,237237.09,0.00,8011.00,27191.96,0.00,54659194880.00,64473.68,0.00,43268.56
1787795775.018,9.64,4.35,5.44,60810.91,256655.42,0.00,7999.00,32566.34,0.00,54669885440.00,5368416.55,0.01,61362.25
1787795778.055,13.41,6.28,6.28,73536.90,285543.48,0.00,8023.00,42622.40,60.59,54662856704.00,4621947.41,0.01,68147.53
1787795781.101,9.17,5.56,3.86,52564.85,216728.04,0.00,7971.00,25814.24,6.92,54661365760.00,4434823.78,0.00,54221.08
1787795784.144,8.94,4.42,3.95,51059.13,179768.40,0.00,7976.00,25944.23,63.49,54656016384.00,304747.70,0.01,53608.17
1787795787.177,11.16,5.76,4.28,64592.27,233386.04,0.00,8061.00,28712.54,31.88,54657306624.00,3411015.12,0.00,64841.09
1787795790.212,14.91,5.80,7.97,57796.98,284479.17,1.00,8000.00,77474.59,5663.34,55365029888.00,25355417.49,0.03,57596.25
1787795793.253,25.26,4.66,19.95,46477.27,288482.36,0.00,7922.00,56903.69,4306.67,56178864128.00,19770875.18,0.05,37684.34
1787795796.282,12.53,7.97,4.80,71568.05,194824.63,0.00,8044.00,27999.85,61.39,54692020224.00,381236.83,0.00,66867.16
1787795799.323,13.83,7.17,6.78,54646.24,229003.89,0.00,8030.00,26690.39,0.00,54700576768.00,141511.66,0.00,56769.01
1787795802.362,9.89,5.26,4.95,57638.14,263033.15,0.00,8040.00,45481.92,30.68,54703923200.00,1226151.43,0.01,60590.18
1787795805.399,20.39,8.44,11.07,59538.71,300674.01,0.00,8030.00,52368.17,15.86,54713511936.00,365507.35,0.00,57047.24
1787795808.447,9.29,2.78,6.48,55052.14,190384.27,1.00,8060.00,28028.95,0.00,54670667776.00,230437.89,0.00,47338.84
1787795811.488,11.23,6.04,5.42,45082.90,206868.31,1.00,9234.00,72557.52,15.85,53448888320.00,304250.14,0.00,47775.80
1787795814.519,10.49,5.67,4.74,48223.00,179615.46,0.00,9024.00,197896.26,0.00,53662101504.00,817296.31,0.02,49892.55
1787795817.558,22.87,13.19,10.01,60191.66,288387.76,0.00,8326.00,230323.80,116011.69,54392516608.00,484808832.67,0.48,64101.40
1787795820.595,21.07,7.79,13.50,50288.79,271129.28,0.00,8322.00,250428.76,108463.96,54417530880.00,455434849.78,0.46,41516.67
1787795823.627,16.38,5.34,11.53,44855.42,325647.63,0.00,8314.00,200741.03,96144.35,54402265088.00,394164975.24,0.36,38865.19
1787795826.667,14.50,4.25,10.20,36707.91,265481.19,0.00,8333.00,149954.98,69719.50,54383845376.00,285420091.95,0.26,27808.41
1787795829.695,13.12,4.88,7.52,51664.85,279184.76,0.00,8310.00,97378.08,92.31,54409891840.00,1223773.14,0.01,54446.56
1787795832.733,9.70,4.09,5.63,32762.93,196930.32,0.00,8315.00,33271.79,15.81,54410469376.00,182123.86,0.00,29934.15
1787795835.768,9.94,4.50,5.81,55646.43,206158.38,0.00,8538.00,65709.32,15.87,54154756096.00,215309.80,0.01,58324.89
1787795838.798,9.80,5.43,4.73,49835.40,205360.85,0.00,8723.00,209045.86,0.00,54012575744.00,666679.17,0.00,48049.08
1787795841.833,6.75,2.94,3.95,29091.40,169470.60,0.00,8671.00,99592.91,243.97,54019072000.00,1056188.67,0.00,24892.22
1787795844.871,9.54,2.64,7.70,41183.92,204201.15,0.00,8477.00,32554.86,325.57,54206078976.00,1492573.30,0.01,32035.01
1787795847.905,10.20,4.79,5.80,45064.82,200037.29,0.00,8476.00,34056.16,42.51,54201245696.00,769409.94,0.03,37149.20
1787795850.945,15.49,7.51,7.13,56669.24,199332.25,0.00,8538.00,43430.35,0.00,54201774080.00,73130.81,0.00,47208.78
1787795853.992,10.15,5.04,4.81,55774.86,225579.17,0.00,9494.00,28544.33,127.01,53297176576.00,597472.09,0.00,61174.79
1787795857.044,13.51,4.67,9.41,44180.68,225750.53,0.00,9049.00,275742.66,779.11,53780074496.00,11448239.89,0.10,41855.34
1787795860.092,14.07,5.15,8.30,43631.02,292736.92,2.00,8569.00,41130.00,2579.73,54290026496.00,10362037.29,0.09,43194.79
1787795863.135,14.64,5.70,7.54,43973.77,282935.04,0.00,8557.00,62995.23,416.87,54292344832.00,2220172.78,0.01,40572.03
1787795866.18,7.43,4.28,3.52,40272.59,212311.35,0.00,8551.00,26180.02,29.36,54288113664.00,288595.79,0.00,46567.38
1787795869.215,10.37,3.96,6.68,56195.19,233196.68,1.00,8889.00,30285.55,35.78,53787267072.00,480354.94,0.01,55357.87
1787795872.254,8.49,1.94,5.88,42548.58,181040.37,1.00,8902.00,28240.16,0.00,53769404416.00,154283.09,0.01,36495.38
1787795875.282,15.05,6.45,7.93,57132.01,259998.00,0.00,8879.00,70241.09,27.86,53797904384.00,436013.10,0.01,46749.42
1787795878.323,15.02,7.69,7.77,57735.54,272672.27,0.00,9268.00,278455.56,75.52,53386416128.00,66132048.05,0.21,50884.09
1787795881.357,11.11,5.66,6.28,60781.21,312831.43,1.00,9382.00,66062.78,212.41,53316870144.00,2845952.40,0.02,64108.76
1787795884.402,10.51,6.73,3.10,109761.87,189493.62,0.00,9020.00,13479.75,31.72,53703004160.00,422217.61,0.00,103268.79
1787795887.443,9.46,4.73,4.03,45447.84,197086.63,0.00,8532.00,25427.59,15.89,54213472256.00,138326.07,0.01,50059.11
1787795890.478,8.98,3.40,5.87,50011.66,193901.68,0.00,8541.00,43556.03,0.00,54188167168.00,449823.01,0.01,44649.52
1787795893.527,8.08,2.39,5.47,64694.21,140983.12,0.00,8551.00,26711.37,0.00,54175186944.00,129163.73,0.00,57043.57
1787795896.586,10.05,5.17,4.17,44431.38,169281.99,0.00,9551.00,65024.84,0.00,53128024064.00,18062147.75,0.06,41622.36
1787795899.629,10.66,4.34,5.42,59087.77,195845.92,0.00,9539.00,24147.19,15.85,53223161856.00,113597.49,0.00,61876.43
1787795902.667,5.28,2.87,2.95,41084.26,175169.50,0.00,8805.00,140093.89,15.89,54002855936.00,77292.08,0.00,38461.01
1787795905.716,11.89,8.14,4.15,60952.96,200838.82,0.00,8665.00,26555.26,181.99,54147592192.00,1172563.38,0.02,64173.62
1787795908.773,9.10,4.48,5.87,54784.93,199787.60,1.00,8621.00,39313.30,0.00,54199230464.00,251073.64,0.00,49704.97
1787795911.81,9.29,5.26,4.64,48248.55,221422.15,0.00,8600.00,31431.09,0.99,54210318336.00,101425.76,0.00,53543.98
1787795914.841,11.09,4.25,7.26,59716.54,262276.37,0.00,8574.00,69551.30,52.41,54242897920.00,417169.36,0.01,56140.71
1787795917.889,7.78,4.32,2.70,54580.14,148788.63,0.00,9038.00,85886.92,0.99,53763629056.00,153591.32,0.00,52721.02
1787795920.931,7.46,4.64,3.25,67376.49,186385.20,0.00,8733.00,24497.57,15.85,54067572736.00,409824.35,0.00,76626.44
1787795923.968,11.18,5.29,5.76,39285.38,215856.61,0.00,9333.00,87939.77,15.92,53449564160.00,317961.37,0.01,29992.24
1787795927.017,9.40,4.31,4.92,35841.84,151090.68,0.00,8989.00,112562.55,15.74,53815447552.00,149125.65,0.00,35426.47
1787795930.06,12.54,4.15,7.83,50808.82,229674.95,0.00,9002.00,40310.99,3118.00,53638295552.00,12980644.79,0.04,42458.83
1787795933.093,12.34,4.03,7.52,69297.19,265123.07,0.00,8962.00,51890.95,19.86,53815447552.00,388517.15,0.00,58627.21
1787795936.128,10.89,4.73,5.11,73524.50,218802.54,0.00,9531.00,26425.38,0.00,53091852288.00,398473.28,0.01,77299.27
1787795939.171,8.35,4.25,3.86,39902.38,167973.22,0.00,8686.00,100885.29,141.54,53986332672.00,1564912.67,0.01,37604.14
1787795942.212,7.84,3.72,3.87,53959.22,175570.43,0.00,8685.00,23544.53,27.75,53981421568.00,182702.28,0.00,59749.39
1787795945.243,7.84,2.09,5.25,36041.12,145316.12,0.00,8687.00,34941.86,0.00,53973741568.00,32392.42,0.00,28377.02
1787795948.273,10.13,7.77,2.49,36156.57,108379.21,0.00,8825.00,99145.65,0.00,53832478720.00,14118082.75,0.13,33426.33
1787795951.305,8.27,4.40,4.33,82660.53,146252.48,0.00,9291.00,262243.70,0.00,53376630784.00,1134480.24,0.02,87428.69
1787795954.342,9.95,4.96,4.42,30300.90,152543.06,0.00,9133.00,30282.04,0.99,53548941312.00,321282.08,0.00,24864.91
1787795957.377,11.03,2.79,7.12,51860.69,226865.64,0.00,9172.00,34020.98,1621.79,53608153088.00,5419626.63,0.03,46506.71
1787795960.42,13.35,4.17,9.49,59789.93,341938.06,0.00,8826.00,48560.61,32.59,53839355904.00,562299.29,0.00,54059.05
1787795963.451,8.28,2.71,6.19,40486.19,102934.51,0.00,8837.00,29697.73,55.45,53831819264.00,839581.05,0.01,33392.84
1787795966.492,14.25,9.37,5.58,62471.50,192542.22,0.00,9254.00,70160.62,116.97,53405863936.00,1055640.70,0.01,63382.53
1787795969.533,7.62,4.65,3.34,44261.31,154357.84,1.00,8420.00,73934.25,42.67,54284443648.00,256088.39,0.00,50309.20
1787795972.566,8.75,3.26,4.89,43771.37,134266.72,2.00,8433.00,33384.63,0.00,54264647680.00,48831.13,0.00,43599.68
1787795975.608,7.15,3.10,4.64,45902.75,136977.46,0.00,8423.00,26425.07,0.00,54282842112.00,48671.41,0.00,47265.93
1787795978.649,9.76,5.60,5.14,67887.81,202136.69,1.00,8559.00,42510.76,44.18,54230708224.00,317700.60,0.00,74752.87
1787795981.675,11.41,4.66,5.91,44265.43,194049.63,0.00,9009.00,100830.46,4847.44,53804130304.00,22962296.91,0.42,34661.05
1787795984.703,12.03,5.76,5.21,49328.31,161264.74,1.00,8660.00,99077.83,163.31,54150836224.00,651069.52,0.01,54984.05
1787795987.739,14.81,7.47,7.78,60849.49,155268.70,1.00,8769.00,279911.43,137.47,53950496768.00,991539.23,0.01,55062.49
1787795990.78,9.58,5.08,4.39,63637.74,139493.73,0.00,9485.00,283695.19,0.00,53130801152.00,5360620.94,0.04,59929.46
1787795993.82,7.94,3.33,5.04,42858.82,166637.35,1.00,9369.00,41690.60,31.76,53322502144.00,479721.84,0.01,46894.56
1787795996.855,9.57,4.81,4.81,52026.98,134523.06,1.00,8799.00,293747.03,258.44,53950259200.00,1270284.94,0.01,49662.41
1787795999.89,10.14,4.66,4.04,58711.92,161355.09,0.00,8490.00,26559.04,155.14,54277918720.00,700608.91,0.01,65370.49
1787796002.934,7.68,2.38,4.92,38086.64,138814.08,0.00,8488.00,25599.35,15.72,54276231168.00,92542.72,0.00,37976.61
1787796005.986,9.34,3.46,5.53,47513.97,139586.25,0.00,8483.00,25618.79,0.00,54271979520.00,32219.40,0.00,44744.32
1787796009.015,11.12,4.18,5.89,55934.84,119334.33,0.00,9327.00,36719.32,32.73,53610979328.00,402145.32,0.01,53391.45
1787796012.055,7.76,3.88,4.11,48396.26,150432.25,1.00,8657.00,23847.71,15.88,54107394048.00,146380.03,0.01,53394.32
1787796015.087,7.07,3.18,4.27,56101.84,126361.06,0.00,9314.00,139105.28,0.00,53533368320.00,720482.21,0.01,57830.99
1787796018.127,13.78,6.94,6.79,43416.61,118206.45,0.00,8892.00,145523.42,0.00,53767008256.00,24254.56,0.00,44207.51
1787796021.168,10.54,4.36,6.07,45593.75,145326.14,0.00,8890.00,28319.63,3.99,53765492736.00,220356.32,0.01,39787.03
1787796024.2,9.67,5.57,4.02,48824.71,153918.64,0.00,8888.00,23672.26,0.00,53769691136.00,170214.65,0.00,54885.37
1787796027.251,8.21,4.39,3.77,59785.74,164740.83,1.00,8899.00,22844.57,0.00,53757448192.00,145165.68,0.01,66465.64
1787796030.281,8.51,2.48,5.19,49491.35,106560.22,2.00,8900.00,27934.96,0.00,53755830272.00,52805.58,0.00,43129.79
1787796033.318,4.79,2.26,3.11,35094.98,118241.58,1.00,9659.00,160682.14,119.55,52958633984.00,632518.68,0.00,30448.06
1787796036.345,8.53,3.73,4.04,49053.24,156755.01,0.00,9487.00,32320.37,0.00,53135482880.00,69230.11,0.00,53579.98
1787796039.382,5.70,2.63,3.09,54627.53,116855.13,0.00,9992.00,204604.42,15.85,52605202432.00,381314.23,0.00,51974.74
1787796042.422,10.14,4.11,4.80,53670.58,127964.56,0.00,9489.00,149223.27,0.00,53138894848.00,170505.77,0.01,52653.01
1787796045.457,14.37,4.88,8.36,53282.45,305414.72,0.00,9482.00,54758.80,188.26,53147615232.00,1305816.90,0.01,55969.32
1787796048.494,10.15,4.03,6.51,74461.07,200831.73,0.00,9486.00,62466.05,154.88,53134921728.00,736038.84,0.01,72910.68
1787796051.545,10.50,5.13,4.83,67073.26,198200.31,1.00,9489.00,24740.10,0.00,53133189120.00,108453.21,0.00,72483.35
1787796054.573,7.80,4.81,3.65,58037.07,169660.21,1.00,9476.00,35132.96,17.89,53137997824.00,260563.99,0.00,63197.42
1787796057.605,11.85,5.59,6.45,58140.04,283216.75,0.00,9478.00,33721.34,103.38,53141630976.00,842856.67,0.01,61519.19
1787796060.653,8.96,5.36,3.98,77030.90,177696.76,0.00,9458.00,33586.28,72.42,53161725952.00,372773.32,0.00,86564.12
1787796063.708,5.42,2.77,3.84,43700.18,150025.95,0.00,9488.00,23839.24,15.74,53126307840.00,88647.76,0.00,48869.72
1787796066.747,8.69,3.72,4.88,69313.23,136310.99,1.00,9485.00,18919.20,0.00,53117550592.00,300439.25,0.00,72945.94
1787796069.79,10.65,4.41,6.34,115646.00,150389.98,0.00,9459.00,67339.34,0.00,53143609344.00,154042.92,0.01,115203.92
1787796072.83,13.30,6.36,6.21,49701.99,142782.79,0.00,9460.00,24469.82,0.99,53140652032.00,2431405.15,0.02,55109.18
1787796075.858,8.86,1.63,6.29,48799.33,106299.74,0.00,9468.00,30585.41,31.80,53149364224.00,305238.02,0.00,40602.22
1787796078.909,18.30,11.33,6.17,94507.29,137453.67,0.00,9358.00,120206.89,0.00,53281071104.00,76733.00,0.00,91287.78
1787796081.954,18.65,8.65,8.27,49231.93,296348.08,0.00,9227.00,54456.51,5710.24,54066368512.00,24244523.83,0.03,52680.50
1787796084.99,9.20,2.72,7.37,35404.42,144265.16,0.00,9835.00,42400.07,3996.52,54069116928.00,16520303.08,0.04,29068.10
1787796088.036,6.16,2.84,4.38,39956.81,118917.57,1.00,9905.00,28092.88,89.48,52689727488.00,724992.75,0.01,38555.12
1787796091.07,12.00,4.09,7.48,47748.91,226236.40,0.00,9337.00,35872.65,14.81,53954621440.00,101099.77,0.00,51828.87
1787796094.108,8.10,2.95,4.42,49875.26,147795.75,0.00,9403.00,25935.65,0.00,53208412160.00,223938.67,0.00,51831.91
1787796097.144,6.56,3.16,3.32,42833.33,137665.60,0.00,9406.00,26321.84,0.00,53214810112.00,44486.16,0.00,47091.86
1787796100.176,6.91,2.25,5.13,37682.42,130113.81,0.00,9421.00,34257.38,0.00,53212332032.00,24440.72,0.00,32461.34
1787796103.206,19.67,12.98,6.03,104600.29,249642.84,0.00,9339.00,394564.72,0.00,53292453888.00,39312143.37,0.36,99404.56
1787796106.245,8.01,4.74,3.73,52302.73,159811.36,0.00,9340.00,30478.81,0.00,53275516928.00,65091.37,0.00,60111.47
1787796109.283,7.28,3.10,4.41,28945.79,117324.54,0.00,10098.00,22460.20,0.00,52477812736.00,12180.19,0.00,25343.02
1787796112.324,5.39,2.94,3.18,26466.10,138710.46,0.00,10102.00,22964.50,1.98,52476497920.00,68993.57,0.00,23227.66
1787796115.363,5.43,2.01,3.01,32293.93,120689.23,0.00,9625.00,100696.20,0.00,53014978560.00,299835.17,0.00,27868.15
1787796118.41,6.46,2.38,4.46,36718.80,125289.40,0.00,9558.00,27050.46,0.00,53049368576.00,76668.91,0.01,29901.34
1787796121.452,11.99,4.95,5.81,54548.49,128983.23,0.00,9532.00,27473.38,0.00,53070925824.00,44639.05,0.00,48495.74
1787796124.481,16.50,8.92,5.19,48941.37,167434.88,0.00,9272.00,28931.09,187.59,53356486656.00,878121.99,0.01,55609.52
1787796127.535,7.62,3.93,3.54,66445.62,132424.60,0.00,10086.00,174903.78,31.57,52483362816.00,517240.14,0.01,66171.38
1787796130.565,4.12,1.47,3.33,52676.48,104069.67,0.00,10060.00,48024.30,0.00,52509065216.00,28434.75,0.00,49464.02
1787796133.596,4.91,1.78,3.26,40663.61,128789.79,1.00,10069.00,19339.17,48.66,52511731712.00,561363.42,0.01,36759.30
1787796136.637,8.38,4.50,3.80,40543.91,133447.14,1.00,9309.00,116550.95,0.00,53319639040.00,69206.81,0.00,43220.60
1787796139.675,6.31,2.32,3.87,55234.06,170696.96,0.00,9338.00,44660.35,111.08,53294956544.00,613432.36,0.01,59493.80
1787796142.721,9.21,3.84,6.68,49378.05,176423.84,0.00,9331.00,45262.72,15.71,53302345728.00,201150.19,0.00,46443.25
1787796145.757,6.45,2.63,4.25,53629.55,127821.80,0.00,9344.00,27097.56,0.00,53282492416.00,48600.60,0.00,55225.19
1787796148.789,10.34,4.42,5.27,38652.09,132672.23,0.00,9328.00,36583.08,31.77,53292400640.00,321257.55,0.01,35324.75
1787796151.829,13.22,6.35,7.52,68821.70,305984.73,0.00,9196.00,84181.07,472.92,54098132992.00,2430975.79,0.02,65867.46
1787796154.875,7.16,2.70,4.78,43129.75,111794.76,0.00,9314.00,26702.57,0.00,53328580608.00,315781.39,0.00,37329.22
1787796157.925,13.19,9.75,3.07,90005.47,148467.31,0.00,8993.00,64077.04,109.10,53680033792.00,632064.04,0.01,95311.48
1787796160.963,9.95,6.05,4.19,45132.18,149774.26,0.00,8973.00,26939.09,0.00,53701398528.00,158637.44,0.00,51741.63
1787796164.009,13.56,5.41,8.57,80027.73,193834.94,0.00,9484.00,167511.59,15.82,53147185152.00,311760.18,0.00,71944.99
1787796167.044,9.40,3.72,4.81,43865.82,134079.44,0.00,9332.00,22918.36,0.00,53303607296.00,12194.54,0.00,45436.93
1787796170.089,8.75,4.07,4.53,52151.31,141588.96,0.00,9328.00,32623.09,0.00,53291044864.00,104727.45,0.00,55339.20
1787796173.132,9.91,4.54,5.23,58036.28,142429.04,1.00,8602.00,426404.67,0.00,54070747136.00,1056930.55,0.01,51283.31
1787796176.185,10.11,4.99,4.37,48091.43,150659.45,0.00,9793.00,24611.10,0.00,52803891200.00,68349.24,0.00,52069.18
1787796179.222,5.19,1.85,2.93,34796.92,119708.05,0.00,10765.00,13290.02,0.00,51805085696.00,558981.70,0.00,31958.48
1787796182.26,9.08,4.43,4.12,45853.97,175875.78,0.00,10143.00,76639.64,47.71,52448161792.00,464119.78,0.00,49130.96
1787796185.308,8.58,3.84,4.30,46115.48,148249.99,6.00,10138.00,25485.26,0.00,52465807360.00,305756.28,0.00,50184.11
1787796188.338,9.50,3.49,4.58,60828.41,120515.68,0.00,10145.00,26582.24,0.00,52450574336.00,69216.00,0.01,60479.78
1787796191.368,14.44,7.41,7.03,82727.90,175494.43,0.00,9345.00,497588.74,1668.32,53344534528.00,8023334.78,0.02,69451.16
1787796194.408,16.20,12.95,4.03,42405.76,128147.72,0.00,9292.00,56063.88,31.74,53344694272.00,983250.17,0.01,46681.47
1787796197.451,12.64,7.91,3.88,33804.95,189932.17,0.00,9119.00,26986.24,16.86,53507665920.00,48432714.47,0.19,26284.19
1787796200.483,11.97,8.24,4.35,59763.97,148913.23,1.00,8444.00,45742.73,28.87,54448836608.00,725736.12,0.01,60068.06
1787796203.522,10.73,6.64,4.40,57474.59,223893.20,0.00,8495.00,62237.64,143.17,55147343872.00,796717.68,0.01,59514.83
1787796206.572,5.60,2.53,2.76,48816.87,128214.70,0.00,9124.00,58287.17,61.83,53802889216.00,1137700.61,0.01,46740.54
1787796209.618,13.55,7.53,5.92,52227.66,176174.18,2.00,8833.00,33110.24,29.51,54138982400.00,209500.82,0.00,59712.17
1787796212.662,7.25,3.66,4.20,53331.73,157242.70,1.00,8811.00,33361.73,77.73,54150721536.00,395943.93,0.00,55934.85
1787796215.689,6.76,2.72,4.58,38050.50,127233.53,0.00,8825.00,27382.52,0.00,54140936192.00,73274.49,0.00,32889.49
1787796218.73,10.19,5.27,4.19,58702.00,143427.93,0.00,8108.00,72350.88,16.88,54912065536.00,1102093.27,0.01,61561.58
1787796221.771,5.60,3.02,3.18,69461.88,143972.75,0.00,9301.00,200033.06,47.31,53682348032.00,476346.05,0.00,70832.07
1787796224.806,9.05,4.52,4.20,44224.87,153834.96,0.00,8820.00,19261.13,15.94,54181986304.00,146930.65,0.00,50799.97
1787796227.854,13.50,5.24,8.48,75177.70,160542.91,1.00,8805.00,131527.45,15.78,54173728768.00,105006.62,0.00,80299.62
1787796230.889,7.13,2.86,4.64,39677.27,152799.00,0.00,9006.00,30868.57,15.84,53634158592.00,259600.64,0.00,37649.68
1787796233.935,9.29,4.70,3.93,64119.72,170225.78,0.00,8179.00,35250.66,15.78,54525726720.00,387843.02,0.01,71965.70
1787796236.984,11.74,3.44,8.41,75290.70,177819.14,0.00,8666.00,258326.62,15.67,54011957248.00,706112.68,0.01,75693.60
1787796240.027,7.26,3.54,3.77,29877.93,126217.22,0.00,8500.00,21826.60,0.98,54186561536.00,64520.89,0.00,27156.60
1787796243.072,14.54,8.92,5.62,71889.39,157224.26,0.00,8223.00,65566.00,226.50,54567682048.00,1068941.00,0.01,71619.65
1787796246.115,6.98,3.66,3.11,48219.22,155137.42,1.00,8270.00,24596.00,0.00,54528622592.00,16296.54,0.00,55423.21
1787796249.166,11.67,5.74,5.13,65167.60,148119.84,1.00,8228.00,33630.88,15.67,54565998592.00,144432.05,0.01,70570.84
1787796252.202,9.41,5.24,5.08,60578.08,204660.88,1.00,8175.00,59838.74,0.00,55274102784.00,185739.53,0.00,63227.70
1787796255.241,10.61,4.97,4.74,45973.70,154277.40,0.00,8195.00,38060.61,31.83,54601773056.00,761820.87,0.02,47611.24
1787796258.277,10.01,4.19,3.88,57288.48,164456.51,0.00,8202.00,26017.64,15.89,54574837760.00,101726.09,0.00,63259.02
1787796261.305,8.94,3.96,4.11,55392.98,148315.08,0.00,8446.00,25584.42,0.00,54208843776.00,12216.10,0.00,59479.24
1787796264.349,13.17,5.40,7.87,62835.94,297772.07,1.00,8335.00,36401.99,0.00,55000408064.00,7537870.63,0.23,64300.90
1787796267.382,8.81,5.35,3.72,61211.73,154872.57,0.00,8415.00,29570.37,168.70,54244593664.00,1325051.10,0.01,65736.75
1787796270.413,10.59,4.27,5.52,50038.77,181305.03,0.00,8433.00,29568.82,0.00,54206525440.00,118120.14,0.00,50222.69
1787796273.451,6.60,3.88,3.57,61192.22,155651.38,0.00,8435.00,27449.42,15.89,54206849024.00,118003.42,0.00,67825.70
1787796276.49,7.58,4.17,2.86,44369.08,149787.18,0.00,8435.00,25566.04,0.00,54210686976.00,141829.08,0.00,51177.56
1787796279.533,12.83,4.02,8.96,52509.24,193976.47,0.00,8343.00,68530.15,0.00,54988726272.00,206688.71,0.01,46809.86
1787796282.575,14.19,6.53,6.76,58456.83,201351.65,1.00,8413.00,71469.77,86.47,54253191168.00,655473.54,0.01,60702.61
1787796285.605,16.20,5.97,9.54,72542.11,341864.52,0.00,8381.00,58227.10,27.80,54273064960.00,923150.58,0.01,73618.99
1787796288.654,8.00,3.55,4.47,60454.94,131731.89,0.00,8456.00,24713.30,0.00,54188851200.00,16174.76,0.00,61504.62
1787796291.683,10.82,3.02,6.89,62681.82,204817.91,0.00,8453.00,35300.34,0.99,54195036160.00,483144.74,0.01,56769.23
1787796294.72,7.98,4.73,3.49,50236.03,184706.87,1.00,9134.00,26150.78,14.90,53515059200.00,691475.25,0.01,54660.43
1787796297.768,10.83,6.29,4.75,46775.75,160004.43,0.00,8301.00,24419.41,15.70,54395023360.00,357622.92,0.00,53776.40
1787796300.81,11.39,7.29,4.81,68244.15,136566.66,1.00,8288.00,24518.37,89.28,54412881920.00,390056.12,0.00,64826.18
1787796303.849,17.28,6.36,10.24,70930.46,296456.74,0.00,8764.00,274493.15,45.72,54592028672.00,732729.09,0.01,64528.69
1787796306.889,8.98,3.81,4.58,57010.82,173027.68,0.00,8430.00,26699.67,47.74,54269132800.00,411471.75,0.00,60661.76
1787796309.929,18.55,8.22,9.39,66830.83,137141.20,1.00,8390.00,192692.59,467.58,54304960512.00,2191701.84,0.01,63137.33
1787796312.978,16.33,6.31,9.85,68527.57,449012.51,0.00,8231.00,85839.27,364.54,54333456384.00,1880568.10,0.01,50670.86
1787796316.021,22.90,14.44,7.22,67418.31,261989.60,1.00,9862.00,104002.74,31.79,52598001664.00,21947107.59,0.17,63458.38
1787796319.063,6.85,3.01,3.70,80801.85,143508.93,0.00,10381.00,191752.80,15.79,52017090560.00,711412.38,0.00,79140.80
1787796322.098,8.66,3.66,4.43,34812.43,147779.48,0.00,10192.00,35100.38,15.94,52224659456.00,248943.77,0.00,30414.26
1787796325.131,16.10,6.36,8.68,60903.13,233853.63,1.00,9776.00,80271.96,64.53,53272551424.00,1760735.41,0.03,55727.24
1787796328.176,10.37,2.91,6.98,51451.19,168201.18,0.00,9843.00,29870.36,16.68,52546162688.00,148691.50,0.00,45854.67
1787796331.232,17.14,13.03,5.06,72457.54,152553.34,1.00,9578.00,215370.41,137.27,52826742784.00,2044252.47,0.01,70429.55
1787796334.271,9.46,4.74,4.12,76280.01,140323.38,1.00,9823.00,269684.76,92.39,52577910784.00,720261.47,0.01,81042.89
1787796337.307,11.97,6.46,5.14,63267.79,160967.15,0.00,9624.00,29121.07,21.91,52781891584.00,742465.31,0.01,68831.07
1787796340.346,10.35,3.32,7.18,44570.16,348999.17,0.00,9181.00,226448.03,0.99,53936091136.00,7958131.33,0.05,38568.58
1787796343.378,13.87,7.67,6.89,79868.69,265569.83,1.00,8767.00,44144.95,45.62,53700370432.00,690516.07,0.00,78793.26
1787796346.417,7.52,4.31,3.62,44474.37,164295.86,0.00,8837.00,30963.36,0.00,53629325312.00,116983.18,0.00,46040.87
1787796349.459,9.19,4.41,4.33,50478.95,162546.63,0.00,8924.00,30270.35,0.00,53518135296.00,85125.52,0.00,57382.19
1787796352.491,7.96,2.48,4.66,45357.23,126968.24,0.00,8927.00,27022.13,16.90,53508894720.00,85484.94,0.00,41864.07
1787796355.529,6.56,3.73,3.34,35392.24,121963.00,0.00,8938.00,63251.54,0.00,53503655936.00,175242.90,0.00,32389.35
1787796358.565,12.93,5.88,7.58,64490.75,276499.06,0.00,8698.00,63402.08,186.06,54436618240.00,1228303.21,0.01,66676.10
1787796361.609,12.81,4.47,8.32,44901.68,432774.60,0.00,9480.00,32430.20,47.32,53619838976.00,597606.00,0.01,48336.77
1787796364.635,19.96,7.53,11.49,55165.41,278884.00,0.00,9485.00,77743.42,95.37,53608456192.00,931875.83,0.01,50511.38
1787796367.679,14.01,5.48,8.26,46182.75,174701.80,0.00,9556.00,35553.08,94.81,52868976640.00,436888.33,0.02,45939.25
1787796370.719,18.47,6.97,12.24,64408.43,351581.30,0.00,9301.00,174335.61,31.74,53295058944.00,17371666.16,0.02,70142.79
1787796373.767,13.36,5.40,8.17,68844.77,180464.66,0.00,9240.00,48693.59,21.71,53191467008.00,194008829.73,0.14,72246.47
1787796376.813,16.47,5.16,11.48,66408.03,273944.45,0.00,9561.00,82150.20,2431.58,53522132992.00,10285896.28,0.02,58433.67
1787796379.852,17.07,6.25,10.58,58767.70,318792.91,0.00,9431.00,83990.84,0.99,54268796928.00,125459.63,0.00,56669.72
1787796382.883,18.32,8.77,8.00,53742.23,188098.30,0.00,9034.00,307672.00,2.98,54088331264.00,42745261.10,0.92,50061.71
1787796385.931,17.06,12.30,4.69,52773.08,166777.28,0.00,8924.00,36345.30,0.00,53640265728.00,193542.33,0.01,55923.00
1787796388.961,9.23,4.66,3.65,65950.39,131326.92,0.00,9377.00,255678.09,0.00,53244469248.00,277009.13,0.00,65788.46
1787796391.997,5.52,3.10,3.10,50354.51,107666.32,1.00,9009.00,110111.64,0.00,53619748864.00,231420.00,0.00,48110.44
1787796395.034,14.81,6.10,8.64,44378.50,131621.95,0.00,8846.00,35349.57,0.00,53797597184.00,80880.25,0.00,36229.11
1787796398.08,11.84,3.55,8.34,50272.56,185029.39,0.00,8805.00,67471.25,0.00,53844807680.00,331738.28,0.01,40970.72
1787796401.129,8.18,2.07,5.45,50561.11,121137.05,0.00,8854.00,27216.38,0.00,53791158272.00,36178.59,0.00,43740.82
1787796404.169,11.54,3.32,7.48,61106.56,180115.86,0.00,8837.00,62172.53,31.58,53811793920.00,557903.48,0.00,50142.98
1787796407.216,10.92,6.67,5.14,61612.65,147481.89,0.00,9691.00,298839.76,0.00,52923494400.00,38755904.12,0.34,53485.11
1787796410.258,9.89,3.94,4.95,52076.10,162784.20,0.00,9568.00,38451.80,0.00,52981415936.00,97263.87,0.01,55504.60
1787796413.3,13.47,6.46,7.00,54738.96,250687.36,2.00,8631.00,66400.24,31.51,54640803840.00,318618.74,0.01,58153.21
1787796416.338,22.60,8.44,14.88,52572.16,512757.06,0.00,8482.00,80334.11,36.70,55486181376.00,1742867.56,0.01,51532.48
1787796419.383,18.66,5.89,12.86,45351.27,575260.21,0.00,8887.00,134395.61,1812.82,54329327616.00,6811785.58,0.04,39885.17
1787796422.422,11.17,3.80,8.14,63259.15,152269.52,1.00,9018.00,33393.27,4132.50,53558063104.00,17748461.67,0.10,62867.02
1787796425.463,11.91,7.71,3.39,29384.83,106777.82,0.00,8501.00,61554.82,1440.46,54109822976.00,6649780.65,0.02,24752.59
1787796428.495,10.92,3.56,7.27,37736.05,244232.56,1.00,8176.00,43845.31,0.99,54443479040.00,316702.07,0.01,38712.53
1787796431.535,17.26,10.49,6.86,66801.24,304404.61,1.00,9505.00,367352.07,21809.17,52971569152.00,207553399.10,0.26,53040.86
1787796434.579,11.33,5.09,5.94,56634.87,294727.41,1.00,9804.00,40203.14,3832.95,52746768384.00,16115080.46,0.07,57354.84
1787796437.616,12.86,6.14,6.14,65357.33,242278.02,0.00,9938.00,290373.95,542.81,52600807424.00,3158370.78,0.02,58477.43
1787796440.66,8.49,3.94,4.48,45021.30,156446.91,0.00,9843.00,25409.65,0.99,52596113408.00,826883.78,0.01,48876.52
1787796443.696,10.37,3.25,6.20,50992.16,139344.79,0.00,9832.00,36356.81,32.73,52628717568.00,418410.26,0.00,46190.41
1787796446.729,8.13,2.40,4.73,42630.51,142531.67,0.00,9841.00,25968.75,0.00,52616294400.00,64977.40,0.00,41171.59
1787796449.773,13.34,6.05,6.36,55842.42,210592.31,0.00,9773.00,59739.21,0.00,53334401024.00,255932.54,0.00,54765.22
1787796452.837,14.70,5.50,9.86,55643.21,156310.81,0.00,9783.00,43539.55,5999.99,53978963968.00,24668613.00,0.05,55470.71
1787796455.876,8.92,3.24,6.10,70189.12,134419.71,0.00,9888.00,28299.35,0.00,52543713280.00,409132.62,0.01,62935.32
1787796458.92,7.31,2.91,4.60,44097.92,140060.61,0.00,9103.00,108685.04,0.00,53405904896.00,12058.02,0.00,42475.76
1787796461.966,7.16,4.38,2.99,66451.62,136293.39,0.00,8841.00,203581.24,0.00,53842575360.00,193196.61,0.00,69469.27
1787796465.01,10.46,6.64,3.63,35009.23,129143.35,0.00,8577.00,56211.25,0.00,54018056192.00,170027.31,0.01,30601.51
1787796468.056,7.25,4.79,2.94,51752.26,212115.45,0.00,8200.00,26216.36,95.94,54379261952.00,550948.08,0.00,60637.69
1787796471.1,14.52,4.56,8.88,34375.73,271408.62,3.00,8142.00,30478.00,0.00,55084503040.00,133616.06,0.01,36209.56
1787796474.142,15.00,4.69,9.22,59846.62,331686.52,0.00,8235.00,55613.52,0.98,54954295296.00,217540.37,0.01,58091.24
1787796477.188,8.32,1.86,6.96,45601.43,218448.17,0.00,8289.00,28101.37,0.00,54245908480.00,409115.38,0.01,36285.05
1787796480.234,8.06,2.85,5.08,49783.79,195651.18,0.00,8255.00,35924.79,0.00,54282616832.00,379465.74,0.01,47907.63
1787796483.26,7.70,2.02,6.22,49559.96,187443.06,0.00,8253.00,32734.56,252.68,54284468224.00,949424.73,0.00,42227.78
1787796486.295,14.77,4.25,10.19,45369.10,393793.25,0.00,8149.00,73602.98,32.58,55055839232.00,376104.13,0.01,34801.81
1787796489.336,16.17,5.94,10.18,53759.44,516849.81,1.00,8109.00,68999.05,47.41,55737704448.00,784920.96,0.01,55795.48
1787796492.376,19.61,8.62,10.17,43080.31,441929.83,0.00,8085.00,48014.82,34.80,55770873856.00,1160659.74,0.01,41494.02
1787796495.417,8.51,2.86,5.34,46762.39,201950.06,0.00,8223.00,27316.12,0.00,54298943488.00,7625511.73,0.04,39965.63
1787796498.454,10.45,6.19,4.49,56660.87,216523.51,0.00,9575.00,25216.26,0.00,52905205760.00,105401.94,0.00,61242.89
1787796501.496,7.95,4.02,4.32,54408.37,236469.67,0.00,8723.00,78484.07,3.96,53767077888.00,911255.70,0.03,56790.06
1787796504.548,11.14,5.60,4.98,60524.94,219581.56,0.00,8709.00,27054.90,16.93,53797908480.00,142784.24,0.00,65271.99
1787796507.589,10.56,4.19,6.44,67800.07,177920.17,0.00,8780.00,41906.75,15.90,53707206656.00,150559.53,0.00,66440.17
1787796510.621,9.12,3.56,5.96,65828.80,186707.93,0.00,8938.00,35461.05,31.67,53697568768.00,802701.56,0.02,59679.19
1787796513.659,13.20,5.97,6.52,59542.80,252259.02,0.00,8796.00,33355.17,0.00,53689094144.00,805338.18,0.01,61959.23
1787796516.704,5.78,2.94,3.32,34823.37,170376.09,0.00,9292.00,40103.96,0.00,53172707328.00,117396.33,0.01,31247.54
1787796519.734,19.68,11.09,7.60,80609.39,209562.56,0.00,8819.00,38807.70,80.44,53669433344.00,2830952.06,0.02,82745.61
1787796522.793,13.02,8.05,6.21,73785.91,203239.80,0.00,8842.00,41691.80,0.00,53675302912.00,736197.33,0.01,65110.85
1787796525.841,10.33,6.09,5.16,60582.27,172014.86,0.00,9741.00,116820.82,501.05,52721803264.00,2226004.62,0.02,57696.37
1787796528.886,9.68,5.90,4.68,60810.64,238592.68,0.00,9750.00,30484.80,0.00,52708868096.00,152721.29,0.00,65868.78
1787796531.92,20.29,9.56,10.48,98214.57,600212.46,0.00,10170.00,219700.70,125.37,52894445568.00,1439468.24,0.01,66876.64
1787796534.968,24.47,12.02,11.25,116362.46,672380.43,0.00,9588.00,247850.68,7664.50,53521412096.00,32511095.47,0.31,86913.31
1787796538.004,21.67,9.45,11.39,95327.16,549431.09,0.00,9552.00,179629.29,233.96,53553766400.00,1490259.00,0.01,67341.95
1787796541.037,25.91,12.28,13.76,114312.81,671138.85,0.00,9351.00,345815.18,185.08,54440476672.00,839617.38,0.00,86919.57
1787796544.081,29.68,14.05,15.05,111297.26,715754.88,0.00,9260.00,227273.80,62.23,54574645248.00,1476824.84,0.01,89252.75
1787796547.12,11.60,3.24,8.32,39249.16,322292.59,0.00,9848.00,25881.35,0.00,53314748416.00,1288961.24,0.02,32426.15
1787796550.161,13.57,5.83,7.52,81921.49,265191.36,0.00,9452.00,81134.08,127.63,53095251968.00,1652819.02,0.06,79030.27
1787796553.196,14.13,4.17,9.20,63786.77,301831.00,0.00,9458.00,61354.81,31.65,53132103680.00,251159.41,0.00,54380.67
1787796556.237,14.27,8.34,5.95,40929.89,202984.36,0.00,9304.00,137037.05,0.00,53328732160.00,6399149.39,0.03,40429.79
1787796559.276,10.31,5.59,5.59,71731.73,241652.71,1.00,9679.00,24362.82,0.00,52855046144.00,256299.80,0.00,72330.02
1787796562.306,5.96,2.48,4.26,32701.38,220910.61,0.00,10201.00,37470.05,0.00,52953821184.00,109824.22,0.01,24242.70
1787796565.35,20.13,9.82,11.05,106707.67,623017.73,0.00,9928.00,272979.90,89.34,53249048576.00,1162175.76,0.01,73459.94
1787796568.397,20.08,10.53,9.29,104460.05,651584.32,0.00,9833.00,235536.82,0.00,53345898496.00,954410.57,0.01,70402.66
1787796571.433,25.17,13.51,11.74,118819.75,690578.61,0.00,9767.00,246375.52,6034.63,53439885312.00,25653405.78,0.60,83099.48
1787796574.478,18.77,8.97,10.28,106976.77,629719.44,0.00,9716.00,227156.12,0.00,53477945344.00,1199296.77,0.01,71059.04
1787796577.521,8.81,4.09,4.47,47079.97,218838.82,0.00,9355.00,79908.95,0.00,53246304256.00,218258.59,0.01,46874.89
1787796580.554,15.23,4.58,11.57,54883.28,402014.51,0.00,9273.00,96171.22,103.37,54051807232.00,903816.25,0.01,40707.88
1787796583.591,15.07,5.78,9.48,73747.96,325411.87,0.00,9367.00,51620.71,77.95,53324541952.00,1406544.69,0.00,56296.35
1787796586.632,9.74,5.41,4.02,45233.51,228550.15,0.00,9039.00,27076.19,38.59,53702373376.00,251271.78,0.00,49131.03
1787796589.662,11.10,6.06,5.98,63533.91,266172.24,0.00,8574.00,185710.14,95.43,54034202624.00,684014.34,0.01,64855.82
1787796592.708,6.02,2.62,3.01,46261.82,187682.36,0.00,8720.00,20595.02,0.00,53867319296.00,80848.39,0.00,41723.48
1787796595.748,11.59,4.43,6.53,48030.87,198524.99,0.00,8796.00,22642.61,0.00,53783539712.00,118166.16,0.01,40327.17
1787796598.793,11.59,3.79,8.05,39865.48,320566.79,0.00,8726.00,32683.47,0.99,54537015296.00,458380.67,0.01,31962.58
1787796601.839,16.41,3.46,13.01,42150.86,464856.86,0.00,8611.00,43519.65,24.62,55946846208.00,1048709.82,0.02,32388.05
1787796604.883,9.54,3.09,6.80,52590.64,344624.64,0.00,8794.00,33375.17,49.44,53787262976.00,372613.79,0.01,47666.42
1787796607.928,12.44,8.28,4.10,52257.61,212324.80,0.00,7921.00,23938.66,0.00,54722760704.00,150020.74,0.00,55762.94
1787796610.968,15.96,5.34,10.83,53564.85,252282.36,0.00,7783.00,104897.54,182.30,55492714496.00,1018585.16,0.01,41255.41
1787796614.017,11.14,4.16,7.17,32295.72,158196.46,1.00,7888.00,33214.88,0.00,54748545024.00,759436.10,0.01,24190.29
1787796617.045,10.73,6.83,4.04,68120.05,217570.68,0.00,9531.00,37031.85,90.40,53022089216.00,382491.90,0.00,69532.20
1787796620.079,12.21,7.10,4.94,61398.93,212603.27,0.00,9592.00,27407.83,0.00,52953448448.00,336151.60,0.01,64841.54
1787796623.117,7.83,3.89,4.04,54730.14,216089.48,0.00,10214.00,80442.83,47.77,52318429184.00,269014.49,0.01,52317.19
1787796626.155,15.36,7.15,7.92,67353.75,483675.35,0.00,10173.00,66622.44,48.23,52335382528.00,1185284.34,0.01,66750.23
1787796629.191,17.27,6.48,11.03,69367.47,417041.54,0.00,10057.00,69677.30,69.07,53109424128.00,606249.94,0.01,70474.64
1787796632.228,9.07,4.41,5.03,53543.48,196735.24,1.00,10139.00,44058.70,32.72,52370857984.00,308652.82,0.00,54449.90
1787796635.269,11.95,4.72,7.12,51145.29,202307.62,0.00,10228.00,57416.28,67.33,52273922048.00,466428.05,0.01,42199.81
1787796638.306,7.33,2.71,5.19,49531.19,154479.69,0.00,9003.00,334351.88,0.00,53573160960.00,15142644.44,0.21,43329.86
1787796641.346,17.76,10.13,6.42,66279.48,244740.23,0.00,9264.00,110446.67,142.49,53291950080.00,1244264.87,0.01,70092.42
1787796644.387,20.10,10.44,9.51,53619.20,385871.85,0.00,9018.00,106823.47,15.84,54212345856.00,478625.55,0.00,46661.69
1787796647.427,14.81,6.26,8.58,47923.25,440915.43,0.00,8062.00,139424.05,217.58,55906017280.00,21672669.27,0.02,44143.97
1787796650.471,10.22,4.99,6.07,49591.33,207855.15,0.00,8640.00,21443.23,31.45,53976940544.00,1118974.69,0.01,50562.70
1787796653.51,20.56,7.21,14.11,56866.14,365930.00,0.00,8471.00,79728.77,16.85,55494864896.00,840469.40,0.01,51234.59
1787796656.561,20.66,5.91,14.59,63451.97,472504.39,0.00,8465.00,71092.74,189.96,54791385088.00,931278.43,0.01,63398.16
1787796659.588,10.18,4.27,5.28,58793.86,211314.21,0.00,8636.00,31485.85,37.75,53952233472.00,337692.69,0.00,56800.94
1787796662.622,10.98,4.24,6.56,55767.89,216005.80,0.00,8634.00,52259.20,32.58,53959491584.00,384159.50,0.01,49960.23
1787796665.658,11.60,4.18,6.59,47641.83,172690.24,0.00,8634.00,30948.75,0.00,53969297408.00,434603.30,0.00,42313.68
1787796668.686,14.56,7.45,6.21,74908.83,195472.65,0.00,9008.00,324503.64,110.21,53638533120.00,43884651.11,0.80,67968.33
1787796671.724,8.42,3.86,4.94,66334.77,258645.69,0.00,8701.00,78696.42,213.52,54121775104.00,959624.01,0.02,66943.94
1787796674.777,11.66,6.39,5.16,56537.19,539764.82,0.00,8649.00,33805.56,233.71,54182322176.00,2694063.22,0.01,60783.75
1787796677.826,10.75,5.56,5.56,58810.15,559458.10,1.00,8955.00,34136.01,125.46,54077071360.00,1464773.08,0.01,60685.81
1787796680.86,10.99,5.04,5.20,63560.42,250751.05,0.00,9450.00,39977.68,0.00,53104799744.00,390381.05,0.01,60008.27
1787796683.9,8.92,4.51,4.35,66444.17,201331.05,0.00,8985.00,32780.40,0.00,53606641664.00,81493.39,1.29,71638.35
1787796686.947,11.72,4.62,6.70,61501.86,267749.04,0.00,8931.00,71573.62,92.73,54304124928.00,666689.42,0.00,61314.90
1787796689.996,7.94,4.77,3.15,48338.34,155258.76,1.00,8960.00,27858.73,0.00,53631340544.00,677398.28,0.01,54597.15
1787796693.031,14.13,5.73,6.74,57721.66,161847.72,0.00,8898.00,54197.78,94.19,53699551232.00,532028.86,0.00,62940.77
1787796696.072,9.46,4.61,4.22,59435.04,172833.01,0.00,8964.00,27213.00,61.94,53634584576.00,269801.93,0.00,63333.21
1787796699.108,8.80,4.42,3.64,59619.30,138120.24,0.00,8974.00,25893.39,0.00,53621784576.00,28455.93,0.00,67580.19
1787796702.138,10.83,6.04,4.96,66012.75,213189.52,0.00,8899.00,26080.54,15.86,53720690688.00,1214069.12,0.01,69127.60
1787796705.178,10.00,4.41,6.04,66370.14,293164.21,0.00,8872.00,41189.96,0.00,53741187072.00,535845.16,0.01,68534.64
1787796708.222,7.85,3.72,4.80,49398.95,265100.98,0.00,8877.00,31147.02,14.87,53751517184.00,129904.28,0.00,52232.12
1787796711.259,15.94,6.67,8.62,64304.02,437900.68,0.00,8982.00,94265.14,1643.04,53592104960.00,7102187.88,0.03,58768.24
1787796714.299,26.55,16.25,10.39,106101.18,589867.90,1.00,8895.00,197991.23,0.00,54316527616.00,895954.57,0.12,86480.04
1787796717.336,22.02,11.02,9.93,110062.48,619755.82,0.00,8827.00,223008.29,0.00,54392569856.00,1021483.12,0.02,86232.54
1787796720.373,25.88,10.56,14.67,100864.61,610837.58,0.00,8722.00,227254.70,7.95,55145451520.00,1453247.05,0.02,72010.47
1787796723.413,20.45,10.53,9.30,108873.26,611660.56,0.00,8721.00,205250.30,0.00,54511353856.00,1603292.25,0.02,89113.82
1787796726.463,28.10,14.20,13.58,113420.03,656243.49,0.00,8671.00,242203.03,90.41,54566215680.00,1682446.12,0.02,77924.30
1787796729.489,13.02,4.90,8.56,90900.10,221345.50,1.00,8656.00,68682.20,0.00,53964099584.00,1219593.54,0.01,81283.14
1787796732.524,13.44,4.95,8.97,59384.08,247844.69,0.00,8726.00,26757.04,15.84,53954297856.00,85159.98,0.00,49144.48
1787796735.556,10.53,3.25,7.03,46861.25,235863.61,0.00,8817.00,27817.93,3.96,53905379328.00,109353.46,0.00,37947.23
1787796738.601,12.35,6.81,6.11,64861.24,246800.43,0.00,9406.00,329254.70,0.00,53283209216.00,44082592.68,0.59,57739.61
1787796741.654,12.50,6.60,4.99,66189.29,274366.26,0.00,9261.00,42667.91,135.55,53354332160.00,756361.41,0.01,69256.42
1787796744.696,13.42,6.33,6.79,91755.20,253433.34,1.00,8521.00,66065.88,16.80,54129815552.00,728414.11,0.00,93772.57
1787796747.743,12.32,6.40,6.17,44274.44,218334.76,0.00,8550.00,34390.16,15.79,54117191680.00,101083.65,0.00,38492.04
1787796750.781,12.33,5.67,6.06,69865.07,280555.73,0.00,8533.00,69698.06,4.97,54116462592.00,211728.47,0.00,65393.77
1787796753.816,8.18,2.47,5.86,35393.44,225658.22,0.00,8559.00,25943.81,31.58,54106427392.00,274881.18,0.01,29069.51
1787796756.863,10.11,5.15,5.22,56718.03,211950.35,0.00,8594.00,28743.67,31.48,54058819584.00,294153.81,0.00,59406.97
1787796759.922,9.92,5.97,4.98,66078.16,218299.96,0.00,9993.00,193986.44,0.00,52599894016.00,859557.43,0.01,66149.25
1787796762.963,11.08,5.30,4.30,50072.61,248867.46,1.00,9660.00,35917.34,94.34,52955291648.00,539348.76,0.00,41027.76
1787796766.007,6.42,2.55,3.71,37105.95,221224.43,0.00,9662.00,27618.17,8.91,52935102464.00,733702.93,0.01,29710.09
1787796769.054,8.63,3.32,5.72,41272.70,232160.77,1.00,9321.00,33430.20,0.00,53287985152.00,2308083.79,0.07,35198.06
1787796772.099,10.82,3.95,7.20,63078.15,268406.85,0.00,9414.00,34272.15,22.79,53125558272.00,945570.79,0.00,53243.32
1787796775.136,9.84,2.63,6.49,47915.75,203849.55,0.00,9416.00,34517.18,46.46,53115994112.00,283453.09,0.00,39031.12
1787796778.172,16.24,13.51,3.49,69496.77,245819.70,0.00,9106.00,71907.36,0.00,53443907584.00,154659.40,0.01,70592.14
1787796781.216,15.63,9.79,5.71,54709.52,237949.19,0.00,8738.00,126783.89,101.68,53987053568.00,994662.51,0.01,55370.76
1787796784.247,14.86,6.82,7.20,54991.85,231255.03,0.00,8263.00,29544.57,47.59,54342520832.00,1595823.27,0.01,56158.01
1787796787.283,8.09,3.24,5.17,51723.87,207838.17,0.00,8204.00,30785.17,43.43,54400090112.00,525619.30,0.01,50164.67
1787796790.323,17.85,7.48,9.03,82615.33,220363.13,0.00,9805.00,328658.02,47.35,52740780032.00,46358944.13,0.37,76903.35
1787796793.374,7.71,3.24,4.39,50979.24,204774.44,0.00,9515.00,26191.68,0.00,53075914752.00,48499.60,0.00,49863.16
1787796796.427,9.59,3.37,5.67,47222.01,207116.85,0.00,8980.00,74829.41,15.71,53637820416.00,181030.81,0.01,39346.33
1787796799.463,8.12,3.80,5.12,54116.81,234075.08,0.00,8779.00,48397.20,0.00,53797773312.00,24412.17,0.00,57938.30
1787796802.5,11.83,5.81,6.19,57202.93,235417.71,0.00,8771.00,22375.75,0.00,53798703104.00,146018.69,0.00,59132.49
1787796805.557,11.39,5.69,5.38,67220.51,255921.06,0.00,8747.00,33876.52,27.56,53825708032.00,911212.01,0.00,70290.07
1787796808.594,9.11,5.26,4.33,63388.18,256215.39,0.00,8812.00,21052.85,0.00,53748441088.00,32434.98,0.00,67378.67
1787796811.641,8.11,2.07,6.45,48110.02,209076.67,1.00,8779.00,34053.89,15.75,53781278720.00,116946.36,0.00,39710.80
1787796814.677,14.98,5.27,9.92,54602.65,458444.75,0.00,9323.00,325423.79,31.76,54013272064.00,573123.92,0.01,46148.03
1787796817.719,7.74,3.16,4.78,70447.00,216848.86,1.00,8818.00,233661.78,0.00,53837225984.00,214358.57,0.00,66482.56
1787796820.763,11.15,4.87,5.64,58311.91,256869.25,0.00,8285.00,29996.48,0.00,54334611456.00,466059.96,0.00,62134.05
1787796823.802,15.15,6.69,7.78,66129.88,340274.94,0.00,8339.00,46450.56,30.87,54283767808.00,416086.13,0.00,63270.98
1787796826.841,14.11,6.96,6.65,71256.76,219021.10,0.00,8313.00,36417.24,92.05,54315294720.00,522987.71,0.00,70132.66
1787796829.891,6.68,3.16,4.62,52769.82,227293.00,0.00,8566.00,25756.45,15.77,54016585728.00,872188.09,0.03,54712.44
1787796832.928,9.40,4.93,4.08,89633.62,232726.32,0.00,9348.00,221916.95,0.00,53183299584.00,407972.96,0.00,84375.66
1787796835.964,10.96,4.18,5.88,45342.30,219580.14,0.00,8856.00,111351.14,0.99,53698207744.00,247645.64,0.01,41262.82
1787796839.006,13.91,5.15,6.92,53443.30,296653.65,1.00,8805.00,74711.33,15.75,54392442880.00,189544.53,0.00,46671.12
1787796842.045,25.03,13.74,11.25,104378.36,641320.45,0.00,8791.00,420196.50,0.00,54478471168.00,1135185.86,0.01,71275.81
1787796845.087,24.69,11.15,12.15,109454.17,634420.50,0.00,9310.00,260613.39,0.00,53882257408.00,1075819.16,0.01,86893.48
1787796848.128,25.90,12.57,12.65,109360.20,602806.97,0.00,9231.00,221810.11,0.00,53961596928.00,813592.07,0.01,85301.25
1787796851.167,28.49,15.21,11.74,117694.05,669670.81,0.00,8253.00,259677.86,0.00,55014187008.00,1000457.75,0.01,99570.94
1787796854.211,25.45,14.22,11.14,113794.64,628481.81,0.00,8216.00,222927.58,0.00,55056990208.00,1039967.23,0.01,93720.94
1787796857.25,24.23,12.51,12.05,114332.82,639126.81,0.00,8152.00,227331.44,0.00,55126425600.00,992511.07,0.01,86790.69
1787796860.287,24.31,11.62,12.47,114235.64,665822.77,0.00,8120.00,231922.68,0.00,55131783168.00,1177742.97,0.01,91732.34
1787796863.319,28.53,16.40,11.76,114004.85,684032.07,0.00,8083.00,222267.57,14.85,55182020608.00,1176190.54,0.01,87750.55
1787796866.356,27.73,13.21,13.29,113390.73,720864.67,0.00,8567.00,459849.60,0.00,54694100992.00,2688251.76,0.03,81642.41
1787796869.39,8.92,3.40,5.17,56665.57,241829.04,4.00,8413.00,27039.09,0.00,54262747136.00,12135.00,0.00,60305.76
1787796872.423,7.08,2.86,4.17,41225.79,201340.93,0.00,8815.00,98026.06,47.50,53882990592.00,980994.93,0.01,37482.28
1787796875.47,7.42,3.45,4.37,58615.22,238963.84,0.00,8847.00,27195.55,78.55,53893660672.00,1427754.21,0.01,57166.56
1787796878.508,13.08,5.82,6.90,55039.34,251754.45,1.00,8914.00,24164.12,15.87,53867859968.00,142154.71,0.00,52248.68
1787796881.538,13.47,4.57,8.14,72930.95,274472.95,0.00,8854.00,58929.52,16.88,53934292992.00,182992.55,0.00,60789.74
1787796884.584,12.87,5.61,7.07,74961.20,286553.83,0.00,8835.00,59817.31,0.00,53951508480.00,80568.12,0.00,74184.00
1787796887.623,13.03,8.59,5.03,51821.80,256401.95,0.00,9001.00,25854.93,0.00,53782392832.00,56799.04,0.00,50955.05
1787796890.672,9.73,4.53,4.91,54801.67,222285.69,0.00,9019.00,24507.39,0.00,53522051072.00,752032.55,0.01,56917.98
1787796893.707,18.13,6.26,12.37,51953.55,502419.63,0.00,8915.00,73770.90,21413.43,54316609536.00,87831054.28,0.08,44600.71
1787796896.754,12.81,4.61,7.92,60553.77,260504.24,0.00,8944.00,60409.08,114.18,53619613696.00,556370.22,0.00,51760.04
1787796899.797,11.54,3.86,6.94,52501.41,247907.36,0.00,9034.00,53487.10,15.80,53516148736.00,404548.36,0.00,45129.33
1787796902.838,8.87,4.10,4.79,51898.65,220924.42,0.00,9042.00,30018.31,0.00,53507182592.00,522730.00,0.02,55690.03
1787796905.875,8.21,3.09,5.18,58219.04,231012.41,0.00,9041.00,27729.53,0.00,53508665344.00,190645.60,0.01,53711.21
1787796908.927,5.94,2.31,3.94,28402.24,212823.77,0.00,9149.00,26519.42,0.00,53403918336.00,20220.32,0.00,21834.08
1787796911.983,6.81,4.30,3.46,59364.85,260582.11,0.00,8874.00,26144.52,31.46,53737234432.00,201323.43,0.00,63308.91
1787796915.02,10.70,5.64,5.57,56077.63,274102.29,0.00,8958.00,27716.11,29.70,53653536768.00,547373.07,0.01,55159.31
1787796918.057,13.31,5.77,7.54,36125.41,198064.88,0.00,9354.00,22331.39,0.00,53241860096.00,157191.57,0.00,29167.60
1787796921.103,9.56,4.86,4.24,35332.84,206793.93,0.00,9245.00,66940.30,0.00,53304381440.00,56605.19,0.00,29417.87
1787796924.138,7.40,3.78,3.70,45079.81,214164.91,0.00,8863.00,23717.27,0.00,53698740224.00,157848.99,0.00,46990.58
1787796927.186,12.26,5.01,7.48,67211.36,311787.61,0.00,8808.00,79667.56,20.72,54411759616.00,5616929.85,0.40,56931.99
1787796930.229,25.24,10.82,13.37,106359.07,617747.27,0.00,8803.00,228064.83,0.00,54421352448.00,1519924.22,0.13,72628.66
1787796933.256,23.33,10.51,12.07,108355.53,641428.57,0.00,8716.00,241213.12,0.00,54516432896.00,1122097.54,0.03,73115.60
1787796936.303,26.33,12.37,12.21,110253.09,641563.56,0.00,8632.00,244256.39,21.77,54601334784.00,222944.63,0.01,73146.01
1787796939.337,24.50,10.29,13.54,110997.46,605920.80,0.00,8595.00,241125.05,0.00,54656925696.00,997403.29,0.01,75113.49
1787796942.381,15.07,3.85,11.41,58172.00,615835.71,0.00,8545.00,44493.58,47.33,54760210432.00,852257.16,0.01,48221.79
1787796945.418,12.51,4.80,8.45,69129.35,251978.56,0.00,8663.00,64864.31,0.00,53996539904.00,337203.97,0.00,57187.89
1787796948.444,13.24,3.03,9.31,72322.15,221597.61,1.00,8642.00,58577.73,12.91,54059859968.00,309235.72,0.01,63258.68
1787796951.476,12.05,6.42,5.72,44528.20,193980.62,0.00,8709.00,106887.66,0.00,53894696960.00,320070.49,0.01,42338.57
1787796954.512,13.58,5.43,8.60,60027.50,657813.50,0.00,8542.00,38979.10,31.73,54789046272.00,678308.57,0.00,63226.09
1787796957.564,12.43,3.54,9.07,55811.03,311574.46,0.00,8573.00,47953.31,102.34,54086533120.00,919003.00,0.01,50343.38
1787796960.609,15.15,6.08,9.08,64654.98,240011.79,1.00,9222.00,272247.15,47.30,53385240576.00,734542.52,0.01,54176.59
1787796963.655,23.36,12.99,9.99,115982.17,623381.88,0.00,8644.00,224355.58,91.55,54674038784.00,1995978.16,0.01,92697.93
1787796966.696,25.80,14.01,10.52,108142.14,611770.43,0.00,8652.00,216312.05,31.73,54663139328.00,1258877.38,0.01,89055.04
1787796969.743,30.69,15.30,14.29,115629.74,589927.31,0.00,8554.00,252483.32,0.00,54764187648.00,1523999.82,0.01,94889.74
1787796972.778,23.03,12.35,10.56,108681.69,587755.00,1.00,8509.00,228530.03,16.90,54822510592.00,956703.44,0.01,86190.57
1787796975.806,27.45,13.40,12.62,107958.51,641590.97,0.00,8477.00,227552.82,82.32,54856806400.00,1423876.81,0.01,72770.83
1787796978.834,11.41,4.58,5.98,41064.57,1238953.24,0.00,9064.00,21017.82,20.87,53768245248.00,574035.25,0.01,34757.00
1787796981.872,9.80,5.35,5.20,53884.85,226493.78,1.00,8750.00,24446.96,0.00,53801431040.00,952153.03,0.01,51917.95
1787796984.902,5.48,2.40,3.41,31109.99,172468.43,1.00,10122.00,13205.60,0.00,52382420992.00,16234.75,0.00,25346.42
1787796987.946,15.56,8.00,7.54,52828.63,174081.81,2.00,9622.00,25834.05,15.75,52937629696.00,104828.45,0.00,55873.66
1787796990.987,8.07,4.95,3.56,39166.24,174037.61,2.00,9814.00,107239.01,103.04,52757151744.00,13851005.40,0.07,31753.24
1787796994.029,8.09,3.56,5.11,39756.11,186349.95,0.00,9596.00,143888.92,0.99,52999094272.00,223047.67,0.00,36859.03
1787796997.074,9.86,2.16,7.54,53689.51,217221.99,0.00,9755.00,48037.88,17.75,52939599872.00,561361.16,0.02,45392.62
1787797000.11,7.77,3.32,4.78,64724.83,198313.68,0.00,9716.00,327389.75,0.00,52969910272.00,639626.17,0.01,58047.58
1787797003.144,19.07,9.83,8.90,61719.74,336589.51,0.00,9549.00,46200.58,13.88,53163941888.00,320796.73,0.00,56790.71
1787797006.185,8.87,4.34,4.49,40196.03,232969.95,0.00,10206.00,12936.16,0.00,52451270656.00,142185.72,0.00,36263.07
1787797009.234,10.63,3.92,6.22,37844.95,289762.86,0.00,10131.00,61685.45,0.98,53162860544.00,148992.81,0.00,27630.40
1787797012.271,12.03,6.89,5.11,56179.01,243634.42,0.00,9817.00,26367.13,0.00,52744126464.00,284306.10,0.00,59444.44
1787797015.304,9.80,4.05,5.37,61432.31,236769.28,0.00,9792.00,56251.88,0.00,52787376128.00,252850.21,0.00,64181.73
1787797018.342,8.87,5.30,3.15,58630.21,224293.96,0.00,9782.00,23922.06,0.00,52797321216.00,152969.07,0.00,63302.47
1787797021.383,9.56,4.88,3.80,54249.28,224786.55,0.00,9782.00,33321.96,0.99,52799188992.00,142254.14,0.01,57376.37
1787797024.432,9.12,2.54,6.01,48263.35,185417.03,0.00,9804.00,29415.66,0.00,52762816512.00,117208.74,0.02,40019.08
1787797027.481,9.21,4.00,4.62,83872.61,232268.38,0.00,9742.00,316606.08,0.00,52835430400.00,8701664.91,0.19,83370.41
1787797030.51,14.59,5.27,9.69,61093.78,633193.17,0.00,9703.00,34732.60,82.34,53524742144.00,1280415.08,0.01,61844.90
1787797033.543,11.80,3.49,8.85,52816.96,516928.42,0.00,10407.00,51583.06,31.79,52800225280.00,1261471.25,0.01,43053.31
1787797036.577,17.67,6.56,11.19,51448.94,739313.98,1.00,10277.00,69259.09,32.57,53612941312.00,1200480.42,0.01,38711.01
1787797039.615,16.71,6.33,9.96,56971.63,341484.66,1.00,9758.00,59932.25,1427.90,52847435776.00,6188399.93,0.04,49797.21
1787797042.658,9.68,2.84,5.83,54351.41,204674.31,0.00,9950.00,34855.39,0.00,52600299520.00,410610.54,0.01,45655.87
1787797045.692,12.04,3.49,7.83,53745.59,256524.13,0.00,9933.00,65881.88,0.99,52612050944.00,821455.42,0.00,42675.45
1787797048.737,13.48,4.71,8.65,47299.78,221512.37,0.00,9897.00,27560.71,0.00,52655366144.00,125589.42,0.00,37866.23
1787797051.773,15.76,7.48,8.56,58435.59,217905.11,0.00,9692.00,25725.29,0.00,52856758272.00,101111.94,0.01,58867.97
1787797054.815,9.10,3.66,4.59,87325.51,217655.13,0.00,10466.00,172846.44,16.94,52067688448.00,824460.63,0.01,84919.20
1787797057.847,11.47,5.57,4.88,32860.73,180717.17,0.00,10452.00,25603.24,0.00,52070481920.00,766694.87,0.01,27541.06
1787797060.883,8.84,3.93,5.32,43384.80,185231.39,0.00,10450.00,14834.53,31.57,52078997504.00,278837.14,0.00,37695.29
1787797063.922,14.46,5.73,8.91,73094.66,324417.24,0.00,9692.00,64475.75,0.99,52863393792.00,418292.28,0.00,57502.24
1787797066.961,14.99,5.36,9.01,58419.76,289442.28,0.00,9739.00,53005.34,6.96,52798181376.00,272740.84,0.00,47334.67
1787797070.003,12.40,4.99,6.99,55495.63,212027.81,0.00,9768.00,28477.21,0.00,52761145344.00,854170.63,0.01,46643.85
1787797073.039,12.00,5.54,7.38,42211.63,221212.61,0.00,8634.00,306819.85,0.00,54050549760.00,12862310.64,0.18,33109.69
1787797076.075,12.38,7.79,4.86,52640.44,231214.02,0.00,9489.00,24517.76,0.00,53068509184.00,56604.66,0.00,51943.67
1787797079.117,9.36,4.76,4.99,71174.19,229598.78,0.00,9406.00,145919.56,0.00,53145272320.00,253447.92,0.00,70770.73
1787797082.161,17.34,6.83,9.78,51690.84,274647.04,0.00,9392.00,30339.34,4125.52,53154992128.00,16851302.61,0.07,49583.54
1787797085.213,19.21,7.91,10.91,59472.02,292687.40,0.00,9369.00,35275.81,3397.61,53168201728.00,13896999.19,0.05,55816.33
1787797088.26,7.90,3.48,4.87,50308.44,220871.52,0.00,9370.00,26667.78,31.64,53175402496.00,400885.72,0.01,49792.85
1787797091.293,8.45,2.32,6.26,65383.95,204291.48,0.00,9365.00,53014.34,0.00,53178802176.00,44550.39,0.00,61969.92
1787797094.325,8.39,1.85,5.94,45323.56,189489.89,0.00,9367.00,27012.42,0.00,53176279040.00,210340.01,0.00,37759.66
1787797097.374,14.49,6.10,8.41,56986.20,424989.95,0.00,9321.00,35460.84,48.39,53213188096.00,1007147.17,0.01,57009.03
1787797100.415,7.52,4.49,3.41,50487.64,219560.44,0.00,9321.00,24200.69,0.00,53229568000.00,215155.99,0.01,55886.86
1787797103.467,11.74,4.39,7.32,76053.54,283381.01,0.00,9345.00,71115.01,27.62,53224091648.00,311078.98,0.00,73794.98
1787797106.506,10.59,5.19,4.34,70433.51,226659.13,0.00,9331.00,34228.76,31.74,53239554048.00,158460.52,0.00,73009.79
1787797109.544,8.95,3.09,5.80,43892.70,204473.67,0.00,9303.00,27456.94,14.85,53283074048.00,109451.67,0.00,39486.32
1787797112.593,13.99,4.70,9.48,55622.78,485173.55,1.00,9217.00,48566.44,32.53,54056792064.00,419875.52,0.01,50154.00
1787797115.642,15.46,4.31,11.16,62253.16,578616.20,0.00,9331.00,31857.08,32.51,53902766080.00,1061260.22,0.01,54650.38
1787797118.69,13.46,4.39,9.16,52753.17,565055.54,0.00,9298.00,39214.81,47.30,53939261440.00,217953.79,0.01,49424.09
1787797121.734,14.54,6.34,8.50,57486.02,456865.90,0.00,9367.00,45891.50,0.00,53835927552.00,2219817.96,0.02,58052.16
1787797124.778,9.83,3.99,5.83,50397.19,179419.06,0.00,9390.00,26463.58,26.52,53167775744.00,555148.90,0.01,48618.55
1787797127.817,12.80,4.46,8.39,59304.96,209437.65,0.00,9387.00,34248.22,0.00,53165096960.00,229882.41,0.00,55152.06
1787797130.851,8.15,3.64,4.57,40475.17,167863.70,0.00,8940.00,15673.99,0.00,53623656448.00,134200.42,0.00,36411.48
1787797133.896,8.95,3.78,4.55,50867.93,189794.92,0.00,8612.00,74681.39,0.00,53969412096.00,137482.71,0.00,55462.97
1787797136.932,7.48,2.85,4.55,46395.96,173475.47,0.00,8619.00,25113.05,0.00,53967966208.00,52563.66,0.00,51230.17
1787797139.975,9.90,5.20,5.35,51760.93,250753.84,0.00,8895.00,62615.19,3.97,54304784384.00,93589.50,0.00,42465.04
1787797143.013,4.64,2.02,3.27,27798.83,147287.69,0.00,8628.00,56143.26,137.40,53948162048.00,1088846.63,0.02,24175.57
1787797146.058,7.73,4.30,4.68,51826.86,204872.89,0.00,8442.00,24825.73,0.00,54146998272.00,0.00,0.00,56206.47
1787797149.091,15.04,9.08,5.97,65752.78,229579.56,0.00,8409.00,32799.92,10.93,54168592384.00,199336.10,0.00,66257.09
1787797152.121,12.19,4.42,8.52,63486.63,328976.54,0.00,8426.00,68219.84,0.00,54164807680.00,182821.50,0.00,61477.17
1787797155.181,7.52,5.03,3.10,67191.47,211727.74,0.00,8398.00,27868.45,0.00,54191218688.00,68955.16,0.00,72550.18
1787797158.216,13.33,9.49,4.09,65844.92,232995.17,1.00,8393.00,24567.76,0.00,54219911168.00,436939.29,0.00,69879.07
1787797161.254,12.26,5.72,5.49,65216.81,409177.69,1.00,8374.00,37999.45,15.83,54237925376.00,190464.21,0.00,67735.70
1787797164.306,10.09,5.14,5.14,77375.16,195364.02,0.00,8417.00,43885.17,40.29,54171656192.00,607806.15,0.00,82421.13
1787797167.348,15.25,10.57,4.86,74256.80,170450.02,0.00,8405.00,25786.99,0.00,54190575616.00,64705.41,0.00,77706.85
1787797170.375,8.32,2.95,4.82,51967.01,205499.83,0.00,8403.00,31411.05,15.93,54197297152.00,130531.98,0.00,53082.77
1787797173.411,6.27,3.02,3.64,43648.37,176717.08,0.00,8379.00,26086.75,15.86,54236409856.00,154239.36,0.01,45338.58
1787797176.448,8.09,2.62,5.40,50336.53,183327.19,0.00,8454.00,33966.55,0.00,54125436928.00,20209.61,0.00,43096.15
1787797179.481,24.13,11.99,12.06,104944.63,620880.22,0.00,8390.00,239720.79,0.00,54853779456.00,1034305.23,0.04,71536.25
1787797182.525,21.94,11.51,9.98,108283.98,606526.16,0.00,8715.00,280117.15,0.00,54609244160.00,1006579.63,0.01,87911.56
1787797185.561,22.08,9.55,12.43,93318.82,537526.90,1.00,8063.00,213266.51,0.00,55202172928.00,883387.15,0.01,71474.09
1787797188.605,25.88,13.29,12.75,106615.70,639612.03,0.00,7987.00,236359.75,0.00,55273209856.00,652665.21,0.01,74122.96
1787797191.661,32.67,20.31,11.35,106430.56,536072.33,0.00,9821.00,491789.36,0.00,53351899136.00,57989772.52,0.30,78386.74
1787797194.702,20.61,5.95,14.30,56521.68,502664.99,0.00,9438.00,58749.35,63.31,55125659648.00,1474836.13,0.01,55071.48
1787797197.739,8.70,3.03,4.81,38173.57,189364.92,0.00,9083.00,71280.17,76.49,53582032896.00,325493.47,0.00,32931.26
1787797200.793,10.50,5.59,5.05,58762.53,258327.07,0.00,8768.00,29125.37,15.69,53972484096.00,337338.91,0.00,62854.45
1787797203.834,17.57,5.90,12.57,68346.09,709748.35,0.00,8721.00,93894.56,31.78,55315517440.00,903142.18,0.02,56527.10
1787797206.877,25.98,10.90,14.90,112557.37,635392.51,0.00,8716.00,231825.79,0.00,54672396288.00,1755265.58,0.01,77289.86
1787797209.93,32.68,18.03,14.93,111307.14,660971.28,0.00,9305.00,327817.66,0.00,54731067392.00,941442.96,0.17,84990.12
1787797212.967,26.24,13.54,10.81,112986.38,608424.96,0.00,8619.00,504283.55,0.00,54790950912.00,1688293.39,0.01,83658.46
1787797216.01,27.65,16.00,11.98,122373.19,630259.30,0.00,8416.00,224933.16,12.86,55024201728.00,1876485.94,0.01,99499.48
1787797219.058,17.17,8.25,9.10,82369.07,455347.09,0.00,8359.00,110983.70,0.00,55121764352.00,558314.35,0.01,70979.76
1787797222.098,9.23,5.49,3.95,78046.58,217140.38,0.00,9600.00,232502.70,29.71,52948570112.00,750448.31,0.02,69277.30
1787797225.137,13.06,7.05,5.67,67205.81,204105.63,0.00,9143.00,81647.16,34.35,53536710656.00,172876.08,0.00,68315.92
1787797228.177,8.00,3.79,4.18,52048.98,196546.40,0.00,9180.00,24168.75,0.00,53534523392.00,36514.62,0.00,53617.92
1787797231.216,7.99,2.00,5.62,37826.72,169736.20,1.00,9272.00,20777.17,15.76,53415956480.00,112949.34,0.00,32876.59
1787797234.25,21.92,11.95,9.17,48501.50,200649.87,0.00,8607.00,94998.78,0.00,54314098688.00,618117.43,0.01,41006.27
1787797237.306,9.28,3.80,5.89,52867.77,243310.87,0.00,8464.00,41320.48,17.84,54275510272.00,255773.03,0.00,54271.29
1787797240.352,8.84,3.23,5.30,56355.78,206833.41,0.00,9084.00,143763.84,47.17,53650694144.00,197231.46,0.00,51484.06
1787797243.392,21.22,8.19,12.28,80743.79,591120.17,0.00,9040.00,75740.62,71.19,53685256192.00,870748.73,0.01,63619.43
1787797246.44,13.39,6.49,5.64,45795.95,186445.53,0.00,8672.00,127503.73,0.00,54086258688.00,283482.24,0.00,41105.25
1787797249.475,14.79,8.27,6.10,72069.39,197307.05,0.00,8303.00,28258.66,0.00,54278148096.00,259359.95,0.01,63857.73
1787797252.506,15.81,13.27,3.34,66226.92,200057.16,0.00,8484.00,106347.00,0.00,54084825088.00,11092398.12,0.10,62836.87
1787797255.539,7.15,4.65,3.10,67492.58,149082.83,0.00,9632.00,195003.71,0.00,52919812096.00,455221.66,0.00,67591.49
1787797258.575,10.25,4.04,4.97,44929.83,146665.08,0.00,9140.00,66501.78,0.00,53431361536.00,984566.48,0.01,47054.69
1787797261.621,13.39,5.91,6.90,60546.67,166742.90,0.00,9151.00,75445.75,165.11,53484724224.00,1984572.97,0.01,49114.26
1787797264.654,14.06,8.92,4.42,45686.79,150304.86,0.00,8930.00,28258.89,7.95,53767831552.00,480047.50,0.01,46615.56
1787797267.699,13.79,8.54,5.00,66819.19,172612.87,1.00,9118.00,47842.46,58.15,53687734272.00,282576.41,0.00,67485.24
1787797270.745,8.58,3.55,5.09,58766.32,144091.01,1.00,9132.00,51515.14,0.00,53671428096.00,141470.99,0.01,64491.05
1787797273.788,6.57,2.70,4.17,41413.60,120638.67,0.00,9149.00,27301.32,12.84,53663125504.00,68756.39,0.00,41464.32
1787797276.816,6.28,2.79,3.57,43633.50,125492.63,0.00,8369.00,100963.99,0.00,54478082048.00,12204.23,0.00,40964.39
1787797279.854,15.36,7.95,7.72,73220.56,284753.76,0.00,8538.00,67331.39,15.80,54769184768.00,1416088.79,0.01,74017.82
1787797282.905,8.31,3.84,4.38,57085.41,178380.37,0.00,8960.00,43509.76,81.62,53660729344.00,278412.10,0.00,63628.91
1787797285.945,10.87,7.29,4.03,43610.47,155214.60,0.00,8582.00,58927.32,2127.53,54233399296.00,9838764.34,0.06,37227.06
1787797288.977,14.93,6.44,9.08,33705.19,6985704.23,1.00,7989.00,182118.71,45640.94,54772953088.00,187002762.95,0.17,28604.68
1787797292.016,10.97,4.92,5.92,49311.79,1163039.80,0.00,8037.00,70374.23,24043.55,54782369792.00,98682684.17,0.08,52948.27
1787797295.052,8.05,2.31,5.93,30954.62,113007.51,0.00,8047.00,26920.37,0.99,54650032128.00,230402.58,0.01,22795.28
1787797298.107,16.28,9.36,6.50,60856.33,203079.64,0.00,9820.00,107737.70,103.03,52723785728.00,637097.68,0.01,58553.66
1787797301.146,22.69,13.54,8.59,121271.12,610668.48,0.00,8960.00,341349.10,6.94,54317809664.00,1031032.94,0.01,93216.96
1787797304.192,21.92,11.35,10.27,110787.55,612979.40,0.00,8981.00,218107.17,31.64,54272745472.00,2239847.38,0.02,87222.68
1787797307.232,24.49,12.29,11.83,108658.67,611296.26,0.00,8904.00,236133.88,467.32,54361452544.00,3232138.90,0.02,84926.06
1787797310.281,25.80,12.26,12.42,119250.57,616949.89,0.00,8930.00,246771.86,0.00,54286512128.00,1075712.56,0.01,88120.29
1787797313.335,21.74,10.21,11.20,112167.44,580577.04,0.00,8880.00,233607.11,0.00,54347313152.00,1577096.02,0.01,85612.28
1787797316.37,7.75,2.40,5.88,55768.06,154069.43,0.00,8935.00,26676.33,0.00,53686091776.00,920042.95,0.01,52558.90
1787797319.411,8.10,2.09,5.89,40983.29,119783.80,0.00,8935.00,48210.38,31.75,53732286464.00,638047.88,0.00,34087.25
1787797322.458,7.58,3.01,4.47,41136.74,134378.77,0.00,8981.00,27136.57,3.95,53727653888.00,113217.60,0.01,40357.78
1787797325.499,12.52,7.12,3.56,33798.04,119341.61,0.00,8254.00,104103.65,0.00,54539603968.00,44587.72,0.00,29315.57
1787797328.549,6.39,4.38,3.07,52450.70,159606.04,0.00,8210.00,25716.93,15.73,54564110336.00,120840.36,0.00,56601.17
1787797331.594,16.25,6.76,10.60,53324.46,438418.37,0.00,8460.00,58223.93,35.42,54982823936.00,137011.83,0.00,44802.56
1787797334.624,14.67,7.28,6.04,61164.24,166924.07,0.00,8049.00,142994.97,35.67,54762688512.00,486983.65,0.01,54850.13
1787797337.657,11.12,4.80,4.80,40002.44,155437.01,0.00,8029.00,30054.87,3.97,54772150272.00,162444.83,0.01,41096.08
1787797340.699,9.50,5.17,4.40,51339.30,140983.51,0.00,8075.00,26008.53,0.00,54571589632.00,84981.94,0.00,53519.93
1787797343.743,9.93,4.53,5.07,43956.01,192938.88,2.00,8045.00,52790.05,0.00,54619496448.00,108673.49,0.00,43913.39
1787797346.784,9.12,4.71,4.71,58734.92,174652.82,0.00,8162.00,59030.11,0.99,54471647232.00,266886.81,0.00,62996.39
1787797349.826,10.98,5.49,4.25,44379.28,133147.74,0.00,8176.00,21683.46,15.85,54458900480.00,259670.59,0.00,48681.89
1787797352.872,9.89,5.30,3.92,62003.10,170078.77,0.00,8166.00,33086.73,29.49,54455099392.00,205319.98,0.00,67245.04
1787797355.9,8.83,4.19,3.88,57153.51,163330.20,0.00,8158.00,25500.71,0.00,54478905344.00,48787.93,0.00,61407.97
1787797358.949,12.11,6.69,5.23,64269.46,177570.35,0.00,8211.00,46878.92,32.49,54411563008.00,318628.56,0.00,67850.74
1787797361.984,11.15,5.80,4.33,50922.08,169269.96,0.00,8178.00,32340.15,45.54,54440972288.00,348763.55,0.00,54987.52
1787797365.024,10.21,3.41,7.04,40993.51,118696.80,1.00,8229.00,27627.20,0.00,54393495552.00,105503.86,0.01,34332.32
1787797368.072,13.04,3.47,9.79,54919.77,292543.60,0.00,8130.00,67275.04,0.99,55147302912.00,44463.19,0.00,46314.46
1787797371.11,14.83,4.33,11.06,47349.73,626252.65,0.00,8173.00,39890.66,31.70,55121575936.00,738449.71,0.01,39754.68
1787797374.15,12.96,3.16,9.94,55127.74,579184.35,0.00,8165.00,40230.46,32.53,55122923520.00,1009384.02,0.00,48707.41
1787797377.201,24.26,10.67,13.35,70074.31,712527.94,0.00,9663.00,313089.03,47.15,54246658048.00,34740483.80,0.48,63342.13
1787797380.242,17.75,6.38,11.22,68887.82,675789.43,0.00,9515.00,46661.44,47.20,54407237632.00,1502417.74,0.01,73102.87
1787797383.286,4.62,2.63,2.71,32305.18,117294.25,0.00,8713.00,97108.84,0.00,53899599872.00,247664.81,0.01,28350.30
1787797386.343,7.16,3.70,4.47,46455.12,160605.17,0.00,8684.00,60845.16,74.86,53943066624.00,508360.58,0.00,51175.89
1787797389.385,13.30,6.04,7.12,72898.86,275213.35,0.00,8665.00,35960.35,63.43,53963673600.00,645436.93,0.00,77928.37
1787797392.437,11.94,6.22,4.92,49233.42,178828.44,0.00,8676.00,26598.42,0.98,53968605184.00,181229.49,0.00,51791.29
1787797395.465,11.35,5.11,5.42,46212.88,152379.55,0.00,8837.00,34637.85,0.00,53770817536.00,121859.21,0.00,47324.63
1787797398.51,9.43,3.30,5.15,54584.37,150959.89,0.00,8838.00,26462.91,62.96,53765734400.00,362636.62,0.00,54471.33
1787797401.554,23.12,13.66,9.80,112034.10,583867.18,0.00,8799.00,233019.42,15.81,54446387200.00,926824.94,0.01,88113.75
1787797404.585,27.89,13.18,14.11,104122.41,938438.35,0.00,9112.00,223438.22,31.78,54796288000.00,2228968.22,0.02,73401.54
1787797407.634,21.56,10.72,10.42,97350.18,469789.30,1.00,8800.00,175782.11,15.69,54457606144.00,1060559.68,0.01,85072.41
1787797410.664,25.32,14.74,10.00,112719.36,586936.91,0.00,8374.00,231615.44,30.77,54935314432.00,1784770.18,0.04,80137.67
1787797413.716,21.08,10.62,9.55,104777.60,560761.29,0.00,7795.00,257853.86,15.78,55543373824.00,1417639.10,0.01,80021.21
1787797416.76,9.11,4.15,4.76,52206.20,152632.21,1.00,7791.00,34955.78,0.00,54949982208.00,599681.01,0.01,56149.99
1787797419.808,10.33,4.29,5.59,45550.57,159365.24,0.00,7920.00,25252.72,4.90,54839222272.00,68266.06,0.00,44799.56
1787797422.851,11.28,6.50,5.03,54174.07,192732.88,1.00,7960.00,35003.34,0.00,54816178176.00,190748.23,0.00,56083.05
1787797425.893,10.15,2.86,7.82,65045.37,117918.80,1.00,8078.00,74993.24,31.69,54726864896.00,300143.27,0.01,58909.91
1787797428.929,19.63,7.88,12.13,40684.08,287945.36,0.00,8034.00,30079.62,16.82,55455014912.00,660698.70,0.01,35006.67
1787797431.963,17.34,4.64,12.28,49580.36,323489.33,0.00,8157.00,54606.66,31.66,55096119296.00,2666681.18,0.01,40045.25
1787797434.988,22.51,13.60,8.39,68339.65,346514.83,1.00,9558.00,353803.39,8274.37,53662662656.00,35733497.27,0.36,58772.98
1787797438.022,16.32,5.25,11.35,59340.86,709056.11,0.00,8926.00,278690.89,47.42,55004557312.00,1060284.70,0.01,56794.33
1787797441.056,15.56,8.03,6.79,59354.59,172910.09,0.00,8596.00,27353.85,15.81,54015614976.00,489599.27,0.02,63637.68
1787797444.097,7.44,3.79,4.02,51548.66,143547.70,0.00,8580.00,34420.90,15.85,54045872128.00,486795.07,0.00,53156.65
1787797447.144,11.90,6.85,4.23,46220.65,128897.37,0.00,8565.00,26455.01,47.30,54081568768.00,286548.52,0.00,44581.50
1787797450.178,9.79,4.64,5.73,70789.33,154457.99,1.00,8500.00,63405.81,47.51,54140760064.00,247327.59,0.00,75296.07
1787797453.21,12.68,6.73,6.34,54065.77,172368.49,0.00,8467.00,29124.45,48.51,54191915008.00,312266.03,0.00,58155.52
1787797456.25,6.11,2.86,3.09,43072.16,137378.03,0.00,8195.00,63746.09,0.99,54563237888.00,12950452.52,0.15,43979.60
1787797459.293,10.94,5.61,5.15,61816.62,176311.54,0.00,8427.00,27395.27,0.00,54329257984.00,72500.77,0.00,64965.30
1787797462.331,4.15,2.01,2.32,39875.40,113767.95,0.00,9104.00,11989.97,0.00,53482635264.00,105136.55,0.00,40480.46
1787797465.366,8.61,4.31,4.00,54395.47,144055.74,0.00,8559.00,31174.09,0.00,54046810112.00,621770.69,0.00,57630.95
1787797468.408,9.94,4.18,4.80,46041.76,182143.55,0.00,8654.00,23878.60,0.00,53923909632.00,40568.57,0.00,52830.93
1787797471.455,4.53,2.54,3.15,49742.70,146728.27,0.00,8596.00,24239.99,0.00,54004170752.00,48413.00,0.00,58456.36
1787797474.497,11.66,6.06,5.14,51862.53,148491.37,0.00,8540.00,25480.81,0.00,54052474880.00,12072.34,0.00,51394.93
1787797477.531,11.12,4.86,6.25,60511.87,500466.29,0.00,8460.00,32938.09,31.59,54821965824.00,1512257.81,0.01,66607.75
1787797480.58,7.83,3.68,3.83,57889.74,153123.79,0.00,8544.00,25510.98,59.87,54056439808.00,277404.31,0.00,62116.23
1787797483.618,14.34,6.18,7.88,86251.48,276880.85,0.00,8495.00,69288.67,13.84,54104408064.00,348248.60,0.00,75059.09
1787797486.655,6.81,3.10,4.42,46132.86,132798.68,0.00,8505.00,32633.78,0.00,54097043456.00,48776.50,0.00,49163.13
1787797489.696,10.42,4.83,4.91,51152.91,169718.23,0.00,8482.00,40697.35,45.15,54106501120.00,518639.49,0.00,59091.92
1787797492.741,7.40,3.46,3.69,52253.36,148485.17,0.00,8487.00,27109.75,0.00,54103879680.00,346639.57,0.01,56464.65
1787797495.784,7.77,2.85,4.55,43602.49,134752.14,0.00,8499.00,27209.26,0.00,54092906496.00,56564.96,0.00,41221.41
1787797498.828,10.51,5.34,5.42,69884.28,160487.63,0.00,8596.00,37474.54,0.00,53969747968.00,69016.03,0.00,72472.91
1787797501.867,10.78,5.10,5.48,43565.08,153550.26,2.00,8613.00,24295.19,0.00,53959766016.00,40487.04,0.00,48914.62
1787797504.909,25.88,12.43,12.97,102756.37,962309.60,0.00,8473.00,216072.04,31.84,55438495744.00,1328538.92,0.01,83164.71
1787797507.954,26.33,13.90,13.12,110983.50,919320.45,0.00,8399.00,252628.34,79.51,55501766656.00,2198242.55,0.01,92724.06
1787797510.998,23.65,10.96,13.05,107296.91,979625.33,0.00,8286.00,250250.14,31.61,55627571200.00,1934199.47,0.01,89285.44
1787797514.027,29.43,14.84,13.76,109241.55,934650.23,0.00,8224.00,238633.85,32.83,55696871424.00,916720.66,0.01,87001.44
1787797517.073,23.55,13.55,9.32,110830.88,580173.57,0.00,8368.00,233042.19,31.56,54881886208.00,1122941.66,0.01,90165.29
1787797520.109,17.54,7.09,10.59,61365.29,307894.58,0.00,8402.00,49958.50,0.00,54190596096.00,375475.41,0.00,55744.53
1787797523.15,7.96,2.85,4.54,45453.33,132239.34,0.00,8413.00,25900.68,0.00,54233075712.00,480388.66,0.01,43001.40
1787797526.191,7.84,4.03,4.34,51580.09,179339.68,1.00,8480.00,25195.22,0.00,54190878720.00,44742.07,0.00,54303.56
1787797529.233,7.96,3.78,4.40,48335.99,171887.76,0.00,8504.00,35489.37,0.00,54195224576.00,40501.65,0.00,49025.99
1787797532.278,9.08,2.93,6.40,47488.94,137840.52,0.00,8462.00,50123.11,0.99,54234300416.00,508978.75,0.01,44591.51
1787797535.323,10.79,4.25,6.49,64495.17,170985.06,0.00,8430.00,33601.31,0.00,54277750784.00,52673.18,0.00,68730.38
1787797538.368,11.70,5.77,5.47,49948.77,150280.73,0.00,8429.00,25942.23,0.00,54284775424.00,117012.42,0.00,53751.78
1787797541.396,9.92,4.72,5.03,63159.47,200519.42,0.00,8346.00,83840.82,55.47,54371876864.00,316478.86,0.00,64266.11
1787797544.423,9.56,5.12,4.65,53098.61,163755.48,0.00,8377.00,19626.42,0.00,54351646720.00,284781.78,0.01,53022.89
1787797547.455,9.16,3.66,4.98,52638.23,142620.25,0.00,8560.00,26749.88,0.00,54140563456.00,52972.50,0.01,54285.20
1787797550.5,9.87,3.76,4.92,58129.91,133387.54,0.00,8609.00,24674.53,0.00,53948198912.00,28215.21,0.00,57721.98
1787797553.528,6.50,2.33,4.58,48047.14,148424.63,0.00,8592.00,26727.40,31.79,53958926336.00,390591.34,0.00,49731.20
1787797556.562,10.38,5.34,5.73,58728.73,137592.85,0.00,8596.00,33729.51,0.00,53962194944.00,16243.15,0.00,56839.02
1787797559.589,11.90,5.13,7.23,57451.07,579814.64,0.00,8527.00,30003.02,73.62,54715109376.00,1022880.54,0.01,60168.75
1787797562.642,8.10,4.69,3.84,49849.77,165838.25,0.00,8602.00,24578.03,15.74,53957558272.00,157186.05,0.01,55684.21
1787797565.679,9.38,4.26,4.02,61250.48,144288.88,0.00,8580.00,26005.23,0.00,53975191552.00,24346.84,0.00,61991.06
1787797568.724,8.78,4.02,4.87,46197.02,151022.90,0.00,8593.00,24337.74,15.82,53968764928.00,182221.63,0.00,48318.62
1787797571.766,6.82,3.86,2.93,42646.06,149785.76,0.00,8566.00,25115.29,0.00,53992042496.00,64679.18,0.00,46425.86
1787797574.81,9.23,2.69,5.85,42135.81,144645.48,0.00,8575.00,26441.40,0.00,53993787392.00,84738.57,0.00,38639.20
1787797577.842,7.78,2.64,5.98,51117.13,129237.22,1.00,8593.00,35274.05,0.00,53977657344.00,244051.42,0.00,43670.64
1787797580.877,17.23,10.19,6.33,63249.57,157671.89,0.00,8913.00,80127.32,1237.03,53743144960.00,5394682.63,0.02,65349.54
1787797583.913,8.67,4.79,4.01,55917.18,143251.79,0.00,9582.00,76275.04,15.81,53108568064.00,307502.53,0.00,61132.37
1787797586.951,5.11,3.54,3.00,54863.77,152214.65,1.00,8851.00,26820.89,31.54,53811798016.00,157424.90,0.00,62120.45
1787797589.995,19.20,9.03,9.18,77399.60,271248.38,0.00,8768.00,103581.20,47.43,54533599232.00,9697197.74,0.37,68348.87
1787797593.03,21.09,11.14,9.67,108286.67,576635.33,0.00,8696.00,218991.74,0.00,54618353664.00,981252.17,0.01,87865.61
1787797596.074,22.03,10.76,11.23,104454.26,583722.25,0.00,8730.00,245774.16,0.00,54580764672.00,838942.74,0.01,72064.27
1787797599.114,24.24,10.79,12.81,106793.84,582580.97,1.00,8659.00,247349.61,15.90,54665945088.00,895442.18,0.01,74361.40
1787797602.158,34.85,24.30,10.58,121752.40,553319.82,0.00,8048.00,304008.07,0.00,55467753472.00,27648264.91,0.16,96902.04
1787797605.207,13.34,8.80,4.55,63305.05,193852.45,0.00,7786.00,29792.53,0.00,55048953856.00,372228.32,0.00,69176.55
1787797608.24,9.98,4.57,4.88,37271.90,125358.77,0.00,8587.00,22403.74,0.00,54271475712.00,766675.13,0.01,35200.16
1787797611.279,8.91,5.13,4.51,55165.02,207614.30,0.00,8321.00,77623.04,32.83,54266212352.00,827289.26,0.01,60277.63
1787797614.315,10.12,4.43,4.74,50803.43,222835.80,0.00,8380.00,21259.89,42.79,54256607232.00,256766.45,0.01,53979.12
1787797617.354,10.57,4.85,5.62,56473.75,212430.36,0.00,8375.00,24776.33,0.00,54272176128.00,149395.33,0.01,58445.41
1787797620.4,12.75,5.25,7.33,54228.04,252496.70,0.00,8386.00,35722.80,0.00,54255017984.00,40446.87,0.00,46972.30
1787797623.451,7.78,3.61,4.14,53009.57,208324.70,0.00,8394.00,26313.26,0.00,54244368384.00,205170.96,0.00,55156.64
1787797626.49,9.60,4.12,4.97,65922.28,206585.18,1.00,8340.00,34162.06,5.97,54300438528.00,85582.75,0.01,64927.72
1787797629.535,15.20,5.55,9.40,92772.63,341348.87,1.00,8275.00,100505.07,27.61,54360846336.00,444265.78,0.00,82770.74
1787797632.571,12.57,5.11,7.90,48631.68,207047.55,0.00,8311.00,26534.85,15.86,54334332928.00,97469.60,0.00,43769.68
1787797635.598,11.58,4.50,6.06,51465.92,217020.49,0.00,8391.00,27682.37,63.61,54246481920.00,468137.59,0.00,47821.74
1787797638.641,8.77,2.23,6.01,55375.87,185872.64,0.00,8403.00,27401.35,0.00,54234898432.00,290934.17,0.01,48002.98
1787797641.678,9.48,3.11,5.60,59668.47,187340.36,0.00,8441.00,34345.88,0.00,54139756544.00,130569.74,0.01,53635.26
1787797644.726,15.34,6.62,8.09,44298.42,175067.44,0.00,8440.00,25794.23,0.00,54140174336.00,12118.51,0.00,37075.05
1787797647.764,8.58,3.33,5.57,52465.38,178951.82,0.00,8440.00,37287.37,48.53,54137991168.00,409754.94,0.01,45600.07
1787797650.79,10.37,3.89,5.99,55260.01,152073.12,1.00,8075.00,307813.31,0.00,54522986496.00,40755975.29,0.21,47949.62
1787797653.836,17.36,9.80,5.63,53372.83,227616.17,0.00,8883.00,98760.37,0.00,53700427776.00,238653.95,0.00,54632.10
1787797656.872,10.31,4.96,6.05,52566.98,401986.68,0.00,8981.00,169730.75,5.95,53718220800.00,2840623.31,0.02,43418.52
1787797659.905,13.87,6.84,6.84,65187.04,745240.30,0.00,8820.00,43496.84,1.00,53923880960.00,32610.44,0.00,68501.02
1787797662.942,13.12,4.47,7.71,55396.65,236778.67,1.00,8823.00,28749.15,0.00,53905825792.00,165700.57,0.01,44729.61
1787797665.977,8.07,3.24,4.32,56090.79,236246.30,1.00,8318.00,59997.59,63.12,54457028608.00,408034.88,0.00,52146.93
1787797669.011,8.60,3.93,4.77,48231.60,203757.46,0.00,7997.00,32664.81,64.09,54642917376.00,403860.85,0.00,49487.05
1787797672.059,7.32,3.23,3.77,61634.08,195688.41,0.00,8128.00,25200.87,26.59,54468943872.00,125064.71,0.00,68280.45
1787797675.098,10.63,4.39,6.31,44975.44,167150.99,0.00,8128.00,27142.46,0.00,54463397888.00,32273.90,0.00,38196.07
1787797678.142,10.75,5.03,5.96,47748.60,200067.60,0.00,8469.00,111549.94,15.83,54111502336.00,1045612.98,0.01,45014.48
1787797681.176,11.16,4.49,5.81,50210.06,215362.83,0.00,8456.00,25103.05,0.00,54123982848.00,174584.38,0.00,52706.22
1787797684.222,12.58,5.43,6.21,55612.85,256301.09,0.00,8542.00,36866.62,32.78,54044819456.00,179032.38,0.00,52040.61
1787797687.253,8.32,5.27,2.40,43051.20,209202.83,0.00,8476.00,13646.66,0.00,54027247616.00,15212447.48,0.31,37915.66
1787797690.295,22.44,10.39,12.08,106053.52,576523.00,0.00,8781.00,250251.75,1.97,54675795968.00,754571.70,0.01,72753.27
1787797693.324,20.37,10.40,10.40,106812.57,695701.07,0.00,8894.00,263653.22,31.82,54791614464.00,1266617.28,0.01,67010.40
1787797696.375,20.68,11.78,8.86,87388.32,567179.99,0.00,8808.00,188027.16,0.00,54881476608.00,2740952.57,0.05,55487.91
1787797699.414,17.45,9.03,8.42,98659.21,647436.02,0.00,8751.00,231310.73,0.00,54942289920.00,833897.07,0.01,61876.04
1787797702.457,21.05,11.30,8.82,100740.54,620125.40,0.00,9267.00,221777.62,14.86,53529436160.00,1160735.22,0.01,65233.56
1787797705.484,10.89,6.91,3.34,69753.05,226680.27,0.00,9305.00,46192.49,0.00,52872491008.00,439820.95,0.01,66094.30
1787797708.522,4.55,1.94,2.09,25204.94,167061.49,0.00,9346.00,13099.94,62.49,52863098880.00,650096.88,0.01,18741.70
1787797711.566,5.45,3.48,2.32,29819.46,160509.96,0.00,9457.00,19495.14,0.00,52862308352.00,12135.57,0.00,23640.94
1787797714.608,10.08,6.09,4.24,43799.05,135181.90,0.00,9455.00,12808.06,0.00,52864536576.00,36409.33,0.00,40863.75
1787797717.65,6.16,2.96,3.73,47672.89,189651.44,0.00,9394.00,65518.22,1.00,52950339584.00,489690.47,0.01,38786.51
1787797720.684,3.47,1.85,1.77,17739.39,130260.88,3.00,9409.00,12521.69,0.00,52935786496.00,60634.65,0.00,12187.17
1787797723.728,5.75,4.07,2.69,26530.89,246942.75,1.00,9407.00,13358.32,0.98,52934303744.00,309992.55,0.00,12394.11
