t,cpu_pct,priv_pct,user_pct,ctxsw_s,syscalls_s,runq,avail_mb,pagefaults_s,pagesin_s,committed_bytes,disk_bytes_s,disk_qlen,interrupts_s
1787798488.511,4.39,2.00,1.38,16484.00,133187.18,0.00,10227.00,13312.52,0.00,38675968000.00,48351.22,0.00,10711.64
1787798491.566,3.47,1.23,1.77,25005.98,148315.83,0.00,10216.00,12143.08,0.00,38678196224.00,8088.81,0.00,22285.25
1787798494.603,2.33,1.24,1.24,11903.76,111855.55,0.00,10221.00,11983.96,0.00,38679375872.00,312264.08,0.00,8628.96
1787798497.636,5.47,2.17,2.72,12032.75,111085.48,0.00,10222.00,12813.20,0.00,38680031232.00,374644.82,0.00,8681.30
1787798500.668,6.77,4.26,1.47,16035.44,99609.97,0.00,10226.00,11993.82,0.00,38679281664.00,12199.33,0.00,14573.89
1787798503.708,16.52,11.22,3.40,47704.13,260516.53,0.00,9955.00,56786.01,0.00,38960570368.00,88469167.54,1.76,35446.26
1787798506.74,8.77,6.57,2.71,52183.18,202316.61,0.00,9794.00,56821.26,2.97,39167832064.00,89959834.27,4.48,48655.95
1787798509.777,12.62,7.37,3.72,27431.42,1034116.18,2.00,9525.00,32479.63,0.00,39564791808.00,50289994.21,0.43,22609.28
1787798512.806,17.74,14.16,2.01,41658.89,143396.98,2.00,9554.00,20515.98,64.38,39329439744.00,34556560.09,1.04,39113.04
1787798515.853,6.67,5.01,1.16,35437.00,138085.17,0.00,9341.00,34240.73,0.00,39570288640.00,41394600.86,0.31,36764.05
1787798518.901,15.97,8.96,5.10,52459.73,278493.16,0.00,9056.00,94638.47,787.88,39881428992.00,13451200.90,0.07,41964.07
1787798521.939,10.29,5.48,4.94,32470.20,159026.11,1.00,8255.00,30047.34,0.00,40879919104.00,98811630.81,2.29,38018.91
1787798524.963,8.55,2.96,4.44,28458.36,149527.40,0.00,8257.00,35027.59,0.00,40868122624.00,32639.95,0.00,30899.55
1787798527.996,15.09,8.35,5.26,42479.19,152051.57,0.00,7945.00,261874.46,85.15,41192050688.00,51994224.68,0.14,41780.29
1787798531.04,8.10,4.04,3.65,30752.36,120491.04,0.00,7316.00,58311.68,0.00,41886109696.00,4075.64,0.00,39858.55
1787798534.082,8.83,5.64,2.01,64566.84,85957.71,0.00,6612.00,119366.54,0.00,42595971072.00,206405.21,0.01,62788.02
1787798537.134,8.37,3.83,3.68,32451.78,112335.71,2.00,6440.00,21819.15,0.00,42784149504.00,12580313.81,3.52,36975.42
1787798540.17,11.23,2.23,6.55,19860.57,84823.11,0.00,6461.00,27824.32,0.00,42744717312.00,185820.29,0.00,16588.88
1787798543.208,8.80,4.97,3.49,47624.27,95649.06,0.00,6353.00,102438.04,15.90,42848686080.00,7710108.45,0.03,48714.41
1787798546.246,12.42,4.88,5.19,43830.00,112062.25,0.00,6102.00,208368.37,15.88,43120222208.00,422714.51,0.00,49840.47
1787798549.281,11.43,6.17,2.47,37731.28,152432.82,0.00,5490.00,38066.00,0.00,43776147456.00,270965.35,0.00,45761.23
1787798552.325,8.97,2.93,4.62,31637.02,118980.20,0.00,5493.00,31928.85,0.00,43772735488.00,20191.54,0.00,37236.73
1787798555.362,8.78,3.55,2.78,36895.40,120644.22,0.00,5472.00,26424.08,0.00,43778404352.00,48518.68,0.00,46034.07
1787798558.399,10.43,2.08,5.40,22534.08,95786.63,0.00,5499.00,27147.63,0.00,43758866432.00,40404.31,0.00,19497.67
1787798561.435,10.37,2.93,6.40,19951.29,78564.80,0.00,5507.00,27876.30,0.00,43753041920.00,16179.87,0.00,15358.56
1787798564.475,10.35,5.24,3.70,35396.08,104439.63,0.00,5089.00,286710.19,15.78,44156682240.00,44540962.50,0.35,32707.55
1787798567.514,14.35,10.03,3.26,81795.98,111650.73,1.00,4794.00,28381.53,0.00,44485861376.00,48927.08,0.00,89580.93
1787798570.552,5.80,2.77,0.69,36519.38,72972.86,0.00,4787.00,14307.77,15.74,44472664064.00,217546.53,0.00,37669.82
1787798573.585,3.39,2.64,1.09,17887.01,79214.60,0.00,4776.00,16759.48,0.00,44472614912.00,32638.46,0.00,17263.39
1787798576.627,2.36,1.84,0.61,29678.01,77319.39,0.00,4755.00,13954.18,0.00,44485984256.00,56252.26,0.01,30617.14
1787798579.68,6.23,3.91,1.30,20576.35,98912.91,1.00,4756.00,21267.15,0.00,44496470016.00,265641.32,0.00,20133.72
1787798582.721,9.44,7.66,0.62,27288.00,79041.83,0.00,4971.00,39654.10,39.61,44499476480.00,162240.68,0.00,21887.39
1787798585.772,4.68,2.23,1.08,22104.33,71872.84,0.00,4999.00,13337.72,253.35,44499996672.00,1179034.33,0.01,21525.96
1787798588.813,14.13,12.89,1.00,45716.58,74295.98,2.00,4919.00,34658.49,15.80,44498448384.00,20216028.74,0.19,45670.28
1787798591.855,14.72,11.78,1.32,42348.58,83413.48,0.00,4761.00,34603.84,15.87,44577099776.00,17269181.68,0.10,42284.75
1787798594.901,35.64,33.73,0.85,55487.29,83872.50,0.00,4711.00,41412.60,0.00,44578205696.00,3047878.44,0.02,56013.50
1787798597.938,5.44,1.31,2.77,22307.82,87014.20,0.00,4301.00,51930.33,0.00,45029130240.00,28265.05,0.00,21549.03
1787798600.975,6.27,2.40,2.79,38305.21,78156.54,0.00,4122.00,22293.82,0.00,45217931264.00,620311.08,0.00,36563.91
1787798604.014,7.99,3.38,2.84,43073.76,72192.28,0.00,4279.00,11882.92,0.00,45014749184.00,56319.90,0.00,43359.74
1787798607.059,9.49,4.57,4.11,17646.40,77711.78,0.00,4278.00,22228.30,0.00,45015687168.00,48736.07,0.00,15938.85
1787798610.1,7.83,3.39,3.16,32598.80,116313.48,0.00,3856.00,129196.30,0.99,45458026496.00,286958.62,0.00,33561.62
1787798613.145,8.25,1.69,4.92,20773.45,79947.77,0.00,3869.00,26950.38,0.00,45455204352.00,53584113.14,0.14,16759.35
1787798616.182,24.97,17.64,5.72,66679.54,179301.11,0.00,3336.00,329336.75,176.30,46014238720.00,6318733.16,0.10,63063.66
1787798619.232,13.40,8.83,4.91,88640.35,148060.58,2.00,2598.00,171627.76,7.86,46883647488.00,567688.26,0.01,86700.37
1787798622.269,9.07,3.87,4.88,50208.31,178459.18,0.00,2578.00,50298.50,0.00,46882017280.00,28418.04,0.00,52898.82
1787798625.314,7.92,2.78,4.17,32036.39,142952.19,2.00,2610.00,27972.15,0.00,46865231872.00,186272.75,0.00,30836.26
1787798628.352,6.20,2.70,3.78,48429.17,154946.12,0.00,1853.00,102373.03,0.00,47640051712.00,161690.45,0.00,45989.56
1787798631.392,13.79,8.61,5.53,57509.30,327280.78,0.00,1673.00,93530.28,163.20,47827587072.00,1413445.24,0.05,59163.93
1787798634.428,10.49,3.64,5.11,30360.79,191184.51,0.00,1719.00,26571.01,0.00,47744499712.00,16228.87,0.00,29791.74
1787798637.477,11.08,5.48,3.62,36923.39,205017.72,1.00,1027.00,81439.19,0.00,48469811200.00,32263180.31,0.10,33828.17
1787798640.516,15.83,10.23,5.15,52985.81,274568.92,0.00,991.00,61700.52,198.04,48848379904.00,1565837.17,0.01,55174.66
1787798643.561,19.23,13.35,6.60,134020.60,243555.12,0.00,1034.00,40659.49,204.35,48831762432.00,4354178.22,0.03,138807.33
1787798646.592,8.17,4.85,2.93,43653.85,217621.96,0.00,1036.00,21767.72,106.56,48827879424.00,484985.74,0.00,48923.10
1787798649.63,11.70,4.69,5.62,71044.98,235428.26,0.00,986.00,60548.68,172.31,48889995264.00,923579.85,0.01,75525.23
1787798652.668,12.34,4.78,4.47,49841.03,231662.29,0.00,1030.00,25074.44,31.57,48839553024.00,315244.09,0.01,53605.08
1787798655.706,10.06,3.32,4.71,50272.43,214814.25,0.00,1027.00,26527.67,79.17,48839282688.00,664793.98,0.01,50478.32
1787798658.752,10.68,2.23,7.01,52187.83,175787.77,0.00,1024.00,34793.86,0.00,48843137024.00,125219.22,0.00,47345.98
1787798661.791,16.13,7.58,5.42,42867.27,178308.05,0.00,1043.00,25201.60,47.52,48826216448.00,190588.09,0.00,45468.48
1787798664.829,10.26,4.09,4.55,62595.70,188255.97,0.00,1243.00,34389.43,47.38,48306765824.00,242588.69,0.00,63583.05
1787798667.873,6.86,3.30,3.46,52439.70,189333.04,0.00,1244.00,25668.06,126.01,48308883456.00,568566.19,0.00,58136.74
1787798670.921,9.29,4.53,4.99,59748.84,181210.37,0.00,1236.00,27824.11,24.56,48309710848.00,225343.63,0.00,57979.05
1787798673.97,13.62,4.07,4.68,73124.51,221466.28,0.00,1226.00,31839.08,31.43,48322330624.00,205146.56,0.00,78137.99
1787798677.012,11.07,3.32,4.55,59522.44,184024.42,0.00,1225.00,26730.43,0.00,48322699264.00,4045.67,0.00,59243.60
1787798680.055,10.65,5.96,4.03,35571.55,185005.13,0.00,607.00,64174.01,118.88,49083490304.00,522925.91,0.01,32436.17
1787798683.098,12.64,4.49,6.27,45744.26,239901.78,0.00,888.00,53339.38,63.46,49251794944.00,426437.41,0.00,47393.79
1787798686.135,8.14,2.70,3.24,45759.67,155612.52,0.00,1320.00,19609.59,0.00,48786288640.00,36437.72,0.00,49168.41
1787798689.184,5.96,1.85,4.01,18990.77,68835.14,0.00,1298.00,22365.35,0.00,48805068800.00,226263.63,0.01,18404.94
1787798692.214,8.77,4.32,2.62,41755.83,134173.05,0.00,823.00,28426.12,15.80,49226350592.00,113258.11,0.00,51947.57
1787798695.252,8.77,4.25,3.86,45180.09,177715.68,1.00,800.00,39266.65,1666.52,49254629376.00,6914697.44,0.05,51018.59
1787798698.31,7.07,3.81,2.82,44426.06,116061.94,0.00,871.00,24406.66,46.85,49220214784.00,339815.36,0.13,53607.18
1787798701.346,9.10,3.93,3.69,37806.14,149121.70,0.00,885.00,22240.64,31.53,49247481856.00,230065.04,0.00,44038.65
1787798704.392,7.74,2.00,4.55,25189.98,100785.57,0.00,887.00,26554.35,0.00,49255694336.00,56571.40,0.00,25066.33
1787798707.435,6.93,1.15,5.23,20209.17,86864.93,0.00,889.00,37393.36,5.91,49247563776.00,44395.13,0.00,15248.48
1787798710.476,9.94,2.38,6.60,32711.68,141103.33,0.00,861.00,61873.79,0.00,49271336960.00,760763.99,0.01,25023.33
1787798713.514,8.19,1.47,5.80,23404.61,143142.95,0.00,865.00,27547.42,0.99,49258725376.00,24345.70,0.00,18203.78
1787798716.555,12.97,4.09,7.48,27680.15,176297.02,0.00,872.00,26706.25,0.00,49246654464.00,24274.46,0.00,20877.34
1787798719.59,8.46,2.16,5.86,22542.04,145433.11,1.00,883.00,26505.82,7.90,49235496960.00,72769.36,0.00,17207.88
1787798722.633,12.47,5.22,6.76,56195.72,266552.30,0.00,873.00,62161.80,17.69,49243308032.00,4991261.68,0.07,51234.92
1787798725.673,7.98,1.85,6.17,26782.20,178771.69,0.00,892.00,26227.55,31.58,49224355840.00,246589.26,0.00,19921.02
1787798728.714,9.43,2.38,6.14,25618.65,172887.04,0.00,905.00,34794.98,50.12,49214103552.00,1627643.85,0.03,20110.64
1787798731.754,14.51,7.33,7.41,51316.62,412781.44,0.00,875.00,38207.03,2095.40,49243635712.00,9951380.15,0.10,40315.72
1787798734.802,10.17,2.77,5.53,31281.01,204139.16,0.00,884.00,34032.70,7.87,49233604608.00,169245.62,0.01,31408.71
1787798737.834,9.69,1.87,6.07,22760.27,164149.49,0.00,890.00,26707.79,0.00,49224368128.00,65247.22,0.00,17215.75
1787798740.869,11.92,5.72,5.18,28019.46,146848.53,0.00,919.00,252138.56,3298.39,49216094208.00,32633081.32,0.36,22569.25
1787798743.904,13.19,8.19,5.41,58492.47,325136.57,0.00,725.00,218646.32,225.56,49494609920.00,1470966.27,0.01,53741.48
1787798746.935,9.27,3.86,5.33,39466.47,255128.64,0.00,976.00,45327.50,730.90,49648418816.00,3612052.78,0.03,39732.44
1787798749.968,7.27,2.62,4.08,27801.21,173588.91,0.00,974.00,31338.00,27.62,49638612992.00,54395846.90,0.23,23121.97
1787798753.007,17.54,10.01,5.59,97550.31,183523.41,0.00,1690.00,101250.49,121.15,48829116416.00,9095191.57,0.03,96466.27
1787798756.049,10.66,4.01,5.48,39651.71,200942.58,0.00,1690.00,35760.53,107.68,48820948992.00,647403.92,0.01,42960.95
1787798759.091,13.52,10.05,3.71,51455.62,152453.50,0.00,2631.00,311862.28,0.00,47822090240.00,392865.47,0.51,48393.88
1787798762.138,13.70,9.55,3.93,59117.30,186584.96,0.00,2354.00,26389.64,31.53,48153858048.00,367289.14,0.01,65630.60
1787798765.172,6.64,2.47,3.94,74456.84,141452.56,0.00,2330.00,135819.62,805.27,48185880576.00,3573928.12,0.03,75326.97
1787798768.209,12.78,5.87,6.02,44730.80,161334.31,0.00,2330.00,27385.86,94.82,48186015744.00,420742.93,0.00,48709.52
1787798771.244,8.44,3.39,5.23,58398.24,156375.60,0.00,2284.00,54855.31,77.83,48221331456.00,480230.48,0.01,61241.89
1787798774.281,8.00,2.63,3.72,37557.38,141503.26,0.00,1486.00,143073.27,141.74,49068707840.00,669871.71,0.01,41384.27
1787798777.319,10.45,5.25,3.32,31137.91,151073.32,0.00,1518.00,42152.87,29.64,49070419968.00,38593322.00,0.22,30315.34
1787798780.372,15.46,3.92,9.21,41754.37,133423.55,0.00,1775.00,49661.30,1890.51,48725639168.00,8407612.39,0.05,37764.99
1787798783.404,9.91,5.25,3.93,62798.90,205045.45,0.00,1486.00,27912.82,33.57,48958062592.00,340703.79,0.00,68548.89
1787798786.443,15.79,8.01,7.16,43910.00,231226.52,0.00,1574.00,54196.35,6951.89,49086033920.00,28582466.07,0.91,36359.65
1787798789.486,11.54,7.32,3.47,83290.99,154368.93,0.00,1401.00,97273.42,0.00,49178238976.00,177750.57,0.00,80243.70
1787798792.527,7.03,5.31,2.85,59533.74,152782.78,0.00,2107.00,189390.98,31.51,48455536640.00,467841.32,0.01,63314.30
1787798795.558,8.10,4.25,3.09,30672.17,134392.27,0.00,1948.00,12230.07,0.00,48617418752.00,158090.39,0.01,27454.22
1787798798.598,8.08,3.41,4.26,19306.43,105054.64,0.00,1953.00,29705.86,0.00,48616951808.00,93359.00,0.00,17264.15
1787798801.642,8.40,2.77,4.01,37138.27,91443.87,2.00,1419.00,18109.09,40.39,49169379328.00,5535978.12,0.11,38836.88
1787798804.675,9.45,6.41,0.77,11388.21,82776.16,0.00,1107.00,49196.41,28.65,49471102976.00,1100697.14,0.01,7969.34
1787798807.716,6.16,5.62,0.54,14920.87,91264.79,0.00,1650.00,19722.20,15.75,49047986176.00,53284844.13,0.14,11235.75
1787798810.752,13.52,7.86,4.16,45144.80,102048.18,0.00,1714.00,38390.36,31.59,49143173120.00,250702.22,0.01,47992.61
1787798813.788,13.58,5.39,5.62,67220.66,127067.57,0.00,1894.00,27299.40,77.82,48651837440.00,472045.76,0.00,69009.87
1787798816.828,6.95,2.93,2.93,63369.18,94640.82,0.00,1217.00,101690.62,31.61,49365094400.00,169953.96,0.00,63478.45
1787798819.868,11.93,6.46,3.69,74549.32,100022.69,0.00,1790.00,228023.64,14.77,48801234944.00,310544.52,0.00,73870.86
1787798822.902,8.85,3.54,3.08,40172.98,118975.64,0.00,1308.00,26997.86,108.27,49301225472.00,459587.70,0.00,47837.64
1787798825.945,6.55,1.54,4.46,39287.43,84305.20,1.00,1302.00,33978.42,47.25,49303048192.00,834666.66,0.02,37776.41
1787798828.982,8.78,4.70,3.31,74862.56,74063.38,1.00,2646.00,241445.48,0.00,47882047488.00,371798.85,0.01,70511.97
1787798832.013,14.07,9.11,3.27,95687.06,128141.48,1.00,2472.00,24836.84,31.89,48084647936.00,151028.08,0.00,103939.71
1787798835.046,8.68,3.33,4.33,19863.04,81276.62,0.00,2854.00,54315.82,0.00,47708438528.00,109538.91,0.00,19271.23
1787798838.088,7.24,2.31,4.47,33948.87,79028.94,2.00,2488.00,21679.50,198.24,48052506624.00,935217.83,0.01,30331.90
1787798841.132,9.59,2.93,5.01,32257.37,83751.07,0.00,2481.00,34038.38,0.00,48066265088.00,205892.04,0.01,27468.15
1787798844.173,9.47,5.14,2.38,63900.34,137569.35,0.00,2448.00,27322.82,0.00,48083955712.00,156990.74,0.00,72304.70
1787798847.236,7.52,3.24,2.39,50440.78,84392.99,0.00,2981.00,209217.35,0.00,47521677312.00,194037.45,0.00,54765.20
1787798850.283,7.00,1.93,3.24,28024.79,82691.62,0.00,2486.00,147471.63,0.00,48048234496.00,68675.77,0.00,27307.08
1787798853.322,7.31,1.61,5.22,40519.36,73644.04,0.00,2474.00,27919.30,0.00,48045142016.00,128853.48,0.00,37422.35
1787798856.368,10.65,2.70,4.86,42081.85,101325.79,0.00,2578.00,274229.03,49.36,47942955008.00,40044879.67,0.27,37464.60
1787798859.408,7.44,3.95,3.10,46458.61,126611.25,1.00,2383.00,27720.55,31.72,48140496896.00,150205.78,0.00,58157.88
1787798862.452,5.37,2.09,2.48,40728.66,83959.26,0.00,2926.00,22603.77,0.00,47566839808.00,0.00,0.00,42636.86
1787798865.495,9.20,4.01,4.09,15259.29,84566.87,0.00,2755.00,12142.71,637.32,47746539520.00,3281286.80,0.01,14991.64
1787798868.539,8.25,3.92,4.53,39587.44,82665.31,0.00,2749.00,30249.78,0.00,47742656512.00,80545.48,0.00,38581.13
1787798871.583,6.15,2.23,2.93,20537.20,81589.57,0.00,2755.00,12589.80,59.18,47745413120.00,343381.40,0.01,21329.64
1787798874.619,7.79,4.10,3.71,62463.87,132658.92,1.00,2378.00,25705.63,0.00,48142393344.00,121577.62,0.00,68899.21
1787798877.656,9.72,2.92,3.85,34150.93,112156.54,0.00,2394.00,24853.35,77.88,48123666432.00,339196.50,0.00,43359.23
1787798880.694,10.49,5.08,4.69,73377.25,168712.70,1.00,2350.00,41246.14,1006.65,48165076992.00,4273531.18,0.03,76127.83
1787798883.739,9.16,3.70,3.78,46142.47,128306.10,0.00,2349.00,38611.43,690.74,48155516928.00,2871713.54,0.01,53202.16
1787798886.769,11.04,4.10,5.65,27786.50,87183.36,0.00,2334.00,26300.71,15.84,48159789056.00,14190.71,0.00,28327.34
1787798889.809,11.48,1.76,8.28,85355.70,92672.61,0.00,2316.00,74399.50,11.78,48159113216.00,100557.11,0.00,80376.44
1787798892.854,7.26,1.30,4.14,31930.62,80634.40,0.00,2324.00,25863.12,15.70,48157712384.00,88400.01,0.00,32961.03
1787798895.896,13.07,7.15,4.23,39108.69,120837.25,0.00,2805.00,27229.39,0.00,47663996928.00,415635.59,0.01,51194.48
1787798898.944,9.44,3.70,4.47,24109.75,80691.47,0.00,3803.00,12378.55,0.00,46612856832.00,16167.90,0.00,23199.37
1787798901.98,3.83,1.54,2.38,19050.58,88673.40,0.00,3798.00,23297.82,60.03,46621716480.00,350170.84,0.01,17741.10
1787798905.015,10.59,2.94,3.40,31029.32,104462.11,0.00,3795.00,23353.87,0.00,46615834624.00,344499.76,0.00,33522.14
1787798908.064,5.07,1.47,2.09,16163.98,74614.63,0.00,3806.00,12395.71,31.65,46611779584.00,162045.32,0.00,14899.37
1787798911.103,6.40,1.70,2.48,16018.19,84264.56,0.00,3613.00,20179.93,3.96,46814670848.00,231179.97,0.00,14444.29
1787798914.149,9.11,3.39,2.54,37646.31,117749.64,1.00,2972.00,22098.93,97.53,47486918656.00,633551.93,0.00,45180.76
1787798917.181,8.42,4.10,2.86,56042.11,133357.07,0.00,2964.00,31141.55,63.40,47486775296.00,353014.15,0.01,67356.36
1787798920.213,6.15,2.70,3.09,36393.30,121465.77,0.00,2973.00,22803.36,47.42,47485210624.00,226607.02,0.00,46785.69
1787798923.246,11.66,3.57,6.83,106175.01,132145.07,2.00,2964.00,52454.16,32.81,47490240512.00,346161.47,0.00,99617.87
1787798926.274,6.82,2.80,2.65,35723.81,112038.00,0.00,2968.00,22751.90,47.82,47489241088.00,204027.88,0.00,44863.10
1787798929.307,8.57,3.93,3.00,37675.18,126114.29,0.00,2969.00,19977.89,15.78,47483162624.00,113130.10,0.00,47486.74
1787798932.344,8.33,3.77,3.77,38668.43,113878.70,0.00,2963.00,30501.94,6.89,47497764864.00,76655.25,0.01,49113.76
1787798935.388,11.28,3.99,4.30,54842.97,125257.96,0.00,2962.00,27618.96,0.00,47481675776.00,164990.67,0.00,56607.30
1787798938.428,6.66,3.02,3.33,53196.07,116587.36,0.00,2966.00,31922.00,31.70,47483162624.00,223161.77,0.00,61128.89
1787798941.455,13.46,4.28,7.94,184733.84,155566.18,0.00,2968.00,34608.57,384.65,47482355712.00,9645007.53,0.05,174345.62
1787798944.497,8.61,2.07,4.38,33569.26,98362.49,0.00,2965.00,26378.09,53.08,47482994688.00,293905.97,0.00,33902.52
1787798947.518,10.41,3.27,5.14,30430.23,83272.13,0.00,2971.00,26712.88,0.00,47478108160.00,40810.10,0.00,28204.42
1787798950.556,10.68,4.39,3.85,99504.42,125877.12,0.00,2955.00,48090.53,0.00,47491022848.00,20214.56,0.00,109818.39
1787798953.613,8.62,3.78,2.62,38636.69,115913.03,0.00,2957.00,23828.18,15.78,47490756608.00,64651.96,0.00,46930.58
1787798956.66,10.00,5.47,3.78,47326.86,112124.40,0.00,2953.00,24714.79,13.81,47498219520.00,88874.21,0.00,54488.69
1787798959.694,11.37,2.79,5.81,27893.86,81692.28,0.00,2960.00,33978.78,0.00,47482740736.00,32495.23,0.00,23743.95
1787798962.729,9.07,1.79,5.36,30028.55,79305.10,0.00,2961.00,26937.45,0.00,47482273792.00,85575.85,0.00,25829.82
1787798965.773,9.71,2.39,5.00,44100.78,105645.58,1.00,2957.00,26427.16,0.00,47494459392.00,326940.77,0.00,41345.26
1787798968.801,14.38,9.25,4.35,110996.10,101569.17,0.00,2294.00,341488.58,0.00,48181661696.00,24461.64,0.00,111653.97
1787798971.831,13.77,8.63,4.12,80779.92,100692.12,0.00,3598.00,171617.41,0.00,46820208640.00,244485.57,0.00,80498.52
1787798974.866,4.09,1.01,2.48,19698.75,76342.57,0.00,3585.00,12331.55,0.00,46829268992.00,479114.24,0.01,18998.24
1787798977.899,6.30,1.15,2.85,34131.99,78722.31,0.00,3590.00,22721.47,0.00,46827544576.00,109011.03,0.01,32605.84
1787798980.942,7.66,3.39,2.85,34773.88,123090.28,0.00,2898.00,29901.99,15.76,47560769536.00,76642.38,0.00,41501.92
1787798983.985,12.82,5.68,6.06,65276.80,215126.76,0.00,2877.00,26298.83,0.00,47560695808.00,313993.80,0.01,61936.98
1787798987.024,7.65,1.31,5.01,31151.83,90025.11,0.00,2890.00,26310.00,0.00,47555174400.00,20228.59,0.00,27182.36
1787798990.06,8.03,2.86,4.64,31654.88,92884.65,0.00,2899.00,25226.93,13.85,47546982400.00,72955.63,0.00,33132.49
1787798993.098,6.20,1.31,5.54,41803.95,82595.78,1.00,2891.00,25958.70,0.00,47545491456.00,36330.35,0.00,38310.63
1787798996.146,9.48,3.07,4.99,56375.83,102984.84,1.00,1040.00,487612.09,0.00,49652207616.00,313858.57,0.01,52202.02
1787798999.192,5.82,3.39,3.01,42951.96,119837.65,0.00,2236.00,28100.09,0.99,48345874432.00,40396.60,0.00,50714.52
1787799002.231,6.78,1.78,2.78,37389.45,79685.50,0.00,3659.00,29682.89,0.00,46841200640.00,24306.50,0.00,40175.75
1787799005.269,5.76,2.08,3.08,14974.92,86320.10,0.00,3659.00,12099.49,0.00,46855753728.00,16161.59,0.00,13680.08
1787799008.308,4.31,1.62,2.55,41147.70,77215.63,0.00,3647.00,24272.37,0.00,46857256960.00,149630.89,0.01,40487.41
1787799011.354,8.71,3.07,3.23,52015.86,88797.51,0.00,2897.00,173965.12,0.00,47648387072.00,205326.99,0.00,53049.63
1787799014.394,7.34,2.85,3.46,35642.74,106447.59,0.00,2902.00,24934.16,31.52,47638999040.00,177498.67,0.00,37887.37
1787799017.426,10.96,3.42,6.07,56879.12,91134.54,0.00,2888.00,26014.42,0.99,47649284096.00,93730.31,0.00,51759.30
1787799020.467,6.98,1.85,4.94,35563.75,66676.11,2.00,2896.00,25658.35,0.00,47642529792.00,56699.51,0.00,31514.19
1787799023.494,7.66,1.79,5.37,27095.20,90185.54,0.00,2910.00,35304.93,0.00,47631360000.00,216211.84,0.01,23136.45
1787799026.529,14.96,9.26,4.12,76984.50,111451.14,0.00,2130.00,626029.62,0.00,48569376768.00,2431314.96,0.04,72390.11
1787799029.579,10.83,4.85,4.39,40464.88,118120.27,0.00,2137.00,35229.21,0.00,48556167168.00,52453.24,0.00,47079.01
1787799032.613,8.45,3.01,3.01,46939.25,114795.12,0.00,2078.00,26371.06,0.00,48621494272.00,440683.12,0.02,54973.98
1787799035.653,36.39,35.77,0.62,48737.36,75911.64,0.00,1884.00,31910.69,0.00,48801550336.00,6718296.97,0.04,46493.06
1787799038.699,9.22,4.22,3.15,48722.36,113657.36,0.00,1154.00,70809.69,0.00,49746001920.00,26549095.46,0.14,53878.90
1787799041.734,8.23,4.32,3.93,40991.61,117443.26,1.00,1161.00,23184.65,15.78,49745129472.00,347455.14,0.01,52901.94
1787799044.773,6.50,3.72,3.18,50218.52,113265.48,1.00,1160.00,26158.39,31.72,49737027584.00,174569.01,0.00,60015.73
1787799047.824,9.89,2.92,4.92,33508.54,103403.97,0.00,1148.00,26807.82,110.25,49744408576.00,528198.56,0.00,37719.29
1787799050.861,10.80,2.24,4.17,47834.15,94092.74,0.00,1277.00,107301.15,0.00,49582120960.00,137652.91,0.00,52330.05
1787799053.903,9.49,3.47,2.93,53971.51,86257.61,0.00,2364.00,229413.41,541.17,48329175040.00,2600221.67,0.01,52276.92
1787799056.935,12.36,6.81,3.48,68964.04,150862.18,0.00,2031.00,26325.68,31.69,48664956928.00,150068.04,0.00,76676.42
1787799059.995,7.68,3.85,3.54,65890.46,119633.85,0.00,2016.00,23032.74,63.17,48682438656.00,258737.36,0.00,76450.99
1787799063.032,9.58,5.01,4.32,55571.81,130635.04,0.00,1996.00,32061.04,64.19,48699506688.00,392368.28,0.01,66369.19
1787799066.08,9.09,3.52,5.28,30399.91,104480.07,0.00,2018.00,28911.38,0.00,48684941312.00,56119.91,0.00,32970.35
1787799069.119,8.29,2.70,3.93,38061.49,90184.22,0.00,2010.00,26337.20,56.25,48685441024.00,250623.35,0.00,38139.70
1787799072.162,6.64,2.92,3.23,37133.50,124633.74,1.00,1289.00,71605.40,48.18,49442062336.00,253719.52,0.00,43588.99
1787799075.191,9.76,5.05,4.66,36271.97,110906.14,0.00,1313.00,27170.17,26.85,49421307904.00,175142.80,0.01,43275.89
1787799078.239,6.96,2.17,3.48,42757.89,105136.21,0.00,1698.00,113256.20,626.59,49009709056.00,2791558.46,0.03,39719.01
1787799081.284,7.96,3.17,2.70,44406.92,123387.69,0.00,1551.00,26453.70,0.00,49167192064.00,226589.60,0.01,52785.65
1787799084.324,9.02,4.38,3.38,38959.52,126468.34,0.00,1575.00,23008.38,61.02,49153646592.00,286242.53,0.00,49812.99
1787799087.357,10.99,4.19,3.57,38331.86,138773.38,1.00,1555.00,25276.33,31.80,49164333056.00,162811.54,0.00,46002.73
1787799090.395,7.24,2.46,4.91,24214.28,73206.58,0.00,1576.00,27664.48,0.00,49165217792.00,36205.04,0.00,18494.01
1787799093.444,12.57,7.09,2.62,148719.83,82687.21,0.00,2362.00,64627.40,0.00,48378691584.00,149448.57,0.01,145608.67
1787799096.482,12.55,5.99,4.59,40217.39,123265.66,0.00,2198.00,29143.89,31.87,48545476608.00,257015.18,0.00,47477.30
1787799099.513,9.69,3.09,3.63,39119.41,83533.82,0.00,2673.00,21874.04,0.00,48047935488.00,60831.07,0.00,41424.60
1787799102.552,8.01,3.94,2.55,41510.10,117845.47,2.00,2201.00,26821.44,17.80,48542875648.00,230842.18,0.00,49531.87
1787799105.584,8.32,4.17,3.55,42407.45,118941.36,0.00,2206.00,22333.17,29.63,48534781952.00,178009.54,0.01,47873.86
1787799108.623,9.50,4.16,4.16,65141.21,109273.83,0.00,2202.00,25817.42,43.39,48534003712.00,302968.59,0.01,67703.84
1787799111.656,9.43,2.55,4.72,30957.85,98719.32,0.00,2206.00,26561.90,31.69,48534188032.00,279883.33,0.00,29796.63
1787799114.701,10.40,3.77,4.84,55511.27,108810.19,1.00,2173.00,29408.74,0.00,48514625536.00,112818.77,0.01,59037.64
1787799117.741,10.19,4.92,3.23,57465.26,154429.76,0.00,2160.00,28224.58,15.75,48529739776.00,262140.21,0.01,63476.35
1787799120.776,7.47,3.49,4.58,45279.84,85737.28,0.00,2699.00,33986.92,30.76,47966527488.00,204739.12,0.01,45190.51
1787799123.822,9.93,3.47,5.40,62975.85,101046.50,0.00,2204.00,67797.42,47.43,48483500032.00,324768.39,0.01,62140.96
1787799126.873,9.64,2.68,4.76,31013.82,90555.35,0.00,2209.00,27599.49,15.72,48482721792.00,100583.23,0.00,28358.02
1787799129.906,11.50,2.78,6.79,98733.14,81513.02,0.00,2172.00,65715.40,0.00,48508481536.00,80924.27,0.00,93132.96
1787799132.941,10.59,4.49,4.34,38617.04,104176.79,0.00,2224.00,25688.12,0.00,48460009472.00,6972288.57,0.04,41727.68
1787799135.99,9.96,3.62,3.39,40221.84,132563.56,0.00,2204.00,26189.46,7.88,48488833024.00,67070.22,0.00,47381.24
1787799139.029,9.37,3.87,4.02,15402.39,79299.51,0.00,2812.00,12019.54,0.00,47849037824.00,235055.91,0.01,13145.59
1787799142.068,4.49,1.86,2.95,21346.15,92151.06,1.00,2800.00,20904.79,0.00,47850225664.00,52930.97,0.00,20082.25
1787799145.107,8.68,3.33,3.64,28051.83,72925.65,0.00,2497.00,61603.58,0.00,48171982848.00,162449.19,0.00,31669.45
1787799148.154,11.07,5.46,4.62,54860.31,135810.67,0.00,2299.00,27132.19,34.48,48373653504.00,177523.02,0.00,58450.17
1787799151.192,7.10,3.09,3.24,34287.98,115860.03,0.00,2306.00,25840.13,45.41,48369217536.00,367981.50,0.00,42139.10
1787799154.236,6.01,2.72,3.58,53034.44,109556.65,0.00,2313.00,25123.31,0.00,48368889856.00,440444.93,0.01,58735.10
1787799157.282,7.22,1.78,4.71,38379.14,94439.20,0.00,2310.00,26561.89,0.00,48370208768.00,16192.51,0.00,34984.76
1787799160.318,11.08,1.77,5.39,37373.20,85201.03,0.00,2319.00,27132.40,0.99,48358658048.00,16145.61,0.00,33427.07
1787799163.356,19.01,11.34,6.40,117549.61,192617.79,0.00,2229.00,98085.34,0.00,48631410688.00,214544.87,0.00,112906.96
1787799166.402,12.38,4.95,4.10,39818.10,133799.40,0.00,2231.00,24092.91,0.00,48604237824.00,373605.25,0.00,51101.43
1787799169.435,9.89,2.10,3.19,28281.97,84454.09,0.00,3008.00,22310.13,0.00,47783157760.00,196011.73,0.01,26225.50
1787799172.469,6.15,2.01,2.86,17015.46,81932.95,0.00,3030.00,12309.85,0.00,47773581312.00,32461.72,0.00,16457.98
1787799175.506,7.58,2.09,3.25,20684.57,86993.06,0.00,3033.00,22789.68,0.00,47753105408.00,142018.17,0.00,19814.60
1787799178.542,14.35,5.23,4.54,80766.02,140505.19,1.00,2284.00,28620.13,0.00,48543588352.00,24216.50,0.00,85628.30
1787799181.581,9.25,1.61,5.37,37974.07,79486.54,0.00,2284.00,28377.10,16.71,48537518080.00,378437.34,0.00,34203.90
1787799184.628,10.66,4.84,4.38,42576.56,82663.15,0.00,3151.00,395621.26,0.00,47637172224.00,314309.84,0.01,36316.57
1787799187.659,15.33,9.26,3.86,146119.84,109783.74,0.00,3147.00,23180.27,0.00,47648071680.00,16184.50,0.00,151365.22
1787799190.695,9.78,4.12,3.42,62456.48,97511.99,0.00,4005.00,167413.05,44.78,46741409792.00,485051.23,0.02,68959.30
1787799193.729,9.06,1.85,5.17,25035.19,83012.88,0.00,3425.00,27176.55,15.81,47346810880.00,68807.99,0.00,21100.29
1787799196.768,8.70,1.92,4.85,27572.69,73491.68,11.00,3430.00,27125.17,0.00,47341154304.00,133238.41,0.00,23528.96
1787799199.812,9.23,3.70,3.86,62689.65,87460.12,0.00,3121.00,439756.40,0.00,47661043712.00,440690.17,0.01,63735.55
1787799202.849,7.13,4.41,2.71,45251.50,126639.66,0.00,3119.00,26040.97,0.00,47655067648.00,44595.28,0.00,56071.32
1787799205.894,5.39,1.94,2.09,51987.87,81864.33,0.00,4018.00,19703.32,0.00,46717841408.00,0.00,0.00,52312.06
1787799208.934,10.60,3.45,6.29,43174.25,99669.74,0.00,3421.00,27495.68,0.00,47346429952.00,16086.03,0.00,38470.22
1787799211.979,8.15,2.55,5.03,25670.98,80307.58,2.00,3437.00,34794.57,0.00,47332380672.00,218966.14,0.00,20828.15
1787799215.022,10.99,5.62,4.46,40188.73,87335.75,0.00,3088.00,449851.75,0.00,47704420352.00,1855703.71,0.03,36149.07
1787799218.055,12.08,4.34,5.42,36655.89,118933.84,1.00,3020.00,24046.94,0.00,47773569024.00,24367.20,0.00,43279.45
1787799221.091,6.98,3.03,2.80,29641.75,84635.63,0.00,2324.00,281393.39,209.66,48523223040.00,1078553.76,0.01,29491.85
1787799224.132,11.17,4.55,6.09,90679.62,190969.41,0.00,2149.00,36615.55,31.59,48695308288.00,355789.22,0.00,86022.82
1787799227.165,8.33,2.86,5.10,43175.05,86069.11,0.00,2148.00,34570.31,23.75,48702156800.00,247205.29,0.00,42058.72
1787799230.209,12.95,8.84,3.69,56219.82,91684.44,0.00,1578.00,324883.74,6.89,49309560832.00,89271674.41,0.54,55941.77
1787799233.258,9.10,4.45,3.61,45505.75,120234.51,2.00,1522.00,32124.08,61.93,49348730880.00,289921.84,0.00,52878.52
1787799236.287,11.18,5.59,5.28,64500.00,156608.35,0.00,3685.00,33621.57,2324.56,47054667776.00,9332017.87,0.16,70687.51
1787799239.334,9.28,5.47,3.55,60614.56,155054.96,0.00,3652.00,40485.74,47.39,47105515520.00,428698.77,0.01,69595.96
1787799242.368,9.42,4.39,4.01,37864.10,110320.27,0.00,3658.00,26532.40,47.36,47103508480.00,468834.77,0.01,44478.38
1787799245.41,9.79,2.61,4.15,44997.94,116393.93,0.00,3667.00,27226.31,15.72,47093972992.00,156949.95,0.01,49345.93
1787799248.453,7.04,3.48,2.78,39733.32,111629.27,1.00,3664.00,26497.46,93.05,47092060160.00,883903.35,0.01,44114.92
1787799251.494,10.40,2.62,6.16,72822.94,97792.71,0.00,3636.00,53360.73,15.76,47121821696.00,270337.15,0.00,70994.80
1787799254.53,8.84,3.10,3.64,46737.38,100252.55,0.00,3633.00,34697.24,41.65,47130456064.00,223426.99,0.00,49532.12
1787799257.571,11.39,4.78,5.09,36451.77,112951.93,0.00,3637.00,27227.30,0.00,47122018304.00,8085.48,0.00,40668.50
1787799260.608,7.44,2.32,3.71,35054.20,126517.04,1.00,3645.00,25724.48,0.00,47120867328.00,76996.35,0.01,40948.12
1787799263.645,8.17,3.40,3.71,35048.25,114689.70,0.00,3666.00,27710.80,64.37,47094919168.00,316402.85,0.00,41221.98
1787799266.677,8.31,3.24,4.09,45328.04,120249.51,0.00,3661.00,26397.90,16.79,47094349824.00,926538.10,0.01,50932.95
1787799269.72,8.28,2.62,5.40,29409.79,102746.29,0.00,3658.00,28620.40,0.00,47091978240.00,44458.56,0.00,25942.90
1787799272.755,8.82,1.62,5.56,33758.43,77518.38,0.00,3662.00,27168.57,0.00,47088017408.00,8103.29,0.00,29927.94
1787799275.793,8.73,1.93,5.16,47215.95,82560.33,0.00,3660.00,34481.04,0.00,47090016256.00,36372.48,0.00,43443.59
1787799278.826,7.89,1.70,4.25,34530.19,91467.23,3.00,3654.00,27309.20,0.00,47098036224.00,36465.03,0.00,32089.68
1787799281.873,5.83,1.23,5.23,28183.72,85263.39,0.00,3646.00,26744.48,0.00,47115530240.00,233709.69,0.00,25182.52
1787799284.913,8.27,1.61,5.07,26578.37,78371.36,0.00,3656.00,27766.98,0.00,47099625472.00,20151.23,0.00,23672.78
1787799287.955,9.58,2.70,3.55,30376.62,78003.58,0.00,3142.00,304302.21,0.00,47643369472.00,586250.84,0.01,28990.11
1787799290.993,9.26,4.93,4.16,20791.83,115030.05,0.00,3128.00,12807.65,0.00,47650021376.00,234431.61,0.01,19768.98
1787799294.029,5.92,3.77,2.84,47036.28,118019.69,0.00,2797.00,24496.14,15.74,47996329984.00,96721.22,0.00,58087.07
1787799297.067,8.29,4.15,3.62,103096.60,113844.19,0.00,2470.00,244942.95,7.87,48339513344.00,343482.20,0.01,109184.78
1787799300.108,4.17,2.32,2.24,17818.26,78402.52,1.00,2310.00,14972.40,0.00,48516911104.00,97138.77,0.00,18624.21
1787799303.148,5.48,1.93,2.70,26722.38,88825.00,1.00,1986.00,119218.62,0.00,48869027840.00,100894.95,0.00,28564.46
1787799306.188,12.43,8.79,3.62,116080.33,116072.44,0.00,1786.00,25701.20,24.68,49059176448.00,153628.83,0.01,122783.11
1787799309.229,6.75,3.47,2.16,37409.54,121469.74,0.00,1792.00,23518.26,15.79,49056321536.00,84887.20,0.00,47228.62
1787799312.28,6.36,2.62,3.24,29895.85,103512.70,0.00,1785.00,25414.59,0.00,49063452672.00,194235.61,0.00,35967.71
1787799315.328,8.74,1.85,4.54,29543.14,86898.02,0.00,1792.00,27027.78,0.00,49050939392.00,68578.46,0.00,26368.66
1787799318.372,8.33,1.70,5.24,36388.79,80577.64,0.00,1802.00,35377.74,0.00,49043423232.00,28309.30,0.00,32659.66
1787799321.413,8.77,4.46,3.85,53788.37,117548.85,1.00,1925.00,313562.37,0.00,48928731136.00,451601.79,0.01,48856.40
1787799324.451,6.93,3.26,3.18,48141.58,110468.49,0.00,2290.00,193097.29,26.80,48665477120.00,325211.48,0.00,53193.02
1787799327.487,8.16,2.63,3.71,16754.59,76240.09,0.00,3149.00,12103.13,0.00,47636152320.00,48685.89,0.00,15658.99
1787799330.527,6.73,3.31,3.69,43099.87,91926.71,3.00,3136.00,23179.53,0.00,47640371200.00,229818.73,0.01,48258.23
1787799333.559,7.90,3.63,2.16,38323.44,115138.12,0.00,2608.00,23162.46,46.39,48199331840.00,206202.68,0.01,47070.06
1787799336.589,6.76,3.56,2.63,48447.38,114021.62,0.00,2604.00,24715.69,15.84,48202809344.00,202738.53,0.00,58345.57
1787799339.632,9.05,2.01,5.40,36543.96,94492.42,0.00,2601.00,27235.26,7.90,48205578240.00,97018.95,0.00,31906.34
1787799342.678,11.82,3.54,5.77,54024.90,84495.12,0.00,2603.00,27318.37,0.00,48201056256.00,48427.62,0.00,50045.71
1787799345.701,8.43,2.10,5.53,43145.49,107396.24,1.00,2498.00,48657.54,4025.89,48300015616.00,12284345.57,0.06,37555.45
1787799348.739,7.83,3.46,2.69,57568.92,97143.92,0.00,3308.00,143712.19,0.00,47464300544.00,225736.85,0.00,62862.96
1787799351.776,7.54,2.77,2.31,18663.04,103866.64,0.00,3296.00,12811.08,0.00,47478018048.00,459945.79,0.01,16689.46
1787799354.82,5.66,2.01,2.94,18721.80,74383.93,0.00,3299.00,12160.52,0.00,47473799168.00,20249.40,0.00,18859.31
1787799357.853,7.98,2.86,4.55,22342.89,94701.48,0.00,2538.00,164691.23,0.00,48288964608.00,93140.38,0.00,21643.91
1787799360.889,7.50,2.00,5.62,38686.65,90126.21,1.00,2544.00,30263.26,0.00,48265936896.00,113082.23,0.00,34483.62
1787799363.928,10.72,2.54,5.53,32610.44,85509.45,0.00,2545.00,27074.06,0.00,48265531392.00,80572.05,0.00,28799.38
1787799366.972,9.17,1.77,5.08,42682.57,88328.00,0.00,2541.00,35107.01,77.81,48263479296.00,418581.36,0.01,38831.63
1787799370.016,11.06,4.45,6.52,105944.92,83632.56,0.00,2121.00,437025.12,15.71,48710344704.00,7021447.49,0.16,101079.79
1787799373.049,6.68,5.24,1.62,27349.13,68632.08,0.00,2309.00,163604.84,0.00,48520384512.00,2503375.76,0.02,22889.69
1787799376.086,14.80,10.17,3.77,78937.52,119337.67,0.00,1648.00,23508.98,138.06,49773875200.00,565477.79,0.00,85148.25
1787799379.129,7.52,2.23,3.92,33621.89,98021.47,0.00,1695.00,26964.78,0.00,49776087040.00,76537.56,0.00,38995.72
1787799382.174,9.15,3.68,4.37,41549.54,135942.89,0.00,1655.00,28791.05,31.42,49773158400.00,812520.76,0.02,42030.37
1787799385.219,7.36,3.54,3.70,42997.49,106767.63,0.00,1773.00,26232.56,76.84,49538002944.00,330896.61,0.00,48783.47
1787799388.263,8.80,1.31,5.54,36035.70,78190.49,0.00,1857.00,35333.25,0.00,49524961280.00,16141.53,0.00,31665.72
1787799391.307,7.54,1.86,4.80,37526.80,87775.89,0.00,1841.00,26594.75,13.89,49542389760.00,113813.92,0.00,36781.10
1787799394.341,7.53,3.07,4.00,46094.11,105999.71,0.00,1831.00,34826.99,62.99,49551306752.00,298340.99,0.00,49907.19
1787799397.379,16.33,9.35,5.95,51616.59,91210.25,0.00,2908.00,294077.44,39.59,48426070016.00,29403182.80,0.40,50672.50
1787799400.425,8.67,4.87,3.25,64716.59,119797.97,0.00,2464.00,25924.60,63.28,48911794176.00,279439.95,0.00,75113.78
1787799403.468,11.61,5.47,5.00,58525.67,198348.26,0.00,2479.00,54334.28,78.84,48934576128.00,2619792.78,0.12,58446.32
1787799406.503,5.81,2.48,2.48,55694.53,83698.03,0.00,3606.00,22472.05,0.00,47749644288.00,1011756.93,0.08,57169.22
1787799409.538,11.35,5.48,4.86,31939.43,109155.20,0.00,3091.00,73678.03,0.00,48291442688.00,60697.76,0.00,37496.74
1787799412.57,9.71,5.25,4.33,62358.41,145901.15,0.00,3164.00,27174.14,0.00,48145973248.00,502269.09,0.00,71248.58
1787799415.605,17.94,5.85,11.78,106768.70,387055.86,0.00,3090.00,98792.69,23123.12,48221368320.00,101620210.42,0.37,64865.05
1787799418.642,16.77,6.80,10.05,50638.28,162484.41,0.00,3033.00,222346.57,111105.01,48230088704.00,466563377.51,0.46,54901.97
1787799421.681,14.53,4.16,9.79,51614.04,223515.69,0.00,3058.00,197076.80,72105.44,48221528064.00,296205737.39,0.27,31019.80
1787799424.723,13.17,4.25,7.26,37139.31,133412.32,0.00,3332.00,128969.56,59413.41,48217022464.00,243693349.23,0.24,44527.28
1787799427.755,12.37,4.95,6.88,52034.41,191213.00,0.00,3425.00,151887.40,63011.78,48223707136.00,258037481.95,0.24,44886.28
1787799430.792,7.41,2.31,4.31,42557.09,96788.70,0.00,3436.00,26036.69,0.00,48236093440.00,214035.64,0.00,43046.67
1787799433.84,8.86,1.39,4.85,20086.44,82291.44,0.00,3446.00,26348.77,0.00,48229269504.00,185902.63,0.00,15913.44
1787799436.88,10.83,2.46,6.45,21386.51,92601.12,1.00,3450.00,34711.04,0.00,48222429184.00,157074.32,0.01,15850.82
1787799439.923,9.00,1.62,5.72,21470.02,88598.72,0.00,3461.00,26951.83,0.00,48211435520.00,214846.68,0.00,17041.90
1787799442.967,11.34,2.78,5.40,33645.69,108001.28,0.00,3485.00,27571.31,0.00,48177508352.00,153759.18,0.00,31417.11
1787799446.008,8.83,6.15,2.62,45527.48,111992.69,0.00,3190.00,81207.24,208.86,48518115328.00,1211076.46,0.02,51277.97
1787799449.054,7.20,2.85,3.31,36830.54,106292.90,0.00,3205.00,27634.72,47.25,48531296256.00,338716.51,0.01,39667.18
1787799452.101,11.43,5.91,4.84,32936.28,119402.12,2.00,2382.00,26574.19,278.02,49453957120.00,1581412.96,0.03,40046.43
1787799455.139,9.66,4.09,3.24,33240.49,126816.80,0.00,2383.00,25067.99,31.57,49451245568.00,270738.24,0.00,41230.52
1787799458.174,9.61,2.93,3.63,28098.33,109934.58,0.00,2381.00,34566.76,63.22,49451937792.00,279189.41,0.00,31734.24
1787799461.206,9.29,2.47,4.87,23598.89,102163.27,1.00,2381.00,26752.86,45.49,49450442752.00,202550.27,0.01,23196.69
1787799464.25,12.18,7.27,4.72,40077.14,192668.01,0.00,2383.00,51081.06,13.86,49445662720.00,324346.79,0.00,42680.99
1787799467.284,9.21,3.02,4.03,30654.35,117404.78,0.00,2396.00,25062.51,74.45,49428226048.00,426937.31,0.01,37091.00
1787799470.327,7.40,2.85,3.69,32156.89,109679.22,0.00,2416.00,25274.63,0.00,49455177728.00,12091.68,0.00,36785.62
1787799473.383,7.40,4.15,3.61,65334.18,150002.13,0.00,2428.00,26170.24,44.23,49324388352.00,229492.85,0.00,73036.67
1787799476.427,13.36,5.76,5.30,35159.65,120650.94,0.00,2456.00,25562.70,55.08,49313484800.00,277988.08,0.00,40793.67
1787799479.461,8.08,3.32,2.71,47209.05,125622.60,0.00,2440.00,33991.35,0.00,49320742912.00,32428.70,0.00,54901.92
1787799482.5,10.49,4.32,3.71,45729.88,115718.58,0.00,2434.00,24673.88,30.63,49324912640.00,137623.46,0.00,53002.89
1787799485.541,6.34,2.92,2.46,43390.22,116536.88,0.00,2430.00,32383.29,45.32,49326489600.00,226007.09,0.01,50041.80
1787799488.578,9.50,3.38,4.38,38121.72,109319.44,1.00,2446.00,25790.27,0.00,49305579520.00,137002.47,0.00,40247.54
1787799491.617,8.10,3.45,4.45,32063.02,173955.41,0.00,2416.00,53226.97,47.19,49354874880.00,990714.90,0.01,33927.31
1787799494.646,12.35,3.96,5.74,32163.56,173894.60,0.00,2422.00,25525.21,0.00,49344335872.00,97749.53,0.00,33181.68
1787799497.692,16.34,6.16,10.24,76164.92,387964.31,0.00,2396.00,138998.41,2200.55,49384747008.00,18999713.62,0.26,67508.48
1787799500.734,8.16,2.47,5.71,28834.11,168987.12,0.00,2410.00,26476.55,0.00,49361182720.00,44518.87,0.00,25769.44
1787799503.773,6.65,3.84,4.00,34548.79,210244.41,1.00,2418.00,28669.07,0.00,49344376832.00,80546.33,0.00,35686.17
1787799506.805,7.64,2.78,5.18,28825.27,187715.66,0.00,2428.00,29001.47,31.68,49339875328.00,145963.57,0.00,24907.16
1787799509.837,6.65,2.24,3.94,24410.33,97113.27,0.00,2409.00,25819.41,0.00,49356222464.00,619689.66,0.00,26609.44
1787799512.872,11.48,5.31,5.39,42886.43,131761.41,0.00,2413.00,40491.09,8238.78,49369493504.00,35532689.98,0.41,46602.88
1787799515.912,11.88,4.32,4.32,33827.56,112813.17,0.00,2472.00,26665.63,69.13,49312325632.00,1362195.93,0.01,41476.36
1787799518.944,8.92,3.62,3.16,31440.57,113194.75,0.00,2478.00,22089.98,46.42,49309151232.00,2144185.32,0.01,40154.73
1787799521.982,8.35,2.93,5.09,23315.28,92884.33,0.00,2489.00,26951.94,0.99,49294655488.00,0.00,0.00,22204.71
1787799525.016,10.47,3.70,5.09,28161.88,99065.50,0.00,2481.00,26848.83,14.82,49304002560.00,437058.40,0.01,31185.44
1787799528.057,8.81,1.77,4.31,22250.73,88408.61,0.00,2492.00,35418.35,47.23,49292886016.00,1257478.86,0.01,21538.62
1787799531.092,7.73,2.01,5.40,22848.54,102130.25,0.00,2506.00,24336.64,255.10,49284558848.00,2182448.98,0.02,21833.80
1787799534.138,10.46,2.46,5.98,21024.16,108995.69,0.00,2511.00,27266.85,0.00,49277632512.00,96582.02,0.00,17605.52
1787799537.174,11.12,3.69,5.77,52933.93,111464.79,0.00,2512.00,26925.58,15.76,49271709696.00,1638367.56,0.01,57761.48
1787799540.222,8.76,3.15,4.62,27528.68,107724.58,0.00,2506.00,28643.50,15.76,49277857792.00,282367.70,0.01,30637.64
1787799543.27,5.99,3.46,2.16,30652.04,116377.83,0.00,2508.00,25650.62,15.77,49273331712.00,104951.93,0.00,36795.61
1787799546.313,12.03,4.33,5.17,35549.85,133335.89,0.00,2516.00,24920.18,31.63,49265283072.00,145737.67,0.00,46377.75
1787799549.356,8.11,1.31,5.54,19496.18,78660.06,1.00,2517.00,33773.76,0.00,49262776320.00,0.00,0.00,14932.59
1787799552.399,8.76,3.02,3.02,31522.23,118436.53,0.00,2511.00,25100.19,15.84,49270140928.00,85141.50,0.00,36907.01
1787799555.441,8.77,2.39,3.63,25422.88,102481.76,0.00,2515.00,26166.63,0.00,49264689152.00,133684.50,0.00,27324.73
1787799558.473,8.61,3.47,3.24,31314.55,117021.06,0.00,2522.00,24389.55,45.42,49259802624.00,214333.41,0.00,37421.21
1787799561.524,8.59,2.86,3.24,31771.70,113815.74,0.00,2522.00,24242.17,16.80,49258033152.00,222663.86,0.00,37804.40
1787799564.565,12.23,6.07,4.20,33915.61,145623.04,0.00,2515.00,27948.03,15.94,49265549312.00,224437.01,0.00,40493.06
1787799567.604,6.11,2.32,4.01,22880.06,90411.42,0.00,2507.00,25281.52,0.00,49276530688.00,16191.56,0.00,22177.13
1787799570.642,10.66,3.62,5.08,27421.76,99973.42,0.00,2518.00,31544.63,3.94,49257725952.00,1230733.10,0.01,32114.78
1787799573.674,7.71,2.40,4.26,23173.44,87583.40,0.00,2525.00,25062.19,31.71,49257201664.00,645372.01,0.01,24059.09
1787799576.709,5.92,2.47,3.63,33401.38,112728.03,0.00,2523.00,33697.14,0.00,49258639360.00,149911.01,0.00,39148.76
1787799579.75,8.44,3.50,3.58,30559.74,119785.50,1.00,2526.00,25169.89,31.86,49258819584.00,146825.36,0.00,39641.67
1787799582.795,8.49,2.70,4.86,28379.93,108211.16,0.00,2526.00,26611.07,15.82,49254932480.00,198444.96,0.00,34295.02
1787799585.83,9.47,4.25,4.25,34288.94,122456.40,0.00,2525.00,24591.56,15.82,49249767424.00,291645.37,0.00,46853.30
1787799588.869,6.35,1.08,4.69,20554.84,82281.38,0.00,2530.00,26346.35,31.51,49243467776.00,237946.16,0.01,19187.71
1787799591.905,7.57,2.15,4.92,19303.15,80643.26,0.00,2529.00,26545.77,27.59,49245339648.00,149317.63,0.00,16877.31
1787799594.944,5.85,3.17,2.86,21081.69,99904.12,0.00,2845.00,23130.35,0.00,48957304832.00,16222.93,0.00,20182.74
1787799597.977,5.08,1.93,3.02,21472.78,98503.88,0.00,2853.00,19668.69,0.00,48958754816.00,16222.91,0.00,20422.30
1787799601.02,4.21,1.39,2.94,18189.66,87794.98,0.00,2844.00,23356.98,0.00,48968536064.00,150137.72,0.00,16369.94
1787799604.048,7.70,3.57,3.50,54202.00,112958.06,0.00,2463.00,73563.20,0.00,49364889600.00,452277.88,0.02,61390.37
1787799607.097,8.58,3.69,3.69,39815.98,121732.55,0.00,2466.00,25558.40,63.08,49361018880.00,444068.74,0.01,47341.46
1787799610.129,6.16,1.86,3.64,67426.04,78920.93,0.00,2679.00,89992.13,0.00,49120792576.00,16218.76,0.00,68701.93
1787799613.171,5.32,1.54,2.24,17436.12,81394.56,0.00,2683.00,22207.84,0.00,49125789696.00,157620.74,0.00,15813.48
1787799616.205,6.50,2.02,2.25,16673.68,82990.30,0.00,2678.00,12021.21,0.00,49126506496.00,174793.31,0.00,15978.55
1787799619.237,7.32,3.40,2.94,42289.51,83487.87,0.00,2673.00,29630.06,1.98,49129054208.00,162078.95,0.01,39674.78
1787799622.273,5.95,2.32,3.02,23928.71,96238.06,0.00,1896.00,72798.86,0.99,49953984512.00,77117.29,0.11,27166.92
1787799625.319,8.15,4.50,3.34,39719.21,134156.72,0.00,2050.00,24476.81,0.00,49871581184.00,44743.07,0.00,48407.19
1787799628.357,8.06,3.16,4.09,43125.67,114513.96,0.00,2045.00,24271.41,31.62,49869107200.00,267137.64,0.00,52942.18
1787799631.396,10.59,2.78,6.33,53359.09,233051.58,0.00,2036.00,33979.05,1787.69,49878056960.00,10707338.23,0.10,42996.48
1787799634.438,9.34,2.77,5.62,20981.37,84126.39,0.00,2053.00,26369.77,0.00,49868632064.00,213810.41,0.01,17763.78
1787799637.482,8.48,2.16,5.40,19622.87,76871.96,0.00,2037.00,26195.74,0.00,49889828864.00,40424.13,0.00,15158.87
1787799640.519,6.17,2.40,2.48,61788.95,93141.83,0.00,3594.00,176797.70,0.00,48248791040.00,729966.61,0.00,66252.96
1787799643.568,6.28,4.21,2.99,41489.09,191816.32,0.00,2784.00,134030.44,31.37,49257308160.00,710807.90,0.00,37675.43
1787799646.603,11.03,5.18,3.94,79471.23,111331.77,0.00,2773.00,34870.42,15.84,49259937792.00,389191.56,0.00,82839.55
1787799649.644,7.94,1.69,4.92,40181.68,90498.63,0.00,2794.00,28106.80,15.75,49250496512.00,1012242.46,0.03,37347.90
1787799652.688,11.51,4.08,4.16,55220.57,87724.05,0.00,3158.00,62220.14,3148.23,48693395456.00,13227411.52,0.18,59440.24
1787799655.726,8.93,2.16,3.31,18962.95,98662.51,0.00,3164.00,12739.16,0.00,48697528320.00,839263.73,0.00,17894.39
1787799658.772,4.60,1.86,2.48,23135.26,79707.42,0.00,3147.00,17750.79,35.72,48715386880.00,162556.03,0.00,23148.53
1787799661.811,8.95,3.70,3.62,25010.65,81046.08,0.00,3151.00,29612.76,18.75,48712814592.00,404164.71,0.00,25493.34
1787799664.847,3.61,1.62,2.16,21918.30,76380.45,0.00,3151.00,13961.45,25.62,48713252864.00,1505640.46,0.04,21391.53
1787799667.884,5.41,1.94,2.71,18248.10,78747.89,0.00,3143.00,29857.28,2.97,48717946880.00,1803120.05,0.01,16484.69
1787799670.923,11.08,5.01,5.17,32914.04,83848.26,1.00,3114.00,35671.03,15.80,48734167040.00,351883.64,0.01,31117.90
1787799673.959,6.89,1.54,2.23,18526.94,82920.76,0.00,3141.00,22122.05,0.00,48714276864.00,161331.63,0.00,17037.76
1787799676.997,4.75,2.01,2.63,18414.55,60368.69,0.00,3144.00,5841.65,0.00,48713646080.00,16194.52,0.00,16865.46
1787799680.035,4.18,0.77,2.24,14830.04,72065.49,0.00,3137.00,12126.57,0.00,48712581120.00,60731.68,0.00,13692.02
1787799683.071,9.79,3.56,3.09,59700.50,124550.29,0.00,2635.00,22089.72,110.78,49237893120.00,486165.71,0.00,69265.09
1787799686.119,8.68,4.07,4.15,50382.34,129349.42,0.00,2625.00,25004.28,0.00,49246097408.00,104754.34,0.00,51966.97
1787799689.162,8.33,2.62,3.85,39710.75,105421.66,0.00,2628.00,33415.68,94.60,49246367744.00,411713.87,0.00,41454.45
1787799692.203,11.44,4.84,5.91,36756.76,84812.19,1.00,2640.00,25547.53,0.00,49242886144.00,241520.30,0.01,34610.18
1787799695.256,15.05,11.69,2.71,53880.05,91698.11,1.00,2728.00,109521.97,30.74,49168179200.00,661960.30,0.02,51911.08
1787799698.29,4.76,1.77,2.00,38731.73,84202.71,1.00,4325.00,14874.51,738.94,47555649536.00,3042864.27,0.01,39907.44
1787799701.335,7.67,3.31,3.31,35684.64,115261.72,0.00,3842.00,24567.28,125.05,48055361536.00,528324.05,0.00,42156.82
1787799704.36,9.55,4.36,4.98,71475.57,158715.26,0.00,3840.00,50408.96,30.86,48059953152.00,709424.33,0.01,73718.70
1787799707.404,8.36,2.32,5.25,31795.16,81850.51,0.00,3847.00,27194.52,15.82,48050176000.00,161996.42,0.00,28882.35
1787799710.441,6.64,2.01,4.55,34101.40,97999.58,0.00,3844.00,34668.12,63.19,48055992320.00,392266.86,0.01,31914.50
1787799713.472,7.26,2.73,4.29,38722.02,76959.11,0.00,3922.00,28947.47,0.00,47916544000.00,16348.12,0.00,34962.37
1787799716.508,14.46,6.25,6.56,57325.19,245166.75,0.00,3892.00,67898.24,2355.82,47951351808.00,11360407.42,0.07,54378.58
1787799719.547,8.44,4.39,4.62,33966.08,119619.68,0.00,3873.00,29088.45,51.23,47963570176.00,234047.46,0.00,34080.08
1787799722.588,7.98,2.54,4.24,48685.14,111636.36,0.00,3866.00,28014.37,35.50,47965511680.00,295400.99,0.00,49474.52
1787799725.626,9.00,3.30,4.92,30510.81,93175.44,0.00,3891.00,26454.44,55.09,47951036416.00,398950.56,0.01,28587.04
1787799728.676,10.37,4.52,2.60,49596.23,123649.65,0.00,3894.00,23645.89,0.00,47944724480.00,16073.28,0.00,58418.38
1787799731.71,9.23,3.46,4.31,43117.97,120829.20,0.00,3865.00,55146.12,0.00,47968669696.00,233991.58,0.00,48972.20
1787799734.752,8.90,3.62,3.54,54244.94,128122.45,0.00,3860.00,38203.26,77530.52,47990980608.00,317758337.36,18.70,62768.60
1787799737.797,8.05,5.61,3.69,50147.91,122879.31,0.00,3861.00,34284.07,0.00,47983820800.00,145094.79,0.00,56448.09
1787799740.842,9.11,3.00,5.61,57277.21,93899.12,0.00,3876.00,26990.57,0.00,47960399872.00,60468.96,0.00,53545.38
1787799743.88,7.32,1.24,5.49,41371.88,78840.69,0.00,3881.00,27304.61,0.00,47947976704.00,166319.43,0.00,36544.42
1787799746.925,10.28,2.47,5.32,38084.18,98852.04,0.00,3880.00,28640.13,9.87,47950041088.00,436682.78,0.00,34041.36
1787799749.964,7.44,1.77,5.15,26333.28,81335.52,0.00,3889.00,26993.73,0.00,47947051008.00,80631.76,0.00,23237.76
1787799753.002,6.99,2.08,4.31,26519.45,93008.26,0.00,3891.00,33433.62,0.00,47961501696.00,1521780.59,0.01,24025.49
1787799756.047,7.36,1.31,5.23,56667.56,80362.75,0.00,3892.00,29002.48,0.00,47945535488.00,169423.59,0.00,52701.96
1787799759.084,5.52,1.55,3.18,42348.22,87292.16,1.00,3260.00,137172.83,0.00,48615403520.00,24357.56,0.00,44727.71
1787799762.137,6.22,1.69,2.54,28008.70,77230.06,0.00,3304.00,22149.37,0.00,48622444544.00,209570.34,0.00,27664.64
1787799765.182,9.92,4.22,3.53,54480.24,115868.17,0.00,2980.00,30844.32,0.00,48942501888.00,213341.38,0.01,63058.40
1787799768.235,12.01,5.62,5.55,34497.76,80706.72,1.00,2477.00,12019.75,0.00,49471344640.00,16151.20,0.00,33884.11
1787799771.271,6.71,2.17,2.79,18115.76,77075.91,0.00,2479.00,22276.68,0.00,49479200768.00,386511.90,0.01,17347.57
1787799774.321,5.70,1.62,4.00,20750.62,81157.05,0.00,2134.00,120847.33,94.54,49799274496.00,552593.49,0.00,19121.55
1787799777.357,12.15,6.57,3.40,37152.86,152239.76,0.00,1945.00,22876.09,0.99,49986605056.00,2909901.47,0.02,42261.83
1787799780.4,8.93,4.47,4.62,34203.73,130007.08,0.00,1947.00,37077.44,46.32,49983414272.00,274489.17,0.00,42857.93
1787799783.438,6.87,1.69,3.93,26055.12,99489.92,0.00,1950.00,24313.32,15.77,49979985920.00,121127.93,0.00,28112.18
1787799786.475,8.17,1.16,5.39,20452.03,81565.41,0.00,1954.00,27087.50,0.00,49976098816.00,52539.07,0.00,17046.24
1787799789.515,9.25,3.23,5.85,19646.31,82396.64,0.00,1955.00,23197.98,0.00,49977942016.00,20149.05,0.00,16166.46
1787799792.553,9.40,1.77,5.46,19363.94,75731.05,0.00,1945.00,27168.03,0.00,49983930368.00,254175.01,0.00,14657.11
1787799795.586,8.39,1.71,4.82,19467.65,78471.09,0.00,1943.00,27275.18,0.00,49984454656.00,32578.31,0.00,14743.89
1787799798.631,8.57,3.00,3.61,32522.52,104335.69,0.00,1945.00,25034.74,0.00,49979928576.00,112905.38,0.00,34782.18
1787799801.674,7.17,1.15,5.07,19283.09,84222.14,0.00,1950.00,34361.86,0.00,49976950784.00,52330.98,0.00,14658.79
1787799804.714,11.63,3.95,4.49,35303.14,76107.88,0.00,3780.00,257955.76,0.00,48061263872.00,77103.58,0.00,35013.58
1787799807.752,9.67,4.24,3.09,43089.00,141335.36,0.00,3037.00,62795.75,0.00,48880128000.00,457066.93,0.00,51253.10
1787799810.79,11.18,4.56,3.71,45313.24,119494.54,0.00,3034.00,23225.43,0.00,48879316992.00,52675.18,0.00,58920.61
1787799813.825,8.83,2.62,3.09,41043.16,113657.68,0.00,3026.00,27030.67,30.64,48882999296.00,149793.45,0.00,50403.18
1787799816.866,8.09,3.16,3.47,37863.06,110676.04,0.00,3028.00,25998.29,0.00,48881688576.00,60631.43,0.00,45188.86
1787799819.915,9.12,2.53,4.45,29639.45,101062.94,0.00,3029.00,25546.37,15.73,48884604928.00,217416.95,0.00,35365.21
1787799822.952,7.90,2.39,3.31,54725.14,101938.34,0.00,3031.00,33376.06,15.78,48881737728.00,412137.23,0.01,62783.68
1787799825.996,8.29,2.54,4.30,36505.12,100586.60,0.00,3019.00,20792.46,0.00,48888070144.00,197469.86,0.00,42102.38
1787799829.029,8.72,1.47,4.94,62881.18,87707.90,0.00,3052.00,27771.15,0.00,48850300928.00,52594.91,0.00,62474.66
1787799832.071,8.85,3.46,4.22,41321.80,115314.16,1.00,3048.00,24207.95,0.00,48860758016.00,173032.64,0.01,49076.92
1787799835.111,9.67,3.61,3.69,42864.02,115012.47,1.00,3060.00,24703.48,0.00,48803721216.00,68480.15,0.00,51731.06
1787799838.155,9.97,4.33,3.55,68319.69,126925.65,0.00,3059.00,25908.87,0.00,48804909056.00,133773.25,0.00,74321.15
1787799841.194,10.51,2.25,3.88,35019.61,110048.00,0.00,3062.00,27530.88,0.00,48803090432.00,4070.85,0.00,38456.41
1787799844.235,8.09,2.31,4.15,35650.44,96856.88,0.00,3047.00,35681.94,0.00,48816062464.00,52409.23,0.00,38509.37
1787799847.26,8.62,3.42,3.89,41350.37,112753.74,0.00,3047.00,25599.93,15.92,48815562752.00,126353.77,0.00,50756.51
1787799850.295,10.64,4.40,5.17,108077.48,122157.60,0.00,3029.00,71583.04,0.00,48831733760.00,348252.28,0.00,113768.06
1787799853.336,8.64,2.38,5.00,42174.15,97901.22,0.00,3043.00,27269.19,0.00,48823611392.00,173313.63,0.00,45733.12
1787799856.374,6.84,2.23,4.61,34823.55,91419.94,0.00,3035.00,26986.04,0.00,48832507904.00,20129.45,0.00,34029.70
1787799859.415,7.73,3.62,3.39,40695.30,117788.89,0.00,3003.00,23402.71,31.57,48865255424.00,145459.01,0.00,52182.37
1787799862.453,7.74,3.56,3.41,44389.33,119328.91,0.00,3045.00,25182.70,31.71,48818470912.00,340986.19,0.01,55052.23
1787799865.495,7.74,2.55,5.09,30047.33,106058.80,0.00,3024.00,35621.52,0.00,48849604608.00,12133.87,0.00,31625.52
1787799868.524,9.43,2.88,5.36,54351.46,109801.49,0.00,3033.00,28340.97,15.92,48830029824.00,81517.24,0.00,50691.73
1787799871.564,6.33,3.94,2.24,31987.88,81483.84,0.00,2847.00,20277.62,15.80,49041010688.00,161825.90,0.01,29195.34
1787799874.605,3.64,2.09,2.09,21145.62,75721.01,0.00,2655.00,60434.47,35.68,49224458240.00,296381.67,0.00,21150.89
1787799877.652,6.99,4.16,3.54,39487.06,120089.85,0.00,2474.00,27012.43,15.76,49422352384.00,883819.65,0.01,45521.37
1787799880.7,7.40,3.78,3.55,47132.26,90058.11,0.00,2580.00,307616.62,0.00,49316876288.00,238512.65,0.00,48451.05
1787799883.742,8.29,3.77,3.54,27130.48,194405.58,0.00,2573.00,13904.96,0.98,49331560448.00,717933.68,0.01,18296.58
1787799886.777,8.36,3.32,2.94,35399.52,103566.81,0.00,2043.00,65611.75,31.67,49881468928.00,170269.27,0.00,41339.58
1787799889.815,8.97,2.69,4.45,42692.97,98989.75,0.00,2047.00,25270.13,15.72,49870921728.00,116706.36,0.00,44285.40
1787799892.859,7.85,1.39,5.09,42966.36,81208.91,0.00,2065.00,34641.21,0.00,49840119808.00,198137.07,0.00,37945.53
1787799895.919,6.53,2.61,2.76,43092.27,88817.89,0.00,3374.00,135033.65,0.00,48473948160.00,48278.43,0.00,44230.59
1787799898.968,5.52,2.54,2.46,35669.30,99056.90,0.00,4153.00,8411.41,13.77,47662456832.00,108799.38,0.02,38071.83
1787799902.007,6.24,2.39,2.85,17479.63,80781.99,0.00,4148.00,12554.26,69.09,47664709632.00,489196.81,0.01,16567.95
1787799905.038,9.74,3.82,3.43,41279.44,107698.71,0.00,3608.00,70647.28,15.95,48229507072.00,114309.84,0.00,47283.87
1787799908.077,5.92,1.46,4.83,32286.97,84002.70,0.00,3606.00,27748.09,0.00,48230576128.00,333998.77,0.01,27174.36
1787799911.115,9.29,1.93,5.85,39313.26,77221.99,0.00,3592.00,52412.43,0.00,48241606656.00,516759.59,0.00,34554.92
1787799914.173,8.23,4.24,2.39,71551.59,87795.07,0.00,4281.00,143068.66,0.00,47518941184.00,214115.27,0.00,70610.61
1787799917.213,7.72,2.71,3.80,19330.24,79956.12,0.00,4262.00,22308.31,0.00,47546986496.00,138016.20,0.01,16981.29
1787799920.251,4.49,1.00,2.31,20356.98,82508.21,0.00,4270.00,12021.19,0.00,47534661632.00,0.00,0.00,19467.80
1787799923.303,11.74,4.54,4.92,47275.85,123856.16,0.00,3595.00,58698.42,11839.62,48115122176.00,49151272.39,0.29,46251.13
1787799926.338,14.16,4.41,9.29,46317.06,227059.25,0.00,3509.00,56992.50,2477.59,48134029312.00,10977318.16,0.06,35395.89
1787799929.373,10.35,6.05,4.96,56460.92,119405.55,0.00,3198.00,372137.27,0.00,48465211392.00,4127970.01,0.03,53727.14
1787799932.409,6.60,2.31,4.01,41531.63,217756.11,0.00,4081.00,12315.50,1.97,47536558080.00,274878.76,0.00,42243.48
1787799935.445,6.17,1.93,3.94,19699.30,87140.74,0.00,4070.00,14718.11,0.00,47548477440.00,85063.02,0.00,19800.75
1787799938.481,6.79,2.55,2.47,18308.09,82763.63,0.00,3913.00,69495.70,0.00,47721992192.00,319536.43,0.02,18620.52
1787799941.528,4.91,1.55,2.55,30749.45,81864.34,0.00,3698.00,28991.75,7.91,47925481472.00,81030.50,0.00,30045.51
1787799944.57,13.01,5.61,5.69,58981.46,109014.08,0.00,3291.00,149696.28,0.00,48363163648.00,161260.29,0.00,57196.35
1787799947.598,8.04,1.32,4.51,29961.12,82260.21,0.00,3273.00,26675.57,0.00,48380985344.00,354684.27,0.01,28589.92
1787799950.641,7.48,1.23,5.38,43025.10,99524.34,0.00,3281.00,29285.29,0.00,48372903936.00,229740.12,0.00,40332.64
1787799953.681,10.83,4.09,5.09,39419.37,102353.14,0.00,3195.00,498833.21,9.87,48906928128.00,970468.74,0.01,37850.43
1787799956.723,6.08,2.86,3.17,26579.92,81233.81,0.00,4339.00,23562.18,35.62,47700774912.00,166160.15,0.00,26330.94
1787799959.771,6.10,2.77,3.23,24700.82,101684.67,1.00,4323.00,23777.09,0.00,47714430976.00,201470.72,0.00,24336.55
1787799962.807,8.86,4.40,3.32,34465.71,91238.80,1.00,3779.00,197879.79,0.00,48386334720.00,218281.51,0.01,32225.58
1787799965.843,6.08,3.00,3.24,54436.70,111549.55,1.00,3778.00,26080.37,0.00,48377311232.00,64598.18,0.00,62603.72
1787799968.882,7.88,1.32,5.21,22412.46,75493.23,0.00,3778.00,26581.66,0.00,48381493248.00,109990.62,0.00,17392.22
1787799971.919,13.24,9.10,3.39,84607.89,103027.86,1.00,3153.00,265572.74,0.00,49050181632.00,28294.08,0.00,85767.32
1787799974.964,6.50,3.24,3.47,38465.31,77857.96,0.00,4334.00,21669.41,0.99,47799173120.00,20204.40,0.00,38192.89
1787799978.003,6.46,2.01,2.24,16199.94,92726.53,0.00,4375.00,14856.62,0.00,47761907712.00,101292.90,0.00,15442.67
1787799981.029,6.71,2.41,2.80,45365.89,102596.61,0.00,4079.00,76786.46,0.00,47978053632.00,326656.72,0.01,44330.24
1787799984.075,7.91,1.77,4.70,29514.64,95076.66,0.00,3663.00,33044.25,0.00,48409575424.00,205955.71,0.00,28697.82
1787799987.109,9.02,1.09,5.76,26905.92,85164.88,0.00,3758.00,26638.82,0.00,48401825792.00,216363.66,0.00,22481.37
1787799990.153,11.97,9.06,3.84,91725.94,106787.17,1.00,3103.00,105177.92,0.00,49107677184.00,225486.87,0.00,93029.64
1787799993.194,5.87,2.08,2.85,16295.10,80784.10,0.00,4386.00,22177.88,0.00,47750656000.00,129092.24,0.03,15151.19
1787799996.227,7.06,2.80,3.04,16532.92,75887.88,0.00,4376.00,12125.01,0.00,47751512064.00,28561.30,0.00,15829.16
1787799999.261,5.71,2.24,2.55,25134.73,81205.36,0.00,4364.00,22267.24,0.00,47764873216.00,24275.38,0.00,23615.91
1787800002.304,11.46,4.46,7.30,41467.93,91819.24,0.00,3492.00,84068.04,0.00,48680697856.00,72522.89,0.00,40781.09
1787800005.347,10.05,2.15,6.61,74158.96,84741.57,0.00,3491.00,58785.14,0.98,48668254208.00,88708.81,0.00,70758.77
1787800008.388,7.46,2.08,5.55,35771.52,82840.82,0.00,3473.00,30502.71,0.00,48684539904.00,407875.41,0.01,30933.49
1787800011.421,9.66,8.49,1.16,20688.09,107990.96,0.00,3144.00,50632.24,0.00,49034534912.00,445033.53,0.00,16854.10
1787800014.454,7.12,6.10,0.77,9979.13,69549.18,0.00,2984.00,19735.65,0.00,49197531136.00,21442306.06,0.04,7090.99
1787800017.508,15.19,9.29,4.37,54174.56,125850.11,0.00,2516.00,50569.02,157.23,50042650624.00,873459.63,0.01,54982.72
1787800020.544,8.09,4.61,3.46,50812.12,116390.77,0.00,2525.00,33234.53,65.01,50047864832.00,441262.15,0.01,54016.91
1787800023.591,6.59,3.07,2.61,37126.33,117069.56,0.00,2531.00,25648.88,27.51,50045825024.00,177068.25,0.00,43476.01
1787800026.627,9.57,4.13,4.44,47409.61,111585.10,0.00,2524.00,34164.79,63.80,50047406080.00,285831.41,0.00,50320.74
1787800029.664,7.11,2.63,4.33,50177.80,110601.91,0.00,2494.00,35864.06,63.38,50069360640.00,344805.25,0.00,56636.41
1787800032.702,7.78,2.86,4.33,37695.22,113650.15,1.00,2501.00,33644.94,62.28,50066784256.00,275352.06,0.00,42574.49
1787800035.743,6.29,1.46,4.84,42123.18,84148.00,1.00,2498.00,27923.77,0.00,50061754368.00,491488.22,0.01,37834.86
1787800038.789,8.54,4.02,3.32,42657.94,139091.91,0.00,2495.00,26288.14,0.00,50065158144.00,60719.66,0.01,51796.99
1787800041.82,8.98,4.28,5.13,33443.13,122803.87,0.00,2508.00,26362.15,0.00,50059464704.00,289303.26,0.00,33192.79
1787800044.859,8.47,2.15,5.54,35492.79,141829.31,0.00,2645.00,30858.07,0.00,49586552832.00,157357.84,0.00,29236.69
1787800047.899,8.86,1.85,6.01,34236.81,171631.86,0.00,2657.00,34602.77,0.00,49571196928.00,177777.29,0.01,27347.39
1787800050.941,19.04,14.75,4.15,67299.63,167836.25,0.00,3291.00,292257.96,0.00,48958013440.00,34508301.92,0.34,64842.62
1787800053.977,7.97,2.79,4.88,33746.89,172414.07,0.00,3012.00,70943.49,63.42,49334370304.00,4128186.05,9.17,34920.74
1787800057.013,7.95,3.93,3.54,41338.88,194840.27,0.00,3046.00,24346.77,78.96,49334464512.00,363824.74,0.00,46985.94
1787800060.053,6.30,2.46,4.60,31434.53,148529.50,0.00,3447.00,22204.04,0.00,48913920000.00,281609.38,0.00,27631.23
1787800063.085,4.69,1.16,3.17,19922.76,129828.10,0.00,3280.00,12148.77,0.00,49087078400.00,0.00,0.00,16541.25
1787800066.126,5.21,2.09,3.32,26975.16,136045.99,0.00,3277.00,22239.91,15.83,49089187840.00,101292.85,0.00,25128.14
1787800069.172,11.45,5.39,5.93,62562.27,328386.80,0.00,3216.00,93117.22,75.97,49140248576.00,12723236.74,0.29,49396.21
1787800072.218,7.58,3.02,3.40,24227.84,173252.60,0.00,3230.00,12876.36,15.84,49131233280.00,259570.95,0.00,21938.89
1787800075.261,6.69,1.46,3.77,21572.68,149549.08,0.00,3425.00,29824.97,0.00,48762503168.00,685380.77,0.01,17444.69
1787800078.297,7.33,2.16,3.62,28453.71,157877.41,0.00,3437.00,12145.71,6.90,48757727232.00,60585.54,0.00,24646.65
1787800081.334,6.05,3.48,3.01,48206.24,173273.21,1.00,2941.00,22744.48,63.26,49276661760.00,882624.24,0.01,55731.81
1787800084.379,13.20,6.23,6.77,46845.14,197502.50,0.00,2961.00,22580.80,15.74,49254965248.00,112847.89,0.08,52864.14
1787800087.419,7.85,1.93,6.01,52769.89,172275.55,2.00,3001.00,22124.28,16.76,49259999232.00,339298.85,0.00,48267.66
1787800090.459,16.45,4.10,10.59,119087.98,147561.22,0.00,2954.00,77561.41,0.00,49290174464.00,1186882.39,0.01,111220.40
1787800093.496,8.61,2.92,4.77,36519.77,79767.95,1.00,4006.00,86102.43,0.00,48949018624.00,237999.92,0.00,31855.30
1787800096.538,5.86,2.77,3.00,37164.33,118253.17,0.00,3431.00,31241.53,0.00,48821174272.00,669068.06,0.00,44209.80
1787800099.579,9.96,4.01,4.01,39066.35,118648.12,0.00,2597.00,25002.62,31.54,49745682432.00,924620.00,0.03,48192.67
1787800102.614,7.69,3.46,4.15,51482.88,129214.02,0.00,2656.00,28719.37,0.00,49590341632.00,189453.54,0.00,50373.79
1787800105.638,11.06,6.31,4.28,53600.47,78753.61,0.00,3233.00,281957.84,15.95,48983314432.00,392049.18,0.01,51103.17
1787800108.697,5.19,3.07,2.15,35656.21,123561.15,0.00,2901.00,24624.98,47.16,49340743680.00,209277.92,0.00,46087.72
1787800111.729,3.62,1.31,2.78,22745.94,88169.46,0.00,3382.00,12235.86,0.00,48830648320.00,924134.68,0.01,23889.90
1787800114.77,6.56,2.55,3.09,17309.14,80917.47,0.00,3387.00,22249.81,79.15,48831062016.00,397120.96,0.00,16263.31
1787800117.813,7.44,2.70,3.40,39414.35,79617.07,0.00,3389.00,19628.04,15.83,48831037440.00,101290.71,0.00,37139.25
1787800120.849,9.64,3.64,4.56,27252.05,81999.73,0.00,3390.00,12563.55,0.00,48830357504.00,16223.30,0.00,27602.68
1787800123.899,10.34,6.10,4.63,34590.24,194060.06,0.00,3385.00,24811.91,0.00,48832847872.00,408735.95,0.01,23249.27
1787800126.937,5.30,1.31,3.86,22959.93,78152.53,0.00,3391.00,12494.82,0.00,48830443520.00,16158.74,0.00,22798.58
1787800129.971,8.43,3.31,4.84,30348.92,103336.91,1.00,2993.00,26908.03,0.00,49303695360.00,120942.93,0.01,30369.12
1787800133.01,9.47,2.77,5.00,63223.59,110164.72,0.00,3064.00,27386.42,0.00,49161293824.00,64496.07,0.00,57332.68
1787800136.046,11.58,6.17,4.01,46029.36,157940.94,0.00,4298.00,38578.86,2868.01,47857414144.00,12813281.01,0.18,53344.24
1787800139.085,11.34,6.61,4.31,35204.18,117126.14,0.00,4319.00,33985.70,62.01,47849451520.00,282200.36,0.01,44231.32
1787800142.123,8.07,4.02,3.40,41456.30,113834.75,0.00,4317.00,22837.36,40.54,47851089920.00,198464.98,0.00,50818.36
1787800145.154,10.87,4.82,4.28,39042.91,124532.29,0.00,4317.00,31722.99,1.00,47847428096.00,411891.05,0.03,46483.51
1787800148.194,8.40,4.23,3.08,35844.19,114686.63,0.00,4346.00,23174.19,7.88,47816433664.00,108873.39,0.01,42793.11
1787800151.232,9.83,4.84,3.76,54803.54,119115.01,0.00,4323.00,50060.88,31.45,47836286976.00,152991.86,0.00,63436.23
1787800154.267,9.50,3.88,3.49,36828.98,113548.08,0.00,4332.00,25187.33,31.78,47830028288.00,166799.13,0.00,44466.98
1787800157.311,10.31,4.01,6.10,37728.44,90774.30,0.00,4326.00,27863.60,15.81,47831584768.00,246849.18,0.00,35228.97
1787800160.35,7.63,1.39,4.33,48009.00,77467.93,0.00,4336.00,20845.22,0.00,47825063936.00,93198.55,0.00,45023.06
1787800163.39,10.95,5.24,4.93,47372.23,133962.11,1.00,4433.00,28656.86,33.53,47713800192.00,9177326.58,0.12,51492.05
1787800166.425,9.44,3.47,3.70,45881.43,113241.01,0.00,4418.00,33937.05,94.80,47719079936.00,428769.14,0.01,47244.35
1787800169.47,10.68,2.62,5.78,39407.56,78196.86,0.00,4423.00,28080.78,31.55,47714390016.00,133282.64,0.00,35648.88
1787800172.505,7.24,2.01,3.02,29643.20,80580.66,0.00,3627.00,219722.80,72.39,48529485824.00,1255129.32,0.01,30308.19
1787800175.552,9.36,3.84,4.31,37960.89,116481.42,0.00,3436.00,66065.01,15.74,48732311552.00,189432.49,0.01,48886.53
1787800178.587,7.43,1.15,5.77,35415.02,114798.55,0.00,3424.00,39849.29,1140.07,48744255488.00,5461120.41,0.03,29711.46
1787800181.623,9.24,2.23,4.76,35975.86,85574.64,0.00,3423.00,27813.53,0.00,48738893824.00,213590.27,0.00,33171.61
1787800184.656,10.86,3.70,5.94,46496.29,111989.70,0.00,3429.00,28859.43,0.00,48737386496.00,258767.47,0.00,42866.23
1787800187.697,7.20,2.00,5.08,40421.87,88611.76,0.00,3427.00,34525.40,1.97,48734838784.00,248261.16,0.01,38614.50
1787800190.728,7.78,1.32,5.52,38999.43,77767.27,0.00,3435.00,27457.45,0.00,48722964480.00,590339.06,0.01,34423.35
1787800193.762,20.98,17.75,2.93,66258.30,110362.37,1.00,3314.00,34961.51,3.95,48872259584.00,5796372.57,0.05,64726.48
1787800196.808,5.50,1.69,3.46,25270.46,85329.15,0.00,2992.00,98831.33,15.74,49224499200.00,451435.98,0.00,24708.71
1787800199.842,9.46,3.31,4.78,37506.91,115220.30,0.00,3009.00,24955.58,13.82,49205714944.00,109159.81,0.00,45419.58
1787800202.884,8.13,3.47,3.62,43677.94,110918.35,1.00,3359.00,178770.59,0.00,48945565696.00,258690.74,0.01,48188.23
1787800205.923,7.01,2.85,3.16,20216.55,84535.94,0.00,3442.00,22316.22,0.00,48795095040.00,416074.97,0.01,19333.06
1787800208.957,4.80,1.16,2.86,26706.18,85027.55,0.00,3449.00,29672.76,0.00,48792395776.00,85114.63,0.00,25013.58
1787800211.993,8.02,3.39,3.47,53134.14,114641.47,1.00,2862.00,70804.08,14.80,49398734848.00,185911.27,0.00,58760.83
1787800215.024,8.89,2.87,3.57,39045.18,113987.28,0.00,2881.00,32018.24,15.90,49391472640.00,130255.27,0.00,45479.04
1787800218.059,9.63,4.54,3.93,70768.16,133467.31,0.00,2874.00,25875.62,13.80,49383272448.00,355253.13,0.00,81056.49
1787800221.095,8.78,3.54,3.62,36001.66,114767.81,0.00,2888.00,21361.52,30.60,49378222080.00,222380.89,0.01,41412.08
1787800224.135,9.06,5.80,3.33,64237.37,160761.22,3.00,2933.00,26639.93,46.53,49273868288.00,344653.09,0.00,75715.15
1787800227.171,8.99,3.55,5.32,61246.84,106717.96,0.00,2935.00,26373.11,15.79,49266814976.00,303121.08,0.01,62265.79
1787800230.208,5.39,3.26,2.87,60061.43,112141.25,0.00,2930.00,21269.73,0.00,49266757632.00,44790.09,0.00,69344.93
1787800233.248,8.15,3.07,3.38,43210.30,110133.30,0.00,2930.00,25637.12,0.00,49269620736.00,124671.57,0.00,51775.46
1787800236.287,7.90,2.47,4.01,60794.67,112266.98,0.00,2932.00,34237.22,0.00,49269547008.00,88951.24,0.00,65124.84
1787800239.325,8.95,2.23,4.61,27714.41,91971.71,0.00,2942.00,27154.52,7.87,49261256704.00,124944.63,0.00,25562.39
1787800242.374,7.03,2.47,4.39,44028.28,85098.98,0.00,2944.00,26558.09,0.00,49266536448.00,52547.75,0.00,43654.28
1787800245.425,7.66,2.93,4.93,62024.02,99737.61,0.00,2928.00,50435.78,31.58,49275539456.00,274880.69,0.01,64585.10
1787800248.452,8.23,1.87,5.37,36617.49,73201.09,0.00,2932.00,26714.59,0.00,49269723136.00,240786.05,0.00,34292.19
1787800251.487,7.49,1.16,5.24,26614.72,76748.87,0.00,2948.00,26324.72,0.00,49262321664.00,181811.03,0.00,22663.52
1787800254.53,10.37,3.53,5.38,36742.27,115165.80,0.00,2941.00,27749.84,0.00,49269460992.00,426745.76,0.00,35735.22
1787800257.57,7.74,2.38,3.91,50184.81,114888.84,0.00,2941.00,33016.89,0.00,49263128576.00,16102.54,0.00,51764.97
1787800260.618,9.28,2.00,4.84,58434.05,79851.20,0.00,2925.00,29160.55,0.00,49268088832.00,56321.41,0.00,55080.61
1787800263.655,6.08,2.39,3.08,34166.58,82556.49,0.00,4427.00,66263.05,0.00,47716577280.00,32332.30,0.00,34101.74
1787800266.694,6.66,3.93,2.16,44070.85,126386.25,0.00,4276.00,26771.58,0.00,47874117632.00,525561.51,0.04,57270.75
1787800269.738,5.43,2.62,2.55,60007.38,83064.65,8.00,3659.00,322475.85,509.68,48515960832.00,2306142.06,0.05,60716.29
1787800272.784,4.87,2.46,3.23,49370.56,129049.48,0.00,3361.00,25921.34,75.81,48832032768.00,399225.50,0.01,60228.97
1787800275.81,8.41,2.65,4.28,36410.85,93503.11,0.00,3360.00,26618.42,31.87,48830726144.00,134623.92,0.00,39711.90
1787800278.847,7.17,2.46,4.15,39485.25,105240.56,0.00,3354.00,33815.28,34.42,48832700416.00,2058196.73,0.01,40779.09
1787800281.87,6.94,2.02,4.12,32864.69,87151.46,1.00,3371.00,27329.39,15.91,48815828992.00,154817.45,0.00,32434.92
1787800284.908,6.82,4.08,3.16,35971.25,137383.68,1.00,2580.00,71041.63,36.47,49660997632.00,480428.91,0.00,43730.12
1787800287.95,4.48,1.77,2.23,30808.81,75962.63,0.00,2952.00,21951.08,0.00,49268191232.00,20089.29,0.00,33229.36
1787800290.986,12.95,8.44,4.03,91062.76,104540.83,0.00,2451.00,52483.58,31.73,49811861504.00,142137.46,0.00,93537.21
1787800294.021,5.94,2.47,3.63,39769.83,121431.62,0.00,2493.00,23977.94,0.00,49814650880.00,48582.53,0.00,47067.05
1787800297.059,10.73,5.70,4.70,63487.77,338856.13,0.00,2458.00,62029.51,5927.67,49863012352.00,26161183.46,0.18,65723.81
1787800300.094,8.52,3.19,4.98,45726.56,107464.33,0.00,2456.00,33245.26,0.00,49853263872.00,57148.48,0.00,49378.35
1787800303.128,7.72,1.61,5.15,26472.31,78002.62,0.00,2474.00,27269.10,0.00,49826332672.00,528477.14,0.00,20966.77
1787800306.171,11.79,4.70,6.93,32190.00,75628.86,0.00,2469.00,34453.38,0.00,49824141312.00,436082.18,0.01,27358.89
1787800309.216,9.69,3.77,5.62,45114.23,79407.54,0.00,3523.00,184591.40,0.00,48786743296.00,733669.17,0.01,38335.00
1787800312.256,7.00,2.23,3.38,50265.70,98174.64,0.00,3703.00,193519.21,0.00,48517554176.00,643551.79,0.01,51081.86
1787800315.295,13.71,7.78,5.78,83108.25,161784.46,0.00,3126.00,36584.23,2526.11,49043091456.00,10685688.15,0.02,91110.13
1787800318.335,8.08,2.78,5.17,40265.04,116322.76,0.00,3137.00,28164.01,15.80,49037180928.00,101097.00,0.01,37842.90
1787800321.377,4.72,2.16,2.31,22916.86,90094.97,1.00,3144.00,98821.07,0.00,49070182400.00,20216.12,0.00,20332.29
1787800324.413,7.57,3.61,3.45,36660.43,117113.58,0.00,3005.00,25057.81,29.47,49225768960.00,305777.96,0.00,45077.01
1787800327.447,7.62,4.16,3.16,39459.05,136141.17,0.00,2998.00,34668.42,78.96,49229889536.00,776165.12,0.01,49117.78
1787800330.49,10.08,3.56,5.34,94542.62,118682.54,1.00,2978.00,65629.86,0.99,49248628736.00,808303.82,0.01,100216.61
1787800333.533,7.77,2.70,3.86,30095.28,101725.19,1.00,2981.00,27174.52,0.00,49249472512.00,92927.42,0.00,32716.31
1787800336.575,8.67,3.85,4.24,41978.11,107722.34,0.00,2958.00,26420.39,0.00,49272848384.00,56561.30,0.00,45528.85
1787800339.62,7.60,1.53,4.83,37442.34,106578.35,0.00,2977.00,28293.93,15.70,49257021440.00,442074.86,0.00,38004.18
1787800342.67,8.11,3.30,3.76,36082.16,115563.48,0.00,2978.00,22047.26,13.75,49250131968.00,56320.31,0.00,39654.81
1787800345.705,9.23,5.18,3.10,59882.40,155878.88,0.00,3040.00,25541.35,0.00,49145585664.00,40571.38,0.00,71032.85
1787800348.752,8.18,3.53,3.22,44159.15,137012.96,0.00,3040.00,32773.72,15.71,49154555904.00,124680.96,0.00,55453.25
1787800351.789,8.56,2.70,3.85,36689.23,113239.35,0.00,3043.00,24977.57,0.00,49147977728.00,40420.42,0.00,44283.72
1787800354.831,6.25,4.02,2.39,41237.05,111123.65,0.00,3046.00,22304.40,31.63,49143934976.00,498011.74,0.01,51927.57
1787800357.863,9.76,3.94,3.25,40337.44,112398.82,1.00,3046.00,25657.50,17.80,49145974784.00,733330.27,0.01,48422.16
1787800360.904,8.08,3.08,4.39,57600.89,116633.55,1.00,3043.00,24906.68,0.00,49142587392.00,262349.85,0.01,66875.28
1787800363.929,10.60,5.52,3.58,73976.47,233889.17,0.00,3039.00,26897.27,16.93,49149743104.00,795445.47,0.01,72514.13
1787800366.973,6.01,3.54,2.08,38783.38,127633.98,1.00,3058.00,25027.20,0.00,49120120832.00,60590.71,0.00,49950.98
1787800370.009,7.62,1.85,5.55,34308.13,90987.92,0.00,3061.00,35331.71,0.00,49111871488.00,246622.17,0.00,29963.13
1787800373.051,5.41,2.01,3.09,26861.40,87693.64,0.00,3176.00,97566.65,0.00,48997826560.00,16182.42,0.00,28993.14
1787800376.093,10.84,6.68,4.22,64319.31,109064.49,0.00,3849.00,226947.36,0.00,48289660928.00,623730.93,0.01,68477.63
1787800379.127,5.55,1.78,2.55,40332.92,84994.98,0.00,3837.00,12228.73,0.00,48306364416.00,16227.06,0.00,44533.43
1787800382.17,9.85,4.77,4.38,45894.31,107192.09,0.00,3328.00,25588.42,15.76,48835416064.00,157318.14,0.01,52756.95
1787800385.209,8.10,2.01,4.80,28597.63,88987.90,0.00,3332.00,26483.80,15.84,48828895232.00,158160.23,0.01,27522.10
1787800388.249,7.84,1.23,5.09,28292.36,75943.37,0.00,3332.00,27159.36,0.00,48827899904.00,230420.81,0.01,23981.15
1787800391.289,8.98,3.77,4.54,98204.01,105241.96,0.00,5306.00,178539.56,0.00,46760124416.00,234205.33,0.00,101597.91
1787800394.325,6.40,1.71,2.17,15480.43,64727.66,0.00,5320.00,12121.42,0.00,46745948160.00,0.00,0.00,14780.85
1787800397.359,5.45,2.32,2.93,38887.01,108151.70,0.00,4795.00,118082.06,0.00,47292792832.00,129434.43,0.01,43203.17
1787800400.392,9.62,1.87,6.53,29235.43,81294.51,1.00,4809.00,28647.66,31.83,47278182400.00,301448.36,0.00,24980.98
1787800403.435,12.24,6.78,4.16,57581.80,122368.72,0.00,4570.00,31922.92,0.00,47531085824.00,1579855.49,0.01,65892.23
1787800406.477,8.87,4.02,4.18,67487.96,104624.64,1.00,5300.00,23032.41,0.00,46761947136.00,16215.32,0.00,69744.87
1787800409.523,6.80,2.09,3.25,15505.50,78830.68,0.00,5301.00,17051.30,0.00,46768369664.00,0.00,0.00,13708.73
1787800412.564,3.76,1.39,2.39,28067.51,67817.70,0.00,4754.00,115837.40,0.00,47333072896.00,267218.07,0.01,27329.15
1787800415.588,9.37,2.49,4.27,28839.69,97840.87,1.00,4765.00,25967.95,0.00,47332597760.00,105932.85,0.00,30543.48
1787800418.616,11.05,1.71,6.15,50706.46,87199.16,1.00,4769.00,35176.08,0.00,47320391680.00,61236.46,0.00,46631.85
1787800421.66,7.84,3.77,3.16,41535.03,123955.91,0.00,4463.00,22369.26,0.00,47643103232.00,32279.19,0.00,52749.57
1787800424.688,8.03,2.80,3.58,22354.23,97300.62,0.00,5308.00,22362.20,0.00,46758830080.00,228468.75,0.00,19895.38
1787800427.727,6.30,1.93,3.01,20703.99,80900.91,0.00,5298.00,22022.49,0.00,46762762240.00,250814.26,0.02,19531.89
1787800430.767,7.28,2.56,3.10,39113.60,88012.05,0.00,4566.00,164060.42,0.00,47542534144.00,475917.52,0.01,42476.79
1787800433.804,9.53,4.08,3.70,50754.01,114615.06,0.00,4588.00,24628.68,15.77,47508758528.00,113075.03,0.00,59908.74
1787800436.852,11.21,4.64,4.49,45279.35,130458.64,2.00,4598.00,27498.68,0.00,47495868416.00,101501.86,0.00,49455.53
1787800439.883,10.18,2.10,5.43,37872.64,84717.75,1.00,4607.00,34745.98,0.00,47484465152.00,297169.06,0.01,34507.46
1787800442.926,8.69,4.17,3.55,57629.12,104679.53,0.00,4265.00,371560.02,0.00,47851503616.00,89032.29,0.00,60731.73
1787800445.966,5.72,1.31,2.55,42470.07,82939.57,0.00,5164.00,12076.64,0.00,46901948416.00,145893.22,0.00,41078.03
1787800449.013,11.89,3.07,6.45,37444.91,71485.83,0.00,4591.00,26858.53,0.00,47499108352.00,0.00,0.00,34040.15
1787800452.054,6.46,1.47,4.80,23249.05,83369.40,0.00,4569.00,26230.28,0.00,47537803264.00,20304.50,0.00,18424.12
1787800455.092,6.43,1.39,4.93,39591.92,76372.32,0.00,4590.00,26327.91,0.00,47510966272.00,16151.44,0.00,35022.87
1787800458.132,9.63,4.86,3.94,45431.24,121901.00,0.00,3830.00,120286.99,0.00,48433451008.00,323670.66,0.01,55249.55
1787800461.178,9.23,4.87,4.10,31594.23,98332.44,0.00,4774.00,121286.48,0.00,47320977408.00,287956.25,0.00,32465.37
1787800464.218,7.44,1.39,5.24,25396.69,79522.12,0.00,4587.00,27239.93,0.00,47518998528.00,109184.83,0.00,21171.80
1787800467.254,9.01,2.56,5.27,34043.08,110893.24,1.00,4580.00,35520.28,0.00,47519776768.00,93461.48,0.00,29332.19
1787800470.3,12.27,4.45,4.61,48774.34,83168.52,0.00,4150.00,452843.87,0.00,47990067200.00,1956926.80,0.06,44860.47
1787800473.34,7.77,2.63,2.32,69022.54,80130.52,0.00,4304.00,221082.76,0.00,47816830976.00,2777253.71,0.02,73451.40
1787800476.381,10.58,3.85,4.39,41131.58,124344.89,0.00,4153.00,24358.48,10.85,47975948288.00,230355.79,0.00,51348.34
1787800479.432,9.41,4.53,3.69,56532.51,114339.83,0.00,4154.00,25676.30,47.22,47974998016.00,213539.28,0.00,64797.88
1787800482.472,8.06,3.23,3.31,39169.93,121308.42,0.00,4144.00,31615.97,0.00,47993401344.00,16131.92,0.00,47249.60
1787800485.511,9.77,4.24,4.85,58134.40,111075.05,0.00,4147.00,49649.42,64.11,47978815488.00,456498.52,0.01,63745.40
1787800488.555,13.27,5.62,5.62,43357.32,83947.13,0.00,4142.00,33965.34,31.55,47989166080.00,436144.52,0.01,44319.44
1787800491.6,8.75,3.61,3.61,35318.12,117627.64,0.00,4159.00,25992.27,0.00,47972978688.00,24189.11,0.00,45208.97
1787800494.642,9.77,3.63,4.40,65312.32,121208.12,1.00,4183.00,24661.37,31.65,47939153920.00,149888.89,0.00,73828.35
1787800497.683,10.66,6.07,4.84,70872.90,157782.56,0.00,4185.00,25884.60,47.20,47937863680.00,285961.66,0.00,79177.07
1787800500.732,11.95,4.30,5.61,33728.00,105395.93,0.00,4186.00,29898.78,31.48,47941660672.00,423142.16,0.00,35993.16
1787800503.775,11.30,5.81,4.57,38106.76,113573.54,2.00,4183.00,26590.65,15.85,47942443008.00,154150.31,0.00,44556.93
1787800506.818,7.73,3.92,3.30,58171.55,114659.04,0.00,4185.00,26674.70,30.48,47943364608.00,157045.80,0.00,67545.52
1787800509.854,8.13,3.70,4.78,115733.57,125632.15,0.00,4166.00,72802.92,0.00,47954169856.00,16158.04,0.00,121271.45
1787800512.891,8.96,3.01,3.70,46745.40,112861.15,0.00,4168.00,25726.67,0.00,47956107264.00,0.00,0.00,54804.93
1787800515.933,10.02,5.55,3.24,50607.61,125781.36,0.00,4179.00,24190.17,30.59,47949340672.00,319322.42,0.02,62456.14
1787800518.981,10.93,6.52,4.52,43362.86,129432.65,0.00,4185.00,23803.42,15.71,47940517888.00,172948.70,0.01,53249.05
1787800522.028,8.12,2.00,4.54,40181.19,100777.44,0.00,4197.00,27326.75,0.00,47919955968.00,266203.22,0.01,40000.12
1787800525.066,7.74,2.23,4.69,33836.29,86914.06,0.00,4195.00,27678.69,138.60,47922618368.00,607989.52,0.01,32502.81
1787800528.108,8.64,4.55,3.01,50093.41,146128.51,1.00,4196.00,24140.12,0.00,47927533568.00,246749.86,0.00,60104.55
1787800531.151,9.58,3.93,4.39,64113.59,122080.36,1.00,4193.00,35705.54,15.78,47931203584.00,819858.79,0.01,61602.82
1787800534.193,8.88,1.93,5.17,37915.14,81251.53,0.00,4193.00,27939.97,0.00,47928758272.00,125431.54,0.01,32592.89
1787800537.233,7.95,2.47,3.09,41269.55,123682.14,0.00,4195.00,25431.16,6.92,47935447040.00,76908.15,0.00,50232.13
1787800540.268,8.93,4.16,3.32,36714.94,129895.19,1.00,4200.00,25948.64,0.00,47926771712.00,707358.32,0.00,43494.66
1787800543.31,7.90,1.69,5.23,40183.16,100058.73,0.00,4191.00,27649.11,0.00,47930339328.00,399167.85,0.00,34089.08
1787800546.355,8.63,1.46,5.08,33923.13,77580.54,0.00,4197.00,28276.34,0.00,47929303040.00,157451.72,0.03,28380.69
1787800549.392,5.93,1.93,3.08,24994.60,74822.05,0.00,3477.00,22195.50,0.00,48673841152.00,440343.66,0.01,24560.75
1787800552.437,8.16,2.00,2.77,20214.54,84598.23,0.00,3347.00,67632.51,0.98,48845938688.00,108876.74,0.00,19147.88
1787800555.476,10.69,4.53,4.22,46511.85,112268.16,0.00,3615.00,154663.36,0.00,48528252928.00,197284.64,0.00,52797.81
1787800558.511,6.87,1.85,3.62,31136.23,105864.96,0.00,3601.00,26183.12,2.96,48544550912.00,367696.17,0.00,30882.72
1787800561.544,5.20,1.55,2.79,35023.91,80642.02,0.00,3409.00,68001.42,190.55,48744378368.00,1199175.09,0.01,37124.29
1787800564.569,9.99,4.82,4.05,48045.85,126275.49,0.00,3040.00,28925.72,24.90,49140318208.00,208081.13,0.03,55336.24
1787800567.603,9.56,2.55,5.33,41318.73,106640.99,0.00,3055.00,25696.86,0.00,49131569152.00,0.00,0.00,43980.97
1787800570.65,10.73,1.93,6.47,79336.35,87453.28,0.00,3023.00,60664.86,0.00,49146040320.00,565698.92,0.01,73613.54
1787800573.702,13.18,8.10,3.47,35183.76,86468.46,0.00,2894.00,401911.96,0.00,49295425536.00,89033.39,0.00,36273.88
1787800576.745,6.40,2.87,3.10,39693.55,107539.32,0.00,3159.00,63404.96,0.00,49028108288.00,134045.32,0.00,43220.53
1787800579.793,8.98,3.23,6.16,51948.46,108137.58,20.00,3085.00,56760.31,0.98,49028513792.00,165387.35,0.01,52209.59
1787800582.844,7.27,1.62,4.39,54560.79,102140.64,0.00,3175.00,27238.49,15.78,48918269952.00,149431.60,0.00,53869.11
1787800585.885,13.18,7.29,4.76,74202.69,82862.97,0.00,3511.00,241756.75,0.00,48815943680.00,325915.42,0.01,71489.17
1787800588.932,8.10,4.46,2.69,39393.13,146390.12,3.00,3068.00,26673.62,15.77,49136095232.00,185650.24,0.00,48510.61
1787800591.969,7.34,1.78,2.70,18831.60,81923.90,0.00,3376.00,28810.87,0.00,48941379584.00,295580.07,0.00,18809.51
1787800594.998,7.48,1.24,4.66,29097.68,80423.78,2.00,2931.00,27474.07,0.00,49283121152.00,69231.52,0.01,25941.19
1787800598.046,6.86,2.31,3.70,59040.18,91381.33,1.00,4009.00,245191.28,0.00,48152387584.00,250582.79,0.00,55872.14
1787800601.093,7.74,3.39,3.32,43688.49,122277.79,0.00,3996.00,30631.94,0.00,48162418688.00,52605.60,0.00,52758.16
1787800604.135,10.34,6.90,4.37,85711.29,191840.26,0.00,4168.00,104336.21,0.00,47989243904.00,847595.99,0.01,77425.89
1787800607.176,9.57,1.38,5.30,40375.93,79653.52,0.00,4019.00,27159.50,0.00,48123928576.00,92633.95,0.00,37247.00
1787800610.213,8.49,3.10,5.81,32327.71,104337.00,1.00,4019.00,27705.64,0.00,48121839616.00,227362.50,0.00,29312.28
1787800613.25,7.55,3.41,3.41,41102.28,108694.23,0.00,3959.00,22988.89,0.00,48179675136.00,130097.98,0.00,49490.82
1787800616.298,7.04,2.92,3.77,77241.09,74570.13,1.00,4473.00,199736.78,0.00,47641919488.00,334823.01,0.01,80598.80
1787800619.341,6.26,2.53,3.07,37098.62,105171.58,0.00,3979.00,147533.20,0.00,48165740544.00,229546.77,0.00,41501.52
1787800622.374,10.83,1.63,5.13,37526.05,92343.65,0.00,3982.00,34822.94,0.00,48160030720.00,44842.17,0.00,32259.17
1787800625.408,14.48,6.50,4.72,60209.60,81125.94,1.00,3890.00,336741.51,0.00,48270733312.00,957017.40,0.01,62750.10
1787800628.441,10.15,4.05,3.50,47955.14,121421.64,1.00,3878.00,25061.89,0.00,48270647296.00,65314.19,0.00,55202.21
1787800631.488,10.36,3.31,4.69,29890.68,82039.67,0.00,4408.00,47329.79,0.00,47720108032.00,189492.38,0.00,28246.75
1787800634.52,7.19,2.33,3.03,22826.56,81327.51,0.00,4074.00,60721.09,31.80,48060518400.00,211671.15,0.00,23194.76
1787800637.57,10.28,3.84,6.30,42751.80,83972.04,0.00,3900.00,27727.23,0.00,48233787392.00,32211.79,0.00,38307.10
1787800640.604,8.55,1.47,5.24,35896.23,106118.15,0.00,3919.00,28454.44,0.00,48222666752.00,20229.35,0.00,31273.84
1787800643.643,9.76,4.39,4.23,73986.87,118884.57,0.00,3999.00,26548.50,0.00,48134590464.00,60526.92,0.00,83376.36
1787800646.68,6.34,2.16,2.62,31479.80,80257.29,1.00,4648.00,159949.55,0.00,47462322176.00,319642.27,0.00,29872.58
1787800649.717,4.19,2.08,2.31,21903.17,79273.71,1.00,4626.00,22681.63,0.00,47475560448.00,408164.67,0.01,22270.93
1787800652.763,7.23,3.38,2.85,41138.57,121061.48,1.00,4115.00,24308.40,15.75,48010764288.00,149221.72,0.01,50427.89
1787800655.798,11.93,1.77,5.63,28006.98,77413.35,0.00,4120.00,27294.76,0.00,48010543104.00,72830.80,0.00,22600.58
1787800658.84,9.23,3.32,3.25,54440.00,120534.34,2.00,3957.00,63128.79,0.00,48169811968.00,24326.22,0.00,62588.35
1787800661.883,9.18,3.79,3.17,37959.51,125397.52,1.00,3960.00,26495.98,0.00,48174518272.00,182576.49,0.00,45382.90
1787800664.932,3.69,1.38,3.00,22184.05,86097.16,0.00,4629.00,29492.54,0.00,47475097600.00,281916.98,0.01,21252.16
1787800667.977,5.83,1.46,2.77,18988.68,79104.85,0.00,4626.00,21991.77,0.00,47475888128.00,40422.86,0.00,17282.89
1787800671.006,11.03,3.72,7.05,51739.82,122611.65,0.00,4100.00,36069.95,0.00,48022818816.00,105585.47,0.00,46182.47
1787800674.051,11.94,2.69,6.77,25671.60,81545.79,0.00,3612.00,151517.99,0.00,48645840896.00,181475.41,0.00,21319.29
1787800677.083,9.13,3.79,3.79,60280.76,120720.85,0.00,3918.00,23913.79,0.00,48214540288.00,113495.75,0.01,71679.94
1787800680.125,7.94,4.49,3.17,43598.64,88114.62,0.00,4632.00,15054.95,0.00,47474659328.00,133904.58,0.00,44329.95
1787800683.16,5.96,1.32,2.17,30812.21,77652.46,0.00,4622.00,10108.40,0.00,47478607872.00,16251.20,0.00,32763.28
1787800686.203,8.03,2.69,3.46,28957.15,135721.22,2.00,4079.00,113586.83,28.54,48059473920.00,343128.25,0.01,24327.43
1787800689.252,7.85,1.92,5.62,34494.54,102308.48,1.00,4069.00,28960.68,0.00,48058273792.00,60519.84,0.00,30108.48
1787800692.307,9.24,5.74,2.64,43522.02,127014.12,0.00,3816.00,80485.49,0.00,48323325952.00,553305.80,0.01,49841.01
1787800695.345,7.48,3.47,3.47,39288.45,104248.70,0.00,3232.00,172419.66,0.00,48944750592.00,2289417.91,0.03,45490.52
1787800698.384,8.71,2.62,4.70,62267.57,103244.96,2.00,2951.00,30705.20,0.00,49256980480.00,0.00,0.00,63782.03
1787800701.422,11.37,4.48,4.25,38691.71,150792.41,0.00,2974.00,26046.12,16.80,49238528000.00,817602.03,0.01,47276.24
1787800704.471,10.73,4.14,3.68,35537.46,119437.34,0.00,3031.00,25040.63,15.72,49187700736.00,128811.85,0.00,44224.25
1787800707.523,6.97,3.93,2.39,39156.49,127022.91,0.00,3031.00,24926.02,21.72,49187676160.00,117255.26,0.00,50662.40
1787800710.555,7.04,3.25,2.94,54549.38,121241.97,0.00,3020.00,26895.90,0.00,49186357248.00,0.00,0.00,65027.68
1787800713.58,9.76,4.43,2.87,48330.40,123733.79,0.00,3020.00,32554.41,33.81,49189138432.00,130344.91,0.00,60036.54
1787800716.618,8.18,3.30,2.38,36302.30,121078.76,0.00,3031.00,23080.64,15.73,49184653312.00,567688.81,0.01,49817.01
1787800719.66,9.06,3.62,2.85,32888.77,112447.24,0.00,3032.00,18725.09,15.78,49184661504.00,133338.61,0.00,43111.00
1787800722.701,9.23,2.93,3.93,33563.91,103303.55,0.00,3035.00,25455.27,31.56,49174138880.00,278761.29,0.00,39584.72
1787800725.745,9.26,1.99,5.29,61890.90,85954.89,0.00,3012.00,50944.33,0.00,49189654528.00,56252.32,0.00,59668.52
1787800728.788,10.70,2.85,3.55,53416.14,91163.63,0.00,3615.00,110207.62,0.00,48690556928.00,20212.53,0.00,54756.93
1787800731.826,7.74,3.71,2.71,62980.89,109455.20,1.00,2910.00,135034.82,548.14,49437569024.00,2350558.41,0.01,67640.93
1787800734.872,9.26,3.24,3.31,46348.93,115959.07,1.00,2809.00,33974.10,31.54,49411874816.00,205914.64,0.00,54764.00
1787800737.91,10.43,5.16,3.62,41146.72,116281.84,1.00,2803.00,27200.58,14.78,49414819840.00,278473.41,0.00,48095.00
1787800740.954,11.79,5.51,3.88,74556.97,130305.42,1.00,2774.00,27954.76,15.91,49436643328.00,321728.34,0.00,87805.07
1787800744,9.41,4.76,3.07,46423.80,122536.79,0.00,2774.00,26015.43,0.00,49438285824.00,48359.07,0.00,58598.18
1787800747.035,9.75,4.33,3.56,40214.83,124745.48,0.00,2779.00,25131.54,0.00,49454678016.00,24368.06,0.00,48617.24
1787800750.074,9.33,3.27,5.44,90609.43,116642.59,0.00,2771.00,66185.35,0.00,49442582528.00,4080.98,0.00,96575.95
1787800753.119,7.46,3.83,2.22,39551.46,119605.94,0.00,2773.00,27001.69,8.83,49443381248.00,144652.52,0.00,47331.42
1787800756.164,10.21,4.45,4.06,54927.11,125172.25,0.00,2765.00,33191.38,0.00,49468100608.00,92446.01,0.01,64255.24
1787800759.2,9.69,2.53,4.61,36617.63,98797.68,1.00,2774.00,27242.19,3.93,49451622400.00,76537.76,0.00,35606.93
1787800762.236,10.44,4.15,5.00,52799.73,130509.49,0.00,2770.00,35912.59,0.00,49455161344.00,253929.94,0.01,54590.63
1787800765.278,7.48,3.46,2.84,38662.36,129672.71,0.00,2792.00,25269.78,15.73,49434677248.00,104725.48,0.00,50515.80
1787800768.316,8.34,3.88,3.65,39393.02,116347.88,1.00,2786.00,26594.57,0.00,49444225024.00,16296.72,0.00,48414.50
1787800771.356,9.02,3.39,2.78,46144.67,123550.48,0.00,2789.00,25646.24,31.60,49437769728.00,182015.14,0.00,56174.25
1787800774.392,9.67,4.17,4.64,41320.52,117048.25,0.00,2787.00,25356.02,0.00,49436532736.00,16208.86,0.00,50502.44
1787800777.424,9.76,2.41,4.98,33462.02,82981.62,0.00,2791.00,34870.58,0.00,49438486528.00,199790.58,0.00,30387.76
1787800780.469,8.47,3.55,3.78,49286.45,115619.54,0.00,2785.00,28325.38,0.00,49438818304.00,52635.48,0.00,55121.37
1787800783.507,7.84,2.92,4.69,43573.18,143880.01,0.00,2791.00,35872.26,0.00,49431302144.00,157311.31,0.00,40478.43
1787800786.549,10.56,4.63,4.86,57946.67,104499.68,0.00,2758.00,34042.78,0.00,49486757888.00,76830.48,0.01,61734.15
1787800789.584,6.93,2.24,4.55,68218.37,105279.19,0.00,2752.00,32417.12,2577.31,49464197120.00,10629389.78,0.06,70129.71
1787800792.629,6.76,3.00,3.08,32827.47,123068.27,0.00,2754.00,22955.87,3.94,49478529024.00,597408.47,0.01,31937.31
1787800795.667,6.90,3.25,3.25,45966.29,99014.77,0.00,2427.00,65553.48,0.00,49808457728.00,40577.14,0.00,52547.34
1787800798.708,7.60,3.47,3.16,36716.11,114963.22,0.00,2448.00,26808.04,7.89,49800908800.00,177855.78,0.01,42864.89
1787800801.753,4.48,2.39,2.23,21311.04,74685.68,0.00,2938.00,11967.44,0.00,49275404288.00,44393.64,0.01,21357.71
1787800804.797,4.73,2.08,2.23,32546.29,77882.21,0.00,2929.00,20242.21,0.00,49284292608.00,20170.31,0.00,32275.87
1787800807.848,7.51,1.76,2.38,43411.76,77217.38,0.00,2929.00,21980.87,0.00,49282654208.00,152865.33,0.00,41982.88
1787800810.893,10.93,5.92,3.92,58538.83,125162.77,1.00,2353.00,20217.71,15.75,49886986240.00,302379.73,0.00,67449.68
1787800813.934,8.63,1.69,5.23,29844.36,83641.10,1.00,2360.00,26348.80,0.00,49883361280.00,44415.11,0.01,26225.62
1787800816.977,7.52,1.77,4.77,23439.28,79310.29,0.00,2365.00,27007.90,0.00,49876045824.00,0.00,0.00,18632.77
1787800820.023,8.77,4.30,2.61,37953.39,80066.92,0.00,3526.00,237551.51,0.00,48666689536.00,3595616.95,0.05,37614.86
1787800823.066,7.47,3.16,2.93,52640.82,113029.53,0.00,4311.00,177344.96,0.00,47845548032.00,666793.61,0.01,50654.57
1787800826.108,4.90,1.39,2.39,48068.41,77052.89,0.00,4293.00,29598.22,0.00,47851593728.00,633509.24,0.03,52716.72
1787800829.133,6.95,1.48,3.04,23252.79,77665.12,0.00,4119.00,63797.38,406.70,48042491904.00,1910829.40,0.01,22615.97
1787800832.171,4.98,1.86,2.86,15328.58,72658.63,0.00,4119.00,5096.33,6.93,48042266624.00,186416.40,0.00,15046.12
1787800835.201,7.36,2.63,3.18,23801.86,80954.69,0.00,4121.00,22401.28,36.70,48042295296.00,251897.37,0.00,22170.78
1787800838.237,5.83,0.93,2.78,29428.43,86100.37,0.00,4114.00,12090.22,0.00,48044273664.00,24275.27,0.00,29700.26
1787800841.276,4.20,1.47,2.70,27960.50,76509.75,0.00,4117.00,22987.70,47.43,48042971136.00,259008.37,0.00,27350.63
1787800844.3,11.28,4.60,4.52,77453.82,211922.35,0.00,3632.00,86980.37,15.95,48541229056.00,902615.11,0.00,73089.49
1787800847.341,8.66,3.84,3.38,40132.94,129629.82,0.00,3637.00,30200.63,0.00,48541544448.00,237369.65,0.01,49753.74
1787800850.384,8.11,2.78,3.94,35230.79,106694.83,0.00,3648.00,24396.87,15.85,48533614592.00,121721.85,0.00,42426.56
1787800853.42,12.78,5.85,5.08,61427.98,133870.62,0.00,3629.00,34200.37,0.00,48536834048.00,3290933.16,0.02,64329.15
1787800856.461,12.96,1.46,5.54,43146.82,74477.20,0.00,3635.00,26594.15,0.00,48528584704.00,60485.10,0.00,39233.65
1787800859.507,8.48,1.38,4.92,23687.57,77676.39,0.00,3635.00,25729.97,0.00,48528338944.00,56470.44,0.00,19407.83
1787800862.548,7.67,2.84,5.84,59099.03,87358.56,1.00,3625.00,32664.47,0.00,48531140608.00,108860.57,0.00,54526.16
1787800865.595,6.94,4.46,2.54,57885.88,100739.75,0.00,3584.00,145141.19,0.00,48585498624.00,475514.82,0.01,66579.69
1787800868.639,9.81,4.14,4.84,49296.97,116198.04,0.00,2966.00,30468.36,45.21,49231024128.00,233471.21,0.00,57780.69
1787800871.68,7.69,3.93,3.62,54910.65,136382.52,3.00,2960.00,49651.42,0.00,49240358912.00,0.00,0.00,63454.47
1787800874.724,6.70,1.54,4.32,33367.34,98042.35,0.00,2960.00,34379.40,0.00,49241640960.00,408472.94,0.01,32912.02
1787800877.77,7.35,2.70,3.39,43311.87,112334.27,0.00,2961.00,25167.03,0.00,49240711168.00,24241.78,0.00,50087.51
1787800880.813,7.17,3.40,2.55,51480.20,120991.16,0.00,2974.00,25867.00,0.00,49226608640.00,24270.13,0.00,61725.91
1787800883.862,9.55,4.22,3.61,48312.56,134210.62,0.00,2974.00,30722.19,15.73,49230041088.00,257724.67,0.00,52312.35
1787800886.911,7.07,1.92,3.91,48584.06,91683.99,0.00,2966.00,27734.96,0.00,49233833984.00,20117.30,0.00,46693.90
1787800889.956,7.42,2.15,3.00,32278.37,108502.85,0.00,2971.00,24449.38,0.00,49234894848.00,124949.05,0.00,39817.45
1787800892.995,10.56,3.93,3.47,38013.98,117388.02,0.00,2968.00,26430.68,31.61,49235963904.00,161860.00,0.01,47095.10
1787800896.026,9.41,4.56,5.33,49834.41,119367.49,0.00,2964.00,31904.95,0.00,49235910656.00,56741.02,0.00,56711.04
1787800899.063,10.57,3.78,4.71,51436.78,105508.91,0.00,2973.00,24612.10,15.80,49225261056.00,89009.32,0.00,56601.98
1787800902.106,11.43,4.61,5.83,39419.11,113861.03,0.00,2975.00,26297.09,35.38,49229406208.00,475038.20,0.01,44602.74
1787800905.144,10.09,2.40,4.80,84789.93,92485.31,0.00,2969.00,25491.39,13.87,49234702336.00,446520.46,0.01,86281.80
1787800908.181,9.39,1.69,5.22,38690.50,85603.53,1.00,2968.00,26977.72,0.00,49228861440.00,88545.48,0.00,34957.02
1787800911.218,8.04,2.08,5.55,45228.09,79579.31,0.00,3692.00,33357.31,0.00,48564285440.00,238287.33,0.00,41091.63
1787800914.244,8.27,2.41,3.19,20314.17,108492.98,0.00,3617.00,23113.89,0.00,48602271744.00,297808.40,0.00,18717.97
1787800917.282,11.52,4.24,4.16,56325.64,127334.73,0.00,3303.00,33468.19,18.74,48936480768.00,96940.30,0.00,65253.67
1787800920.326,12.43,5.86,5.09,21748.35,77996.72,0.00,2837.00,15727.87,0.00,49427714048.00,161730.61,0.00,19572.13
1787800923.371,8.64,2.55,5.34,20335.11,83039.89,0.00,2505.00,102811.48,0.00,49779335168.00,352917.55,0.01,20623.94
1787800926.407,9.26,4.33,3.86,33735.44,126163.14,0.00,2315.00,22525.25,0.00,49973092352.00,52675.64,0.00,43928.53
1787800929.454,11.82,4.22,4.91,29984.28,115647.32,0.00,2317.00,26368.52,0.00,49968996352.00,201224.88,0.00,35401.81
1787800932.494,7.27,1.31,5.23,19491.13,77925.15,0.00,2308.00,27764.18,0.00,49978707968.00,286250.50,0.02,15661.57
1787800935.532,7.94,1.85,5.55,21385.66,96134.85,0.00,2283.00,40091.20,0.99,50015899648.00,303029.26,0.00,17407.39
1787800938.579,5.94,1.62,5.15,21265.91,85737.96,0.00,2294.00,34518.84,0.00,50007904256.00,40320.87,0.00,16627.43
1787800941.625,9.28,1.08,5.39,21751.90,73482.11,1.00,2300.00,25115.55,0.00,50001256448.00,40344.05,0.00,17993.60
1787800944.665,11.64,5.24,4.24,38876.72,146893.70,0.00,2814.00,27791.07,27.63,49480519680.00,436448.49,0.01,46732.06
1787800947.711,6.85,2.85,3.93,33808.14,102471.47,0.00,2783.00,62092.77,0.00,49550315520.00,36379.91,0.00,40756.00
1787800950.746,10.02,2.62,4.78,44218.84,96332.85,0.00,2774.00,26408.61,47.34,49549651968.00,492855.54,0.01,45070.47
1787800953.785,7.86,2.00,5.00,32074.72,86020.12,0.00,2781.00,26975.16,0.00,49543147520.00,48314.07,0.00,29087.13
1787800956.823,8.52,3.70,4.85,43913.99,114272.56,0.00,2755.00,24606.58,0.00,49564340224.00,48440.51,0.00,50508.05
1787800959.868,11.37,5.17,3.94,61762.00,129279.82,0.00,2765.00,33173.64,0.00,49556168704.00,153879.04,0.00,73634.02
1787800962.905,7.09,3.54,3.16,45072.48,121847.97,0.00,2769.00,23301.62,0.00,49556496384.00,28279.53,0.00,54504.38
1787800965.939,9.15,3.62,4.63,56327.76,113224.15,0.00,2762.00,57733.56,0.00,49551912960.00,206226.11,0.01,62510.03
1787800968.978,9.27,2.93,5.17,51524.10,99362.55,0.00,2784.00,27214.97,13.84,49522397184.00,101209.82,0.00,51262.91
1787800972.021,7.89,2.45,3.91,38007.20,98699.13,0.00,2786.00,27647.22,0.00,49522102272.00,60327.64,0.00,38362.97
1787800975.064,7.80,3.38,4.76,47785.36,117378.34,0.00,2808.00,27032.06,0.00,49389404160.00,152938.30,0.00,48342.19
1787800978.108,8.37,4.69,3.46,54132.20,109249.86,0.00,2815.00,22411.51,0.00,49384042496.00,149198.76,0.01,59351.70
1787800981.14,4.62,2.02,2.25,28083.42,84447.80,1.00,3826.00,12125.80,0.00,48322048000.00,134180.96,0.00,28951.56
1787800984.188,8.69,4.94,2.70,39434.49,119711.66,0.00,3509.00,25771.80,0.00,48668295168.00,445560.15,0.01,48761.09
1787800987.232,9.72,5.22,4.38,72001.29,98766.74,0.00,3063.00,292059.75,15.73,49128108032.00,277935.04,0.00,74453.14
1787800990.27,8.46,2.55,5.72,103591.75,81070.26,1.00,3045.00,52449.32,0.00,49139068928.00,16196.65,0.00,101685.69
1787800993.3,4.90,2.09,2.70,25660.80,83066.22,0.00,2711.00,70400.39,18.78,49493655552.00,153848.15,0.00,24117.17
1787800996.345,7.10,2.31,3.55,31994.54,101422.37,0.00,2539.00,26421.52,0.00,49674293248.00,125379.27,0.01,35216.33
1787800999.393,12.63,8.16,4.31,122470.60,89590.88,0.00,2546.00,26443.13,0.00,49680740352.00,36331.10,0.00,120843.79
1787801002.429,9.54,3.63,4.48,57744.39,106726.00,0.00,3354.00,68680.81,0.00,48821927936.00,0.00,0.00,62643.42
1787801005.473,10.17,4.63,4.24,57445.29,137150.25,1.00,2458.00,63341.01,0.00,49761132544.00,437157.35,0.00,64963.88
1787801008.519,8.59,2.38,4.69,43113.64,101359.41,1.00,2460.00,34416.53,0.00,49757769728.00,185391.50,0.01,44751.49
1787801011.552,9.32,3.54,3.23,41841.76,109560.08,0.00,2469.00,24671.89,0.00,49748836352.00,137287.99,0.00,47694.69
1787801014.584,7.58,3.95,3.10,38617.21,114454.01,0.00,2471.00,25004.31,0.00,49763319808.00,73184.50,0.00,49130.78
1787801017.619,9.72,4.86,4.63,39934.23,137065.32,0.00,2474.00,24718.23,15.78,49750085632.00,113119.37,0.00,51435.70
1787801020.657,6.36,3.79,2.79,34808.04,116743.25,2.00,2478.00,23547.25,0.00,49748926464.00,652891.76,0.00,44689.44
1787801023.697,13.65,6.79,5.09,55051.82,199461.06,0.00,2466.00,26305.37,0.00,49748402176.00,250978.76,0.01,61134.84
1787801026.738,10.01,2.70,5.09,46872.85,108407.51,1.00,2451.00,52490.84,13.81,49764798464.00,96940.76,0.00,50192.75
1787801029.78,11.29,4.17,4.40,48913.64,103889.11,1.00,3520.00,108459.94,0.00,48638799872.00,0.00,0.00,56409.40
1787801032.82,9.38,3.49,4.65,40630.07,102629.35,0.00,3570.00,25061.05,20.84,48640020480.00,207258.90,0.00,47127.34
1787801035.862,10.42,4.54,4.31,54849.65,140254.71,0.00,2683.00,153748.01,258.01,49502199808.00,1750588.01,0.01,54062.95
1787801038.902,9.91,3.79,3.02,38849.43,120543.32,0.00,2683.00,23878.99,0.00,49515888640.00,783278.44,0.03,48166.29
1787801041.943,6.84,3.63,3.71,42727.99,115841.81,0.00,2690.00,24373.58,0.00,49510674432.00,28371.20,0.13,51648.07
1787801044.983,7.23,3.49,3.10,37573.49,133094.47,1.00,2688.00,24909.27,0.99,49510649856.00,223764.31,0.01,49306.82
1787801048.029,8.07,3.24,3.47,39812.75,113067.82,0.00,2693.00,25699.03,0.00,49511100416.00,44500.21,0.00,48996.63
1787801051.068,10.46,3.22,4.76,51821.01,119829.15,0.00,2641.00,51636.32,0.00,49563176960.00,245460.39,0.00,57432.36
1787801054.109,7.98,1.31,4.92,52670.00,81190.24,0.00,2668.00,27702.01,0.00,49530699776.00,24169.43,0.00,50157.26
1787801057.142,7.28,1.85,3.16,47235.31,93509.57,0.00,3044.00,112694.87,0.00,49167355904.00,24273.99,0.00,54503.24
1787801060.176,9.20,3.47,3.01,36484.94,109056.61,0.00,2807.00,209039.17,0.00,49436626944.00,420930.10,0.01,43451.67
1787801063.213,8.97,3.64,2.63,34021.55,117765.30,0.00,2214.00,26579.18,0.00,50014748672.00,349223.28,0.01,44661.91
1787801066.256,11.15,5.45,3.69,33084.96,140884.53,0.00,2211.00,27159.21,0.00,50018652160.00,40251.88,0.00,39042.38
1787801069.289,10.38,2.49,4.74,24185.37,92670.29,0.00,2211.00,27639.57,0.00,50022199296.00,8152.35,0.00,25094.91
1787801072.342,5.05,3.32,2.86,33057.19,126259.15,0.00,2206.00,33060.16,44.46,50020143104.00,218534.34,0.00,42022.63
1787801075.386,8.20,4.35,3.65,32422.55,120155.56,0.00,2216.00,27018.96,26.86,50020380672.00,411608.28,0.01,41788.84
1787801078.42,7.48,3.02,3.87,35498.10,125154.58,0.00,2215.00,31764.85,0.00,50010546176.00,32508.92,0.00,41422.22
1787801081.455,7.63,3.69,2.92,33103.25,126423.63,0.00,2214.00,26323.56,0.00,50011783168.00,84761.99,0.00,44106.30
1787801084.483,8.59,4.20,3.58,38872.76,210118.33,1.00,2210.00,27571.69,0.00,50014957568.00,134668.30,0.00,39949.12
1787801087.526,7.78,3.78,2.62,31399.08,123831.02,0.00,2210.00,22359.19,0.00,50020491264.00,16185.07,0.00,39322.70
1787801090.567,8.50,3.39,3.93,25945.67,95302.59,1.00,2216.00,27302.92,15.79,50017357824.00,190026.75,0.00,29183.16
1787801093.606,9.99,3.16,3.01,33767.24,113997.46,0.00,2201.00,23922.90,0.00,50029867008.00,68678.59,0.00,40592.88
1787801096.643,9.82,4.70,4.39,31167.81,135305.97,0.00,2213.00,27272.94,0.00,50022129664.00,153436.67,0.00,36414.50
1787801099.681,12.49,4.69,5.16,28071.67,109813.30,0.00,2240.00,34014.08,15.77,49990471680.00,84794.66,0.00,30417.02
1787801102.726,8.33,4.07,3.00,32985.28,115235.56,0.00,2242.00,25426.62,0.00,49990774784.00,16112.54,0.00,40112.91
1787801105.771,8.40,4.01,3.08,32156.03,115240.59,0.00,2243.00,26708.85,0.00,49988317184.00,157665.23,0.01,38430.83
1787801108.812,6.38,2.78,2.94,31605.70,108711.47,0.00,2246.00,26428.07,0.00,49984397312.00,28352.38,0.00,38821.82
1787801111.85,10.87,5.16,5.47,26479.98,85678.66,0.00,2227.00,51619.16,0.00,50004840448.00,20191.00,0.00,28405.61
1787801114.898,7.69,2.77,3.93,27076.07,98155.08,0.00,2233.00,26363.73,0.00,50000605184.00,16142.59,0.00,28921.60
1787801117.944,9.88,3.78,4.78,28327.56,118621.71,0.00,2226.00,25852.49,0.00,50006515712.00,16175.33,0.00,31728.63
1787801120.98,8.63,2.01,5.11,19787.09,85598.75,0.00,2241.00,34722.76,0.00,49992720384.00,198835.82,0.00,14524.58
1787801124.022,11.19,5.10,4.79,26960.71,106863.85,0.00,2224.00,25901.62,0.00,50017878016.00,68857.40,0.00,28554.94
1787801127.066,8.21,3.39,4.09,27912.86,129445.67,0.00,2244.00,27276.93,0.00,49999753216.00,202234.17,0.00,28941.45
1787801130.105,8.76,2.01,4.09,24590.89,102400.50,0.00,2242.00,25769.98,0.00,49995464704.00,16179.31,0.00,26083.08
1787801133.15,7.37,1.31,4.16,21794.96,77848.85,0.00,2247.00,26309.56,0.00,49991340032.00,8078.56,0.00,21380.06
1787801136.189,6.55,1.69,4.30,22598.37,89506.72,0.00,2245.00,26380.68,15.75,49997271040.00,258003.91,0.01,21213.69
1787801139.223,10.33,1.24,5.19,20722.09,81134.02,1.00,2246.00,28757.05,0.99,49986424832.00,162484.23,0.00,16705.11
1787801142.271,11.99,3.23,5.39,19695.36,88300.42,0.00,2243.00,34419.32,0.00,49988976640.00,16148.16,0.00,15248.36
1787801145.311,8.17,1.23,5.01,18750.26,78380.50,0.00,2246.00,27867.37,0.00,49987321856.00,64664.38,0.00,14041.36
1787801148.353,9.44,1.16,5.31,18674.36,82578.58,0.00,2246.00,34454.42,0.00,49985032192.00,201959.56,0.01,14548.89
1787801151.397,8.31,1.70,5.32,19483.38,83061.86,2.00,2244.00,27031.86,0.00,49989091328.00,246507.95,0.01,15532.79
1787801154.443,8.94,2.69,5.08,18426.92,80914.31,0.00,2243.00,27270.93,0.00,49987559424.00,44388.54,0.00,14329.65
1787801157.481,7.35,2.30,5.38,20565.63,116554.34,0.00,2244.00,27850.83,0.00,49984036864.00,120908.34,0.00,16364.21
1787801160.517,7.76,2.71,2.94,32713.20,89772.04,0.00,3288.00,25479.28,1.98,48888795136.00,42618.73,0.00,31455.21
1787801163.555,9.02,5.02,4.01,43268.36,84854.90,0.00,3277.00,19103.54,0.00,48901005312.00,20225.41,0.00,45576.30
1787801166.596,7.30,2.00,3.00,35889.29,89894.57,0.00,2930.00,120617.01,0.00,49263464448.00,270240.09,0.01,37366.32
1787801169.633,11.33,5.10,4.87,55560.04,122957.50,0.00,3696.00,32657.71,15.83,48476094464.00,530720.93,0.01,61453.37
1787801172.667,5.49,1.39,2.00,22358.99,80632.07,0.00,3348.00,22433.97,0.99,48822857728.00,48490.53,0.00,21191.35
1787801175.715,4.36,1.70,2.24,18992.63,81609.61,0.00,3345.00,27471.03,0.00,48818839552.00,64767.46,0.00,17629.73
1787801178.764,7.15,2.23,3.54,41927.12,86826.09,0.00,3176.00,63356.60,0.00,48988999680.00,96833.09,0.00,42066.89
1787801181.797,2.91,1.32,2.49,15482.21,82960.36,1.00,3097.00,12118.20,0.00,48994783232.00,232230.13,0.00,13448.61
1787801184.836,6.21,1.78,3.25,32052.62,123037.13,0.00,3076.00,26081.99,0.00,49038974976.00,922014.44,0.01,29604.08
1787801187.875,8.06,4.24,3.62,49401.56,147847.58,0.00,2530.00,25081.57,15.78,49712119808.00,125260.85,0.00,55859.00
1787801190.914,10.21,3.54,5.84,34874.96,134733.16,0.00,2541.00,35642.35,0.00,49703829504.00,1221024.97,0.01,29468.27
1787801193.957,9.82,4.24,4.24,40067.43,184682.23,0.00,2536.00,24757.27,0.00,49687576576.00,173993.36,0.01,44963.55
1787801196.989,12.62,4.70,6.63,48369.33,197493.45,0.00,2513.00,26836.42,0.00,49721085952.00,117269.51,0.00,48092.44
1787801200.024,7.91,1.85,4.63,44028.50,97853.73,0.00,2500.00,19561.85,0.00,49739542528.00,161951.16,0.00,45545.21
1787801203.063,8.89,2.85,5.55,35289.05,96497.01,0.00,2506.00,25693.84,0.00,49739669504.00,68738.03,0.00,38269.48
1787801206.106,11.78,6.25,3.70,50318.32,93987.35,0.00,2513.00,25737.21,0.00,49726263296.00,917958.05,0.01,52258.34
1787801209.152,11.54,1.77,5.00,38601.74,105696.68,0.00,2492.00,26234.28,0.00,49729179648.00,80702.69,0.00,36837.45
1787801212.191,20.27,15.61,3.48,59834.67,94145.95,0.00,3166.00,354150.49,0.00,49011396608.00,18908587.09,0.13,60985.87
1787801215.231,4.31,2.32,2.17,38871.95,79504.78,0.00,4412.00,178942.15,0.00,47778938880.00,1114301.58,0.08,35918.37
1787801218.267,4.95,2.55,2.71,21316.70,81612.52,1.00,4406.00,14813.25,0.00,47788949504.00,68958.17,0.00,21014.59
1787801221.309,5.59,1.62,3.09,23428.98,84480.55,0.00,3971.00,78743.40,93.91,48223084544.00,607322.87,0.01,22462.69
1787801224.38,9.81,2.23,4.69,28737.08,103708.78,0.00,3772.00,28146.10,0.00,48432197632.00,24166.53,0.00,29291.98
1787801227.413,7.40,2.93,3.62,54316.54,112064.38,0.00,3769.00,23488.15,4.93,48433254400.00,60632.42,0.00,59857.78
1787801230.449,10.54,1.54,6.76,79277.08,80409.69,0.00,3754.00,64238.48,0.00,48441290752.00,144974.59,0.01,74035.64
1787801233.491,6.95,1.39,4.95,36188.88,91170.95,0.00,3755.00,34483.38,0.00,48448774144.00,16227.01,0.00,31985.78
1787801236.536,9.35,2.91,4.21,42964.06,87234.35,0.00,3763.00,24934.05,0.00,48446394368.00,48237.04,0.00,43603.57
1787801239.575,9.04,3.02,5.42,29777.06,106672.14,0.00,3767.00,30501.25,0.00,48439660544.00,60867.76,0.00,25575.77
1787801242.612,11.18,2.86,5.86,32091.00,83620.04,1.00,3770.00,26455.18,0.00,48433569792.00,177944.99,0.00,28155.56
1787801245.651,17.73,12.63,3.93,53721.68,92675.32,1.00,3280.00,533700.74,0.00,48917204992.00,609663.20,0.01,53490.34
1787801248.688,7.28,4.40,3.25,48300.97,85279.54,1.00,2494.00,136239.71,0.00,49811337216.00,68886.06,0.00,55717.11
1787801251.726,8.79,2.16,3.31,34076.08,112411.42,0.00,2489.00,21657.25,15.78,49808420864.00,88865.65,0.00,42323.28
1787801254.778,5.63,2.46,3.54,37904.89,124554.78,1.00,2488.00,33471.74,15.76,49805320192.00,161370.34,0.00,45651.48
1787801257.82,7.03,2.08,3.94,42750.01,111909.95,0.00,2480.00,26606.59,80.05,49807171584.00,518107.14,0.01,47573.73
1787801260.853,10.37,2.71,4.56,58760.48,117670.38,0.00,2480.00,34006.46,41.56,49806385152.00,709321.48,0.01,62865.72
1787801263.889,13.68,7.01,5.62,59946.20,189278.98,2.00,2989.00,251866.51,15.78,49259991040.00,969219.42,0.01,48626.83
1787801266.937,6.90,3.00,3.77,42698.15,121020.00,0.00,2558.00,28830.15,28.59,49739227136.00,230136.52,0.00,52095.89
1787801269.98,4.48,2.01,2.56,25991.04,95234.03,0.00,3047.00,12605.69,0.00,49232855040.00,390050.16,0.01,24985.14
1787801273.017,9.35,4.82,3.57,64343.41,131308.93,0.00,2606.00,22969.49,0.00,49634914304.00,20364.29,0.00,77769.33
1787801276.05,7.21,2.40,3.86,35948.18,98094.25,0.00,2627.00,28323.20,0.00,49612533760.00,56711.66,0.00,35039.78
1787801279.093,7.66,2.69,4.84,34380.53,83840.72,0.00,2613.00,28411.02,15.73,49619558400.00,165128.83,0.00,32833.82
1787801282.127,9.35,2.86,5.18,48791.04,94195.41,1.00,2603.00,35464.31,0.00,49619447808.00,563958.09,0.01,47481.45
1787801285.169,8.91,3.48,2.32,41190.58,100074.73,0.00,3410.00,66423.67,0.00,48811655168.00,503002.04,0.01,45567.95
1787801288.205,8.88,3.86,4.32,48204.05,103639.01,0.00,3413.00,26699.03,15.81,48811749376.00,109245.93,0.10,53480.20
1787801291.236,12.23,3.86,5.18,43957.36,118173.03,0.00,2509.00,51144.02,0.00,49754836992.00,129587.25,0.00,51252.93
1787801294.269,8.52,2.94,3.63,46047.13,116424.85,0.00,2517.00,25677.68,31.65,49742770176.00,129636.56,0.00,54449.11
1787801297.308,8.34,3.93,2.85,59018.30,112326.29,1.00,2522.00,25662.36,94.63,49738715136.00,488540.95,0.00,68333.73
1787801300.347,13.34,7.40,5.24,68465.87,122136.93,1.00,3029.00,249213.03,94.66,49212190720.00,767388.82,0.01,68433.89
1787801303.383,8.09,3.47,3.32,43753.20,123959.34,0.00,2533.00,35620.85,15.79,49692864512.00,80859.57,0.00,50157.19
1787801306.429,4.16,1.54,2.30,32420.67,78684.51,0.00,3316.00,11986.79,0.00,48882282496.00,257752.87,0.01,32506.05
1787801309.465,9.86,3.71,4.17,70529.21,126302.52,0.00,2788.00,37423.08,15.82,49439244288.00,85030.08,0.00,82325.41
1787801312.493,11.31,8.09,3.35,50255.79,84623.41,0.00,3817.00,291458.29,0.00,48359510016.00,607557.17,0.04,47057.98
1787801315.533,8.97,4.47,3.01,67053.01,120032.90,0.00,3653.00,24405.00,31.61,48542867456.00,182044.91,0.00,77827.59
1787801318.569,6.46,2.62,1.85,52252.20,87135.33,0.00,2917.00,132170.06,468.47,49315635200.00,1987548.24,0.01,55685.81
1787801321.608,8.46,3.63,4.63,52203.52,107540.31,0.00,2797.00,53015.74,0.00,49482108928.00,76898.21,0.01,56292.63
1787801324.654,11.23,4.43,4.98,52582.73,177910.59,0.00,2797.00,34800.63,15.93,49476968448.00,256893.70,0.01,52660.05
1787801327.694,8.06,4.07,3.92,31722.81,91789.97,0.00,2304.00,302891.28,0.00,49974108160.00,1429734.06,0.02,31733.08
1787801330.729,11.25,6.17,4.01,61292.08,152880.06,4.00,3731.00,201013.92,15.80,48621481984.00,412655.55,0.01,65277.16
1787801333.765,8.25,3.08,3.08,53477.16,80951.51,0.00,3468.00,12112.37,15.77,48709865472.00,64594.04,0.00,61727.51
1787801336.803,8.17,2.78,3.40,39427.78,116629.04,1.00,3149.00,23705.46,15.80,49051680768.00,10335983.05,0.03,46568.23
1787801339.842,7.77,1.77,4.77,32228.70,80376.88,1.00,3127.00,25938.28,0.00,49071759360.00,40315.41,0.00,29355.53
1787801342.883,7.71,3.25,3.87,49847.24,121743.59,0.00,3132.00,25577.67,15.87,49069457408.00,288410.48,0.00,59449.49
1787801345.929,8.00,2.38,3.15,54434.47,120994.79,0.00,3132.00,29725.25,15.74,49069473792.00,72542.56,0.00,63052.27
1787801348.971,10.17,3.55,5.09,46219.98,94037.43,0.00,3139.00,26139.65,0.00,49061646336.00,20207.61,0.00,48987.93
1787801352.008,7.80,3.01,4.24,67646.27,108925.56,0.00,3117.00,42138.02,15.79,49093324800.00,412380.29,0.03,70344.01
1787801355.044,7.09,3.79,3.79,45644.41,108178.20,0.00,3134.00,26945.71,15.85,49066749952.00,121758.07,0.00,52168.53
1787801358.086,6.80,3.63,3.25,74528.39,120197.96,0.00,3125.00,27360.60,31.65,49066971136.00,230886.42,0.00,82469.18
1787801361.117,7.90,4.04,3.73,53700.19,145055.27,0.00,3122.00,27451.27,10.94,49071878144.00,118131.08,0.00,59187.50
1787801364.158,8.59,3.39,4.77,37064.89,107890.62,0.00,3146.00,27110.37,15.77,49052008448.00,80724.09,0.00,40464.46
1787801367.195,6.71,3.17,2.94,42623.38,113203.22,0.00,3143.00,25431.34,0.00,49052168192.00,77004.47,0.01,50314.00
1787801370.233,8.12,3.78,3.32,47035.20,121637.24,0.00,3138.00,25072.80,0.00,49056120832.00,20228.92,0.00,57114.88
1787801373.271,6.70,2.62,2.77,35393.80,111982.17,0.00,3147.00,33846.07,0.00,49050419200.00,250189.99,0.00,40334.91
1787801376.32,7.12,1.92,4.53,34276.22,102053.33,0.00,3145.00,27071.14,0.00,49049530368.00,197229.80,0.00,33240.37
1787801379.353,7.66,2.24,4.88,27565.46,96186.82,0.00,3137.00,26351.75,0.00,49055399936.00,20291.16,0.00,26194.22
1787801382.387,13.44,5.01,7.25,86681.26,89615.31,0.00,3142.00,51205.23,0.00,49049645056.00,72762.05,0.00,83120.33
1787801385.413,12.70,7.77,4.12,42609.82,82535.26,0.00,3010.00,12156.89,0.00,49210281984.00,36691.63,0.00,40146.60
1787801388.443,7.40,4.51,2.72,42195.52,120401.03,1.00,2867.00,20744.83,15.93,49389178880.00,110102.79,0.00,52349.81
1787801391.481,9.75,3.85,4.77,41262.02,148392.97,0.00,2480.00,22750.44,47.27,49792409600.00,338857.52,0.01,47538.15
1787801394.521,5.64,2.84,2.92,55424.86,113265.39,0.00,2503.00,33360.00,31.49,49709510656.00,145094.31,0.00,61874.12
1787801397.544,8.47,3.58,3.58,43388.23,106802.71,1.00,2506.00,24805.66,15.94,49713205248.00,65295.56,0.00,47552.75
1787801400.592,9.77,3.62,4.46,50166.45,122921.10,0.00,2497.00,23893.80,0.00,49720254464.00,32264.07,0.00,56466.87
1787801403.632,10.44,2.46,4.00,33518.20,98635.26,0.00,2497.00,26509.48,0.00,49727602688.00,112943.23,0.00,33444.15
1787801406.672,8.65,2.77,4.38,33868.29,93331.03,0.00,2494.00,25946.48,0.00,49725042688.00,48333.26,0.01,35809.06
1787801409.702,7.68,2.79,3.80,51897.94,76977.62,0.00,2533.00,103656.96,0.00,49690886144.00,28452.67,0.00,51965.51
1787801412.746,6.11,2.31,2.47,38337.38,86279.82,0.00,3184.00,12545.90,0.00,49119653888.00,0.00,0.00,41473.38
1787801415.789,6.19,4.03,2.79,62204.42,124244.09,1.00,2707.00,28438.49,15.88,49611542528.00,89431.13,0.00,72851.83
1787801418.826,9.08,3.54,5.16,42840.22,91504.27,0.00,2722.00,27299.15,0.00,49601728512.00,64613.29,0.00,42182.52
1787801421.882,9.58,5.45,2.69,75826.03,158008.57,1.00,2719.00,34228.47,31.46,49599148032.00,281865.35,0.00,87235.11
1787801424.923,10.97,4.93,3.00,37075.98,119331.58,0.00,2749.00,25492.76,0.00,49462226944.00,32300.16,0.00,43662.75
1787801427.957,7.85,2.08,4.40,46485.80,96701.57,0.00,2755.00,26387.25,46.41,49461510144.00,360004.27,0.01,45802.79
1787801431.003,10.81,4.22,4.83,63568.41,107027.03,1.00,2734.00,24138.22,0.00,49471819776.00,16086.26,0.00,70387.61
1787801434.044,8.27,2.77,3.99,58250.06,99451.22,0.00,2718.00,26575.46,0.00,49484943360.00,80563.30,0.00,64092.01
1787801437.08,8.33,3.70,2.78,43352.60,119795.38,0.00,2718.00,33564.19,15.80,49490079744.00,80898.52,0.00,51592.41
1787801440.117,9.76,3.47,3.01,47209.43,118567.24,0.00,2720.00,25006.81,31.57,49483321344.00,840632.91,0.00,57430.73
1787801443.152,7.60,3.94,3.55,54126.17,121681.27,0.00,2721.00,34071.31,15.83,49480671232.00,307900.90,0.01,64203.38
1787801446.197,9.53,3.93,3.47,65782.56,82016.66,0.00,3363.00,333782.75,0.00,48818249728.00,2124797.91,0.02,64360.01
1787801449.228,10.01,4.10,3.94,65317.40,111752.73,0.00,3101.00,197921.71,0.00,49219993600.00,401529.14,0.01,78142.85
1787801452.272,8.38,4.77,3.23,55700.95,150639.90,0.00,2465.00,24365.11,2.95,49864069120.00,883181.19,0.02,64249.36
1787801455.309,8.55,3.78,4.09,47811.60,98549.57,0.00,2487.00,28233.63,0.00,49732689920.00,16181.48,0.00,52358.19
1787801458.343,13.61,8.24,4.47,73603.28,131606.19,0.00,2484.00,23533.10,21.68,49728417792.00,141289.28,0.00,87685.01
1787801461.38,8.00,3.08,4.01,36368.31,103474.61,0.00,2481.00,27909.99,31.56,49733849088.00,149489.85,0.00,34525.56
1787801464.419,8.77,4.77,2.23,40986.89,125392.65,1.00,2484.00,32733.71,47.32,49737625600.00,423975.77,0.00,53565.39
1787801467.459,9.34,1.46,5.15,35965.38,85218.56,0.00,2487.00,27696.18,0.00,49730134016.00,28208.76,0.00,31622.45
1787801470.504,11.94,2.62,5.62,43433.87,96431.20,0.00,2623.00,95435.42,0.00,49582448640.00,40383.43,0.00,40629.62
1787801473.546,7.91,3.31,3.61,44529.73,115577.72,1.00,2479.00,29942.03,32.48,49755635712.00,693328.54,0.01,52180.82
1787801476.58,7.03,3.27,3.50,37051.80,109465.78,1.00,3453.00,27949.24,15.94,49014779904.00,289719.70,0.00,43106.44
1787801479.612,5.82,1.94,2.72,21489.59,83982.89,0.00,2913.00,65381.96,111.29,49354436608.00,455858.26,0.00,20539.28
1787801482.657,12.06,6.33,3.86,52315.77,150703.65,1.00,2571.00,28802.35,0.00,49700003840.00,242637.59,0.01,62350.63
1787801485.691,6.49,3.17,2.70,43823.94,122915.64,0.00,2619.00,31844.70,15.83,49590652928.00,174298.23,0.00,52975.46
1787801488.729,7.37,4.12,3.19,49885.77,115422.73,0.00,2619.00,19218.73,0.00,49599442944.00,191413.71,0.00,58208.46
1787801491.774,8.39,3.84,3.00,43387.02,114823.34,0.00,2616.00,25889.68,0.00,49597648896.00,0.00,0.00,50961.83
1787801494.814,8.26,2.94,3.02,41803.36,106869.61,0.00,2617.00,26855.52,15.87,49601077248.00,190951.45,0.00,48066.89
1787801497.854,8.11,3.22,3.83,38292.35,126380.94,0.00,2619.00,22036.13,15.70,49602990080.00,92463.04,0.00,43155.26
1787801500.902,11.26,2.15,5.46,38390.92,82055.83,0.00,2616.00,29557.24,31.53,49587462144.00,217919.63,0.00,34173.90
1787801503.938,9.54,3.54,5.77,59414.13,177212.32,0.00,2598.00,28208.28,0.00,49607139328.00,367412.45,0.01,48555.57
1787801506.973,6.80,3.46,2.54,42620.11,130546.07,0.00,3135.00,30129.05,0.00,49064439808.00,80680.29,0.00,52211.68
1787801510.022,5.31,2.31,2.23,49657.34,94068.67,0.00,2298.00,168203.11,250.14,49954971648.00,1044734.35,0.01,58715.56
1787801513.059,11.74,6.79,3.09,66279.18,150087.17,0.00,2292.00,30412.02,14.83,49952980992.00,417006.77,0.02,76680.04
1787801516.097,8.65,3.70,2.62,41282.74,123185.49,0.00,2344.00,24842.03,0.00,49878298624.00,68670.11,0.00,49976.93
1787801519.131,7.30,1.39,5.01,35703.65,83519.93,1.00,2349.00,27975.44,12.82,49873768448.00,88883.81,0.00,33512.53
1787801522.178,7.81,2.00,4.77,32110.84,95542.26,0.00,2333.00,27694.47,0.00,49894715392.00,44396.28,0.00,31477.24
1787801525.224,12.60,2.61,5.67,32359.26,98549.01,1.00,2371.00,27009.23,10.80,49845440512.00,261308.12,0.01,30295.55
1787801528.259,17.00,6.70,3.62,32128.04,90011.37,1.00,2525.00,90965.85,0.00,49744596992.00,230212.01,0.01,28577.74
1787801531.304,9.88,3.47,3.70,53680.11,112279.41,1.00,2463.00,48226.52,15.78,49760952320.00,64618.86,0.00,59149.20
1787801534.352,8.79,2.56,3.56,27410.00,82081.40,0.00,2887.00,111368.93,31.71,49325191168.00,267844.24,0.03,27957.44
1787801537.399,9.19,4.08,2.70,45951.64,126625.81,1.00,2700.00,22765.83,0.00,49528344576.00,20190.72,0.00,56211.12
1787801540.441,5.63,3.63,1.85,49536.42,125058.28,0.00,2710.00,24993.07,0.00,49513873408.00,28339.85,0.00,61475.82
1787801543.493,8.99,5.69,2.23,58967.39,153567.74,0.00,2743.00,28127.59,15.76,49467633664.00,185556.83,0.00,69883.61
1787801546.548,10.09,4.68,4.15,36883.19,111726.78,0.00,2750.00,24468.55,15.73,49470722048.00,80516.72,0.00,44600.51
1787801549.593,6.11,2.70,2.86,43382.66,112844.97,0.00,2747.00,25407.03,0.00,49470353408.00,28360.60,0.00,52226.55
1787801552.635,9.41,3.08,4.39,39210.74,101629.46,3.00,2738.00,26532.72,15.79,49473445888.00,101084.55,0.00,42597.56
1787801555.676,7.56,1.77,4.93,33490.28,81618.94,0.00,2752.00,35349.92,0.00,49460727808.00,0.00,0.00,29331.59
1787801558.721,15.19,11.03,4.01,72880.89,79861.43,0.00,3569.00,272644.98,0.00,48668897280.00,537495.42,0.01,68071.24
1787801561.762,15.16,6.92,6.85,63846.95,92403.14,2.00,2944.00,246106.21,63.06,49254150144.00,488334.25,0.01,66516.97
1787801564.801,9.26,2.00,4.85,36129.95,114399.02,0.00,2510.00,28874.60,47.29,49710419968.00,952263.86,0.01,30647.83
1787801567.836,10.12,4.63,3.17,40115.04,124546.31,0.00,2522.00,25461.25,0.00,49686433792.00,52636.59,0.01,51084.39
1787801570.88,7.99,2.77,4.77,39623.17,107607.70,0.00,2529.00,26177.13,15.76,49686056960.00,64537.83,0.00,42982.86
1787801573.921,14.94,11.84,3.61,64277.08,112646.90,0.00,2887.00,302887.82,13.79,49299542016.00,1121503.10,0.02,61142.19
1787801576.957,9.54,2.77,3.62,42587.15,123488.15,0.00,2566.00,32302.22,0.00,49658707968.00,105004.66,0.01,50712.12
1787801579.996,7.88,2.63,2.63,43285.50,79205.12,0.00,3145.00,22294.39,0.00,49050025984.00,16201.16,0.00,46281.13
1787801583.036,7.20,1.54,2.32,24306.87,82697.28,0.00,2990.00,22135.49,0.00,49217581056.00,36401.06,0.00,23706.77
1787801586.077,6.72,1.70,2.94,32037.14,86813.29,0.00,2989.00,22272.76,0.00,49216258048.00,182458.47,0.00,33459.29
1787801589.122,8.81,2.40,4.02,22193.98,73337.06,0.00,2993.00,12171.08,16.81,49214062592.00,232937.88,0.01,23664.85
1787801592.161,5.23,1.47,3.17,41349.98,69098.55,0.00,2993.00,24257.51,0.00,49207398400.00,48596.09,0.00,40105.42
1787801595.192,7.27,2.62,4.24,32541.06,104459.37,0.00,2620.00,25722.63,0.00,49659482112.00,16176.24,0.00,35909.13
1787801598.241,11.32,2.77,4.93,62030.38,97148.54,0.00,2618.00,32830.63,0.00,49665818624.00,20184.66,0.00,61062.72
1787801601.278,11.30,3.31,5.53,27487.03,92255.69,0.00,2648.00,26355.68,0.00,49640120320.00,56414.33,0.00,26207.28
1787801604.324,17.13,10.67,4.91,48835.61,144878.62,0.00,2855.00,26817.41,15.71,49531359232.00,776326.05,0.01,56980.87
1787801607.356,9.14,5.88,2.47,39333.90,132526.27,0.00,2007.00,24732.14,0.00,50404356096.00,421588.48,0.00,51035.05
1787801610.395,8.68,4.70,3.54,42722.33,131262.04,0.00,2029.00,27849.53,15.78,50403577856.00,64618.40,0.00,52035.82
1787801613.442,7.34,2.92,4.00,46570.05,99363.87,0.00,2034.00,27076.68,15.75,50400186368.00,108873.79,0.01,49374.31
1787801616.469,12.63,3.88,4.89,41056.67,98589.70,0.00,2030.00,27121.17,0.00,50401308672.00,374747.88,0.00,43272.39
1787801619.501,8.47,1.47,5.71,38713.26,560611.22,0.00,1904.00,47983.08,1681.38,50766020608.00,7933329.19,0.03,35686.63
1787801622.534,10.10,4.34,6.12,38385.25,1068222.15,0.00,1950.00,94188.47,24199.03,50696691712.00,99508369.19,0.07,40166.13
1787801625.578,8.22,3.09,3.87,47651.24,110972.18,1.00,2063.00,34364.10,15.83,50398375936.00,453905.78,0.01,52744.76
1787801628.611,7.28,3.09,3.17,44714.99,111709.75,0.00,2068.00,25856.10,15.84,50411188224.00,494776.85,0.01,50789.18
1787801631.648,10.00,3.62,5.55,42271.20,76612.11,0.00,2067.00,27492.65,0.00,50402521088.00,246446.54,0.00,38663.33
1787801634.674,7.65,3.50,4.43,46538.22,140520.33,0.00,2088.00,26257.31,0.00,50324238336.00,236436.18,0.01,49210.81
1787801637.718,7.15,1.77,4.53,27777.08,91493.61,0.00,2114.00,26257.51,0.00,50287640576.00,0.00,0.00,26596.14
1787801640.76,8.30,2.30,5.67,47589.21,108708.88,0.00,2110.00,30511.74,0.00,50288689152.00,40200.75,0.00,46813.82
1787801643.789,8.81,3.19,4.20,46675.37,110015.96,0.00,2106.00,26721.70,0.00,50298630144.00,48935.36,0.00,51088.24
1787801646.823,10.17,4.25,4.02,53084.08,117908.01,0.00,2096.00,32492.10,14.84,50292785152.00,81042.28,0.00,60505.13
1787801649.855,6.97,2.94,3.86,56635.76,113760.36,1.00,2075.00,49895.83,45.52,50326118400.00,312100.80,0.01,61155.76
1787801652.89,8.11,2.77,4.16,53626.27,96406.16,1.00,2089.00,26360.63,0.00,50312916992.00,4743589.52,0.02,56418.74
1787801655.926,10.94,4.42,2.95,42199.32,133280.90,0.00,2085.00,27950.88,52.61,50321633280.00,898621.38,0.01,51020.08
1787801658.947,9.55,4.05,3.97,52956.55,118456.25,0.00,2089.00,26114.96,15.95,50317512704.00,134729.25,0.01,60452.51
1787801661.989,7.93,2.99,3.91,40813.30,119399.05,0.00,2093.00,24959.11,0.00,50310868992.00,40269.63,0.00,45585.84
1787801665.026,8.00,3.73,3.65,56486.84,133191.22,0.00,2096.00,27124.70,31.81,50310451200.00,455989.93,0.00,60856.39
1787801668.065,10.42,4.18,4.64,46053.68,113792.49,0.00,2097.00,32869.45,0.00,50306285568.00,32458.37,0.00,50460.60
1787801671.11,7.29,3.07,3.15,33543.51,106506.93,0.00,2082.00,25467.29,15.74,50322214912.00,80594.95,0.00,39787.94
1787801674.144,7.29,3.70,3.16,51787.50,114285.09,0.00,2098.00,24259.34,47.30,50304466944.00,213933.97,0.00,61091.33
1787801677.182,10.09,4.01,3.93,48944.32,119994.49,0.00,2089.00,24572.25,0.00,50302844928.00,16157.31,0.00,57303.92
1787801680.216,8.04,0.69,5.46,35037.95,81872.78,0.00,2101.00,27067.61,0.00,50295914496.00,133168.63,0.00,30722.44
1787801683.263,8.54,2.77,3.77,36377.97,107578.17,0.00,2095.00,22123.16,31.51,50303938560.00,116960.92,0.00,43043.91
1787801686.304,10.59,3.24,4.32,40155.46,107157.97,0.00,2095.00,25043.94,11.86,50299891712.00,210437.04,0.01,48100.37
1787801689.354,12.06,5.68,4.61,39696.76,116989.54,1.00,2112.00,31525.89,5.90,50285445120.00,60425.86,0.00,49536.28
1787801692.408,10.06,2.38,3.76,29036.51,92336.95,0.00,2112.00,26307.92,0.00,50286354432.00,16086.77,0.00,31049.52
1787801695.45,8.69,4.30,3.07,46066.53,147457.61,0.00,2109.00,36062.22,0.00,50288230400.00,580728.97,0.01,53061.75
1787801698.478,10.18,5.14,4.20,50042.43,125397.00,0.00,2104.00,24531.03,15.94,50290266112.00,81617.35,0.00,58928.07
1787801701.518,7.92,2.47,4.01,49053.42,98029.90,0.00,2106.00,26602.37,15.78,50285969408.00,88877.08,0.00,50956.76
1787801704.56,5.98,1.93,3.85,30353.48,101564.82,1.00,2114.00,25016.89,15.79,50286776320.00,64682.50,0.00,32915.59
1787801707.606,6.64,2.31,3.31,39785.13,116215.95,0.00,2114.00,21687.17,14.79,50288160768.00,76759.26,0.00,47474.37
1787801710.643,11.27,2.77,7.00,32924.08,110442.62,1.00,2105.00,71066.37,0.00,50301816832.00,584424.73,0.01,32454.27
1787801713.679,8.73,3.63,3.94,40637.70,104353.04,0.00,2098.00,25787.03,31.63,50299383808.00,145754.82,0.00,44020.08
1787801716.724,9.01,3.22,3.84,46621.17,130780.95,0.00,2104.00,33437.56,15.71,50296754176.00,68349.45,0.00,50588.32
1787801719.761,10.84,5.08,4.62,41927.92,111094.91,0.00,2115.00,25867.80,0.00,50285662208.00,16139.92,0.00,46077.75
1787801722.81,7.19,3.14,3.22,44755.65,125430.56,0.00,2115.00,25331.31,14.74,50292875264.00,136808.33,0.00,53098.38
1787801725.837,10.33,6.22,4.58,57594.77,92474.03,0.00,2112.00,26127.37,0.00,50285940736.00,122194.23,0.01,61642.00
1787801728.872,10.58,3.38,4.61,43988.52,87358.72,0.00,3497.00,312980.28,0.00,48849854464.00,278262.46,0.01,37227.50
1787801731.916,11.02,3.63,4.10,29134.13,81644.37,0.00,3322.00,12075.69,0.00,49015439360.00,93156.42,0.00,27098.82
1787801734.951,5.65,1.01,2.56,30773.05,84083.55,0.00,3325.00,22394.23,0.00,49011716096.00,73332.53,0.00,30755.15
1787801737.987,7.26,2.61,3.69,66667.22,111228.53,0.00,2953.00,127715.91,0.00,49401053184.00,68552.53,0.00,75470.82
1787801741.05,8.26,4.07,2.99,35401.64,119984.70,0.00,2967.00,23653.77,15.71,49399361536.00,301549.51,0.01,42092.68
1787801744.097,11.34,6.55,3.85,103147.06,218619.38,0.00,3104.00,286810.70,0.00,49232982016.00,408043.21,0.01,99562.79
1787801747.14,4.81,2.15,2.00,23380.18,104986.03,0.00,2944.00,12455.85,0.00,49409843200.00,16115.98,0.00,22113.09
1787801750.179,5.44,2.01,3.47,17187.07,78369.11,0.00,2968.00,22248.37,0.00,49387499520.00,52596.40,0.00,15923.88
1787801753.214,5.04,1.63,2.79,29662.40,85718.81,0.00,2798.00,67931.69,0.00,49567313920.00,142201.75,0.00,29653.11
1787801756.25,5.10,2.10,3.49,46988.81,79441.60,0.00,2588.00,26206.75,0.00,49786642432.00,52884.26,0.00,49432.77
1787801759.287,10.95,3.71,3.40,47991.27,116331.88,0.00,2181.00,33691.19,0.00,50212429824.00,20273.12,0.00,55396.45
1787801762.326,8.42,2.54,4.38,41866.73,107856.37,0.00,2182.00,26382.86,0.00,50214219776.00,20167.25,0.00,44295.01
1787801765.367,11.14,4.08,5.39,48358.26,79060.71,0.00,2184.00,25195.29,15.75,50211500032.00,419446.26,0.01,46078.76
1787801768.406,7.99,1.77,4.86,32290.11,94105.27,0.00,2183.00,25654.40,0.00,50211491840.00,121302.61,0.01,30962.17
1787801771.449,9.74,3.64,4.33,72337.55,118465.74,0.00,2152.00,49131.41,0.00,50232610816.00,81088.85,0.00,77149.40
1787801774.49,10.08,3.38,5.15,33253.70,90447.00,0.00,2168.00,25632.98,0.00,50229166080.00,44333.02,0.00,31427.20
1787801777.518,10.79,4.58,3.65,46185.90,131048.68,1.00,2168.00,27008.79,0.00,50238353408.00,727949.61,0.00,50267.52
1787801780.546,16.36,5.60,9.95,42666.50,108964.11,0.00,2146.00,67062.57,455.59,50225483776.00,2285775.45,0.01,39921.24
1787801783.58,9.73,3.39,4.32,30420.43,95535.96,0.00,2141.00,22804.46,0.00,50232528896.00,0.00,0.00,32191.18
1787801786.627,9.20,3.46,3.30,43675.93,114889.39,1.00,2200.00,26473.45,15.74,50226995200.00,84592.29,0.00,48890.47
1787801789.663,11.61,4.85,5.01,36220.93,106801.69,0.00,2204.00,26056.39,0.00,50225627136.00,20198.90,0.00,42141.28
1787801792.698,8.31,3.31,3.00,54594.90,110224.12,1.00,2194.00,27236.32,0.99,50227306496.00,48463.94,0.00,63165.12
1787801795.736,9.27,2.92,5.00,47428.95,89687.71,0.00,2200.00,25885.47,0.00,50236944384.00,270260.64,0.00,48837.78
1787801798.782,10.11,3.31,5.00,44692.57,104963.23,0.00,2199.00,25813.39,0.00,50228092928.00,64578.81,0.00,48576.40
1787801801.823,10.26,4.33,4.95,53197.66,101235.07,0.00,2200.00,32315.19,0.00,50225356800.00,149961.17,0.01,59298.61
1787801804.867,12.25,5.31,4.54,51548.48,146337.42,0.00,2190.00,24876.78,31.51,50225594368.00,237941.20,0.00,61831.49
1787801807.908,13.52,3.92,5.46,41594.96,132550.18,0.00,2187.00,34183.99,0.00,50233466880.00,96750.14,0.00,43222.15
1787801810.937,8.58,1.48,4.82,35947.66,96063.47,0.00,2193.00,26929.14,0.00,50226655232.00,232377.34,0.00,36247.09
1787801813.975,6.04,1.93,4.85,29398.15,88676.73,0.00,2197.00,26462.08,0.00,50224832512.00,68674.59,0.01,30685.57
1787801817.011,8.19,1.46,5.32,33593.26,90202.18,0.00,2209.00,26693.11,0.00,50207813632.00,16161.86,0.00,32128.32
1787801820.048,6.96,2.79,4.33,33394.69,106717.18,0.00,2201.00,23267.10,15.85,50221604864.00,101454.24,0.00,37077.06
1787801823.096,8.15,3.15,3.61,38136.78,107555.19,0.00,2206.00,25725.96,0.00,50221772800.00,0.00,0.00,43098.01
1787801826.135,6.62,2.32,3.70,32348.08,99013.77,0.00,2202.00,25122.48,0.00,50217967616.00,52647.57,0.00,34972.35
1787801829.18,5.51,2.85,2.85,32128.44,118376.53,0.00,2687.00,30496.36,0.00,49720020992.00,68584.79,0.00,40434.07
1787801832.21,8.00,3.81,4.20,34712.25,100357.33,0.00,2556.00,65581.31,0.00,49851772928.00,20406.66,0.00,38387.48
1787801835.252,8.64,3.85,3.46,41161.53,114695.01,0.00,2564.00,26673.03,0.00,49841860608.00,32263.63,0.00,50473.83
1787801838.287,12.67,5.81,4.42,60825.37,155903.56,0.00,2571.00,26691.54,0.00,49828372480.00,162449.53,0.00,69556.85
1787801841.331,8.89,3.68,3.68,35531.43,103582.41,0.00,2581.00,26398.56,0.00,49818394624.00,201184.30,0.01,44015.43
1787801844.377,9.16,2.46,4.38,38444.18,94676.98,0.00,2582.00,30957.29,15.73,49814114304.00,153029.51,0.00,39719.64
1787801847.427,8.44,2.39,5.31,38620.24,95976.93,1.00,2586.00,27176.47,15.76,49816113152.00,92779.17,0.00,40569.36
1787801850.47,9.85,2.85,5.24,29355.07,89900.58,1.00,2585.00,34438.09,0.00,49813168128.00,201979.46,0.00,26898.89
1787801853.505,9.49,3.31,4.08,36865.04,88392.28,0.00,2538.00,145895.24,0.00,49861607424.00,32312.26,0.00,36949.48
1787801856.551,12.27,3.46,6.54,38155.23,80586.49,0.00,2544.00,28422.52,110.37,49854357504.00,3055681.97,0.01,33665.67
1787801859.591,6.24,2.08,2.16,23826.42,78677.94,0.00,3675.00,11952.14,0.00,48674979840.00,48443.27,0.00,24962.33
1787801862.629,11.54,5.02,3.78,69176.66,125764.52,0.00,3331.00,49654.68,14.82,49018949632.00,93082.64,0.00,76234.88
1787801865.672,11.47,6.47,2.77,84619.86,87083.58,0.00,2910.00,244701.45,0.00,49454374912.00,504569.56,0.01,84538.53
1787801868.709,9.15,4.48,3.94,21571.70,105972.72,0.00,2596.00,101811.89,0.00,49802674176.00,68786.05,0.00,20049.24
1787801871.754,8.88,1.69,5.38,40183.90,88386.27,0.00,2421.00,35226.21,0.00,49963679744.00,161196.03,0.01,35157.94
1787801874.801,8.57,3.45,3.84,57746.62,78612.01,0.00,3226.00,257833.75,8.84,49129480192.00,631551.61,0.01,54750.25
1787801877.841,8.45,3.94,3.32,75004.33,125545.67,1.00,3045.00,26300.80,15.82,49304408064.00,93134.32,0.00,84948.91
1787801880.88,8.86,5.02,3.24,54218.77,95395.94,0.00,3563.00,216951.05,0.00,48766566400.00,525413.30,0.01,55574.45
1787801883.916,5.22,1.77,2.31,19902.28,81570.87,0.00,3489.00,41477.47,0.00,48926248960.00,153437.55,0.00,19148.57
1787801886.959,9.63,2.17,5.43,45706.78,85940.33,1.00,3073.00,27285.75,0.00,49281204224.00,44706.60,0.00,41721.44
1787801890.001,15.97,8.50,7.26,96401.51,92118.95,0.00,3140.00,353548.62,174.94,49199026176.00,2076785.95,0.03,92590.07
1787801893.05,8.78,4.08,3.39,49497.24,101981.75,0.00,3547.00,219416.92,0.00,48787959808.00,209780.45,0.00,53377.45
1787801896.093,3.47,1.24,2.17,15130.49,74578.09,0.00,3544.00,12070.90,0.00,48787935232.00,215161.06,0.01,14360.48
1787801899.128,10.71,5.31,3.93,59457.62,108046.35,0.00,3373.00,30361.92,0.00,48965931008.00,161446.76,0.00,64431.17
1787801902.177,4.61,1.54,2.70,22353.13,84556.38,1.00,3382.00,5405.93,0.00,48956018688.00,60642.76,0.00,21257.37
1787801905.211,5.41,1.77,2.23,17713.74,72597.49,0.00,3408.00,22282.13,0.00,48929726464.00,326445.18,0.00,15880.63
1787801908.249,7.72,1.85,2.93,14280.19,79551.33,0.00,3415.00,11981.26,0.00,48925876224.00,16172.44,0.00,13030.74
1787801911.283,10.35,3.25,4.17,34122.54,101492.89,0.00,2971.00,25509.77,0.00,49387532288.00,206706.36,0.00,38881.56
1787801914.319,6.62,0.93,5.32,56880.09,68076.90,0.00,2970.00,26369.91,0.00,49386336256.00,32371.38,0.00,52952.17
1787801917.353,9.18,3.08,4.55,77323.91,80523.29,0.00,3712.00,472471.87,0.00,48626900992.00,286992.77,0.01,72736.99
1787801920.406,10.40,3.52,3.36,41791.48,104258.99,0.00,3264.00,216595.20,48.94,49089220608.00,557217.17,0.01,46146.68
1787801923.445,6.14,1.55,2.78,60062.37,76640.48,0.00,3253.00,18025.84,0.00,49095442432.00,24319.44,0.00,60717.75
1787801926.486,11.62,4.39,4.85,44645.88,76874.58,0.00,3249.00,22067.66,0.00,49095761920.00,36334.91,0.00,49146.73
1787801929.522,4.75,2.32,2.71,25678.55,109541.05,0.00,3251.00,23078.56,0.00,49091121152.00,146274.29,0.00,24934.62
1787801932.564,9.85,3.85,3.46,24759.70,73877.31,1.00,3258.00,11870.24,0.00,49089191936.00,576798.58,0.01,25453.51
1787801935.605,6.35,2.46,3.23,39390.93,146568.55,0.00,3203.00,52007.88,10424.41,49133056000.00,43895517.79,0.37,31621.60
1787801938.635,8.04,2.55,3.94,43450.30,88000.08,0.00,2323.00,128455.03,0.00,50059100160.00,267774.12,0.01,41493.15
1787801941.677,9.51,2.77,5.01,29283.22,90351.97,0.00,2318.00,33921.94,0.00,50061692928.00,197960.82,0.00,25078.74
1787801944.717,9.46,3.94,3.94,69767.44,75433.58,0.00,4582.00,550017.82,0.00,47703633920.00,404752.56,0.01,65451.50
1787801947.762,9.06,2.71,3.17,66018.77,95398.84,0.00,5849.00,168421.78,0.00,46367891456.00,296056.23,0.01,68636.09
1787801950.802,11.29,2.30,6.22,101481.72,89078.50,0.00,5152.00,58853.87,0.00,47093669888.00,426785.69,0.00,96739.07
1787801953.844,11.19,2.00,6.46,30657.62,85460.12,3.00,5149.00,26252.78,0.00,47091068928.00,0.00,0.00,26443.91
1787801956.88,8.97,4.08,2.31,42033.60,122011.61,1.00,4532.00,25693.55,0.00,47751229440.00,32303.51,0.00,49918.94
1787801959.92,11.94,4.46,3.00,63375.24,106356.42,0.00,5866.00,12614.33,0.00,46343036928.00,20186.08,0.00,72216.97
1787801962.955,10.27,1.55,5.50,34262.30,91200.87,0.00,5175.00,33449.18,0.00,47070814208.00,89356.46,0.01,30288.92
1787801965.996,9.08,2.16,4.77,46785.83,85527.24,1.00,5177.00,25753.99,15.77,47064875008.00,72683.76,0.00,43393.96
1787801969.032,15.00,8.80,3.86,48451.11,112019.18,0.00,4316.00,73647.03,0.00,47972077568.00,1391621.49,0.03,55925.30
1787801972.075,8.84,6.19,0.70,22198.31,76940.35,0.00,4044.00,29121.67,0.00,48252878848.00,762705.96,0.02,19043.49
1787801975.118,3.94,1.70,2.16,34989.30,80121.19,0.00,3249.00,91914.90,44.41,49107369984.00,234460.81,0.00,40319.12
1787801978.158,8.21,3.08,3.31,59789.92,129460.81,0.00,3430.00,25811.04,64.00,49259626496.00,304470.97,0.00,69890.15
1787801981.195,8.22,3.73,3.88,40215.67,103663.79,0.00,3422.00,26747.45,0.00,49268625408.00,0.00,0.00,46906.55
1787801984.227,10.37,3.88,5.28,55444.00,206805.86,1.00,3421.00,35920.82,15.92,49270288384.00,325963.31,0.00,47907.79
1787801987.264,9.27,4.17,3.40,30589.09,95171.32,0.00,2737.00,62889.11,15.83,50020978688.00,247245.95,0.01,33917.72
1787801990.315,8.22,4.38,3.77,41883.37,118922.00,0.00,2360.00,235048.83,0.00,50419023872.00,338633.77,0.01,42010.18
1787801993.355,9.89,4.34,2.79,36326.19,84531.14,0.00,2326.00,11991.92,31.77,50041303040.00,130116.33,0.00,34533.43
1787801996.389,10.66,2.63,4.10,23916.45,80841.44,0.00,2348.00,22287.99,0.00,50064863232.00,275560.57,0.00,23549.33
1787801999.427,6.18,1.47,2.40,16784.69,72846.90,0.00,2364.00,25156.74,6.93,50049941504.00,93294.74,0.01,16813.89
1787802002.459,7.24,1.47,2.56,20979.37,84090.06,0.00,2360.00,12014.14,0.00,50043539456.00,16250.28,0.00,21044.25
1787802005.507,6.77,2.85,4.31,29319.96,113716.73,0.00,1958.00,25718.41,24.64,50474950656.00,113041.56,0.00,36273.46
1787802008.538,6.83,1.09,5.29,19415.95,81684.17,1.00,1966.00,26634.48,0.00,50465415168.00,118235.66,0.01,15857.33
1787802011.578,9.98,3.25,5.81,32281.06,88892.41,0.00,2640.00,267687.81,0.00,49850294272.00,2559158.88,0.01,26716.51
1787802014.62,7.86,2.69,2.92,39602.42,105101.71,1.00,2507.00,232019.48,0.00,49919184896.00,1102795.11,0.01,43729.04
1787802017.667,12.17,7.56,3.78,43771.36,115244.36,0.00,2086.00,31412.84,15.82,50404925440.00,109331.53,0.00,49678.54
1787802020.717,11.04,4.38,5.22,44681.73,141445.09,0.00,2077.00,28049.63,0.00,50398965760.00,0.00,0.00,48672.17
1787802023.76,7.56,3.38,3.69,41105.02,112504.27,0.00,2107.00,27888.66,0.00,50310885376.00,60399.70,0.00,47951.83
1787802026.802,13.46,8.52,3.15,60768.19,108341.54,0.00,2112.00,25293.20,62.94,50308288512.00,430982.49,0.00,67560.11
1787802029.834,10.00,4.80,3.18,44641.45,126300.67,0.00,2110.00,24357.55,0.00,50307788800.00,48740.88,0.00,57409.56
1787802032.88,10.32,3.77,4.46,29910.19,106719.31,0.00,2309.00,42494.01,15.75,50311610368.00,64509.78,0.00,31938.83
1787802035.92,9.80,5.46,4.23,57046.67,95070.57,0.00,2258.00,266819.05,0.00,50286968832.00,26144498.09,0.30,57880.94
1787802038.963,11.33,6.16,4.00,62465.76,127472.20,0.00,2513.00,68780.98,15.78,50123575296.00,383785.57,0.01,70021.53
1787802042.007,6.83,3.46,2.46,78871.46,95949.17,0.00,3749.00,235072.86,0.00,48824463360.00,765100.17,0.01,83407.41
1787802045.044,12.08,4.47,5.47,24489.15,82576.32,0.00,3606.00,57427.60,0.00,48978194432.00,60574.64,0.00,24336.81
1787802048.081,6.54,3.01,2.63,31983.65,104896.02,0.00,3237.00,68198.34,15.84,49377112064.00,93239.14,0.00,37120.37
1787802051.123,13.65,7.22,4.76,49198.44,146716.15,0.00,3236.00,23246.55,0.00,49374003200.00,185287.99,0.00,57647.67
1787802054.147,9.47,5.60,2.96,102162.77,124412.41,0.00,3449.00,31566.93,0.00,48896880640.00,8916128.23,0.07,108807.99
1787802057.178,8.33,3.16,4.01,61608.82,110340.36,0.00,3452.00,24862.61,0.00,48897159168.00,60687.25,0.00,68312.81
1787802060.222,6.87,3.61,2.99,51926.53,110732.76,0.00,3430.00,28875.27,15.73,48925532160.00,112733.07,0.00,57566.93
1787802063.272,11.64,4.99,5.45,28473.14,91985.98,0.00,3443.00,26383.15,15.71,48912039936.00,261484.18,0.01,28447.09
1787802066.32,7.77,3.60,3.14,54614.12,131061.32,0.00,3443.00,24842.00,15.71,48913670144.00,168884.38,0.00,66610.95
1787802069.354,7.74,3.62,3.00,45489.95,118920.37,2.00,3443.00,25250.85,0.00,48912515072.00,56495.70,0.00,54761.41
1787802072.387,9.24,3.03,3.89,37029.46,95494.46,0.00,3426.00,26872.27,0.99,48929861632.00,228189.48,0.00,39948.03
1787802075.429,7.48,2.32,4.17,33751.06,101553.55,0.00,3428.00,32356.91,15.81,48928436224.00,174024.62,0.01,36016.43
1787802078.474,9.24,2.62,4.77,80140.21,103891.55,0.00,3432.00,26799.47,0.00,48916676608.00,60548.63,0.00,81746.15
1787802081.528,13.51,6.11,3.71,86627.15,128215.51,0.00,5154.00,345303.34,0.00,47101759488.00,1707799.79,0.05,85005.60
1787802084.57,8.12,2.46,3.16,29780.16,97461.53,0.00,4407.00,134634.24,234.62,47892041728.00,2717475.80,0.01,33058.73
1787802087.619,6.42,3.32,2.78,39976.82,124128.78,0.00,4410.00,22943.53,15.81,47906009088.00,93062.25,0.00,49842.42
1787802090.667,10.79,3.56,4.72,43493.80,121434.93,0.00,4399.00,23282.57,31.73,47898685440.00,239662.65,0.06,54246.40
1787802093.716,8.16,3.16,4.32,40616.00,121349.48,0.00,4422.00,26964.47,15.79,47877292032.00,133433.39,0.00,50314.69
1787802096.749,7.28,3.32,3.09,36693.80,124798.01,0.00,4424.00,32134.47,31.59,47879299072.00,420571.79,0.01,46473.03
1787802099.793,9.00,3.61,4.38,42892.72,122144.93,0.00,4426.00,26637.27,0.00,47880949760.00,24159.04,0.00,53997.09
1787802102.831,9.04,3.92,4.00,77338.84,122529.77,0.00,4412.00,55236.97,15.76,47885070336.00,108954.76,0.00,87992.85
1787802105.871,13.34,4.65,3.49,46618.41,116050.67,0.00,4419.00,25885.22,0.00,47885320192.00,117914.93,0.00,57619.39
1787802108.914,12.77,4.71,4.40,41516.64,118658.55,0.00,4421.00,25402.66,45.51,47887646720.00,445746.16,0.01,51265.88
1787802111.945,11.68,5.52,2.57,72989.92,150749.28,0.00,4416.00,28248.26,17.92,47884165120.00,648332.11,0.01,83851.37
1787802114.975,6.47,1.71,2.95,16353.24,72032.31,0.00,3949.00,12114.47,0.00,48370696192.00,16271.80,0.00,16016.71
1787802118.016,7.33,4.08,2.92,41097.03,129315.76,0.00,3662.00,25627.73,0.00,48715595776.00,16152.52,0.00,53965.79
1787802121.051,7.62,3.08,2.46,46293.33,110870.19,0.00,3266.00,238875.65,0.00,49135239168.00,238192.60,0.00,52443.04
1787802124.086,7.93,2.79,3.71,24531.82,87557.06,0.00,2782.00,145556.13,48.52,49642958848.00,275794.11,0.00,23972.27
1787802127.13,8.29,3.77,3.31,47436.11,127013.86,0.00,2766.00,24935.08,31.55,49655607296.00,145369.38,0.00,57866.34
1787802130.167,11.92,5.95,5.10,118250.74,126835.73,0.00,2735.00,65030.34,0.00,49688379392.00,24326.61,0.00,128937.29
1787802133.204,8.54,3.63,2.86,39160.58,124257.49,0.00,2746.00,23885.74,0.00,49682206720.00,24313.12,0.00,51744.51
1787802136.238,9.45,3.10,3.10,41180.73,118926.83,0.00,2726.00,26116.69,0.00,49712132096.00,97655.97,0.01,49118.14
1787802139.273,9.57,3.93,3.77,44408.31,127258.21,0.00,2730.00,26004.89,0.00,49709940736.00,16134.51,0.00,55949.56
1787802142.312,8.54,3.77,3.31,37806.06,147410.74,0.00,2735.00,25435.55,15.76,49705263104.00,415622.37,0.00,47375.37
1787802145.348,10.69,3.39,3.16,37203.88,120280.70,0.00,2763.00,32689.65,15.80,49634553856.00,327583.71,0.00,48792.11
1787802148.392,7.54,2.47,3.24,35710.04,119055.53,0.00,2774.00,24594.15,0.00,49619951616.00,52566.51,0.00,42803.42
1787802151.426,7.22,3.00,3.23,41610.04,110443.02,0.00,2774.00,26117.82,29.55,49619611648.00,121030.21,0.00,48999.51
1787802154.464,11.76,4.63,5.24,38818.90,102182.03,0.00,2776.00,25751.89,18.76,49615593472.00,206275.78,0.01,42444.62
1787802157.498,9.08,3.11,5.91,28373.46,79923.45,0.00,2782.00,21118.28,0.00,49614069760.00,154989.53,0.01,24139.52
1787802160.539,8.39,1.31,5.76,32822.73,83587.66,0.00,2779.00,27569.56,0.00,49615577088.00,92624.14,0.00,27930.24
1787802163.591,15.91,9.67,4.99,61240.18,103143.27,0.00,4163.00,358649.01,0.00,48161595392.00,579223.06,0.01,56074.99
1787802166.632,7.06,3.26,3.10,66351.93,115031.76,0.00,3346.00,215634.84,15.87,49054212096.00,284388.07,0.00,73924.06
1787802169.669,9.59,5.47,3.54,49066.84,117463.23,0.00,3198.00,23552.95,50.26,49207480320.00,611482.02,0.03,57852.18
1787802172.71,10.76,5.56,5.25,76815.13,123278.41,1.00,3195.00,33959.41,0.00,49210716160.00,121518.13,0.00,82624.56
1787802175.753,8.44,2.08,5.61,55920.60,113097.48,0.00,3225.00,27040.96,47.22,49132929024.00,229683.42,0.00,53695.40
1787802178.791,11.48,5.54,5.54,55763.87,130254.22,0.00,3831.00,47196.33,15.76,48526667776.00,64538.21,0.00,63953.90
1787802181.83,3.08,1.55,1.85,16732.87,91249.89,0.00,3464.00,12251.19,0.00,48918257664.00,376781.89,0.00,14950.69
1787802184.868,8.68,4.03,3.64,37496.40,110696.25,0.00,2980.00,25515.22,47.63,49429708800.00,451123.70,0.02,43959.41
1787802187.913,9.25,4.45,3.61,48375.43,120809.82,0.00,3010.00,37765.23,61.92,49432358912.00,297915.12,0.00,51760.29
1787802190.963,14.57,6.83,7.52,76348.63,86630.48,0.00,3792.00,272697.10,22.60,48606289920.00,366177.90,0.00,69695.61
1787802194.01,9.31,4.63,3.86,54793.60,123661.34,0.00,3595.00,30998.89,0.00,48792350720.00,52649.95,0.00,61014.23
1787802197.047,7.32,2.00,3.01,37279.09,87888.78,0.00,3033.00,275112.45,31.59,49389838336.00,432644.34,0.01,37182.63
1787802200.094,8.43,2.85,3.54,48097.67,119040.59,0.00,2746.00,25615.73,77.78,49714688000.00,524247.22,0.02,51144.54
1787802203.142,8.99,4.08,3.85,57350.17,130570.71,0.00,2752.00,26457.19,67.94,49704845312.00,282315.04,0.00,61386.92
1787802206.169,13.13,8.55,5.52,38888.48,110829.59,0.00,2835.00,25889.53,14.91,49554264064.00,61082.64,0.00,39588.92
1787802209.21,9.31,2.39,5.47,57770.59,74565.40,0.00,3162.00,164628.54,0.00,49209487360.00,230112.52,0.00,53052.69
1787802212.247,6.68,2.85,3.16,49553.43,111169.12,0.00,2999.00,26960.38,0.00,49379065856.00,190089.26,0.00,57638.62
1787802215.291,10.95,4.30,3.84,59966.48,82031.18,0.00,3766.00,59210.04,15.74,48568160256.00,253834.03,0.01,66918.24
1787802218.335,8.89,4.61,3.76,59668.80,116367.19,0.00,3274.00,64743.67,15.73,49084227584.00,88573.84,0.00,65010.34
1787802221.379,8.65,3.63,3.40,44686.77,117811.21,0.00,3281.00,24578.86,0.00,49078087680.00,457724.19,0.00,55553.73
1787802224.415,16.89,7.85,6.77,49604.95,218580.89,0.00,3259.00,28118.31,0.00,49129660416.00,246241.91,0.01,45602.65
1787802227.448,9.15,3.71,2.78,39622.32,120718.98,0.00,3268.00,21705.76,15.84,49096400896.00,847387.77,0.01,50040.53
1787802230.482,8.86,3.54,3.62,51622.34,133944.82,0.00,3257.00,29266.82,21.69,49112092672.00,382072.53,0.01,60006.71
1787802233.532,8.42,4.15,4.15,60598.65,136953.00,0.00,3248.00,27733.90,0.00,49116405760.00,76597.46,0.00,62554.83
1787802236.568,8.67,1.86,4.73,42806.35,82481.02,0.00,3274.00,34697.48,0.00,49092075520.00,48742.48,0.00,39465.45
1787802239.608,11.47,2.07,4.69,58547.90,71171.21,2.00,3276.00,28274.99,15.75,49076137984.00,620815.63,0.01,53413.78
1787802242.657,6.92,2.08,2.69,63006.17,89140.92,0.00,3873.00,147988.20,0.00,48465817600.00,173536.70,0.00,67962.80
1787802245.702,7.87,4.23,3.77,40486.35,75497.99,0.00,4482.00,12002.08,0.00,47830163456.00,145063.80,0.01,40164.37
1787802248.75,4.13,1.55,2.01,26618.16,79712.93,0.00,4464.00,22260.82,0.00,47840260096.00,44598.86,0.00,25901.29
1787802251.786,11.81,4.93,5.86,76975.74,124949.89,0.00,3918.00,50106.58,0.00,48404529152.00,36410.26,0.00,85114.13
1787802254.832,8.47,2.31,4.23,28362.27,89537.67,0.00,3936.00,25973.00,0.00,48388485120.00,16122.66,0.00,25920.95
1787802257.873,13.74,1.85,4.87,29965.56,85409.52,1.00,3942.00,34562.49,0.00,48380600320.00,20250.61,0.00,24901.64
1787802260.918,6.98,2.31,5.39,36026.52,94486.33,0.00,3950.00,27119.45,0.00,48363888640.00,173614.96,0.01,30047.29
1787802263.961,10.09,4.48,4.63,61934.84,145180.30,0.00,3933.00,25910.13,0.00,48390111232.00,20227.17,0.00,69933.58
1787802266.993,9.23,2.09,3.88,41738.76,83275.02,0.00,4616.00,21785.59,0.00,47668510720.00,280545.47,0.00,44268.20
1787802270.031,5.00,2.18,2.64,18876.26,77831.09,0.00,4621.00,15039.30,0.00,47671910400.00,0.00,0.00,17580.18
1787802273.073,9.46,4.71,4.17,33614.26,114349.79,0.00,4071.00,24523.23,0.99,48239521792.00,117453.64,0.00,41656.23
1787802276.116,9.89,1.92,5.91,45951.49,71068.73,0.00,4090.00,27103.00,0.00,48207867904.00,92565.23,0.01,42267.54
1787802279.161,9.13,2.15,5.46,38676.88,87200.17,0.00,4092.00,34544.60,0.00,48209248256.00,16127.51,0.00,33311.27
1787802282.2,10.51,1.39,5.32,48703.26,81610.07,0.00,4092.00,26622.36,0.00,48204226560.00,113129.97,0.00,45162.35
1787802285.253,7.04,2.84,3.38,46912.26,109380.34,0.00,4547.00,162937.33,0.00,47741087744.00,455089.86,0.00,51745.24
1787802288.292,6.18,2.33,3.11,19629.47,85000.31,0.00,4527.00,12179.18,0.00,47749410816.00,40786.45,0.00,20087.38
1787802291.336,9.14,2.31,3.47,23674.94,83776.36,0.00,4526.00,22097.53,0.00,47748947968.00,254722.77,0.01,22438.43
1787802294.372,6.57,3.08,2.69,51743.44,109747.83,0.00,4419.00,24027.54,0.00,47857967104.00,201864.09,0.00,52014.94
1787802297.414,5.43,1.78,2.79,21553.55,83812.64,0.00,4418.00,12002.80,0.00,47865266176.00,243383.58,0.00,20946.10
1787802300.445,7.95,1.63,3.65,52686.29,88151.77,0.00,4391.00,33011.19,0.00,47894544384.00,93646.84,0.00,51565.44
1787802303.484,9.23,3.56,3.09,19208.82,129178.80,0.00,4383.00,26277.16,316.70,47909670912.00,1346353.38,0.01,15213.01
1787802306.531,4.83,1.39,2.93,18395.83,81982.83,0.00,4381.00,29583.02,15.80,47907540992.00,157744.53,0.16,17079.21
1787802309.577,7.46,3.62,2.70,45291.76,117647.83,0.00,3896.00,24212.79,15.79,48413220864.00,2777449.65,0.01,54788.25
1787802312.614,8.48,2.32,4.48,26600.60,81797.06,0.00,3883.00,18878.45,0.00,48432373760.00,230727.59,0.00,25407.52
1787802315.657,10.72,1.69,4.68,29770.73,90446.24,1.00,3890.00,26195.57,0.00,48417165312.00,36227.24,0.00,27204.53
1787802318.692,8.82,1.32,5.28,42222.13,81569.93,0.00,3887.00,27906.16,2.98,48419356672.00,54468.11,0.00,37736.99
1787802321.735,7.25,4.08,2.62,63078.14,113951.30,0.00,3894.00,269690.98,0.99,48427069440.00,221951.83,0.01,67921.07
1787802324.765,11.19,4.96,5.27,36813.18,185237.99,0.00,5426.00,23774.31,15.89,46826151936.00,2294634.79,0.01,32725.59
1787802327.802,9.82,4.63,4.86,33658.63,122651.52,0.00,5415.00,20626.62,0.00,46821154816.00,262732.34,0.00,32397.36
1787802330.837,6.94,1.62,3.17,21619.89,126960.51,0.00,5424.00,24193.47,7.92,46818312192.00,109045.47,0.00,19400.37
1787802333.881,16.30,6.94,7.71,63598.37,384449.41,0.00,5347.00,49319.27,13941.68,46866493440.00,62597515.30,0.93,39349.65
1787802336.919,9.49,3.56,5.65,42076.85,258572.94,0.00,5276.00,50050.69,398.15,46947639296.00,5093243.74,0.03,31035.50
1787802339.961,6.84,2.48,3.34,17090.14,83357.13,0.00,5267.00,16481.34,1017.98,46954106880.00,6660243.63,0.03,15859.22
1787802343.01,8.31,3.26,3.96,23865.96,114100.23,0.00,5200.00,36293.53,567.50,46985867264.00,3632539.38,0.02,21182.02
1787802346.057,4.95,1.24,2.93,22928.20,75570.55,0.00,5151.00,35904.52,0.00,47126052864.00,44576.18,0.00,22100.04
1787802349.099,10.92,4.00,5.69,61854.94,109884.55,0.00,4208.00,31790.51,0.00,48023875584.00,698122.27,0.00,71104.04
1787802352.137,8.28,3.73,3.11,36733.27,112515.98,0.00,4211.00,17008.67,15.91,48010358784.00,1120187.33,0.01,43926.35
1787802355.169,8.04,3.02,5.42,67570.37,106751.52,0.00,4218.00,26981.76,0.00,47991279616.00,519661.09,0.00,64590.01
1787802358.194,13.24,3.11,6.22,27206.53,81534.91,0.00,4224.00,26797.10,0.00,47987728384.00,32642.65,0.00,23594.14
1787802361.244,10.44,2.76,5.83,29192.81,84981.10,0.00,4220.00,25603.90,0.98,47994396672.00,48302.87,0.01,25153.10
1787802364.286,10.12,5.19,3.56,78003.36,144271.46,0.00,3290.00,27308.57,0.00,48962912256.00,36568.82,0.00,86683.86
1787802367.328,5.76,1.46,2.62,35719.35,84090.13,0.00,4980.00,12226.10,15.75,47198617600.00,149210.01,0.01,38709.75
1787802370.364,12.50,5.26,5.95,99993.72,118981.46,0.00,4186.00,69510.28,11.87,48020209664.00,417267.39,0.01,108027.48
1787802373.396,9.93,2.94,4.25,29678.80,84129.87,0.00,4190.00,24654.45,15.84,48020037632.00,174370.14,0.00,32259.82
1787802376.435,8.17,1.85,5.55,26180.68,115073.21,0.00,4201.00,34824.67,13.82,48017883136.00,145536.40,0.01,21589.65
1787802379.476,10.34,1.70,5.48,69790.85,78055.21,0.00,4199.00,25988.09,0.00,48003383296.00,20243.27,0.00,65959.37
1787802382.524,10.77,1.47,5.42,26719.26,88595.34,0.00,4186.00,26845.15,0.00,47992868864.00,85263.74,0.00,23594.30
1787802385.567,10.48,6.81,3.56,76253.22,110335.61,1.00,3308.00,412164.61,0.00,49014886400.00,125785.37,0.00,77197.76
1787802388.615,5.87,1.84,2.84,32257.96,85334.95,0.00,5051.00,12140.92,0.00,47188795392.00,16085.78,0.00,35108.13
1787802391.668,5.14,1.39,2.93,27578.00,80626.42,0.00,4520.00,159832.02,10.84,47758020608.00,774883.91,0.01,26709.65
1787802394.71,8.40,2.38,4.99,37152.48,85487.92,1.00,4268.00,25597.27,0.00,48001191936.00,80459.22,0.00,34767.51
1787802397.751,10.94,1.39,6.25,30939.05,82161.01,0.00,4270.00,33238.81,0.00,48006193152.00,28324.16,0.00,26127.99
1787802400.79,7.80,1.39,5.02,28648.07,75255.79,1.00,4280.00,25600.59,0.00,47995879424.00,24292.83,0.00,24434.06
1787802403.832,13.35,3.25,6.65,76270.90,131884.29,1.00,4266.00,50537.38,0.00,48001884160.00,129768.54,0.00,68697.12
1787802406.869,17.31,11.08,5.08,83469.53,110376.98,1.00,3167.00,693269.40,0.00,49164836864.00,5299512.93,0.09,81888.52
1787802409.915,7.91,5.89,0.54,10373.18,73130.69,0.00,2808.00,30661.54,11.90,49532997632.00,775545.56,0.01,7064.32
1787802412.964,5.45,3.45,1.61,24229.33,75378.84,0.00,2297.00,188043.17,7.86,50066472960.00,240520.40,0.01,22700.57
1787802416.001,11.23,6.57,3.79,39606.18,126649.71,1.00,2209.00,39904.07,39.59,50541686784.00,616154.17,0.00,49142.45
1787802419.054,11.52,4.08,6.16,23784.51,93502.20,0.00,2256.00,38194.65,0.00,50526441472.00,40388.61,0.00,19209.60
1787802422.083,9.00,2.79,3.95,27479.59,108605.86,0.00,2262.00,26669.68,28.75,50517389312.00,190842.42,0.00,31211.98
1787802425.115,7.81,4.40,2.47,52983.20,128889.75,0.00,2572.00,29264.81,0.00,50155573248.00,40503.01,0.00,67136.71
1787802428.156,4.17,2.08,2.23,22037.20,88205.90,0.00,2984.00,12683.28,0.00,49781555200.00,266207.05,0.00,21575.68
1787802431.195,6.50,0.77,3.16,36259.03,77303.94,0.00,2758.00,47507.07,15.80,50004766720.00,121380.39,0.01,37432.48
1787802434.245,5.59,3.95,1.94,49362.22,126307.34,1.00,2462.00,24921.27,0.00,50326044672.00,24389.34,0.00,62160.38
1787802437.282,8.89,2.54,5.39,28034.40,112566.87,1.00,2456.00,27876.86,39.38,50321281024.00,274741.61,0.00,24744.33
1787802440.32,10.25,2.08,4.85,40565.84,94503.09,0.00,2455.00,35763.58,31.55,50313064448.00,173678.37,0.00,39250.21
1787802443.367,12.47,6.48,3.32,53070.69,129830.37,0.00,3115.00,25048.49,0.00,49601478656.00,1192960.04,0.01,63985.62
1787802446.416,5.73,3.38,2.31,42473.96,121940.21,1.00,2471.00,67081.98,31.51,49895890944.00,193595.02,0.01,52320.29
1787802449.45,7.46,3.55,3.47,36054.61,125501.87,0.00,2475.00,25735.52,15.80,49894330368.00,117295.97,0.00,43300.53
1787802452.495,7.72,2.32,5.26,30559.88,102427.92,0.00,2504.00,27707.73,0.00,49895555072.00,206804.13,0.01,32623.64
1787802455.548,9.89,3.16,4.62,45088.60,100204.98,0.00,2495.00,25718.88,27.59,49888247808.00,153381.04,0.00,50823.34
1787802458.596,10.00,4.24,4.08,36804.55,121878.15,1.00,2777.00,24104.45,0.00,49595998208.00,286776.30,0.00,46732.08
1787802461.629,7.43,1.93,3.25,18484.02,81398.04,1.00,3188.00,19543.65,0.00,49163300864.00,178476.55,0.14,17888.44
1787802464.661,10.63,5.05,4.81,57856.23,197335.33,0.00,2677.00,65880.12,0.00,49697636352.00,195339.29,0.00,54222.08
1787802467.701,8.94,3.00,5.07,45686.77,118185.45,1.00,2668.00,28150.49,5.90,49704001536.00,189340.64,0.01,46599.84
1787802470.738,12.59,4.39,6.46,27273.68,91352.70,0.00,2690.00,27069.87,0.00,49684144128.00,56459.40,0.00,24798.80
1787802473.782,5.90,1.92,2.69,26530.50,71803.74,0.00,3647.00,11970.73,0.00,48652341248.00,8022997.49,0.11,26625.18
1787802476.823,10.01,3.99,2.61,82517.71,106518.49,0.00,3184.00,214732.72,0.00,49138548736.00,221330.99,0.00,90869.85
1787802479.85,8.04,3.11,3.19,39467.74,109886.87,0.00,2571.00,22968.15,0.00,49784008704.00,0.00,0.00,48025.79
1787802482.888,9.19,3.61,3.68,46608.33,118717.44,0.00,2559.00,33764.61,31.44,49783562240.00,257526.65,0.00,56268.41
1787802485.931,10.27,4.26,5.26,50490.53,180788.18,2.00,2509.00,47684.79,166.56,49812996096.00,1872580.48,0.01,48715.44
1787802488.963,7.27,3.24,3.71,57890.01,116141.89,0.00,4280.00,68781.83,51.41,47958982656.00,230840.24,0.00,65650.61
1787802492.009,8.26,3.01,4.17,67690.43,116978.20,0.00,4263.00,51525.65,0.00,47966978048.00,1969429.29,0.01,76306.14
1787802495.05,11.35,3.24,4.63,31059.88,101405.24,0.00,3434.00,139188.69,0.00,48835743744.00,0.00,0.00,34710.03
1787802498.088,9.90,4.85,3.31,93739.64,135961.86,0.00,3428.00,23910.40,15.75,48830623744.00,330650.30,0.01,103627.35
1787802501.121,10.57,4.82,3.42,44525.51,137269.31,0.00,3443.00,22299.08,31.85,48814944256.00,212004.04,0.01,58823.10
1787802504.166,7.43,2.38,4.75,33168.66,87591.51,0.00,3443.00,27876.94,0.98,48821653504.00,76334.22,0.00,29569.55
1787802507.203,10.31,2.41,2.80,31345.17,66341.22,0.00,3546.00,187115.79,0.00,48715669504.00,69212.83,0.00,29605.88
1787802510.241,7.23,3.30,2.99,61790.60,122107.52,0.00,3383.00,33005.19,0.00,48887078912.00,164879.66,0.01,69357.49
1787802513.279,7.92,2.78,2.93,70984.63,83353.45,0.00,3884.00,180772.40,0.00,48359415808.00,234755.70,0.00,82163.44
1787802516.31,13.36,4.63,4.32,35596.43,121466.99,2.00,3399.00,65832.25,5.93,48872136704.00,84995.07,0.00,45943.92
1787802519.344,9.31,4.09,3.24,49388.33,123019.65,1.00,3394.00,24628.44,0.00,48876060672.00,267183.85,0.01,58120.91
1787802522.382,7.96,1.39,5.09,48521.36,81333.16,0.00,3401.00,27246.04,0.00,48867835904.00,80913.38,0.00,44573.85
1787802525.42,10.93,1.69,5.76,27969.47,75763.89,0.00,3402.00,27729.55,0.00,48863784960.00,132908.35,0.01,23527.03
1787802528.462,10.35,4.47,3.47,54651.64,148562.50,0.00,3333.00,25083.52,0.00,48939372544.00,206301.31,0.01,62601.57
1787802531.504,10.87,3.56,5.18,39307.85,125092.22,0.00,3329.00,32126.31,15.84,48940732416.00,182503.92,0.00,43945.62
1787802534.553,5.57,0.93,2.31,37837.91,77411.16,0.00,4390.00,22294.87,0.00,47833468928.00,303240.26,0.00,43356.14
1787802537.591,7.86,4.00,3.46,63172.47,125129.89,0.00,3894.00,24255.60,15.75,48347885568.00,205687.14,0.00,73023.26
1787802540.632,10.87,5.17,4.09,78391.75,242280.93,0.00,3887.00,41173.96,3018.03,48359485440.00,20528872.48,0.09,82597.71
1787802543.672,8.55,2.10,4.82,23399.00,81646.24,0.00,3892.00,20248.35,0.00,48349761536.00,342395.92,0.01,19178.05
1787802546.712,7.82,4.73,3.25,64844.08,109252.63,1.00,3827.00,75642.00,0.00,48412020736.00,7925184.90,0.04,66850.49
1787802549.747,8.30,3.63,4.02,39934.99,122652.23,0.00,3824.00,23695.87,0.00,48418082816.00,56771.08,0.00,46396.86
1787802552.79,5.42,1.23,3.01,20990.13,83556.76,0.00,4363.00,29697.36,0.00,47853563904.00,56610.77,0.00,19112.54
1787802555.828,6.28,1.69,2.77,17927.09,73067.66,0.00,4208.00,11905.39,0.00,48018595840.00,52487.04,0.00,16714.61
1787802558.879,8.22,4.17,3.78,37047.79,139947.56,0.00,3851.00,25582.43,0.00,48396132352.00,291363.46,0.02,39430.86
1787802561.905,9.58,1.79,4.73,33193.75,77365.34,0.00,3865.00,26514.27,0.00,48385146880.00,16275.52,0.00,29249.73
1787802564.95,7.56,4.09,2.70,56447.97,127113.27,0.00,3868.00,25000.94,0.00,48380051456.00,36373.61,0.00,64753.19
1787802567.997,9.13,2.84,3.53,40191.74,104235.42,0.00,4083.00,172098.04,0.00,48182677504.00,217311.30,0.00,39698.33
1787802571.037,7.01,1.23,2.54,20017.40,86104.15,0.00,4537.00,11958.50,0.00,47669305344.00,16179.03,0.00,18179.57
1787802574.074,6.44,2.01,3.25,17698.74,80207.07,0.00,4545.00,29684.99,0.00,47669243904.00,377721.30,0.01,16087.53
1787802577.112,8.61,3.38,4.76,31341.09,89106.15,0.00,4017.00,26259.71,0.00,48221024256.00,136982.88,0.00,31924.00
1787802580.145,8.30,1.62,5.39,36533.04,86188.67,0.00,3998.00,34016.78,0.00,48239583232.00,52502.20,0.00,32169.94
1787802583.175,8.92,4.33,3.02,49255.01,120588.33,1.00,3826.00,24502.72,0.00,48420990976.00,97357.24,0.00,58348.51
1787802586.211,5.71,2.24,2.17,66416.25,83643.25,0.00,4548.00,11973.10,0.00,47659917312.00,36522.65,0.00,69344.63
1787802589.258,6.44,2.55,2.86,22673.93,105910.28,0.00,4539.00,22931.18,0.00,47673737216.00,441747.81,0.01,21638.25
1787802592.297,6.49,2.47,2.93,26180.11,87271.33,0.00,4189.00,113573.90,0.00,48045580288.00,68765.51,0.00,26810.72
1787802595.337,9.93,2.02,5.35,29406.27,81588.14,3.00,4010.00,27346.59,0.00,48228376576.00,52854.86,0.00,24440.08
1787802598.374,10.07,4.31,5.47,79196.81,118344.86,0.00,3791.00,132480.53,0.00,48450088960.00,44401.62,0.00,84175.67
1787802601.412,6.52,3.15,2.77,37908.38,107206.01,1.00,3790.00,33021.74,0.00,48449458176.00,48366.54,0.00,43008.33
1787802604.448,6.98,2.47,3.56,42900.44,76242.81,0.00,4537.00,22305.14,0.00,47667007488.00,291981.61,0.01,43255.66
1787802607.49,5.99,1.86,2.02,26285.03,84470.66,0.00,4534.00,22108.30,0.00,47669485568.00,69048.90,0.00,26993.17
1787802610.53,13.71,4.15,6.38,120239.64,105280.54,0.00,3970.00,153098.12,123.00,48264380416.00,681163.81,0.01,122642.47
1787802613.568,7.22,1.77,4.70,58406.27,78989.98,0.00,3971.00,26474.80,0.00,48253587456.00,32351.06,0.00,54819.17
1787802616.62,7.53,3.91,3.07,40346.74,128937.52,0.00,3731.00,32537.82,0.00,48501350400.00,193070.43,0.01,48061.29
1787802619.665,9.54,4.56,4.09,63190.40,128524.96,0.00,3146.00,175197.02,0.00,49119203328.00,514471.69,0.01,69175.15
1787802622.713,7.41,3.16,3.93,40588.43,122122.39,0.00,2862.00,34561.23,15.78,49418129408.00,88890.90,0.00,49809.09
1787802625.752,8.73,4.47,3.62,29775.42,95182.74,0.00,3217.00,152939.86,31.56,49061695488.00,339283.03,0.00,31721.13
1787802628.79,11.59,2.77,3.93,34940.87,105253.56,1.00,2886.00,65429.19,15.78,49394622464.00,84826.10,0.00,40438.43
1787802631.821,9.46,1.86,4.42,35022.27,85817.47,1.00,2885.00,27263.93,0.00,49403412480.00,93572.83,0.00,33868.35
1787802634.86,10.94,3.85,4.39,40537.61,114714.47,0.00,2886.00,25777.93,15.77,49403150336.00,436007.22,0.01,46935.45
1787802637.903,8.33,3.00,4.76,34605.77,122589.99,0.00,2889.00,24775.87,0.00,49402056704.00,48340.08,0.00,37581.01
1787802640.951,7.65,2.45,4.14,43364.47,109627.78,0.00,2883.00,25464.65,0.00,49406705664.00,32188.63,0.00,50066.88
1787802643.988,11.30,3.94,5.71,79135.70,177156.08,0.00,2876.00,59603.41,0.00,49406107648.00,360434.36,0.00,73142.64
1787802647.024,8.82,2.62,4.24,35425.41,90073.62,0.00,2887.00,27497.37,15.80,49402044416.00,198155.64,0.02,38365.11
1787802650.063,9.10,3.70,3.86,44933.55,123651.43,0.00,2883.00,25172.38,0.00,49402241024.00,311376.58,0.01,50295.28
1787802653.103,7.51,2.77,3.00,44912.07,110400.47,0.00,2864.00,24908.44,0.00,49424838656.00,310879.40,0.00,52509.24
1787802656.152,8.14,2.92,3.23,32884.28,112086.25,0.00,2886.00,26643.43,31.49,49400168448.00,173346.16,0.00,38550.88
1787802659.19,7.71,2.91,3.91,46249.78,101197.69,0.00,2889.00,27372.44,0.00,49399885824.00,353543.58,0.01,47137.72
1787802662.227,8.10,4.17,3.24,48511.33,124065.78,0.00,2881.00,33086.65,0.00,49400680448.00,145780.16,0.01,58251.61
1787802665.27,7.08,2.69,3.54,53491.39,103387.32,0.00,2884.00,32373.05,31.55,49397940224.00,266516.45,0.00,58160.89
1787802668.315,6.35,2.40,2.55,20050.89,67086.44,0.00,3423.00,18440.21,0.00,48840613888.00,16219.70,0.00,19541.36
1787802671.354,12.00,4.49,4.34,69102.40,130713.13,0.00,3099.00,59610.18,0.00,49168007168.00,20302.95,0.00,78675.97
1787802674.406,12.88,7.19,4.56,56183.86,96219.03,0.00,3907.00,271095.85,262.31,48332689408.00,1285274.90,0.01,55282.38
1787802677.434,6.96,3.19,3.43,34525.87,108768.48,0.00,3750.00,27245.67,15.94,48494030848.00,346882.67,0.01,39406.62
1787802680.473,10.03,4.69,2.85,73533.61,148674.79,0.00,3765.00,26370.78,28.55,48473489408.00,439510.42,0.00,80771.64
1787802683.514,10.09,4.40,3.55,57575.25,121067.94,0.00,3766.00,25483.21,0.00,48472682496.00,16182.82,0.00,69675.94
1787802686.554,8.94,2.39,4.40,42637.85,99475.47,0.00,3771.00,26393.73,31.60,48459309056.00,149673.43,0.00,46041.37
1787802689.591,11.61,5.57,4.26,62264.95,117794.11,0.00,3772.00,19132.30,0.00,48470294528.00,16234.07,0.00,71542.88
1787802692.625,10.50,3.08,5.31,63070.00,100730.99,0.00,3772.00,33838.59,0.00,48473763840.00,686512.69,0.00,64162.44
1787802695.656,7.53,2.87,3.79,37394.42,117795.60,0.00,3767.00,23474.64,0.00,48472502272.00,16246.03,0.00,43592.75
1787802698.691,9.75,2.62,3.85,43631.03,112526.48,0.00,3769.00,25068.30,0.00,48466141184.00,24220.74,0.00,46873.31
1787802701.727,10.57,3.86,3.79,35231.03,130071.46,0.00,3771.00,24666.37,0.00,48471470080.00,16214.64,0.00,43097.33
1787802704.773,11.98,5.22,4.61,81472.92,196283.31,0.00,3720.00,27281.83,35.39,48517971968.00,1069567.40,0.01,79797.87
1787802707.812,7.60,2.39,3.62,53374.40,109628.63,0.00,3758.00,25225.10,127.23,48479887360.00,3970970.97,0.01,57557.49
1787802710.849,13.70,4.87,5.72,52752.10,137960.49,1.00,3765.00,24721.58,15.83,48471785472.00,190436.60,0.00,55668.02
1787802713.889,13.16,5.22,5.14,44613.92,112036.65,0.00,3761.00,34515.01,31.46,48482865152.00,169116.67,0.00,46788.81
1787802716.937,7.48,2.00,3.93,28727.41,91057.31,1.00,3762.00,27132.65,78.95,48481787904.00,347626.35,0.00,27150.37
1787802719.978,8.10,2.69,4.53,33641.85,101462.80,0.00,3757.00,27432.83,31.49,48488534016.00,157187.49,0.00,35630.58
1787802723.013,10.65,4.44,3.97,69664.06,92311.25,0.00,3293.00,12550.04,0.00,48975093760.00,65214.03,0.00,71900.74
1787802726.048,7.88,2.62,3.31,41497.52,109012.85,0.00,2958.00,18571.33,0.00,49319698432.00,137336.29,0.01,46587.78
1787802729.089,7.91,2.79,2.25,48517.27,91082.69,0.00,3359.00,251397.47,0.00,48910721024.00,248057.68,0.00,48424.85
1787802732.124,3.55,1.55,2.09,37236.54,81923.76,0.00,3314.00,23017.48,407.98,48949497856.00,1703554.64,0.00,35566.15
1787802735.155,5.65,3.33,3.02,40700.39,113041.87,0.00,2721.00,35265.21,63.48,49584648192.00,26897819.27,0.12,45507.38
1787802738.192,13.54,7.76,4.07,148856.61,96125.38,0.00,2809.00,26362.18,0.00,49504751616.00,92641.30,0.00,151284.70
1787802741.232,11.16,4.64,4.33,48346.41,145517.33,1.00,2812.00,34128.45,0.00,49497825280.00,2047449.82,0.01,47823.46
1787802744.262,10.45,3.80,4.88,40904.19,116431.23,0.00,2812.00,21379.62,0.00,49490018304.00,16252.95,0.00,44375.60
1787802747.319,10.49,3.84,4.76,48231.58,106384.81,0.00,2813.00,27866.15,0.00,49489412096.00,0.00,0.00,48898.78
1787802750.359,7.95,2.31,4.24,36247.41,86776.83,0.00,2813.00,26474.47,0.00,49484709888.00,113307.62,0.01,38428.25
1787802753.4,10.95,2.23,5.30,37917.10,82790.12,0.00,2820.00,27081.82,0.00,49480273920.00,68421.36,0.00,35179.55
1787802756.431,9.25,3.72,5.11,33695.51,87946.36,0.00,3598.00,88899.53,0.00,48872194048.00,276261.14,0.01,30552.61
1787802759.467,6.15,3.00,3.08,65682.74,113432.21,0.00,3515.00,177462.43,0.00,48752324608.00,226026.82,0.00,72286.45
1787802762.51,9.77,4.74,3.03,48586.36,138378.98,0.00,2904.00,30739.95,15.90,49391149056.00,101780.67,0.00,62671.08
1787802765.552,9.17,2.93,4.86,51026.96,103799.90,0.00,2895.00,26749.18,0.00,49377353728.00,242560.67,0.01,56194.30
1787802768.588,9.88,3.78,4.94,53255.61,108962.96,0.00,2904.00,27376.07,15.80,49373933568.00,489572.71,0.00,60780.08
1787802771.631,9.22,6.05,3.41,40837.52,108613.41,0.00,3603.00,176280.19,0.00,48651005952.00,29280056.62,0.41,42314.10
1787802774.675,6.79,2.78,2.71,47307.72,93009.04,0.00,3166.00,260099.87,0.00,49102245888.00,1395476.30,0.01,51520.10
1787802777.71,8.76,2.85,4.31,38707.82,101040.15,0.00,2695.00,24920.53,0.00,49602699264.00,16135.07,0.00,42164.30
1787802780.751,8.69,2.15,4.85,60937.50,80100.57,2.00,2671.00,30950.88,0.98,49627869184.00,84720.94,0.00,56885.85
1787802783.8,5.43,3.18,2.17,34226.28,80846.11,0.00,4077.00,63080.02,0.00,48155410432.00,557265.13,0.00,33614.98
1787802786.836,8.83,3.32,4.55,66518.42,100198.60,0.00,4406.00,198870.42,31.62,47844679680.00,562631.64,0.00,66602.95
1787802789.877,6.25,3.25,3.33,41745.24,119915.10,0.00,3941.00,30456.48,15.84,48335429632.00,93272.36,0.00,49262.51
1787802792.92,10.59,4.98,5.13,43445.24,119215.56,0.00,3943.00,22995.27,15.91,48323334144.00,81481.59,0.00,52239.84
1787802795.974,5.84,3.00,3.46,38311.58,118164.87,0.00,3950.00,25219.05,0.00,48320135168.00,44276.57,0.00,44761.98
1787802799.006,9.91,4.55,4.47,62390.70,115526.36,0.00,3946.00,26685.39,0.00,48320339968.00,20230.87,0.00,67355.03
1787802802.05,9.70,3.69,4.92,50964.29,104674.95,0.00,3955.00,24681.94,15.74,48314957824.00,576155.86,0.00,49891.13
1787802805.087,10.20,3.63,4.78,39406.93,106231.96,0.00,3985.00,33833.81,0.99,48237600768.00,16183.96,0.00,41384.05
1787802808.123,8.94,3.08,4.85,46578.59,87560.48,0.00,3132.00,246987.24,0.00,49140817920.00,343416.22,0.00,41828.67
1787802811.155,7.25,3.17,3.32,35470.65,109449.82,2.00,3257.00,37322.23,15.82,49012989952.00,344178.34,0.00,38985.14
1787802814.203,8.89,3.31,3.54,35029.15,119015.41,1.00,3253.00,24635.63,0.00,49012736000.00,44370.92,0.00,39876.06
1787802817.238,5.09,1.46,2.47,49135.76,67143.82,1.00,3445.00,22284.55,0.00,48807469056.00,20212.92,0.00,58129.37
1787802820.275,9.25,3.96,3.80,40178.10,135527.14,0.00,2975.00,26095.03,688.05,49304567808.00,2964849.31,0.03,48666.78
1787802823.299,9.46,3.43,3.66,64023.48,117195.37,0.00,2963.00,26946.14,16.94,49307058176.00,346900.13,0.01,68679.46
1787802826.332,8.83,3.94,4.10,36610.20,128248.53,0.00,2961.00,32865.26,0.00,49312653312.00,214847.42,0.01,42588.17
1787802829.37,9.91,2.92,6.31,42500.69,81843.04,0.00,2962.00,27103.80,0.00,49312911360.00,16130.36,0.00,37977.86
1787802832.413,9.28,3.00,5.38,43734.93,115501.27,0.00,2965.00,35884.16,0.00,49317191680.00,133062.38,0.00,39425.56
1787802835.46,14.77,5.48,8.80,79512.63,354671.05,0.00,2914.00,319496.13,11912.72,49349206016.00,50256069.03,0.66,52147.87
1787802838.504,8.54,4.23,3.70,53813.97,124083.84,0.00,3818.00,23157.87,0.00,48399773696.00,347127.67,0.00,64005.37
1787802841.543,6.87,1.24,2.70,36940.52,73225.83,0.00,4411.00,9168.07,0.00,47786930176.00,129728.80,0.00,37339.04
1787802844.585,5.61,2.16,2.71,21232.37,80723.39,0.00,4069.00,108177.82,0.00,48146317312.00,117556.92,0.00,19949.00
1787802847.624,6.48,2.31,3.38,43368.13,112784.90,0.00,3892.00,27732.06,0.00,48328024064.00,32258.57,0.00,46131.00
1787802850.661,12.73,3.32,6.24,108952.35,102308.30,0.00,3870.00,61154.27,0.00,48345473024.00,8083.77,0.00,104688.32
1787802853.695,10.34,2.02,4.50,39798.76,61990.20,0.00,3868.00,31795.70,0.00,48346562560.00,0.00,0.00,35840.74
1787802856.743,10.71,2.00,6.31,26570.03,85412.74,1.00,3877.00,24179.64,0.00,48339701760.00,1686299.12,0.02,20596.29
1787802859.781,9.34,4.17,3.71,64109.55,111966.90,0.00,3904.00,21733.91,0.00,48312733696.00,20260.85,0.00,74938.46
1787802862.833,5.23,3.01,2.55,59149.41,97492.45,0.00,4566.00,9902.81,0.00,47622750208.00,88933.83,0.00,58283.98
1787802865.869,8.99,2.85,3.93,22957.75,79556.94,0.00,4562.00,19267.53,0.00,47629840384.00,56611.03,0.00,21293.68
1787802868.91,11.16,2.77,4.69,27182.43,70614.27,0.00,4045.00,23903.61,0.00,48170905600.00,100795.97,0.01,26050.93
1787802871.951,6.83,0.77,5.06,23642.71,68526.95,0.00,4044.00,24142.60,0.00,48171884544.00,144814.33,0.00,21622.21
1787802874.991,9.24,1.69,5.06,31735.82,63574.71,1.00,4037.00,31153.74,0.00,48169746432.00,52267.76,0.00,27979.53
1787802878.035,8.73,2.07,4.76,67501.87,73919.29,0.00,4034.00,24905.60,0.00,48168574976.00,112779.77,0.00,64540.79
1787802881.068,10.26,4.87,4.17,38613.66,130677.20,0.00,3798.00,21738.35,16.80,48430743552.00,291497.28,0.01,49805.57
1787802884.114,9.34,3.54,3.70,52789.10,169233.62,1.00,4490.00,34253.84,0.00,47689613312.00,739248.61,0.01,45920.19
1787802887.159,3.93,2.01,2.24,17641.31,60899.73,0.00,4490.00,9097.01,0.00,47697281024.00,218304.56,0.00,18628.03
1787802890.202,6.23,1.70,2.24,24644.57,70081.29,0.00,4325.00,9359.69,47.54,47873986560.00,198764.85,0.00,23935.26
1787802893.242,13.22,6.99,5.92,53974.88,100354.12,0.00,4310.00,20999.75,0.00,47882637312.00,600939.20,0.02,63625.47
1787802896.285,4.12,1.54,2.07,14694.09,64865.56,0.00,4374.00,16389.90,15.73,47821492224.00,177174.54,0.00,14501.74
1787802899.323,9.62,4.47,4.70,21176.58,99114.09,0.00,4403.00,19452.88,0.00,47794475008.00,40321.33,0.00,18681.61
1787802902.362,3.29,1.47,2.16,15548.14,79663.87,1.00,4407.00,9184.08,15.80,47790264320.00,295344.60,0.00,14246.14
1787802905.398,11.95,5.02,5.25,26500.17,62055.38,1.00,4396.00,19374.71,0.00,47794925568.00,400638.53,0.00,25974.62
1787802908.439,9.18,2.93,3.70,42252.32,106977.00,0.00,3897.00,21171.08,0.00,48327135232.00,16176.23,0.00,47860.92
1787802911.489,11.14,4.84,4.15,67239.52,109686.13,0.00,3880.00,44859.48,0.00,48335884288.00,48367.58,0.00,77128.08
1787802914.529,7.39,4.00,2.23,37223.03,130425.67,1.00,3894.00,14252.84,0.00,48321896448.00,64458.93,0.00,44444.84
1787802917.565,7.63,4.10,3.09,40465.04,120406.54,0.00,3898.00,27860.26,0.00,48328278016.00,275896.44,0.01,49787.28
1787802920.606,7.35,3.15,3.53,33983.79,121601.87,0.00,3906.00,22468.95,0.00,48318619648.00,24176.75,0.00,38140.35
1787802923.652,6.74,2.23,4.62,51829.54,94962.32,2.00,3900.00,23689.31,0.00,48313765888.00,109046.73,0.02,48265.49
1787802926.682,9.88,3.19,5.53,35286.66,95697.24,1.00,3897.00,22990.73,0.00,48311619584.00,28567.29,0.00,35659.43
1787802929.727,8.95,4.38,4.76,28506.51,86699.32,1.00,3900.00,22737.51,0.00,48319090688.00,0.00,0.00,27265.35
1787802932.763,7.20,1.31,4.76,24093.19,89714.72,0.00,3905.00,22643.78,0.00,48315760640.00,233604.20,0.00,20796.71
1787802935.802,8.69,1.39,5.16,31007.33,102371.29,0.00,3905.00,21723.06,0.00,48314302464.00,56511.70,0.00,30332.40
1787802938.846,12.72,1.46,5.60,40334.92,79411.68,3.00,3901.00,30435.74,0.00,48318361600.00,16104.48,0.01,35382.34
1787802941.894,8.79,3.62,3.78,46292.95,115877.48,0.00,3645.00,22133.76,0.00,48593399808.00,238536.03,0.00,54425.29
1787802944.926,13.25,6.28,4.42,52575.72,246224.94,0.00,3138.00,131813.54,11063.71,49132474368.00,118162619.60,0.54,45823.98
1787802947.971,6.74,4.10,3.09,29206.57,102301.59,0.00,3152.00,19456.54,0.00,49111904256.00,2308445.05,0.01,28609.40
1787802951.01,5.48,3.97,2.26,27442.17,66183.53,0.00,3032.00,25695.10,0.00,49234345984.00,23450806.79,0.40,26138.04
1787802954.043,9.46,6.52,2.72,33965.74,67407.31,0.00,2796.00,19477.64,0.00,49479274496.00,426959.31,0.00,31917.13
1787802957.087,8.21,6.07,2.61,22190.34,83253.86,0.00,2812.00,19181.42,0.00,49464287232.00,334293.73,0.00,19753.53
1787802960.121,8.03,6.43,2.01,21813.59,77508.68,0.00,2808.00,12415.66,0.00,49471909888.00,52753.66,0.00,19493.05
1787802963.164,9.98,6.40,3.47,20279.61,66689.87,2.00,2805.00,19245.69,0.00,49467392000.00,149659.92,0.00,18113.81
1787802966.215,9.08,6.07,2.53,35519.12,75819.19,0.00,2804.00,17045.76,36.35,49469431808.00,221342.36,0.00,32710.75
1787802969.255,10.16,6.54,2.46,16470.72,67701.26,0.00,2802.00,9345.00,0.00,49472139264.00,0.00,0.00,14542.51
1787802972.293,11.94,8.93,2.93,53060.47,91580.36,1.00,2023.00,152613.56,0.99,50307276800.00,8270071.41,0.08,52149.53
1787802975.334,14.66,9.70,5.08,40508.85,122479.36,0.00,1870.00,21438.79,0.00,50576867328.00,811217.46,0.01,44987.44
1787802978.378,12.22,6.94,4.78,31912.58,99278.77,0.00,1881.00,23168.14,0.00,50565005312.00,220811012.20,0.48,34350.92
1787802981.415,10.50,6.46,4.23,30612.47,81542.02,0.00,1829.00,22105.18,0.00,50558877696.00,443639.62,0.01,30497.51
1787802984.456,12.35,7.16,5.23,30808.84,86744.79,0.00,1839.00,24537.16,0.00,50552078336.00,133123.52,0.00,27729.56
1787802987.497,12.67,6.46,5.15,19221.68,82512.44,0.00,1970.00,30165.81,0.00,50552463360.00,36313.63,0.00,16090.20
1787802990.523,11.70,6.85,5.68,18496.19,84526.97,0.00,1970.00,23007.87,0.00,50550513664.00,16328.55,0.00,15566.35
1787802993.554,13.64,7.62,5.52,19831.74,75434.35,0.00,1971.00,23113.44,0.00,50550816768.00,65311.19,0.00,16953.85
1787802996.597,18.25,12.00,4.95,45827.79,121004.43,0.00,3387.00,65879.12,0.00,49057935360.00,860257.58,0.04,50029.97
1787802999.636,12.09,9.08,2.33,51070.70,99659.64,0.00,3114.00,34750.53,0.00,49335754752.00,8810169.51,0.03,56189.52
1787803002.671,11.78,7.07,2.72,95548.18,59148.30,0.00,2182.00,132349.80,0.99,50320039936.00,6044566.67,0.01,97617.49
1787803005.704,10.12,4.98,3.65,54004.42,143232.79,0.00,2599.00,23425.52,0.00,50320642048.00,2350218.75,0.01,68183.17
1787803008.731,10.27,6.30,3.34,55578.21,123013.40,1.00,2594.00,33253.14,0.00,50318106624.00,3890518.24,0.01,69216.32
1787803011.775,9.38,5.46,3.31,42935.98,121812.61,0.00,2598.00,22597.31,0.00,50305552384.00,3473314.49,0.01,54517.87
1787803014.821,9.58,5.07,4.30,80668.30,109850.16,1.00,2620.00,31981.73,2383.88,50122297344.00,18134466.06,0.09,83273.23
1787803017.848,20.53,10.19,9.72,49138.98,139656.62,0.00,2669.00,282456.78,153078.88,49811652608.00,639036941.78,0.62,53876.25
1787803020.877,19.11,7.28,11.61,49916.81,183167.01,1.00,2817.00,199257.00,75083.29,49936871424.00,327716787.73,0.36,50545.07
1787803023.918,12.83,6.69,5.46,42728.31,157338.67,0.00,2962.00,120959.00,57112.20,49916698624.00,260471487.27,0.26,53478.54
1787803026.958,12.27,5.63,5.63,58848.06,198198.78,0.00,3209.00,66163.26,18108.46,49924571136.00,79293874.55,0.15,54269.12
1787803030.001,10.51,4.40,5.17,38153.93,114996.47,0.00,3204.00,43449.32,224.35,49948672000.00,1738676.67,0.02,46312.51
1787803033.041,8.93,4.49,3.41,37921.25,117677.20,1.00,3211.00,24381.77,0.00,49940320256.00,138045.40,0.01,46961.50
1787803036.07,9.28,5.57,3.17,41877.49,145661.09,1.00,3196.00,30525.23,7.92,49950040064.00,527335.89,0.01,53138.08
1787803039.109,10.07,4.38,3.07,35834.24,110393.06,1.00,3178.00,23813.41,0.00,49956306944.00,76561.80,0.00,42863.53
1787803042.135,10.18,3.56,4.34,33643.92,110627.62,0.00,3181.00,24548.00,4.96,49954390016.00,88847.17,0.01,37351.32
1787803045.177,8.45,2.94,4.40,33120.99,92187.93,0.00,3170.00,25612.81,0.00,49967894528.00,68835.97,0.00,36484.91
1787803048.231,9.32,4.30,4.38,33137.43,111309.83,0.00,3151.00,22494.40,16.70,49979420672.00,99263203.89,0.18,40411.23
1787803051.268,13.79,7.71,4.16,46513.86,114825.06,0.00,3249.00,69052.34,0.00,49981030400.00,19390821.56,0.03,46145.97
1787803054.308,9.77,2.77,4.53,32188.63,89794.92,0.00,3307.00,24374.09,0.00,49981644800.00,294098.18,0.00,30782.96
1787803057.343,9.38,3.78,4.48,42210.91,98814.67,0.00,3323.00,34428.38,0.00,49980731392.00,113355.77,0.00,45131.60
1787803060.381,9.00,2.63,4.95,35660.34,108080.13,0.00,3327.00,24820.84,0.00,49982222336.00,13696359.72,0.02,33317.27
1787803063.422,9.66,4.73,3.80,42720.93,116142.48,1.00,3331.00,22757.80,0.00,49980755968.00,1904437.68,0.01,45618.52
1787803066.455,10.80,6.13,3.42,57190.37,120562.60,0.00,3324.00,21393.46,0.00,49990275072.00,187290.66,0.00,65328.46
1787803069.487,9.42,3.48,4.64,37322.68,101499.85,0.00,3337.00,21732.22,0.00,49983332352.00,243255.18,0.02,40414.88
1787803072.52,7.00,2.40,4.27,34460.62,99384.78,0.00,3327.00,31608.26,0.00,49985642496.00,44732.29,0.00,36232.55
1787803075.557,8.00,2.85,4.15,34224.88,86269.43,0.00,3329.00,24240.90,0.00,49981427712.00,56483.95,0.00,37171.98
1787803078.596,10.22,3.33,5.73,41999.37,96389.36,1.00,3640.00,32649.87,0.00,49466933248.00,77562138.10,0.10,36868.35
1787803081.632,9.96,3.09,4.79,34406.98,65861.87,0.00,3599.00,24346.52,0.00,49507942400.00,48675.22,0.00,32105.68
1787803084.664,7.45,1.62,5.03,30775.93,66704.46,0.00,3601.00,24431.47,0.00,49506963456.00,210847.18,0.01,27643.40
1787803087.693,7.00,4.12,3.19,33313.45,77835.76,1.00,3763.00,19419.68,0.00,49338585088.00,16286.44,0.00,33807.65
1787803090.721,13.41,4.43,7.85,83656.97,156660.22,0.00,3704.00,66277.14,78.59,49419489280.00,1081365.66,0.01,77089.50
1787803093.765,9.06,4.54,3.85,58288.96,299187.31,0.00,3393.00,21757.63,15.76,49751453696.00,6585582.69,0.01,63141.57
1787803096.799,11.04,5.72,3.56,77335.63,372886.38,0.00,3510.00,286087.88,0.00,49625636864.00,182504.37,0.00,71045.66
1787803099.831,9.63,3.55,3.86,65903.83,363098.67,2.00,3488.00,18308.92,0.00,49651990528.00,634577.73,0.01,60387.22
1787803102.869,7.46,3.15,2.46,22941.30,72099.95,0.00,3484.00,9850.84,0.00,49662189568.00,169449.02,0.00,20836.83
1787803105.913,4.84,1.46,2.38,28327.86,78382.98,1.00,3297.00,19981.08,126.06,49841917952.00,980270.36,0.01,27684.62
1787803108.947,7.69,4.12,3.11,26406.81,91909.80,1.00,3292.00,30246.46,0.00,49819226112.00,46447868.22,0.42,27037.05
1787803111.987,7.06,2.40,2.24,25296.07,75390.60,2.00,3289.00,19445.43,0.00,49819340800.00,44573.32,0.00,26076.13
1787803115.016,7.79,2.17,2.87,23615.84,73528.59,0.00,3292.00,9296.96,30.75,49811906560.00,308770.50,0.01,24489.68
1787803118.06,5.40,2.00,2.77,14692.50,57041.58,0.00,3310.00,19180.07,31.53,49798492160.00,157413.73,0.00,14045.88
1787803121.105,4.00,1.93,2.32,16373.05,65842.36,0.00,3308.00,17081.27,0.00,49799598080.00,243088.34,0.01,15641.22
1787803124.149,9.15,4.78,4.24,35719.03,184509.36,0.00,2796.00,87480.00,15.79,50342137856.00,262782.49,0.01,35894.48
1787803127.194,7.32,3.55,3.16,29006.71,128810.25,1.00,2790.00,23402.19,0.00,50346692608.00,198106.74,0.00,34869.05
1787803130.239,8.71,1.62,5.70,20808.67,91220.20,0.00,2801.00,23524.73,0.00,50334957568.00,48457.28,0.00,18290.15
1787803133.274,6.47,1.16,4.94,17571.00,64061.05,0.00,2799.00,22844.47,0.00,50337341440.00,44561.46,0.00,14312.58
1787803136.315,11.04,4.46,6.07,39497.93,72625.13,0.00,2852.00,23461.37,46.26,50267664384.00,769975.35,0.01,35169.18
1787803139.35,7.49,3.78,3.16,49021.16,126964.15,1.00,3946.00,30897.52,0.00,49157169152.00,44463.85,0.00,53839.66
1787803142.386,9.08,4.54,3.23,39649.54,113553.41,0.00,3274.00,30781.63,94.55,49995407360.00,419545.65,0.00,47479.77
1787803145.427,8.80,4.78,2.93,43018.06,110124.97,0.00,3284.00,35383.09,15.77,49995644928.00,121134.31,0.00,50352.20
1787803148.468,6.62,2.54,3.39,37657.47,99068.75,0.00,3296.00,23545.54,78.96,49990696960.00,2037518.70,0.02,47014.67
1787803151.502,9.38,3.46,5.08,49386.13,101970.79,1.00,3263.00,50170.01,94.54,50008150016.00,613108.86,0.01,51867.37
1787803154.548,6.55,3.27,2.41,41358.05,110369.44,1.00,3283.00,22663.01,45.79,49994010624.00,485218.97,0.02,50066.18
1787803157.586,7.91,5.18,2.86,62625.15,148323.77,1.00,3285.00,24474.44,0.00,49982910464.00,16210.10,0.00,73033.08
1787803160.623,9.62,4.09,4.55,42293.31,114928.22,0.00,3280.00,20332.12,0.00,49984987136.00,20232.35,0.00,52359.62
1787803163.665,7.78,2.76,3.61,39060.33,104262.45,0.00,3288.00,30945.70,15.73,49985593344.00,80527.03,0.00,40640.37
1787803166.697,9.61,4.63,4.17,91433.72,109153.84,0.00,3658.00,22363.60,0.00,49425895424.00,153808.89,0.00,95472.87
1787803169.736,10.26,3.63,5.63,31687.88,73521.88,1.00,3668.00,32802.05,15.80,49423499264.00,80916.15,0.00,28802.51
1787803172.772,7.08,1.92,4.00,31647.86,97799.90,1.00,3668.00,24277.73,14.76,49424605184.00,92725.06,0.00,31506.85
1787803175.808,8.26,2.85,4.62,35941.93,109584.37,0.00,3654.00,23903.82,0.00,49450807296.00,20176.82,0.00,40172.15
1787803178.85,7.21,2.61,4.00,56237.86,85927.21,0.00,3664.00,24798.89,0.00,49420951552.00,16131.54,0.00,55134.36
1787803181.888,8.33,2.92,4.23,33253.04,87876.84,0.00,3668.00,24164.50,14.78,49421668352.00,298587.77,0.00,35569.43
1787803184.937,11.86,4.15,6.92,79754.02,165514.16,0.00,3659.00,48594.29,0.98,49429049344.00,129033.49,0.00,70055.19
1787803187.971,8.90,2.47,5.25,58419.52,102168.90,0.00,3656.00,25196.14,0.00,49431486464.00,137707.11,0.01,53644.17
1787803191.008,7.25,1.71,4.89,39047.56,110427.30,0.00,3654.00,32025.22,15.89,49432236032.00,81379.30,0.00,34773.03
1787803194.047,6.79,1.38,5.22,30478.65,92424.33,1.00,3660.00,26034.87,0.00,49430822912.00,16097.03,0.00,24391.59
1787803197.086,7.75,2.08,4.85,33351.04,81842.29,0.00,3675.00,24263.36,0.00,49414115328.00,294652.74,0.01,29562.84
1787803200.123,10.80,3.64,5.58,49536.55,84020.69,0.00,3663.00,27501.25,15.86,49422262272.00,178685.75,0.01,50359.33
1787803203.161,5.56,1.61,3.99,26350.33,71307.71,0.00,3668.00,26357.21,0.00,49423675392.00,16107.89,0.00,25735.28
1787803206.193,6.97,1.93,3.63,31025.96,100192.91,1.00,3665.00,22475.90,15.80,49423851520.00,88998.91,0.00,34531.99
1787803209.23,8.51,3.63,4.01,51797.83,100436.47,0.00,3662.00,21560.59,0.00,49420562432.00,24300.53,0.00,56928.01
1787803212.259,8.57,3.02,5.58,47658.70,116703.37,0.00,3628.00,37230.19,0.00,49462001664.00,28455.09,0.00,46009.12
1787803215.289,7.48,0.85,4.73,32135.26,91635.01,1.00,3643.00,25165.79,0.00,49446252544.00,89488.95,0.00,27764.36
1787803218.324,9.47,3.34,5.05,41595.47,119962.27,0.00,3654.00,25402.72,0.00,49432231936.00,20353.98,0.00,36920.50
1787803221.365,6.54,2.08,4.31,28655.27,114458.40,0.00,3664.00,24211.20,16.76,49425739776.00,226173.63,0.01,28012.39
1787803224.399,9.49,1.77,5.38,31193.41,89539.52,1.00,3665.00,25298.74,0.00,49422471168.00,28229.83,0.00,28507.81
1787803227.429,7.42,1.56,5.06,23922.06,72846.03,0.00,3678.00,24444.05,0.00,49411600384.00,24481.91,0.00,20137.19
1787803230.466,10.31,4.38,4.38,42939.52,73002.30,0.00,5964.00,78105.94,0.00,47259467776.00,10446217.03,0.37,40996.69
1787803233.501,5.69,0.93,2.55,27687.42,97227.93,0.00,5508.00,26924.78,0.00,47530573824.00,421363.91,0.01,28024.36
1787803236.533,6.12,1.78,2.79,50219.91,65927.02,0.00,5512.00,19446.43,0.00,47531909120.00,81253.26,0.00,57791.80
1787803239.57,10.93,5.28,4.74,43567.11,126951.30,0.00,5142.00,30732.73,462.17,47907688448.00,2255367.62,0.01,47247.40
1787803242.595,8.48,3.42,3.34,42416.04,100947.58,0.00,5178.00,23762.49,31.83,47874797568.00,146650.57,0.00,47815.97
1787803245.631,5.95,1.55,2.47,23153.82,75141.57,1.00,4545.00,9152.48,0.00,48533049344.00,117544.40,0.01,24996.08
1787803248.662,5.98,2.56,2.63,23108.24,92737.35,6.00,4545.00,13251.59,0.00,48541749248.00,93408.61,0.00,22429.54
1787803251.703,4.40,1.08,2.46,20038.56,68232.00,0.00,4518.00,16033.61,0.00,48569180160.00,443904.58,0.01,18844.86
1787803254.749,6.13,2.31,2.24,29995.82,67655.14,0.00,4535.00,19207.11,0.00,48538853376.00,16167.76,0.00,33357.61
1787803257.782,4.59,2.25,2.48,36678.75,86421.92,0.00,4565.00,19353.71,0.99,48468791296.00,40613.15,0.00,37494.13
1787803260.824,10.16,3.77,4.46,36849.88,105955.94,0.00,3940.00,31737.91,0.00,49137147904.00,225579.87,0.01,42610.10
1787803263.848,7.54,3.35,2.65,41447.92,104568.15,0.00,3948.00,23536.10,0.00,49131474944.00,89765.32,0.00,48683.62
1787803266.886,9.97,1.69,5.21,30140.96,69258.32,0.00,3948.00,23488.68,14.73,49122959360.00,92501.53,0.00,26013.61
1787803269.925,7.07,2.16,4.70,60174.41,74160.73,1.00,3937.00,32935.56,0.00,49136259072.00,84835.15,0.00,55707.74
1787803272.957,8.56,1.47,4.97,33102.37,75115.81,1.00,3927.00,24062.07,31.81,49144401920.00,785859.99,0.01,28627.36
1787803275.999,10.69,4.45,4.99,25045.63,63783.96,0.00,3933.00,23351.49,0.00,49136947200.00,16100.27,0.00,20734.71
1787803279.041,11.54,4.85,6.47,28348.41,111244.40,1.00,3908.00,26703.94,434.78,49163612160.00,2031731.61,0.02,23007.17
1787803282.073,11.85,3.80,5.19,54086.29,139705.87,1.00,3906.00,35139.11,201.48,49162043392.00,1723202.16,0.01,47048.45
1787803285.12,7.74,1.69,5.15,29253.02,79059.71,0.00,3918.00,23540.38,0.00,49148534784.00,44339.09,0.00,24336.78
1787803288.155,7.94,2.02,4.73,22060.55,88427.03,0.00,3942.00,16700.92,0.00,49127931904.00,899449.00,0.01,17245.73
1787803291.195,7.78,1.23,5.15,30630.91,74092.59,0.00,3946.00,23390.41,7.87,49117761536.00,68520.02,0.00,25414.89
1787803294.232,9.85,1.70,5.70,31337.11,77437.93,0.00,3944.00,24352.71,0.00,49118326784.00,40395.54,0.01,26417.61
1787803297.269,10.75,0.54,5.39,23059.21,86896.99,0.00,3946.00,23472.84,0.00,49120690176.00,16135.73,0.00,17401.91
1787803300.316,8.35,2.46,5.14,54677.36,98890.95,0.00,3937.00,24629.38,0.00,49128394752.00,64402.15,0.00,49890.79
1787803303.362,6.24,0.85,5.00,25333.57,72053.03,0.00,3938.00,30894.22,0.00,49129189376.00,112934.16,0.00,21156.81
1787803306.397,7.46,1.94,4.81,29327.61,97959.48,0.00,3934.00,23597.04,0.00,49132347392.00,158514.97,0.01,25721.05
1787803309.425,5.99,1.64,5.30,44907.93,62192.86,2.00,3935.00,25150.87,1.00,49131110400.00,110240.78,0.00,40758.94
1787803312.469,9.89,2.53,5.76,46206.76,99150.23,0.00,3940.00,23380.97,0.00,49126686720.00,16098.92,0.00,41007.96
1787803315.505,7.87,1.40,5.20,24101.36,89033.40,0.00,3938.00,24179.94,3.98,49128849408.00,492944.05,0.00,18810.90
1787803318.537,6.57,1.24,4.89,23722.61,63136.99,0.00,3942.00,23694.77,0.00,49124646912.00,48877.17,0.00,20014.68
1787803321.576,9.16,2.16,4.94,27354.26,76954.04,1.00,3940.00,22785.51,0.00,49125568512.00,56609.87,0.00,22531.57
1787803324.614,8.09,1.54,5.00,30994.80,78753.33,0.00,3938.00,31095.32,0.00,49126330368.00,16145.84,0.00,27295.25
1787803327.648,7.46,1.40,4.90,37899.00,66503.18,0.00,3923.00,23225.59,0.00,49143693312.00,20387.47,0.00,32890.59
1787803330.67,16.31,5.83,7.62,102098.58,110443.24,1.00,3920.00,68356.49,0.00,49147637760.00,81574.51,0.00,96364.19
1787803333.714,12.63,6.16,4.70,71727.42,93205.38,0.00,4336.00,516127.37,0.00,48715280384.00,46705103.65,0.42,67347.72
1787803336.746,9.98,6.22,2.10,35233.75,90534.98,0.00,3415.00,130204.30,188.05,49746493440.00,790624.23,0.01,33193.77
1787803339.795,11.39,5.04,4.81,40232.52,132051.33,0.00,3246.00,24838.80,35.77,49903054848.00,170929.59,0.00,45703.32
1787803342.829,9.21,2.48,3.80,37398.28,101750.91,0.00,3245.00,23423.35,0.00,49895510016.00,647047.32,0.00,38878.00
1787803345.87,9.22,3.07,4.92,38927.64,86726.28,0.00,3251.00,32701.90,242.18,49892589568.00,1540361.86,0.01,37331.51
1787803348.908,12.08,9.39,2.77,44542.53,78320.50,0.00,3631.00,319577.92,0.00,49472499712.00,61268885.53,0.20,43547.29
1787803351.944,8.61,3.79,3.63,43270.00,104341.41,0.00,3342.00,31419.20,13.84,49793691648.00,121504.05,0.00,49586.14
1787803354.98,10.56,5.03,4.10,50447.54,83176.47,0.00,5077.00,9335.28,0.00,47984189440.00,48689.25,0.00,53340.20
1787803358.009,10.37,2.33,3.03,32517.58,84140.08,0.00,4579.00,112340.07,15.89,48507707392.00,154595.34,0.01,35030.76
1787803361.046,8.80,4.24,2.85,80399.86,116939.42,0.00,4566.00,23594.09,0.00,48506150912.00,153565.80,0.00,85989.63
1787803364.093,8.24,3.70,4.01,60490.49,165029.80,0.00,4542.00,24925.10,1.97,48532307968.00,181948.27,0.00,55760.23
1787803367.131,9.43,2.31,4.16,28412.78,77024.07,0.00,4578.00,24214.33,0.00,48484851712.00,56608.37,0.00,29406.34
1787803370.166,13.16,3.97,4.44,31650.91,88169.53,0.00,4584.00,23191.34,0.00,48484478976.00,36718.88,0.00,36010.47
1787803373.193,9.54,0.70,5.28,24239.37,64875.66,0.00,4593.00,31838.16,0.00,48479055872.00,366603.77,0.01,20942.99
1787803376.232,9.92,1.31,4.85,33905.89,66830.47,0.00,4595.00,24347.27,34.52,48472834048.00,246417.56,0.01,30665.39
1787803379.267,7.32,2.54,2.93,49623.48,94719.42,0.00,3718.00,303715.16,303.74,49384009728.00,1539005.45,0.01,47908.80
1787803382.308,11.26,5.40,4.09,41033.01,129329.62,0.00,3566.00,20543.64,125.30,49551056896.00,513237.78,0.00,49891.25
1787803385.348,9.37,3.23,3.00,40610.09,123487.83,0.00,3570.00,24311.09,0.98,49545703424.00,56477.69,0.00,48173.57
1787803388.389,10.48,4.00,2.84,49738.97,124491.12,0.00,3604.00,22049.02,47.24,49549774848.00,225731.61,0.00,56954.07
1787803391.434,9.46,5.09,4.32,61004.51,112025.94,0.00,3567.00,49915.39,15.81,49576398848.00,109311.73,0.00,64253.51
1787803394.473,8.33,3.24,5.01,50914.78,139132.70,0.00,3527.00,46559.92,1033.02,49614024704.00,6031965.92,0.04,42511.01
1787803397.513,10.29,4.66,5.35,44680.12,177492.03,0.00,3451.00,28867.15,946.41,49688174592.00,4488195.58,0.04,47147.42
1787803400.548,7.41,1.93,5.80,31205.32,154387.79,0.00,4172.00,9190.49,559.13,48932569088.00,4970018.33,0.05,20907.63
1787803403.594,10.55,6.67,3.68,41797.30,360924.54,0.00,3670.00,66171.04,33.38,49448374272.00,582527.38,0.01,43022.63
1787803406.633,11.29,6.53,2.84,76012.07,327715.01,0.00,4799.00,9265.47,0.00,48198402048.00,20141.90,0.00,71017.16
1787803409.68,13.93,5.70,6.55,56077.70,199478.46,0.00,4619.00,27158.08,118.36,48382865408.00,378238.47,0.00,60190.50
1787803412.717,8.83,4.08,4.85,33860.76,254513.76,0.00,3726.00,132890.49,185.21,49335058432.00,1028974.49,0.01,30477.52
1787803415.765,11.78,2.46,8.07,75990.68,161272.71,1.00,3716.00,32762.92,57.10,49335345152.00,186496.62,0.01,75872.31
1787803418.81,10.19,2.85,7.09,61091.21,152688.58,1.00,3696.00,39612.07,4135.91,49344880640.00,20497936.14,0.43,56988.37
1787803421.853,18.02,5.44,9.82,77699.14,209298.40,0.00,3699.00,32923.37,0.00,49342775296.00,518515.05,0.00,72497.91
1787803424.891,17.62,8.96,8.03,60780.97,535563.77,1.00,3704.00,68888.73,1597.03,49336012800.00,8023875.31,0.03,60749.62
1787803427.924,16.87,12.50,4.35,69454.78,366442.14,0.00,4960.00,310053.36,0.00,48019771392.00,419224.83,0.01,68047.44
1787803430.965,11.75,4.01,6.40,51097.85,169039.94,1.00,4678.00,26389.73,15.79,48355717120.00,291038.05,0.00,55723.23
1787803434.01,12.02,3.93,6.25,45894.97,152876.01,1.00,4297.00,73201.66,0.00,48758325248.00,145493.58,0.01,38033.33
1787803437.051,11.61,2.08,7.00,37034.89,179706.67,1.00,4185.00,17704.03,0.00,48843739136.00,64576.79,0.00,26582.82
1787803440.098,10.15,2.84,6.07,30652.71,189505.37,0.00,4199.00,30042.84,0.00,48841240576.00,1152310.36,0.01,20879.75
1787803443.14,11.32,4.23,6.46,59399.55,244754.48,0.00,3837.00,31785.71,0.00,49214963712.00,734011.37,0.01,57667.99
1787803446.18,15.67,6.92,6.61,61153.94,214728.33,1.00,3838.00,24936.22,31.50,49212276736.00,1612738.75,0.01,63958.80
1787803449.234,15.23,7.28,6.51,61410.62,315887.43,0.00,3840.00,25922.35,0.00,49208053760.00,2141073.01,0.01,57414.17
1787803452.269,16.55,7.28,7.12,57761.00,234092.28,0.00,3813.00,26308.53,86.24,49232887808.00,1486117.17,0.02,51494.33
1787803455.318,11.72,4.84,5.14,57287.18,165964.20,1.00,3815.00,25563.72,58.96,49231511552.00,648066.30,0.01,62320.68
1787803458.362,13.36,4.39,8.16,67017.00,326418.85,0.00,3820.00,31456.20,15.76,49221160960.00,5308354.83,0.01,61562.44
1787803461.397,13.39,5.93,6.09,47796.54,177828.44,0.00,3836.00,22134.94,0.00,49217314816.00,64668.12,0.00,51740.96
1787803464.427,15.45,8.07,4.89,56221.45,406518.62,1.00,3840.00,31567.19,0.00,49216749568.00,138361.92,0.00,59595.03
1787803467.456,13.97,8.02,2.88,49929.89,368703.98,1.00,3865.00,22289.40,0.00,49183318016.00,57152.72,0.00,58782.94
1787803470.494,12.95,4.65,7.90,53315.17,189086.09,0.00,3855.00,24056.65,0.00,49196703744.00,20299.97,0.00,52771.04
1787803473.531,13.36,4.45,8.44,56051.87,234926.66,0.00,3841.00,48488.40,206.38,49213546496.00,1368658.64,0.01,48031.03
1787803476.564,11.01,2.16,8.63,49052.90,151952.01,0.00,3843.00,19731.67,0.00,49202294784.00,286942.96,0.00,39122.51
1787803479.606,12.07,4.95,6.18,66445.44,260037.24,0.00,3846.00,25252.09,0.00,49205186560.00,1774836.56,0.01,62548.15
1787803482.648,24.01,10.57,11.42,77455.61,431917.76,2.00,3776.00,56791.56,2135.96,49272528896.00,19633889.87,0.08,53348.51
1787803485.694,19.36,9.41,8.25,90862.53,342729.82,0.00,3710.00,68279.66,2362.03,49333100544.00,36836644.76,0.43,75652.11
1787803488.743,15.49,7.07,6.45,34613.71,274294.70,0.00,3685.00,27007.67,668.75,49342685184.00,7323331.98,0.35,29956.79
1787803491.787,18.79,8.97,8.59,40568.89,113348.34,1.00,3918.00,440451.19,128.67,49100177408.00,1122418.17,0.03,34446.52
1787803494.83,20.55,11.48,8.63,229198.35,319942.16,0.00,3586.00,309735.56,25364.11,49648771072.00,194077705.75,0.52,138303.60
1787803497.864,18.08,8.12,9.27,100973.86,401411.44,0.00,3166.00,39500.84,53.44,50049101824.00,7876147.44,0.04,96026.85
1787803500.904,18.49,8.50,9.97,85072.46,420644.68,0.00,3147.00,37632.10,76.19,50060615680.00,10639399.47,0.05,67180.01
1787803503.947,16.12,4.77,10.16,41458.78,181354.20,1.00,3100.00,60915.04,142.94,50119905280.00,6480570.55,0.03,37705.50
1787803506.984,18.65,7.71,11.10,192040.90,332173.28,0.00,3045.00,98506.50,20895.83,50189725696.00,164085568.59,1.85,106255.65
1787803510.029,17.63,6.64,11.35,57319.57,323160.33,0.00,3031.00,84916.72,4452.04,50202324992.00,47942707.29,0.79,50573.03
1787803513.061,15.55,10.12,4.25,47395.07,282714.87,1.00,2986.00,37221.38,8072.85,50224578560.00,33211280.77,0.32,52962.38
1787803516.096,12.57,4.39,8.24,36935.33,132113.14,0.00,2977.00,60858.83,3792.53,50244407296.00,14267774.13,0.22,33693.42
1787803519.14,15.43,7.14,6.53,195573.27,203724.41,0.00,3109.00,117004.74,30222.14,50057166848.00,157688954.28,1.90,131593.24
1787803522.174,23.54,13.41,7.94,83279.17,410996.34,0.00,2947.00,88035.19,32113.73,50274811904.00,124127998.57,1.53,75437.12
1787803525.211,11.45,5.33,4.56,71157.05,185404.75,0.00,3411.00,73187.60,31246.80,49652965376.00,114592194.44,1.34,52141.45
1787803528.244,13.04,7.91,5.20,43995.49,142380.24,0.00,2964.00,178586.13,41476.73,50266906624.00,174975441.29,1.20,39883.87
1787803531.283,14.35,6.98,6.90,54291.07,68358.67,0.00,2852.00,78715.80,43968.68,50374320128.00,177118521.18,2.05,40602.87
1787803534.321,14.23,7.94,6.09,53063.44,100355.95,0.00,2753.00,94225.49,52648.62,50510655488.00,211769141.32,1.68,40549.29
1787803537.357,15.17,6.00,6.31,75206.15,94710.61,0.00,2632.00,60580.76,28006.61,50572906496.00,102878315.98,2.17,56266.29
1787803540.4,14.30,6.24,6.78,51982.77,85933.57,0.00,2527.00,70635.94,39192.67,50629976064.00,160563454.61,1.99,42466.80
1787803543.432,15.12,10.21,4.87,92619.28,115321.95,0.00,3039.00,295724.46,47281.31,49964371968.00,195448214.63,1.81,86210.18
1787803546.47,16.70,11.25,5.09,89862.09,90024.86,1.00,3589.00,267146.68,56138.03,49311039488.00,232135960.05,1.59,84922.98
1787803549.502,15.63,9.19,5.49,48236.67,97444.37,0.00,3405.00,59740.62,39928.60,49414414336.00,162021625.12,1.78,40024.64
1787803552.543,11.67,6.94,3.70,45571.21,99150.61,0.00,3041.00,104199.27,38380.12,49674227712.00,156106520.12,1.78,37315.52
1787803555.58,12.40,5.87,5.56,53202.08,79310.07,0.00,2883.00,50352.46,28549.53,49746939904.00,113325765.31,2.28,44080.48
1787803558.618,9.81,5.92,3.84,47634.28,104850.49,0.00,2784.00,54536.70,30751.53,49787142144.00,125568944.09,1.95,37900.94
1787803561.657,14.42,8.92,4.46,50092.46,72878.41,0.00,2870.00,82851.82,47068.25,49965944832.00,187802108.98,1.52,38182.36
1787803564.704,16.51,9.82,6.26,54165.91,103788.31,0.00,2508.00,85333.36,48573.83,50314522624.00,199296219.13,1.43,56040.62
1787803567.745,12.59,8.06,4.80,69973.14,105649.28,0.00,2522.00,63501.09,39213.29,50319605760.00,152054280.68,1.57,67164.83
1787803570.783,16.70,8.64,7.87,51968.90,110508.61,0.00,2596.00,106748.07,42109.71,50294665216.00,169518695.75,1.44,40051.18
1787803573.822,13.80,6.86,6.24,46782.04,95526.60,1.00,2596.00,62115.37,34961.53,50296954880.00,142664162.92,1.58,37089.48
1787803576.864,17.00,8.09,7.48,41589.65,136984.94,1.00,2684.00,104406.31,43497.04,50285568000.00,178389704.70,1.37,31994.82
1787803579.904,19.21,8.52,8.91,68149.51,150684.47,1.00,2944.00,123550.72,32027.55,49856167936.00,131511594.94,0.60,66738.68
1787803582.946,9.00,4.25,4.48,48169.43,115335.17,0.00,3337.00,73225.20,21128.09,49446055936.00,87316000.03,0.34,51691.47
1787803585.988,14.10,8.45,5.07,53842.86,100169.07,0.00,3906.00,154593.62,24840.25,49397141504.00,102425478.75,0.35,49067.83
1787803589.025,8.22,2.78,3.39,35359.93,111081.42,0.00,4231.00,22386.89,0.00,48615460864.00,137494.49,0.00,39916.83
1787803592.076,14.66,8.98,2.84,75661.31,132714.04,0.00,3371.00,23767.14,15.72,49526898688.00,1138763.75,0.01,80604.18
1787803595.109,6.52,2.10,3.96,36158.19,109663.99,0.00,3359.00,24636.85,48.73,49522352128.00,354393.59,0.00,36185.79
1787803598.135,7.12,1.01,5.13,27390.66,75111.30,0.00,3369.00,31928.90,0.00,49520570368.00,85624.19,0.00,22959.71
1787803601.169,13.17,11.22,2.55,46432.97,113833.55,0.00,3390.00,95106.38,0.00,49479782400.00,1931969.79,0.24,53146.33
1787803604.211,9.37,4.78,3.93,37750.75,170712.07,0.00,3852.00,41024.42,31.55,49094250496.00,1086448.47,0.01,32389.20
1787803607.252,10.45,3.62,5.47,29063.75,91784.62,0.00,3433.00,24307.59,0.00,49563955200.00,113145.39,0.00,27201.76
1787803610.303,23.03,15.72,5.88,64706.02,106018.37,0.00,4253.00,201314.68,0.00,48615030784.00,393788.46,0.01,61738.81
1787803613.339,8.34,3.39,3.39,40690.49,107287.38,0.00,4148.00,26291.03,17.75,48789106688.00,123203.62,0.00,47585.41
1787803616.388,7.87,3.46,2.46,43217.18,126376.84,0.00,3348.00,21330.77,31.53,49680822272.00,407558.41,0.01,56059.95
1787803619.439,8.95,2.69,5.23,46200.12,111564.14,0.00,3453.00,39298.68,0.00,49437552640.00,0.00,0.00,44590.39
1787803622.486,7.10,3.54,2.16,54892.87,87915.53,1.00,3373.00,38579.18,15.77,49517379584.00,113131203.21,0.39,62651.84
1787803625.538,8.80,4.30,3.00,35220.79,88968.95,1.00,3798.00,69884.71,15.74,49125421056.00,249857.26,0.01,40122.42
1787803628.574,6.27,3.19,2.64,42329.70,110693.52,3.00,3828.00,22326.19,77.62,49092378624.00,387232.78,0.01,51034.75
1787803631.627,8.23,3.94,4.17,72868.33,108882.09,0.00,3811.00,47535.20,15.81,49108623360.00,222583.80,0.00,79906.97
1787803634.666,7.48,2.99,4.38,43471.80,98442.61,1.00,3820.00,25149.84,0.00,49102667776.00,547345.97,0.01,40307.82
1787803637.694,8.44,3.48,3.79,39539.92,110886.34,0.00,3831.00,23869.98,63.40,49092784128.00,389560.02,0.00,43220.62
1787803640.73,14.52,7.42,2.63,25453.18,96683.69,0.00,2882.00,101360.40,0.00,50137399296.00,36487.25,0.00,23738.87
1787803643.776,9.57,3.23,2.61,41294.44,123144.63,0.00,2950.00,201068.97,0.00,50156236800.00,754395.94,0.01,41701.27
1787803646.817,11.12,5.18,4.41,71124.99,251096.52,1.00,3666.00,31436.78,0.00,49221640192.00,68884.31,0.00,71922.36
1787803649.862,12.06,5.84,4.30,50024.82,353869.12,0.00,3670.00,22556.35,0.00,49223688192.00,342725.81,0.01,53883.42
1787803652.901,8.91,3.61,3.77,54658.15,338157.51,0.00,3731.00,24142.71,15.76,49225330688.00,108912.54,0.00,50683.36
1787803655.947,15.28,7.56,6.71,96863.60,634296.13,0.00,3722.00,107664.61,12.83,49271971840.00,11266483.40,0.35,86964.00
1787803658.978,8.46,2.78,5.41,58819.41,280237.31,0.00,3735.00,33937.85,0.00,49262899200.00,32446.62,0.00,50772.05
1787803662.016,10.80,7.10,2.01,43305.59,91220.75,0.00,3156.00,65118.88,0.00,49903116288.00,5226925.42,0.04,42831.94
1787803665.052,15.67,8.14,6.53,102640.78,201958.26,1.00,3630.00,243183.44,0.00,49523703808.00,4130770.54,0.02,100326.17
1787803668.093,11.22,4.31,3.85,52672.74,106994.52,0.00,3117.00,32019.80,30.56,49992556544.00,411808.99,0.00,60259.16
1787803671.134,5.31,2.39,3.00,31594.06,111900.87,0.00,3123.00,23561.40,0.00,49992241152.00,16160.00,0.00,36335.76
1787803674.177,7.26,1.46,4.76,32635.76,71625.88,0.00,3129.00,25229.54,14.76,49990901760.00,2905826.05,0.06,29157.24
1787803677.218,9.21,5.07,2.76,85834.13,133502.63,1.00,3346.00,21956.27,15.72,49568231424.00,406335.32,0.01,95569.78
1787803680.248,10.00,3.49,4.34,76554.71,99880.68,0.00,3321.00,25779.25,28.78,49590468608.00,556901.56,0.01,82184.13
1787803683.284,10.75,4.31,5.47,45078.63,82682.11,0.00,3327.00,24859.04,0.00,49586155520.00,16148.86,0.00,46779.21
1787803686.323,7.98,1.85,4.78,42173.33,80004.02,0.00,3336.00,25015.87,0.00,49576456192.00,230376.52,0.00,38023.68
1787803689.364,7.95,1.00,4.92,24407.94,70006.85,0.00,3346.00,32325.39,0.00,49572167680.00,24192.36,0.00,19548.30
1787803692.403,17.14,11.99,3.64,72001.04,94376.04,0.00,4509.00,284788.79,168.34,48345358336.00,1354743.35,0.02,72869.97
1787803695.431,6.96,4.28,3.11,42528.02,138033.35,3.00,4190.00,23568.93,7.97,48703094784.00,897196.38,0.66,48405.03
1787803698.473,16.33,8.67,4.06,27497.78,69477.70,0.00,3828.00,9516.91,0.00,49096577024.00,16093.00,0.00,24136.50
1787803701.517,9.20,4.24,3.01,25739.87,89938.01,0.00,3502.00,104538.90,0.00,49449979904.00,109170.60,0.00,21656.71
1787803704.565,7.71,2.84,4.22,34147.65,112258.09,0.00,3330.00,22611.18,36.35,49625403392.00,494989.61,0.02,36309.17
1787803707.606,9.32,1.63,5.19,46399.05,103838.83,1.00,3428.00,26373.28,65.42,49530773504.00,357268.31,0.00,41574.88
1787803710.646,8.82,1.08,4.78,24333.37,71141.43,0.00,3438.00,31851.90,0.00,49531817984.00,149514.31,0.00,21129.82
1787803713.681,9.67,1.16,5.19,31244.60,78382.88,0.00,3443.00,23723.94,0.00,49530224640.00,398317.73,0.00,27838.46
1787803716.724,8.23,3.99,3.76,41402.39,106975.48,0.00,4638.00,29510.98,0.00,48304771072.00,20111.97,0.00,51980.77
1787803719.761,8.35,4.17,3.47,41087.85,148429.35,0.00,3792.00,22460.12,15.80,49208655872.00,473229.65,0.01,48636.41
1787803722.798,8.50,3.93,3.62,37326.98,93985.54,0.00,3804.00,24649.63,0.00,49204609024.00,52508.05,0.00,43698.27
1787803725.834,9.41,4.70,3.85,82954.24,135950.50,0.00,3802.00,48329.23,0.99,49212882944.00,500930.79,0.03,92118.44
1787803728.874,9.77,3.77,3.46,43839.01,126859.09,0.00,3816.00,21104.46,0.00,49208516608.00,133052.62,0.00,53660.87
1787803731.916,6.80,3.00,3.39,42630.61,100670.13,0.00,3824.00,25089.23,15.76,49227927552.00,92792.31,0.00,52742.62
1787803734.959,10.36,4.73,4.66,47134.85,139540.10,0.00,3827.00,30335.97,6171.75,49231564800.00,25736925.39,0.20,50188.02
1787803738.001,10.52,5.71,3.09,50188.13,132528.07,1.00,3873.00,30470.31,0.00,49153781760.00,16177.11,0.00,62782.48
1787803741.038,7.55,2.93,3.47,47684.61,124417.39,0.00,3891.00,24861.77,0.00,49140756480.00,52549.99,0.00,52634.79
1787803744.082,5.60,3.24,2.31,46910.75,128222.59,0.00,3903.00,20776.42,0.00,49139380224.00,363745.30,0.00,56063.95
1787803747.124,10.75,5.22,3.99,40953.51,131188.05,0.00,3907.00,22617.85,0.00,49143283712.00,2846147.81,0.02,51602.59
1787803750.165,9.50,2.85,4.54,63945.52,116947.73,0.00,3908.00,57375.39,0.00,49149677568.00,32267.69,0.00,70133.18
1787803753.197,9.48,4.20,3.66,63422.01,105931.97,1.00,4391.00,283717.67,0.00,48658075648.00,52668867.94,0.28,60426.43
1787803756.229,7.60,4.79,3.24,36092.25,122014.78,0.00,3946.00,61653.93,0.00,49157066752.00,356606.99,0.00,45680.29
1787803759.281,15.56,9.68,4.69,85072.94,88102.44,0.00,3580.00,56891.96,0.00,49577254912.00,68468.18,0.00,81471.89
1787803762.327,5.91,2.25,2.56,19018.25,90955.14,0.00,3405.00,9211.42,0.00,49746108416.00,32462.89,0.00,18076.57
1787803765.362,6.80,4.08,3.16,33477.08,115078.02,0.00,3080.00,21792.61,0.00,50101440512.00,404049.05,0.00,40084.75
1787803768.404,11.30,6.08,4.16,39623.85,121974.63,0.00,3159.00,22543.13,0.00,49989308416.00,137189.57,0.00,48856.55
1787803771.442,8.87,3.24,5.16,36378.81,108379.52,0.00,3150.00,41957.05,6614.06,50022227968.00,27482764.12,0.59,31408.00
1787803774.494,15.14,8.90,3.30,35539.10,105570.84,0.00,4565.00,122514.53,0.98,48531853312.00,217331.96,0.01,37416.31
1787803777.533,13.10,8.92,3.15,80317.46,109707.13,0.00,4064.00,90123.53,481.25,49104326656.00,2188875.50,0.01,79476.53
1787803780.571,7.68,3.24,3.79,34675.98,108168.49,0.00,3742.00,30378.20,12.86,49445851136.00,720999.32,0.00,42030.09
1787803783.61,10.93,1.93,5.79,31440.12,95856.63,0.00,3761.00,24324.25,31.63,49441636352.00,149822.76,0.00,31388.65
1787803786.645,6.77,1.85,5.09,31974.63,72168.74,0.00,3767.00,24464.18,30.57,49438519296.00,266589.35,0.00,31416.59
1787803789.69,8.05,3.62,3.31,25754.55,94173.66,0.00,3905.00,54954.03,0.00,49307590656.00,48475.45,0.00,24474.32
1787803792.738,7.99,3.56,2.63,57316.69,118814.98,0.00,3777.00,22829.04,28.72,49459789824.00,111536.03,0.00,68515.50
1787803795.791,4.31,1.31,2.23,16501.60,61492.92,0.00,4253.00,19247.61,0.00,48972865536.00,724356.96,0.01,16160.86
1787803798.84,11.17,3.40,3.79,38113.61,122989.97,0.00,3878.00,21718.77,0.00,49321897984.00,16195.17,0.00,49147.25
1787803801.88,6.97,2.38,3.61,50725.98,129375.10,0.00,3869.00,32604.71,0.98,49333477376.00,44322.89,0.00,58347.60
1787803804.921,8.75,4.62,3.62,39939.18,140981.04,0.00,3876.00,18483.95,15.77,49331019776.00,84768.38,0.00,50922.35
1787803807.961,9.77,4.48,3.70,52027.41,132004.31,0.00,3870.00,30372.20,0.00,49335500800.00,461177.07,0.01,60510.33
1787803811.004,9.16,3.53,4.38,82987.13,130946.53,0.00,3858.00,44933.78,47.21,49352708096.00,523758.58,0.00,93328.17
1787803814.047,6.44,3.69,2.31,37213.57,126131.70,0.00,3861.00,20137.65,31.52,49355706368.00,149295.61,0.00,49022.95
1787803817.1,5.21,3.22,2.45,51560.05,128389.70,0.00,3869.00,22703.66,0.00,49347608576.00,144744.30,0.00,58980.07
1787803820.135,7.27,2.85,4.08,40658.24,94267.96,0.00,3877.00,23612.01,0.00,49342636032.00,241847.46,0.01,48771.73
1787803823.165,7.83,3.94,4.09,42857.01,128624.44,0.00,3885.00,28965.32,0.00,49348804608.00,16205.15,0.00,52989.66
1787803826.2,9.57,4.41,2.71,66497.79,115717.46,1.00,3895.00,22001.07,20.81,49331126272.00,235470.97,0.00,80531.70
1787803829.232,9.25,2.95,4.11,41520.47,100677.93,0.00,3911.00,29928.35,15.89,49323732992.00,81366.33,0.00,47518.78
1787803832.268,7.88,3.35,3.19,35021.98,114354.32,0.00,3919.00,22732.15,0.00,49324417024.00,0.00,0.00,43190.40
1787803835.31,11.06,3.99,4.07,58461.11,113544.01,1.00,3913.00,24183.41,15.74,49325576192.00,140989.57,0.00,66795.29
1787803838.347,10.14,2.85,5.24,65736.75,102360.65,0.00,3921.00,25141.75,0.00,49309388800.00,290962.73,0.00,61519.56
1787803841.391,10.31,3.38,6.37,25507.19,60579.58,0.00,3924.00,24654.07,0.00,49306066944.00,140902.85,0.00,21880.97
1787803844.425,11.85,5.64,5.09,41008.48,214618.28,0.00,4369.00,33824.34,0.00,48882921472.00,631255.93,0.00,41187.08
1787803847.458,5.44,2.01,2.40,32888.16,82537.19,0.00,3517.00,168323.60,15.84,49775132672.00,113542.35,0.00,34401.82
1787803850.493,11.65,6.33,3.70,48150.29,132670.20,0.00,3555.00,34646.43,15.81,49772343296.00,380428.01,0.01,59143.26
1787803853.533,7.29,2.86,2.70,39003.02,125460.52,0.00,3534.00,22841.75,0.00,49780178944.00,113405.81,0.00,49549.29
1787803856.572,8.61,3.40,3.78,44222.12,101464.51,0.00,3526.00,24938.74,14.82,49778876416.00,117380.17,0.00,53937.38
1787803859.615,10.08,2.54,3.77,40017.09,109786.48,0.00,3600.00,22857.63,14.76,49655283712.00,84637.18,0.00,46321.88
1787803862.666,8.08,3.47,3.09,41618.29,117401.78,2.00,3607.00,22197.21,0.00,49649647616.00,214471.60,0.00,52985.51
1787803865.693,7.39,3.42,2.33,50844.35,103187.60,0.00,3596.00,20464.82,0.00,49650610176.00,159097.36,0.01,60552.34
1787803868.723,10.97,5.73,3.18,41281.42,145084.48,1.00,3594.00,21533.78,0.00,49653121024.00,296539.93,0.00,51103.54
1787803871.75,9.47,5.44,4.74,65581.62,118560.99,0.00,3586.00,55519.92,15.92,49663471616.00,101900.64,0.00,73445.42
1787803874.801,6.56,3.53,2.07,41836.15,118733.82,0.00,3582.00,23123.36,21.63,49666363392.00,378466.69,0.00,52448.69
1787803877.84,10.41,4.08,3.54,44352.00,124047.83,0.00,3598.00,23353.63,37.45,49652191232.00,1684725.54,0.01,52055.55
1787803880.876,5.31,2.23,3.77,39270.88,131125.06,0.00,3586.00,23883.43,31.50,49667997696.00,362872.93,0.01,39714.57
1787803883.929,6.92,3.34,2.64,46132.64,112076.60,0.00,3611.00,23710.56,0.00,49649020928.00,109950.01,0.00,57096.24
1787803886.963,7.27,2.93,3.63,36774.47,105372.50,2.00,3608.00,22103.62,0.00,49645912064.00,44533.42,0.00,43875.85
1787803890.014,7.34,3.16,3.31,40323.24,128824.53,0.00,3611.00,22620.04,0.00,49642496000.00,116250.55,0.00,47775.22
1787803893.052,7.84,2.72,4.11,35256.44,114738.98,0.00,3611.00,32879.83,31.81,49634136064.00,403062.49,0.00,34596.14
1787803896.096,7.41,1.23,5.09,30657.22,82290.58,0.00,3618.00,25119.25,0.00,49633030144.00,80868.08,0.00,25472.94
1787803899.138,14.95,4.99,6.44,51989.03,128457.75,0.00,3615.00,32442.41,7.86,49634287616.00,346157.19,0.00,49087.46
1787803902.176,7.94,2.08,3.77,43021.04,81227.07,0.00,3616.00,23473.54,0.00,49633488896.00,40323.61,0.00,43576.42
1787803905.205,9.84,2.73,3.89,50974.85,131781.13,0.00,3964.00,36764.28,0.00,49319591936.00,432731.59,0.00,50274.68
1787803908.237,6.62,3.03,3.34,35452.25,113767.50,0.00,3642.00,20403.14,0.00,49660944384.00,158795.56,0.00,44211.11
1787803911.271,7.76,3.62,2.31,49059.94,93909.24,0.00,4379.00,218688.55,15.77,48894873600.00,867988.80,6.22,53030.89
1787803914.302,3.64,2.01,1.93,41604.65,98841.97,0.00,4218.00,10256.24,0.00,49059975168.00,48622.19,0.00,48184.54
1787803917.34,8.39,4.07,2.84,36580.68,108472.83,0.00,3734.00,64741.97,15.73,49516244992.00,104697.67,0.00,42532.59
1787803920.384,12.03,3.46,5.38,63933.91,99142.14,0.00,3701.00,35189.53,0.00,49534238720.00,177339.01,0.00,68519.15
1787803923.415,8.99,1.32,5.06,27351.22,82618.28,1.00,3707.00,24459.35,0.00,49545953280.00,146839.76,0.00,22598.29
1787803926.453,7.12,0.92,4.92,26319.92,65360.34,0.00,3708.00,24503.97,0.00,49535180800.00,24215.27,0.00,22244.54
1787803929.487,10.30,2.62,5.39,33116.58,106818.47,0.00,3706.00,24952.23,0.00,49537073152.00,528698.71,0.00,28545.51
1787803932.538,9.56,3.92,3.38,60267.10,108960.81,0.00,3634.00,97580.37,16.74,49607725056.00,40706843.35,0.21,65275.44
1787803935.569,6.67,3.27,2.64,36968.45,120129.81,0.00,3764.00,107946.01,318.53,49533255680.00,1467788.65,0.01,40074.89
1787803938.608,6.78,3.01,2.85,36757.06,127419.62,0.00,3765.00,17902.08,0.00,49524871168.00,258591.70,0.00,44622.08
1787803941.657,9.02,1.92,4.23,43682.16,116957.26,1.00,3768.00,31057.68,39.37,49517121536.00,205629.80,0.19,43216.16
1787803944.696,12.54,6.86,3.62,41001.75,123660.53,0.00,4299.00,65689.44,0.00,48955445248.00,92971.64,0.01,44156.99
1787803947.735,7.93,2.85,3.24,34413.63,106479.80,0.00,4444.00,23496.37,31.54,48785309696.00,306834.69,0.01,41437.37
1787803950.775,7.74,2.10,3.03,15039.37,74128.86,0.00,3914.00,49165.81,31.76,49345196032.00,130097.72,0.00,14862.42
1787803953.82,7.71,1.93,2.47,22573.79,60726.84,0.00,3913.00,19249.54,0.00,49346260992.00,48456.07,0.00,21902.85
1787803956.861,8.11,3.02,3.02,15470.16,75419.75,1.00,3907.00,6409.41,0.00,49345855488.00,89281.86,0.00,14977.12
1787803959.91,11.67,3.62,4.47,56801.40,121454.51,0.00,3527.00,24108.14,0.00,49737670656.00,496641.86,0.00,57786.08
1787803962.941,8.66,1.01,4.98,23475.29,92262.76,0.00,3540.00,32051.68,0.00,49738383360.00,81590.81,0.00,19354.89
1787803965.979,18.32,12.93,5.31,63590.32,75428.21,0.00,4956.00,431045.63,0.00,48235200512.00,472246.16,0.01,62276.90
1787803969.02,9.37,3.31,3.70,55042.47,127733.22,1.00,4147.00,195530.16,0.00,49098850304.00,230356.09,0.00,60984.96
1787803972.056,10.42,4.10,3.09,35232.64,118404.13,0.00,4825.00,22288.83,0.00,48390250496.00,16220.86,0.00,45270.54
1787803975.098,7.35,3.55,3.24,46626.54,129315.25,0.00,4820.00,23756.50,15.81,48385974272.00,93100.89,0.00,54756.47
1787803978.141,6.29,2.38,2.99,40571.23,121276.52,1.00,4933.00,23402.36,0.00,48253587456.00,185104.72,0.00,45126.69
1787803981.177,9.35,3.47,3.93,38897.25,100831.86,1.00,4930.00,22085.03,0.00,48252751872.00,28295.37,0.00,45205.49
1787803984.214,9.96,2.80,5.13,35392.69,77855.15,0.00,4928.00,32060.23,15.92,48255430656.00,118161.97,0.00,33184.30
1787803987.259,7.47,4.62,2.93,40613.57,116695.41,0.00,4076.00,63240.73,0.00,49193119744.00,16146.49,0.00,51236.28
1787803990.284,11.15,4.36,6.07,92339.89,137069.03,0.00,3703.00,56950.29,1.00,49585684480.00,281705.39,0.00,89303.99
1787803993.327,5.39,2.78,3.09,33783.82,90149.20,0.00,3238.00,16676.79,47.48,50089291776.00,546918.68,0.02,42184.29
1787803996.363,7.75,3.01,3.47,34103.54,134488.27,0.00,3241.00,22865.93,0.00,50090508288.00,20206.00,0.00,44444.75
1787803999.394,7.20,1.48,4.81,20524.34,76700.87,0.00,3243.00,24565.99,0.00,50090192896.00,16285.88,0.00,16786.76
1787804002.435,6.55,1.92,3.85,24632.65,96832.39,0.00,3249.00,23534.34,0.00,50076151808.00,133144.54,0.01,25125.73
1787804005.477,11.79,3.01,5.01,20145.49,96755.83,2.00,3250.00,24448.97,0.00,50075029504.00,64731.06,0.00,15606.92
1787804008.526,7.59,2.62,2.62,28060.78,87740.16,1.00,4006.00,103353.06,0.00,49286524928.00,198076.59,0.00,29745.80
1787804011.567,9.71,3.40,3.70,34843.80,98723.78,0.00,4065.00,30963.49,15.81,49282908160.00,331963.99,0.00,40690.32
1787804014.609,7.63,2.61,2.76,38080.70,130399.17,0.00,3184.00,18022.61,0.00,50207686656.00,16095.19,0.00,46057.68
1787804017.651,12.23,6.30,5.30,30890.53,94513.85,1.00,3181.00,20941.08,15.75,50209988608.00,419219.14,0.02,35127.02
1787804020.693,10.37,5.23,3.15,32724.68,143334.06,2.00,3178.00,26784.49,0.00,50213924864.00,487668.37,0.01,38657.24
1787804023.737,6.32,2.48,3.87,31556.27,90285.05,0.00,3183.00,21211.45,0.00,50206814208.00,190976.42,0.00,38253.30
1787804026.778,10.38,4.15,4.08,27813.23,96657.40,0.00,3176.00,27118.91,33.48,50214285312.00,661569.00,0.01,33167.98
1787804029.813,7.87,3.55,3.32,32263.49,122363.23,0.00,3184.00,21496.79,0.00,50213199872.00,32417.82,0.00,40725.96
1787804032.854,6.53,3.70,2.16,35769.27,111798.55,1.00,3189.00,29667.29,14.78,50207125504.00,282551.29,0.01,45177.19
1787804035.899,9.00,3.38,4.53,28215.79,109236.75,0.00,3196.00,23773.36,0.00,50193670144.00,48383.42,0.00,31874.24
1787804038.937,6.01,2.71,2.71,35892.46,111326.00,0.00,3235.00,21679.96,0.00,50040053760.00,68907.19,0.00,44205.20
1787804041.98,10.55,4.02,3.79,31380.75,98567.42,0.00,3221.00,22772.81,0.00,50048028672.00,12156.58,0.00,36036.22
1787804045.02,8.34,2.84,3.38,37690.43,114937.14,1.00,3224.00,23153.26,0.00,50046930944.00,0.00,0.00,46704.62
1787804048.064,7.99,2.77,3.77,65680.90,109622.91,0.00,3214.00,22714.62,15.77,50048045056.00,318917.35,0.01,72323.88
1787804051.102,12.20,3.40,4.64,35069.94,130204.15,0.00,3203.00,47094.89,0.00,50074980352.00,483043.18,0.00,36944.59
1787804054.145,6.74,2.38,4.15,32884.24,83573.93,1.00,3241.00,30874.39,0.00,50028388352.00,16110.26,0.00,30509.35
1787804057.19,7.62,2.70,3.40,32352.06,93179.83,0.00,3257.00,22194.81,0.00,50020646912.00,4051.43,0.00,38734.89
1787804060.229,5.28,1.31,4.00,45707.53,92940.81,0.00,3268.00,24390.36,0.00,50003525632.00,24222.80,0.00,49081.08
1787804063.273,7.21,3.78,2.85,46909.92,110303.49,0.00,3269.00,22354.17,0.00,49999548416.00,194014.45,0.01,59596.66
1787804066.318,13.49,5.26,5.26,34002.19,131226.13,1.00,3265.00,18750.27,0.00,50012811264.00,20279.12,0.00,42894.26
1787804069.358,7.66,2.23,4.15,24856.44,100195.01,0.00,3276.00,23984.05,0.00,50003173376.00,0.00,0.00,27003.68
1787804072.413,14.25,5.96,4.43,32925.90,111093.27,0.00,3268.00,20515.50,15.65,50003337216.00,80102.46,0.00,43655.84
1787804075.443,9.94,4.97,3.19,34723.07,119027.50,0.00,3266.00,31848.30,15.92,50002767872.00,1381227.50,0.01,46084.84
1787804078.485,5.86,2.31,3.39,30650.43,109359.63,0.00,3266.00,23843.06,32.53,50005794816.00,428037.35,0.01,34239.16
1787804081.527,7.61,3.00,4.39,23997.92,105026.25,0.00,3265.00,32470.85,0.00,50003988480.00,334983.58,0.00,23179.83
1787804084.567,12.34,5.82,4.04,43563.22,250929.85,0.00,3263.00,34241.88,0.00,50008346624.00,814250.98,0.00,45787.31
1787804087.608,10.66,1.15,4.45,21494.29,81767.31,0.00,3272.00,23418.93,0.00,50000650240.00,60362.42,0.00,21057.41
1787804090.644,10.71,3.32,3.94,30194.58,127899.36,0.00,3262.00,23027.12,15.80,50012946432.00,84942.99,0.00,36117.40
1787804093.692,10.10,1.77,5.31,22287.55,97759.55,1.00,3266.00,23559.69,0.00,50005823488.00,108976.24,0.00,20075.04
1787804096.731,8.21,3.17,2.78,34213.55,108885.52,0.00,3272.00,20348.52,0.00,50000588800.00,48667.73,0.00,47192.27
1787804099.77,9.78,3.79,4.10,33950.19,111753.05,0.00,3272.00,22501.11,0.00,49999409152.00,24333.88,0.00,40417.53
1787804102.814,9.83,2.30,3.30,29872.03,112916.10,0.00,3275.00,28992.49,0.00,50000719872.00,20103.82,0.00,36303.48
1787804105.851,11.31,3.61,3.76,29130.55,99724.11,0.00,3280.00,22798.72,15.72,50000318464.00,80506.52,0.00,34916.45
1787804108.894,10.99,2.31,4.55,24399.82,77241.73,0.00,3265.00,23498.35,0.00,50009997312.00,165814.49,0.00,26771.12
1787804111.933,10.66,2.69,5.62,21161.16,94518.67,0.00,3264.00,49501.19,0.00,50012372992.00,343087.93,0.00,17111.59
1787804114.981,5.33,2.46,3.23,32645.63,111117.26,0.00,3258.00,22367.22,0.00,50017837056.00,16111.88,0.00,42554.35
1787804118.02,9.05,3.39,3.77,31752.19,112233.79,0.00,3266.00,22440.45,15.77,50009100288.00,92869.00,0.00,40253.99
1787804121.067,8.99,4.55,3.78,35627.09,115340.32,0.00,3279.00,22766.33,74.99,49993646080.00,6188636.59,0.03,44430.89
1787804124.117,7.88,3.85,3.46,31510.56,118874.29,0.00,3302.00,28834.28,0.00,49973587968.00,927960.80,0.00,38658.90
1787804127.157,8.67,1.30,4.68,23914.48,94509.22,0.00,3307.00,26313.98,0.00,49966178304.00,136728.22,0.00,22808.55
1787804130.196,9.85,4.54,3.38,29526.74,112527.74,0.00,3307.00,20612.39,0.00,49968697344.00,36299.40,0.00,34565.05
1787804133.238,8.19,2.23,4.54,22775.36,101285.63,0.00,3301.00,25272.10,13.81,49977524224.00,193870.15,0.00,19704.92
1787804136.264,7.32,1.25,4.75,21283.38,99085.07,0.00,3310.00,24563.87,23.90,49968152576.00,101980.15,0.00,16546.54
1787804139.305,8.17,2.46,5.84,20236.47,71135.64,1.00,3309.00,18746.17,0.00,49978683392.00,197171.77,0.00,14921.13
1787804142.353,12.89,6.49,5.33,31777.88,128719.50,1.00,3307.00,24769.83,0.00,49979355136.00,117394.54,0.00,37205.06
1787804145.386,8.74,2.00,5.01,25419.39,103101.89,0.00,3306.00,31778.67,0.00,49973387264.00,84845.71,0.00,22834.04
1787804148.425,9.03,2.08,5.32,21169.64,71376.17,0.00,3302.00,24253.62,0.00,49984065536.00,44436.03,0.00,16828.85
1787804151.469,8.30,1.61,4.99,19164.71,79136.32,0.00,3305.00,23475.45,0.00,49973547008.00,32227.72,0.00,15095.71
1787804154.494,8.84,4.13,4.75,53099.53,84966.42,0.00,4222.00,361422.16,0.00,49021566976.00,620331.82,0.01,49076.26
1787804157.528,4.04,1.23,1.93,19959.66,94261.60,0.00,4210.00,9151.54,0.00,49018224640.00,254448.65,0.01,18125.75
1787804160.559,5.79,1.47,3.03,21222.38,66445.48,0.00,4201.00,22620.98,0.00,49020555264.00,61029.87,0.00,20194.30
1787804163.601,9.26,4.00,4.54,47127.79,97834.72,0.00,4189.00,21687.65,1.97,49026351104.00,97828.81,0.00,43347.08
1787804166.643,9.09,3.39,4.24,51488.64,124966.09,0.00,3820.00,30271.95,0.00,49424080896.00,76741.40,0.00,54481.67
1787804169.68,6.86,2.78,2.63,37460.03,122528.71,0.00,3822.00,22106.13,0.00,49422921728.00,251023.83,0.01,43125.06
1787804172.711,5.57,2.25,2.64,51819.89,116567.41,0.00,3847.00,27932.16,0.99,49387913216.00,142529.06,0.00,52747.65
1787804175.747,3.60,1.15,1.84,15137.65,82675.86,0.00,3857.00,9242.70,0.00,49380388864.00,40283.15,0.00,13460.30
1787804178.792,4.84,1.38,3.08,46953.90,67228.62,0.00,3869.00,19407.34,0.00,49367588864.00,141144.26,0.01,52904.77
1787804181.84,6.21,1.93,2.39,24734.08,117473.30,0.00,3265.00,102811.46,0.00,49926156288.00,177844.58,0.01,19766.26
1787804184.87,9.95,5.67,4.27,31987.36,121746.76,0.00,3025.00,21039.68,0.00,50199281664.00,48904.86,0.00,39167.97
1787804187.915,7.42,3.68,4.45,24446.60,93694.58,0.00,3109.00,30514.01,0.00,50193059840.00,20129.71,0.00,25348.30
1787804190.949,6.61,2.55,3.24,29980.25,108232.41,0.00,3124.00,21010.77,0.00,50175795200.00,32376.25,0.00,38290.00
1787804193.985,9.39,3.77,3.84,28629.54,110313.85,1.00,3118.00,29415.52,0.00,50180636672.00,302191.98,0.01,34027.98
1787804197.029,8.77,1.54,4.93,21388.48,93191.53,0.00,3123.00,23501.12,27.59,50181988352.00,193731.97,0.01,17967.05
1787804200.07,7.41,0.54,5.38,20312.55,71428.02,1.00,3116.00,23543.31,0.00,50183151616.00,20154.11,0.00,16381.09
1787804203.107,9.85,2.49,5.44,21376.58,129658.60,0.00,3121.00,24857.02,0.00,50177302528.00,452761.96,0.00,16917.19
1787804206.153,9.37,3.85,4.62,80492.77,116721.47,0.00,4278.00,85540.88,0.00,48943747072.00,217993.08,0.01,89142.01
1787804209.188,5.24,1.16,3.01,17949.79,72807.23,0.00,5400.00,19335.02,0.00,47776985088.00,177941.84,0.00,17356.56
1787804212.229,6.13,2.86,3.32,50517.82,123682.99,0.00,4779.00,22454.67,15.81,48421163008.00,80945.51,0.00,58903.99
1787804215.282,7.63,1.62,5.00,44006.07,86239.57,0.00,4770.00,31923.89,0.00,48427700224.00,0.00,0.00,42404.64
1787804218.318,6.34,1.46,4.93,43620.91,80120.42,0.00,4831.00,23624.58,0.00,48355807232.00,40395.03,0.00,39740.75
1787804221.366,11.05,1.85,5.54,35670.05,68451.07,0.00,4833.00,24226.37,0.00,48358219776.00,763316.88,0.02,31724.11
1787804224.405,17.78,12.83,3.53,51145.43,112256.42,1.00,4379.00,501861.35,0.00,48858148864.00,604128.61,0.01,52319.81
1787804227.458,4.61,1.46,2.53,17557.85,70332.46,0.00,3897.00,9159.17,0.00,49346187264.00,0.00,0.00,17772.18
1787804230.503,15.95,6.41,6.41,57810.90,124842.70,0.00,3545.00,65499.60,0.00,49704689664.00,242782.08,0.01,63501.35
1787804233.533,9.67,5.13,3.49,46166.99,144834.76,0.00,3541.00,24210.09,0.00,49708904448.00,464509.00,0.00,54346.68
1787804236.579,7.73,3.54,3.84,50879.88,135649.17,3.00,3548.00,29540.65,2.95,49698111488.00,124985.95,0.00,60793.70
1787804239.619,5.29,2.09,2.40,42554.00,72285.61,0.00,4066.00,9336.09,0.00,49170194432.00,450558.44,0.01,42776.08
1787804242.657,10.22,4.55,3.85,40047.40,88119.67,0.00,3728.00,108926.53,0.00,49513504768.00,56560.72,0.00,40832.07
1787804245.7,6.33,2.85,1.77,51229.84,83323.65,1.00,4101.00,292976.26,0.00,49138454528.00,274540.06,0.00,53544.71
1787804248.744,5.86,1.55,1.71,17203.34,81181.70,0.00,4120.00,9392.12,0.00,49107984384.00,24389.34,0.00,15386.91
1787804251.781,7.06,1.85,2.85,30506.25,73679.27,0.00,3937.00,19261.25,0.00,49296257024.00,60535.63,0.29,35346.51
1787804254.822,5.57,0.85,2.62,32681.39,62552.78,0.00,3918.00,8661.06,0.00,49314471936.00,558099.47,0.01,31197.10
1787804257.875,8.19,2.99,3.61,36454.01,120101.03,1.00,3543.00,79509.15,0.00,49716166656.00,44252.40,0.00,40917.92
1787804260.912,7.39,1.93,4.32,39557.05,92260.30,0.00,3542.00,23566.45,0.00,49713324032.00,40425.57,0.00,38901.10
1787804263.946,7.79,2.72,5.60,40998.42,110102.49,2.00,3545.00,32715.89,0.00,49707659264.00,664800.99,0.01,36984.47
1787804266.982,8.31,3.09,3.02,26676.19,87237.99,0.00,4508.00,32639.46,0.00,48717479936.00,0.00,0.00,24242.20
1787804270.032,7.28,3.77,3.31,38125.23,104861.62,0.00,4159.00,20025.64,4.92,49064157184.00,306530.10,0.01,44973.90
1787804273.068,6.87,2.93,3.39,37293.27,121101.16,2.00,3249.00,62823.33,0.00,50017206272.00,16179.34,0.00,43193.39
1787804276.109,11.25,3.31,4.62,39195.65,92280.62,0.00,3253.00,24291.79,31.52,50008879104.00,177518.56,0.00,38702.22
1787804279.146,7.96,2.92,5.07,32240.58,71841.64,0.00,3262.00,32308.43,0.00,49999908864.00,52362.18,0.00,28634.21
1787804282.194,6.61,2.61,5.06,30297.89,112888.81,1.00,3267.00,24922.93,15.69,50006331392.00,96419.67,0.00,28779.33
1787804285.234,10.04,5.89,2.87,33482.22,141622.05,0.00,3420.00,244990.61,39.69,49846472704.00,1666183.82,0.02,30733.44
1787804288.267,12.54,4.33,4.49,38733.12,111050.57,2.00,3244.00,21443.19,0.00,50167037952.00,526931.10,0.01,45256.57
1787804291.304,6.04,2.00,2.30,20421.80,81430.41,0.00,4059.00,9475.40,0.98,49309208576.00,463478.03,0.00,18485.85
1787804294.351,8.51,4.66,3.75,58327.77,146102.21,0.00,3571.00,23555.37,15.66,49820348416.00,809567.43,0.00,68907.81
1787804297.393,13.52,6.69,3.61,48051.76,131834.24,0.00,3582.00,21305.15,0.00,49813598208.00,24191.25,0.00,55212.73
1787804300.447,6.19,3.07,3.23,38773.96,129181.61,1.00,3599.00,23530.23,0.00,49799479296.00,48361.19,0.00,46091.27
1787804303.49,6.85,1.38,4.52,29833.09,75415.87,0.00,3605.00,24966.79,0.00,49790599168.00,40218.66,0.00,25707.00
1787804306.523,8.28,1.62,5.09,41873.72,72972.76,0.00,3595.00,32455.39,0.00,49794867200.00,32370.43,0.00,36016.28
1787804309.564,10.54,3.15,5.69,31350.97,93872.87,0.00,3632.00,25190.76,0.00,49608609792.00,100735.48,0.00,27237.89
1787804312.603,6.88,2.00,2.85,28037.11,64234.93,0.00,4460.00,98325.36,0.00,48747601920.00,20167.89,0.00,29519.73
1787804315.647,12.42,6.02,4.48,42693.12,110539.96,0.00,4602.00,22626.48,15.81,48750456832.00,1275219.32,0.01,50348.47
1787804318.704,6.50,2.31,3.39,35534.37,103518.40,0.00,3741.00,69069.21,15.80,49658806272.00,149645.84,0.00,39783.48
1787804321.745,9.56,3.55,3.47,40268.00,97787.23,1.00,3730.00,21034.34,0.00,49664782336.00,129467.65,0.00,50640.00
1787804324.79,13.67,7.59,3.87,76571.04,271738.82,0.00,3730.00,24277.12,47.59,49664274432.00,1149232.88,0.01,77124.52
1787804327.834,7.02,3.92,3.54,36620.74,108828.65,0.00,3731.00,31664.54,0.00,49665368064.00,120956.81,0.01,44294.67
1787804330.876,12.87,5.07,4.84,49293.04,97728.36,1.00,3729.00,26713.21,5.90,49665708032.00,317921.50,0.00,54830.65
1787804333.92,8.90,2.31,4.46,26509.14,90203.12,0.00,3743.00,24188.16,0.00,49663787008.00,24190.13,0.00,27173.56
1787804336.962,8.00,2.31,3.62,30477.01,85833.82,0.00,3750.00,24270.38,0.00,49482981376.00,44430.60,0.00,33977.92
1787804340.004,4.59,3.53,2.15,43238.69,127830.62,3.00,3744.00,23593.23,15.72,49488453632.00,434634.93,0.01,51345.95
1787804343.045,10.11,3.23,3.54,36475.46,110644.78,0.00,3752.00,23201.98,0.00,49486020608.00,44378.87,0.00,41545.89
1787804346.091,7.72,2.68,3.53,35579.61,107321.06,0.00,3752.00,21832.61,0.00,49488683008.00,84455.54,0.00,42190.82
1787804349.129,6.93,2.70,3.16,37368.22,103191.87,0.00,3748.00,30408.13,0.00,49486282752.00,165535.98,0.01,43268.98
1787804352.183,10.59,3.53,4.14,47174.02,126665.52,0.00,3733.00,47784.86,0.00,49501163520.00,52292.49,0.00,52389.97
1787804355.218,9.52,4.07,4.76,57987.48,104445.56,0.00,3735.00,24282.00,0.00,49496195072.00,338584.05,0.01,58193.56
1787804358.264,8.48,2.93,3.93,27936.84,94368.69,0.00,3748.00,24350.06,0.00,49494028288.00,44433.85,0.00,28234.72
1787804361.305,6.90,3.10,3.18,34856.70,110951.30,0.00,3743.00,24474.40,0.00,49489428480.00,60878.84,0.00,40438.66
1787804364.353,7.15,2.78,3.79,38327.01,121931.86,0.00,3743.00,23741.83,0.99,49491193856.00,214734.91,0.00,42256.17
1787804367.401,7.45,3.07,2.92,36570.37,121059.03,0.00,3745.00,20930.22,0.00,49488560128.00,44294.59,0.00,43672.05
1787804370.44,5.22,1.77,4.16,49620.85,70311.40,0.00,3741.00,31626.63,0.00,49492365312.00,40366.03,0.00,50234.77
1787804373.487,8.64,4.00,3.38,33833.14,104362.84,0.00,3760.00,20999.00,14.77,49487380480.00,88730.27,0.00,38504.19
1787804376.526,9.22,3.08,3.85,35051.55,116745.23,0.00,3755.00,31048.45,0.00,49487884288.00,44391.80,0.00,40492.32
1787804379.567,8.21,2.15,5.22,46508.41,79350.66,0.00,3756.00,24361.69,0.00,49482043392.00,144902.48,0.00,41208.29
1787804382.608,9.04,2.69,4.31,30325.42,94744.66,0.00,3761.00,23484.41,0.00,49479159808.00,64498.96,0.00,31447.67
1787804385.653,13.06,6.46,3.92,85696.31,93369.90,0.00,4897.00,313644.51,0.00,48286326784.00,750086.17,0.01,84541.08
1787804388.698,4.86,1.93,2.32,17573.09,64680.41,0.00,4887.00,9210.09,0.00,48295571456.00,48640.19,0.00,17328.10
1787804391.729,10.38,3.25,3.80,56865.88,113788.29,0.00,4544.00,71308.73,0.00,48663924736.00,40624.86,0.00,69605.95
1787804394.774,7.43,3.39,3.08,32163.40,122703.57,0.00,3824.00,206742.19,0.00,49571753984.00,327322.64,0.01,37606.36
1787804397.805,10.08,1.94,2.64,41502.95,85590.04,0.00,3988.00,26860.87,0.00,49240608768.00,0.00,0.00,44272.20
1787804400.839,9.77,3.03,2.72,38523.32,94960.26,0.00,3991.00,22511.03,0.00,49240956928.00,114226.40,0.00,39928.27
1787804403.886,12.47,8.56,3.08,115891.75,106426.28,0.00,3447.00,69006.86,0.00,49808867328.00,44498.76,0.00,121093.52
1787804406.93,7.92,1.92,3.99,34238.18,96382.44,1.00,3451.00,18827.22,0.00,49807228928.00,68454.74,0.01,37959.94
1787804409.969,12.09,4.01,3.62,44677.29,128846.97,0.00,3454.00,22192.57,0.00,49801646080.00,141501.78,0.00,53486.69
1787804413.007,9.35,3.16,3.46,39660.89,82973.14,0.00,3427.00,23137.16,0.00,49827487744.00,36301.00,0.00,45275.02
1787804416.044,13.10,6.49,4.48,49038.27,150258.79,0.00,3416.00,31991.54,12.85,49832108032.00,1023033.16,0.01,55527.89
1787804419.077,11.37,5.63,4.93,42155.95,117575.19,0.00,3430.00,30648.10,0.00,49819893760.00,125308.27,0.00,49260.58
1787804422.115,8.24,2.69,3.08,38422.54,89387.43,0.00,3447.00,21360.64,0.00,49809137664.00,40375.26,0.00,45624.35
1787804425.164,8.65,3.07,3.61,38270.56,121695.23,0.00,3449.00,23221.16,138.65,49795469312.00,745153.93,0.01,41172.27
1787804428.204,7.18,2.23,3.00,37905.65,101858.70,0.00,3459.00,22672.13,0.00,49794453504.00,16127.30,0.00,43436.79
1787804431.249,9.85,3.93,4.31,40110.64,97485.43,0.00,3453.00,22157.93,0.00,49794695168.00,32278.43,0.00,48880.53
1787804434.285,7.72,2.47,3.32,51063.59,112168.58,1.00,3454.00,22170.98,0.00,49792950272.00,101294.28,0.00,56942.53
1787804437.329,8.70,2.01,3.55,30402.18,92699.35,0.00,3456.00,23663.71,0.00,49795035136.00,80988.11,0.00,34989.95
1787804440.373,10.41,4.06,5.59,42678.52,97512.07,0.00,3438.00,30758.95,0.00,49807740928.00,20093.24,0.00,47034.97
1787804443.414,5.73,2.15,2.84,32659.05,103241.18,1.00,3445.00,16183.49,0.00,49798934528.00,24167.56,0.00,40599.55
1787804446.461,10.11,3.69,4.00,32946.70,130629.84,0.00,3448.00,21440.96,0.00,49797824512.00,379117.50,0.00,37516.38
1787804449.502,8.77,1.38,4.45,34476.93,83763.27,0.00,3441.00,23002.65,24.58,49798512640.00,249693.04,0.01,34749.60
1787804452.545,11.04,3.62,5.23,51209.48,101810.15,0.00,3423.00,26279.05,0.00,49809883136.00,4035.05,0.00,53285.64
1787804455.595,9.97,3.82,4.51,34529.01,79365.97,0.00,3414.00,22704.54,0.00,49814806528.00,16050.71,0.00,38690.06
1787804458.633,8.86,3.62,3.24,37410.54,118161.95,0.00,3426.00,22569.86,6.91,49812504576.00,48500.58,0.00,46065.93
1787804461.68,9.90,1.85,4.77,49003.77,96050.38,2.00,3421.00,31100.17,0.00,49806016512.00,76539.75,0.00,44672.25
1787804464.714,8.92,1.09,5.19,37406.75,71705.61,0.00,3426.00,24621.85,0.00,49801744384.00,248011.14,0.00,33076.83
1787804467.748,10.42,2.25,5.68,38564.92,87356.99,0.00,3424.00,31984.77,0.00,49806151680.00,20390.60,0.01,32971.84
1787804470.788,8.65,3.79,4.72,101329.19,116232.99,0.00,3257.00,96898.95,18.81,49979682816.00,125734.15,0.01,105523.45
1787804473.832,4.62,1.93,2.47,35119.44,73495.17,0.00,3837.00,94272.09,0.00,49378693120.00,24324.19,0.00,37561.75
1787804476.871,11.29,5.48,4.71,38945.40,143294.79,0.00,3842.00,24283.49,0.00,49379229696.00,497426.91,0.00,42239.78
1787804479.907,7.39,2.31,3.93,54808.74,109807.96,0.00,3842.00,24854.56,0.00,49378959360.00,76809.02,0.00,55778.09
1787804482.967,5.82,1.07,5.06,31166.29,76065.62,0.00,3840.00,31662.93,15.70,49381789696.00,205029.71,0.01,28592.89
1787804486.011,7.30,2.62,3.00,35596.20,111575.80,0.00,3934.00,57913.14,0.00,49286180864.00,1165770.96,0.01,42163.87
1787804489.061,11.89,6.85,3.46,39846.95,119401.07,0.00,3751.00,221220.89,0.00,49613254656.00,439471.05,0.01,46749.82
1787804492.112,4.57,1.70,2.24,19588.96,138938.51,0.00,3492.00,9772.77,0.00,49776664576.00,177853.92,0.01,17258.42
1787804495.145,13.99,7.10,4.48,64527.11,94571.06,0.00,3165.00,23604.97,15.81,50135949312.00,246864.69,0.00,64581.08
1787804498.188,7.54,0.61,5.07,27907.99,66538.78,0.00,3161.00,24849.81,0.00,50131898368.00,100661.43,0.00,23300.35
1787804501.234,7.97,1.08,4.99,34935.06,82325.16,0.00,3158.00,24145.95,0.00,50134585344.00,20140.47,0.00,31499.57
1787804504.276,10.57,5.71,4.01,46231.51,193890.08,2.00,4732.00,23856.01,0.00,48470994944.00,505683.41,0.00,49039.12
1787804507.309,9.24,5.01,3.47,56609.31,137461.70,0.00,3925.00,25926.35,14.81,49341779968.00,473125.09,0.01,68521.26
1787804510.343,9.56,3.23,4.39,57791.13,110712.32,0.00,3934.00,27164.53,0.00,49333080064.00,36319.21,0.00,59713.57
1787804513.385,10.99,2.93,6.09,30655.89,83212.22,0.00,3944.00,24910.93,0.00,49330012160.00,64602.21,0.00,26968.00
1787804516.425,13.35,9.93,3.16,65630.49,64002.00,0.00,3411.00,303428.40,15.77,49891352576.00,948861.29,0.02,63324.92
1787804519.464,8.70,3.70,3.86,37340.42,110722.33,0.00,3347.00,24335.19,31.61,49932054528.00,178023.40,0.00,43118.60
1787804522.498,6.95,3.47,3.32,18526.33,72060.77,2.00,3550.00,52395.08,333.02,49725976576.00,1384268.81,0.01,17408.80
1787804525.531,4.91,1.23,2.24,17519.77,72297.56,1.00,3543.00,10501.99,47.39,49728888832.00,521677.47,0.01,16094.98
1787804528.581,3.06,1.08,2.00,22435.05,86566.42,0.00,3542.00,9241.67,0.98,49721704448.00,125036.77,0.00,21855.82
1787804531.625,8.34,3.03,3.42,37239.33,63310.84,0.00,3514.00,52534.02,0.00,49747935232.00,28525.94,0.00,35471.23
1787804534.672,5.08,2.47,2.32,18675.48,80305.74,0.00,3334.00,68975.46,25.71,49955889152.00,433386.56,0.01,17366.38
1787804537.707,8.39,4.94,3.01,45813.36,111863.17,1.00,3091.00,22534.83,31.65,50211729408.00,380779.83,0.01,54970.65
1787804540.753,7.69,3.15,3.30,53185.44,141630.73,0.00,3094.00,21003.39,15.74,50205048832.00,185391.91,0.00,60012.60
1787804543.788,8.83,4.02,3.01,38716.04,114754.10,0.00,3099.00,19343.18,15.83,50203205632.00,64839.38,0.00,47257.49
1787804546.837,8.29,3.25,3.79,35921.04,107289.52,0.00,3106.00,22866.67,0.00,50193371136.00,16199.57,0.00,42799.09
1787804549.885,8.52,3.70,3.63,51329.09,102633.50,0.00,3102.00,21345.67,15.79,50188898304.00,88935.67,0.00,61427.33
1787804552.923,7.59,3.31,3.31,42382.44,115740.22,0.00,3095.00,30115.55,111.42,50198573056.00,7180766.36,0.01,49217.37
1787804555.973,9.96,3.46,3.30,49069.53,97800.97,1.00,3098.00,21025.59,15.73,50189062144.00,378411.41,0.01,57577.99
1787804559.024,8.36,3.85,3.70,40213.05,126943.54,0.00,3102.00,20279.26,15.79,50201952256.00,303226.55,0.00,47307.33
1787804562.072,12.13,5.25,4.17,62205.26,116547.26,0.00,3111.00,45823.30,0.00,50184069120.00,68733.96,0.00,72574.87
1787804565.112,9.01,3.94,3.70,64372.90,173846.76,0.00,3104.00,22596.43,0.00,50187452416.00,611231.27,0.01,64131.74
1787804568.162,8.29,4.54,2.84,39346.93,148808.02,0.00,3124.00,21085.04,0.00,50159689728.00,471737.92,0.00,50682.05
1787804571.198,8.49,3.08,3.31,34156.05,115543.64,0.00,3126.00,19975.14,0.00,50164170752.00,8078.02,0.00,38333.93
1787804574.233,8.57,3.01,2.85,43439.31,113827.71,0.00,3122.00,28961.51,0.00,50162786304.00,16170.44,0.00,50780.55
1787804577.278,7.32,1.77,4.30,33394.84,98549.28,0.00,3134.00,22864.07,0.00,50146533376.00,68511.53,0.01,32402.81
1787804580.316,11.98,1.78,5.40,42121.87,82645.45,0.00,3123.00,33791.40,0.00,50156597248.00,48583.23,0.00,38207.06
1787804583.358,8.93,3.79,2.86,42883.27,87189.31,1.00,4399.00,130997.33,0.00,48829018112.00,166273.65,0.01,42895.14
1787804586.394,8.85,3.85,3.08,44627.28,110067.40,0.00,4391.00,22410.80,0.00,48825917440.00,88885.64,0.00,52490.34
1787804589.43,12.17,6.00,4.16,46065.91,129699.85,0.00,3564.00,22954.56,15.78,49685712896.00,189828.99,0.00,53573.94
1787804592.475,8.80,3.91,3.22,37032.45,116618.82,0.00,3567.00,20224.43,0.00,49683783680.00,245431.82,0.01,48592.21
1787804595.507,8.87,4.79,3.48,35096.87,111854.18,0.00,3582.00,17767.22,0.00,49693323264.00,275737.89,0.00,45358.54
1787804598.544,6.76,2.46,4.39,42934.31,70960.37,0.00,3596.00,24444.17,0.00,49657708544.00,214033.65,0.00,41073.86
1787804601.596,9.13,2.46,4.77,32021.74,106080.88,0.00,3601.00,31599.99,15.77,49650982912.00,84760.64,0.00,34879.54
1787804604.636,10.90,3.69,5.46,34815.68,84825.37,0.00,3597.00,27328.94,0.00,49656389632.00,16131.33,0.00,31388.76
1787804607.68,18.30,14.97,2.16,61366.41,84414.61,0.00,4465.00,263770.12,0.00,48736821248.00,703763.53,0.02,62453.90
1787804610.719,7.42,4.10,2.63,44856.10,114503.02,1.00,4159.00,21837.11,0.00,49071812608.00,16217.72,0.00,54825.46
1787804613.752,5.40,2.64,3.57,14003.74,59914.49,0.00,3780.00,19419.20,0.00,49473601536.00,16265.23,0.00,13797.83
1787804616.795,5.34,2.53,3.07,32494.51,96980.50,0.00,3307.00,23730.53,0.00,49975357440.00,72438.41,0.00,37743.50
1787804619.831,10.78,4.93,3.62,41894.84,136567.65,0.00,3315.00,22405.91,0.00,49973620736.00,258770.56,0.00,51357.81
1787804622.874,8.08,2.87,3.10,41878.54,108908.77,1.00,3300.00,30404.97,0.00,49983832064.00,20291.78,0.00,50569.76
1787804625.911,8.08,3.70,3.93,39459.01,109397.11,0.00,3297.00,22119.78,0.00,49989615616.00,153324.40,0.00,47241.40
1787804628.947,5.31,2.70,3.62,37199.28,106034.38,0.00,3299.00,22519.22,0.00,49989472256.00,80808.39,0.00,41377.09
1787804631.985,6.32,2.93,2.54,39269.73,95196.23,0.00,3340.00,15465.74,0.00,49991831552.00,16153.94,0.00,48143.88
1787804635.021,10.65,5.18,5.26,48820.18,172997.35,1.00,3295.00,48401.57,89.07,50022903808.00,778272.82,0.00,53634.93
1787804638.071,9.88,4.15,3.61,51034.82,112737.03,0.00,3346.00,23880.21,15.76,49928687616.00,455940.50,0.01,59065.96
1787804641.106,8.29,3.01,2.86,48585.54,126237.41,0.00,3336.00,23755.23,0.00,49928663040.00,40473.12,0.00,58666.65
1787804644.144,9.15,3.86,3.62,41924.59,115250.18,0.00,3335.00,30326.92,0.99,49931706368.00,93002.55,0.00,51831.23
1787804647.185,7.91,3.32,3.01,36775.76,117651.63,0.00,3332.00,21053.48,0.00,49932341248.00,16166.29,0.00,45868.60
1787804650.225,12.76,6.47,6.01,99985.67,135535.04,0.00,3293.00,68576.67,0.00,49967915008.00,2196061.80,0.01,103350.59
1787804653.256,10.45,4.33,3.63,36768.67,119143.15,1.00,3293.00,19617.87,28.70,49971621888.00,202670.52,0.01,48661.72
1787804656.293,7.47,2.92,2.84,39322.33,102223.68,0.00,3316.00,20145.12,0.00,49957122048.00,116841.68,0.00,47988.46
1787804659.336,8.34,3.47,3.93,55816.66,109948.01,0.00,3311.00,23623.05,0.00,49957220352.00,16156.96,0.00,64476.49
1787804662.371,6.23,3.55,2.24,38226.41,119661.64,0.00,3320.00,21473.45,0.00,49952210944.00,12145.16,0.00,48371.38
1787804665.415,12.07,7.31,4.54,39492.98,111625.87,0.00,3327.00,25843.95,0.00,49955713024.00,16129.95,0.00,45780.78
1787804668.456,9.29,2.69,4.62,34278.70,90947.34,0.00,3326.00,24123.22,0.00,49950093312.00,217826.90,0.01,34344.35
1787804671.493,5.56,2.46,3.24,40547.03,110080.85,0.00,3325.00,29877.64,0.00,49952632832.00,242182.41,0.00,46465.10
1787804674.543,7.32,2.93,2.85,37244.91,110182.19,0.00,3318.00,19597.60,15.79,49952964608.00,64683.12,0.00,43719.22
1787804677.581,9.72,4.71,3.63,40266.61,104531.80,0.00,3320.00,23640.58,0.00,49953931264.00,16202.77,0.00,50026.11
1787804680.623,10.57,5.11,4.10,60552.07,119840.43,0.00,3317.00,24417.87,0.00,49951272960.00,430331.72,0.00,63812.66
1787804683.662,13.48,6.42,4.49,50043.99,89576.40,1.00,3322.00,21465.12,0.00,49946832896.00,52764.04,0.00,57130.23
1787804686.697,6.86,3.65,2.56,39171.00,108710.33,0.00,3319.00,22320.57,0.00,49946787840.00,231909.00,0.00,47433.98
1787804689.736,10.36,5.10,3.09,40496.65,123726.02,0.00,3329.00,24420.68,49.47,49947734016.00,228467.20,0.00,50582.58
1787804692.776,7.08,3.46,3.23,36006.29,125398.85,0.00,3337.00,30161.16,0.00,49936523264.00,36263.04,0.00,41968.14
1787804695.812,6.96,2.26,3.19,32959.78,106354.71,0.00,3337.00,22700.91,1.00,49936609280.00,36698.96,0.00,39659.05
1787804698.844,7.16,2.55,3.09,38302.28,125546.20,0.00,3354.00,21832.23,0.00,49923133440.00,558702.69,0.01,44773.16
1787804701.885,6.59,3.23,2.39,33735.40,94669.85,0.00,3364.00,16402.02,0.00,49919115264.00,20184.67,0.00,39073.33
1787804704.936,9.30,4.22,3.99,41475.07,111510.30,0.00,3360.00,21053.93,0.00,49918799872.00,40184.95,0.00,48648.10
1787804707.982,10.22,4.54,3.08,40379.76,113129.31,0.00,3365.00,20633.51,0.00,49912242176.00,28234.81,0.00,49119.23
1787804711.032,13.40,5.77,4.93,96609.80,166903.64,0.00,3354.00,61560.93,15.77,49914769408.00,496412.94,0.00,103399.97
1787804714.067,8.87,3.27,3.74,37484.42,102261.14,1.00,3337.00,28718.55,0.00,49927184384.00,77566.21,0.00,44237.13
1787804717.107,5.98,2.31,2.77,39541.25,97481.65,0.00,3349.00,23497.12,0.00,49919537152.00,20163.46,0.00,45975.91
1787804720.145,12.70,5.17,5.17,47202.61,110666.01,0.00,3362.00,22333.04,0.00,49901322240.00,88972.77,0.00,54112.63
1787804723.19,8.27,2.38,3.76,32197.99,78007.76,0.00,3381.00,22361.98,20.62,49899773952.00,100529.76,0.00,32560.59
1787804726.233,6.44,3.09,2.62,35015.94,132558.15,0.00,3369.00,23226.78,0.00,49901412352.00,161783.68,0.00,41296.10
1787804729.274,7.06,3.46,3.54,37481.27,105719.06,1.00,3378.00,22203.02,0.00,49898528768.00,84752.60,0.00,44967.97
1787804732.31,9.38,2.77,2.39,35650.51,102144.97,0.00,3374.00,21783.74,0.00,49898618880.00,68626.22,0.00,43728.27
1787804735.364,9.69,4.63,3.70,45208.78,131489.80,0.00,3373.00,30421.87,0.00,49897619456.00,16174.98,0.00,53444.74
1787804738.407,10.93,3.23,3.54,52849.07,93253.97,0.00,3376.00,16050.63,0.00,49888018432.00,16113.58,0.00,57229.17
1787804741.446,9.69,2.70,4.70,49314.56,94046.90,0.00,3379.00,25156.83,0.00,49889665024.00,403976.80,0.00,47590.16
1787804744.49,11.73,5.46,6.08,55789.51,194046.83,0.00,3374.00,24612.79,0.00,49895100416.00,645519.32,0.01,45609.14
1787804747.544,13.75,9.16,1.85,47037.00,79172.25,0.00,4525.00,72037.10,0.00,48680267776.00,225960.43,0.01,48119.88
1787804750.59,7.10,2.76,3.52,45905.35,106508.99,0.00,4386.00,23234.63,15.69,48844021760.00,112478.74,0.00,53066.92
1787804753.623,8.06,2.62,3.86,34982.77,93442.68,0.00,3525.00,60926.46,0.00,49752449024.00,0.00,0.00,42300.55
1787804756.661,8.80,3.93,3.47,38960.62,103963.40,0.00,3521.00,30218.06,15.79,49758711808.00,230377.20,0.01,48519.93
1787804759.696,8.19,3.49,2.63,53367.61,117662.82,0.00,3603.00,24770.81,0.00,49640185856.00,85302.50,0.00,59587.22
1787804762.736,6.53,1.85,2.47,19758.75,95973.31,0.00,3984.00,100461.46,0.00,49267142656.00,20246.11,0.00,17859.55
1787804765.779,6.72,2.86,2.63,43652.17,81609.98,0.00,3618.00,221044.67,0.99,49633591296.00,283847.01,0.01,47229.53
1787804768.84,7.80,2.45,3.29,36266.71,90450.39,0.00,3146.00,22344.56,0.00,50129018880.00,64167.80,0.00,38882.66
1787804771.878,12.08,6.46,4.15,68268.75,137680.74,0.00,4596.00,47097.55,0.00,48610131968.00,524336.74,0.00,78557.98
1787804774.914,5.99,1.86,2.40,34684.39,83016.00,0.00,4625.00,137968.25,0.00,48586665984.00,166269.61,0.01,36565.76
1787804777.961,6.57,2.77,3.00,51094.29,130479.28,0.00,4581.00,69896.23,0.00,48637399040.00,32320.95,0.00,58189.61
1787804781.004,12.20,4.62,4.85,63633.10,90927.65,0.00,5059.00,188712.69,674.01,48083124224.00,3580102.75,0.02,65849.46
1787804784.041,7.80,1.39,4.63,31454.42,70807.51,1.00,4576.00,32472.01,0.00,48585822208.00,20233.26,0.00,28038.81
1787804787.083,13.89,9.21,2.46,58342.34,322189.76,0.00,4163.00,61526.88,13.75,49084067840.00,1013898.33,0.01,61902.13
1787804790.123,8.70,6.09,0.62,22070.50,245918.96,0.00,3969.00,26682.05,0.00,49280004096.00,33010127.65,0.09,14114.92
1787804793.169,14.24,10.60,2.84,57526.95,348712.01,0.00,3452.00,91567.72,0.00,50165022720.00,32199.29,0.00,51165.85
1787804796.22,9.74,3.92,4.77,51810.85,400023.42,0.00,3521.00,24533.99,14.78,50177478656.00,621686.79,0.01,52454.24
1787804799.254,11.81,4.79,4.94,26289.17,111297.48,0.00,3521.00,26840.78,15.82,50195845120.00,263188.28,0.00,27639.53
1787804802.295,12.21,3.92,4.84,27882.19,119410.19,0.00,3521.00,47574.96,15.74,50185834496.00,382874.59,0.00,32276.99
1787804805.341,10.10,5.10,3.55,42167.97,147341.81,0.00,4362.00,33301.11,0.00,49255464960.00,882463.66,0.01,47537.91
1787804808.391,5.89,1.54,2.70,22654.62,68715.91,0.00,4043.00,9521.56,0.00,49620660224.00,476401.41,0.00,23221.27
1787804811.437,8.75,4.01,3.86,35830.29,118910.00,1.00,3559.00,20990.85,0.00,50141032448.00,311413.87,0.01,43384.84
1787804814.485,7.25,1.84,5.14,26103.31,102073.87,0.00,3560.00,25546.69,0.00,50126897152.00,16084.12,0.00,23615.58
1787804817.521,7.20,2.93,4.01,41671.59,104138.52,0.00,3640.00,23552.05,0.00,49508671488.00,20213.98,0.00,42552.47
1787804820.556,10.43,3.70,3.08,54218.17,89489.92,0.00,4229.00,64814.98,0.99,49049690112.00,872778.24,0.02,60762.11
1787804823.597,8.19,4.38,3.31,34409.42,86924.82,0.00,3726.00,273563.38,29.52,49627774976.00,693178.87,0.01,36223.19
1787804826.644,15.48,9.03,3.55,43653.91,118394.89,1.00,3425.00,30428.98,0.00,49947033600.00,165939.99,0.01,52926.46
1787804829.692,9.27,3.45,3.38,29557.90,85313.16,0.00,3419.00,23428.37,0.00,49946021888.00,16099.08,0.00,32355.24
1787804832.738,9.97,5.16,3.92,36507.97,129504.24,0.00,3407.00,22787.81,0.00,49958264832.00,278406.64,0.00,42236.39
1787804835.799,9.32,3.22,3.76,40262.66,109021.10,0.00,3405.00,22525.81,0.00,49951842304.00,20139.20,0.00,45724.24
1787804838.836,9.31,2.54,4.08,33411.64,85960.41,0.00,3415.00,23689.33,15.77,49941495808.00,121102.65,0.00,33469.03
1787804841.871,10.65,3.00,2.92,39639.17,112078.36,0.00,3414.00,21866.01,0.00,49938571264.00,1267822.69,0.02,49576.73
1787804844.909,12.33,5.33,3.32,42659.06,108676.34,0.00,3418.00,23322.62,0.00,49947332608.00,28360.24,0.00,51527.70
1787804847.942,8.50,3.25,3.17,68850.58,134895.43,0.00,3486.00,27028.97,0.00,49833242624.00,170255.47,0.00,76389.78
1787804850.987,14.94,7.96,3.55,71401.40,102157.33,0.00,3601.00,52917.37,0.00,49816715264.00,20261.89,0.00,73251.73
1787804854.018,9.73,3.56,2.63,42754.76,128914.32,1.00,3639.00,29585.90,0.00,49809362944.00,97261.57,0.00,52833.10
1787804857.057,7.74,3.78,2.78,52904.94,101709.80,0.00,3643.00,21090.25,0.00,49807409152.00,161869.42,0.00,63430.44
1787804860.096,14.73,5.58,3.41,43417.98,175667.18,0.00,3645.00,24205.30,15.89,49817374720.00,81359.68,0.00,52481.01
1787804863.143,12.17,6.26,5.18,65482.02,147077.18,0.00,3623.00,55393.26,4410.50,49858174976.00,18563606.37,0.50,73700.93
1787804866.189,7.43,2.87,3.87,36015.11,102676.38,0.00,3614.00,23669.00,7.93,49866805248.00,134018.56,0.01,41135.20
1787804869.227,7.91,1.63,5.11,37156.89,99825.56,0.00,3618.00,32551.19,0.00,49830584320.00,44665.19,0.00,34340.04
1787804872.252,8.68,3.42,2.88,45267.74,123272.71,0.00,3621.00,20823.82,15.93,49823899648.00,134540.13,0.00,57604.54
1787804875.29,9.66,2.00,5.00,31520.07,93168.82,0.00,3651.00,32717.34,0.00,49821483008.00,8706102.41,0.17,28013.56
1787804878.324,7.80,4.17,3.17,88267.19,101950.24,1.00,3877.00,22801.46,0.00,49394352128.00,36438.05,0.00,92679.15
1787804881.37,8.85,4.02,4.72,40191.38,75644.01,0.00,4367.00,266635.47,0.00,48869941248.00,20131555.05,0.19,38451.27
1787804884.404,5.74,2.08,1.93,15392.00,74580.17,0.00,4150.00,8951.59,0.00,49122783232.00,497505.26,0.00,14080.63
1787804887.446,8.98,3.33,2.94,37298.37,112089.31,0.00,3845.00,23328.45,0.00,49450561536.00,24351.00,0.00,45707.61
1787804890.481,13.28,4.86,6.79,98284.70,88930.32,0.00,4591.00,301823.20,0.00,48661594112.00,368301.83,0.01,100237.68
1787804893.508,9.14,3.49,3.11,17487.40,96977.33,0.00,4582.00,10080.32,0.00,48674656256.00,122204.98,0.00,15553.96
1787804896.548,7.99,2.69,3.08,30682.37,68538.93,0.00,4418.00,16654.09,0.00,48842338304.00,92787.77,0.00,32004.61
1787804899.582,5.06,0.46,2.78,28136.00,72751.71,0.00,4409.00,27323.53,0.00,48993300480.00,80970.32,0.00,25071.82
1787804902.622,8.23,1.31,5.07,41396.93,82888.25,0.00,4051.00,24261.61,0.00,49225166848.00,28190.50,0.00,36742.71
1787804905.659,6.91,2.72,4.97,52590.17,93026.42,0.00,4050.00,24503.54,0.99,49230036992.00,61032.85,0.00,48553.81
1787804908.707,7.10,1.38,5.15,45973.33,70394.88,0.00,4122.00,24153.86,0.00,49124343808.00,20155.28,0.00,42597.01
1787804911.746,7.82,3.31,3.24,45045.23,94468.32,0.00,4380.00,177685.19,0.00,48881131520.00,440414.16,0.00,48984.57
1787804914.789,6.68,1.85,4.24,68394.40,83682.38,0.00,3757.00,24791.49,15.80,49527230464.00,194206.90,0.01,71159.81
1787804917.826,10.83,1.40,5.04,44241.73,106659.37,0.00,3768.00,32533.40,0.00,49514467328.00,16262.23,0.00,42265.94
1787804920.862,6.50,2.39,2.46,30202.17,100267.23,0.00,3714.00,133881.96,175.56,49605853184.00,2197675.00,0.01,34441.80
1787804923.9,9.72,5.01,4.16,52820.09,135297.96,1.00,3758.00,28029.97,15.78,49615396864.00,278823.77,0.00,56800.65
1787804926.942,6.82,1.54,4.78,28300.37,62046.20,0.00,3765.00,24222.20,0.00,49609633792.00,153657.38,0.00,26851.53
1787804929.982,11.79,6.62,2.69,69038.98,80451.24,0.00,4005.00,217954.90,0.00,49347575808.00,145257.30,0.16,65996.15
1787804933.015,9.79,4.71,3.17,40423.73,107302.60,0.00,3594.00,23531.60,0.00,49853775872.00,48563.01,0.00,51799.67
1787804936.054,6.72,2.93,3.24,44500.84,98463.64,0.00,3588.00,23519.31,0.00,49852944384.00,298838.71,0.01,51298.05
1787804939.096,7.82,3.33,2.94,39004.95,103971.93,0.00,3663.00,35792.51,0.00,49620791296.00,0.00,0.00,49034.78
1787804942.144,8.54,2.55,3.40,33813.37,95517.43,0.00,3661.00,22288.79,0.00,49617027072.00,206824.73,0.00,38542.53
1787804945.2,7.25,3.01,3.55,38263.89,129049.98,0.00,3665.00,31371.47,0.99,49615917056.00,165662.53,0.00,42664.22
1787804948.242,6.98,3.47,2.23,37579.32,106376.58,0.00,3665.00,22403.95,0.00,49617772544.00,36368.80,0.00,46719.56
1787804951.279,10.63,4.38,4.76,83280.23,117982.05,0.00,3650.00,23480.75,0.00,49622839296.00,12085.59,0.00,92368.10
1787804954.316,8.58,4.47,2.39,43000.21,123814.49,0.00,3647.00,24318.06,0.00,49628225536.00,165640.96,0.00,49618.72
1787804957.369,5.83,2.07,2.99,43010.50,126481.53,0.00,3653.00,23886.32,15.71,49620918272.00,96523.23,0.00,51505.40
1787804960.41,6.26,2.78,3.63,40509.87,92096.70,0.00,3664.00,24113.16,0.00,49613991936.00,52583.23,0.00,44310.00
1787804963.45,9.60,2.62,4.08,30561.70,91454.43,0.00,3666.00,23492.77,0.00,49615622144.00,16150.79,0.00,33622.61
1787804966.484,11.48,4.32,4.47,48201.47,97863.86,0.00,3651.00,30933.99,0.00,49619341312.00,36388.75,0.00,54758.90
1787804969.534,8.16,2.77,3.78,36614.64,109954.30,0.00,3709.00,22893.39,0.00,49570594816.00,32293.18,0.00,41759.14
1787804972.584,6.20,1.62,3.70,32695.47,95681.82,0.00,3714.00,23196.46,0.00,49561993216.00,335448.30,0.00,36575.09
1787804975.629,6.83,3.32,2.31,67525.78,100018.46,1.00,3699.00,22143.42,13.82,49568976896.00,72766.54,0.00,75139.69
1787804978.663,9.94,3.56,3.56,55316.26,125086.59,0.00,3699.00,21597.35,0.00,49569730560.00,0.00,0.00,60280.08
1787804981.705,7.77,3.08,3.70,37404.37,114499.18,0.00,3699.00,22961.43,15.79,49569824768.00,376006.01,0.01,38659.63
1787804984.734,10.98,5.89,4.26,45899.87,236449.45,0.00,3700.00,24055.54,0.00,49570902016.00,284432.56,0.00,41192.41
1787804987.783,13.60,5.63,5.63,38156.62,119476.69,3.00,3704.00,29532.62,0.00,49562959872.00,32340.50,0.00,42612.82
1787804990.825,8.51,2.31,4.54,40533.38,100536.12,0.00,3705.00,22955.92,0.00,49560649728.00,32255.03,0.00,41821.54
1787804993.872,6.35,2.70,3.39,33217.18,99744.32,0.00,3714.00,22787.39,0.00,49560530944.00,76820.71,0.00,39682.05
1787804996.923,7.26,1.76,5.67,23559.41,89851.33,0.00,3720.00,27272.55,0.00,49554145280.00,204984.20,0.00,17654.81
1787804999.947,7.56,1.64,4.67,31521.93,84570.06,0.00,3757.00,24533.89,0.00,49516425216.00,16328.02,0.00,28136.34
1787805002.984,9.19,4.65,2.94,30624.26,93332.25,0.00,3627.00,101221.16,0.00,49655439360.00,3652557.95,0.03,30892.96
1787805006.02,8.19,2.46,3.31,48863.33,106464.04,0.00,4693.00,264165.37,0.99,48544653312.00,221911.71,0.00,48399.98
1787805009.055,6.96,3.54,3.00,45997.44,131494.38,2.00,4541.00,26747.19,0.00,48711168000.00,36354.57,0.00,56153.03
1787805012.097,8.81,2.08,4.46,68645.60,108554.28,0.00,4519.00,48749.37,0.00,48730513408.00,294467.81,0.01,71422.85
1787805015.13,9.66,3.72,4.42,45123.13,115117.36,1.00,4507.00,26271.01,15.86,48738693120.00,186801.99,0.00,51441.91
1787805018.164,7.81,3.17,4.33,38625.00,90593.51,0.00,4517.00,24336.50,0.00,48731824128.00,56801.35,0.00,39602.68
1787805021.203,8.56,2.55,5.41,34904.82,78553.66,0.00,4532.00,24446.83,0.00,48707530752.00,16213.44,0.00,33377.25
1787805024.243,8.93,5.65,2.86,28114.82,107537.12,0.00,3709.00,96683.57,0.00,49579876352.00,6024027.54,0.06,27516.54
1787805027.275,7.16,3.56,2.94,40800.97,84261.84,0.00,4082.00,225866.54,0.00,49207013376.00,677637.27,0.01,43289.09
1787805030.312,4.21,2.08,2.08,17590.98,74877.52,0.00,3999.00,60286.42,63.11,49259737088.00,258513.77,0.00,18018.53
1787805033.357,6.36,2.54,2.70,23583.96,68016.86,1.00,3982.00,15729.87,0.00,49276649472.00,230192.09,0.00,23393.87
1787805036.402,5.94,2.85,2.78,28366.32,81150.95,0.00,3694.00,73208.54,24.67,49739403264.00,161670.38,0.00,30568.17
1787805039.436,10.84,5.34,4.33,50420.61,949903.26,0.00,3493.00,63136.65,24058.80,49976750080.00,99170911.54,0.08,59336.24
1787805042.476,7.08,3.00,3.16,49556.80,93877.52,0.00,3580.00,39515.65,0.00,49694134272.00,141390.78,0.01,59915.15
1787805045.518,9.78,4.22,3.14,39571.88,163043.20,0.00,3589.00,23226.82,0.00,49688829952.00,245250.42,0.00,45557.13
1787805048.559,13.16,4.31,5.47,39137.99,120361.99,0.00,3599.00,22823.44,0.00,49687138304.00,20178.90,0.00,47402.35
1787805051.601,6.32,4.02,2.01,44903.52,115848.45,1.00,3605.00,29986.42,0.00,49680265216.00,16195.20,0.00,56134.04
1787805054.639,9.99,3.55,3.25,42976.80,119328.89,0.00,3581.00,21016.49,0.00,49684099072.00,16209.30,0.00,52700.84
1787805057.68,11.28,4.35,3.88,49343.85,144978.88,0.00,3635.00,29779.92,0.00,49630179328.00,40728.76,0.00,62346.88
1787805060.728,11.00,4.30,3.84,71696.95,109802.95,0.00,3628.00,24872.11,0.00,49634361344.00,28154.80,0.00,82838.43
1787805063.763,9.22,5.33,2.70,61076.03,116639.67,0.00,3628.00,21726.48,0.00,49632665600.00,20235.50,0.00,73977.30
1787805066.796,7.15,1.08,4.71,29599.54,64566.34,0.00,3637.00,24471.43,0.00,49623515136.00,420985.22,0.01,26146.76
1787805069.84,12.68,5.92,5.85,28129.63,95797.84,0.00,3633.00,24172.42,0.00,49632780288.00,20160.09,0.00,25488.01
1787805072.877,7.66,2.64,4.97,30257.07,62509.95,1.00,3628.00,22975.58,0.99,49636708352.00,871219.28,0.01,27259.07
1787805075.921,15.46,9.08,6.38,71085.38,83753.91,0.00,5126.00,398899.84,0.00,48083456000.00,54189026.71,0.31,69238.56
1787805078.976,7.44,2.53,2.84,44013.20,76355.40,0.00,5054.00,268849.62,16.71,48160980992.00,338210.09,0.01,47783.48
1787805082.02,7.97,4.10,2.86,44491.95,141966.88,0.00,4914.00,21011.11,0.00,48312426496.00,166369.05,0.00,56509.23
1787805085.058,8.07,2.86,3.09,43629.59,94378.46,0.00,4911.00,24298.33,0.00,48307863552.00,8467020.16,0.15,51093.63
1787805088.101,5.69,2.41,3.11,36659.82,104853.05,0.00,4993.00,24113.90,62.67,48209801216.00,358587.75,0.01,45645.90
1787805091.14,5.86,2.61,3.30,36495.12,88199.41,0.00,4975.00,24147.69,15.75,48228470784.00,80616.96,0.00,39553.14
1787805094.178,6.66,3.78,2.78,43472.09,123729.40,0.00,4973.00,22524.89,0.00,48227778560.00,48526.99,0.00,52776.36
1787805097.213,12.20,4.00,5.15,50925.78,92437.60,1.00,4974.00,24936.23,0.00,48230711296.00,137093.64,0.00,47261.01
1787805100.254,7.15,2.95,3.65,31307.75,98860.66,0.00,4226.00,65505.76,0.00,49031634944.00,3400473.30,0.02,36318.38
1787805103.292,11.48,5.32,5.32,27375.24,70169.08,2.00,3701.00,114165.60,30.58,49590927360.00,674867.10,0.01,25231.69
1787805106.329,7.62,4.09,3.63,37098.97,134479.71,0.00,3397.00,24591.09,0.00,49912033280.00,141581.50,0.00,42823.54
1787805109.364,7.66,3.56,3.33,31912.76,122286.20,0.00,3404.00,22825.81,0.00,49912053760.00,56781.33,0.00,41232.07
1787805112.406,7.52,2.69,2.77,30363.27,122493.03,0.00,3433.00,22007.23,15.73,49875349504.00,80523.11,0.00,34122.91
1787805115.445,8.21,4.01,3.16,48797.58,92294.65,0.00,3428.00,21400.30,2.96,49871400960.00,28285.13,0.00,56060.83
1787805118.489,6.35,3.01,2.63,38590.27,119446.06,0.00,3498.00,19939.99,0.00,49774592000.00,149890.61,0.01,47873.84
1787805121.524,9.52,4.34,3.95,35020.80,118305.65,0.00,3480.00,29235.07,0.00,49785298944.00,16245.67,0.00,44337.27
1787805124.561,6.28,2.46,3.54,56725.47,86349.32,0.00,3480.00,20375.69,0.00,49780580352.00,169361.27,0.00,62116.79
1787805127.608,6.27,3.14,3.60,35786.36,124377.36,0.00,3483.00,24609.32,15.70,49788960768.00,84415.18,0.00,37377.60
1787805130.651,10.54,4.38,5.38,92663.57,124850.38,1.00,3464.00,59997.78,0.00,49800658944.00,52372.28,0.00,100318.11
1787805133.686,8.28,2.92,3.08,47107.34,116286.92,0.00,3465.00,21702.74,0.00,49803419648.00,274440.24,0.00,52337.68
1787805136.729,10.04,4.70,4.16,41790.39,155649.00,0.00,3445.00,36617.38,0.00,49838419968.00,153482.56,0.00,43624.22
1787805139.768,7.41,2.31,4.00,29824.57,114138.99,0.00,3447.00,22759.61,0.00,49842987008.00,32287.95,0.00,31953.06
1787805142.815,9.44,3.07,2.69,34587.40,133365.67,0.00,3459.00,31034.62,0.00,49829851136.00,294105.00,0.01,43598.08
1787805145.853,8.56,3.96,3.18,31024.60,105969.20,0.00,3467.00,24702.95,0.00,49822257152.00,16262.18,0.00,37274.08
1787805148.887,9.95,3.01,3.09,32009.35,85894.48,0.00,3459.00,31768.95,15.83,49826041856.00,105358.30,0.00,35586.39
1787805151.924,11.16,3.70,3.47,34794.45,116316.80,0.00,3460.00,21778.03,0.00,49827205120.00,16189.26,0.00,43451.69
1787805154.962,9.01,3.95,2.71,34552.19,115804.07,0.00,3459.00,22209.50,0.00,49827704832.00,56813.21,0.00,45246.18
1787805157.999,9.27,3.24,3.47,30357.47,108732.03,0.00,3459.00,25073.61,0.00,49829801984.00,182109.25,0.00,35751.33
1787805161.036,8.33,2.15,3.69,28467.34,113032.18,0.00,3449.00,22749.87,0.00,49839874048.00,56411.32,0.00,33518.06
1787805164.078,8.66,2.23,4.15,26834.02,128499.34,0.00,3448.00,24917.87,0.98,49843314688.00,157132.46,0.00,27637.60
1787805167.122,8.15,3.77,4.77,27095.94,105667.05,0.00,3469.00,22461.00,0.00,49807470592.00,133240.08,0.01,30115.77
1787805170.163,8.23,2.54,4.47,27999.34,95691.44,0.00,3461.00,30890.66,0.00,49813364736.00,20188.94,0.00,32186.28
1787805173.201,8.47,1.93,3.78,31329.28,100559.79,0.00,3461.00,22874.55,0.00,49809940480.00,113171.83,0.00,37218.17
1787805176.245,11.25,5.99,4.84,28846.23,109434.21,0.00,3464.00,16171.33,0.00,49818595328.00,20153.88,0.00,32833.06
1787805179.29,8.85,2.16,4.71,23149.88,94056.58,0.00,3469.00,24632.64,0.00,49815662592.00,89076.48,0.01,21777.43
1787805182.328,7.65,2.61,3.84,26641.95,93266.95,1.00,3470.00,23442.75,0.00,49813192704.00,112687.13,0.00,29703.39
1787805185.37,12.29,6.78,4.93,30876.65,126616.65,0.00,3465.00,23617.30,0.00,49813090304.00,44385.62,0.00,35702.03
1787805188.413,11.48,4.17,4.48,32289.18,121402.88,0.00,3468.00,24160.80,0.00,49813200896.00,64766.13,0.00,38720.86
1787805191.443,11.41,5.96,3.71,44835.75,111661.11,0.00,3452.00,48847.09,0.00,49821179904.00,28391.32,0.00,52171.75
1787805194.484,8.79,1.62,4.85,47504.85,75521.44,0.00,3452.00,23470.64,0.00,49811955712.00,56498.22,0.00,44666.26
1787805197.528,5.54,2.23,4.38,34295.67,97680.39,0.00,3454.00,23597.09,0.00,49807253504.00,72538.63,0.00,33327.79
1787805200.565,8.78,1.55,4.74,38169.68,113021.21,0.00,3476.00,23875.80,10.93,49788194816.00,203545.12,0.01,33770.22
1787805203.612,10.54,5.57,2.47,44825.31,77703.07,0.00,4077.00,137604.03,0.00,49154174976.00,77265342.56,0.58,45200.54
1787805206.648,7.30,2.10,3.50,21041.91,79383.01,0.00,4090.00,19421.85,0.00,49166610432.00,142485.89,0.00,19577.00
1787805209.677,5.09,1.94,2.41,22186.16,88056.81,1.00,3903.00,73441.64,0.00,49339559936.00,61068.84,0.00,20093.69
1787805212.711,10.11,5.25,3.93,41997.62,123476.58,0.00,3724.00,29603.84,0.00,49530568704.00,16180.05,0.00,48484.52
1787805215.766,3.90,2.30,1.61,57853.82,71231.67,0.00,4517.00,126444.87,57.94,48701575168.00,269493.48,0.00,63346.01
1787805218.8,9.08,4.62,3.16,44758.71,129184.67,1.00,4353.00,27643.29,3.94,48888168448.00,197807.99,0.00,52133.49
1787805221.848,7.66,2.62,4.47,37772.24,111007.48,0.00,4358.00,24463.02,0.00,48872407040.00,24232.29,0.00,39512.09
1787805224.898,12.59,5.85,4.85,57306.55,204012.73,0.00,4344.00,24474.99,15.75,48877121536.00,254082.23,0.00,55744.80
1787805227.941,8.00,4.40,3.94,41385.70,107663.08,1.00,4354.00,23628.52,8.89,48873881600.00,88995.31,0.00,48130.65
1787805230.981,7.50,2.86,4.09,48211.70,134683.43,0.00,4358.00,26829.95,15.81,48877379584.00,789333.72,0.01,52687.61
1787805234.024,8.55,4.94,3.01,45507.16,147965.72,0.00,4353.00,29961.94,0.00,48878026752.00,218571.93,0.01,54188.33
1787805237.065,13.30,9.37,3.33,95917.40,78188.92,0.00,3983.00,267975.42,31.70,49284722688.00,12532002.43,0.21,93849.30
1787805240.105,7.23,4.84,2.23,44752.82,132756.25,0.00,3650.00,32588.47,0.00,49614282752.00,40295.35,0.00,52248.74
1787805243.143,5.94,1.94,2.17,32105.00,58707.79,0.00,3937.00,9352.28,0.00,49300701184.00,0.00,0.00,36554.64
1787805246.177,5.61,1.24,2.63,25888.42,83668.61,0.00,3768.00,19364.06,310.02,49478991872.00,1383451.96,0.01,25081.16
1787805249.217,8.08,2.69,2.31,16924.56,98840.89,0.00,3780.00,10941.16,31.53,49476612096.00,334952.19,0.01,14364.29
1787805252.252,11.53,3.79,4.95,45705.98,97069.66,0.00,3369.00,93605.36,0.00,49917825024.00,48650.64,0.00,48579.89
1787805255.297,7.24,2.15,2.76,30457.79,105255.27,0.00,3363.00,29359.94,0.00,49917603840.00,44283.66,0.00,37388.07
1787805258.348,9.36,2.38,4.53,24525.29,98387.39,2.00,3373.00,23516.19,0.00,49912737792.00,92656.36,0.00,22904.93
1787805261.392,9.15,4.80,4.10,46482.59,72249.69,0.00,4268.00,360655.27,0.00,48971956224.00,344789.37,0.01,44102.98
1787805264.429,8.32,3.40,2.47,53402.09,82555.05,0.00,4671.00,213320.53,214.63,48557301760.00,1454397.85,0.01,53941.08
1787805267.471,9.33,3.62,3.62,38698.20,103677.00,0.00,4343.00,22460.65,0.00,48885678080.00,52573.07,0.00,47011.79
1787805270.515,8.38,2.69,3.84,49358.32,94867.17,0.00,4340.00,24073.99,0.00,48885583872.00,36274.82,0.00,52558.44
1787805273.554,8.09,4.93,2.31,45265.02,115896.97,0.00,4336.00,22947.41,47.38,48883822592.00,230473.13,0.00,57024.28
1787805276.604,6.52,2.92,3.15,44014.60,107859.69,0.00,4346.00,21022.76,0.00,48873308160.00,16130.61,0.00,53104.74
1787805279.649,15.17,12.00,3.15,44297.23,127501.70,0.00,3802.00,306666.11,8.86,49440608256.00,774081.45,0.02,40992.07
1787805282.686,9.53,4.01,3.47,61177.80,129575.67,0.00,3505.00,31465.88,34.53,49772429312.00,218194.50,0.00,68572.64
1787805285.725,8.31,3.86,3.63,50796.27,119463.17,0.00,4148.00,30384.70,0.00,49315553280.00,263025.85,0.01,62842.63
1787805288.765,4.68,2.32,2.32,34274.28,71725.26,0.00,3773.00,19068.11,0.00,49503531008.00,20280.17,0.00,38530.17
1787805291.8,11.25,3.48,4.41,25699.01,90776.87,0.00,3309.00,22914.07,0.00,49996308480.00,48731.06,0.00,31084.44
1787805294.859,8.20,2.38,3.14,31894.96,111308.76,0.00,3313.00,20255.52,0.00,49991680000.00,313308.89,0.01,41795.74
1787805297.904,8.37,1.47,4.17,26967.70,100051.07,0.00,3397.00,23572.80,0.00,49880244224.00,68759.25,0.00,27496.59
1787805300.946,7.57,3.92,3.39,49626.24,80659.15,0.00,4075.00,64794.36,0.00,49185398784.00,28253.12,0.00,57448.79
1787805303.985,7.10,3.10,2.94,55121.37,116338.69,0.00,4477.00,221210.41,0.00,48770306048.00,272152.77,0.00,59256.18
1787805307.021,11.37,5.02,4.48,40143.29,113913.12,3.00,3860.00,24002.03,5.93,49417678848.00,36404.48,0.00,46978.82
1787805310.069,9.02,3.61,4.77,43267.32,126727.53,0.00,3855.00,27354.90,0.98,49427595264.00,447441.06,0.01,44087.97
1787805313.107,5.06,2.86,2.16,49940.84,76623.42,0.00,4567.00,264555.45,0.00,48674131968.00,477929.07,0.01,50315.30
1787805316.146,10.45,5.08,4.85,40421.95,121526.66,1.00,4257.00,23510.65,0.00,48999407616.00,20157.33,0.00,48673.06
1787805319.192,5.45,1.85,2.62,17395.73,79481.93,0.00,3900.00,9324.56,5.91,49381785600.00,1687079.92,0.01,15169.68
1787805322.234,9.27,3.38,2.69,38717.71,120887.49,0.00,3435.00,20226.36,27.57,49874612224.00,1145445.56,0.01,46295.31
1787805325.274,6.23,3.47,2.08,37627.36,124305.63,0.00,3436.00,28346.95,0.00,49868374016.00,1009468.80,0.01,47565.35
1787805328.322,7.97,1.00,4.69,25430.73,59584.49,0.00,3520.00,17945.14,0.00,49744375808.00,552413.86,0.00,21894.25
1787805331.366,10.84,4.37,4.45,35395.50,80818.22,1.00,4597.00,52791.54,0.00,48623689728.00,36228.89,0.00,33395.26
1787805334.405,7.12,2.70,3.01,34771.69,93283.31,1.00,4437.00,24088.83,30.64,48786395136.00,441294.81,0.00,40727.68
1787805337.448,3.02,1.54,2.23,45405.42,93396.01,0.00,4937.00,9119.46,0.00,48258424832.00,16123.15,0.00,47685.55
1787805340.494,8.16,4.54,2.46,58258.36,155716.47,0.00,4450.00,23040.94,0.00,48776073216.00,153312.11,0.00,65581.70
1787805343.53,11.02,4.71,3.32,69814.52,118902.82,0.00,4441.00,47144.45,15.84,48779714560.00,81079.78,0.00,78274.97
1787805346.576,9.30,4.23,2.77,60894.74,137739.61,0.00,4434.00,30879.79,0.00,48777400320.00,270315.85,0.00,68164.28
1787805349.622,7.79,3.86,2.78,45175.50,136216.60,0.00,4436.00,21388.22,0.00,48777920512.00,117271.87,0.00,54355.43
1787805352.665,12.01,5.42,4.41,51735.47,116435.29,0.00,4448.00,29460.02,0.00,48766988288.00,117760.78,0.00,60954.77
1787805355.705,8.87,1.92,4.68,38627.88,67612.05,0.00,4450.00,24934.61,0.00,48765288448.00,160882.42,0.01,33506.18
1787805358.755,9.20,2.47,3.16,28405.20,81077.13,0.00,4384.00,105078.10,0.00,48844283904.00,0.00,0.00,28813.65
1787805361.79,9.07,2.32,3.40,38346.01,112007.79,0.00,4380.00,23467.72,0.99,48847900672.00,60743.02,0.00,44358.06
1787805364.823,5.57,1.86,2.33,30539.04,64081.15,3.00,4896.00,66748.67,0.00,48310865920.00,60994.68,0.00,27612.57
1787805367.861,9.38,2.54,3.47,25898.77,92213.49,0.00,4399.00,147272.91,0.00,48835125248.00,68681.98,0.00,26109.21
1787805370.905,11.56,3.45,5.68,60084.03,100726.77,1.00,4348.00,63826.33,0.00,48855465984.00,422437.76,0.01,55166.20
1787805373.951,8.57,4.46,2.62,46305.20,105691.60,2.00,4248.00,92773.89,0.00,48962564096.00,7644573.50,0.06,47362.59
1787805376.999,7.98,3.71,2.94,34273.55,125573.50,0.00,4252.00,21810.17,0.00,48965607424.00,80948.22,0.00,39595.90
1787805380.042,11.49,4.20,7.62,62661.73,73169.45,0.00,4563.00,42072.61,7.95,48575258624.00,97687.79,0.00,58947.70
1787805383.085,5.79,1.00,2.24,25028.49,77648.23,2.00,4552.00,9190.17,15.79,48579674112.00,198056.97,0.00,26626.45
1787805386.126,12.32,6.24,4.08,45432.88,134266.77,1.00,4312.00,35600.79,0.00,48969814016.00,464384.72,0.01,47165.90
1787805389.16,10.12,2.80,5.05,31045.08,88387.84,0.00,4301.00,28748.95,0.00,48914972672.00,16292.73,0.00,30669.22
1787805392.203,9.15,3.24,4.16,56016.16,90398.60,0.00,5124.00,359057.08,0.00,48068591616.00,254666.29,0.01,57508.12
1787805395.249,7.11,2.84,3.53,48763.55,93736.50,0.00,5115.00,30415.16,0.00,48067813376.00,165087.29,0.01,57416.10
1787805398.297,3.95,2.17,2.25,46876.93,90954.45,0.00,5856.00,166052.21,0.00,47293120512.00,3792378.15,0.02,47677.04
1787805401.343,4.90,2.48,2.40,48144.42,91450.70,0.00,5841.00,20429.47,0.00,47303593984.00,840771.68,0.01,58384.85
1787805404.383,6.25,3.16,2.85,23975.68,130090.68,2.00,5831.00,6534.96,0.00,47311085568.00,141411.70,0.01,18884.54
1787805407.422,9.57,3.70,3.31,39463.85,110451.88,1.00,5100.00,21526.18,0.00,48083030016.00,60537.78,0.00,51100.83
1787805410.464,9.61,1.92,5.14,38948.83,112298.08,0.00,5101.00,24166.76,0.00,48075198464.00,116715.80,0.00,34738.71
1787805413.513,7.05,1.62,4.16,37987.77,81150.00,0.00,4873.00,420166.69,0.00,48323993600.00,210087.29,0.00,32613.30
1787805416.552,10.03,4.03,3.80,47103.22,131245.82,0.00,4867.00,31598.40,0.00,48320770048.00,166740.29,0.01,56784.71
1787805419.59,6.53,2.55,3.55,57407.82,81811.77,0.00,5671.00,171530.01,0.00,47482757120.00,424839.18,0.01,60769.44
1787805422.63,6.92,3.01,2.16,36651.18,122354.59,0.00,5084.00,23945.96,0.99,48101011456.00,20224.06,0.00,46075.74
1787805425.675,11.73,3.38,5.45,61830.81,74380.38,0.00,5090.00,27417.38,0.00,48084619264.00,189426.34,0.01,56970.03
1787805428.721,7.92,3.07,3.69,41166.80,108272.66,0.00,4826.00,22123.27,0.00,48365867008.00,32200.75,0.00,50904.34
1787805431.759,9.94,5.19,4.18,88340.63,159454.67,0.00,4778.00,46527.14,0.00,48388759552.00,211051.19,0.01,96841.78
1787805434.81,3.89,1.85,1.78,22212.99,56733.92,0.00,5624.00,9180.82,0.00,47504756736.00,16187.96,0.00,21796.78
1787805437.851,8.80,1.31,5.55,25412.22,100865.90,0.00,5050.00,31036.12,0.00,48109424640.00,24264.92,0.00,20378.47
1787805440.898,8.46,3.15,6.37,25100.79,73634.63,1.00,5065.00,23471.34,0.00,48095318016.00,128737.34,0.00,21080.58
1787805443.932,7.08,2.85,3.62,39146.36,104460.74,0.00,4714.00,28795.47,0.00,48468664320.00,20221.90,0.00,46918.45
1787805446.976,8.46,3.00,3.08,51799.30,104582.72,0.00,4731.00,22760.93,0.00,48449024000.00,246380.48,0.01,61482.95
1787805450.018,13.24,5.24,5.40,37979.18,112698.28,0.00,3861.00,22822.47,0.00,49360379904.00,20223.44,0.00,42298.38
1787805453.059,9.62,2.85,4.16,40928.77,116794.68,0.00,3860.00,23808.73,0.00,49360384000.00,20192.26,0.00,46635.62
1787805456.104,9.17,4.00,2.62,37974.07,98502.32,0.00,3857.00,20979.40,0.00,49362087936.00,302547.69,0.01,46219.04
1787805459.153,6.59,2.84,2.84,38056.63,105648.20,0.00,3855.00,26116.45,15.73,49365155840.00,80518.58,0.00,45377.21
1787805462.193,13.41,7.39,4.62,49739.96,104183.48,0.00,4775.00,262322.77,0.00,48393887744.00,209848.76,0.01,48025.20
1787805465.236,12.37,6.62,3.93,69336.77,180455.18,1.00,4450.00,32202.03,0.00,48726298624.00,117068.20,0.00,67283.31
1787805468.268,6.31,2.79,3.18,38282.45,119914.18,0.00,3622.00,61383.31,15.90,49595449344.00,423378.99,0.01,44648.28
1787805471.312,10.18,2.16,5.01,35356.76,106043.64,1.00,3634.00,24733.95,15.78,49596121088.00,298933.73,0.02,35045.88
1787805474.344,9.26,3.82,4.52,37743.19,84055.28,0.00,4060.00,250395.65,0.00,49154568192.00,387847.78,0.01,32427.48
1787805477.388,6.84,2.77,3.54,42433.47,99116.80,0.00,3528.00,20614.54,0.00,49719320576.00,32269.49,0.00,46729.21
1787805480.43,5.43,1.69,3.47,41258.04,87344.45,2.00,4094.00,7052.39,0.00,49111293952.00,403613.36,0.00,41497.38
1787805483.467,8.82,4.85,2.39,46815.48,115852.05,0.00,3652.00,22957.32,0.00,49615564800.00,20184.86,0.00,58077.00
1787805486.508,11.08,1.85,4.63,36176.57,97464.57,0.00,3660.00,31774.02,0.00,49608826880.00,76873.24,0.00,37231.95
1787805489.55,17.08,8.83,3.87,53602.67,68192.50,0.00,4616.00,279569.76,0.00,48602329088.00,300178.94,0.01,51934.50
1787805492.597,11.04,4.87,2.86,41724.70,137332.85,0.00,4463.00,20965.16,20.76,48784936960.00,194365.97,0.00,48808.66
1787805495.636,7.59,2.63,2.47,34996.98,73881.97,0.00,3878.00,128408.05,239.54,49395253248.00,1285210.91,0.01,36024.64
1787805498.678,4.46,2.54,3.00,29788.44,106400.25,0.00,3586.00,24325.75,0.00,49714151424.00,40388.43,0.00,32566.23
1787805501.713,11.12,3.16,3.23,39077.13,125368.97,0.00,3588.00,22858.13,0.00,49712971776.00,742494.07,0.01,46936.54
1787805504.748,12.35,4.55,5.55,41738.56,106548.98,0.00,3585.00,23240.76,152.11,49704542208.00,684220.74,0.01,48664.79
1787805507.785,7.75,3.85,4.15,34838.31,127582.87,0.00,3592.00,30132.53,31.52,49705959424.00,149261.15,0.00,38495.31
1787805510.809,13.78,6.22,3.42,71284.46,112134.66,0.00,3656.00,21588.68,0.00,49595346944.00,53023.70,0.00,75319.84
1787805513.857,11.01,2.38,4.53,33101.82,88712.40,0.00,3668.00,22373.26,30.44,49592832000.00,144791.36,0.00,38007.92
1787805516.895,6.81,2.31,3.92,30121.78,90086.65,0.00,3666.00,16484.95,0.00,49597440000.00,407417.17,0.01,32285.41
1787805519.945,6.69,2.30,3.45,39956.64,106452.44,1.00,3665.00,24387.10,0.98,49595756544.00,289803.29,0.00,42358.41
1787805522.983,10.01,4.08,4.39,44474.09,132494.99,0.00,3657.00,24554.27,15.78,49599614976.00,185867.06,0.00,48083.73
1787805526.028,4.72,2.01,2.48,24727.61,71406.61,0.00,3884.00,19345.46,0.00,49379700736.00,129773.68,0.00,23935.91
1787805529.065,7.76,2.85,3.24,37447.64,97106.14,0.00,3577.00,29734.95,0.00,49720147968.00,16177.77,0.00,44785.55
1787805532.1,5.35,1.62,2.32,19183.61,83192.28,0.00,3987.00,19244.93,0.00,49284079616.00,303804.80,0.02,18623.21
1787805535.14,9.51,3.04,3.50,34519.41,143885.02,0.00,3772.00,61504.58,152.46,49502773248.00,877523.65,0.01,28942.56
1787805538.181,8.01,3.71,3.40,38012.07,135271.28,0.00,3499.00,22895.35,15.84,49763418112.00,344687.62,0.01,45960.98
1787805541.211,10.14,1.17,4.83,30644.10,74135.91,0.00,3502.00,24423.59,0.00,49756950528.00,36743.02,0.00,26046.27
1787805544.249,8.04,1.46,5.45,30360.55,93894.48,0.00,3503.00,24939.23,0.00,49756454912.00,0.00,0.00,25326.40
1787805547.297,10.02,2.08,5.46,31749.55,95891.29,0.00,3494.00,24246.83,0.00,49763581952.00,129190.27,0.01,27316.84
1787805550.329,9.83,2.02,7.09,55355.85,89380.91,0.00,3468.00,68915.05,0.00,49784205312.00,53060.94,0.00,50313.80
1787805553.377,7.30,2.69,5.00,37780.35,116670.39,0.00,3487.00,25154.09,0.00,49767325696.00,120966.43,0.00,31998.95
1787805556.421,10.57,2.16,5.31,44374.92,85221.90,0.00,3488.00,27807.31,0.00,49768140800.00,169672.53,0.00,39377.96
1787805559.461,13.92,8.33,4.40,37928.39,112218.69,0.00,4801.00,391279.86,0.00,48392204288.00,287057.47,0.00,33781.64
1787805562.499,11.75,6.09,4.71,39830.66,76425.50,0.00,4413.00,207068.08,0.99,48843694080.00,549886.14,0.01,43239.24
1787805565.538,7.88,2.93,3.62,50497.58,113702.60,0.00,3794.00,25836.71,0.00,49488310272.00,16148.19,0.00,55287.64
1787805568.583,9.64,5.24,2.08,49414.93,86338.17,1.00,4045.00,222827.71,0.00,49194774528.00,2794032.02,0.02,48295.26
1787805571.619,7.14,3.41,3.25,44153.37,115574.24,2.00,3586.00,22506.24,0.00,49698172928.00,243522.80,0.00,55560.30
1787805574.664,16.15,11.85,2.54,91403.23,88223.65,0.00,3994.00,285831.04,0.00,49261330432.00,572729.49,0.01,93414.17
1787805577.695,10.55,6.23,3.35,73540.10,101487.43,0.00,3753.00,28892.92,0.00,49591889920.00,840747.54,0.03,82184.94
1787805580.743,9.57,2.61,3.22,39493.24,110719.49,0.00,4417.00,22745.67,0.00,48886603776.00,40209.87,0.00,47021.27
1787805583.787,11.23,3.80,5.27,57962.53,128395.71,0.00,4398.00,48809.20,30.75,48892661760.00,255987.89,0.00,61201.45
1787805586.83,12.73,6.18,3.17,49138.02,77388.40,0.00,3976.00,226691.36,15.82,49299902464.00,348364.01,0.01,47965.40
1787805589.858,11.24,2.64,4.35,39391.16,98654.09,0.00,3547.00,22596.97,0.00,49807650816.00,77460.53,0.00,45146.85
1787805592.881,6.57,3.26,3.42,37280.60,104399.80,0.00,3550.00,22672.29,0.00,49806876672.00,705195.49,0.03,47205.33
1787805595.919,11.96,5.46,6.00,35776.50,89855.58,0.00,3532.00,23186.03,10.83,49826385920.00,282180.84,0.00,43895.92
1787805598.947,10.32,4.66,3.26,76751.48,116986.60,0.00,3666.00,32596.68,8.95,49594679296.00,61107.58,0.00,85836.52
1787805601.986,6.54,3.00,3.31,39818.41,112890.01,1.00,3677.00,23413.72,0.00,49588903936.00,242372.10,0.00,45653.48
1787805605.021,8.59,3.95,2.87,44518.27,118907.91,0.00,3666.00,26244.37,0.99,49595928576.00,1117769.70,0.01,52547.60
1787805608.062,10.16,4.66,3.26,37779.56,116274.48,0.00,3672.00,22333.10,15.91,49594028032.00,114019.70,0.00,45635.35
1787805611.105,13.16,4.24,4.78,63077.04,108973.31,0.00,3670.00,61965.20,15.78,49599676416.00,64654.53,0.00,70815.68
1787805614.136,11.87,5.19,5.73,60443.41,139262.77,0.00,3645.00,24590.48,0.00,49608491008.00,121792.73,0.00,62963.19
1787805617.174,11.28,3.16,2.39,39008.72,100230.69,0.00,3659.00,20606.74,0.00,49603801088.00,246255.89,0.00,50402.92
1787805620.213,10.98,4.78,4.08,50172.33,125980.54,0.00,3662.00,28796.93,0.00,49598324736.00,24254.20,0.00,58556.49
1787805623.256,8.25,3.08,2.92,62257.15,95606.55,0.00,3654.00,23591.73,0.00,49599475712.00,56462.60,0.00,72937.39
1787805626.289,7.96,2.02,4.36,49987.13,108420.95,0.00,3672.00,24078.50,0.00,49584508928.00,138667.94,0.00,56542.98
1787805629.334,6.87,2.31,3.94,36198.40,112108.07,0.00,3671.00,22768.35,0.00,49589891072.00,28324.12,0.00,39276.83
1787805632.367,9.78,2.78,4.56,32927.70,104240.73,1.00,3739.00,20012.94,0.00,49573339136.00,52655.84,0.00,36420.54
1787805635.406,7.35,3.39,3.00,49693.46,115611.67,0.00,3726.00,22512.57,0.00,49585065984.00,16149.83,0.00,57909.17
1787805638.455,6.80,3.68,3.68,51325.13,97138.44,1.00,3743.00,24213.69,0.00,49584095232.00,20103.63,0.00,55042.19
1787805641.492,11.00,2.93,3.70,44942.36,112691.44,0.00,3722.00,29435.99,0.00,49585455104.00,145313.45,0.00,52424.24
1787805644.539,11.08,5.91,4.45,52121.09,234365.24,0.00,3715.00,22534.69,0.00,49592147968.00,265432.30,0.00,52713.92
1787805647.577,7.80,4.78,3.39,37340.32,91361.42,0.00,3724.00,27329.28,0.00,49584390144.00,32335.30,0.00,44906.27
1787805650.615,8.17,3.23,3.61,49344.26,119639.06,1.00,3722.00,22104.13,15.75,49591525376.00,76601.12,0.00,56801.11
1787805653.65,9.77,2.32,4.57,31342.56,109595.85,0.00,3715.00,22329.19,0.00,49593257984.00,174604.70,0.01,31592.63
1787805656.697,8.29,3.39,3.54,50947.35,123398.10,0.00,3708.00,24043.43,47.33,49594454016.00,658323.05,0.00,58051.07
1787805659.744,9.22,3.46,3.77,39527.24,107574.83,0.00,3840.00,24039.66,0.00,49412255744.00,20150.29,0.00,43141.94
1787805662.79,7.02,3.30,3.15,49140.49,108320.06,0.00,3825.00,29760.02,0.00,49429213184.00,4030.59,0.00,57549.64
1787805665.839,7.17,3.69,3.00,36265.63,119358.68,0.00,3826.00,20873.62,0.00,49423654912.00,16121.12,0.00,43482.46
1787805668.884,8.47,2.78,3.55,32965.45,88291.17,0.00,3847.00,31117.50,0.00,49410531328.00,68847.67,0.00,37645.47
1787805671.943,8.69,4.00,3.92,71854.71,105395.96,1.00,3828.00,47811.63,0.00,49418960896.00,52393.94,0.01,80932.52
1787805674.988,8.84,3.15,4.69,50831.71,113743.46,0.00,3831.00,26606.62,0.00,49413115904.00,137219.71,0.00,46063.65
1787805678.026,18.08,12.51,3.78,60159.60,81043.16,0.00,3969.00,228319.42,0.00,49277526016.00,30756164.61,0.29,61027.81
1787805681.07,11.03,4.49,5.26,40168.43,99013.37,1.00,3650.00,22815.50,0.00,49612648448.00,24329.15,0.00,46946.38
1787805684.108,7.41,2.47,3.24,38401.13,130711.40,0.00,4565.00,44024.42,15.80,48660852736.00,424739.20,0.03,47670.24
1787805687.156,9.49,1.93,5.47,40463.51,76957.06,0.00,4564.00,24320.49,0.00,48660189184.00,468290.62,0.01,37435.72
1787805690.191,6.84,3.03,4.04,34113.13,93871.90,0.00,4641.00,30957.47,0.00,48575721472.00,28345.55,0.00,38295.30
1787805693.229,10.31,3.46,3.00,45809.32,110602.21,0.00,4632.00,22143.07,0.00,48582852608.00,76575.83,0.00,56211.79
1787805696.264,8.18,4.49,3.56,39800.10,128456.30,0.00,4636.00,21692.04,0.00,48585007104.00,64884.06,0.00,50210.92
1787805699.299,9.01,7.23,2.10,41651.99,73015.55,0.00,4055.00,323725.09,0.00,49185943552.00,55531349.53,0.17,44779.60
1787805702.333,7.64,3.24,3.62,48162.31,130042.09,0.00,3768.00,22833.00,0.00,49525096448.00,16172.22,0.23,58076.90
1787805705.377,9.47,5.86,3.32,42228.10,190188.87,0.00,3663.00,62720.61,0.00,49633320960.00,137502.73,0.00,42146.41
1787805708.417,14.64,5.92,4.69,43380.90,96173.91,0.00,3680.00,22729.19,0.00,49612173312.00,40309.47,0.00,52863.13
1787805711.46,15.66,7.61,4.23,64684.07,103490.18,0.00,3699.00,31556.35,6.89,49611223040.00,76575.14,0.00,67587.98
1787805714.504,11.42,8.23,2.92,41553.30,94717.82,0.00,3834.00,103926.53,0.00,49455890432.00,1382218.70,0.02,42703.22
1787805717.536,10.64,3.64,4.50,53544.76,91211.51,0.00,4902.00,185620.44,0.00,48413638656.00,1064637.24,0.01,55771.96
1787805720.573,9.46,3.94,4.01,60670.60,80586.96,0.00,4639.00,13275.92,25.68,48562286592.00,145645.01,0.00,69114.10
1787805723.606,7.82,3.33,3.17,33257.72,93332.56,0.00,4301.00,64998.14,0.00,48927215616.00,68963.71,0.00,42236.44
1787805726.652,11.98,4.56,4.17,34949.43,117095.46,0.00,4296.00,22326.63,0.00,48921804800.00,101219.60,0.00,44736.50
1787805729.694,8.18,2.54,4.62,28544.73,94054.66,0.00,4299.00,24336.46,0.00,48920993792.00,100872.42,0.01,29114.10
1787805732.741,7.17,2.76,3.07,37605.18,114245.25,0.00,4752.00,29523.47,0.00,48441085952.00,346371.97,0.05,46152.42
1787805735.793,11.67,6.78,4.39,40257.55,133840.27,0.00,3952.00,59022.59,0.00,49304903680.00,391636.06,0.01,47277.25
1787805738.818,9.19,3.73,4.43,75701.58,125693.40,0.00,3919.00,31051.76,0.00,49344364544.00,73302.51,0.00,84134.84
1787805741.861,7.15,1.93,4.16,43609.42,99298.52,0.00,3936.00,22228.48,0.00,49321955328.00,32330.90,0.00,45929.06
1787805744.903,7.62,2.61,3.84,37032.74,119740.21,1.00,3940.00,23548.68,0.00,49324556288.00,112756.81,0.01,43493.12
1787805747.948,10.38,5.01,4.24,29828.30,87372.01,0.00,3953.00,22109.71,0.00,49317314560.00,530024.47,0.01,34980.35
1787805750.991,8.43,2.53,3.53,33188.96,87755.92,1.00,4058.00,22722.97,0.00,49199394816.00,40240.95,0.00,39722.94
1787805754.028,8.07,2.47,3.93,32117.70,104433.86,0.00,4052.00,31736.76,0.00,49200484352.00,60635.20,0.00,33270.18
1787805757.078,7.13,2.38,3.15,40767.80,115818.88,0.00,4057.00,22125.07,0.00,49196290048.00,24182.60,0.00,48899.39
1787805760.121,10.33,3.94,4.10,48027.62,121561.53,0.00,4056.00,29067.45,0.00,49196998656.00,117600.40,0.00,55843.06
1787805763.161,9.54,4.39,3.16,43681.78,124649.60,1.00,4057.00,22516.75,0.99,49199251456.00,104997.97,0.03,52383.01
1787805766.201,8.97,5.25,2.55,55536.33,130571.60,0.00,4065.00,23406.05,0.00,49169305600.00,210679.18,0.00,64979.90
1787805769.243,9.70,3.23,4.62,32982.75,99547.03,0.00,4074.00,25078.31,0.00,49164955648.00,24203.76,0.00,30835.01
1787805772.283,8.27,1.95,3.81,32229.34,100239.49,0.00,4076.00,23832.95,0.00,49158107136.00,685709.71,0.02,34872.31
1787805775.318,8.13,2.25,4.57,43098.93,83025.45,0.00,4326.00,179355.78,0.00,49060720640.00,12827547.12,0.28,41187.88
1787805778.356,4.57,1.78,1.63,21131.93,60063.76,1.00,4306.00,47044.45,0.00,48922357760.00,154535.90,0.00,21171.16
1787805781.395,7.98,3.39,3.16,46484.52,100528.78,0.00,4418.00,255123.53,0.00,48806289408.00,230416.20,0.00,47833.48
1787805784.428,7.71,1.86,2.78,16775.24,52286.88,0.00,4406.00,9236.53,0.00,48809762816.00,133813.86,0.01,15049.22
1787805787.468,3.43,1.63,2.02,26882.69,86501.59,0.00,4236.00,63127.23,13.89,48987070464.00,101627.63,0.00,28241.82
1787805790.507,10.25,3.39,6.16,115539.84,71627.32,0.00,4035.00,104396.02,0.00,49196220416.00,153279.74,0.01,113944.85
1787805793.542,10.77,4.24,2.77,39925.44,104480.34,0.00,3849.00,18854.37,0.99,49390653440.00,36367.07,0.00,44902.88
1787805796.581,9.45,3.23,5.15,67116.49,115709.80,0.00,3852.00,23678.79,0.00,49386053632.00,104860.96,0.00,65035.53
1787805799.631,8.74,1.46,5.38,29520.03,92931.38,1.00,3868.00,24205.56,0.00,49380470784.00,16130.47,0.00,25365.82
1787805802.658,7.31,1.24,5.04,30345.04,88807.31,0.00,3872.00,31804.11,0.00,49369645056.00,36565.21,0.01,24624.53
1787805805.7,7.74,2.31,5.08,36739.31,86635.74,0.00,3872.00,25655.37,0.00,49369387008.00,96818.50,0.00,31264.01
1787805808.744,9.85,3.08,5.24,40468.19,76502.73,0.00,3866.00,23530.73,0.00,49368924160.00,214172.91,0.00,37401.79
1787805811.779,9.43,3.03,6.69,39176.01,64985.04,0.00,3880.00,24447.05,0.00,49360580608.00,16311.97,0.00,34752.37
1787805814.816,7.55,2.00,4.85,33587.05,86196.76,0.00,3881.00,18384.50,0.00,49368473600.00,44440.80,0.00,29447.14
1787805817.859,6.97,2.99,3.07,43740.10,91524.81,0.00,4653.00,62208.54,0.00,48566263808.00,305822.12,0.00,46589.25
1787805820.9,5.52,2.32,2.86,28774.76,112701.40,0.00,3757.00,60051.12,0.00,49502494720.00,279782.53,0.00,33363.06
1787805823.937,12.51,8.61,2.46,131469.33,133905.49,0.00,3743.00,51771.74,0.00,49512935424.00,44349.06,0.00,141095.33
1787805826.978,11.21,5.60,5.37,49509.31,121244.14,1.00,3740.00,24758.59,0.00,49510408192.00,116758.93,0.00,56924.22
1787805830.013,7.39,3.24,3.17,44695.55,119958.27,0.00,3739.00,30745.12,19.77,49520762880.00,205000.42,0.01,53830.05
1787805833.058,9.17,2.07,4.46,42768.32,74651.72,1.00,4075.00,271096.94,15.74,49179348992.00,604510.39,0.01,39092.43
1787805836.095,7.41,3.38,2.69,37414.34,103938.33,1.00,3761.00,23496.86,0.00,49498275840.00,221405.93,0.01,48606.76
1787805839.134,6.35,2.39,3.31,39322.33,84002.14,0.00,4124.00,56529.18,0.00,49113198592.00,16162.19,0.00,40467.49
1787805842.174,7.32,3.62,3.08,53936.36,115891.32,0.00,3799.00,20390.25,15.78,49441415168.00,88888.12,0.00,61964.80
1787805845.22,7.44,3.23,3.39,38906.63,127037.47,0.00,3805.00,27910.61,0.00,49438302208.00,16156.29,0.00,41605.46
1787805848.26,6.17,2.70,3.39,42128.50,113438.95,0.00,3807.00,21213.12,0.00,49439129600.00,145373.48,0.00,44238.27
1787805851.302,9.66,4.32,4.24,82516.27,76236.99,0.00,4612.00,266176.36,0.00,48599068672.00,303301.12,0.00,80694.17
1787805854.337,10.23,4.86,3.32,42664.19,110636.16,0.00,4440.00,20744.53,0.00,48777568256.00,28313.76,0.00,52931.44
1787805857.379,5.84,2.69,2.69,27788.74,88352.95,1.00,4934.00,9483.67,0.00,48265568256.00,92843.97,0.01,26296.62
1787805860.413,10.36,4.98,3.89,41211.57,136206.17,0.00,4455.00,21960.26,0.00,48762159104.00,8152.74,0.00,49077.33
1787805863.455,8.63,3.48,3.56,32448.70,109584.69,0.00,4470.00,24256.67,0.00,48746934272.00,141768.37,0.00,34567.85
1787805866.491,9.00,3.03,3.03,35795.56,90385.77,0.00,4435.00,24646.69,0.00,48792629248.00,134251.23,0.00,41487.34
1787805869.533,10.52,3.49,3.56,34704.79,113794.71,0.00,4428.00,23082.65,15.87,48790032384.00,44683.64,0.00,42270.80
1787805872.569,10.38,3.25,3.86,27135.25,79048.84,1.00,4786.00,62373.42,0.00,48420937728.00,32395.82,0.00,27108.54
1787805875.61,9.09,2.70,3.70,39186.90,105732.75,0.00,4462.00,20719.87,0.00,48761352192.00,0.00,0.00,46274.94
1787805878.642,11.13,3.18,4.58,62393.70,102918.77,0.00,4462.00,25909.20,0.00,48751951872.00,252550.27,0.00,60989.55
1787805881.69,9.22,4.38,3.46,50281.95,119444.23,0.00,4242.00,27121.90,0.00,49043279872.00,2684475.15,0.01,55577.74
1787805884.731,10.29,5.52,4.37,67339.06,217170.01,1.00,4223.00,47443.18,0.00,49050644480.00,184756.11,0.00,65044.24
1787805887.763,4.90,2.08,3.09,40086.98,81700.43,0.00,4753.00,17743.92,0.00,48497123328.00,117283.06,0.28,38923.51
1787805890.798,8.13,1.93,2.78,16311.42,91242.45,0.00,4598.00,19445.73,0.00,48668323840.00,40447.75,0.00,14922.27
1787805893.841,9.20,3.47,3.70,36123.67,114429.39,1.00,4273.00,128341.30,0.00,49059610624.00,100890.89,0.00,33832.24
1787805896.881,14.67,5.54,3.70,47404.57,130184.72,0.00,4266.00,22639.19,85.72,49065127936.00,810652.18,0.02,55282.23
1787805899.92,7.89,2.54,3.16,59294.23,77264.51,0.00,5112.00,361580.64,0.00,48089415680.00,2891588.12,0.02,57461.01
1787805902.967,12.28,4.73,4.73,42814.98,169928.07,0.00,4910.00,35754.47,80.45,48286871552.00,538509.94,0.01,46776.93
1787805906.007,6.49,2.16,2.93,46286.95,91715.05,0.00,4330.00,10040.62,0.00,48891711488.00,16173.98,0.00,50556.48
1787805909.046,6.09,1.84,2.30,18818.31,100705.21,0.00,4322.00,20018.83,0.00,48900419584.00,120720.11,0.00,16714.67
1787805912.092,9.02,2.17,5.12,39834.68,80733.59,0.00,3954.00,49123.61,0.00,49280135168.00,61051.75,0.00,38493.09
1787805915.132,6.33,2.56,2.56,45934.77,117426.04,0.00,3958.00,28636.02,0.00,49279868928.00,28464.27,0.00,53193.04
1787805918.178,3.51,2.62,2.00,69248.72,59286.13,1.00,5694.00,276039.75,0.00,47470256128.00,497101.26,0.01,69914.70
1787805921.219,5.27,1.85,2.08,18819.01,100782.47,0.00,5687.00,26642.19,0.00,47480238080.00,64612.46,0.00,16101.89
1787805924.256,7.92,3.01,3.63,18747.97,116993.34,0.00,5676.00,16586.73,0.00,47497228288.00,170162.06,0.00,15866.69
1787805927.294,8.47,3.31,2.77,36789.28,190367.30,1.00,4928.00,75310.64,0.00,48277385216.00,88782.96,0.00,39358.35
1787805930.33,13.39,4.87,4.87,59852.94,294796.46,0.00,4933.00,24168.45,0.00,48262737920.00,68926.00,0.00,64111.15
1787805933.37,8.76,3.39,4.23,77303.65,331687.94,0.00,4823.00,22792.66,0.00,48366231552.00,302745.76,0.01,77660.98
1787805936.411,16.55,6.86,9.17,81675.10,617948.10,0.00,4784.00,113814.69,48.33,48405573632.00,6371097.51,0.15,72696.68
1787805939.444,13.33,4.10,5.73,109053.32,238787.53,0.00,5032.00,29625.21,0.00,48148570112.00,186628.20,0.00,106633.58
1787805942.478,10.00,3.25,3.72,50297.05,119675.69,3.00,4733.00,32028.77,0.00,48435961856.00,515935.58,0.00,58177.61
1787805945.515,7.60,3.16,4.01,61842.29,119157.96,0.00,5556.00,173771.44,4953.66,47566196736.00,20552738.44,0.02,61017.00
1787805948.553,11.03,3.54,5.84,34984.15,79675.74,0.00,4984.00,24678.43,0.00,48171212800.00,169284.26,0.22,30994.64
1787805951.598,16.29,9.50,4.17,49478.30,103690.94,2.00,4442.00,28530.57,0.00,48731840512.00,1497909.53,0.03,55592.30
1787805954.638,8.36,6.10,0.93,20010.19,76362.50,0.00,4245.00,25253.00,0.00,48945770496.00,1415993.40,0.02,16758.64
1787805957.678,6.47,2.55,2.62,23941.80,83529.92,0.00,3389.00,279981.53,15.81,49865498624.00,157889.54,0.01,23440.58
1787805960.717,10.05,3.86,4.47,53880.65,109208.75,0.00,3633.00,26752.23,16.78,49589882880.00,97060.40,0.00,62634.77
1787805963.757,11.28,5.40,4.09,52421.14,150603.95,0.00,3710.00,33126.63,0.00,49577644032.00,396141.89,0.00,52296.39
1787805966.787,9.65,6.52,2.64,103606.98,89146.56,1.00,3557.00,136049.29,0.00,49741848576.00,353987.61,0.01,107105.82
1787805969.824,10.90,4.32,3.71,39208.07,141366.37,0.00,3562.00,24868.26,0.99,49735413760.00,133637.86,0.00,44563.46
1787805972.872,7.42,2.84,3.61,39042.12,102895.48,0.00,3534.00,23172.08,0.98,49753178112.00,144819.13,0.00,43645.37
1787805975.912,9.00,4.01,3.16,35848.83,124584.85,1.00,3543.00,18878.55,7.89,49756889088.00,80830.57,0.00,45993.89
1787805978.949,8.70,4.34,3.72,62677.21,128968.59,0.00,3540.00,18646.84,0.00,49744289792.00,170857.68,0.10,72419.38
1787805981.986,7.39,3.09,4.09,37928.62,144655.78,1.00,3530.00,20933.19,29.63,49710391296.00,317058.52,0.01,44567.96
1787805985.022,9.48,3.00,3.08,34420.43,89668.74,0.00,3526.00,30379.96,0.00,49719824384.00,157616.65,0.00,39730.42
1787805988.063,8.26,1.69,4.45,27554.34,82506.74,0.00,3661.00,24489.69,0.00,49713299456.00,458954.61,0.01,25723.73
1787805991.101,6.44,2.77,2.85,38089.34,102602.48,0.00,3686.00,23524.17,0.00,49547862016.00,52463.36,0.00,47173.17
1787805994.139,7.41,3.47,3.47,50215.88,122075.53,0.00,3672.00,19638.69,0.00,49559429120.00,121431.22,0.00,59112.07
1787805997.173,9.55,4.42,3.26,39479.03,115484.57,0.00,3688.00,22651.35,0.00,49538850816.00,44730.86,0.00,47000.82
1787806000.212,10.45,4.79,3.79,63682.90,171202.96,0.00,3680.00,25997.48,0.00,49548062720.00,478332.30,0.00,67970.20
1787806003.25,9.69,3.99,3.45,58365.54,139988.87,0.00,3685.00,21372.70,0.00,49541275648.00,100591.28,0.00,67303.32
1787806006.29,9.19,1.95,4.36,32836.40,103738.64,0.00,3668.00,33112.42,1.00,49544171520.00,314276.07,0.00,31907.30
1787806009.322,7.10,2.25,4.34,41726.61,107201.48,0.00,3668.00,23159.08,0.00,49541648384.00,300651.38,0.00,43414.01
1787806012.36,9.75,2.85,5.31,44917.19,104157.00,0.00,3674.00,33440.78,0.00,49535012864.00,343119.78,0.03,39695.63
1787806015.397,9.77,2.40,3.49,36306.41,116978.62,0.00,3786.00,61135.80,0.00,49424084992.00,3357559.41,0.06,39902.10
1787806018.432,3.80,1.09,2.33,31654.05,88741.35,0.00,5452.00,9200.44,0.00,47688871936.00,32588.92,0.00,30974.96
1787806021.478,2.65,1.01,2.17,20210.13,76286.79,0.00,5462.00,19288.29,0.00,47678861312.00,28389.83,0.00,18757.69
1787806024.526,6.82,3.70,2.54,40420.98,111388.80,1.00,5086.00,24290.67,0.00,48065560576.00,28288.47,0.00,49648.84
1787806027.57,7.29,4.14,2.46,43699.73,136781.42,0.00,5104.00,28719.63,0.00,48054915072.00,76441.61,0.01,54247.32
1787806030.612,11.94,3.31,7.46,73937.63,101446.77,0.00,5089.00,63381.72,0.98,48061706240.00,229748.29,0.00,68609.77
1787806033.648,7.21,3.88,3.18,65684.41,121675.74,0.00,5044.00,64039.91,0.00,48117358592.00,32560.01,0.00,70913.55
1787806036.694,7.34,1.39,2.40,30270.35,64349.51,0.00,5767.00,9204.53,0.00,47354908672.00,16229.77,0.00,30747.17
1787806039.728,8.09,1.78,3.18,48859.62,75700.13,0.00,5753.00,20042.48,0.00,47358459904.00,382438.03,0.01,53045.82
1787806042.759,8.02,2.63,3.64,37914.99,138018.36,0.00,5251.00,22159.52,0.00,47890624512.00,738788.26,0.01,47072.90
1787806045.795,4.68,1.78,2.01,32506.08,98389.94,0.00,5397.00,105936.98,16.78,47751344128.00,687397.85,0.00,29513.05
1787806048.832,8.39,2.94,3.71,44884.45,112202.71,0.00,5216.00,24199.21,0.00,47923257344.00,0.00,0.00,52673.39
1787806051.877,9.47,4.39,3.46,45686.11,129121.19,0.00,5214.00,23427.03,0.00,47925657600.00,16148.28,0.00,57303.05
1787806054.917,6.64,2.95,3.34,77558.70,130294.57,1.00,5205.00,32085.93,22.85,47936561152.00,207498.66,0.00,85729.37
1787806057.968,8.36,2.92,3.85,41323.77,103592.67,1.00,5213.00,21313.62,0.00,47925276672.00,68603.98,0.01,51436.35
1787806061.002,11.88,4.71,4.09,61792.82,121279.52,0.00,5213.00,24539.28,15.81,47923867648.00,740612.73,0.00,63734.68
1787806064.041,6.80,2.38,4.22,57679.22,99365.09,0.00,5204.00,43554.38,0.00,47938859008.00,108644.77,0.00,62068.42
1787806067.08,9.43,3.55,4.62,25621.31,70252.38,0.00,5193.00,23219.80,0.00,47951319040.00,36371.83,0.00,24465.93
1787806070.128,8.13,3.70,3.62,65600.13,94080.23,0.00,4912.00,273965.82,0.00,48251150336.00,48494.90,0.00,68790.95
1787806073.178,6.00,1.92,1.85,37838.68,66377.37,0.00,5763.00,9058.49,0.00,47345455104.00,282617.11,0.01,39287.82
1787806076.214,4.42,1.70,2.78,24029.64,74360.83,0.00,5759.00,26716.05,0.00,47353831424.00,525517.68,0.01,24198.55
1787806079.246,6.69,1.70,3.09,22286.25,87904.97,0.00,5784.00,19324.96,0.00,47322075136.00,327822.85,0.01,21343.27
1787806082.281,12.13,3.92,4.77,41222.02,118626.52,0.00,5234.00,22600.64,5.91,47901896704.00,44356.59,0.00,47289.32
1787806085.319,10.96,2.85,5.47,58554.56,116500.35,0.00,5205.00,46287.37,55.25,47921037312.00,553668.45,0.00,53191.03
1787806088.361,12.06,3.77,4.84,22161.67,73615.73,0.00,5201.00,24424.77,15.74,47911956480.00,114863.21,0.00,18473.59
1787806091.404,10.68,4.64,4.02,40884.72,139466.18,0.00,4834.00,25343.72,0.00,48286048256.00,608177.97,0.00,48256.94
1787806094.442,4.63,1.00,2.00,20016.61,82420.37,0.00,5738.00,19224.76,0.00,47343124480.00,132960.13,0.00,19235.67
1787806097.478,6.86,1.69,2.46,23527.31,74789.08,0.00,5739.00,26596.01,0.00,47345946624.00,322705.30,0.00,25923.66
1787806100.518,6.49,2.93,2.62,44810.60,84497.77,0.00,5582.00,59941.98,0.00,47504814080.00,64708.00,0.00,48280.44
1787806103.563,10.02,2.99,5.21,35275.00,88698.34,1.00,5008.00,27231.33,0.00,48106987520.00,108536.66,0.01,31825.58
1787806106.603,9.42,1.38,5.38,37287.69,100362.55,0.00,5007.00,26203.04,31.46,48106672128.00,161074.00,0.00,32314.66
1787806109.646,9.77,4.62,2.23,35923.44,123094.12,0.00,4643.00,24266.97,47.31,48506388480.00,330019.78,0.00,42585.10
1787806112.684,8.72,2.62,2.92,44483.92,69053.69,1.00,5196.00,115666.87,0.00,47921508352.00,0.00,0.00,48995.87
1787806115.729,9.75,1.31,5.17,37105.11,70332.12,0.00,4995.00,25080.89,0.00,48121663488.00,153632.07,0.01,32415.55
1787806118.775,8.19,2.62,4.23,28246.98,69654.88,0.00,4211.00,232569.14,0.00,49063190528.00,476196.67,0.01,24269.93
1787806121.814,11.55,6.53,4.38,43062.62,111857.23,0.00,4370.00,146198.98,15.73,48785686528.00,418822.10,0.00,46487.71
1787806124.849,12.12,5.01,5.16,73479.45,227736.08,0.00,3758.00,55428.01,15.79,49424535552.00,1260801.20,0.01,71493.79
1787806127.887,7.89,3.78,3.47,47493.72,105893.95,0.00,3757.00,21041.45,0.00,49419620352.00,32330.78,0.00,56261.25
1787806130.919,10.09,4.63,4.40,42093.56,125965.22,0.00,3742.00,26805.15,14.83,49427087360.00,141768.84,0.00,49415.69
1787806133.955,8.24,2.47,3.39,29192.71,93922.66,0.00,3758.00,24957.77,9.87,49421357056.00,266742.42,0.26,34223.11
1787806137.006,6.90,2.15,4.07,32586.45,104701.02,0.00,3765.00,24145.36,15.73,49409740800.00,88601.49,0.00,36193.13
1787806140.045,8.74,3.94,4.41,48429.31,123802.83,1.00,3775.00,21967.08,591.83,49400352768.00,4183475.17,0.02,57024.83
1787806143.091,9.02,2.79,4.64,30189.34,96015.83,0.00,3784.00,25148.70,0.00,49390227456.00,20289.36,0.00,32248.50
1787806146.139,10.92,3.00,5.16,60820.78,74521.62,0.00,3785.00,32033.04,0.00,49388294144.00,20189.47,0.00,60815.61
1787806149.177,10.31,3.08,3.86,32137.24,105596.18,0.00,3781.00,22230.10,0.00,49388630016.00,125358.13,0.01,37685.98
1787806152.22,18.01,10.44,4.64,41361.38,119169.37,0.00,3942.00,75884.44,0.00,49214447616.00,14217651.43,0.13,42094.17
1787806155.256,8.17,3.69,2.31,47319.31,116984.62,0.00,3641.00,22356.83,0.00,49546731520.00,40335.45,0.00,58988.01
1787806158.296,7.77,2.85,2.54,30699.29,76155.76,0.00,3696.00,95620.03,60.23,49571438592.00,618812.31,0.01,33066.69
1787806161.346,8.97,3.93,4.86,39058.89,119751.62,0.00,3690.00,23203.16,0.00,49567932416.00,56509.06,0.00,45610.68
1787806164.381,9.71,1.54,5.00,32283.67,67431.71,0.00,3694.00,26205.50,0.00,49566924800.00,963592.43,0.21,28863.59
1787806167.414,9.13,2.02,4.82,26221.12,85769.54,0.00,3700.00,32635.19,0.00,49555742720.00,57024.57,0.00,21510.70
1787806170.45,12.82,1.71,4.81,26210.71,83769.84,0.00,3752.00,24444.86,0.00,49485873152.00,264270.94,0.00,21672.43
1787806173.492,6.72,1.39,4.70,31415.05,104907.10,1.00,3748.00,24994.22,0.00,49483730944.00,48456.43,0.00,26000.42
1787806176.532,6.04,1.86,2.32,15983.13,73957.41,0.00,4295.00,9209.98,15.86,48903127040.00,44667.90,0.00,15057.51
1787806179.573,7.75,4.16,3.31,59856.06,101856.41,0.00,5229.00,198532.70,24.66,47960080384.00,1656693.29,0.01,66012.53
1787806182.615,7.81,2.79,2.64,56703.70,119464.19,2.00,5079.00,20237.92,0.00,48112955392.00,101641.24,0.00,63799.92
1787806185.661,5.11,1.93,2.46,21252.18,78010.71,0.00,4907.00,19402.66,0.00,48287846400.00,286557.55,0.00,18540.35
1787806188.708,6.12,2.78,2.86,33864.78,104263.54,0.00,4548.00,82273.38,0.00,48670011392.00,93099.47,0.00,38833.87
1787806191.755,7.99,1.31,5.31,34759.35,88176.84,0.00,4528.00,26992.03,0.00,48694497280.00,141256.37,0.00,29791.52
1787806194.799,5.62,0.92,5.13,46362.98,72878.82,1.00,4525.00,32202.70,0.00,48692424704.00,289259.35,0.01,41385.23
1787806197.84,7.54,1.31,5.15,32096.41,67512.21,0.00,4527.00,24373.73,0.00,48697585664.00,60374.22,0.00,28051.87
1787806200.878,11.51,5.81,3.64,39640.95,0.00,0.00,4232.00,25006.43,0.00,49018355712.00,40622.80,0.00,47622.04
1787806203.921,10.24,3.32,3.17,31293.25,110063.72,0.00,3373.00,132798.80,0.00,49916194816.00,4049.70,0.00,33844.86
1787806206.964,9.18,3.25,3.79,39237.37,109872.78,0.00,3372.00,23373.28,0.00,49916645376.00,763459.19,0.01,44930.02
1787806210.01,12.97,11.16,1.08,49647.62,93652.74,0.00,3315.00,42547.22,0.00,49990860800.00,21295958.40,0.18,49719.08
1787806213.046,11.45,7.95,4.01,35528.16,110184.12,0.00,4090.00,63639.72,0.00,49237442560.00,117337.96,0.00,42103.56
1787806216.083,9.82,4.19,3.88,46042.97,133296.66,0.00,4101.00,35073.31,0.99,49229914112.00,191216.15,0.00,56161.18
1787806219.119,9.47,3.54,4.62,65018.43,116296.40,0.00,4097.00,18756.91,0.99,49231765504.00,286838.61,0.00,69752.24
1787806222.156,5.73,2.32,2.78,34061.70,100412.53,1.00,4110.00,23950.16,0.00,49224306688.00,48592.35,0.00,42575.62
1787806225.202,7.72,3.70,3.01,40569.19,110848.33,0.00,4114.00,22601.71,0.00,49223192576.00,165726.76,0.01,52098.93
1787806228.241,9.56,2.47,3.86,36479.14,92669.91,0.00,4117.00,23469.98,0.00,49212497920.00,48511.21,0.00,39718.90
1787806231.284,7.67,1.69,4.00,26595.47,81379.06,1.00,4184.00,24166.59,0.00,49036435456.00,36308.99,0.00,26965.52
1787806234.322,9.57,3.39,4.93,39453.22,87497.72,1.00,4192.00,24136.72,0.00,49019609088.00,72756.55,0.00,38935.84
1787806237.365,8.39,2.76,2.99,34366.36,96200.67,0.00,4196.00,30109.01,0.00,49016786944.00,60367.37,0.00,41241.21
1787806240.404,13.49,6.61,5.92,39386.11,104881.80,0.00,4188.00,23042.67,0.00,49028370432.00,76524.39,0.00,44335.15
1787806243.439,10.07,4.42,3.72,48363.72,145446.02,0.00,4181.00,22733.68,0.00,49026531328.00,146161.68,0.00,56918.82
1787806246.493,10.20,2.98,3.59,40319.20,105524.94,1.00,4184.00,23068.22,0.00,49029955584.00,360960.49,0.00,45611.32
1787806249.528,9.80,3.86,2.31,43235.14,127062.73,0.00,4171.00,19412.36,0.00,49038041088.00,76855.45,0.00,52765.36
1787806252.564,6.01,3.01,2.93,46075.75,111644.18,0.00,4183.00,23150.33,16.77,49029042176.00,266665.27,0.00,56099.29
1787806255.599,7.10,2.54,4.01,38755.28,123557.21,1.00,4188.00,18136.28,0.00,49014767616.00,573482.64,0.02,43509.19
1787806258.645,8.62,3.55,3.08,39397.77,126985.24,0.00,4182.00,30262.05,0.00,49026433024.00,89017.89,0.00,47920.60
1787806261.681,14.49,4.55,5.78,30229.31,104281.35,0.00,4202.00,23490.76,0.00,48998244352.00,177680.73,0.00,33111.73
1787806264.719,7.51,2.54,3.62,33873.13,108339.55,0.00,4200.00,24369.00,0.00,48998236160.00,84856.45,0.00,34599.30
1787806267.752,8.99,1.62,5.03,33689.80,98486.70,0.00,4208.00,24362.22,0.00,48992239616.00,40562.44,0.00,29540.42
1787806270.793,15.68,4.00,7.07,114316.03,101207.98,0.00,4179.00,63897.57,0.98,49015562240.00,306388.66,0.02,115489.96
1787806273.829,10.75,3.66,4.44,42475.95,121745.87,0.00,4187.00,24045.60,0.00,49010339840.00,163179.04,0.02,42616.25
1787806276.856,7.76,1.71,5.21,30153.03,91360.08,1.00,4197.00,24066.94,18.89,48998125568.00,207738.79,0.02,27040.06
1787806279.902,9.21,4.31,4.61,36600.15,92434.69,1.00,4196.00,31246.17,17.71,49005592576.00,133006.29,0.01,38528.49
1787806282.947,10.35,2.77,3.93,31624.26,87798.17,0.00,4203.00,23148.53,0.00,48998313984.00,64619.07,0.00,35096.84
1787806285.984,7.03,2.23,3.54,34263.24,91344.99,0.00,4199.00,24775.23,0.00,48999907328.00,137210.59,0.00,38265.71
1787806289.026,11.24,4.94,5.02,36974.27,121803.54,0.00,4191.00,23399.81,0.00,49003634688.00,1234498.24,0.01,39306.26
1787806292.059,9.26,3.08,3.93,41579.10,146627.15,0.00,4204.00,16130.10,0.00,48994336768.00,52570.43,0.00,43727.89
1787806295.104,10.21,2.54,4.77,50516.45,71481.92,1.00,4200.00,25224.28,0.00,49000435712.00,48355.07,0.00,49418.17
1787806298.147,8.76,1.07,4.60,27089.08,80823.23,0.00,4205.00,24107.67,0.00,48992280576.00,24142.06,0.00,23809.21
1787806301.184,10.05,3.16,4.47,36093.06,123102.59,0.00,4199.00,29863.00,0.00,48995119104.00,549911.28,0.00,38626.32
1787806304.217,11.72,7.27,5.03,48514.16,145695.90,0.00,4962.00,211981.79,162.34,48322400256.00,2305064.34,0.01,45650.17
1787806307.252,8.74,3.70,3.23,42911.06,126498.10,0.00,4637.00,27751.31,0.00,48582819840.00,80731.10,0.00,51167.32
1787806310.3,6.26,3.47,2.93,54451.55,85208.84,0.00,4611.00,58675.33,0.00,48583757824.00,36430.83,0.00,61087.09
1787806313.33,5.83,2.16,4.02,27610.03,96796.96,0.00,4629.00,25063.94,16.83,48571031552.00,360871.63,0.01,27387.40
1787806316.367,8.40,2.62,3.31,30203.85,85271.60,1.00,3872.00,96806.33,0.00,49364201472.00,286732.50,0.00,30780.66
1787806319.406,6.05,3.31,2.08,47871.00,91430.57,0.00,4252.00,193287.58,0.00,48947204096.00,246113.23,0.14,52726.39
1787806322.435,4.90,2.55,2.63,36188.91,110606.37,0.00,3630.00,62990.48,0.00,49600966656.00,154110.29,0.00,42281.44
1787806325.467,7.52,1.47,4.79,66072.75,113603.35,0.00,3626.00,27383.91,48.47,49601540096.00,299840.03,0.00,62669.18
1787806328.511,7.10,2.55,3.10,43916.26,90749.10,0.00,4433.00,96442.48,0.00,48789282816.00,40606.11,0.00,44513.79
1787806331.55,8.28,3.18,2.80,49807.33,82524.62,0.00,3844.00,216393.93,85.52,49401888768.00,1140476.11,0.01,49856.58
1787806334.593,9.44,5.08,2.85,38392.71,151490.38,0.00,3576.00,20319.81,4.93,49701650432.00,209809.86,0.00,46987.61
1787806337.628,8.09,3.31,3.54,37771.59,132127.59,0.00,3554.00,24133.50,40.44,49728974848.00,973720.37,0.01,40420.83
1787806340.67,9.54,3.70,3.24,50310.51,130444.36,0.00,3567.00,21591.71,0.00,49708494848.00,28326.59,0.00,55539.78
1787806343.71,8.58,2.69,3.38,38586.65,95762.37,0.00,3565.00,23392.61,0.00,49704013824.00,20130.29,0.00,40316.06
1787806346.742,11.28,4.86,3.70,42961.93,128276.51,0.00,3574.00,21235.08,0.00,49704050688.00,113253.75,0.00,49935.44
1787806349.781,9.74,3.26,4.81,29535.51,98279.80,2.00,3607.00,31798.07,0.00,49644429312.00,48840.31,0.00,29205.08
1787806352.825,8.68,2.62,5.31,30611.50,92539.89,1.00,3600.00,24166.46,0.00,49644175360.00,20176.48,0.00,30601.59
1787806355.851,10.20,2.18,5.13,31701.86,95526.81,0.00,3597.00,25594.51,0.00,49640452096.00,146839.30,0.00,28601.91
1787806358.89,7.43,2.55,3.01,17801.54,79939.19,0.00,3576.00,60826.36,0.00,49694679040.00,16165.64,0.00,17757.55
1787806361.932,8.89,3.49,3.57,36854.99,122958.83,0.00,3414.00,23480.34,0.00,49862877184.00,207371.12,0.00,47625.09
1787806364.964,10.67,6.65,4.02,63831.14,197238.40,1.00,3858.00,38283.64,0.00,49396236288.00,247314.86,0.00,55847.76
1787806368.007,9.11,3.07,3.45,40794.92,101673.97,1.00,3380.00,63297.24,0.00,49888731136.00,64369.81,0.01,47160.89
1787806371.05,8.58,2.92,3.39,30443.57,122062.84,0.00,3440.00,28389.11,0.00,49885925376.00,217839.27,0.01,37496.36
1787806374.08,8.91,3.33,4.41,32851.95,131187.97,0.00,3435.00,22851.89,64.36,49889525760.00,413698.70,0.03,42201.03
1787806377.12,9.68,2.85,5.54,21795.04,75420.65,0.00,3440.00,25104.10,0.00,49882898432.00,117017.82,0.00,19101.78
1787806380.153,8.88,1.70,5.70,61454.06,95215.89,0.00,3493.00,28272.54,0.00,49736167424.00,101061.47,0.00,55889.21
1787806383.19,12.24,7.85,3.70,39828.66,101358.86,0.00,4619.00,359959.06,0.00,48555732992.00,294509.72,0.01,36703.69
1787806386.231,7.43,4.72,2.94,53093.40,115585.77,0.00,3917.00,277889.02,0.00,49325047808.00,559884.70,0.01,57298.98
1787806389.268,8.96,4.48,3.78,35315.33,110909.87,0.00,3624.00,23543.56,0.00,49647435776.00,4047.78,0.00,38903.01
1787806392.307,13.12,4.98,6.67,57301.46,85467.80,0.00,3619.00,57878.61,15.70,49639075840.00,144734.31,0.00,59939.33
1787806395.342,6.64,1.85,4.77,28505.34,80189.23,0.00,3622.00,24492.78,0.00,49640505344.00,92741.78,0.00,26280.48
1787806398.377,9.46,4.94,3.47,50386.79,112489.23,0.00,3642.00,73866.47,0.00,49699880960.00,602469.72,0.01,56960.05
1787806401.412,7.43,3.71,3.56,19539.67,69598.50,0.00,4434.00,2058.16,0.00,48888848384.00,1714416.50,0.14,18761.25
1787806404.462,10.22,4.30,4.15,38154.68,118700.49,0.00,3950.00,23150.89,0.00,49398005760.00,68539.24,0.00,47789.08
1787806407.513,9.60,1.46,4.60,38784.49,99746.99,0.00,3947.00,24854.70,0.00,49400184832.00,309914.33,0.00,34568.53
1787806410.553,10.07,2.15,4.92,33712.08,90416.19,0.00,4032.00,25064.95,0.00,49178251264.00,36301.98,0.00,27928.23
1787806413.595,4.18,2.24,2.08,25012.81,73790.24,0.00,4663.00,64769.64,15.80,48532250624.00,80894.16,0.00,24201.13
1787806416.629,9.07,4.47,4.09,62898.37,122979.72,0.00,4232.00,209587.17,0.00,48975708160.00,723934.51,0.01,65152.31
1787806419.665,11.96,3.08,4.01,39149.68,112440.85,0.00,3615.00,30673.76,0.00,49621094400.00,339534.04,0.00,46876.87
1787806422.711,8.57,3.08,5.24,31174.51,103058.21,0.00,3628.00,24234.90,0.00,49621639168.00,16148.06,0.00,29371.17
1787806425.744,3.65,1.47,1.93,28169.18,62625.97,0.00,3780.00,96617.05,86.02,49454108672.00,405001.77,0.00,27170.65
1787806428.786,8.29,3.15,3.00,34111.28,111124.80,2.00,3625.00,20612.69,0.00,49618345984.00,185524.07,0.00,40099.39
1787806431.835,10.80,3.78,3.78,40642.81,132339.74,0.00,3616.00,24023.84,0.00,49623564288.00,429241.82,0.02,46068.39
1787806434.869,5.83,3.08,3.70,36973.87,164629.42,0.00,3600.00,43121.73,130.07,49650352128.00,758799.03,0.01,35428.85
1787806437.906,7.57,2.70,4.39,35017.69,97069.19,0.00,3574.00,25389.72,0.00,49677824000.00,16149.12,0.00,32678.24
1787806440.959,10.73,4.31,5.24,68397.03,124044.70,0.00,3662.00,33594.93,15.78,49553149952.00,241372.97,0.00,73394.25
1787806443.993,6.26,1.93,4.33,24862.37,95811.72,0.00,3677.00,22492.97,0.00,49543606272.00,4055.61,0.00,22420.26
1787806447.039,10.34,5.60,3.38,40695.56,139928.38,0.00,3676.00,23518.08,0.00,49545121792.00,177084.68,0.00,47726.16
1787806450.082,9.77,2.00,4.23,39823.29,78068.55,1.00,3677.00,23672.22,0.00,49541607424.00,16118.60,0.00,40692.31
1787806453.116,7.86,2.70,4.39,34248.39,67337.74,0.00,3644.00,24356.60,0.00,49566818304.00,109089.80,0.00,33317.83
1787806456.156,10.13,1.84,4.30,39141.21,97112.50,0.00,3647.00,23548.41,0.00,49563594752.00,4025.47,0.00,37296.90
1787806459.199,6.23,3.77,3.07,47310.55,89228.15,0.00,4056.00,298502.29,15.74,49138819072.00,544076.75,0.02,44387.64
1787806462.235,7.30,2.86,3.40,37684.05,93725.98,1.00,3753.00,29961.49,0.00,49456291840.00,1351709.26,0.01,42633.04
1787806465.276,4.38,2.23,2.92,32603.60,95070.42,0.00,4767.00,19399.70,0.00,48405610496.00,16092.59,0.00,31109.60
1787806468.313,6.97,3.33,3.18,35730.30,122901.21,0.00,4432.00,19393.56,0.00,48749477888.00,332911.88,0.01,42569.68
1787806471.352,7.03,2.85,4.01,40790.65,124805.33,0.00,4441.00,24375.39,0.00,48739368960.00,0.00,0.00,46475.00
1787806474.392,7.89,3.01,4.48,39634.51,105567.75,0.00,4428.00,23255.78,0.00,48759070720.00,72912.15,0.00,44644.64
1787806477.437,8.17,3.72,3.79,32421.39,112869.88,0.00,4441.00,24636.37,0.00,48744636416.00,125828.72,0.00,36973.80
1787806480.484,7.61,2.53,2.38,27608.60,83563.34,0.00,3864.00,161281.42,0.00,49333223424.00,797535.00,0.02,26908.90
1787806483.513,6.24,1.86,2.64,21226.23,89809.01,0.00,3740.00,70269.15,0.00,49511608320.00,138391.83,0.00,20429.89
1787806486.561,7.37,2.46,3.46,38816.74,100400.59,0.00,3653.00,22527.62,0.00,49677758464.00,282575.91,0.01,48171.03
1787806489.599,8.47,2.48,3.49,20415.27,98382.07,1.00,3979.00,27206.13,0.00,49264943104.00,69131.74,0.01,19227.17
1787806492.639,6.10,1.47,2.32,37766.61,77149.74,0.00,3808.00,60853.75,0.00,49437777920.00,125848.40,0.01,45713.03
1787806495.684,8.02,3.31,3.46,34378.04,111179.18,0.00,3467.00,23137.19,7.87,49801031680.00,657116.65,0.00,42461.54
1787806498.727,10.88,4.17,4.02,41708.52,124755.98,2.00,3486.00,20137.84,15.81,49781870592.00,339992.42,0.00,52374.59
1787806501.754,9.48,2.33,5.27,31706.62,89945.59,0.00,3483.00,34931.87,31.76,49751613440.00,573136.66,0.01,29600.20
1787806504.792,7.62,2.71,3.02,60538.77,98480.00,0.00,3475.00,22921.45,0.00,49751707648.00,56802.39,0.00,68034.65
1787806507.826,9.23,3.94,4.01,45595.36,134723.57,0.00,3514.00,24801.41,0.00,49717379072.00,178023.31,0.00,54789.74
1787806510.865,11.05,5.25,4.86,51597.28,133330.83,0.00,3476.00,66928.12,0.00,49748082688.00,4045.30,0.00,61513.75
1787806513.901,5.46,2.64,3.65,33081.54,109553.75,0.00,3498.00,22927.27,0.00,49731321856.00,199237.73,0.00,39999.45
1787806516.939,7.65,3.17,3.33,32813.56,105286.98,0.00,3511.00,21022.14,0.00,49724866560.00,56782.56,0.00,38974.94
1787806519.984,12.10,7.71,3.55,86960.30,123303.45,0.00,3520.00,22871.97,0.00,49719398400.00,72804.80,0.01,93386.95
1787806523.024,6.20,2.46,3.39,27717.82,91682.77,0.00,3529.00,22770.14,0.00,49706594304.00,52480.83,0.00,29389.20
1787806526.062,6.57,3.01,3.17,35492.04,116751.30,0.00,3528.00,23518.51,16.83,49711636480.00,113508.02,0.00,45786.37
1787806529.107,7.13,2.55,3.71,33413.90,98733.86,0.00,3515.00,24143.46,0.00,49713430528.00,16189.18,0.00,35011.77
1787806532.142,10.48,5.41,4.17,40093.54,112007.75,0.00,3521.00,31475.51,0.00,49714634752.00,16203.57,0.00,46652.51
1787806535.178,11.56,4.19,3.41,31370.33,94115.94,0.00,3523.00,23562.47,0.00,49714081792.00,117860.98,0.02,36466.92
1787806538.22,10.98,5.33,5.49,31841.06,120723.13,1.00,3525.00,25051.66,0.00,49712635904.00,303728.38,0.00,28415.73
1787806541.26,7.46,2.08,4.23,34573.25,77343.89,0.00,3515.00,23441.06,0.00,49705193472.00,36268.41,0.00,33687.97
1787806544.29,7.61,4.10,3.25,51485.89,226518.93,2.00,3879.00,168034.05,25980.96,49381924864.00,101308325.42,0.50,46829.87
1787806547.346,8.41,3.52,4.14,43827.77,106966.65,0.00,3636.00,24805.75,576.22,49621577728.00,1798236.05,0.01,50559.01
1787806550.402,6.42,1.55,4.33,37228.52,79998.14,0.00,3627.00,23235.80,0.00,49630846976.00,0.00,0.00,36239.10
1787806553.439,4.89,1.78,2.09,41992.64,59147.69,0.00,4377.00,16662.19,0.00,48853368832.00,739268.80,0.01,45452.92
1787806556.48,6.04,2.00,3.76,29475.83,97120.64,0.00,4048.00,22560.38,0.00,49193897984.00,16091.83,0.00,32514.69
1787806559.515,9.37,3.80,4.03,39445.27,90331.25,0.00,3649.00,16044.59,0.00,49564147712.00,390407.80,0.00,42238.33
1787806562.553,6.30,3.85,2.92,32173.45,111257.27,0.00,3174.00,65578.01,14.77,50084962304.00,84716.42,0.00,42155.00
1787806565.587,5.77,2.48,3.57,26725.76,85701.70,1.00,3174.00,23273.11,25.81,50075340800.00,198224.46,0.00,32088.27
1787806568.628,12.21,4.83,5.22,46677.81,130343.97,0.00,4230.00,262932.95,32.42,48974655488.00,1124802.64,0.01,38421.94
1787806571.669,8.44,3.15,3.84,54332.23,111887.85,0.00,4170.00,47483.16,0.00,49026347008.00,145043.33,0.00,61183.05
1787806574.727,12.56,8.58,2.84,97419.47,130190.63,1.00,3307.00,29696.68,0.00,49936625664.00,0.00,0.00,105533.89
1787806577.778,9.56,3.23,2.85,36290.30,114040.01,0.00,3306.00,22432.05,0.00,49938079744.00,80750.24,0.00,47526.18
1787806580.815,10.46,4.25,3.94,56902.78,118472.19,1.00,3281.00,32665.40,619.31,49919496192.00,2605602.60,0.02,55974.22
1787806583.851,6.26,1.47,2.39,19434.17,94943.96,0.00,3451.00,51428.10,0.00,49747271680.00,392708.24,0.01,18710.69
1787806586.888,5.05,2.93,2.24,33595.82,102224.48,0.00,4014.00,220948.60,0.00,49294848000.00,299359.91,0.00,31143.13
1787806589.94,7.88,4.01,3.24,69396.58,116081.12,0.00,3552.00,22709.08,15.77,49715404800.00,64586.31,0.00,75774.38
1787806592.972,9.54,1.17,4.98,25844.00,58099.41,2.00,3559.00,25299.83,0.00,49701539840.00,2249323.88,0.02,22154.14
1787806596.011,5.58,1.55,2.95,52093.68,83056.33,0.00,4097.00,96262.10,0.00,49143668736.00,73167.14,0.00,55541.01
1787806599.043,10.30,5.89,3.64,47431.10,143729.60,1.00,3902.00,201234.53,0.00,49386221568.00,1113223.44,0.01,53438.62
1787806602.075,7.24,3.71,3.09,30783.54,92448.47,2.00,3280.00,29887.97,15.82,50032427008.00,64781.64,0.00,38127.98
1787806605.122,12.02,5.15,4.69,40621.71,247524.03,0.00,3271.00,46992.49,0.00,50035027968.00,189354.89,0.00,40589.32
1787806608.166,13.09,3.41,5.35,26205.33,100462.52,0.00,3272.00,24382.63,0.00,50032578560.00,73153.85,0.00,30201.70
1787806611.21,9.87,2.70,3.40,30351.56,121472.43,0.00,3272.00,21464.08,15.80,50035642368.00,117325.00,0.00,38748.44
1787806614.25,10.47,2.70,4.17,24995.17,88741.90,0.00,3269.00,24172.44,13.83,50036592640.00,327687.93,0.01,27811.42
1787806617.288,16.04,6.25,8.87,46358.50,170209.64,0.00,3505.00,302886.92,143448.15,49955356672.00,602342486.46,0.60,50145.29
1787806620.329,23.65,9.73,11.91,56776.16,225200.34,0.00,4294.00,336909.12,53472.53,49238917120.00,234238953.87,0.27,57876.41
1787806623.366,10.32,2.84,5.76,23340.65,108858.72,0.00,4195.00,223712.54,92822.23,49528721408.00,381098898.24,0.33,21150.98
1787806626.408,16.96,8.01,6.55,55459.42,185625.99,1.00,4111.00,74216.08,19572.17,49886674944.00,82700115.54,0.17,52172.09
1787806629.444,9.63,2.71,4.88,29071.56,102464.27,0.00,4139.00,25060.39,0.00,49864974336.00,410134.68,0.01,26451.32
1787806632.483,8.42,1.38,5.83,19828.06,68519.43,0.00,4126.00,49373.17,15.72,49874100224.00,1102566.84,0.01,16511.71
1787806635.527,8.35,1.61,5.07,25913.32,65155.86,0.00,4934.00,132673.02,0.00,49176346624.00,7877823.22,0.08,21721.69
1787806638.564,6.82,3.48,2.47,52486.57,115300.53,0.00,5110.00,63585.47,0.00,48948957184.00,619868.58,0.01,57568.92
1787806641.596,7.72,3.47,2.47,40364.00,117940.84,0.00,5113.00,23317.84,18.79,48943206400.00,388288.58,0.00,50066.19
1787806644.643,12.88,9.30,3.15,96559.81,82985.65,0.00,4385.00,134865.34,12.80,49729708032.00,399214.81,0.01,96285.29
1787806647.678,8.17,2.93,3.24,35296.68,102336.50,0.00,4204.00,22795.24,47.33,49892044800.00,1126780.23,0.01,41037.48
1787806650.718,7.74,2.00,2.77,41116.05,87619.20,0.00,4319.00,101563.15,46.34,49662873600.00,670366.25,0.01,39722.94
1787806653.754,9.80,2.93,4.56,37898.47,69933.01,0.00,4225.00,33201.59,0.00,49819070464.00,437513.27,0.00,31672.46
1787806656.784,7.11,3.32,2.78,44131.39,123443.23,0.00,4483.00,62506.20,39.58,49559969792.00,218835.50,0.00,49025.62
1787806659.827,8.36,4.40,3.09,30589.09,104972.39,1.00,4468.00,96941.50,13.82,49593180160.00,1887301.04,0.02,32141.86
1787806662.861,11.40,1.85,5.48,35905.55,107784.91,0.00,4473.00,25146.55,31.66,49564209152.00,182337.21,0.00,31994.73
1787806665.892,12.59,2.87,6.37,45452.03,98018.32,0.00,4465.00,57293.20,0.00,49582542848.00,456522.53,0.00,43832.77
1787806668.928,10.81,5.71,2.55,38085.25,99409.24,1.00,3772.00,30407.52,0.00,50362753024.00,0.00,0.00,43992.35
1787806671.961,5.11,1.24,2.86,17163.90,85235.83,0.00,4001.00,66515.09,0.00,50127740928.00,499267.46,0.01,15116.48
1787806675.016,6.27,1.61,2.15,14198.06,62842.87,0.00,3995.00,9103.94,0.00,50129457152.00,2556850.75,0.07,12808.71
1787806678.051,6.17,2.31,3.31,31584.56,109160.18,0.00,3646.00,20907.98,15.76,50497585152.00,125061.79,0.01,34655.07
1787806681.088,9.10,3.32,3.78,39642.45,113585.44,1.00,3815.00,21440.80,0.00,50351099904.00,4047.45,0.00,44382.87
1787806684.126,8.76,4.39,3.77,40399.33,121467.88,1.00,3818.00,21110.80,0.00,50351542272.00,80692.28,0.00,46360.22
1787806687.163,7.55,2.31,4.31,35079.15,88815.97,0.00,3826.00,23713.15,0.00,50330525696.00,40349.40,0.00,34267.82
1787806690.2,9.71,3.53,3.45,51111.39,134715.15,0.00,3823.00,23640.91,15.73,50330374144.00,217412.63,0.01,54203.11
1787806693.242,8.39,2.00,5.15,40048.90,213435.33,0.00,3810.00,31166.09,0.00,50359148544.00,858701.90,0.01,31915.73
1787806696.284,6.10,2.15,4.07,47280.79,286092.61,0.00,3820.00,23450.07,0.00,50341289984.00,0.00,0.00,38423.87
1787806699.314,20.34,9.19,10.43,100524.46,584394.05,0.00,4954.00,278614.08,1102.22,49168211968.00,6912372.53,0.16,89599.46
1787806702.353,8.43,3.08,3.01,45748.64,121992.42,0.00,4347.00,24004.02,0.00,49802027008.00,282890.12,0.01,51879.50
1787806705.388,8.69,3.71,3.94,44261.50,116419.49,0.00,4359.00,24604.32,3.95,49793216512.00,445174.02,0.03,48299.26
1787806708.413,7.58,2.02,3.49,29223.01,86544.00,0.00,4364.00,24436.40,0.00,49788170240.00,171124.41,0.00,32368.14
1787806711.464,10.41,5.31,3.39,59941.24,120072.54,0.00,4562.00,33616.13,15.76,49631133696.00,80670.06,0.00,63188.81
1787806714.495,12.14,7.95,4.09,34236.96,107606.11,0.00,4595.00,28900.22,0.00,49657077760.00,347936.51,0.00,43364.56
1787806717.535,5.23,5.38,0.46,17362.71,62360.42,0.00,4609.00,9127.76,0.00,49631182848.00,84577.56,0.00,14254.45
1787806720.584,4.86,2.54,2.54,43415.80,115112.05,0.00,4944.00,60986.26,47.25,49289416704.00,2136763.16,0.18,45934.60
1787806723.631,6.93,2.70,2.70,35911.37,100856.18,0.00,4661.00,20408.63,15.80,49633345536.00,80895.87,0.00,46055.41
1787806726.668,9.62,4.47,3.62,41586.43,131124.08,0.00,4642.00,20661.40,0.99,49641082880.00,56621.60,0.00,54913.06
1787806729.702,9.50,3.25,2.94,47632.59,118290.10,0.00,4647.00,23051.71,0.00,49635631104.00,113807.77,0.00,58050.44
1787806732.738,6.75,1.93,3.63,30248.71,93824.04,0.00,4657.00,22858.19,0.00,49626099712.00,16209.68,0.00,35899.82
1787806735.788,8.89,3.46,3.38,68034.73,124073.86,0.00,4650.00,31369.99,0.00,49631911936.00,8504031.04,0.12,74869.89
1787806738.836,8.79,3.00,3.53,43635.53,104021.08,0.00,4641.00,26235.67,0.00,49635860480.00,56460.93,0.00,49866.04
1787806741.885,8.99,3.37,2.68,48198.42,95034.71,0.00,4876.00,29714.54,0.00,49204826112.00,52255.35,0.00,54834.09
1787806744.922,9.44,5.30,3.46,36229.83,105254.74,0.00,4879.00,20687.29,0.00,49197658112.00,181454.35,0.00,43056.31
1787806747.965,10.70,3.93,3.54,41540.50,116088.49,0.00,4871.00,23471.18,0.00,49210249216.00,0.00,0.00,45577.52
1787806751.007,12.94,5.62,6.00,133627.45,138708.46,0.00,4858.00,59577.95,33.50,49216876544.00,302673.19,0.01,141374.11
1787806754.051,8.03,3.15,2.54,39301.24,102420.61,0.00,4855.00,20951.21,0.00,49222545408.00,44343.19,0.00,45988.67
1787806757.087,9.42,2.57,3.89,32174.32,114220.82,0.00,4868.00,31584.26,0.00,49214218240.00,53073.67,0.00,31834.37
1787806760.129,7.01,2.85,3.77,49579.05,113428.34,0.00,4872.00,22875.14,0.00,49202282496.00,116974.49,0.00,54703.13
1787806763.166,8.35,3.01,4.48,31539.05,99764.83,1.00,4882.00,30214.35,0.00,49196060672.00,84970.81,0.00,34964.79
1787806766.207,6.53,2.54,3.77,33965.01,138534.22,0.00,4877.00,25920.77,0.00,49196650496.00,76710.57,0.01,35543.84
1787806769.247,8.36,2.69,4.30,32313.47,89904.06,0.00,4881.00,25343.99,0.00,49196376064.00,1896955.80,0.04,33104.22
1787806772.281,9.43,2.71,3.71,33802.10,83687.46,0.00,4929.00,21327.79,0.00,49144909824.00,16230.87,0.00,38024.72
1787806775.327,8.84,2.31,4.93,37469.76,107996.03,0.00,4932.00,23523.21,0.00,49146929152.00,56527.48,0.00,38841.10
1787806778.366,8.17,4.23,2.15,38717.09,95944.02,0.00,4933.00,20513.44,0.00,49143898112.00,16131.13,0.00,51118.19
1787806781.403,10.21,3.46,4.99,56562.89,106817.96,2.00,4928.00,25009.11,0.00,49139896320.00,152975.62,0.00,52589.60
1787806784.445,9.12,2.38,4.69,43893.91,140126.24,0.00,4928.00,31497.35,0.00,49144262656.00,221748.26,0.00,44265.21
1787806787.475,12.17,4.12,3.49,40552.04,117669.53,0.00,4936.00,22643.13,0.00,49136680960.00,32576.84,0.00,46561.37
1787806790.517,7.53,2.32,4.25,47434.10,104184.62,0.00,4940.00,23227.23,15.83,49135964160.00,137805.88,0.01,50097.09
1787806793.553,8.62,2.93,3.47,35323.08,108285.42,0.00,4936.00,22085.57,0.00,49154342912.00,173888.54,0.02,45739.74
1787806796.588,6.93,2.86,3.56,40489.31,97914.54,0.00,4934.00,23672.25,0.00,49148338176.00,52733.95,0.00,47611.37
1787806799.627,7.10,1.69,4.30,31309.87,110092.24,0.00,4962.00,24976.46,0.00,49116848128.00,1797416.03,0.03,30893.83
1787806802.659,7.65,2.01,5.19,20864.33,68748.23,0.00,4966.00,24257.89,0.00,49106755584.00,44694.68,0.00,16431.76
1787806805.697,12.38,9.76,2.71,56652.00,109075.75,0.00,5637.00,347886.58,0.00,48403419136.00,64312297.10,0.34,54875.15
1787806808.742,13.64,8.26,3.37,42067.14,123814.59,0.00,5475.00,20842.17,0.00,48579371008.00,32080.24,0.00,49492.94
1787806811.785,9.15,3.77,3.23,89471.20,121070.20,0.00,5536.00,150624.45,78.87,48511401984.00,488626.64,0.01,88619.58
1787806814.818,12.02,4.18,4.02,37136.58,122444.04,0.00,5408.00,22176.55,0.00,48665280512.00,125782.36,0.00,45427.58
1787806817.855,10.14,5.24,4.85,49278.71,94434.77,0.00,5140.00,247621.30,15.77,48950829056.00,28917535.50,0.96,49937.16
1787806820.89,8.51,3.55,3.71,42134.02,111730.88,0.00,4703.00,21264.36,0.00,49441046528.00,413289.91,0.01,51395.27
1787806823.925,10.34,2.47,3.09,33401.40,98909.32,1.00,4656.00,100181.49,15.80,49491619840.00,80913.24,0.00,35941.74
1787806826.967,10.65,4.69,4.46,36857.41,112336.54,1.00,4659.00,26613.07,0.00,49493221376.00,24182.60,0.00,45828.05
1787806830.014,10.75,5.41,4.95,38626.72,104339.96,2.00,4700.00,22553.78,0.00,49386684416.00,413570.52,0.01,47652.92
1787806833.05,9.22,4.55,2.31,53800.07,118048.66,1.00,4703.00,30711.57,41.48,49386971136.00,234615.97,0.01,66146.79
1787806836.086,8.10,3.39,3.31,44196.11,123598.25,0.00,4707.00,21760.77,0.00,49379930112.00,96808.19,0.01,55008.05
1787806839.121,8.66,3.40,3.09,35056.62,124607.38,0.00,4704.00,22911.74,0.00,49385893888.00,158024.83,0.00,44033.70
1787806842.165,7.79,2.53,4.99,35057.61,117677.92,0.00,4685.00,25802.22,0.98,49408524288.00,112564.39,0.00,31850.15
1787806845.212,10.28,3.91,3.22,40209.77,191522.80,0.00,5445.00,101397.66,0.00,48637706240.00,369731.31,0.01,33724.01
1787806848.25,8.22,2.47,2.86,35124.95,124741.82,0.00,5446.00,29626.95,0.00,48641576960.00,80933.69,0.00,41871.59
1787806851.293,8.20,3.91,2.53,41088.05,148240.76,0.00,4578.00,21105.58,20.62,49563308032.00,558951.42,0.02,53225.00
1787806854.34,8.69,3.46,3.85,36152.10,105981.75,0.00,4585.00,30793.38,0.00,49553440768.00,32266.49,0.00,41144.45
1787806857.381,7.74,3.01,4.09,30597.98,72103.85,0.00,4576.00,25739.17,0.99,49552064512.00,254890.67,0.01,29007.70
1787806860.421,5.68,3.00,2.61,35624.83,82344.57,1.00,4716.00,60007.27,47.20,49358508032.00,261778.41,0.00,33010.32
1787806863.452,5.97,1.70,2.24,21171.46,85802.72,0.00,4551.00,61693.12,0.00,49539321856.00,72937.21,0.00,18889.81
1787806866.486,6.32,2.02,3.35,30270.51,81464.27,0.00,4379.00,23201.81,21.91,49720127488.00,203954.47,0.01,33393.68
1787806869.534,13.55,8.61,2.84,134034.61,115550.51,0.00,4367.00,25116.29,16.73,49720877056.00,423326.25,0.00,139335.78
1787806872.579,8.07,3.38,4.08,48776.51,116257.77,0.00,4351.00,46566.34,46.29,49735278592.00,399391.63,0.00,49716.27
1787806875.617,7.86,3.78,2.85,47425.76,111422.02,0.00,4361.00,28711.55,0.00,49730387968.00,40407.68,0.00,56652.95
1787806878.673,5.08,2.38,3.22,30908.86,106863.69,1.00,4372.00,23465.89,0.00,49725493248.00,8050.28,0.00,31622.28
1787806881.705,6.47,1.55,4.59,36006.00,88349.60,1.00,4385.00,17406.40,0.00,49699524608.00,69295.21,0.00,32667.57
1787806884.743,10.48,4.55,4.01,27820.98,91642.10,0.00,4301.00,98613.41,17.79,49793220608.00,1595131.61,0.04,28062.46
1787806887.776,7.58,2.70,2.86,47519.17,97264.84,1.00,5500.00,97828.13,47.44,48561549312.00,210485.68,0.00,51990.89
1787806890.803,8.35,3.97,2.57,53330.47,115621.32,0.00,5516.00,21193.39,0.00,48512446464.00,57180.46,0.00,61952.40
1787806893.841,7.81,3.96,4.19,39948.55,113851.59,3.00,5531.00,23734.97,0.00,48501583872.00,134229.04,0.00,42234.59
1787806896.876,8.02,3.26,3.73,45198.61,98474.83,0.00,5535.00,31922.79,0.00,48501338112.00,89564.31,0.01,52051.15
1787806899.921,11.69,5.18,4.64,42253.93,122854.52,0.00,5530.00,24234.98,0.00,48502517760.00,449737.89,0.01,49416.23
1787806902.968,7.76,4.25,3.79,79024.12,114807.64,1.00,5508.00,35765.70,4479.00,48550207488.00,18414939.52,0.36,86202.55
1787806906.009,13.10,2.63,5.87,68563.46,91445.64,0.00,5508.00,48666.17,7.91,48547475456.00,267370.20,0.00,67033.31
1787806909.059,8.63,4.46,3.31,37718.61,110574.62,0.00,5522.00,21317.42,0.00,48515784704.00,48405.88,0.00,45799.62
1787806912.099,8.32,6.01,1.93,18765.59,82374.16,0.00,5101.00,9123.98,0.00,48954691584.00,145384.26,0.01,15911.83
1787806915.138,12.80,8.11,3.55,38775.96,136172.71,0.00,4787.00,21422.10,3.96,49285185536.00,206573.04,0.00,46116.36
1787806918.187,6.65,5.62,0.31,13407.98,56942.26,0.00,4783.00,16608.82,200.24,49285406720.00,814615.21,0.01,10386.92
1787806921.234,6.89,5.69,0.54,12478.55,88221.94,0.00,4851.00,9169.46,0.00,49215963136.00,16145.35,0.00,9149.75
1787806924.266,8.91,6.06,1.32,12104.76,93818.57,0.00,4855.00,13296.24,0.00,49213181952.00,73326.71,0.00,8099.02
1787806927.311,6.85,5.55,0.15,18835.59,67244.32,1.00,4857.00,9443.46,0.00,49207312384.00,84905.28,0.00,16449.50
1787806930.354,8.76,6.91,2.00,40497.45,89759.76,0.00,4844.00,19610.38,0.00,49225908224.00,273745.26,0.00,36488.77
1787806933.39,5.54,5.91,0.54,9054.56,69677.95,1.00,4840.00,9387.58,0.00,49228853248.00,52309.55,0.00,7192.23
1787806936.434,7.42,5.83,0.69,13184.92,91663.67,0.00,4836.00,21431.88,77255.56,49255534592.00,316494627.39,16.86,10892.57
1787806939.47,6.28,5.51,0.23,9517.29,70294.23,0.00,4830.00,16613.28,0.00,49255944192.00,28487.30,0.00,6436.44
1787806942.506,7.51,6.00,0.85,8971.54,51735.37,0.00,4821.00,14731.94,113.10,49246961664.00,511612.01,0.01,6129.96
1787806945.537,9.15,7.09,1.54,11599.97,85542.26,0.00,4826.00,16890.44,186.44,49243111424.00,1014191.94,0.01,8388.66
1787806948.575,7.55,5.54,0.23,11355.35,86779.62,1.00,4827.00,9098.26,0.00,49240915968.00,16134.42,0.00,7884.28
1787806951.616,8.82,5.85,0.62,10005.52,84042.02,0.00,4825.00,9156.29,0.00,49244688384.00,60529.65,0.00,6658.52
1787806954.655,8.33,5.77,0.77,15008.22,105173.79,0.00,4819.00,9630.56,0.00,49245024256.00,84718.95,0.00,11231.50
1787806957.7,6.65,5.38,0.31,8610.03,65187.14,0.00,4828.00,9127.50,0.00,49241751552.00,68502.47,0.00,6046.96
1787806960.733,8.84,5.72,0.23,19413.77,65655.58,0.00,4825.00,2179.39,0.00,49236299776.00,218714.17,0.00,15833.16
1787806963.771,7.10,6.39,0.77,10015.79,90975.52,1.00,4825.00,9202.07,0.00,49238786048.00,60526.22,0.00,7351.62
1787806966.812,9.25,5.84,0.62,13394.09,81098.88,1.00,4840.00,16968.28,2.95,49217073152.00,137084.95,0.06,9936.58
1787806969.852,7.25,5.94,0.46,17090.87,79858.52,0.00,4836.00,9234.17,0.00,49212547072.00,16189.69,0.00,14239.16
1787806972.898,8.55,6.31,0.38,8002.83,65541.52,0.00,4845.00,9090.71,0.00,49210068992.00,16159.52,0.00,5438.01
1787806975.929,9.80,5.66,0.54,9911.87,83589.14,0.00,4844.00,9225.79,34.75,49211416576.00,337545.67,0.01,6480.94
1787806978.971,7.22,5.45,0.38,18737.19,82473.89,1.00,4845.00,9114.65,0.00,49207967744.00,36214.95,0.00,15447.95
1787806982.01,9.53,6.61,0.61,9854.21,60888.23,0.00,4839.00,9179.94,24.61,49213591552.00,391089.49,0.01,7243.25
1787806985.037,8.29,6.30,0.86,12356.82,100023.09,0.00,4843.00,10123.34,0.00,49211944960.00,93766.55,0.00,8907.04
1787806988.076,7.04,5.15,0.69,11241.48,88991.83,0.00,4845.00,16542.17,0.00,49212600320.00,40273.85,0.00,7531.42
1787806991.12,12.52,6.93,4.31,161187.08,103714.27,0.00,4831.00,49560.69,0.99,49213976576.00,751046.41,0.01,154243.02
1787806994.16,6.67,6.31,0.46,14115.98,76059.54,1.00,4829.00,9246.40,0.00,49211830272.00,56515.17,0.00,11277.64
1787806997.201,5.82,5.14,0.46,9396.29,57643.88,0.00,4830.00,9086.88,0.00,49213030400.00,20116.67,0.00,6228.50
1787807000.242,13.29,6.96,3.56,21763.91,81235.25,0.00,4826.00,10283.48,0.00,49224192000.00,0.00,0.00,17346.64
1787807003.277,8.78,5.34,0.23,16857.34,65286.91,1.00,4837.00,9140.35,0.00,49204178944.00,68970.59,0.00,13902.22
1787807006.312,6.76,5.79,0.39,15511.14,83046.96,0.00,4844.00,9219.31,0.00,49201094656.00,32386.20,0.00,11954.25
1787807009.346,9.65,6.39,0.77,15583.49,53229.39,0.00,4839.00,17828.58,0.00,49201012736.00,16154.38,0.00,13289.04
1787807012.387,8.88,5.37,0.08,17127.26,73065.90,0.00,4840.00,9084.25,7.86,49199173632.00,32187.78,0.00,13806.18
1787807015.419,8.57,7.07,0.31,16585.22,97291.86,0.00,4839.00,17589.45,0.00,49203838976.00,187525.26,0.01,13118.49
1787807018.46,10.13,6.62,1.23,11426.92,67916.15,0.00,4848.00,9136.21,0.00,49200320512.00,28249.05,0.00,8265.03
1787807021.498,7.91,5.54,0.54,17872.47,77420.13,0.00,4845.00,9156.79,14.77,49197977600.00,100823.11,0.00,14637.57
1787807024.526,6.09,6.16,0.70,14758.55,115710.72,0.00,4847.00,10071.08,0.00,49201127424.00,126637.51,0.00,8664.25
1787807027.566,8.41,6.10,0.85,11652.52,87614.31,0.00,4842.00,9167.41,0.00,49207570432.00,20244.62,0.00,8414.65
1787807030.595,8.80,6.15,1.01,25391.65,69358.34,0.00,4841.00,19854.83,0.00,49205641216.00,293947.15,0.01,21490.21
1787807033.632,9.51,6.86,1.16,21326.89,82227.99,0.00,4840.00,9072.83,0.00,49204957184.00,84900.89,0.00,17795.05
1787807036.667,6.00,5.38,0.15,22693.12,85619.11,1.00,4839.00,16535.85,0.00,49205657600.00,16125.43,0.00,18988.06
1787807039.705,7.79,5.62,0.69,9830.94,75565.37,0.00,4839.00,8701.38,0.00,49222320128.00,0.00,0.00,6380.07
1787807042.738,11.02,6.63,0.92,13030.95,66801.96,0.00,4840.00,9058.28,0.00,49207521280.00,52490.49,0.00,10031.40
1787807045.769,10.23,7.56,0.77,10614.35,93437.71,0.00,4852.00,10045.04,0.00,49202958336.00,263149.70,0.00,7686.46
1787807048.806,7.34,5.31,0.31,13453.40,58206.51,0.00,4851.00,9113.62,0.00,49197350912.00,72570.38,0.01,10867.92
1787807051.845,8.79,6.00,1.54,37568.08,65217.05,1.00,4831.00,34368.62,0.00,49213382656.00,32238.60,0.00,34488.91
1787807054.888,7.33,5.31,0.31,10982.60,57276.03,0.00,4834.00,9109.68,0.00,49213526016.00,16125.00,0.00,8290.52
1787807057.924,7.75,6.01,0.46,11102.16,79936.72,0.00,4837.00,16662.60,0.00,49211297792.00,24212.14,0.00,7802.89
1787807060.954,8.76,5.68,0.70,23587.18,90952.51,0.00,4847.00,9339.60,0.00,49199837184.00,240828.64,0.00,18773.74
1787807063.994,6.67,5.23,0.23,12568.84,66110.62,0.00,4848.00,9532.64,0.00,49201504256.00,548066.34,0.01,9902.06
1787807067.033,8.41,5.45,0.46,14530.59,94522.03,0.00,4849.00,9126.92,0.00,49200824320.00,0.00,0.00,10908.22
1787807070.067,8.39,6.25,1.00,8385.60,62290.93,0.00,4854.00,9166.97,0.00,49197453312.00,16184.44,0.00,5946.28
1787807073.107,7.40,5.54,0.08,35914.25,68997.19,0.00,4849.00,9210.40,0.00,49200001024.00,16146.29,0.00,33142.08
1787807076.146,8.31,7.62,0.46,21640.44,93207.23,0.00,4852.00,9914.55,0.00,49197477888.00,286440.53,0.00,18543.03
1787807079.189,7.89,6.63,1.00,14860.02,80370.24,0.00,4846.00,16155.76,0.00,49209610240.00,48505.77,0.00,11811.23
1787807082.233,6.99,5.37,0.46,9861.42,83007.84,0.00,4863.00,11356.35,0.00,49190068224.00,724166.36,0.01,6728.89
1787807085.276,11.60,7.77,0.54,20810.13,171230.43,0.00,4856.00,10238.19,0.00,49190072320.00,366971.86,0.01,10483.47
1787807088.32,13.01,9.06,2.07,20089.21,61815.23,0.00,4853.00,9178.45,0.00,49193308160.00,16098.88,0.00,17352.31
1787807091.361,7.25,3.46,1.84,47723.30,85186.88,0.00,5123.00,233506.78,0.00,48930951168.00,152799.39,0.01,45739.91
1787807094.403,6.44,1.46,2.53,19047.88,95983.45,0.00,4968.00,54285.32,0.00,49087782912.00,249612.81,0.01,17314.66
1787807097.442,11.02,2.62,5.54,27552.71,61548.93,1.00,4617.00,24888.19,0.00,49449197568.00,36325.70,0.00,24195.79
1787807100.485,8.13,4.94,3.47,46520.48,84998.79,0.00,5873.00,275125.97,0.00,48137478144.00,505164.07,0.01,42961.57
1787807103.527,7.01,3.32,3.24,64880.43,114211.70,0.00,5706.00,23140.87,15.82,48308797440.00,80978.21,0.00,73959.47
1787807106.565,11.39,5.68,3.61,47132.78,152033.31,0.00,4820.00,72006.67,14.75,49245282304.00,438909.79,0.00,56709.61
1787807109.616,9.58,2.93,5.01,61733.97,94711.49,0.00,4824.00,24344.97,15.78,49228693504.00,270717.57,0.01,63007.70
1787807112.652,7.86,3.16,3.16,60793.06,99741.54,0.00,4806.00,31633.44,0.00,49245347840.00,464251.53,0.01,66150.52
1787807115.698,8.32,4.30,2.46,49914.68,134292.83,0.00,4810.00,22000.28,0.00,49245782016.00,269739.58,0.00,59521.89
1787807118.736,9.33,4.48,3.70,80785.40,76141.99,0.00,5033.00,293253.85,34.58,49010696192.00,173116947.95,0.59,80954.11
1787807121.783,6.96,3.24,2.70,43471.46,95529.72,1.00,4759.00,29253.49,0.00,49337085952.00,133301.96,0.00,50025.77
1787807124.828,5.55,1.78,3.34,17748.75,67805.06,1.00,5082.00,59053.87,0.00,49018580992.00,61036.77,0.00,16480.54
1787807127.871,7.58,2.31,4.70,35843.62,87310.55,1.00,4742.00,31693.59,0.00,49355685888.00,72746.95,0.00,32207.00
1787807130.915,7.98,1.61,4.61,24889.33,81863.05,1.00,4720.00,24883.44,0.00,49348374528.00,60383.04,0.00,20614.70
1787807133.951,10.66,4.02,4.49,39656.52,105955.76,0.00,5408.00,61387.48,0.00,48727588864.00,421925.29,0.01,45907.34
1787807136.985,6.89,4.50,2.79,59701.89,120597.76,0.00,4744.00,278714.61,1184.06,49518698496.00,5397258.11,0.04,62057.82
1787807140.032,10.35,4.80,4.56,60459.03,222508.03,1.00,4418.00,33245.88,123.89,49847975936.00,1177755.38,0.01,65850.86
1787807143.064,7.22,2.87,3.41,44244.65,94169.94,0.00,4434.00,23358.45,17.86,49834192896.00,602928.89,0.00,49875.51
1787807146.108,10.07,3.01,6.25,59744.68,104367.57,0.00,4424.00,48728.43,63.19,49843445760.00,853353.30,0.01,64051.10
1787807149.148,6.66,2.55,3.24,36757.86,88714.82,0.00,4427.00,32410.19,14.80,49837121536.00,121253.29,0.00,41568.32
1787807152.189,7.59,3.69,2.84,44905.46,112610.31,0.00,4430.00,21884.78,23.60,49836244992.00,75025.68,0.00,56333.35
1787807155.231,6.73,2.31,2.92,31586.85,92941.25,1.00,4442.00,17501.41,15.76,49837182976.00,84725.40,0.00,39406.58
1787807158.268,11.82,4.22,3.61,38888.95,117369.98,0.00,4430.00,22764.19,19.64,49835749376.00,80447.03,0.00,46141.34
1787807161.307,8.07,2.54,3.69,54380.67,112428.27,0.00,4448.00,21373.36,0.00,49660686336.00,40332.30,0.00,59361.49
1787807164.352,9.76,2.93,4.16,52620.04,107807.01,0.00,4442.00,18865.93,0.00,49669165056.00,72790.17,0.01,59585.20
1787807167.398,10.23,4.30,4.53,52480.36,116446.00,0.00,4446.00,23239.21,0.00,49663545344.00,157201.95,0.00,57057.24
1787807170.446,6.52,3.15,4.23,52463.73,125659.71,0.00,4432.00,43026.83,0.00,49677602816.00,4029.77,0.00,55835.77
1787807173.478,7.82,3.19,4.36,37655.60,68828.71,1.00,4482.00,24048.54,29.86,49666666496.00,138632.97,0.00,38300.55
1787807176.514,5.65,2.17,2.86,18303.61,76987.49,0.00,4746.00,20691.85,28.73,49388462080.00,547741.29,0.01,16990.77
1787807179.558,7.00,3.61,3.15,47282.01,118290.92,0.00,4501.00,24388.61,39.27,49708081152.00,422230.56,0.01,54725.11
1787807182.605,4.74,2.47,1.93,38794.83,89515.75,0.00,5075.00,86367.85,0.00,49035206656.00,113245.48,0.00,38186.81
1787807185.644,12.11,6.94,4.40,46258.99,88126.24,0.00,5163.00,32737.12,36.54,49046036480.00,173939.58,0.00,41508.11
1787807188.697,5.48,2.23,2.38,27897.37,102875.19,0.00,4648.00,107105.40,0.00,49594200064.00,84639.71,0.00,29114.31
1787807191.743,7.26,3.33,3.02,42626.19,114266.62,0.00,4641.00,27962.44,0.99,49600827392.00,495379.41,0.01,51254.32
1787807194.774,8.32,2.78,3.01,35965.88,125169.48,2.00,4653.00,22241.56,0.00,49582600192.00,76967.73,0.01,41725.95
1787807197.816,9.74,4.47,3.32,56170.95,139910.82,0.00,4642.00,23809.84,11.85,49583476736.00,133501.80,0.00,61680.66
1787807200.851,8.16,3.55,3.24,51861.47,108485.21,0.00,4634.00,23333.27,0.00,49585381376.00,40461.05,0.00,56346.80
1787807203.895,10.84,4.23,4.53,32420.63,116419.58,4.00,4645.00,24403.81,15.75,49588051968.00,173356.22,0.00,35631.62
1787807206.929,7.19,3.39,2.54,38006.87,114006.81,1.00,4630.00,25494.42,0.00,49586778112.00,286860.11,0.01,46004.34
1787807209.97,10.13,3.55,5.17,48971.62,96987.94,0.00,4638.00,23465.80,0.00,49579925504.00,56650.64,0.00,50000.53
1787807213.028,8.70,1.93,4.78,32989.15,87268.15,0.00,4636.00,30273.08,0.00,49581514752.00,44419.32,0.00,32158.58
1787807216.072,7.17,1.46,4.39,32580.10,87707.47,0.00,4642.00,26981.00,0.00,49581740032.00,44422.12,0.00,31565.08
1787807219.122,8.74,2.00,4.93,43407.35,92089.98,0.00,4633.00,32490.92,0.00,49587752960.00,88869.98,0.00,41033.24
1787807222.164,7.34,3.64,3.48,46218.37,115472.15,0.00,4634.00,22607.60,0.00,49588060160.00,121688.27,0.00,53663.13
1787807225.205,9.20,4.87,3.63,41534.36,99521.22,0.00,4609.00,22660.14,0.00,49602924544.00,93196.84,0.01,51103.00
1787807228.234,9.26,3.73,3.97,30965.69,134744.90,0.00,4632.00,23891.14,0.00,49589977088.00,191686.75,0.00,30441.47
1787807231.284,10.42,4.37,4.21,80185.16,121212.40,0.00,4617.00,59253.51,15.70,49601204224.00,172830.58,0.00,86613.85
1787807234.326,7.68,1.54,5.46,29697.30,79632.98,0.00,4610.00,30617.76,0.00,49611399168.00,60549.61,0.00,24780.14
1787807237.362,13.89,3.77,6.69,29372.72,85816.23,0.00,4632.00,23741.96,0.00,49585242112.00,129049.75,0.00,24227.93
1787807240.409,8.85,5.41,3.40,66636.91,101688.68,0.00,5041.00,140716.02,0.00,49162887168.00,263100.76,0.01,66145.13
1787807243.449,6.75,3.34,2.64,39519.60,79970.44,3.00,4403.00,299371.80,0.00,49842569216.00,256733.17,0.01,43936.17
1787807246.503,7.64,4.20,3.73,40667.73,302032.76,0.00,4054.00,21011.96,14.94,50195644416.00,101963.08,0.01,45627.38
1787807249.546,9.70,4.33,4.02,42274.46,330562.47,0.00,4053.00,25555.39,13.86,50192035840.00,56780.50,0.00,43251.67
1787807252.587,9.15,2.53,4.98,50675.49,411748.63,0.00,4040.00,25604.68,46.13,50208538624.00,205010.20,0.00,45003.61
1787807255.621,9.88,2.56,4.04,25685.03,89591.17,0.00,4039.00,25632.30,31.84,50214854656.00,154858.38,0.00,26883.77
1787807258.658,11.55,3.17,5.18,21956.54,93182.87,0.00,4044.00,25408.56,0.00,50206224384.00,154086.79,0.00,18385.43
1787807261.703,11.23,1.94,4.96,30636.74,84330.16,0.00,4046.00,30474.00,13.89,50208067584.00,317022.52,0.00,32696.85
1787807264.747,11.17,4.45,4.83,29066.05,165529.07,0.00,4051.00,25171.66,15.72,50201939968.00,241383.88,0.00,24160.46
1787807267.79,6.16,1.39,4.23,21689.99,81069.89,2.00,4059.00,25268.06,15.75,50202152960.00,100824.13,0.01,18961.90
1787807270.827,10.23,2.63,4.87,21608.81,83835.97,0.00,4054.00,24418.92,0.00,50198532096.00,56760.37,0.00,20091.47
1787807273.868,5.98,1.86,2.48,17437.64,86572.09,1.00,4374.00,9523.15,0.00,49857921024.00,377328.25,0.00,16052.88
1787807276.937,11.49,3.68,3.30,45149.51,98709.92,0.00,4075.00,22723.07,0.00,50196697088.00,4023.24,0.00,53104.82
1787807279.982,7.91,1.92,2.84,26530.48,77191.20,0.00,4639.00,19267.81,0.00,49617801216.00,92634.95,0.01,26489.01
1787807283.027,4.08,1.54,2.39,23739.68,86810.44,0.00,4511.00,62682.60,249.88,49707659264.00,1205560.32,0.01,23301.16
1787807286.069,5.90,2.09,2.55,38999.31,103531.72,0.00,4132.00,73316.44,0.00,50089267200.00,52731.91,0.00,40903.95
1787807289.111,11.75,6.00,5.00,35716.92,135028.27,0.00,4140.00,17102.38,0.00,50094039040.00,120972.85,0.00,42531.16
1787807292.154,9.35,4.08,4.08,59870.78,124409.52,0.00,4126.00,46720.02,0.00,50100461568.00,56555.97,0.00,70194.42
1787807295.19,5.53,2.76,2.84,35165.08,104737.11,0.00,4147.00,21280.76,0.00,50087071744.00,72497.37,0.00,41989.11
1787807298.234,11.10,2.61,5.52,34031.60,82314.90,1.00,4147.00,24205.99,0.00,50081804288.00,233355.05,0.01,28741.09
1787807301.271,9.66,1.31,4.69,25784.84,97977.86,0.00,4143.00,24353.77,0.00,50078072832.00,100923.77,0.00,21035.18
1787807304.318,7.30,1.77,5.30,41168.32,84885.99,1.00,4151.00,30500.63,0.00,50091991040.00,44331.63,0.00,36379.88
1787807307.349,8.36,1.32,4.65,34287.01,62827.13,0.00,4162.00,23629.22,0.00,50076143616.00,77178.01,0.00,31347.72
1787807310.386,8.54,2.15,4.99,28690.09,74619.99,1.00,4172.00,24128.06,0.00,50055868416.00,68432.45,0.00,24125.63
1787807313.413,7.02,0.47,5.13,21004.78,57850.98,0.00,4177.00,24643.11,0.00,50054217728.00,252793.95,0.00,16903.96
1787807316.454,8.60,1.69,5.46,23929.27,69215.14,0.00,4174.00,24158.50,0.00,50058649600.00,40296.96,0.00,19716.79
1787807319.502,14.06,6.60,4.76,45463.13,170048.63,1.00,5424.00,25051.01,0.00,48787824640.00,100533.93,0.00,51383.65
1787807322.552,7.54,3.69,2.23,42315.64,129021.98,0.00,4564.00,20947.27,15.74,49695436800.00,96721.47,0.00,53853.07
1787807325.592,12.04,4.34,4.49,65648.32,189292.95,0.00,4559.00,30886.62,46.59,49686126592.00,304534.14,0.00,63326.42
1787807328.629,7.05,1.77,3.38,35522.15,107041.97,0.00,4561.00,23604.64,31.50,49698435072.00,443581.40,0.00,42909.35
1787807331.666,7.02,2.25,4.04,30386.88,102850.80,0.00,4553.00,31899.71,0.00,49706131456.00,28499.31,0.00,32294.18
1787807334.708,8.28,1.15,5.15,36677.17,66682.10,0.00,4558.00,24917.38,0.00,49693052928.00,84611.48,0.00,32801.44
1787807337.755,8.58,1.46,5.22,26881.49,66952.49,0.00,4513.00,26497.03,0.00,49742221312.00,1264620.54,0.01,22189.78
1787807340.794,8.91,1.85,5.47,49763.97,86497.19,0.00,4538.00,27892.87,31.56,49672024064.00,440305.58,0.00,43734.63
1787807343.823,7.17,2.48,3.79,27979.51,95609.96,0.00,4537.00,23044.57,7.93,49685291008.00,178593.21,0.00,29365.47
1787807346.86,11.79,8.24,3.54,36901.59,69032.05,0.00,4833.00,331670.81,0.00,49359224832.00,395614.39,0.01,32225.46
1787807349.894,10.28,5.95,2.86,49237.67,124284.03,0.00,4594.00,76532.20,0.00,49709441024.00,117584.38,0.00,51658.88
1787807352.933,11.62,5.01,3.85,38171.85,122809.95,0.00,4597.00,28408.26,0.00,49713573888.00,282712.05,0.01,47514.91
1787807355.974,4.78,1.54,2.39,55083.90,54792.62,0.00,4879.00,19286.47,0.00,49403916288.00,0.00,0.00,56073.04
1787807359.016,11.14,3.07,4.23,20129.90,77149.68,0.00,4563.00,102484.92,31.48,49746128896.00,225620.08,0.00,18400.53
1787807362.057,10.02,3.15,3.99,40837.51,127382.39,0.00,4380.00,21784.99,0.00,49936130048.00,24173.19,0.00,44630.37
1787807365.095,7.01,3.31,2.69,42559.68,119484.91,2.00,4375.00,21685.46,0.00,49934217216.00,48449.26,0.00,48977.20
1787807368.145,7.98,3.94,2.24,35156.69,113275.22,0.00,4385.00,21034.34,15.81,49938169856.00,84983.09,0.00,44885.73
1787807371.18,8.99,2.86,5.25,53937.77,82011.97,0.00,4455.00,37519.56,6467.87,49817571328.00,26609769.20,0.56,51407.80
1787807374.217,10.37,3.55,4.08,38803.15,106859.34,0.00,4451.00,30864.95,15.78,49814913024.00,181827.80,0.00,43051.47
1787807377.26,10.44,2.84,4.31,35360.78,78789.94,0.00,4452.00,24336.98,0.98,49815552000.00,74550.62,0.00,37573.12
1787807380.299,8.38,3.08,4.78,58063.40,121195.72,0.00,4445.00,25097.14,0.00,49816301568.00,117118.69,0.00,58420.84
1787807383.342,9.54,1.23,5.46,21523.28,76476.97,0.00,4460.00,22234.41,0.00,49817739264.00,20171.91,0.00,18257.19
1787807386.38,9.38,3.09,5.72,62116.75,102321.54,0.00,4450.00,48531.31,15.84,49813835776.00,239293.87,0.01,60285.48
1787807389.415,8.95,2.39,5.09,32801.71,99449.95,0.00,4451.00,24205.29,0.00,49820229632.00,28314.39,0.00,34186.52
1787807392.459,9.13,3.40,4.25,34907.14,109022.55,0.00,4458.00,24142.46,15.81,49819410432.00,1854039.53,0.01,42051.81
1787807395.495,9.59,1.93,4.80,69149.02,86786.77,0.00,4450.00,31161.61,0.00,49809498112.00,385270.15,0.00,69420.16
1787807398.532,7.94,2.16,4.24,42466.00,87369.88,0.00,4480.00,24229.78,0.00,49779396608.00,64657.48,0.00,42815.65
1787807401.567,9.29,3.55,3.16,43379.85,129279.89,0.00,5100.00,22100.51,0.00,49159077888.00,28298.76,0.01,52454.30
1787807404.601,9.98,3.78,3.40,39409.93,119007.97,0.00,4251.00,22823.66,13.84,50060587008.00,344263.35,0.00,48343.33
1787807407.646,8.97,2.31,4.70,39042.68,92353.63,0.00,4250.00,24347.30,15.78,50053087232.00,96967.02,0.00,39722.08
1787807410.688,6.69,3.46,4.15,109420.70,119947.07,0.00,4647.00,135769.14,0.00,49641340928.00,528560.69,0.00,108031.56
1787807413.745,11.34,4.93,4.47,38283.24,111670.38,0.00,4655.00,22839.02,0.00,49637924864.00,197862.63,0.01,46639.39
1787807416.784,7.99,3.79,3.10,61993.37,73738.26,0.00,5026.00,287029.98,0.00,49238450176.00,434274.63,0.02,63818.07
1787807419.819,9.06,4.00,3.16,56047.28,111630.08,0.00,4721.00,19794.79,0.00,49556643840.00,16156.92,0.00,66660.64
1787807422.858,5.55,4.16,2.39,45392.62,104524.64,0.00,4407.00,215157.01,0.00,49934192640.00,197972.14,0.00,53024.63
1787807425.897,7.27,3.16,3.55,40871.85,115622.92,0.00,4683.00,23799.58,31.56,49606950912.00,319139.88,0.00,45826.97
1787807428.941,9.12,1.39,4.39,36175.35,79959.57,0.00,4681.00,27180.28,31.53,49596211200.00,500397.78,0.00,37868.45
1787807431.979,5.73,2.77,2.31,20715.34,64134.31,0.00,4001.00,94800.90,431.55,50314764288.00,12530767.58,2.52,20118.12
1787807435.021,6.86,2.47,2.85,31372.61,120201.33,0.00,3875.00,21416.73,0.00,50484314112.00,0.00,0.00,41186.09
1787807438.063,6.03,2.71,3.33,30186.80,112252.49,0.00,3886.00,27671.65,0.00,50489987072.00,20335.70,0.00,36324.14
1787807441.104,11.25,5.63,5.17,34829.64,136190.82,0.00,3885.00,21967.28,30.60,50468220928.00,1047054.71,0.01,37292.15
1787807444.134,8.27,1.86,4.97,23102.08,116241.31,0.00,3899.00,31888.67,0.00,50453860352.00,232166.39,0.00,20136.24
1787807447.18,9.47,2.64,4.97,29246.36,102012.72,0.00,3886.00,48183.06,15.91,50468347904.00,65173.58,0.00,35328.28
1787807450.222,7.37,2.46,3.91,47344.02,95768.53,0.00,3871.00,24260.88,0.00,50468782080.00,20116.71,0.00,46980.41
1787807453.262,9.87,2.93,5.62,20964.13,93479.11,0.00,3874.00,24192.03,0.00,50470232064.00,96890.34,0.00,18568.96
1787807456.301,6.05,1.93,3.39,27174.44,104381.89,0.00,3867.00,22363.46,9.86,50484875264.00,88873.92,0.00,31431.79
1787807459.344,6.60,1.71,4.20,24789.90,97201.13,0.00,3867.00,27096.52,0.00,50480447488.00,215928.68,0.00,23857.24
1787807462.371,10.86,2.73,5.38,34100.18,91859.86,0.00,3941.00,24502.81,0.00,50362662912.00,65327.53,0.01,31489.69
1787807465.41,7.09,2.40,2.79,39729.50,65556.50,0.00,5575.00,16957.24,0.00,48675786752.00,64977.48,0.00,40777.18
1787807468.448,7.38,3.39,2.31,41646.89,139595.80,0.00,5278.00,20968.47,0.00,49015578624.00,16164.66,0.00,51168.70
1787807471.497,11.56,6.68,5.15,90638.38,140757.54,0.00,5254.00,47047.69,14.75,49038024704.00,193363.97,0.00,99660.91
1787807474.54,5.33,1.62,3.16,18266.88,84237.06,0.00,5638.00,19604.58,22.66,48631898112.00,435757.21,0.00,16613.55
1787807477.575,12.25,5.09,4.09,18693.99,72533.20,0.00,5469.00,60887.62,65.21,48814039040.00,426437.60,0.01,16605.66
1787807480.611,8.21,3.78,2.78,61430.62,127350.45,0.00,5121.00,20463.70,15.80,49174720512.00,89005.95,0.00,72343.84
1787807483.648,8.85,3.69,3.23,36471.20,133211.69,0.00,5121.00,20979.68,0.00,49178550272.00,32269.15,0.00,45345.31
1787807486.675,8.54,1.24,5.05,34413.62,97866.92,0.00,5125.00,32048.33,0.00,49176358912.00,0.00,0.00,30105.87
1787807489.718,8.78,1.31,4.85,25306.25,82680.08,0.00,5122.00,25652.10,0.00,49174028288.00,129149.25,0.00,21351.81
1787807492.757,6.11,0.85,4.95,23383.62,81452.28,1.00,5140.00,18362.09,0.00,49102561280.00,64935.12,0.01,18864.03
1787807495.798,7.26,2.15,4.77,56554.47,90685.24,1.00,5129.00,23779.40,0.00,49113546752.00,32261.14,0.00,53529.30
1787807498.848,11.49,1.38,5.30,28409.67,90295.57,1.00,5136.00,24167.70,0.00,49103683584.00,0.00,0.00,23891.68
1787807501.894,9.77,2.77,5.00,60866.86,124694.73,1.00,5130.00,25178.98,0.00,49112961024.00,84756.99,0.00,55869.68
1787807504.944,11.60,3.23,5.84,41728.53,202677.78,0.00,5130.00,24635.79,0.00,49111928832.00,338104.87,0.00,31131.55
1787807507.986,12.89,7.92,3.18,84348.51,101637.01,0.00,4523.00,107183.52,0.00,49760739328.00,569896.33,0.01,85563.50
1787807511.025,7.59,3.47,3.62,36715.24,92670.74,0.00,3870.00,95661.52,15.79,50695270400.00,84874.58,0.00,39317.79
1787807514.054,8.71,2.10,4.59,36041.87,97233.69,1.00,3877.00,32006.87,0.00,50696318976.00,118402.48,0.00,34799.44
1787807517.1,4.99,1.46,2.08,22346.35,67586.45,0.00,4019.00,54192.63,31.51,50529931264.00,149210.63,0.00,22150.51
1787807520.122,5.96,2.72,3.89,43994.60,109077.92,0.00,3731.00,68522.39,0.00,50883715072.00,277484.80,0.01,49968.63
1787807523.168,6.48,2.93,3.00,35410.55,104894.01,0.00,3828.00,23203.21,0.00,50474934272.00,314930.42,0.02,41167.48
1787807526.21,7.12,3.08,2.77,35018.09,102226.21,0.00,3831.00,22449.28,15.74,50470916096.00,108824.02,0.01,41735.36
1787807529.248,6.34,2.93,2.78,36621.20,115720.45,0.00,3831.00,31203.01,0.00,50466193408.00,44515.31,0.00,41373.46
1787807532.288,11.00,5.00,5.23,45527.02,129825.44,1.00,3804.00,44656.22,0.00,50499182592.00,149289.46,0.00,47887.59
1787807535.337,13.71,9.12,4.33,47875.58,126163.79,0.00,4986.00,30674.57,15.82,49266106368.00,93119.90,0.00,54910.50
1787807538.374,5.75,5.33,0.39,10565.46,81998.02,1.00,4991.00,9102.87,0.00,49282162688.00,287589.39,0.01,6882.14
1787807541.413,8.79,7.09,1.00,24720.03,74238.01,0.00,5001.00,9290.35,0.00,49265754112.00,0.00,0.00,20906.75
1787807544.454,7.31,5.62,0.15,8892.75,91168.87,0.00,5012.00,9138.95,0.00,49264017408.00,16134.97,0.00,5798.44
1787807547.49,7.90,5.85,0.31,9306.86,76555.25,0.00,5012.00,9441.83,0.00,49264013312.00,68599.05,0.00,6107.60
1787807550.521,6.67,5.94,0.77,17528.30,71231.92,0.00,5046.00,9213.42,0.00,49200304128.00,262884.98,0.00,14360.13
1787807553.563,5.58,5.38,0.08,9981.39,83936.67,0.00,5057.00,9236.05,0.00,49199476736.00,40275.60,0.00,7020.38
1787807556.602,7.17,5.93,0.54,11596.48,74994.50,0.00,5058.00,16533.86,0.00,49195872256.00,36351.41,0.00,7951.57
1787807559.64,6.31,5.24,0.15,10928.87,83470.61,0.00,5056.00,9189.20,0.00,49198956544.00,246270.13,0.00,7370.13
1787807562.679,9.55,8.10,1.08,11770.59,90597.82,1.00,5055.00,11213.94,0.00,49201942528.00,113193.48,0.00,9169.77
1787807565.719,7.77,6.46,0.77,14945.84,113077.06,0.00,5054.00,9320.21,0.00,49201889280.00,32283.80,0.00,9066.33
1787807568.752,6.18,5.39,0.31,14165.04,77105.87,0.00,5042.00,8676.84,0.00,49196318720.00,165529.17,0.00,10600.07
1787807571.789,8.77,6.71,1.16,14316.90,90748.37,0.00,5060.00,9274.50,0.00,49176567808.00,141491.14,0.01,10406.40
1787807574.834,7.15,6.08,0.92,9557.82,56463.68,0.00,5062.00,9076.33,0.00,49176424448.00,137123.69,0.00,6959.83
1787807577.877,6.45,5.53,0.23,22128.26,77748.95,0.00,5062.00,16453.54,0.00,49178595328.00,64364.55,0.01,18507.73
1787807580.918,5.07,5.54,0.54,28022.42,80458.22,0.00,5053.00,12179.12,0.00,49182457856.00,28234.13,0.00,23667.60
1787807583.957,8.69,5.91,1.53,11822.86,49882.63,0.00,5056.00,9938.62,0.00,49182105600.00,32174.36,0.00,9469.92
1787807586.997,6.19,5.24,0.31,11466.78,78185.64,0.00,5059.00,9212.46,0.00,49179684864.00,72674.53,0.00,7990.43
1787807590.038,8.26,6.55,1.00,9964.86,67755.31,0.00,5062.00,9174.65,0.00,49179840512.00,20203.97,0.00,6850.74
1787807593.076,7.79,6.63,0.46,12987.27,111184.36,0.00,5046.00,10048.90,0.00,49185546240.00,105114.16,0.00,9343.43
1787807596.113,6.47,5.36,0.39,10948.29,78824.73,1.00,5050.00,9186.42,0.00,49180205056.00,32599.15,0.00,7844.58
1787807599.138,6.21,5.52,0.62,10319.67,81878.05,0.00,5066.00,16692.14,0.00,49176899584.00,48955.91,0.00,6889.51
1787807602.182,7.05,6.46,0.85,12739.83,82314.18,0.00,5066.00,9188.90,0.00,49168039936.00,24193.95,0.00,9466.00
1787807605.216,6.01,5.56,0.46,10093.20,80552.90,1.00,5064.00,16716.61,0.00,49168150528.00,145683.45,0.00,6506.97
1787807608.248,6.91,5.24,0.54,8826.30,64723.20,1.00,5070.00,9122.38,0.00,49168310272.00,16170.19,0.00,5591.88
1787807611.273,7.19,5.68,0.39,14128.69,55358.72,0.00,5066.00,8818.85,0.00,49184194560.00,126543.34,0.00,11109.42
1787807614.318,8.04,6.00,0.54,17839.64,76819.31,0.00,5070.00,9615.96,0.00,49164967936.00,205834.22,0.01,14263.61
1787807617.36,7.64,6.15,0.31,29270.99,77182.93,0.00,5072.00,9323.43,0.00,49166102528.00,44330.55,0.00,26301.41
1787807620.399,10.15,7.55,1.62,9504.08,77578.73,0.00,5077.00,9637.20,3.94,49166675968.00,100461.89,0.00,5966.50
1787807623.441,7.00,6.95,0.39,10664.67,62709.64,1.00,5074.00,9731.08,0.00,49163603968.00,68791.32,0.00,8506.70
1787807626.479,7.44,5.78,0.54,26434.58,71097.47,0.00,5076.00,16778.28,0.00,49165316096.00,20187.95,0.00,22670.50
1787807629.506,9.67,6.92,0.70,11365.85,85797.40,0.00,5063.00,9233.57,0.00,49167400960.00,48974.71,0.00,7048.43
1787807632.54,7.54,6.54,0.85,11294.00,73361.20,0.00,5072.00,9241.98,0.00,49168416768.00,44407.22,0.00,7572.07
1787807635.586,7.34,6.68,0.92,8763.19,57681.97,0.00,5075.00,9044.22,0.00,49169027072.00,595684.40,0.00,6159.24
1787807638.62,6.36,5.64,0.08,8289.27,78135.08,0.00,5074.00,9162.55,0.00,49171451904.00,16185.36,0.00,5427.98
1787807641.646,7.58,5.92,0.62,8500.84,48408.56,0.00,5069.00,9297.92,0.00,49167572992.00,24486.25,0.00,6060.73
1787807644.675,10.00,6.69,0.93,16070.55,94712.60,0.00,5077.00,10424.60,0.00,49167437824.00,85651.19,0.00,11550.83
1787807647.712,7.74,5.63,0.46,31020.43,64888.28,0.00,5075.00,16733.01,0.00,49165422592.00,0.00,0.00,27931.17
1787807650.757,9.45,6.75,1.69,66992.74,93659.40,0.00,5044.00,41392.74,0.00,49187110912.00,527023.54,0.01,62673.94
1787807653.796,6.41,5.47,0.31,8562.34,61287.31,0.00,5053.00,9151.04,0.00,49178558464.00,100976.98,0.00,5736.98
1787807656.841,7.18,5.83,0.23,8983.23,69648.31,0.00,5046.00,9116.91,0.00,49183961088.00,16104.75,0.00,5640.88
1787807659.876,7.81,5.45,0.78,30589.42,78348.37,0.00,5065.00,9553.59,0.00,49173426176.00,0.00,0.00,27149.88
1787807662.918,6.52,5.55,0.39,11013.83,93419.79,0.00,5073.00,9934.64,0.00,49164435456.00,52527.05,0.00,6952.44
1787807665.95,7.30,5.48,0.54,16186.55,74040.71,0.00,5073.00,9315.27,0.00,49165225984.00,68843.26,0.00,13100.28
1787807668.99,12.41,6.83,0.69,13139.52,60381.24,0.00,5074.00,16473.06,0.00,49161965568.00,28186.17,0.00,9952.70
1787807672.031,7.80,5.46,0.23,7652.88,46992.28,0.00,5071.00,9357.34,0.00,49163911168.00,20142.78,0.00,4804.48
1787807675.071,7.71,6.53,0.69,12257.90,101115.64,1.00,5074.00,17506.65,0.00,49164197888.00,153160.31,0.00,8508.93
1787807678.117,6.35,5.47,0.39,9321.38,86231.39,0.00,5077.00,9136.16,0.00,49161797632.00,16142.22,0.00,5960.70
1787807681.151,7.64,5.52,0.16,9993.20,61321.21,0.00,5078.00,9327.65,1.00,49159397376.00,118348.23,0.00,6351.01
1787807684.192,7.23,5.62,0.69,14215.59,68959.82,0.00,5077.00,9267.74,0.00,49163526144.00,16126.03,0.00,11156.46
1787807687.233,9.14,6.09,1.31,54574.79,85972.90,0.00,5067.00,33203.40,0.00,49165479936.00,290928.75,0.00,51235.50
1787807690.27,8.31,6.63,0.77,19935.72,78164.47,0.00,5066.00,16906.07,0.00,49166098432.00,72687.84,0.00,16363.29
1787807693.312,6.84,5.77,0.54,11003.93,77300.41,0.00,5072.00,7590.82,15.76,49164763136.00,80716.48,0.00,7650.98
1787807696.355,7.42,5.46,0.62,11716.41,74399.97,0.00,5072.00,16631.74,0.00,49169383424.00,32284.16,0.00,8604.89
1787807699.396,12.09,7.22,2.15,23546.42,65679.69,0.00,5069.00,9172.02,0.00,49163800576.00,52346.35,0.00,20772.75
1787807702.433,7.27,5.40,0.39,9854.97,76620.51,0.00,5078.00,9319.15,0.00,49165193216.00,440561.79,0.01,6393.11
1787807705.471,13.58,7.12,1.32,15253.06,93116.77,0.00,5067.00,10313.15,0.00,49171005440.00,121842.06,0.00,12106.55
1787807708.513,6.21,5.39,0.54,14446.17,62439.74,0.00,5068.00,9607.78,0.00,49168162816.00,28259.57,0.00,11321.92
1787807711.558,9.90,5.99,1.23,67270.27,97408.70,0.00,5052.00,34249.78,0.00,49180811264.00,32199.01,0.00,63209.97
1787807714.598,12.65,6.49,2.55,26999.49,94270.22,1.00,5209.00,89780.69,0.00,49016573952.00,16205.43,0.00,24614.64
1787807717.641,13.22,7.38,3.77,38203.27,99364.51,1.00,5065.00,30897.92,0.00,49172987904.00,24179.96,0.00,46634.16
1787807720.682,11.78,7.94,3.66,77979.18,131247.51,1.00,5069.00,25621.44,15.94,49165950976.00,89777.18,0.00,82312.79
1787807723.714,14.31,7.26,4.48,37800.38,95397.46,0.00,5075.00,24269.94,5.93,49161977856.00,76967.54,0.01,38544.89
1787807726.757,18.58,10.67,5.60,43380.03,99858.53,0.00,5071.00,23689.60,0.00,49170452480.00,12068.23,0.00,44755.33
1787807729.81,13.50,9.54,3.39,27193.79,91381.72,0.00,4261.00,98746.27,0.00,50019606528.00,1702516.78,0.01,25309.15
1787807732.848,12.41,9.03,3.98,54571.88,65485.47,0.00,4642.00,222447.96,0.00,49628467200.00,268902.74,0.01,53811.99
1787807735.885,13.33,8.69,4.15,56341.32,135180.18,0.00,4157.00,65315.92,0.00,50134659072.00,1721863.35,0.01,58969.87
1787807738.918,11.93,7.17,4.39,37548.93,114747.96,1.00,4160.00,30941.56,0.00,50134482944.00,68689.76,0.00,38618.60
1787807741.957,14.76,8.32,6.08,43393.69,76028.63,0.00,4154.00,25010.11,0.00,50126336000.00,351186.12,0.28,39022.57
1787807744.998,13.41,9.57,4.01,44489.30,196445.91,1.00,4871.00,101562.54,0.00,49376919552.00,784890.73,0.02,36818.88
1787807748.04,11.36,8.07,3.15,46530.69,119390.30,0.00,4628.00,206470.16,15.74,49653825536.00,399001.47,0.01,49413.89
1787807751.091,10.71,7.57,3.32,49094.91,119553.33,0.00,4017.00,22182.36,15.82,50293919744.00,72914.00,0.00,55095.17
1787807754.127,14.43,10.07,4.31,44516.82,114541.69,0.00,4019.00,21312.64,0.00,50291957760.00,16124.23,0.00,48102.82
1787807757.171,13.56,8.62,3.69,39561.45,130524.38,1.00,4016.00,22461.79,0.00,50290368512.00,60560.47,0.00,46792.34
1787807760.219,11.98,8.38,2.77,44755.97,129020.00,0.00,4020.00,32660.75,0.00,50291261440.00,245916.23,0.02,52091.27
1787807763.25,11.82,8.01,3.97,35375.87,144584.41,0.00,4126.00,23445.50,17.92,50152083456.00,555721.63,0.00,37126.97
1787807766.3,15.20,10.17,4.47,39674.00,140066.55,0.00,4115.00,29321.78,0.00,50169921536.00,104977.21,0.00,44722.00
1787807769.342,11.13,6.16,2.46,23075.06,95659.96,0.00,4262.00,53005.47,0.00,50012405760.00,36299.35,0.00,19647.03
1787807772.389,15.30,9.69,4.23,64284.97,109291.54,1.00,4125.00,46197.87,0.98,50189680640.00,754115.26,0.07,73311.82
1787807775.43,9.41,6.56,2.78,31556.25,77435.42,0.00,4216.00,144101.49,0.00,50089918464.00,408700.01,0.02,32392.37
1787807778.481,12.42,8.15,3.00,38047.74,112394.29,1.00,4225.00,22836.72,10.83,50080714752.00,76595.47,0.00,43732.92
1787807781.527,11.69,7.15,3.85,45153.13,125177.91,1.00,4156.00,30291.38,0.00,50069372928.00,52404.40,0.00,49326.09
1787807784.568,11.95,7.76,2.64,56458.95,102819.87,0.00,5446.00,53798.54,15.90,48699416576.00,1233397.15,0.01,52823.44
1787807787.617,10.46,7.68,3.61,55180.37,121174.42,1.00,5397.00,31575.88,0.00,48867524608.00,225511.39,0.00,60974.82
1787807790.661,16.85,10.37,4.88,38195.12,110464.87,0.00,4558.00,19737.58,0.00,49684185088.00,105510.17,0.00,45948.79
1787807793.704,13.16,8.29,3.76,43495.35,121899.29,0.00,4557.00,21002.78,0.00,49686093824.00,16111.50,0.00,53838.70
1787807796.743,15.83,11.80,3.32,72964.06,146818.12,1.00,4572.00,23737.57,0.00,49688502272.00,137563.52,0.00,81686.56
1787807799.787,10.11,6.84,3.31,43239.53,112541.74,1.00,4566.00,23048.55,0.00,49690365952.00,68565.66,0.00,49642.40
1787807802.825,13.04,7.77,4.62,51190.33,127047.93,0.00,4558.00,44536.42,0.00,49692401664.00,221908.83,0.00,57284.06
1787807805.86,12.62,7.10,5.24,44337.25,124600.23,0.00,4554.00,26799.05,31.57,49687490560.00,206066.68,0.00,42863.42
1787807808.896,11.41,7.20,2.79,52007.47,99193.37,0.00,4557.00,24374.11,15.84,49690382336.00,85160.37,0.00,60812.85
1787807811.93,14.26,7.48,4.09,33602.70,102560.56,1.00,4549.00,25321.91,0.00,49697828864.00,20208.59,0.00,34285.61
1787807814.968,12.40,7.31,3.61,42148.86,132576.58,0.00,4545.00,14660.81,0.00,49697234944.00,100837.41,0.00,47430.25
1787807818.006,10.54,7.15,3.23,43884.05,96096.44,1.00,4546.00,23516.70,0.00,49696575488.00,125044.23,0.00,50324.01
1787807821.05,16.23,9.22,5.46,53925.64,98446.75,1.00,4537.00,24177.30,0.00,49696780288.00,80646.77,0.01,56893.90
1787807824.085,12.26,6.46,4.31,30764.88,88167.51,0.00,4547.00,26978.63,0.00,49695019008.00,24213.08,0.00,30611.13
1787807827.122,12.76,8.15,3.85,53665.16,124852.86,0.00,4533.00,24279.96,0.00,49696333824.00,197731.15,0.00,56562.58
1787807830.165,12.87,6.60,3.22,35945.18,110111.02,3.00,4544.00,28005.50,0.00,49695555584.00,32194.93,0.00,41906.74
1787807833.205,13.73,6.47,4.85,24082.83,67827.38,0.00,4522.00,24368.82,0.00,49710821376.00,36355.01,0.00,22207.66
1787807836.246,13.58,7.32,3.31,44546.10,101204.29,0.00,4536.00,22490.94,0.00,49700110336.00,48460.22,0.00,51380.00
1787807839.283,14.13,6.71,5.32,37619.26,72972.34,1.00,4531.00,24988.08,15.79,49692622848.00,109107.78,0.00,34481.20
1787807842.323,11.84,6.00,4.77,30275.17,81089.50,0.00,4538.00,24172.34,0.00,49690828800.00,124885.32,0.00,29279.47
1787807845.355,11.30,7.01,3.58,36517.61,103072.93,0.00,4530.00,23864.60,13.95,49708789760.00,873163.37,0.00,41707.45
1787807848.385,11.33,6.15,4.67,30328.97,76952.67,0.00,5246.00,39322.15,0.00,49251942400.00,236678.11,0.00,26163.41
1787807851.435,10.75,6.61,2.61,20151.92,62117.56,0.00,4651.00,26594.72,0.00,49600647168.00,386426.30,0.00,17288.12
1787807854.478,13.65,7.70,3.31,42182.82,127991.55,1.00,4378.00,21902.71,0.00,49947291648.00,56563.35,0.00,49533.15
1787807857.515,14.69,9.57,4.04,47591.67,145929.21,0.00,4374.00,31448.34,0.00,49951145984.00,220220.01,0.00,52731.04
1787807860.546,13.04,7.07,2.72,36868.76,88234.20,0.00,4864.00,270664.90,0.00,49445941248.00,240546.78,0.01,34772.25
1787807863.59,8.47,5.83,1.76,34154.88,86737.48,0.00,4828.00,11417.68,0.98,49459105792.00,723757.96,0.01,30329.70
1787807866.627,10.22,6.54,2.62,28003.00,96450.62,0.00,4315.00,107683.37,0.00,50002726912.00,250402.05,0.01,27751.60
1787807869.665,12.12,7.63,3.31,39159.61,122801.13,1.00,4318.00,22862.49,0.00,50003623936.00,44415.86,0.00,45139.45
1787807872.707,11.49,7.15,3.61,35604.67,116820.84,0.00,4321.00,31566.89,0.00,50002984960.00,145147.27,0.00,35279.30
1787807875.743,15.07,6.33,4.86,28935.14,95878.34,0.00,4311.00,25062.69,0.00,50007875584.00,109278.25,0.00,24341.95
1787807878.79,15.44,8.55,4.24,34724.46,106227.77,0.00,4034.00,29471.60,0.00,50272034816.00,44437.21,0.00,41430.96
1787807881.829,12.63,7.40,3.93,57100.12,68011.21,0.00,4171.00,129003.72,512.67,50116059136.00,2390672.63,0.01,55069.60
1787807884.874,12.05,7.05,3.98,39269.91,90348.36,0.00,4154.00,23941.77,31.39,50142314496.00,128573.57,0.00,42984.97
1787807887.913,13.31,7.71,4.17,38482.22,111813.16,2.00,4166.00,24526.94,0.00,50126000128.00,271038.73,0.00,41633.37
1787807890.949,19.08,9.27,7.65,86068.29,134366.28,0.00,4367.00,60145.87,24.74,49942528000.00,174301.89,0.00,92342.71
1787807893.99,9.23,6.08,1.69,25274.04,84628.06,0.00,4751.00,9493.17,0.00,49547145216.00,16154.56,0.00,21856.75
1787807897.044,14.84,8.76,3.54,46671.02,108680.36,0.00,4273.00,21627.48,0.00,50047467520.00,302163.12,0.02,52927.75
1787807900.084,12.76,8.54,4.04,45585.00,110591.70,0.00,4295.00,28891.54,0.00,50027851776.00,77348.89,0.00,52199.04
1787807903.13,11.35,8.41,2.08,42606.37,111975.18,0.00,4293.00,21121.95,0.00,50025181184.00,339815.89,0.00,52498.78
1787807906.17,13.54,8.12,4.41,37368.63,121238.96,0.00,4305.00,21898.41,0.00,50016378880.00,68915.76,0.00,42564.24
1787807909.213,12.00,7.91,2.84,37286.11,112381.28,0.00,4302.00,24069.70,0.00,50022506496.00,12079.08,0.00,44748.74
1787807912.251,12.39,6.76,5.61,23681.49,92786.91,0.00,4367.00,24155.43,0.00,49921519616.00,16110.18,0.00,21306.83
1787807915.293,14.04,10.15,3.23,47262.26,91759.77,1.00,5243.00,261192.07,0.00,49021935616.00,745027.04,0.02,46035.88
1787807918.333,12.32,8.85,3.08,51617.78,131263.75,1.00,5066.00,23758.97,0.00,49204383744.00,250098.98,0.00,56635.27
1787807921.374,13.73,8.48,4.24,49084.76,114139.13,0.00,4183.00,103165.58,0.00,50139058176.00,16176.95,0.00,48557.95
1787807924.421,14.50,9.39,4.62,34636.67,116741.22,0.00,4201.00,23779.27,28.58,50125029376.00,185669.67,0.00,39267.38
1787807927.45,13.44,7.23,3.19,29076.92,97563.63,1.00,4193.00,23826.92,0.00,50120531968.00,110005.28,0.03,32984.37
1787807930.498,13.56,8.54,3.69,46159.55,128091.73,0.00,4197.00,19339.92,0.00,50131988480.00,52439.75,0.00,55051.83
1787807933.543,13.93,8.17,3.62,47694.40,111439.14,1.00,4201.00,21094.06,0.00,50123350016.00,258541.33,0.00,54032.74
1787807936.593,15.50,9.43,4.22,36530.50,137777.54,0.00,4196.00,22866.76,0.00,50126848000.00,204976.62,0.01,42699.52
1787807939.641,15.01,9.53,6.07,49342.70,125356.68,0.00,4197.00,23820.14,0.00,50127446016.00,80567.54,0.00,56573.23
1787807942.687,15.46,7.75,6.14,34104.99,76952.17,1.00,4228.00,31161.14,0.00,50054189056.00,44227.33,0.00,33750.17
1787807945.738,11.01,7.92,2.77,42174.63,132246.53,0.00,4221.00,25059.82,0.00,50066280448.00,56413.85,0.00,48084.45
1787807948.777,19.00,11.04,7.03,49596.79,107221.98,0.00,4220.00,25037.11,0.00,50065571840.00,222683.91,0.00,47881.92
1787807951.819,12.46,7.16,4.93,56735.87,100306.29,0.00,4191.00,48868.73,0.00,50100858880.00,56525.91,0.00,58255.02
1787807954.864,11.53,7.38,2.92,37578.02,104864.92,0.00,4204.00,21310.19,0.00,50090352640.00,76598.97,0.00,46058.12
1787807957.909,11.76,7.22,3.84,48441.93,92194.88,1.00,4208.00,24061.22,0.00,50083700736.00,64422.78,0.00,53795.81
1787807960.949,12.87,8.41,3.55,65246.49,121115.45,0.00,4196.00,22228.41,0.00,50088521728.00,32379.67,0.00,71550.29
1787807963.998,12.91,9.01,3.23,37092.61,115025.25,0.00,4191.00,29442.93,0.00,50098429952.00,48471.96,0.00,43139.76
1787807967.044,14.52,7.87,4.17,49480.10,125378.62,0.00,4209.00,23385.51,0.99,50081968128.00,88965.06,0.00,55361.47
1787807970.084,20.44,16.54,3.00,44786.24,114951.74,0.00,4493.00,326525.71,0.00,49776107520.00,2537418.14,0.02,42660.69
1787807973.128,9.24,6.07,2.07,25435.38,98059.69,0.00,4356.00,59061.92,0.00,49944702976.00,145085.28,0.00,22760.13
1787807976.169,16.99,9.11,4.86,50933.39,111015.38,0.00,4192.00,23340.35,0.00,50121543680.00,259018.42,0.00,55108.89
1787807979.204,11.19,7.42,2.16,34920.12,110145.16,0.00,4425.00,20183.12,0.00,49876754432.00,72926.31,0.00,31662.70
1787807982.243,10.32,6.75,3.07,62202.21,86718.25,0.00,4409.00,36354.12,0.00,49887801344.00,112661.62,0.01,59533.91
1787807985.286,10.84,7.84,3.69,37457.91,189570.00,1.00,4067.00,63579.58,31.48,50282131456.00,342517.34,0.01,27150.01
1787807988.335,13.79,5.75,5.22,27742.95,68438.84,0.00,3881.00,25591.66,0.00,50449551360.00,64348.34,0.00,24601.02
1787807991.373,17.60,9.07,6.46,30753.46,71537.10,1.00,3879.00,31565.87,0.00,50445410304.00,52371.76,0.00,27720.76
1787807994.415,13.70,6.87,4.94,35108.45,69935.40,0.00,3878.00,23458.31,0.00,50452045824.00,16182.78,0.00,32528.44
1787807997.455,13.59,6.93,4.92,28845.11,99189.97,0.00,3875.00,23545.82,0.00,50455429120.00,492306.67,0.01,25199.35
1787808000.5,10.52,6.30,4.77,42287.47,83654.12,0.00,3943.00,27194.08,0.00,50356834304.00,28207.39,0.00,39530.63
1787808003.543,17.90,14.90,2.38,31002.49,67285.27,0.00,3935.00,440316.79,0.00,50366107648.00,382476.46,0.01,30627.34
1787808006.576,10.45,6.58,2.01,31825.31,82390.39,0.00,4031.00,96716.13,64.39,50307534848.00,365166.90,0.01,29999.25
1787808009.616,14.24,9.12,4.25,39688.15,157322.53,0.00,3855.00,25097.59,0.00,50472230912.00,97221.63,0.00,45443.62
1787808012.65,13.74,7.90,5.19,71326.11,83880.26,0.00,3834.00,57610.51,31.71,50496651264.00,332853.22,0.02,73989.43
1787808015.69,10.69,7.32,3.24,38653.32,136410.31,0.00,3838.00,29780.03,12.81,50500190208.00,180170.55,0.00,44344.85
1787808018.727,17.94,14.16,3.54,69420.23,85828.43,0.00,4657.00,254136.45,0.99,49615740928.00,492484.59,0.06,72018.31
1787808021.764,11.20,8.85,2.08,41710.48,142956.28,0.00,4246.00,19152.85,0.00,50097029120.00,28247.03,0.00,51629.93
1787808024.81,13.98,7.07,3.00,16910.17,73953.72,0.00,4505.00,9964.04,138.61,49823805440.00,978442.24,0.01,14330.54
1787808027.85,12.14,8.26,2.70,42163.76,115390.99,0.00,4029.00,23152.32,0.00,50331996160.00,0.00,0.00,51917.01
1787808030.909,11.85,7.42,3.21,44714.62,107314.90,0.00,4135.00,24034.12,0.00,50163638272.00,40082.96,0.00,51793.24
1787808033.953,11.23,8.95,2.32,56966.79,129880.37,0.00,4135.00,30552.82,16.80,50162003968.00,323757.36,0.00,66963.44
1787808036.995,14.76,9.21,3.99,46547.89,118566.54,1.00,4134.00,22744.02,0.00,50166874112.00,40233.00,0.00,53700.31
1787808040.04,14.68,9.92,3.31,56123.13,120494.97,0.00,4133.00,24843.61,0.00,50161950720.00,104865.05,0.00,62778.80
1787808043.087,12.30,6.70,5.32,43635.52,105171.13,0.00,4132.00,41320.33,0.00,50164510720.00,262631.88,0.01,44597.66
1787808046.131,12.65,6.01,4.93,34889.87,68976.74,0.00,4131.00,25025.06,0.00,50163249152.00,206071.99,0.01,32213.94
1787808049.174,13.71,8.20,4.75,33957.17,98119.54,0.00,4813.00,62165.18,22.57,49479405568.00,281393.06,0.00,37704.02
1787808052.213,13.53,8.43,3.56,40065.57,90920.80,0.00,4076.00,209582.36,0.00,50257514496.00,56794.80,0.00,39614.22
1787808055.254,14.94,7.31,4.23,43805.69,105129.51,0.00,3914.00,25167.00,0.00,50419949568.00,32265.44,0.00,50046.88
1787808058.297,12.13,8.69,2.62,48145.03,120882.05,0.00,3910.00,24341.85,15.76,50421837824.00,250087.47,0.01,54717.22
1787808061.334,12.31,6.30,4.20,38565.11,80053.06,1.00,3941.00,32677.64,0.00,50349236224.00,65219.94,0.00,38177.99
1787808064.379,11.96,8.00,2.54,44946.62,114012.09,0.00,3936.00,23445.88,0.98,50349535232.00,237768.54,0.00,53731.85
1787808067.418,18.50,9.41,5.47,36529.53,78054.80,0.00,3942.00,23592.11,0.00,50355888128.00,0.00,0.00,39618.73
1787808070.455,11.80,8.25,3.78,39689.09,142575.98,0.00,3940.00,25179.45,0.00,50350391296.00,113179.72,0.00,43105.11
1787808073.497,15.75,10.06,5.84,37340.90,78500.07,0.00,3935.00,24274.44,0.00,50352279552.00,60415.68,0.00,34352.37
1787808076.528,16.13,10.98,6.31,29918.38,92579.01,1.00,3925.00,30531.40,0.00,50360713216.00,53076.58,0.00,32566.50
1787808079.561,11.44,8.09,2.93,44614.64,99337.71,0.00,4124.00,56969.94,0.00,50261061632.00,974072.04,0.01,49824.78
1787808082.6,10.98,8.69,2.31,49689.87,107659.08,0.00,4482.00,237555.56,15.75,49892311040.00,798313.77,0.01,51099.52
1787808085.634,10.56,7.11,2.78,20169.31,90322.45,0.00,4445.00,17943.34,0.00,49921863680.00,16216.21,0.00,17709.73
1787808088.673,12.13,7.39,3.62,35533.28,111149.78,0.00,3969.00,66210.46,15.75,50428268544.00,157253.65,0.00,39470.38
1787808091.717,12.79,6.98,4.19,37945.91,101965.42,0.00,3994.00,24578.16,0.00,50296918016.00,77227.49,0.00,37681.92
1787808094.756,11.51,6.00,5.54,24485.05,67539.56,0.00,4003.00,24155.97,0.00,50282156032.00,149320.27,0.00,20626.28
1787808097.799,12.22,6.07,5.22,26779.13,73620.74,0.00,4005.00,24154.81,0.00,50283462656.00,48329.28,0.00,23261.01
1787808100.841,13.33,7.41,5.40,46859.74,116046.05,0.00,4001.00,25003.11,0.00,50293882880.00,177933.32,0.00,41665.60
1787808103.884,16.28,7.32,6.39,35945.41,75778.70,0.00,3993.00,31753.83,0.00,50287493120.00,585617.81,0.03,32965.98
1787808106.924,11.25,5.79,5.25,35352.41,76849.85,1.00,3990.00,24352.83,0.00,50287161344.00,32378.22,0.00,31356.15
1787808109.964,11.04,8.02,3.62,41412.74,103552.08,0.00,4468.00,194102.56,0.00,49919995904.00,218190.04,0.00,45101.26
1787808113.008,13.18,8.21,4.14,37906.12,111843.38,0.00,3849.00,24167.68,0.00,50566205440.00,28146.38,0.00,42097.92
1787808116.054,19.69,14.43,4.24,52059.06,111665.72,0.00,3853.00,24227.80,0.00,50565582848.00,24269.28,0.00,58330.60
1787808119.089,10.37,7.40,3.32,35991.99,92097.69,2.00,3855.00,18584.41,31.59,50566082560.00,283070.68,0.00,40195.85
1787808122.117,14.23,7.23,4.89,33431.08,99983.95,0.00,3869.00,24262.07,0.99,50417725440.00,0.00,0.00,33360.65
1787808125.157,13.22,8.02,4.01,50759.58,77668.68,0.00,4235.00,295141.00,0.00,50059673600.00,2852250.09,0.06,47581.40
1787808128.202,12.55,8.01,3.47,35299.34,115739.32,0.00,3962.00,21000.76,0.00,50375823360.00,141339.33,0.00,41481.72
1787808131.229,13.72,7.85,4.04,58726.83,93456.68,1.00,4591.00,139354.21,0.00,49711837184.00,118187.95,0.00,56907.61
1787808134.268,12.78,6.24,5.09,33058.59,66141.85,0.00,4425.00,24953.03,0.00,49886089216.00,323275.53,0.00,29179.64
1787808137.308,12.78,7.08,5.54,42077.56,95905.66,0.00,4409.00,38526.09,173.48,49916776448.00,1270275.60,0.01,37991.80
1787808140.353,16.06,11.05,4.76,40845.11,88869.18,0.00,5066.00,264957.13,0.00,49195868160.00,2420930.23,0.06,36097.77
1787808143.39,11.74,7.56,3.70,35612.35,115414.80,0.00,4947.00,21248.24,0.00,49365016576.00,190222.37,0.00,39514.43
1787808146.428,14.40,9.01,3.77,39136.17,130097.62,2.00,4090.00,69981.72,0.99,50268729344.00,0.00,0.00,45777.19
1787808149.465,11.45,6.88,4.02,33879.52,105873.00,0.00,4084.00,26274.72,15.82,50271801344.00,457600.87,0.02,33264.52
1787808152.508,12.46,7.39,5.16,38329.73,107964.05,0.00,4114.00,30365.35,31.54,50167226368.00,217991.88,0.01,39334.99
1787808155.555,13.37,7.77,5.08,40916.62,114060.50,0.00,4107.00,23557.58,14.77,50175852544.00,133075.51,0.00,47932.42
1787808158.6,14.91,8.24,4.70,31321.48,91107.36,0.00,4117.00,21604.63,0.00,50173726720.00,64610.79,0.00,33201.64
1787808161.646,16.38,8.77,5.62,59679.24,134155.14,0.00,4110.00,24423.37,0.00,50170531840.00,133158.19,0.00,62066.17
1787808164.694,15.30,8.54,5.31,70838.59,164854.57,2.00,4110.00,26446.83,0.00,50178162688.00,1056486.87,0.01,72055.87
1787808167.741,13.57,7.07,5.30,38806.33,74251.48,0.00,4131.00,31591.46,14.75,50137833472.00,120801.57,0.01,37303.24
1787808170.784,12.64,6.85,4.31,39239.42,94424.74,0.00,4130.00,24190.67,0.00,50146045952.00,52438.71,0.00,41060.73
1787808173.821,20.65,16.26,3.62,53982.83,71488.40,0.00,4441.00,310771.01,15.78,49820250112.00,529038.05,0.02,54951.81
1787808176.867,11.86,7.31,3.93,42186.52,111695.76,1.00,4130.00,60268.28,0.00,50154745856.00,209924.31,0.01,46667.92
1787808179.905,11.97,7.64,2.08,70350.65,75804.92,1.00,4654.00,244197.23,0.00,49610817536.00,359942.57,0.01,70568.26
1787808182.947,12.33,7.84,4.07,20755.07,93649.17,0.00,4712.00,9135.50,0.00,49534554112.00,96710.73,0.00,17707.79
1787808185.98,8.93,5.96,2.79,22367.19,80325.57,0.00,4551.00,9327.42,31.70,49699426304.00,129825.18,0.00,20321.38
1787808189.023,13.06,7.24,4.24,27269.81,87594.48,1.00,4175.00,111666.80,0.00,50099494912.00,88792.67,0.00,29688.97
1787808192.069,13.82,8.04,4.48,45792.98,141892.39,0.00,4163.00,48514.52,0.99,50106314752.00,239250.11,0.00,51132.06
1787808195.112,13.26,7.01,4.70,30646.73,85055.30,1.00,4169.00,31604.22,0.00,50104897536.00,387746.83,0.01,28976.11
1787808198.154,19.47,15.92,3.25,44732.51,104417.43,0.00,4600.00,69014.71,0.00,49669201920.00,93256.33,0.00,50151.49
1787808201.197,11.89,6.85,3.54,35620.23,122208.77,1.00,3733.00,58419.51,14.79,50587877376.00,80773.11,0.00,41850.87
1787808204.233,13.32,8.24,2.93,40379.75,99490.90,1.00,3733.00,21742.03,0.00,50580185088.00,76744.01,0.00,48833.16
1787808207.272,12.77,8.65,3.17,37552.50,118633.58,0.00,3733.00,24305.83,0.00,50588692480.00,76962.20,0.00,45313.39
1787808210.313,12.46,8.69,2.62,35014.67,123421.39,0.00,3737.00,22329.04,0.00,50584563712.00,374917.58,0.01,40323.74
1787808213.354,11.85,6.41,3.86,35059.39,94632.77,0.00,3796.00,24873.81,0.00,50501566464.00,28342.48,0.00,36237.51
1787808216.4,13.75,8.23,3.92,36992.76,121776.00,0.00,3797.00,32353.76,0.00,50500108288.00,92847.04,0.01,42177.72
1787808219.445,12.41,7.76,3.46,34743.20,115199.36,1.00,3801.00,21728.14,0.98,50499534848.00,76524.91,0.00,39235.62
1787808222.488,13.41,9.54,3.62,49768.52,130193.93,1.00,3782.00,25702.30,0.00,50508144640.00,149368.65,0.00,56569.49
1787808225.533,14.62,9.46,4.61,58157.64,208534.10,0.00,3776.00,22736.66,0.00,50511355904.00,488010.60,0.00,56098.31
1787808228.577,12.11,7.63,3.47,35379.51,97964.15,0.00,3783.00,21542.00,0.00,50508386304.00,44475.85,0.00,40771.76
1787808231.622,11.54,7.22,4.00,42830.08,98515.08,0.00,3790.00,23575.73,0.00,50509611008.00,96723.36,0.01,42990.99
1787808234.662,16.75,8.56,5.01,31923.69,82615.20,0.00,3783.00,23463.74,0.00,50508222464.00,303573.96,0.01,35752.71
1787808237.706,12.26,7.54,4.16,40287.44,104539.87,0.00,3731.00,29103.38,10.84,50572476416.00,629467.58,0.00,45044.62
1787808240.746,11.82,7.78,3.23,41593.18,110445.53,1.00,3740.00,27098.57,0.00,50564874240.00,137206.17,0.00,46968.03
1787808243.791,11.29,7.61,4.30,39315.03,105416.93,1.00,3742.00,24071.49,0.00,50555830272.00,20148.94,0.00,41660.92
1787808246.825,15.68,11.12,4.04,51940.09,116372.78,1.00,3745.00,22357.96,0.00,50552578048.00,81616.87,0.00,61121.50
1787808249.87,12.91,7.09,3.93,39515.84,104806.01,1.00,3747.00,23216.23,0.00,50543276032.00,52531.25,0.00,41061.59
1787808252.921,15.20,7.63,4.55,40384.76,129126.84,1.00,3712.00,24726.77,0.00,50587164672.00,133370.64,0.00,42677.52
1787808255.961,14.27,9.58,4.02,33118.71,117107.60,1.00,3730.00,22868.27,0.99,50573729792.00,166208.17,0.00,37210.92
1787808258.988,11.97,7.14,3.65,37709.22,111876.65,2.00,3725.00,29415.58,15.91,50575273984.00,228101.01,0.01,44737.95
1787808262.034,15.07,10.65,4.40,40981.66,83737.61,0.00,5303.00,281520.07,46.46,48924848128.00,578970.20,0.01,39715.90
1787808265.068,12.67,6.67,2.09,30324.13,82415.40,1.00,5181.00,16633.55,0.00,49092456448.00,1024526.90,0.03,28415.05
1787808268.131,11.79,7.76,2.92,37311.10,110404.64,0.00,4849.00,19423.32,0.00,49438572544.00,318102.83,0.00,45661.81
1787808271.172,10.50,6.62,1.85,18009.22,75768.44,0.00,4388.00,9153.44,0.00,49873096704.00,153409.56,0.00,15963.12
1787808274.221,9.43,5.83,2.76,19664.86,87754.51,0.00,4238.00,61925.47,0.00,50039087104.00,72391.21,0.00,16922.65
1787808277.26,9.69,7.53,3.00,43554.99,120503.32,0.00,3868.00,23204.16,0.00,50418147328.00,68464.06,0.00,48170.50
1787808280.301,12.88,9.41,3.40,38509.39,133044.64,0.00,3874.00,24340.90,0.00,50418245632.00,52603.78,0.00,46363.00
1787808283.339,16.34,10.84,4.23,79669.36,129951.31,0.00,3885.00,47591.75,126.00,50414661632.00,600745.36,0.00,82821.35
1787808286.376,11.27,8.07,3.18,46627.58,135508.80,0.00,3872.00,30561.01,0.00,50414821376.00,235785.88,0.00,51582.06
1787808289.423,11.68,7.85,3.54,44440.95,116782.45,0.00,3867.00,22352.94,0.00,50425016320.00,48406.91,0.00,48732.30
1787808292.49,11.43,7.24,3.39,39314.47,119614.87,0.00,3871.00,20217.35,0.00,50422423552.00,32313.05,0.00,48813.46
1787808295.525,11.21,7.63,3.55,48452.50,129510.62,0.00,3858.00,22540.71,0.00,50427772928.00,194023.17,0.01,52934.79
1787808298.577,13.72,8.13,3.22,40780.71,111782.26,0.00,3892.00,21543.82,15.71,50395103232.00,209088.75,0.00,48521.67
1787808301.628,14.15,8.14,4.91,40842.79,98692.68,0.00,3893.00,22704.97,0.00,50394263552.00,64437.60,0.00,42975.57
1787808304.665,10.10,7.12,2.56,50227.27,98052.85,0.00,4658.00,93630.10,0.00,49622409216.00,24359.82,0.00,52775.61
1787808307.704,15.33,11.97,3.63,48911.81,124001.48,2.00,3882.00,67283.28,0.00,50447794176.00,182251.30,0.01,55857.38
1787808310.748,13.31,8.55,3.77,63395.95,104742.16,0.00,3868.00,61030.80,44.33,50446262272.00,601190.26,0.04,68201.88
1787808313.792,13.75,8.86,3.16,47912.47,132619.67,0.00,3875.00,23698.03,0.00,50447511552.00,157432.33,0.00,55155.00
1787808316.837,10.16,7.16,2.69,36485.43,85779.38,0.00,4403.00,98014.44,0.00,49876520960.00,314806.54,0.00,38700.81
1787808319.877,14.53,7.43,3.95,41360.52,83808.86,2.00,4095.00,42497.91,0.00,50236796928.00,16246.72,0.00,39033.51
1787808322.92,12.62,7.32,3.01,31929.85,102822.14,0.00,3638.00,22553.05,0.00,50734493696.00,80823.56,0.00,38643.60
1787808325.964,10.56,6.67,3.76,26494.61,90203.27,0.00,3637.00,23478.64,0.00,50735386624.00,671775.65,0.03,28328.53
1787808329.006,13.25,7.84,4.69,24862.72,92327.81,0.00,3640.00,31668.53,0.00,50733301760.00,72637.44,0.00,27079.70
1787808332.05,12.84,8.28,3.76,32962.78,122644.66,0.00,3679.00,22310.27,0.00,50630332416.00,0.00,0.00,40251.50
1787808335.093,11.28,7.60,3.00,37031.15,129845.08,0.00,3678.00,23940.21,0.00,50628415488.00,76548.87,0.00,43137.87
1787808338.136,11.65,7.59,2.71,55882.11,86681.53,0.00,5287.00,199991.97,0.00,48925261824.00,471240.96,0.04,51913.32
1787808341.173,14.19,9.87,3.86,48330.47,124341.60,0.00,5318.00,23159.77,0.00,48944758784.00,1090697.46,0.02,55502.64
1787808344.218,13.73,8.38,3.00,34123.20,127312.03,0.00,5267.00,81878.74,77.77,48991055872.00,447575.71,0.00,36535.55
1787808347.26,13.79,6.86,3.62,31692.09,108068.79,0.00,5264.00,23923.21,0.00,49004367872.00,96979.27,0.00,36429.12
1787808350.299,15.06,9.46,4.69,42210.98,117633.00,0.00,5255.00,29591.54,31.53,49004572672.00,197780.16,0.00,49689.23
1787808353.35,12.82,8.35,3.79,37990.14,114667.59,0.00,5263.00,23612.69,0.00,49005002752.00,157969.06,0.01,44697.15
1787808356.389,11.96,8.31,3.69,42699.60,91828.32,0.00,5244.00,26449.46,0.00,49023074304.00,552822.02,0.01,47868.36
1787808359.427,11.79,7.98,4.22,47025.17,114504.18,0.00,5257.00,27281.95,47.18,49009414144.00,241553.92,0.00,50050.41
1787808362.461,11.39,7.58,3.40,51663.17,115620.60,0.00,5294.00,24258.79,0.00,48931717120.00,44610.59,0.00,55486.94
1787808365.5,13.94,7.63,5.24,48162.86,109797.78,0.00,5294.00,23833.83,0.00,48936202240.00,48486.42,0.00,51086.34
1787808368.539,12.27,6.78,4.24,46093.58,100179.26,0.00,5299.00,24233.58,0.00,48920862720.00,88823.93,0.00,47775.76
1787808371.582,16.61,8.77,7.15,73247.52,92774.81,1.00,5278.00,59565.61,15.77,48941895680.00,278590.57,0.00,72824.33
1787808374.616,12.55,8.25,4.01,52508.19,113489.43,0.00,5263.00,26356.74,0.00,48949280768.00,165745.95,0.00,52199.78
1787808377.658,13.19,8.32,4.16,57199.86,108657.07,1.00,5268.00,28498.41,0.99,48944349184.00,464301.64,0.00,63202.82
1787808380.7,14.27,7.46,5.69,37465.87,97370.08,0.00,5199.00,28017.12,0.00,48929300480.00,403651.47,0.00,40803.53
1787808383.743,9.62,6.98,2.56,33083.36,202703.90,0.00,4732.00,16773.29,19.84,49442930688.00,231584.52,0.00,26975.93
1787808386.779,14.72,9.66,4.05,58795.66,304822.78,0.00,4463.00,21959.14,1.00,49798414336.00,424710.21,0.01,60401.53
1787808389.812,14.74,9.40,4.47,48352.39,345257.15,2.00,4467.00,24994.42,0.00,49789333504.00,36362.69,0.00,47429.08
1787808392.856,9.52,6.94,2.70,42042.28,348932.18,1.00,5298.00,3481.64,0.00,48933265408.00,32346.60,0.00,33006.76
1787808395.896,21.02,10.65,7.18,57037.43,457599.70,0.00,4747.00,197073.52,1.98,49490440192.00,764870.10,0.01,45730.43
1787808398.939,13.37,8.55,3.23,57603.07,113311.09,0.00,4753.00,30312.74,0.00,49492226048.00,52473.75,0.00,65767.08
1787808401.977,12.40,8.64,3.01,48628.46,136794.41,0.00,4760.00,20926.61,0.00,49480704000.00,218610.13,0.01,56591.07
1787808405.019,15.44,11.71,4.08,66280.65,247458.81,1.00,4747.00,21691.29,0.00,49489821696.00,928818.42,0.01,66108.32
1787808408.061,13.09,6.67,5.14,30991.91,99777.81,1.00,4752.00,23545.48,0.00,49490337792.00,60349.36,0.00,30642.67
1787808411.098,19.94,13.69,4.77,36732.27,93301.37,0.00,4123.00,342678.72,0.00,50170961920.00,245875.06,0.00,34044.51
1787808414.141,12.31,8.38,3.77,57418.15,98091.03,0.00,5386.00,176467.60,0.00,48834596864.00,334578.87,0.01,60169.35
1787808417.191,13.97,7.54,3.62,29748.34,77476.57,0.00,5370.00,9131.88,0.00,48843837440.00,205894.53,0.01,26624.54
1787808420.23,13.66,9.25,3.16,56742.39,127397.58,0.00,4864.00,34917.18,0.00,49377845248.00,52533.62,0.00,63065.69
1787808423.268,14.11,9.30,3.10,42978.47,104553.92,0.00,4867.00,22958.44,0.00,49371021312.00,0.00,0.00,48801.98
1787808426.313,12.90,7.46,5.00,37741.57,88592.36,0.00,4872.00,23433.45,0.00,49362264064.00,407547.13,0.00,35573.91
1787808429.349,15.67,13.11,3.41,43264.75,115914.05,0.00,4814.00,21700.92,0.00,49438437376.00,16275.19,0.00,50368.47
1787808432.385,12.11,7.03,3.32,58748.02,77255.71,0.00,5536.00,34591.94,0.00,48663924736.00,101330.64,0.01,55693.33
1787808435.417,12.47,7.18,2.78,20168.18,94506.97,0.00,5518.00,21417.74,0.00,48678993920.00,129677.86,0.00,17145.04
1787808438.458,12.62,6.85,4.00,52285.48,103805.90,0.00,4999.00,22841.73,0.00,49215692800.00,44364.04,0.00,54057.58
1787808441.507,13.37,6.60,4.76,73751.11,82463.86,0.00,5003.00,32315.15,0.00,49209511936.00,209428.53,0.00,71860.89
1787808444.539,11.96,6.27,5.03,40039.42,79504.94,1.00,5017.00,24484.94,0.00,49198481408.00,44658.28,0.00,36495.36
1787808447.578,13.17,8.41,3.70,45600.30,125150.31,0.00,4685.00,29287.51,0.00,49542713344.00,48570.75,0.00,50841.30
1787808450.609,12.67,7.44,2.56,43430.96,95750.45,0.00,5507.00,19442.27,0.00,48681123840.00,0.00,0.00,39900.69
1787808453.643,12.20,5.70,2.08,18061.67,87458.86,1.00,5511.00,9182.40,0.00,48677195776.00,20221.02,0.00,15076.72
1787808456.681,12.39,8.16,3.00,37312.74,102889.18,0.00,4974.00,65538.00,0.00,49240068096.00,258347.91,0.00,42186.94
1787808459.721,14.19,9.66,4.06,39121.59,106957.77,0.00,4976.00,21805.40,0.00,49240244224.00,48293.56,0.00,45019.68
1787808462.768,16.68,10.14,4.41,79191.00,83950.21,0.00,4668.00,363350.73,0.00,49562005504.00,223132.95,0.00,80159.79
1787808465.808,12.31,8.32,2.49,23409.48,143653.09,0.00,5518.00,12495.34,0.00,48676397056.00,236401.38,0.00,16625.11
1787808468.85,9.32,6.34,2.78,52410.09,72904.41,4.00,5508.00,21191.77,0.00,48683327488.00,60782.53,0.00,50010.58
1787808471.882,11.52,5.93,2.54,23096.99,81297.57,0.00,5507.00,19395.59,0.00,48680697856.00,214331.84,0.01,20129.09
1787808474.915,12.69,6.32,4.94,33672.32,70206.25,0.00,4972.00,23826.65,0.00,49252159488.00,319741.29,0.00,32242.56
1787808477.961,13.70,7.94,3.47,52154.02,136061.99,0.00,4641.00,22461.99,0.00,49600720896.00,343646.61,0.01,58784.28
1787808481.001,11.99,7.62,3.08,49105.94,70720.15,0.00,5530.00,11903.72,0.00,48661557248.00,32271.13,0.00,45295.19
1787808484.04,9.00,5.93,2.31,25819.55,83554.42,0.00,5525.00,19472.55,0.00,48664715264.00,48427.18,0.00,22927.59
1787808487.075,11.38,6.87,3.40,31328.12,103008.04,0.00,5395.00,57732.61,0.00,48812425216.00,388296.86,0.00,27449.35
1787808490.106,19.64,8.74,6.42,33192.82,104481.54,0.00,4803.00,33891.84,0.00,49426657280.00,16222.14,0.00,29224.95
1787808493.141,14.84,9.18,3.32,51824.92,109196.48,0.00,4447.00,21746.80,0.00,49803321344.00,145712.56,0.01,59221.36
1787808496.164,10.95,7.62,2.88,39801.00,98817.85,1.00,4785.00,160856.10,0.00,49441292288.00,106053.67,0.00,40410.93
1787808499.212,12.19,5.55,5.55,29886.59,63784.25,0.00,4807.00,24622.07,0.00,49417838592.00,48511.80,0.00,27347.01
1787808502.254,19.87,17.03,3.00,44968.43,120253.42,0.00,4075.00,53117.34,0.99,50194993152.00,642272.00,0.01,51719.19
1787808505.298,11.68,10.25,0.23,12700.36,64722.88,0.00,3875.00,21293.29,0.00,50388606976.00,41775041.90,0.29,10699.84
1787808508.333,19.56,14.08,3.40,46174.93,103989.61,1.00,3473.00,94902.50,0.00,51231191040.00,36487.03,0.00,48181.09
1787808511.37,13.84,9.41,3.39,57158.35,144250.35,0.00,3658.00,31024.93,0.00,50662084608.00,48541.69,0.00,65051.21
1787808514.412,13.17,8.55,2.70,37268.74,105654.42,0.00,3664.00,24475.02,0.99,50656350208.00,68669.70,0.00,44969.90
1787808517.458,12.61,8.64,3.32,73418.61,164088.66,0.00,3657.00,24401.45,0.00,50657488896.00,182003.66,0.00,78823.93
1787808520.495,14.22,8.48,4.01,49437.07,103061.02,0.00,3644.00,24324.72,0.00,50663346176.00,72769.85,0.00,55672.21
1787808523.544,12.89,8.40,4.62,56303.52,108136.91,0.00,3661.00,46531.15,0.00,50648317952.00,254412.87,0.01,63343.31
1787808526.585,12.72,9.52,2.99,39850.97,133541.83,1.00,3660.00,19896.99,15.72,50648137728.00,354216.86,0.01,46640.79
1787808529.622,14.47,7.85,4.62,44061.61,120117.13,0.00,3657.00,24118.63,0.00,50648842240.00,56513.65,0.00,49033.98
1787808532.662,12.70,7.41,3.63,31413.50,105442.69,0.00,3656.00,30835.61,0.00,50653040640.00,137571.39,0.00,35843.46
1787808535.705,12.52,8.53,4.46,45759.27,102109.72,0.00,3658.00,24229.49,0.00,50651848704.00,479731.74,0.00,49957.12
1787808538.753,11.28,6.99,3.07,42153.62,91681.75,0.00,3657.00,30126.73,0.00,50647994368.00,76562.80,0.00,45408.00
1787808541.789,12.04,8.96,3.24,46292.15,108429.87,0.00,3680.00,22899.45,0.00,50630057984.00,24293.22,0.00,54053.36
1787808544.849,11.62,6.76,2.76,38637.49,122418.58,1.00,3681.00,20512.22,0.00,50628988928.00,16106.98,0.00,46214.08
1787808547.889,16.57,9.01,5.08,42726.74,104378.15,0.00,3672.00,25214.49,0.00,50636529664.00,238359.95,0.01,42904.95
1787808550.933,16.65,7.69,6.61,78515.45,116513.12,0.00,3653.00,60535.99,0.00,50654425088.00,16128.75,0.00,77752.33
1787808553.976,13.84,7.33,5.01,46982.44,82681.79,0.00,3658.00,31825.45,0.00,50646142976.00,4043.71,0.00,43401.86
1787808557.011,13.89,6.55,5.78,36319.79,83015.40,0.00,3641.00,24389.43,15.78,50669105152.00,80804.90,0.00,33009.11
1787808560.06,13.54,7.61,5.46,25173.69,97862.90,0.00,3666.00,31616.67,0.00,50641174528.00,20151.54,0.00,21781.04
1787808563.099,12.00,6.01,4.85,24785.10,74219.31,0.00,3669.00,24243.12,0.00,50635100160.00,72652.50,0.01,20789.58
1787808566.134,12.97,6.17,5.48,25443.63,79183.73,0.00,3675.00,25137.51,0.00,50633523200.00,24268.52,0.00,21867.56
1787808569.174,12.97,5.76,5.14,23242.34,85140.66,0.00,3669.00,25082.54,0.00,50644348928.00,0.00,0.00,20894.97
1787808572.222,14.55,6.54,4.92,26185.55,95506.48,1.00,3669.00,24225.74,0.00,50641035264.00,80676.97,0.00,23109.39
1787808575.266,11.28,6.23,5.84,30697.43,92847.83,0.00,3670.00,24232.89,0.00,50631196672.00,386844.82,0.00,26891.11
1787808578.301,13.89,6.93,5.62,32670.08,99467.45,0.00,3701.00,24982.71,0.00,50602815488.00,125190.59,0.00,29416.67
1787808581.35,12.80,6.45,5.76,43282.78,76981.11,0.00,3701.00,31710.70,0.00,50608422912.00,0.00,0.00,39794.52
1787808584.388,13.99,6.03,5.56,23653.81,91305.08,0.00,3700.00,24473.93,0.00,50599706624.00,56729.57,0.00,20754.00
1787808587.436,13.50,6.68,5.61,25204.55,51963.30,2.00,3699.00,22003.69,0.98,50599194624.00,278008.48,0.00,22790.75
1787808590.476,13.21,6.71,5.63,41672.28,95215.82,0.00,3696.00,24435.32,0.00,50599251968.00,56592.03,0.00,38100.85
1787808593.523,13.42,5.99,5.30,29429.86,81939.45,1.00,3700.00,24187.05,0.00,50599366656.00,20122.31,0.00,26046.02
1787808596.566,13.42,5.60,5.14,25415.09,66523.51,0.00,3696.00,24189.92,0.00,50609008640.00,16097.14,0.00,23051.38
1787808599.612,11.95,6.16,5.39,36443.51,62679.84,0.00,3701.00,25625.77,0.00,50598281216.00,48403.58,0.00,34116.33
1787808602.654,18.72,10.23,6.46,48582.64,63124.83,0.00,3701.00,31725.91,0.00,50595938304.00,40341.90,0.00,45348.71
1787808605.701,15.22,7.92,5.84,36886.80,98801.18,0.00,3699.00,24562.98,0.00,50597687296.00,28222.72,0.01,32941.17
1787808608.74,13.97,6.61,5.44,31754.90,95606.40,0.00,3701.00,24532.45,0.00,50600071168.00,106091.42,0.00,28018.99
1787808611.786,14.72,6.40,5.24,26973.16,80506.89,1.00,3664.00,40673.94,0.00,50643591168.00,28301.78,0.00,23888.59
1787808614.842,11.06,6.37,4.92,27312.12,82785.56,0.00,3685.00,24327.13,0.00,50617135104.00,44284.40,0.00,23741.30
1787808617.876,11.97,6.10,4.86,34636.09,82161.22,0.00,3681.00,24289.06,0.00,50616225792.00,145793.70,0.01,30124.85
1787808620.918,17.73,8.01,6.70,26167.31,79209.82,1.00,3695.00,24437.02,0.00,50608271360.00,12114.99,0.00,22710.75
1787808623.959,13.08,7.03,4.87,38747.91,95140.23,0.00,3699.00,31008.02,0.00,50617520128.00,81008.28,0.00,35055.27
1787808627.003,12.60,6.88,5.88,47748.47,104030.10,0.00,3637.00,34668.77,318.10,50667692032.00,1968603.58,0.01,43652.23
1787808630.038,14.13,7.32,6.40,47620.23,76094.08,0.00,3653.00,33051.73,243.75,50651541504.00,2824877.35,0.04,43589.83
1787808633.083,16.61,10.87,5.93,33065.15,111615.85,0.00,3644.00,298254.29,43.41,50657640448.00,222262.85,0.00,29761.21
1787808636.117,13.66,6.70,5.85,27902.45,85010.61,0.00,3648.00,24486.91,0.00,50656284672.00,16164.12,0.00,24255.02
1787808639.151,15.68,7.96,4.95,29498.55,107974.62,1.00,3652.00,24411.57,15.83,50660581376.00,693191.15,0.01,25603.97
1787808642.197,14.19,8.40,5.55,25423.21,83533.40,0.00,3642.00,23649.22,0.00,50663661568.00,343701.50,0.00,22328.88
1787808645.238,15.30,8.15,6.23,39630.81,195773.04,0.00,3643.00,32272.35,0.00,50652602368.00,221649.17,0.00,28551.58
1787808648.274,13.98,6.54,5.23,23498.64,90603.70,0.00,3653.00,23704.60,0.00,50647011328.00,278507.11,0.00,19954.57
1787808651.316,17.34,6.94,5.47,60336.01,102048.78,0.00,3648.00,31120.98,0.00,50645098496.00,44471.52,0.00,55660.67
1787808654.354,15.12,6.33,5.25,24380.80,71428.90,3.00,3664.00,23895.32,0.00,50615205888.00,781641.21,0.01,21042.36
1787808657.403,14.88,7.23,5.62,27371.02,72187.29,0.00,3666.00,23530.44,0.00,50611630080.00,254377.16,0.00,24266.58
1787808660.439,12.85,6.48,5.33,51548.96,72244.66,1.00,3653.00,26654.63,0.00,50620878848.00,12145.21,0.00,48817.59
1787808663.481,16.08,8.78,5.31,23508.08,73234.71,0.00,3668.00,23618.47,0.00,50610225152.00,20185.55,0.00,20106.28
1787808666.514,11.59,6.26,5.33,34073.38,87664.91,0.00,3664.00,31382.62,0.00,50611359744.00,64855.31,0.00,30310.84
1787808669.551,13.13,7.34,5.71,42069.36,101578.51,0.00,3648.00,24472.43,0.00,50628837376.00,165992.21,0.01,38517.44
1787808672.59,16.41,7.15,6.30,71361.33,76529.53,0.00,3649.00,56352.49,0.98,50622918656.00,104756.93,0.00,67308.70
1787808675.629,12.26,6.25,5.01,34007.20,94137.11,0.00,3655.00,23604.10,0.00,50619293696.00,16169.65,0.00,30905.69
1787808678.663,12.87,6.85,4.85,24636.37,85779.17,0.00,3655.00,24304.10,15.78,50620121088.00,387698.20,0.01,19979.66
1787808681.712,14.36,8.16,6.01,42607.97,85700.74,0.00,3666.00,23602.34,0.00,50607263744.00,181621.63,0.01,38676.70
1787808684.758,13.90,7.23,5.31,30946.65,67243.26,0.00,3665.00,24499.72,102.41,50603012096.00,600975.77,0.00,27818.36
1787808687.81,10.47,6.52,4.99,25642.19,95184.47,0.00,3664.00,24262.98,0.98,50608025600.00,48284.30,0.00,21546.67
1787808690.853,14.93,8.01,6.01,40558.73,84327.28,0.00,3662.00,23469.96,0.00,50613571584.00,16146.62,0.00,37625.55
1787808693.893,13.40,6.57,5.48,43664.89,78248.93,0.00,3665.00,31054.79,0.00,50610601984.00,89158.23,0.01,40717.84
1787808696.936,14.10,5.54,5.00,32965.95,56772.88,0.00,3659.00,22745.39,0.00,50608218112.00,44368.18,0.00,30994.27
1787808699.977,18.14,9.47,6.39,31035.70,97305.79,0.00,3665.00,24661.71,0.00,50605187072.00,145402.54,0.00,27985.78
1787808703.013,11.17,6.00,5.15,36039.60,89664.86,0.00,3664.00,23553.53,0.00,50606096384.00,165328.54,0.00,32176.80
1787808706.057,13.58,6.90,6.36,32151.04,77047.24,0.00,3662.00,23464.78,0.00,50608971776.00,20107.90,0.00,29034.71
1787808709.098,16.19,6.09,5.40,31446.23,82165.95,0.00,3668.00,23496.85,0.00,50600091648.00,60626.84,0.01,28252.15
1787808712.137,11.02,5.86,5.01,42285.37,77823.09,0.00,3657.00,22817.26,0.00,50608504832.00,8086.13,0.00,39769.95
1787808715.18,12.64,6.44,5.22,23080.10,80850.04,0.00,3674.00,26908.13,0.00,50611765248.00,96490.01,0.00,20295.31
1787808718.208,14.31,6.37,4.97,39862.87,83623.56,0.00,3668.00,23009.79,15.92,50597138432.00,399442.66,0.00,36566.43
1787808721.247,11.77,5.99,5.07,46695.48,90148.23,0.00,3667.00,23424.50,0.00,50597994496.00,24186.23,0.00,42236.33
1787808724.29,15.40,6.40,5.32,35052.62,79043.16,0.00,3665.00,23573.13,0.00,50599227392.00,28310.67,0.00,31668.13
1787808727.334,12.42,5.84,5.53,29521.12,47262.71,1.00,3667.00,23403.60,0.98,50597789696.00,0.00,0.00,27100.19
1787808730.378,13.60,7.70,5.08,36026.16,124548.67,1.00,3659.00,24655.50,0.00,50612678656.00,153497.02,0.00,32612.83
1787808733.418,12.59,5.72,5.18,26392.96,88835.36,0.00,3637.00,24162.95,0.00,50634592256.00,320282.78,0.00,23202.65
1787808736.458,12.44,6.16,5.00,30935.81,62949.44,0.00,3636.00,30136.79,0.00,50634559488.00,213878.73,0.00,28753.69
1787808739.506,15.78,7.16,6.08,34546.84,91875.82,1.00,3629.00,22820.59,0.00,50648317952.00,24227.34,0.00,30927.92
1787808742.534,12.40,5.67,5.36,44375.64,95029.92,0.00,3630.00,31281.76,0.00,50644742144.00,32620.71,0.00,40820.31
1787808745.572,13.67,6.40,4.62,35736.35,63394.09,1.00,3632.00,23637.69,0.00,50644443136.00,109154.41,0.00,32766.41
1787808748.619,16.12,7.68,6.22,29139.00,66847.36,0.00,3632.00,23973.98,0.00,50646482944.00,358370.04,0.00,26107.77
1787808751.657,13.48,6.41,4.64,29938.94,80643.76,0.00,3636.00,22909.89,0.00,50642948096.00,0.00,0.00,26110.89
1787808754.697,13.89,7.84,5.54,27168.24,86685.10,0.00,3626.00,23516.88,0.00,50653446144.00,36271.55,0.00,23780.92
1787808757.739,11.87,5.99,5.46,27462.41,74323.58,0.00,3630.00,30862.75,0.00,50652520448.00,16115.48,0.00,25057.24
1787808760.783,14.27,7.29,4.68,44418.25,90336.22,0.00,3634.00,21295.73,0.00,50645762048.00,144822.38,0.00,41080.55
1787808763.827,12.80,6.44,6.44,48544.86,84465.69,0.00,3631.00,54012.42,0.00,50646700032.00,12072.84,0.00,44591.62
1787808766.864,12.97,6.72,6.10,35930.83,68861.08,0.00,3647.00,23959.16,0.00,50616266752.00,52644.11,0.00,32495.83
1787808769.905,13.67,6.92,4.46,47990.72,64838.51,0.00,3653.00,22788.92,0.00,50612813824.00,60484.31,0.00,44649.81
1787808772.945,17.56,8.55,6.16,36525.14,77162.33,4.00,3654.00,22799.24,0.00,50607837184.00,20200.23,0.00,32451.37
1787808775.994,15.31,6.78,6.09,29874.08,67939.49,0.00,3645.00,23485.95,23.67,50628083712.00,254546.71,0.01,26091.82
1787808779.034,12.33,5.60,5.14,27042.68,84789.66,0.00,3650.00,23375.18,0.00,50625777664.00,128737.83,0.00,23799.20
1787808782.072,12.93,6.37,4.99,35992.17,80958.31,0.00,3645.00,22698.79,0.00,50628472832.00,36230.01,0.00,33286.54
1787808785.113,13.10,6.62,5.62,41994.12,73172.49,0.00,3641.00,30599.12,0.99,50627465216.00,1000702.79,0.01,38620.22
1787808788.155,15.53,6.23,4.84,29377.99,89175.42,0.00,3645.00,23504.36,0.00,50627371008.00,52414.79,0.00,25911.72
1787808791.192,21.53,9.12,9.74,64642.53,113406.70,0.00,3650.00,60961.39,0.00,50621833216.00,129702.65,0.00,59920.51
1787808794.229,12.77,6.50,5.10,28692.24,70549.14,0.00,3648.00,22870.64,0.00,50627153920.00,20273.14,0.00,25827.01
1787808797.263,14.03,6.82,5.42,25664.41,94453.17,0.00,3649.00,23273.96,0.00,50624073728.00,40610.95,0.00,21656.63
1787808800.303,13.94,7.48,6.01,38965.94,71013.34,0.00,3651.00,22631.85,0.00,50626797568.00,48510.78,0.00,35048.27
1787808803.345,14.58,6.39,5.08,31079.58,76433.48,1.00,3664.00,22781.50,0.00,50609565696.00,185842.29,0.00,28265.31
1787808806.386,13.96,5.61,4.99,32184.47,83582.84,4.00,3662.00,30705.04,2.95,50610388992.00,24174.50,0.00,29116.60
1787808809.423,12.15,5.83,5.06,31434.58,55239.50,0.00,3659.00,22715.24,0.00,50618380288.00,16083.95,0.00,29812.95
1787808812.461,17.76,8.99,6.30,25361.34,83023.39,0.00,3665.00,21986.13,0.00,50610294784.00,52397.50,0.00,22808.10
1787808815.496,13.29,6.25,5.25,32117.15,97447.62,0.00,3664.00,23020.60,0.00,50609266688.00,36437.59,0.00,28646.19
1787808818.541,14.78,6.08,5.31,29348.61,78746.26,0.00,3666.00,22720.40,0.00,50608848896.00,241899.43,0.00,26198.28
1787808821.579,13.30,6.87,6.25,38383.49,111909.88,0.00,3661.00,23796.89,0.00,50608783360.00,141551.09,0.00,35080.24
1787808824.616,16.30,9.36,7.14,26972.87,100250.23,0.00,3645.00,28424.09,0.00,50657419264.00,84514.74,0.00,22893.24
1787808827.663,14.81,6.92,6.38,46408.32,102114.84,0.00,3652.00,30757.41,0.00,50624012288.00,104840.80,0.01,42745.52
1787808830.703,13.16,6.32,5.86,46083.83,95831.72,0.00,3646.00,25436.28,0.00,50630922240.00,76777.45,0.00,42638.63
1787808833.751,11.56,6.31,5.08,22196.65,64488.87,0.00,3651.00,23221.08,0.00,50628792320.00,254184.80,0.00,20098.10
1787808836.792,12.39,6.32,4.94,41342.66,89242.53,1.00,3666.00,22115.38,0.00,50603917312.00,44487.47,0.00,38964.02
1787808839.836,19.88,15.53,2.69,32505.02,64322.64,0.00,3514.00,54382.21,0.00,50764603392.00,229601.33,0.01,30592.18
1787808842.865,12.21,7.92,3.19,32912.42,99025.71,0.00,4483.00,59621.51,31.83,49807925248.00,150734.15,0.00,38635.84
1787808845.913,15.80,10.25,4.85,41693.42,108374.31,0.00,4489.00,24659.12,0.00,49790185472.00,226166.98,0.00,47281.04
1787808848.951,10.65,8.34,2.47,52112.78,106586.54,0.00,3633.00,67490.35,15.81,50676482048.00,400749.82,0.00,58250.43
1787808851.994,20.78,12.87,5.63,38973.29,110534.50,0.00,3611.00,51191.54,0.00,50709999616.00,105070.62,0.00,35853.04
1787808855.041,12.80,8.35,2.68,53816.00,109162.15,0.00,4143.00,70444.38,15.70,50143789056.00,80403.55,0.00,60460.30
1787808858.077,16.09,7.33,3.55,50095.91,122700.65,0.00,4890.00,96687.73,0.00,49381978112.00,0.00,0.00,51207.56
1787808861.117,11.65,7.76,3.88,50811.97,107224.05,0.00,4892.00,24540.16,0.00,49368530944.00,48804.28,0.00,51568.58
1787808864.159,26.39,17.92,3.65,55996.35,69976.84,0.00,4305.00,121170.13,0.00,49958535168.00,922695.91,0.02,56874.16
1787808867.204,13.90,9.16,3.00,64982.63,86179.99,0.00,4655.00,264163.30,321.28,49701953536.00,1772090.90,0.01,61597.25
1787808870.256,17.19,10.74,4.94,50588.95,122148.90,0.00,4344.00,28221.28,0.00,50022608896.00,311749.73,0.00,59026.64
1787808873.3,19.68,11.19,5.01,42245.33,106197.44,0.00,4433.00,22819.73,15.80,49822015488.00,80898.04,0.00,47664.64
1787808876.325,11.85,7.78,3.03,39531.28,112923.06,0.00,4420.00,32158.75,31.86,49823907840.00,187615.28,0.00,44450.79
1787808879.376,11.60,7.53,3.92,49170.27,104651.46,0.00,4419.00,22981.12,15.73,49822277632.00,314010.40,0.00,54594.14
1787808882.425,18.71,9.39,3.57,50727.29,153461.83,0.00,4420.00,24492.12,30.81,49825136640.00,227943.87,0.00,59041.54
1787808885.469,15.73,9.46,3.49,61834.12,223062.99,0.00,4423.00,22303.42,0.00,49821958144.00,134219.70,0.00,63203.82
1787808888.51,10.87,7.40,2.93,55082.61,100793.44,1.00,4321.00,19822.56,439.89,50090807296.00,2398669.76,0.02,62615.01
1787808891.544,15.65,9.71,4.01,41114.66,2303475.01,0.00,4307.00,159401.27,89555.14,50176487424.00,368280628.26,0.29,51026.18
1787808894.573,16.54,10.87,5.98,47046.22,1143734.45,0.00,4170.00,111913.40,15026.79,50159374336.00,68346393.77,0.06,51907.63
1787808897.615,12.67,7.23,4.23,51993.91,103650.83,0.00,4324.00,34174.86,52.22,49833394176.00,161439.57,0.00,53624.85
1787808900.65,18.14,10.20,6.85,38296.62,83683.29,0.00,4350.00,26266.26,31.89,49826910208.00,4347552.66,0.01,37150.67
1787808903.694,19.78,11.59,5.07,42677.52,129357.67,0.00,4356.00,21686.98,0.98,49822900224.00,4413731.97,0.02,46546.78
1787808906.724,15.12,8.55,4.74,32469.85,93809.86,0.00,4366.00,21555.47,0.00,49824235520.00,3195563.80,0.00,36364.85
1787808909.769,14.69,8.82,3.99,50960.84,118774.64,0.00,4372.00,23484.10,0.00,49825955840.00,3570228.16,0.00,57516.03
1787808912.811,14.04,9.77,3.69,57583.68,141442.73,0.00,4356.00,45192.90,15.76,49838956544.00,201671.37,0.00,63915.22
1787808915.854,12.71,8.10,3.32,43531.70,118129.58,0.00,4374.00,22968.90,15.78,49833201664.00,2149675.19,0.00,51095.41
1787808918.897,17.15,9.44,3.84,41696.30,95380.17,0.00,4394.00,31220.92,2.95,49821372416.00,2075374.43,0.00,46716.39
1787808921.942,14.89,8.45,3.69,54186.97,117446.08,1.00,4407.00,23443.79,31.46,49806925824.00,2267342.20,0.01,61003.93
1787808924.968,15.92,6.93,3.43,40517.65,94870.51,0.00,4387.00,19785.79,0.00,49838231552.00,8166.74,0.00,48232.04
1787808928.011,12.15,7.08,4.16,32194.88,107521.89,0.00,4431.00,23512.28,0.00,49811030016.00,22349038.77,0.07,36329.18
1787808931.052,18.61,10.72,4.47,38709.47,109528.64,0.00,4434.00,21547.09,31.62,49810604032.00,789127.84,0.01,46711.06
1787808934.105,12.87,8.14,2.76,42119.72,135389.01,0.00,4441.00,22838.51,0.00,49807335424.00,201253.27,0.00,50316.66
1787808937.144,12.17,7.82,2.94,42414.88,119012.62,1.00,4440.00,20700.56,0.00,49804996608.00,0.00,0.00,51456.17
1787808940.181,14.58,9.32,4.74,54052.29,102329.34,1.00,4430.00,30453.20,0.00,49804349440.00,183280.00,0.01,58505.28
1787808943.223,16.32,10.57,4.09,47028.51,147299.46,0.00,4430.00,23047.35,0.00,49812000768.00,242595.32,0.00,55137.45
1787808946.269,16.12,6.94,4.16,41160.09,107190.57,0.00,4423.00,25531.81,31.59,49817235456.00,242612.92,0.01,44731.11
1787808949.312,12.14,7.37,4.07,33541.70,95579.14,0.00,4424.00,19447.24,0.00,49817681920.00,0.00,0.00,37051.25
1787808952.357,12.97,7.54,4.00,52048.41,98222.09,0.00,4420.00,23651.57,6.89,49820303360.00,44366.75,0.00,55812.30
1787808955.399,14.29,7.62,4.00,47690.64,116277.60,0.00,4408.00,24186.46,0.00,49830207488.00,262500.63,0.00,49953.19
1787808958.453,10.53,7.77,2.38,47905.03,119767.00,0.00,4404.00,22404.00,0.00,49836630016.00,48402.33,0.00,54712.54
1787808961.498,16.35,7.14,4.45,47856.87,102673.15,1.00,4412.00,32132.67,15.71,49834881024.00,68359.11,0.00,50658.11
1787808964.536,19.39,8.22,5.84,31791.35,54123.06,0.00,4404.00,24139.68,0.00,49835098112.00,221478.67,0.00,29801.39
1787808967.572,15.15,6.14,5.05,23333.99,82985.61,1.00,4418.00,29094.89,0.00,49840717824.00,85539.38,0.00,21223.25
1787808970.615,11.25,7.14,4.84,43026.12,85567.83,0.00,4394.00,34229.10,0.00,49849802752.00,599671.47,0.01,43088.99
1787808973.657,20.79,9.48,5.24,51090.87,138978.89,0.00,4391.00,24454.42,0.00,49856393216.00,129412.56,0.00,54451.98
1787808976.702,15.32,7.85,3.77,35165.52,89652.00,0.00,4393.00,21301.17,0.00,49853267968.00,0.00,0.00,41049.54
1787808979.744,21.26,8.94,9.55,50240.82,108631.74,0.00,4299.00,57480.64,0.00,49833750528.00,113107.19,0.00,53045.60
1787808982.787,11.81,7.45,3.91,43288.07,84144.62,2.00,4333.00,23417.33,15.72,49823055872.00,160962.24,0.00,46519.09
1787808985.821,13.74,7.93,4.59,44883.57,83924.87,0.00,4418.00,26812.80,0.00,49821159424.00,44805.01,0.00,43691.56
1787808988.853,12.77,7.16,4.12,41153.62,101323.58,0.00,4422.00,31191.35,0.00,49818181632.00,0.00,0.00,44128.27
1787808991.896,11.60,6.18,4.86,29014.25,78138.54,0.00,4434.00,23826.22,0.00,49816559616.00,16184.44,0.00,29476.43
1787808994.941,16.46,10.30,4.23,28867.37,82096.73,0.00,4419.00,19219.99,0.00,49837768704.00,596463.16,0.01,26732.63
1787808997.988,11.26,6.93,2.69,23655.27,75165.49,0.00,4424.00,9172.81,0.00,49838362624.00,20152.24,0.00,21579.72
1787809001.023,9.29,6.08,2.69,21419.02,77150.23,1.00,4442.00,31504.35,4543.52,49845518336.00,18673261.05,0.10,18857.65
1787809004.054,15.15,11.34,4.51,40148.85,161509.08,0.00,4068.00,45790.95,0.00,50237370368.00,105878.52,0.00,48048.08
1787809007.093,12.28,7.70,3.70,42820.57,93578.19,0.00,5450.00,28311.07,0.00,49255370752.00,270581.06,0.01,48931.03
1787809010.133,10.42,6.16,2.23,27896.22,81568.07,0.00,4801.00,26841.84,0.00,49459138560.00,169679.43,0.00,25439.43
1787809013.167,10.02,6.79,2.32,24334.39,75920.53,0.00,4810.00,19259.13,0.00,49456869376.00,157762.69,0.01,22070.58
1787809016.203,15.79,7.89,4.56,18944.66,79503.02,0.00,4811.00,12492.13,0.00,49455898624.00,0.00,0.00,16651.45
1787809019.239,8.79,5.77,2.16,23914.48,75118.56,0.00,4621.00,19254.37,0.00,49655275520.00,137235.32,0.01,21962.21
1787809022.27,9.59,6.06,2.33,15730.69,67089.08,0.00,4464.00,9177.65,0.00,49786376192.00,16306.97,0.00,13694.81
1787809025.302,10.69,6.58,2.79,40685.75,89541.16,0.00,4458.00,19525.11,15.86,49798692864.00,280143.47,0.01,37520.30
1787809028.341,12.25,7.40,3.16,29879.00,100779.01,0.00,4013.00,134142.91,0.00,50284040192.00,84820.87,0.00,29191.04
1787809031.38,15.39,6.39,6.78,26760.33,118838.08,0.00,4119.00,72945.07,328.21,50291281920.00,2341496.49,0.01,24916.16
1787809034.421,14.37,7.83,4.99,32933.76,96173.85,1.00,4122.00,24209.09,0.00,50293534720.00,177151.28,0.00,29622.37
1787809037.458,14.77,5.72,5.56,17976.24,65448.49,0.00,4126.00,23618.37,0.00,50286145536.00,89165.81,0.02,15120.52
1787809040.504,11.32,5.87,5.18,20498.82,73014.95,0.00,4128.00,22953.86,0.00,50285391872.00,271450.17,0.00,17639.30
1787809043.542,11.68,6.55,4.78,18686.17,75463.63,0.00,4122.00,22349.84,0.00,50297241600.00,40394.01,0.00,16564.82
1787809046.575,13.58,6.71,5.63,19502.19,93437.37,1.00,4140.00,23029.91,0.00,50279907328.00,80859.36,0.00,16942.23
1787809049.622,13.03,6.48,5.55,20213.55,97019.33,0.00,4141.00,23968.02,0.00,50277421056.00,48486.48,0.00,17066.77
1787809052.661,13.13,5.86,4.78,21084.23,88805.63,0.00,4133.00,32111.83,0.00,50276564992.00,137562.60,0.00,18438.86
1787809055.686,13.41,6.23,5.45,21157.98,85952.06,0.00,4140.00,23143.66,0.00,50269597696.00,65295.23,0.00,17604.97
1787809058.728,12.88,7.51,3.75,41288.71,115707.26,0.00,4522.00,27497.03,15.70,49876348928.00,409847.96,0.01,48613.10
1787809061.767,13.92,8.54,3.46,29846.51,114254.75,0.00,3730.00,60408.76,0.98,50720514048.00,16130.27,0.00,34451.66
1787809064.805,14.03,9.49,4.28,35323.22,174803.62,2.00,3727.00,49296.15,11.95,50726146048.00,387509.74,0.00,39188.29
1787809067.841,14.94,8.40,4.47,28038.51,97976.39,0.00,3729.00,23856.07,0.00,50720624640.00,432525.94,0.01,32480.31
1787809070.88,11.46,6.37,4.51,23790.21,78379.05,1.00,3729.00,24414.05,31.84,50716770304.00,175238.28,0.00,25252.18
1787809073.923,17.56,9.92,6.38,25088.79,90854.46,0.00,4342.00,245191.45,0.00,50062938112.00,387133.21,0.01,23001.78
1787809076.961,13.83,10.31,3.00,40331.37,133983.65,2.00,3867.00,21809.07,0.00,50592137216.00,64530.19,0.00,46976.66
1787809080.001,13.98,10.36,3.99,53608.63,96535.81,0.00,4461.00,198108.41,0.00,49978011648.00,362012.95,0.01,54211.15
1787809083.046,11.19,7.08,3.00,34921.93,84332.68,0.00,4235.00,51884.83,94.59,50159747072.00,908051.06,0.03,31868.01
1787809086.086,10.45,6.00,2.77,23732.81,86515.38,0.00,4231.00,19620.91,0.00,50159837184.00,68579.61,0.00,20878.66
1787809089.124,16.30,9.31,3.77,15934.63,66763.28,0.00,4235.00,9113.67,15.76,50155921408.00,80712.61,0.00,13666.11
1787809092.172,13.02,7.24,4.78,31359.84,94159.39,0.00,3841.00,97180.50,0.00,50575994880.00,48464.04,0.00,33610.17
1787809095.22,13.93,8.56,2.85,34766.06,143072.01,0.00,3840.00,23496.38,0.00,50575634432.00,161811.04,0.00,40304.75
1787809098.258,11.35,7.15,3.61,43022.52,110032.87,0.00,3827.00,22724.44,0.00,50582474752.00,84701.88,0.03,45931.50
1787809101.3,12.15,7.37,3.99,42905.19,121451.64,0.00,3846.00,30761.60,0.00,50562289664.00,116789.27,0.00,42316.40
1787809104.349,11.89,5.76,4.53,29956.37,85184.41,1.00,3849.00,23790.01,0.00,50562174976.00,52317.78,0.00,27574.54
1787809107.379,11.86,6.07,4.91,51613.01,76036.32,0.00,3836.00,23892.35,0.00,50560446464.00,73446.26,0.00,48451.17
1787809110.423,12.96,6.48,5.09,27657.39,74032.63,0.00,3848.00,24356.80,0.00,50553995264.00,137579.63,0.00,23177.68
1787809113.465,14.00,8.45,2.99,43076.30,121589.54,0.00,4808.00,22159.03,0.00,49561776128.00,358414.29,0.01,50999.02
1787809116.504,9.99,7.18,2.39,33344.28,79132.24,0.00,3977.00,98224.81,0.00,50432516096.00,52637.52,0.00,35013.49
1787809119.551,13.33,9.16,3.46,39128.78,126697.89,0.00,3981.00,31342.23,56.15,50450415616.00,340464.43,0.01,45336.50
1787809122.584,11.19,7.46,2.72,50872.57,115986.20,0.00,3979.00,29945.82,0.00,50436296704.00,32605.57,0.00,57805.21
1787809125.628,15.92,11.23,4.31,55791.76,243024.18,0.00,3976.00,24047.32,0.00,50443603968.00,318580.53,0.01,51486.92
1787809128.661,11.84,7.39,3.50,41332.34,104968.63,0.00,3983.00,22921.84,0.00,50438615040.00,89661.53,0.00,43509.86
1787809131.701,15.99,9.54,4.23,42317.87,107815.11,0.00,3978.00,23922.14,0.00,50440740864.00,76664.32,0.00,48320.97
1787809134.737,14.30,6.74,4.57,41077.43,94122.62,0.00,3982.00,24268.30,0.00,50441932800.00,28398.53,0.00,39190.08
1787809137.775,12.38,8.06,3.38,37069.74,116769.01,2.00,3936.00,25820.60,15.71,50486091776.00,116618.80,0.00,39428.86
1787809140.81,13.49,7.77,3.93,40861.02,80463.01,0.00,4409.00,107239.36,15.76,49962201088.00,798963.54,0.01,40321.39
1787809143.851,12.98,7.63,3.55,44673.26,112496.73,0.00,4411.00,32102.03,0.00,49955389440.00,711346.18,0.05,49310.02
1787809146.894,12.35,6.00,2.92,16999.54,79643.82,0.00,5070.00,9376.64,0.00,49268785152.00,52462.69,0.00,14688.10
1787809149.934,13.86,8.32,4.01,28009.27,69859.51,0.00,4568.00,109950.78,0.00,49797021696.00,205963.98,0.00,27161.15
1787809152.968,13.22,8.70,3.96,58016.11,105586.58,0.00,4549.00,23120.76,0.00,49811017728.00,52926.98,0.00,63799.30
1787809156.009,13.06,8.32,3.85,45116.36,132861.88,2.00,4552.00,18173.32,0.00,49814806528.00,169590.02,0.01,48591.01
1787809159.032,12.12,7.23,4.43,34464.68,77053.62,0.00,4556.00,24018.48,0.00,49812373504.00,101914.08,0.02,32803.48
1787809162.072,13.44,7.84,4.77,32914.62,94456.26,0.00,4563.00,23993.09,0.00,49793843200.00,32238.72,0.00,30343.22
1787809165.117,12.49,7.55,3.08,43901.65,134797.68,0.00,4560.00,19597.51,0.00,49804062720.00,270559.56,0.00,50232.43
1787809168.16,11.35,6.68,4.07,50257.44,89617.39,0.00,4565.00,24138.22,0.00,49792364544.00,164857.27,0.00,50577.86
1787809171.204,13.90,6.94,4.24,44003.16,118790.87,0.00,4562.00,30825.02,0.00,49795391488.00,113211.63,0.01,45376.06
1787809174.243,13.31,8.41,4.01,40048.23,111768.11,0.00,4561.00,24230.18,15.80,49794981888.00,109204.67,0.00,43130.42
1787809177.287,13.24,6.99,4.38,31167.93,75642.71,0.00,4557.00,23448.18,0.00,49800450048.00,44280.19,0.00,32486.49
1787809180.327,11.34,6.83,4.68,47481.39,72382.98,0.00,4552.00,23371.10,0.00,49804242944.00,322099.69,0.00,48281.95
1787809183.37,17.08,7.99,5.68,35876.44,103764.43,0.00,4555.00,24213.90,0.00,49803898880.00,229546.32,0.00,34491.36
1787809186.409,12.82,8.09,4.39,43291.29,127950.22,0.00,4543.00,23494.91,0.00,49813610496.00,121096.18,0.00,45867.11
1787809189.435,14.57,7.77,5.75,33115.49,106733.56,0.00,4553.00,25166.89,0.00,49806159872.00,134568.56,0.00,30566.91
1787809192.478,12.79,7.92,4.54,55253.16,79931.82,0.00,4549.00,31600.81,0.00,49807319040.00,72617.65,0.00,53805.49
1787809195.518,10.12,7.18,2.78,36234.63,108714.76,1.00,6302.00,114444.60,124.56,48000577536.00,1515430.54,0.01,34296.71
1787809198.558,14.86,8.66,3.94,44908.79,99514.45,2.00,6356.00,20198.76,8.91,47942963200.00,129785.36,0.01,50245.87
1787809201.599,13.75,8.56,3.32,45977.52,118480.16,0.00,5516.00,19861.48,0.00,48803819520.00,0.00,0.00,50948.51
1787809204.638,18.88,10.69,4.92,65046.16,124055.58,0.00,5509.00,25811.26,0.98,48807211008.00,84707.43,0.00,69049.01
1787809207.687,11.06,7.60,3.46,41068.45,101456.70,0.00,4779.00,0.00,33.42,49580896256.00,551581.89,0.01,41986.96
1787809210.74,14.05,9.16,4.08,59233.44,114248.02,0.00,4634.00,58288.36,0.00,49771008000.00,698321.10,0.00,65600.85
1787809213.772,15.92,9.57,4.36,63133.02,80105.08,0.00,4379.00,263747.83,0.00,50020745216.00,554867.71,0.01,59427.89
1787809216.812,14.44,9.87,3.62,45286.90,134549.91,0.00,3930.00,23020.01,7.90,50514182144.00,169804.42,0.00,51278.29
1787809219.855,16.81,9.42,5.02,36273.85,130108.09,0.00,4593.00,21014.65,0.00,49829773312.00,425236.64,0.04,42077.10
1787809222.896,12.50,7.48,3.47,41147.85,108405.65,0.00,4592.00,23223.43,15.80,49832660992.00,93031.99,0.00,44654.70
1787809225.937,11.48,8.11,2.55,44364.23,109814.41,0.00,4591.00,22310.61,0.00,49826177024.00,433196.67,0.00,49566.47
1787809228.981,14.22,8.59,4.53,33603.78,125448.62,0.00,4606.00,22017.63,15.71,49821343744.00,80435.42,0.00,42018.78
1787809232.022,12.32,8.68,2.92,64756.79,125463.21,0.00,4622.00,23446.93,0.00,49730633728.00,209392.42,0.01,71339.53
1787809235.06,15.56,10.30,5.92,37795.62,86851.65,0.00,4630.00,24308.71,0.00,49731084288.00,76535.35,0.00,41999.26
1787809238.1,12.57,7.31,4.38,31775.56,98438.30,0.00,4640.00,24079.16,0.00,49720516608.00,92707.09,0.00,32650.89
1787809241.135,16.09,9.02,6.40,44154.39,278347.16,0.00,4578.00,58972.87,2644.29,49830273024.00,10810791.82,0.06,39551.73
1787809244.168,13.68,8.01,4.77,39872.63,81350.49,0.00,4607.00,24320.15,29.58,49748008960.00,367524.68,0.01,40734.63
1787809247.204,12.04,8.32,3.85,32868.10,109179.17,2.00,4611.00,24537.71,47.31,49748312064.00,654081.42,0.01,38047.22
1787809250.245,13.87,6.45,5.92,54976.89,81089.71,0.00,4608.00,25517.71,0.00,49744744448.00,382755.88,0.01,52284.98
1787809253.284,9.41,5.48,2.86,17793.26,79334.86,0.00,4107.00,19312.24,0.00,50279120896.00,416671.98,0.00,15562.15
1787809256.327,13.99,8.69,4.46,36899.06,109810.77,2.00,3818.00,22755.70,0.00,50583613440.00,76564.62,0.00,45078.80
1787809259.368,14.27,8.16,2.92,36181.63,97494.28,0.00,4235.00,9885.36,0.00,50141229056.00,16138.07,0.00,34144.08
1787809262.405,12.37,6.49,2.24,40110.70,87263.89,0.00,4259.00,26742.11,0.00,50112659456.00,40474.34,0.00,37522.56
1787809265.45,11.49,7.10,3.40,42377.93,117842.18,0.00,3757.00,19224.04,0.00,50638282752.00,93161.44,0.01,48968.53
1787809268.492,13.06,8.69,3.00,49308.43,143273.86,0.00,3742.00,21605.40,0.00,50642161664.00,48356.11,0.00,56220.09
1787809271.523,18.39,10.19,7.88,35343.09,132399.71,0.00,3753.00,75278.74,4544.14,50638397440.00,20270460.32,0.09,29006.43
1787809274.56,11.67,6.79,4.63,19870.13,95379.02,0.00,3758.00,21278.92,0.00,50657554432.00,1463828.79,0.01,17166.31
1787809277.596,11.72,6.39,5.47,20830.58,93212.27,3.00,3760.00,24393.68,0.00,50633392128.00,1195009.49,0.01,18334.20
1787809280.639,12.11,6.23,4.69,39801.74,74691.76,0.00,3762.00,24297.69,0.00,50628100096.00,16130.20,0.00,37364.56
1787809283.681,14.65,6.54,5.54,20016.17,73254.38,2.00,3781.00,31646.79,0.00,50613968896.00,564921.44,0.00,16477.17
1787809286.724,11.72,7.15,3.30,39245.37,106101.47,1.00,4926.00,23143.37,0.00,49418588160.00,443156.63,0.00,46080.50
1787809289.765,9.89,6.37,2.69,25867.41,80841.93,0.00,4034.00,95653.35,184.68,50369773568.00,1335828.56,0.01,27700.96
1787809292.801,14.61,8.70,3.03,36640.47,112570.69,0.00,4098.00,20559.65,0.00,50271895552.00,24449.53,0.00,43532.52
1787809295.836,14.90,9.07,4.61,47355.01,139237.21,0.00,4098.00,22975.97,0.00,50277543936.00,112923.40,0.00,56142.29
1787809298.877,13.96,9.24,3.39,65276.22,165621.79,0.00,4103.00,23223.37,15.78,50263048192.00,165670.13,0.00,72223.80
1787809301.915,13.03,8.33,4.05,38223.92,107406.52,0.00,4116.00,21374.31,0.00,50258657280.00,81608.12,0.00,40978.87
1787809304.939,14.53,9.79,4.43,70210.89,189924.31,0.00,4101.00,55627.80,0.00,50267840512.00,215934.35,0.00,74010.19
1787809307.985,11.50,7.80,3.17,37135.48,141520.31,0.00,4113.00,22212.48,0.00,50258841600.00,24294.35,0.00,44691.64
1787809311.026,12.06,8.76,4.07,39256.64,124260.39,0.00,4092.00,24117.76,0.00,50264346624.00,161145.68,0.00,43862.18
1787809314.066,10.93,6.90,3.57,34990.94,101238.70,0.00,4103.00,15909.66,0.00,50259492864.00,48761.72,0.00,38671.49
1787809317.092,10.23,7.39,3.58,42777.14,117701.63,1.00,4101.00,23728.78,0.00,50262376448.00,48957.60,0.00,47031.02
1787809320.137,13.31,9.79,3.16,59928.42,120069.77,0.00,4083.00,29975.05,0.99,50276446208.00,52493.31,0.00,66471.40
1787809323.175,14.02,7.41,4.09,36558.99,105706.16,1.00,4085.00,22573.29,0.00,50281209856.00,44504.53,0.00,41275.95
1787809326.213,16.73,11.45,5.15,53382.72,102373.98,1.00,4098.00,26702.67,0.00,50262454272.00,2790525.93,0.02,60554.34
1787809329.251,12.71,9.29,2.55,58478.28,135224.71,0.00,4091.00,22894.60,0.00,50263031808.00,150074.52,0.00,65806.32
1787809332.295,14.70,7.69,3.92,52979.52,106827.60,0.00,4071.00,56302.12,0.00,50289422336.00,302520.64,0.00,57661.12
1787809335.338,12.89,8.45,4.53,36004.96,93293.42,0.00,4068.00,22739.30,0.00,50299170816.00,48348.93,0.00,40760.46
1787809338.365,13.63,7.71,4.21,35123.77,113651.32,0.00,4056.00,22700.74,0.00,50328846336.00,98043.75,0.01,38197.17
1787809341.399,13.07,9.61,2.92,54229.63,127278.24,0.00,4055.00,23523.48,0.00,50319118336.00,439228.24,0.01,59967.60
1787809344.453,11.82,9.65,2.07,41263.83,133282.98,0.00,4067.00,20558.86,0.00,50314366976.00,52216.46,0.02,51366.50
1787809347.508,15.66,10.03,4.06,43172.41,99053.37,0.00,4069.00,21160.33,15.68,50314821632.00,92337.42,0.00,51252.78
1787809350.564,11.57,6.53,4.38,29916.50,97320.94,0.00,4064.00,23292.83,15.71,50316230656.00,108618.69,0.00,34943.59
1787809353.609,11.11,6.85,4.20,39613.01,80677.42,0.00,4068.00,32680.78,15.94,50308214784.00,126487.49,0.00,41080.46
1787809356.652,13.79,7.59,3.68,37979.12,117264.52,0.00,4072.00,21699.55,0.00,50298511360.00,249170.05,0.01,47176.10
1787809359.684,15.58,9.79,4.74,35633.32,124238.45,2.00,4075.00,24374.89,0.00,50299236352.00,138445.46,0.00,35330.23
1787809362.707,11.52,6.37,4.19,33342.95,62331.80,0.00,4070.00,24373.19,0.00,50299662336.00,48883.63,0.00,32925.80
1787809365.749,13.63,9.40,3.88,41466.18,208353.82,0.00,4061.00,23601.09,15.91,50315173888.00,199521.18,0.00,39548.27
1787809368.798,11.68,7.03,3.55,50275.18,119534.93,0.00,4069.00,22034.90,0.00,50290102272.00,60690.57,0.01,54813.93
1787809371.842,10.93,7.49,3.24,51713.99,113810.51,1.00,4075.00,23691.12,0.99,50285830144.00,467661.95,0.00,55442.10
1787809374.879,12.72,6.47,5.32,48051.84,87205.89,2.00,4080.00,31625.22,0.00,50285264896.00,48443.12,0.01,45423.14
1787809377.919,11.81,6.48,4.55,22456.81,80125.88,0.00,4085.00,24235.58,0.00,50276188160.00,92993.88,0.01,19099.50
1787809380.948,16.14,9.94,5.28,40845.84,105516.17,2.00,4081.00,27960.28,0.00,50286043136.00,158814.10,0.01,43805.86
1787809383.997,14.14,8.75,3.99,50264.79,111346.78,1.00,4089.00,21428.11,0.00,50276442112.00,44258.95,0.00,57699.24
1787809387.026,15.86,9.24,4.81,43323.24,93574.42,0.00,4094.00,24017.66,0.00,50275610624.00,240240.19,0.00,45005.76
1787809390.064,13.21,7.64,5.25,35352.42,97382.24,0.00,4073.00,25230.41,0.00,50291556352.00,287437.09,0.00,32272.47
1787809393.107,12.80,6.49,4.95,42471.89,82378.28,0.00,4083.00,24370.79,0.00,50273570816.00,44612.62,0.00,40066.65
1787809396.149,12.59,6.30,5.30,38962.92,85047.76,0.00,4087.00,31575.25,0.00,50267099136.00,44345.70,0.00,35901.88
1787809399.191,14.48,7.61,5.38,56451.67,71741.30,0.00,5457.00,77577.83,20.68,49142378496.00,532509.32,0.02,53301.34
1787809402.223,14.90,11.04,3.47,51463.72,93655.71,0.00,4778.00,77739.41,0.00,49552748544.00,10278949.04,0.18,49185.27
1787809405.263,10.54,5.85,2.39,17962.28,92889.07,0.00,4545.00,19196.50,0.00,49824047104.00,60567.61,0.00,14779.99
1787809408.3,13.12,8.46,3.15,38715.24,90812.01,0.00,4482.00,66597.50,0.00,50209308672.00,798331.38,0.01,46148.72
1787809411.358,14.16,8.77,3.31,43858.49,130462.01,0.00,4601.00,22115.81,0.00,49762750464.00,64520.19,0.00,47337.55
1787809414.395,14.81,7.39,3.16,24066.44,71019.55,1.00,5079.00,19290.21,0.00,49263964160.00,16148.11,0.00,21719.12
1787809417.431,8.96,5.69,2.15,24800.66,67956.34,0.00,5085.00,16568.21,0.00,49258180608.00,38773903.08,0.09,22544.25
1787809420.475,13.61,9.03,2.70,60058.64,112378.94,0.00,4899.00,61289.07,33.60,49444020224.00,311700.10,0.00,58261.88
1787809423.522,12.27,7.55,4.08,36682.55,120373.99,0.00,4318.00,76102.49,0.00,50063826944.00,44429.28,0.00,37199.37
1787809426.559,11.31,7.92,2.77,45284.20,112730.92,0.00,4306.00,19368.59,0.00,50069348352.00,157152.35,0.00,53352.03
1787809429.59,10.16,7.31,2.88,33688.28,133240.41,1.00,4307.00,21523.73,0.00,50083602432.00,53028.08,0.00,37976.72
1787809432.631,13.50,7.37,3.76,40527.51,93584.72,0.00,4310.00,24126.84,0.00,50075041792.00,64469.41,0.00,45124.89
1787809435.672,12.32,6.13,3.45,37373.00,116210.65,2.00,4306.00,19554.25,0.00,50074214400.00,44177.72,0.00,44274.52
1787809438.722,13.89,8.48,3.39,54442.15,107380.54,3.00,4307.00,22061.61,0.00,50071121920.00,28309.64,0.00,59805.89
1787809441.769,14.63,9.45,3.53,35491.91,111212.84,0.00,4304.00,21336.67,0.00,50075930624.00,294232.14,0.00,40440.61
1787809444.808,13.98,7.09,4.54,55724.36,123852.39,0.00,4311.00,30225.89,0.00,50062901248.00,92880.18,0.00,55181.42
1787809447.848,12.82,7.65,3.94,42182.70,114087.60,0.00,4317.00,21448.13,14.82,50063572992.00,279317.85,0.01,46215.84
1787809450.891,14.90,10.77,3.85,89181.82,133774.20,0.00,4286.00,59796.48,0.00,50089775104.00,524208.62,0.00,95109.97
1787809453.939,14.11,6.06,4.83,21702.51,70095.94,0.00,4293.00,23373.82,0.00,50092023808.00,40221.48,0.00,18776.66
1787809456.981,12.84,5.91,5.07,27190.41,58342.99,0.00,4294.00,23420.00,0.00,50083528704.00,145010.26,0.00,23860.41
1787809460.013,13.32,9.42,4.44,28543.17,103038.66,1.00,3821.00,340328.13,0.00,50634493952.00,10552790.08,0.08,24594.76
1787809463.053,14.80,9.77,3.69,36700.78,112583.54,0.00,4036.00,22099.27,0.00,50598158336.00,24207.15,0.00,45553.24
1787809466.092,9.13,6.14,2.61,24746.46,88766.31,0.00,4077.00,103424.91,186.72,50546810880.00,764810.31,0.00,23690.89
1787809469.135,12.73,8.68,1.92,49935.58,125469.73,0.00,4082.00,19688.26,0.00,50541592576.00,92707.14,0.00,59402.74
1787809472.175,15.48,8.47,4.54,40862.94,111147.48,0.00,4136.00,24583.22,0.00,50395189248.00,314955.48,0.00,44952.64
1787809475.22,14.18,6.38,5.00,33433.70,61767.43,0.00,4131.00,24177.39,0.00,50386071552.00,124941.95,0.00,30999.61
1787809478.262,14.27,6.91,4.07,33499.77,89740.57,1.00,4138.00,24254.66,0.00,50391941120.00,257824.64,0.01,33965.37
1787809481.308,13.83,7.36,4.75,29825.46,106362.77,0.00,4135.00,25742.74,15.70,50387587072.00,217075.20,0.00,27192.19
1787809484.354,9.66,6.47,2.08,17543.27,70019.28,0.00,4329.00,9160.08,0.00,50190684160.00,16153.14,0.00,15573.04
1787809487.389,13.71,8.09,3.08,57542.14,131273.90,0.00,4042.00,29296.39,0.00,50530721792.00,258607.67,0.00,65916.01
1787809490.433,9.82,6.47,1.85,27602.22,99290.28,0.00,4544.00,9802.22,0.00,50004094976.00,96931.67,0.00,24785.55
1787809493.469,11.85,7.04,3.17,34403.74,82538.88,0.00,4046.00,104181.42,0.00,50531729408.00,72991.25,0.00,33413.97
1787809496.512,10.31,8.08,2.31,59512.29,102583.02,0.00,4041.00,23962.42,80.72,50540199936.00,1221230.97,0.01,67193.89
1787809499.555,12.81,7.48,2.93,44566.79,120390.21,0.00,4053.00,20927.82,0.00,50530992128.00,80792.05,0.02,51680.26
1787809502.594,16.51,10.48,5.16,56716.95,176391.27,0.00,4051.00,37420.90,603.34,50481987584.00,3453030.99,0.03,61927.94
1787809505.63,12.29,8.49,3.32,62745.48,93314.98,0.00,4054.00,18778.46,15.82,50476040192.00,93134.06,0.00,67957.10
1787809508.674,13.23,7.30,5.14,33496.28,71258.27,0.00,4062.00,31603.37,0.98,50469941248.00,100693.39,0.00,30269.13
1787809511.712,17.08,8.06,6.37,59480.31,117387.62,0.00,4054.00,53546.14,0.00,50467446784.00,185237.31,0.00,54751.25
1787809514.754,12.18,6.24,4.78,32559.46,99317.85,0.00,4058.00,31593.34,0.00,50468638720.00,88836.35,0.00,28100.57
1787809517.792,11.64,7.09,3.24,48555.37,101087.12,0.00,4932.00,100070.83,0.00,49548214272.00,335445.46,0.00,47518.68
1787809520.823,11.54,7.94,3.42,45576.90,118929.63,0.00,5000.00,24610.01,15.94,49541197824.00,338770.58,0.00,50337.97
1787809523.858,14.49,8.82,5.65,39573.57,214770.63,0.00,4089.00,140734.74,16.84,50519195648.00,235323.60,0.00,37642.87
1787809526.898,15.46,8.84,5.99,40376.76,279590.39,0.00,4093.00,24738.60,0.00,50513186816.00,76590.56,0.00,32711.57
1787809529.941,16.75,9.34,6.17,48196.12,262795.34,1.00,4058.00,34892.33,7.90,50541842432.00,92553.62,0.00,43517.36
1787809532.992,10.92,6.68,2.69,29401.09,282493.78,0.00,4212.00,56505.24,45.21,50363842560.00,1634462.15,0.01,21057.59
1787809536.029,17.93,9.87,6.40,69307.87,469321.94,0.00,3839.00,106785.44,1.98,50730102784.00,424983.64,0.01,60037.06
1787809539.06,14.57,9.35,3.25,49108.83,106715.01,0.00,3846.00,22605.82,12.87,50729558016.00,1569518.03,0.02,51652.37
1787809542.102,11.83,6.94,4.55,36319.06,119348.15,0.00,3803.00,24626.50,0.00,50735853568.00,614371.83,0.01,34146.97
1787809545.142,22.55,15.43,5.79,59594.53,168955.95,0.00,4232.00,140835.01,4963.74,50272886784.00,20521758.07,0.02,53137.44
1787809548.179,11.17,8.10,2.86,68970.71,85019.53,0.00,5300.00,255741.09,215.31,49207275520.00,1298618.08,0.01,64072.69
1787809551.205,13.69,8.21,3.87,45775.95,132650.53,0.00,5154.00,22501.50,0.00,49338929152.00,77218.32,0.00,53536.77
1787809554.242,12.52,9.12,2.70,49468.87,110817.27,0.00,5141.00,24154.75,0.00,49347497984.00,16207.37,0.00,60508.94
1787809557.284,15.51,10.52,4.53,49505.58,96490.62,1.00,5145.00,31789.00,0.00,49342324736.00,16106.35,0.00,57663.15
1787809560.315,17.29,7.47,5.60,39216.55,97201.37,0.00,5149.00,30917.07,13.95,49346093056.00,118363.12,0.00,41433.50
1787809563.353,12.75,8.33,4.55,66670.16,128484.64,0.00,5200.00,26530.43,0.00,49234378752.00,432717.21,0.00,70804.70
1787809566.403,11.71,7.84,3.00,44337.74,119096.32,0.00,5202.00,23406.25,0.00,49233678336.00,108908.77,0.00,56001.03
1787809569.444,12.26,8.16,4.00,45102.12,83367.75,0.00,4957.00,241192.16,15.76,49498112000.00,290513.39,0.00,49048.07
1787809572.484,16.28,10.32,5.08,64849.07,139155.37,0.00,4471.00,87988.88,0.99,49996505088.00,436107.50,0.00,72188.26
1787809575.522,10.98,7.10,2.78,36534.74,78881.28,0.00,4249.00,199339.40,0.00,50246127616.00,242827.16,0.00,41686.20
1787809578.569,13.53,8.83,2.92,38738.17,135794.03,0.00,3636.00,28121.36,0.00,50881363968.00,648510.25,0.01,46616.55
1787809581.615,10.17,6.38,4.38,32910.49,95033.13,0.00,3611.00,24353.45,16.72,50860421120.00,94149.10,0.00,32721.72
1787809584.652,12.35,8.59,4.26,30675.30,124351.22,0.00,3620.00,22857.33,15.86,50867417088.00,223251.67,0.00,34006.03
1787809587.69,27.76,22.39,4.85,62359.05,87262.12,0.00,4854.00,282647.52,0.00,49635758080.00,673353.36,0.02,63937.22
1787809590.721,17.32,13.22,3.58,44229.98,108770.15,0.00,4479.00,22606.13,0.00,50048921600.00,28534.57,0.00,49949.02
1787809593.749,12.03,8.33,2.80,27329.03,65854.11,1.00,4101.00,60376.14,14.95,50502746112.00,228540.00,0.01,25196.56
1787809596.787,10.55,7.14,2.69,41549.10,121178.80,0.00,3766.00,22462.08,0.00,50841665536.00,12084.15,0.00,48746.16
1787809599.83,13.97,8.89,3.94,50684.14,101283.27,0.00,3761.00,27142.72,0.00,50838753280.00,52638.51,0.00,57315.09
1787809602.885,12.06,8.03,4.17,42892.80,127565.95,0.00,3759.00,23062.23,15.81,50842501120.00,226617.05,0.00,48294.54
1787809605.927,12.85,7.78,4.70,53051.18,179802.64,0.00,3750.00,34831.17,14.79,50845167616.00,222086.64,0.00,53517.48
1787809608.955,12.67,8.16,3.57,42363.24,100569.94,0.00,3744.00,20104.84,0.00,50848751616.00,81449.41,0.00,50701.04
1787809612.004,11.34,8.16,2.85,42927.54,99472.88,1.00,3751.00,23102.10,39.39,50841051136.00,192624.86,0.00,48080.44
1787809615.039,11.63,7.73,3.63,46503.32,131478.41,0.00,3754.00,23487.76,0.00,50834456576.00,109481.53,0.00,50008.02
1787809618.08,17.01,10.69,6.08,39026.44,75059.70,0.00,3754.00,24132.41,0.00,50834722816.00,64505.33,0.00,36748.10
1787809621.122,13.10,6.91,4.61,36072.97,79592.75,0.00,3750.00,31197.82,0.00,50853703680.00,20117.49,0.00,36057.02
1787809624.164,19.18,14.61,3.31,50366.28,68685.22,0.00,5346.00,277767.14,0.00,49130176512.00,576629.42,0.01,46732.12
1787809627.206,10.15,7.93,3.08,40412.88,136416.13,0.00,5166.00,28697.05,0.00,49336635392.00,80699.67,0.00,49161.22
1787809630.249,10.69,7.00,3.08,29911.82,71578.48,1.00,4332.00,131432.65,59.07,50209800192.00,661326.65,0.01,29400.55
1787809633.287,17.69,13.47,4.65,99272.80,126199.19,0.00,4328.00,25247.77,0.00,50232115200.00,202941.34,0.01,97734.02
1787809636.318,12.81,6.82,4.65,26423.53,86429.57,1.00,4329.00,24432.22,0.00,50225168384.00,60929.31,0.00,24910.51
1787809639.35,9.78,7.28,2.25,54151.12,77618.55,0.00,4877.00,160525.65,0.00,49689374720.00,138025.54,0.01,52098.65
1787809642.384,13.04,8.19,3.32,35122.97,115123.27,0.00,4681.00,24428.42,0.00,49850081280.00,28376.28,0.00,39847.07
1787809645.415,10.85,6.79,3.01,25641.18,76469.87,0.00,3999.00,102830.57,0.00,50573971456.00,16193.39,0.00,23415.87
1787809648.449,9.88,6.56,2.70,21804.99,85434.34,0.00,4144.00,16660.73,0.00,50417389568.00,161990.07,0.00,18819.26
1787809651.49,10.76,6.61,2.31,22411.48,105683.50,0.00,4146.00,19447.42,23.62,50417070080.00,777944.21,0.00,19301.03
1787809654.531,12.63,7.54,3.54,21738.97,78500.64,0.00,4219.00,10985.62,21.65,50320388096.00,475690.60,0.02,19161.08
1787809657.573,12.87,9.66,3.48,35801.08,97368.13,0.00,3821.00,69443.87,0.00,50736324608.00,89091.90,0.00,39390.71
1787809660.614,9.95,7.29,2.61,37805.08,114719.94,0.00,3821.00,21246.69,0.00,50732208128.00,44265.74,0.00,46656.80
1787809663.655,17.70,8.79,6.48,34849.94,108646.74,1.00,3819.00,25238.45,0.00,50730123264.00,396559.86,0.00,32093.75
1787809666.689,11.07,6.39,4.47,24235.46,89876.49,0.00,3826.00,24555.76,0.00,50731331584.00,44404.58,0.00,20801.76
1787809669.734,16.85,8.62,6.16,32750.97,73183.12,0.00,3820.00,32564.70,16.75,50735910912.00,335046.96,0.01,29139.91
1787809672.784,13.39,8.03,4.01,31834.82,96985.50,0.00,5092.00,21419.17,0.00,49404944384.00,129501.06,0.00,36389.54
1787809675.829,9.99,6.32,2.01,25347.76,74449.47,0.00,4713.00,49113.56,0.00,49804267520.00,84939.53,0.00,23645.77
1787809678.877,10.12,5.69,2.38,20382.93,87848.28,0.00,4707.00,19229.27,0.00,49811427328.00,306424.10,0.00,17883.00
1787809681.901,10.95,6.38,2.18,19115.22,126251.07,1.00,4705.00,10687.19,7.97,49813819392.00,118321.09,0.00,15216.46
1787809684.933,9.97,6.47,3.16,19715.55,77661.25,0.00,4706.00,19248.79,0.00,49812729856.00,92965.75,0.01,17248.85
1787809687.984,10.61,6.93,2.69,18091.31,68838.79,0.00,4445.00,14207.21,0.00,50056724480.00,581160.41,0.01,16745.04
1787809691.026,19.01,9.11,7.95,54713.86,134771.83,0.00,3802.00,68162.97,15.82,50716418048.00,89086.00,0.00,59745.90
1787809694.061,15.71,8.13,5.73,26373.50,104162.23,0.00,3816.00,23733.77,0.00,50707062784.00,381515.96,0.01,23889.76
1787809697.106,13.59,6.91,5.61,41061.36,87919.68,0.00,3818.00,32986.72,6.88,50699411456.00,128848.34,0.00,38176.26
1787809700.153,15.02,7.18,6.10,28558.46,81220.45,0.00,3839.00,20271.73,0.00,50684563456.00,48616.55,0.00,26549.88
1787809703.195,10.85,6.86,3.85,45212.87,89677.12,0.00,4988.00,20952.38,0.00,49488711680.00,0.00,0.00,50815.95
1787809706.234,10.72,7.46,3.23,22091.95,83135.07,0.00,6143.00,9614.70,15.76,48274640896.00,80667.39,0.00,18628.52
1787809709.274,13.07,7.61,3.84,30555.19,110978.82,1.00,5502.00,72322.81,48.22,48948338688.00,422218.63,0.01,32154.43
1787809712.314,10.19,6.07,5.23,22925.35,88218.18,0.00,5503.00,31146.36,0.00,48943865856.00,44333.43,0.00,18536.71
1787809715.36,15.21,8.08,6.16,42815.86,76880.84,0.00,5493.00,23478.46,0.00,48940298240.00,44370.85,0.00,38892.19
1787809718.401,13.14,6.77,5.54,26239.12,91001.31,0.00,5496.00,30941.69,0.00,48936546304.00,346694.91,0.00,22308.43
1787809721.44,10.59,7.16,3.39,52869.46,99802.60,6.00,4918.00,147435.05,0.00,49556369408.00,201718.91,0.01,53592.51
1787809724.483,14.37,9.79,3.01,78350.55,105844.80,0.00,6166.00,147565.31,0.00,48243646464.00,388067.66,0.01,73711.07
1787809727.52,12.13,6.15,2.15,36974.41,95332.73,0.00,6136.00,9255.66,0.00,48259534848.00,52419.22,0.00,34143.06
1787809730.557,13.91,7.71,4.86,33569.33,92850.51,0.00,5482.00,22880.99,0.00,48950853632.00,89007.22,0.00,30453.56
1787809733.599,12.70,6.31,5.00,33496.54,88998.13,0.00,5485.00,23344.37,0.00,48952827904.00,56471.61,0.00,30062.83
1787809736.635,11.88,6.72,5.02,25692.83,57626.69,0.00,5486.00,23569.97,0.00,48949669888.00,16199.78,0.00,23106.63
1787809739.673,11.51,5.80,5.02,49471.32,80928.07,0.00,5484.00,31246.03,0.00,48953602048.00,48624.51,0.00,45661.92
1787809742.714,13.78,7.51,3.91,34292.34,105960.52,1.00,4839.00,22289.77,0.00,49628790784.00,0.00,0.00,39185.35
1787809745.753,10.26,6.45,3.07,36037.55,110505.20,0.00,3994.00,96312.23,94.40,50513375232.00,604182.43,0.01,36611.66
1787809748.794,15.04,8.69,4.23,38059.11,92426.45,0.00,3994.00,23115.71,0.00,50510397440.00,161222.54,0.00,41828.25
1787809751.84,14.95,8.33,4.48,50294.00,115190.44,0.00,3982.00,36210.22,24.70,50523086848.00,157814.23,0.00,54592.03
1787809754.88,13.43,8.22,3.88,50838.90,140796.16,1.00,3982.00,24277.46,0.00,50520924160.00,455160.92,0.01,54386.87
1787809757.913,12.33,7.11,4.02,29744.49,102413.11,2.00,3958.00,61532.99,0.00,50667016192.00,16217.43,0.00,34237.18
1787809760.949,13.79,8.33,4.40,60199.01,146553.23,0.00,3961.00,30579.53,9.87,50659172352.00,88912.71,0.00,66393.22
1787809763.985,10.37,7.47,2.16,40647.14,132461.65,0.00,3958.00,62360.63,0.00,50671927296.00,52471.07,0.00,49264.63
1787809767.027,13.94,8.15,4.31,37306.75,125008.35,0.00,3963.00,20985.47,0.00,50669281280.00,48376.23,0.00,41389.44
1787809770.073,12.25,6.98,4.60,38946.66,112408.70,0.00,3960.00,24629.42,0.00,50672951296.00,462614.40,0.03,40439.41
1787809773.111,10.65,5.55,4.31,29330.41,81287.98,0.00,4013.00,24196.97,0.00,50501455872.00,44428.00,0.00,28476.61
1787809776.156,10.52,5.94,2.47,31591.79,73338.57,0.00,4199.00,92297.60,0.00,50292633600.00,40450.13,0.00,30376.52
1787809779.198,14.64,8.94,4.09,41661.90,67874.75,0.00,4542.00,225148.91,0.00,49957892096.00,323348.42,0.00,40100.90
1787809782.237,9.13,6.16,1.85,20703.29,95592.91,0.00,4383.00,16690.76,0.00,50126942208.00,0.00,0.00,16795.90
1787809785.276,16.38,10.37,5.14,88808.76,216478.34,1.00,4187.00,93023.90,0.00,50320502784.00,334035.53,0.01,79597.66
1787809788.323,16.96,8.55,6.55,41464.20,74430.94,1.00,4006.00,31642.00,0.00,50509676544.00,68634.21,0.00,37820.55
1787809791.358,11.33,6.27,4.65,34723.56,86956.00,1.00,4004.00,24392.97,0.00,50512953344.00,68981.50,0.00,31027.12
1787809794.403,23.14,17.11,3.55,54344.82,89379.32,0.00,4566.00,107522.22,0.00,49919000576.00,335491.21,0.01,57538.79
1787809797.442,10.72,5.71,2.93,21302.94,82508.06,0.00,3884.00,91776.08,0.00,50650177536.00,16172.90,0.00,19126.94
1787809800.484,11.44,7.74,3.48,45289.99,125451.15,0.00,3732.00,27800.37,0.00,50812088320.00,36547.66,0.00,51367.81
1787809803.528,15.22,10.83,4.84,43040.68,95794.17,0.00,3810.00,30845.85,15.73,50703187968.00,124814.63,0.00,50116.78
1787809806.579,12.74,8.44,4.76,32257.80,78520.88,0.00,5165.00,239532.84,0.00,49394905088.00,237430.33,0.00,28079.54
1787809809.616,11.75,7.95,3.39,35351.53,124859.29,0.00,5062.00,28182.85,0.00,49400020992.00,254872.37,0.00,41759.68
1787809812.657,10.35,7.34,2.86,55692.46,75095.67,0.00,4351.00,156421.97,334.90,50138660864.00,1412196.82,0.01,55015.99
1787809815.705,13.71,9.08,4.00,50680.95,126962.94,0.00,4183.00,28599.84,138.91,50305650688.00,811068.57,0.01,53936.73
1787809818.734,10.42,7.39,3.19,40872.77,109060.83,0.00,4196.00,26429.20,1.00,50294312960.00,702205.89,0.01,45521.03
1787809821.773,13.72,8.54,4.23,44919.38,113695.77,0.00,4200.00,24289.61,31.53,50291232768.00,129160.95,0.00,50325.76
1787809824.814,12.46,8.40,2.85,54289.45,113205.38,0.00,5378.00,21340.65,0.00,49092964352.00,545588.07,0.00,62601.23
1787809827.86,9.35,5.91,2.07,22089.65,97236.55,0.00,4888.00,57010.43,157.34,49612697600.00,692802.53,0.00,19595.24
1787809830.9,13.13,9.26,4.17,45185.54,115802.78,0.00,4571.00,30007.75,0.00,49952526336.00,16189.64,0.00,54117.53
1787809833.929,13.24,6.54,4.51,50301.94,87553.64,0.00,4595.00,24664.51,0.00,49883725824.00,16315.54,0.00,49496.45
1787809836.953,13.11,7.08,5.29,31103.01,94907.95,1.00,4596.00,24398.76,0.00,49887498240.00,20389.54,0.01,28629.63
1787809839.995,15.34,9.69,3.46,46377.04,82673.74,0.00,5105.00,264724.59,0.00,49342517248.00,399415.39,0.01,42587.37
1787809843.037,12.79,7.93,3.23,36640.92,133899.51,0.00,4967.00,19707.07,0.00,49525018624.00,36316.81,0.00,44326.15
1787809846.072,16.58,10.33,5.28,52764.43,193559.05,0.00,4963.00,47134.64,0.00,49530118144.00,207634.54,0.00,57158.46
1787809849.117,11.19,5.99,3.15,20555.19,85939.20,0.00,4382.00,19263.61,0.00,50142375936.00,92600.57,0.00,17272.07
1787809852.153,14.85,10.43,5.06,34507.47,120681.00,0.00,4060.00,32230.02,0.00,50480132096.00,571295.53,0.01,34569.05
1787809855.189,11.59,8.25,2.70,37530.30,109665.56,0.00,4092.00,23685.95,0.99,50447110144.00,56577.14,0.00,44648.57
1787809858.238,11.85,6.92,4.92,29180.89,97979.41,1.00,4097.00,21059.60,0.00,50443214848.00,121021.57,0.00,28506.20
1787809861.281,17.19,13.79,3.16,34868.80,82253.60,0.00,4350.00,327514.71,0.00,50149232640.00,601366.91,0.01,32582.07
1787809864.324,10.84,7.15,3.00,18712.24,64553.90,0.00,4342.00,18711.26,0.00,50167066624.00,213665.25,0.00,16431.47
1787809867.363,12.70,9.19,3.32,50916.22,118352.72,0.00,4041.00,21705.65,0.00,50475909120.00,64741.57,0.00,60488.14
1787809870.397,11.68,7.18,2.62,37433.32,58865.02,0.00,4240.00,19307.70,0.00,50270330880.00,16193.37,0.00,35131.28
1787809873.432,12.87,7.68,4.07,29970.97,107571.10,0.00,3901.00,108261.75,0.00,50633355264.00,52312.40,0.00,27306.14
1787809876.47,13.33,10.01,3.08,37784.35,130824.95,0.00,3725.00,23572.62,0.00,50810990592.00,488153.12,0.03,44927.91
1787809879.512,11.46,6.37,4.76,31404.51,72532.61,0.00,3722.00,32516.00,17.67,50809319424.00,486636.44,0.01,30681.27
1787809882.56,17.20,13.51,2.92,40164.64,91843.64,0.00,5813.00,240517.09,0.00,48596054016.00,112714.16,0.01,37473.92
1787809885.614,12.02,7.40,2.77,44965.21,96142.31,0.00,5505.00,60275.05,0.00,48943861760.00,512916.74,0.01,48680.32
1787809888.654,10.94,7.77,2.62,48116.77,115361.48,0.00,4584.00,19459.84,0.00,49908805632.00,0.00,0.00,58044.74
1787809891.7,12.14,7.85,3.77,47617.08,137966.55,0.00,4650.00,23007.55,0.00,49812828160.00,201649.63,0.01,49156.43
1787809894.745,12.93,7.25,5.32,34185.72,89836.48,0.00,4661.00,32463.11,0.00,49805791232.00,218346.35,0.01,33240.97
1787809897.79,16.61,12.87,3.70,51830.65,66647.44,0.00,4063.00,56514.47,46.35,50469294080.00,222187.72,0.00,51505.75
1787809900.831,13.95,8.93,3.85,46089.70,128211.94,0.00,3747.00,29324.16,7.88,50782031872.00,32283.77,0.00,53294.45
1787809903.861,11.53,8.08,3.19,41399.36,137974.98,0.00,3752.00,24420.29,25.87,50783629312.00,350523.33,0.01,49629.56
1787809906.903,12.65,9.11,3.32,42937.85,121706.56,0.00,3744.00,23387.91,0.00,50789613568.00,664636.84,0.02,49789.59
1787809909.937,13.04,6.79,4.48,33146.35,93728.07,0.00,3751.00,23630.37,0.00,50782216192.00,68800.38,0.00,33865.97
1787809912.973,13.28,6.48,5.09,35664.66,106768.92,0.00,3749.00,23507.94,0.00,50780770304.00,4043.36,0.00,37849.43
1787809916.017,12.42,6.24,5.09,37610.73,82676.28,0.00,3744.00,24954.03,0.00,50777124864.00,72788.85,0.00,34445.98
1787809919.055,16.59,8.86,5.62,31836.67,83882.47,0.00,3750.00,24170.11,0.00,50769129472.00,16155.48,0.00,29428.00
1787809922.099,14.68,9.08,5.08,48758.97,120684.05,0.00,3804.00,30786.33,0.99,50706481152.00,110478.44,0.01,53099.90
1787809925.132,12.90,8.20,4.18,39988.20,89649.01,1.00,3796.00,25457.03,0.00,50707623936.00,490624.92,0.01,44823.09
1787809928.172,13.42,8.06,3.45,51730.74,129867.39,0.00,3794.00,22306.64,0.00,50709417984.00,0.00,0.00,59638.92
1787809931.209,15.64,8.02,6.55,46794.27,109723.82,0.00,3787.00,62650.10,0.00,50726559744.00,24268.09,0.00,45733.21
1787809934.256,17.70,13.33,4.47,41062.64,89034.16,0.00,4882.00,325542.86,0.00,49564917760.00,751509.07,0.01,38821.46
1787809937.289,16.95,11.39,3.72,52045.33,164076.09,0.00,4596.00,27374.63,0.00,49915944960.00,487718.43,0.01,60477.03
1787809940.333,12.40,8.45,3.69,47549.09,98730.93,0.00,4571.00,96516.87,0.00,49940094976.00,193295.27,0.00,51103.21
1787809943.368,14.79,9.33,4.55,34521.10,103818.05,0.00,4585.00,30922.84,0.00,49926246400.00,68757.81,0.00,40528.90
1787809946.398,14.04,9.06,3.56,44492.59,121851.90,1.00,4582.00,19408.49,0.00,49926774784.00,44675.03,0.00,56389.59
1787809949.438,12.89,7.48,3.55,37588.24,122549.13,0.00,4579.00,19307.14,12.84,49922940928.00,279098.81,0.00,43606.88
1787809952.48,11.52,7.14,3.76,40938.29,103425.32,0.00,4630.00,23105.49,0.00,49845567488.00,52331.82,0.00,44387.59
1787809955.515,12.70,6.15,4.61,28574.09,100277.89,0.00,4639.00,24280.69,0.00,49844432896.00,64475.67,0.00,27833.85
1787809958.551,13.34,8.11,4.02,41014.34,127434.48,1.00,4634.00,23570.03,0.00,49843515392.00,105237.03,0.00,47999.20
1787809961.592,12.04,6.69,4.69,35850.72,102699.26,0.00,4639.00,24213.38,0.00,49842409472.00,44333.48,0.00,31689.84
1787809964.628,12.72,7.25,4.78,33939.07,85735.19,0.00,4636.00,31091.30,0.00,49840156672.00,262986.05,0.00,33759.90
1787809967.663,14.40,8.75,4.33,46419.65,123484.73,0.00,4640.00,25647.44,0.99,49816788992.00,162217.28,0.00,50642.16
1787809970.697,11.36,6.55,4.32,43593.51,92951.16,1.00,4645.00,30299.42,14.80,49812283392.00,145465.61,0.01,46512.56
1787809973.735,11.38,7.08,3.69,36081.02,96141.53,0.00,4650.00,20020.17,0.00,49808551936.00,40341.72,0.00,42423.40
1787809976.775,12.66,5.71,5.48,39900.96,62122.29,0.00,4644.00,24225.37,0.00,49811779584.00,76904.56,0.00,37123.28
1787809979.818,16.22,9.17,5.09,37686.48,87640.20,1.00,4649.00,25463.62,0.00,49811648512.00,262605.95,0.00,38681.44
1787809982.858,12.02,7.17,3.39,36347.40,115347.64,0.00,4645.00,20330.62,15.79,49813499904.00,222334.07,0.01,45731.41
1787809985.894,13.89,7.03,5.49,44838.76,78246.43,0.00,4659.00,31811.55,0.00,49804365824.00,81062.64,0.00,41997.15
1787809988.939,13.47,6.01,5.47,30636.04,78358.27,0.00,4659.00,24633.28,0.99,49803911168.00,302948.24,0.00,26487.42
1787809991.984,12.18,5.87,5.33,40488.24,66590.35,1.00,4668.00,33317.42,0.99,49793900544.00,105318.27,0.00,36739.52
1787809995.026,13.53,6.24,5.01,39543.45,79622.60,0.00,4666.00,24981.77,0.00,49795579904.00,177802.46,0.00,36018.07
1787809998.054,15.97,9.24,5.67,60985.75,118626.05,1.00,4669.00,24868.07,0.00,49788809216.00,158862.88,0.01,58292.43
1787810001.095,13.10,6.22,5.22,27646.14,87871.01,0.00,4686.00,25014.11,0.00,49772064768.00,44315.65,0.00,24037.84
1787810004.133,12.80,7.17,5.01,27490.89,47678.64,3.00,4689.00,24118.69,0.00,49769144320.00,56608.64,0.00,25414.14
1787810007.168,9.24,6.02,2.39,20481.42,96186.64,0.00,4976.00,48053.33,0.00,49469792256.00,20224.66,0.00,16632.97
1787810010.206,10.08,6.41,3.09,22676.40,90417.00,0.00,4973.00,19317.19,0.00,49474899968.00,279315.48,0.00,20443.01
1787810013.246,13.46,8.84,3.77,47392.59,155561.86,0.00,4625.00,47785.00,72.78,49850064896.00,511594.90,0.02,51953.30
1787810016.285,12.66,7.88,2.63,55721.56,89784.99,1.00,4862.00,236139.27,0.00,49602572288.00,368703.38,0.01,53585.71
1787810019.322,13.30,8.50,3.01,54001.69,159809.62,0.00,4546.00,24218.41,0.00,49923088384.00,60815.75,0.00,60045.63
1787810022.357,12.65,7.63,3.62,34196.10,98802.78,1.00,4550.00,22954.06,0.00,49922084864.00,16176.85,0.00,40371.82
1787810025.395,17.89,11.96,5.17,58201.83,212534.76,1.00,4541.00,23648.01,0.00,49924214784.00,372251.45,0.01,54232.21
1787810028.429,10.91,8.10,2.93,36691.47,115325.07,0.00,4540.00,21672.93,0.00,49925496832.00,125344.66,0.01,44262.68
1787810031.465,12.30,7.57,4.17,39537.99,81853.85,1.00,4542.00,27590.85,0.00,49926070272.00,72911.05,0.00,41627.67
1787810034.504,14.80,9.01,5.46,29300.50,101320.58,0.00,4541.00,30506.53,15.77,49926074368.00,326905.92,0.00,29487.27
1787810037.549,14.72,8.88,4.94,63414.04,102349.02,0.00,4487.00,28951.35,596.57,49971458048.00,2821808.17,0.02,62618.34
1787810040.58,12.61,7.56,3.66,44965.78,114090.08,0.00,4485.00,26628.59,15.95,49974120448.00,106155.53,0.00,49832.32
1787810043.621,11.08,7.07,3.15,31673.31,109946.77,0.00,4494.00,24089.82,0.00,49966292992.00,44339.67,0.00,36012.82
1787810046.664,9.27,8.24,2.08,38250.43,129106.53,0.00,4490.00,21432.38,0.00,49989292032.00,0.00,0.00,47872.79
1787810049.687,14.76,7.45,4.81,37549.96,120141.01,1.00,4493.00,25209.49,0.00,49970077696.00,264513.89,0.00,34809.91
1787810052.728,15.29,7.07,5.61,40157.43,82212.58,2.00,4465.00,48192.46,0.00,49995075584.00,20168.82,0.00,39907.08
1787810055.773,11.67,6.44,4.89,39402.17,67239.92,0.00,4469.00,31124.58,0.00,49992589312.00,93491.82,0.00,38482.61
1787810058.799,12.74,7.70,3.50,30711.20,97572.67,0.00,4477.00,22766.22,0.00,49992208384.00,61193.32,0.00,37095.87
1787810061.839,13.35,6.45,4.92,55583.25,106576.45,0.00,4484.00,31822.42,0.00,49979760640.00,0.00,0.00,51689.59
1787810064.861,13.39,6.08,4.98,27540.64,85733.75,1.00,4475.00,24508.61,0.00,49982492672.00,228774.94,0.00,24285.39
1787810067.889,12.70,6.74,5.04,27752.85,56542.68,0.00,4489.00,24475.33,0.00,49973096448.00,239582.20,0.01,24644.42
1787810070.931,8.80,6.52,1.61,20807.23,84146.34,0.00,4636.00,47732.21,0.00,49819975680.00,16075.91,0.00,18290.85
1787810073.976,8.77,5.86,2.16,26941.37,90961.15,0.00,4692.00,19249.89,0.00,49757904896.00,750967.65,0.00,23517.00
1787810077.019,12.76,7.85,3.46,38353.17,127330.88,3.00,4356.00,21061.53,0.00,50109059072.00,32287.45,0.00,45283.61
1787810080.057,13.50,9.21,3.64,69339.07,146554.08,0.00,4352.00,25097.04,0.00,50109779968.00,251586.56,0.00,74399.29
1787810083.095,12.57,8.08,3.31,33887.65,73557.25,1.00,4816.00,16568.41,0.00,49628626944.00,68610.86,0.00,31166.71
1787810086.138,10.37,7.24,3.16,32830.06,107111.25,0.00,4790.00,32857.64,0.00,49659473920.00,60534.76,0.00,26074.73
1787810089.174,16.94,8.36,5.03,31933.13,103572.52,0.00,4283.00,21509.16,0.00,50192412672.00,109634.58,0.01,35360.49
1787810092.209,13.43,9.10,3.86,41349.63,127235.18,0.00,4288.00,23324.29,19.75,50185478144.00,133504.05,0.00,47573.16
1787810095.239,14.73,9.09,4.97,59781.39,216529.32,0.00,4278.00,47482.24,14.93,50200784896.00,1068387.21,0.01,65675.95
1787810098.273,11.24,6.54,4.31,43219.50,101498.14,0.00,4313.00,24849.86,0.00,50161979392.00,322563.82,0.01,39774.38
1787810101.306,12.31,6.18,5.09,44734.25,71463.09,0.00,4312.00,24298.86,0.00,50160508928.00,0.00,0.00,40992.06
1787810104.343,14.20,6.79,5.02,29566.94,61497.18,0.00,4313.00,32482.54,0.00,50159333376.00,56655.98,0.00,26114.47
1787810107.378,11.41,9.10,2.16,44449.19,109130.19,0.00,4443.00,21914.25,0.00,50053758976.00,60627.33,0.00,51210.95
1787810110.414,13.50,9.35,3.32,31419.06,125836.55,1.00,3652.00,24242.65,0.00,50903015424.00,344531.02,0.00,37452.99
1787810113.451,12.40,7.47,4.24,28043.13,120921.39,0.00,3642.00,23492.10,0.00,50912264192.00,0.00,0.00,30290.45
1787810116.495,12.04,6.76,4.07,27116.33,105946.22,0.00,3650.00,24860.74,0.00,50910928896.00,16109.73,0.00,29630.83
1787810119.542,12.12,7.09,4.24,25848.29,92681.27,0.00,3663.00,24603.04,0.00,50892791808.00,113165.72,0.01,26629.07
1787810122.587,11.42,8.06,2.84,39855.26,132039.61,1.00,3839.00,21189.76,0.00,50693406720.00,32209.77,0.00,45403.86
1787810125.633,9.37,6.91,2.61,64932.56,99631.09,2.00,4512.00,229196.42,0.00,50003714048.00,446896.45,0.01,63547.23
1787810128.677,11.46,6.84,3.23,19669.31,66022.51,0.00,4336.00,20181.88,15.74,50325962752.00,112831.20,0.00,18324.16
1787810131.719,12.62,8.38,4.00,34207.57,103277.75,1.00,4093.00,17902.63,0.00,50392596480.00,20173.09,0.00,38862.07
1787810134.751,14.03,7.48,4.59,32884.14,91740.16,0.00,4099.00,24559.71,15.95,50389405696.00,628626.62,0.03,34030.81
1787810137.798,11.91,6.78,5.09,40655.90,86465.63,2.00,4093.00,24979.51,15.77,50391695360.00,96909.33,0.00,41195.90
1787810140.827,17.82,7.84,5.04,44556.72,129108.28,0.00,4094.00,24390.39,15.90,50389274624.00,187221.51,0.00,43225.71
1787810143.869,12.81,7.45,4.97,48561.22,168639.50,0.00,4079.00,56798.08,14100.60,50436071424.00,57092793.14,0.36,50935.04
1787810146.929,10.95,7.25,3.74,46454.11,104959.47,0.00,4076.00,35927.95,628.62,50403745792.00,824901.83,0.01,48132.85
1787810149.971,16.84,12.52,4.07,48290.70,89784.68,0.00,4713.00,286356.66,0.98,49736953856.00,684508.20,0.01,45316.12
1787810153.004,13.62,8.54,5.12,45823.76,108947.17,0.00,4520.00,72513.88,0.00,49957523456.00,264506.92,0.00,49289.78
1787810156.054,11.57,8.07,2.38,65602.78,109381.94,0.00,5260.00,209978.52,0.00,49188057088.00,681317.00,0.01,67835.24
1787810159.1,10.33,8.28,2.30,42292.99,91981.14,0.00,4641.00,24022.01,0.00,49829937152.00,422154.43,0.01,51089.85
1787810162.142,14.97,8.32,5.55,47603.34,116977.76,0.00,4697.00,23083.40,0.00,49766797312.00,16154.04,0.00,47593.66
1787810165.18,15.60,12.30,3.87,47652.52,67767.57,0.00,4286.00,279324.70,54.47,50185220096.00,692712.73,0.01,48489.51
1787810168.218,15.65,9.73,6.33,59048.44,113236.53,0.00,3956.00,30816.13,1.98,50552147968.00,82966.81,0.00,65182.32
1787810171.25,15.28,8.24,3.96,69670.16,123972.18,2.00,4310.00,97889.53,48.77,50179125248.00,635919.71,0.01,67042.14
1787810174.29,10.60,5.93,2.00,16994.23,69333.78,0.00,4311.00,16545.56,0.00,50185560064.00,137326.49,0.00,14235.05
1787810177.328,15.26,8.17,4.63,19124.70,75441.63,0.00,4319.00,19319.15,0.00,50177933312.00,44473.93,0.00,17310.61
1787810180.373,20.75,8.99,10.30,47490.00,73912.78,0.00,3884.00,54018.83,0.00,50564739072.00,320921.47,0.00,43684.05
1787810183.413,13.49,5.93,5.24,36126.07,77217.59,0.00,3900.00,24204.03,0.00,50545942528.00,16157.72,0.00,32990.52
1787810186.455,16.67,9.84,4.77,45521.96,96543.93,0.00,4126.00,258961.90,0.00,50433736704.00,258062.13,0.00,44940.66
1787810189.495,14.29,7.66,5.03,34072.61,116304.65,0.00,3864.00,19056.77,0.00,50750689280.00,519268.08,0.01,42857.47
1787810192.543,12.65,8.77,3.16,46914.62,121437.83,1.00,3917.00,19220.33,0.00,50619871232.00,0.00,0.00,55747.24
1787810195.584,12.54,7.86,3.47,65979.21,136637.59,0.00,3911.00,30223.65,0.00,50615312384.00,125320.13,0.00,72445.79
1787810198.625,13.77,8.68,3.22,42662.72,112544.23,0.00,3913.00,22667.92,0.00,50616242176.00,1646994.17,0.01,49923.43
1787810201.673,23.63,18.01,4.10,37451.65,108326.32,16.00,4146.00,215233.26,0.00,50373447680.00,162055.75,0.00,37007.06
1787810204.713,12.22,7.61,2.23,69156.11,88389.65,0.00,4829.00,219942.09,0.00,49694314496.00,556098.02,0.01,68711.63
1787810207.746,10.23,6.38,2.38,21518.76,86456.28,0.00,4501.00,61212.82,0.00,50045300736.00,100875.35,0.01,19106.12
1787810210.791,12.06,8.23,2.61,44344.37,106910.55,0.00,4336.00,22394.14,0.00,50216927232.00,205610.31,0.00,52312.24
1787810213.832,11.47,7.54,3.00,43962.58,104679.98,0.00,4335.00,20592.69,0.00,50215067648.00,16135.37,0.00,49052.08
1787810216.87,20.11,10.10,10.26,47250.50,154519.21,1.00,4281.00,239958.37,122676.42,50276814848.00,517558251.39,0.52,51921.41
1787810219.907,27.99,14.19,11.41,41921.82,183731.09,0.00,4263.00,228999.07,107326.99,50287456256.00,451189613.82,0.45,43395.08
1787810222.947,16.43,9.90,6.42,39392.59,154741.39,1.00,4343.00,175060.46,91728.11,50169053184.00,376351491.91,0.33,48417.78
1787810225.987,19.74,12.52,8.30,57708.78,202213.72,0.00,4336.00,182087.12,82006.59,50159845376.00,336809540.68,0.29,53690.71
1787810229.024,12.32,6.95,4.17,27273.49,84587.00,0.00,4350.00,23267.16,17.81,50172063744.00,1280694.30,0.01,31112.95
1787810232.067,13.17,9.48,3.78,37347.75,144777.55,2.00,4331.00,42681.59,15.79,50197143552.00,189977.55,0.00,43680.92
1787810235.109,14.96,9.39,5.08,29540.47,119450.99,0.00,4346.00,21377.35,0.00,50174656512.00,250095.38,0.00,34203.57
1787810238.152,14.29,8.58,3.40,34245.21,134592.12,0.00,4344.00,21932.68,0.00,50177609728.00,311959.60,0.01,41039.83
1787810241.196,13.57,7.38,3.77,29012.27,102975.64,0.00,4368.00,22744.86,0.00,50153209856.00,129062.46,0.01,32177.46
1787810244.232,17.39,6.84,5.76,20293.09,64744.67,0.00,4373.00,31526.26,0.00,50149302272.00,221633.18,0.00,17394.22
1787810247.272,12.31,6.34,4.56,21906.68,84553.32,0.00,4375.00,24416.07,0.00,50147713024.00,158067.71,0.00,19822.70
1787810250.307,9.77,6.49,2.94,29440.58,103212.26,0.00,4737.00,105793.66,0.00,49800359936.00,559481.81,0.01,26215.31
1787810253.348,10.31,7.15,3.15,37994.01,121830.92,0.00,4772.00,21368.49,0.00,49730314240.00,40297.12,0.00,40289.73
1787810256.389,12.49,8.16,4.08,29579.10,106911.28,0.00,3871.00,61499.52,15.76,50673373184.00,88758.98,0.00,33228.88
1787810259.428,11.19,7.91,2.69,30532.57,100920.48,0.00,3864.00,29018.78,0.00,50692370432.00,28202.38,0.00,36416.22
1787810262.463,13.77,9.49,3.93,33646.53,157269.20,0.00,3867.00,24272.41,15.79,50676887552.00,214301.67,0.00,36191.72
1787810265.5,17.15,9.97,5.56,36498.69,231205.51,0.00,3868.00,30694.75,25.72,50676383744.00,303949.59,0.01,28530.75
1787810268.536,10.51,6.11,4.25,23563.01,84350.55,0.00,3994.00,25551.81,7.91,50679316480.00,182285.48,0.01,22525.31
1787810271.574,13.60,9.14,3.72,38301.37,72438.30,0.00,4431.00,190832.10,0.00,50211278848.00,24350.54,0.00,34958.98
1787810274.612,9.78,7.30,3.11,35975.00,109412.63,0.00,4132.00,21172.41,0.00,50534891520.00,16281.27,0.00,41407.55
1787810277.648,11.22,6.47,2.85,19507.22,70920.66,1.00,4775.00,9151.40,0.00,49857466368.00,213964.42,0.01,15808.22
1787810280.691,10.64,8.67,2.55,44638.24,109931.91,0.00,4286.00,24701.56,15.84,50370392064.00,348734.48,0.02,52621.01
1787810283.737,10.73,7.55,2.62,41403.70,132961.34,0.00,4307.00,23310.66,0.00,50348761088.00,0.00,0.00,45496.77
1787810286.773,15.65,11.79,3.39,78896.20,114523.72,0.00,4337.00,29446.42,23.64,50323918848.00,201767.46,0.00,84441.18
1787810289.815,11.73,6.00,5.16,31871.49,78367.76,0.00,4328.00,24236.29,0.00,50318856192.00,16149.64,0.00,27521.69
1787810292.859,16.59,8.63,6.55,59752.98,348621.82,0.00,4280.00,50576.52,0.00,50377752576.00,141318.92,0.00,50090.69
1787810295.883,11.83,6.92,3.11,65025.63,285345.54,0.00,5116.00,57201.22,0.00,49494269952.00,211892.64,0.01,56738.36
1787810298.916,14.20,8.77,3.65,71328.85,437251.56,0.00,4945.00,22158.31,0.00,49676238848.00,0.00,0.00,68787.55
1787810301.949,12.48,6.60,3.03,35170.03,87565.66,0.00,5457.00,9643.35,0.00,49144750080.00,32579.98,0.00,30924.12
1787810305,16.94,11.69,5.15,38262.67,90702.94,0.00,4975.00,67673.09,52.17,49656324096.00,354807.03,0.01,42697.00
1787810308.042,14.89,6.07,5.38,34373.13,96237.50,0.00,4983.00,31555.71,0.00,49644011520.00,189182.93,0.00,30146.60
1787810311.087,11.14,5.76,5.15,25263.17,74453.05,0.00,4917.00,35649.91,0.00,49991958528.00,241865.12,0.00,23303.08
1787810314.113,11.36,7.92,3.50,36794.25,114212.75,1.00,4921.00,21916.83,15.91,49694310400.00,85546.93,0.00,45395.12
1787810317.153,11.29,7.32,2.39,46486.56,87284.07,0.00,5483.00,9142.91,0.00,49096912896.00,230196.62,0.01,44233.39
1787810320.197,10.00,6.54,2.85,42280.45,56965.89,0.00,5143.00,107357.89,0.00,49456234496.00,120964.42,0.01,41555.81
1787810323.224,15.09,7.55,5.45,60431.69,108675.04,0.00,4969.00,25352.96,0.00,49636061184.00,85688.02,0.00,58047.51
1787810326.268,13.82,6.68,5.99,60192.29,110043.48,0.00,4966.00,48981.98,7.86,49634791424.00,72412.25,0.00,55125.84
1787810329.313,18.07,14.04,4.45,36646.62,107072.84,0.00,4835.00,66517.48,0.00,49780441088.00,237278.10,0.00,46390.80
1787810332.362,12.93,10.68,0.54,12895.16,95328.58,0.00,4596.00,25701.79,0.00,50030878720.00,282064.47,0.00,10122.14
1787810335.404,13.80,9.66,2.68,24100.40,98146.42,0.00,5267.00,23455.30,0.00,49461071872.00,20109.03,0.00,19921.49
1787810338.442,11.25,5.68,2.15,18080.06,74539.13,0.00,5444.00,9126.96,0.00,49470976000.00,144836.96,0.00,16569.63
1787810341.483,15.78,8.31,6.54,42452.45,85529.06,0.00,4927.00,24922.92,0.00,50004926464.00,36291.62,0.00,39144.94
1787810344.532,13.34,6.29,4.99,35017.12,64666.26,0.00,5128.00,24812.76,0.00,49483849728.00,56346.54,0.00,32421.73
1787810347.573,11.95,7.91,3.07,55408.27,115656.76,0.00,5004.00,20685.19,0.00,49629437952.00,24162.71,0.00,65435.60
1787810350.617,10.15,7.64,2.47,52882.51,98109.05,1.00,5664.00,168941.12,0.00,48936251392.00,238731.97,0.00,49932.14
1787810353.652,11.05,7.24,3.04,31971.33,96100.35,0.00,5638.00,20325.91,0.00,48953962496.00,146956.48,0.00,29794.17
1787810356.696,11.16,7.76,3.03,39135.37,103902.79,1.00,5113.00,159234.98,0.00,49505677312.00,178995.34,0.00,39745.48
1787810359.736,11.08,6.38,5.46,40617.37,63403.05,0.00,5129.00,25000.14,0.00,49482665984.00,68471.13,0.00,37256.62
1787810362.785,12.08,6.15,5.08,40810.72,83999.95,0.00,5140.00,25345.06,0.00,49473130496.00,205738.75,0.00,37389.90
1787810365.83,10.66,7.68,3.15,60118.50,158981.99,0.00,4966.00,24428.54,33.40,49664307200.00,253487.88,0.00,65485.50
1787810368.871,14.48,9.08,4.08,31754.51,66668.11,0.00,5655.00,19137.84,0.00,48931778560.00,746673.39,0.01,28826.55
1787810371.902,11.84,7.16,3.19,19094.98,101451.34,0.00,5663.00,9398.67,0.00,48940994560.00,57080.87,0.00,15488.40
1787810374.947,12.41,7.56,4.63,28501.34,95280.11,1.00,5112.00,66920.87,0.00,49495928832.00,68711.89,0.00,26366.90
1787810377.992,15.80,7.54,5.23,29563.38,57833.61,0.00,5122.00,31626.13,0.00,49488285696.00,28217.09,0.00,26941.00
1787810381.036,12.21,6.07,4.92,22831.19,59188.79,0.00,3976.00,316905.51,0.00,50724413440.00,278251.01,0.00,18859.31
1787810384.078,13.05,8.25,3.31,53197.02,156253.11,0.00,4925.00,24206.02,13.81,49699532800.00,355542.44,0.00,57124.31
1787810387.12,12.04,7.09,3.54,41316.04,100244.45,0.00,5654.00,42152.15,0.99,48934649856.00,84809.11,0.00,37674.11
1787810390.159,9.27,5.92,2.15,32904.53,89240.75,0.00,5651.00,9252.46,0.00,48937197568.00,0.00,0.00,28698.50
1787810393.193,8.77,6.44,2.72,27671.45,72821.75,0.00,5108.00,154760.99,0.00,49511583744.00,118026.69,0.00,24352.11
1787810396.232,11.95,6.30,4.91,26886.90,77277.37,0.00,5115.00,24180.82,0.00,49500647424.00,16104.82,0.00,22232.11
1787810399.275,12.66,6.38,5.38,42590.49,62591.48,0.00,5121.00,33713.62,0.00,49494519808.00,229614.54,0.01,39996.98
1787810402.328,11.41,7.74,2.24,41113.09,128458.22,0.00,4861.00,22302.97,0.00,49762123776.00,8112.69,0.00,47228.87
1787810405.367,10.13,6.57,2.09,21284.80,79294.94,0.00,4140.00,90927.05,0.00,50534916096.00,20269.35,0.00,20020.27
1787810408.407,10.93,7.07,3.61,34317.29,113850.55,0.00,3972.00,23094.75,0.00,50701000704.00,116924.66,0.01,39152.99
1787810411.45,17.76,10.85,5.69,59021.24,109731.73,0.00,3948.00,63103.25,46.29,50727428096.00,221856.53,0.00,67144.74
1787810414.5,14.11,8.53,4.61,38896.67,135434.33,0.00,3942.00,26156.29,0.00,50729058304.00,100688.09,0.00,39400.94
1787810417.541,13.46,7.69,4.00,21535.81,77611.38,0.00,4231.00,54404.82,0.00,50438553600.00,137029.45,0.00,20032.93
1787810420.585,13.05,8.01,3.93,72139.11,103175.50,0.00,5049.00,211473.33,317.25,49692327936.00,1553701.71,0.02,73245.54
1787810423.628,11.62,6.29,2.92,29023.64,91681.55,0.00,4457.00,139493.34,75.60,50195845120.00,486606.67,0.00,28514.38
1787810426.667,15.82,8.30,6.53,29554.84,77676.02,0.00,4453.00,24273.08,15.74,50197012480.00,116853.91,0.00,26919.26
1787810429.708,10.25,7.14,2.46,28710.80,89212.14,0.00,5289.00,115764.57,0.00,49399705600.00,104719.00,0.01,25939.56
1787810432.746,9.93,6.47,3.70,38588.44,102258.92,0.00,5049.00,22947.17,47.33,49569185792.00,472563.19,0.02,43008.63
1787810435.788,9.97,6.72,2.70,31826.66,70529.11,0.00,4173.00,94757.09,47.47,50488320000.00,222778.69,0.01,32643.68
1787810438.835,11.44,7.70,2.39,38770.56,112286.90,0.00,4177.00,22818.27,14.78,50488053760.00,165500.95,0.00,48176.00
1787810441.874,10.38,7.23,3.54,40959.44,119202.37,0.00,4176.00,29481.54,0.00,50489819136.00,28233.90,0.00,47647.28
1787810444.903,14.34,8.71,4.51,38692.28,118977.73,0.00,4176.00,25715.46,15.94,50482257920.00,322461.22,0.01,39365.12
1787810447.95,13.67,7.32,5.47,64193.58,86652.65,0.00,4167.00,31843.40,15.78,50489942016.00,339231.71,0.01,62973.92
1787810450.995,19.29,14.51,4.61,40629.96,93796.30,0.00,4512.00,294429.58,14.75,50127912960.00,370431.35,0.01,39008.68
1787810454.038,11.90,8.32,2.39,35790.51,132546.13,0.00,4218.00,20270.49,11.82,50452631552.00,229960.68,0.02,45789.65
1787810457.084,9.28,5.53,0.69,8708.27,69188.18,0.00,4222.00,9166.60,0.98,50441433088.00,32228.67,0.00,5852.07
1787810460.121,11.38,9.51,2.15,14917.65,85639.25,0.00,4223.00,12162.76,0.00,50446274560.00,28159.78,0.00,11469.15
1787810463.167,13.17,7.61,3.77,24854.27,80230.85,0.00,4925.00,16765.80,0.98,49694646272.00,76634.66,0.00,22936.12
1787810466.202,9.65,5.99,2.41,16046.89,60478.08,0.00,4774.00,9357.87,94.60,49860505600.00,428288.90,0.01,14586.79
1787810469.237,14.93,10.44,3.40,48957.77,132322.77,0.00,4435.00,30307.52,3.96,50214608896.00,81142.30,0.00,56318.00
1787810472.27,14.18,6.92,5.52,42050.24,80842.40,0.00,4421.00,50233.25,31.86,50228142080.00,199849.64,0.00,42588.19
1787810475.3,12.93,7.48,4.28,46354.02,146111.24,0.00,4431.00,24231.60,0.00,50218098688.00,126566.48,0.00,50602.86
1787810478.342,12.70,6.54,3.54,40965.10,90135.62,0.00,4428.00,18172.81,0.00,50220118016.00,20159.19,0.00,45653.44
1787810481.384,13.58,7.85,3.77,46655.06,123346.20,0.00,4423.00,21292.26,14.77,50216800256.00,221875.24,0.01,51154.90
1787810484.432,17.38,10.63,5.59,41090.04,116333.59,0.00,4428.00,23218.07,17.87,50216030208.00,243984.84,0.00,48974.32
1787810487.481,11.42,5.92,4.69,39391.42,82029.63,0.00,4423.00,24892.05,0.00,50215522304.00,48359.45,0.00,39311.04
1787810490.519,13.32,6.45,5.07,44457.97,78150.38,0.00,4436.00,31594.92,0.00,50209787904.00,48310.89,0.00,42423.03
1787810493.562,13.42,6.14,5.37,33924.31,96689.34,0.00,4448.00,24411.24,15.71,50189438976.00,189074.92,0.01,30500.44
1787810496.606,11.38,7.31,3.16,38735.08,92299.52,0.00,4940.00,22836.41,0.00,49686577152.00,0.00,0.00,44997.96
1787810499.656,10.01,6.70,2.54,31341.89,131974.21,0.00,4114.00,84181.25,0.00,50570022912.00,88816.64,0.00,34260.01
1787810502.692,12.91,8.12,4.72,41730.33,104716.83,0.00,4114.00,23721.03,32.67,50572267520.00,182458.81,0.00,40632.21
1787810505.734,13.93,10.59,3.84,58197.41,269521.04,0.00,4109.00,23165.53,15.70,50572677120.00,422019.26,0.00,58160.04
1787810508.774,16.94,10.82,3.99,40154.29,125581.02,0.00,4115.00,23164.24,46.17,50575974400.00,273617.01,0.00,47169.34
1787810511.819,12.76,7.44,4.07,34570.13,109406.75,0.00,4112.00,28983.78,0.00,50568663040.00,76446.62,0.00,38355.63
1787810514.86,10.59,7.00,3.31,40259.28,113551.69,0.00,4119.00,22363.10,0.00,50569588736.00,68495.96,0.01,50631.87
1787810517.908,12.20,6.86,4.09,40112.53,108096.98,0.00,4117.00,19699.03,30.59,50569695232.00,339531.49,0.02,45086.58
1787810520.947,14.65,9.08,4.54,42311.51,98468.40,0.00,4098.00,25380.40,0.00,50576199680.00,68603.25,0.00,46718.63
1787810523.987,11.52,7.00,3.92,35501.63,90082.26,0.00,4142.00,24007.55,0.00,50507415552.00,141198.89,0.00,37466.96
1787810527.028,12.91,8.34,3.55,34239.21,102431.01,0.00,4146.00,23048.51,0.00,50504572928.00,72866.54,0.01,37517.21
1787810530.06,12.10,7.24,3.46,38260.17,114657.35,0.00,4152.00,22808.49,15.77,50491600896.00,334996.25,0.00,42927.07
1787810533.106,12.62,7.23,4.23,46104.96,93298.53,0.00,4125.00,33764.72,0.00,50517041152.00,157374.96,0.00,48186.07
1787810536.147,15.57,8.33,5.32,35337.38,104135.13,0.00,4139.00,24258.92,0.00,50507157504.00,133391.49,0.00,36354.63
1787810539.191,12.18,7.70,3.69,30831.14,112751.29,0.00,4130.00,24779.00,0.00,50537963520.00,117027.10,0.00,36552.56
1787810542.234,12.94,7.85,2.92,32734.47,104410.90,0.00,4135.00,22911.27,0.00,50531282944.00,125131.46,0.01,38369.68
1787810545.277,12.94,6.40,4.94,21707.89,63365.52,1.00,4147.00,25318.96,242.84,50524553216.00,1067471.46,0.01,20321.98
1787810548.322,14.45,9.90,3.61,32819.32,105608.19,0.00,4138.00,22102.33,0.00,50528387072.00,40257.53,0.00,41070.77
1787810551.365,12.75,7.18,3.01,31191.83,114657.45,0.00,4143.00,21861.08,0.00,50522705920.00,44548.75,0.00,37330.60
1787810554.394,12.24,7.31,3.89,27753.16,82651.42,0.00,4144.00,23434.99,14.93,50520670208.00,269038.59,0.01,32106.58
1787810557.445,19.65,11.53,6.46,27420.56,90025.14,1.00,4152.00,22724.51,0.00,50513571840.00,84647.11,0.00,30063.25
1787810560.487,18.80,7.62,4.00,27273.27,93620.86,1.00,4153.00,30941.51,0.00,50518794240.00,28257.84,0.00,30452.00
1787810563.521,13.79,8.05,3.71,29787.53,100129.06,0.00,4150.00,21481.41,0.00,50520121344.00,44626.82,0.00,36875.42
1787810566.567,14.85,8.69,4.46,30047.26,127632.70,0.00,4137.00,47014.49,0.00,50527932416.00,133052.53,0.00,34538.46
1787810569.606,11.45,7.52,3.15,44078.26,123223.91,0.00,4158.00,22694.13,0.00,50492301312.00,144802.48,0.01,49471.62
1787810572.646,15.68,8.08,4.54,28737.70,90812.50,0.00,4167.00,22970.45,47.30,50492436480.00,254310.88,0.01,33421.43
1787810575.694,14.15,7.07,3.07,22169.28,73428.60,0.00,4387.00,25832.34,0.00,50292662272.00,1019605.72,0.00,19703.73
1787810578.728,10.11,7.23,2.39,20025.27,80487.31,0.00,4404.00,9298.82,0.00,50270658560.00,322847.78,0.01,17096.83
1787810581.775,11.30,8.06,3.07,41208.37,94316.19,0.00,4064.00,30536.11,24.56,50624921600.00,181100.29,0.00,47224.87
1787810584.823,14.24,7.99,3.54,47072.56,91007.87,0.00,4753.00,108023.21,0.00,49859551232.00,40295.35,0.00,43781.45
1787810587.86,12.07,6.32,2.70,20251.21,74717.22,0.00,4754.00,19440.09,0.00,49868779520.00,32334.04,0.00,17617.85
1787810590.899,13.62,8.40,6.40,53535.68,195672.38,14.00,4696.00,70217.45,6208.71,49919270912.00,25670654.75,0.07,43159.15
1787810593.938,15.76,9.92,4.69,60735.67,834147.45,1.00,4621.00,36856.54,3976.25,49988452352.00,17940769.64,0.31,47758.05
1787810596.976,22.89,15.78,6.03,62634.91,220942.10,0.00,4039.00,67193.94,4132.15,50618109952.00,19425322.53,0.23,61875.61
1787810600.015,12.33,6.65,5.18,28308.59,91652.83,0.00,4024.00,24103.45,0.00,50612641792.00,437493.58,0.00,25305.70
1787810603.054,14.45,7.83,5.84,39053.61,93377.73,0.00,4030.00,31240.92,0.00,50601537536.00,52341.47,0.00,38590.34
1787810606.089,14.73,7.16,3.54,42490.67,145281.18,0.00,4458.00,121760.67,7.88,50168623104.00,940591.90,0.01,37629.43
1787810609.122,9.90,6.46,2.80,31160.55,105034.22,0.00,4472.00,169774.44,0.00,50175647744.00,236698.63,0.01,30888.15
1787810612.169,12.50,7.84,2.61,38184.80,102243.69,0.00,4499.00,22881.97,0.00,50115014656.00,44302.78,0.00,43420.41
1787810615.212,13.88,7.01,3.54,34813.19,103747.30,0.00,4505.00,23548.67,0.00,50113908736.00,24235.02,0.00,36885.15
1787810618.25,14.13,6.56,4.40,54920.80,94109.16,0.00,4508.00,25143.84,0.00,50102345728.00,226545.45,0.00,52953.00
1787810621.289,17.51,10.77,4.85,53985.83,108664.94,0.00,4538.00,23486.66,0.00,50107408384.00,48403.20,0.00,60432.19
1787810624.327,10.19,6.57,2.78,22633.22,91635.31,0.00,4057.00,64577.57,216.72,50626772992.00,972819.85,0.01,19880.25
1787810627.363,17.93,11.02,6.32,32429.77,152199.07,0.00,3846.00,89286.89,295.80,50981687296.00,1700286.39,0.01,36347.89
1787810630.405,11.94,8.54,3.08,31506.04,117459.90,0.00,3840.00,20970.87,0.00,50993278976.00,64550.60,0.00,36143.54
1787810633.44,14.70,7.56,6.18,21548.48,92270.89,0.00,3864.00,24479.77,0.00,50964959232.00,437043.63,0.00,17324.09
1787810636.475,13.88,6.48,5.24,19378.53,89004.51,0.00,3864.00,24937.24,0.00,50963361792.00,48495.17,0.00,14679.65
1787810639.514,11.20,6.71,2.70,27909.02,76897.18,0.00,5634.00,104827.93,0.00,49113157632.00,133465.66,0.01,24221.70
1787810642.564,11.87,7.52,3.30,49676.31,77435.16,0.00,5618.00,96851.42,15.72,49091145728.00,84502.58,0.00,48190.49
1787810645.609,13.63,12.18,0.69,26818.66,80874.46,0.00,4928.00,185935.37,0.00,49955962880.00,1972783.00,0.03,24337.35
1787810648.648,14.77,9.30,4.53,57259.71,152246.00,0.00,4767.00,24574.30,31.48,50129928192.00,221594.66,0.00,59550.69
1787810651.692,19.37,11.10,5.78,95649.47,127483.61,0.00,4752.00,66005.17,0.00,50149642240.00,40421.80,0.00,100243.90
1787810654.728,11.85,7.48,2.85,38171.25,110545.63,0.00,4757.00,22458.67,0.00,50143125504.00,97011.02,0.00,43488.53
1787810657.771,13.77,9.93,3.93,48111.50,114429.62,2.00,4762.00,24310.96,63.06,50132729856.00,363245.48,0.00,51932.59
1787810660.82,14.51,7.87,5.25,49573.59,91323.05,1.00,4783.00,24302.85,15.82,50108661760.00,113385.63,0.00,47303.65
1787810663.865,11.65,6.95,4.40,28391.14,104659.03,0.00,4784.00,24397.54,31.63,50109685760.00,234839.54,0.01,27746.44
1787810666.909,20.81,17.66,2.70,65004.28,80147.46,0.00,4340.00,116288.27,0.00,50546860032.00,32356.00,0.00,63012.70
1787810669.946,10.53,7.97,2.55,42437.03,118873.18,0.00,4058.00,14693.36,0.00,50860236800.00,324332.76,0.01,54296.40
1787810672.987,14.93,9.67,3.76,55432.93,94809.34,0.00,5242.00,197994.71,0.00,49480679424.00,245807.16,0.00,55788.70
1787810676.03,11.50,5.94,2.70,33534.20,86432.72,0.00,5055.00,55747.11,739.80,49667796992.00,3054515.13,0.01,31718.89
1787810679.073,13.69,7.22,3.30,44139.37,152450.87,0.00,4738.00,20166.58,0.00,50004254720.00,233772.56,0.00,49383.70
1787810682.111,12.68,7.75,3.53,51780.21,99389.88,0.00,4735.00,20921.50,13.75,50002386944.00,72417.85,0.00,57933.94
1787810685.148,11.63,9.39,2.69,60642.96,182262.86,0.00,4731.00,20205.45,15.76,50007048192.00,669872.51,0.04,66169.65
1787810688.189,12.65,8.37,4.15,39182.95,122561.32,1.00,4731.00,21585.25,0.00,50009448448.00,108779.02,0.00,46729.62
1787810691.227,13.76,7.39,3.23,38333.77,114215.37,0.00,4728.00,23083.78,0.00,50012442624.00,52443.26,0.00,46058.35
1787810694.267,13.30,9.18,4.01,43490.16,131418.63,0.00,4729.00,30266.22,0.00,50009722880.00,12136.51,0.00,51832.19
1787810697.301,16.01,10.08,4.16,41065.54,145791.06,0.00,4735.00,22442.66,0.00,50007511040.00,40365.84,0.00,48771.38
1787810700.339,12.80,6.61,4.92,58168.64,103299.52,0.00,4720.00,27636.99,15.74,50009763840.00,96722.09,0.00,58514.24
1787810703.374,12.60,7.03,5.33,37330.69,86425.58,0.00,4730.00,24331.97,0.00,49999392768.00,113360.05,0.00,33892.16
1787810706.418,11.55,6.21,4.83,35694.85,69057.28,0.00,4716.00,23826.37,0.00,50013298688.00,0.00,0.00,33329.28
1787810709.451,13.17,8.17,2.88,49867.66,132182.42,0.00,4733.00,21928.62,0.00,49995440128.00,183630.14,0.00,57862.81
1787810712.486,14.72,8.57,5.56,52867.31,129710.78,0.00,4718.00,46297.54,15.81,50016137216.00,125443.89,0.00,61323.84
1787810715.515,15.01,6.58,5.34,49843.04,90599.28,0.00,4723.00,31871.71,0.00,50010726400.00,174625.14,0.00,45748.10
1787810718.558,11.58,6.60,4.76,32710.95,83901.30,0.00,4734.00,24375.47,0.00,50000601088.00,40257.21,0.00,30048.24
1787810721.598,19.77,15.08,4.69,50976.37,93957.78,0.00,5677.00,308988.99,0.00,49014722560.00,278511.97,0.01,46731.34
1787810724.627,12.38,7.01,4.36,33714.78,110426.72,0.00,5532.00,23472.57,0.00,49196978176.00,563389.49,0.01,40894.33
1787810727.672,16.11,8.01,4.43,39195.29,111722.50,0.00,5522.00,21583.27,15.92,49206128640.00,167063.46,0.01,45119.57
1787810730.723,13.05,8.09,3.23,30582.98,92388.01,1.00,4626.00,59245.77,0.00,50151710720.00,16158.39,0.00,32434.36
1787810733.762,13.50,7.77,4.08,43507.82,106124.94,0.00,4646.00,21882.00,0.00,50107310080.00,32286.99,0.00,50243.64
1787810736.806,11.70,7.59,3.33,56806.13,84404.31,0.00,4649.00,31037.91,0.00,50094075904.00,60939.16,0.00,61109.88
1787810739.839,12.62,8.54,3.49,49979.41,150691.04,0.00,4647.00,24028.81,7.95,50095251456.00,284762.34,0.00,52984.22
1787810742.88,12.65,6.47,4.70,33444.37,87511.69,0.00,4643.00,32169.43,14.79,50111029248.00,185784.99,0.00,29495.51
1787810745.924,24.65,15.88,7.14,65449.41,322944.74,0.00,5019.00,358272.05,13349.06,49592000512.00,55507261.91,0.84,48071.85
1787810748.962,11.15,8.17,3.16,34114.29,106695.34,0.00,4392.00,103536.81,15.79,50311237632.00,315249.07,0.00,40144.89
1787810751.994,10.84,6.68,2.95,25911.02,57125.67,0.00,4028.00,105466.38,220.94,50645921792.00,964600.68,0.01,23528.96
1787810755.035,11.87,6.41,5.02,21572.10,117690.78,0.00,3863.00,25493.94,30.64,50810503168.00,421028.49,0.01,17109.68
1787810758.077,11.46,6.26,5.03,19275.53,64593.62,0.00,3853.00,32117.64,0.00,50814251008.00,97312.14,0.00,16509.36
1787810761.118,11.55,6.30,4.53,22483.50,98709.91,1.00,3857.00,23448.23,0.00,50811846656.00,20119.82,0.00,20296.51
1787810764.16,10.26,7.77,3.31,45069.06,117019.58,0.00,5177.00,72371.63,0.00,49420783616.00,781839.90,0.01,51936.25
1787810767.203,13.96,7.14,2.76,55250.91,94030.82,0.00,4607.00,50794.83,0.00,50018082816.00,24153.66,0.00,54013.32
1787810770.249,14.97,8.07,4.61,64768.47,150088.90,0.00,4286.00,23179.27,28.55,50352553984.00,379011.14,0.01,69817.92
1787810773.293,12.81,6.32,4.93,25772.22,97987.73,0.00,4269.00,24298.25,33.57,50373468160.00,137488.68,0.00,24381.14
1787810776.335,12.95,7.31,4.62,40676.35,98522.84,0.00,4269.00,24242.41,43.36,50369302528.00,306795.83,0.01,39313.52
1787810779.38,11.34,7.38,4.46,43723.09,96371.40,0.00,4283.00,24418.70,0.00,50349793280.00,112820.06,0.00,43866.64
1787810782.418,13.49,10.26,3.32,40449.04,105722.16,0.00,4309.00,46514.67,0.00,50328535040.00,125315.54,0.00,38690.07
1787810785.464,14.79,11.70,3.00,89315.47,96045.90,1.00,4995.00,215637.96,64.08,49719390208.00,1029705.48,0.01,92064.80
1787810788.505,10.03,6.16,2.31,54508.09,88581.82,0.00,4677.00,56219.92,126.22,50053120000.00,670465.94,0.01,52935.04
1787810791.546,12.96,7.32,4.08,33944.59,92359.76,0.00,4353.00,24770.22,0.00,50395942912.00,262417.83,0.00,35385.17
1787810794.594,20.93,8.78,5.70,23442.90,76404.61,0.00,4387.00,24173.55,0.00,50300846080.00,153473.81,0.00,20674.70
1787810797.641,12.93,6.15,5.07,23855.66,73816.57,0.00,4394.00,24948.01,0.00,50299740160.00,8054.47,0.00,21226.97
1787810800.68,13.00,7.08,5.00,53401.59,114170.78,0.00,4377.00,26038.17,0.00,50311143424.00,120985.05,0.00,51415.98
1787810803.715,21.11,18.07,3.49,60316.56,105082.29,0.00,4902.00,377611.00,2.98,49756336128.00,691113.02,0.01,59070.60
1787810806.751,15.65,9.88,4.32,32047.93,96266.40,0.00,4180.00,167986.42,20.76,50654318592.00,234892.27,0.00,29905.11
1787810809.785,12.17,8.00,4.04,29462.89,90611.05,0.00,4133.00,23049.26,63.64,50652532736.00,696465.65,0.01,34568.26
1787810812.826,13.19,7.07,3.92,25653.11,90818.42,0.00,4126.00,24221.98,15.73,50653007872.00,64416.33,0.00,29722.54
1787810815.872,11.81,6.68,3.22,29148.68,107691.61,0.00,4129.00,27132.57,15.71,50652581888.00,949287.27,0.01,34978.27
1787810818.909,14.44,12.47,2.25,67882.46,68082.60,0.00,4495.00,131928.68,0.00,50311069696.00,44640.04,0.00,66025.91
1787810821.942,9.52,7.01,2.47,64511.68,94348.91,0.00,5067.00,224957.71,0.00,49698619392.00,246503.70,0.00,64250.58
1787810824.973,11.89,8.38,3.65,48208.98,131405.61,0.00,4597.00,59870.54,0.00,50143363072.00,191258.26,0.00,51903.95
1787810828.017,14.34,8.45,6.07,47862.54,86739.06,0.00,4601.00,32351.86,0.00,50126626816.00,44306.68,0.00,44645.67
1787810831.059,17.46,11.46,4.00,83393.94,123409.69,0.00,5387.00,229236.12,0.00,49297010688.00,766266.85,0.01,78641.44
1787810834.11,13.92,8.13,4.45,42267.38,114066.62,0.00,5266.00,29037.64,16.70,49466093568.00,116708.64,0.00,49524.28
1787810837.151,10.68,7.70,2.62,34924.72,97736.22,1.00,4426.00,23844.69,0.00,50362830848.00,16140.78,0.00,42955.78
1787810840.199,11.63,7.41,3.01,49531.99,118082.59,0.00,4433.00,23633.91,0.00,50343227392.00,101200.66,0.00,56164.16
1787810843.241,11.54,7.16,4.08,43350.89,122536.18,0.00,4430.00,23868.90,0.00,50334674944.00,60541.86,0.00,46365.35
1787810846.28,13.22,8.56,3.47,49438.59,241736.95,0.00,4374.00,20089.58,0.00,50407690240.00,113153.59,0.01,53576.41
1787810849.321,11.81,7.76,3.61,54028.32,271906.79,0.00,4408.00,30237.76,0.00,50372890624.00,60420.45,0.00,55403.76
1787810852.36,21.14,12.25,7.39,59925.27,550882.34,1.00,4406.00,33775.15,7.89,50331779072.00,76747.27,0.00,50681.41
1787810855.405,15.75,8.31,5.62,60975.08,89825.40,0.00,4372.00,32918.74,15.76,50375319552.00,815055.32,0.01,61279.06
1787810858.435,10.85,6.31,3.11,27339.76,81864.77,0.00,4583.00,95850.62,0.00,50161709056.00,57159.51,0.00,24710.05
1787810861.477,15.76,9.87,3.93,54563.39,131297.34,0.00,5395.00,60333.76,15.79,49385160704.00,1507784.32,0.02,58865.84
1787810864.515,10.74,5.71,3.24,26064.61,87041.81,0.00,5167.00,19880.02,0.00,49547358208.00,105246.72,0.00,23308.16
1787810867.557,11.36,7.16,3.08,54300.85,91151.59,1.00,4993.00,28028.06,63.11,49719697408.00,274657.82,0.00,51801.71
1787810870.596,8.25,5.61,2.61,23503.06,67413.54,0.00,4995.00,19244.71,15.74,49714307072.00,141020.33,0.00,20547.53
1787810873.641,10.98,7.32,3.00,19877.72,75645.89,0.00,4991.00,9108.61,0.00,49721311232.00,52473.78,0.00,17018.67
1787810876.685,15.37,8.54,3.69,27567.41,78116.37,0.00,4996.00,26595.07,0.00,49722093568.00,40351.69,0.00,24478.91
1787810879.73,9.95,5.99,2.30,18822.46,84748.23,0.00,4990.00,10347.64,0.00,49723957248.00,16098.72,0.00,15345.84
1787810882.777,13.28,8.44,2.92,47736.12,100966.72,0.00,4536.00,21687.16,0.98,50192416768.00,36214.69,0.00,53576.01
1787810885.816,11.14,6.30,4.61,36859.25,91554.00,0.00,4540.00,22807.84,0.00,50191532032.00,124899.66,0.00,34430.12
1787810888.855,14.16,7.47,5.93,28411.70,92250.73,0.00,4545.00,23009.67,0.00,50183704576.00,72718.79,0.00,24065.98
1787810891.888,21.68,9.76,9.37,90078.46,112861.07,0.00,4529.00,51052.16,11.90,50191945728.00,219303.19,0.01,86657.89
1787810894.921,10.05,5.63,5.16,28725.38,79071.78,0.00,4539.00,23571.04,0.00,50178912256.00,161686.37,0.00,24143.47
1787810897.959,13.79,9.85,2.85,109906.18,81535.67,0.00,5567.00,504512.04,0.00,49104560128.00,363344.47,0.01,105029.74
1787810900.997,14.80,8.88,4.09,43295.56,95478.01,0.00,4895.00,266933.07,373.71,49824935936.00,1753422.06,0.01,44062.03
1787810904.043,14.84,9.61,4.92,49098.33,122041.10,0.00,4577.00,20374.44,78.68,50147000320.00,515668.65,0.00,55081.33
1787810907.082,10.43,6.44,2.33,23285.90,85231.71,0.00,5143.00,209525.44,0.00,49562112000.00,13289789.01,0.06,18387.18
1787810910.122,15.79,9.53,3.53,47888.96,118595.52,0.00,4763.00,21723.19,0.00,50055737344.00,76524.79,0.00,55920.39
1787810913.163,12.95,8.24,2.85,49677.44,113620.19,0.00,4787.00,21388.12,15.76,49935036416.00,96819.74,0.01,56489.57
1787810916.204,10.60,7.46,3.46,41259.32,100596.55,0.00,4782.00,22168.40,0.00,49933582336.00,8064.81,0.00,45330.40
1787810919.241,12.31,8.44,3.64,50165.20,139015.97,0.00,4764.00,31631.19,0.00,49949298688.00,20311.24,0.00,54817.89
1787810922.285,15.56,9.69,3.54,93947.05,143009.43,0.00,4777.00,25131.17,0.00,49935753216.00,862850.48,0.01,98399.43
1787810925.324,14.24,8.10,4.63,52461.45,172474.67,0.00,4770.00,29934.64,0.00,49945718784.00,352066.71,0.01,52581.43
1787810928.363,13.44,6.23,2.23,20752.48,82846.44,1.00,4168.00,58268.42,0.00,50646155264.00,84699.64,0.00,17569.43
1787810931.399,13.28,8.63,4.01,50319.72,91554.27,0.00,4008.00,26820.41,15.79,50812547072.00,416260.53,0.00,57537.98
1787810934.439,13.25,7.84,3.38,45691.58,122180.34,0.00,4685.00,20657.18,0.00,50117480448.00,16134.20,0.00,50175.44
1787810937.476,13.27,9.26,3.47,43962.29,142133.17,0.00,4629.00,25497.20,638.29,50169581568.00,3082405.20,0.03,48161.61
1787810940.521,11.89,7.93,4.08,42585.73,97171.29,0.00,4624.00,33550.87,31.53,50169909248.00,238128.48,0.00,48733.57
1787810943.56,15.68,9.32,3.62,45066.25,126393.25,0.00,4636.00,23074.66,0.00,50071830528.00,32293.09,0.00,53563.99
1787810946.593,11.46,9.02,3.42,53066.94,127008.21,0.00,4638.00,31159.16,15.93,50068037632.00,85639.89,0.01,58752.52
1787810949.635,15.68,9.54,3.08,37486.08,96991.64,0.00,4643.00,22767.70,0.00,50069258240.00,20162.70,0.00,46873.44
1787810952.676,13.89,8.45,4.15,45631.97,136808.44,0.00,4630.00,48860.72,95.34,50078986240.00,583749.56,0.01,50673.50
1787810955.715,14.25,9.33,3.93,48861.85,119947.53,0.00,4623.00,24305.10,0.00,50084016128.00,97011.19,0.00,56059.58
1787810958.751,16.38,7.54,4.00,64815.14,112947.21,0.00,4629.00,24170.46,0.00,50074918912.00,0.00,0.00,65660.41
1787810961.79,14.75,8.93,4.39,58100.97,150234.88,0.00,4631.00,34185.62,389.10,50074578944.00,1670414.34,0.02,63380.96
1787810964.828,12.32,7.10,3.70,31323.86,103811.79,0.00,4635.00,24449.84,0.00,50073550848.00,137602.87,0.00,31961.87
1787810967.867,13.37,6.39,5.31,40767.22,95302.47,0.00,4646.00,32321.42,0.00,50064064512.00,96834.22,0.00,36956.95
1787810970.917,12.27,8.28,3.14,24015.54,81448.74,0.00,4998.00,18860.23,3701.72,49706909696.00,15347316.34,0.33,19889.77
1787810973.958,11.51,7.39,3.62,46169.86,100864.55,0.00,4706.00,24608.03,0.00,50001240064.00,343003.12,0.01,51862.08
1787810977.003,16.04,9.90,3.30,73931.72,99753.74,1.00,4283.00,239966.94,12.77,50436239360.00,714179.84,0.02,73494.01
1787810980.035,10.74,7.19,3.48,21698.38,85245.54,1.00,4227.00,44581.73,32.64,50462748672.00,975385.49,0.01,20072.05
1787810983.079,18.01,9.78,6.08,34491.00,140444.24,0.00,3753.00,48354.97,0.00,50963177472.00,520461.84,0.01,40698.69
1787810986.127,15.52,8.69,5.85,38077.63,211061.33,0.00,3759.00,43224.99,0.00,50955522048.00,310705.29,0.00,38995.49
1787810989.167,16.68,7.31,5.92,19070.35,57785.03,0.00,3765.00,31715.66,0.00,50949107712.00,217762.32,0.00,16363.07
1787810992.209,16.57,8.15,3.84,56193.77,101709.56,0.00,5246.00,59942.78,41.35,49377480704.00,201627.31,0.00,61083.02
1787810995.247,11.46,7.55,3.39,23745.33,73288.16,0.00,4680.00,54711.20,187.19,49995755520.00,75243801.43,0.83,23074.41
1787810998.289,20.28,15.88,3.62,42327.10,123820.33,0.00,4392.00,21669.82,15.79,50303287296.00,1232884.00,0.03,52465.50
1787811001.337,17.95,13.44,3.07,35378.86,104182.03,0.00,4380.00,21803.25,30.51,50301505536.00,499862.76,0.03,43031.76
1787811004.382,17.50,13.25,3.54,39368.39,110862.22,0.00,4399.00,23000.97,15.78,50268430336.00,161563.95,0.00,44442.52
1787811007.42,19.63,13.34,5.82,39146.06,105210.51,0.00,4413.00,22696.77,15.90,50256654336.00,183132.04,0.01,41322.95
1787811010.449,20.32,15.21,4.11,38130.58,79301.16,0.00,4413.00,31379.79,0.00,50256150528.00,928085.06,0.03,43009.57
1787811013.487,22.19,19.78,2.32,24663.94,103293.71,0.00,4572.00,93225.32,0.00,50092355584.00,6706532.61,0.04,24892.66
1787811016.534,18.42,12.74,2.84,36672.42,99383.08,0.00,4315.00,27998.25,15.72,50395873280.00,277667.82,0.00,45782.89
1787811019.577,13.58,11.33,1.85,25206.00,80651.69,0.00,5561.00,62565.16,78.02,49098428416.00,513731.11,0.01,23329.63
1787811022.612,15.62,13.16,2.80,33079.62,100184.22,0.00,5307.00,66691.19,0.00,49448591360.00,110167.78,0.00,32735.53
1787811025.645,16.35,12.88,3.03,34767.98,124324.44,0.00,5285.00,20909.45,31.78,49455779840.00,390553.48,0.01,43090.26
1787811028.694,17.01,11.52,3.45,37506.90,125894.05,0.00,5288.00,23606.98,15.72,49454034944.00,354102.69,0.01,45012.84
1787811031.732,17.20,11.81,5.05,46065.44,67794.70,1.00,5299.00,31908.36,15.91,49444155392.00,179187.12,0.00,45300.01
1787811034.768,18.13,11.55,4.93,35570.13,100294.92,0.00,5395.00,23658.51,15.78,49293590528.00,262615.87,0.00,33813.54
1787811037.81,18.48,11.69,4.84,35165.44,97039.71,2.00,5392.00,31626.84,0.00,49299042304.00,28230.02,0.00,32828.79
1787811040.857,16.48,12.16,3.39,35465.87,118023.94,1.00,5058.00,23131.50,0.00,49658597376.00,847068.56,0.01,41551.98
1787811043.905,18.45,13.93,4.15,41757.59,140581.43,0.00,4227.00,98761.80,62.04,50530869248.00,4844191.65,0.11,43804.82
1787811046.945,14.07,9.02,5.24,52044.96,117974.56,0.00,4175.00,45894.40,3.95,50574979072.00,45196527.90,1.53,56033.13
1787811049.99,17.48,12.52,3.86,36870.03,108744.89,0.00,3873.00,43953.08,0.00,50908086272.00,7012017.25,0.04,45233.55
1787811053.029,14.87,10.72,3.93,57422.39,108196.87,0.00,3837.00,28125.78,15.80,50940252160.00,76424715.22,1.12,61180.35
1787811056.065,17.16,11.70,4.77,35879.53,87294.70,0.00,3721.00,56962.70,0.00,51064217600.00,20990614.15,0.09,33122.36
1787811059.102,17.63,12.60,3.69,36478.35,86448.36,0.00,3818.00,65587.86,0.00,51074064384.00,17248439.25,0.12,32356.10
1787811062.146,17.35,12.88,4.09,49422.96,120437.70,0.00,3773.00,37138.52,261.50,50963644416.00,8202445.78,0.08,55161.70
1787811065.189,20.57,15.47,2.54,92299.05,87120.84,0.00,4153.00,265122.48,0.99,50572484608.00,167055530.32,1.07,94998.73
1787811068.231,15.73,10.98,4.02,47639.33,112675.06,0.00,3298.00,164207.52,0.99,51634515968.00,205012008.74,0.72,49207.71
1787811071.273,19.11,11.65,6.82,43391.40,95795.48,0.00,3339.00,87503.43,0.00,51718135808.00,82349012.70,0.67,40514.82
1787811074.315,29.66,26.01,3.31,170524.78,106213.64,0.00,3644.00,135269.68,0.00,51378429952.00,18497611.43,6.17,183482.42
1787811077.344,19.60,16.67,3.33,58578.95,131094.55,0.00,3416.00,257383.78,3.97,51887398912.00,16858988.63,0.07,57560.38
1787811080.387,19.23,14.19,5.32,38995.48,105787.36,0.00,3006.00,53170.00,0.00,52493824000.00,40337618.72,0.31,43036.24
1787811083.429,21.03,15.67,4.94,69797.26,103775.83,0.00,2412.00,122689.69,1.98,53175914496.00,468192980.41,1.46,76207.62
1787811086.465,14.43,10.46,4.69,29846.88,89379.19,0.00,2331.00,24443.18,15.75,53390106624.00,20972259.37,0.10,27344.47
1787811089.491,15.89,11.67,3.81,80244.05,82940.83,1.00,2322.00,22942.52,0.00,53457989632.00,85410690.33,0.48,84718.37
1787811092.536,14.65,12.21,2.94,66040.13,128792.60,0.00,2430.00,102486.40,0.00,53038465024.00,79549938.26,0.69,67069.09
1787811095.58,18.88,15.93,3.02,42162.91,110849.47,0.00,2405.00,38047.26,0.00,52828798976.00,7725605.29,0.04,48968.75
1787811098.623,13.56,10.46,2.54,30542.66,93214.46,0.00,2772.00,84285.11,0.00,52502540288.00,47708670.62,0.13,28761.64
1787811101.666,20.17,15.07,5.02,46039.94,124930.95,0.00,2479.00,49921.35,0.00,52933525504.00,7375979.33,0.03,48820.60
1787811104.701,17.97,12.92,4.15,32977.35,138729.46,1.00,2257.00,25603.74,0.00,53163192320.00,9912779.43,0.05,35091.47
1787811107.739,13.72,8.95,4.63,33213.05,111458.13,0.00,2205.00,22574.29,0.00,53319700480.00,206312.21,0.01,39655.04
1787811110.782,13.54,8.85,3.57,39424.33,93162.09,0.00,2203.00,26845.52,0.00,53320806400.00,6144134.98,0.10,42593.18
1787811113.825,16.14,10.50,5.21,35555.37,95125.53,0.00,2148.00,48835.61,0.00,53368467456.00,13929724.15,0.15,32371.92
1787811116.874,16.43,10.98,4.76,42051.02,97212.32,0.00,1923.00,68034.56,0.00,53646528512.00,252695859.24,0.77,41246.55
1787811119.921,17.57,12.69,4.15,48656.95,66684.02,0.00,2485.00,276716.80,0.00,53203271680.00,7032466.04,0.03,44706.37
1787811122.962,20.79,16.07,4.08,54210.46,125933.06,1.00,2304.00,85873.83,0.00,53785939968.00,6522348.20,0.04,60794.62
1787811125.988,13.91,10.64,2.49,34108.67,74445.86,1.00,3005.00,10968.05,0.00,52458123264.00,8286723.69,0.05,32025.26
1787811129.024,23.47,15.40,6.31,33621.48,73184.70,0.00,2587.00,84101.03,0.00,52967165952.00,11678035.84,0.05,32379.35
1787811132.06,16.46,11.15,5.57,39637.39,92436.71,1.00,2442.00,26400.15,0.00,53241032704.00,7801926.41,0.04,34727.09
1787811135.105,17.05,12.21,5.22,41210.42,104318.90,0.00,2468.00,28119.79,63.93,53313929216.00,13358483.88,0.06,38134.78
1787811138.146,20.37,12.78,5.78,40482.25,86490.69,0.00,2435.00,62968.45,0.99,53456109568.00,8220711.93,0.03,35696.49
1787811141.191,17.22,11.56,5.16,35987.07,89563.37,0.00,2393.00,25207.91,0.00,53523443712.00,8421530.95,0.04,33168.93
1787811144.236,18.28,12.68,5.53,40104.24,111260.19,0.00,1900.00,167653.27,0.00,54145941504.00,57950024.27,0.32,36909.72
1787811147.277,14.62,11.25,2.70,56853.09,99957.33,0.00,2986.00,117960.45,0.00,53078470656.00,14684274.23,0.06,51789.13
1787811150.315,14.66,10.76,2.61,25466.84,84540.74,0.00,2890.00,26855.53,0.00,53196775424.00,7566624.34,0.04,23376.51
1787811153.357,13.75,10.01,2.39,52137.15,91125.38,0.00,3159.00,16254.22,0.00,52287078400.00,48469.77,0.00,47890.32
1787811156.389,11.08,6.07,4.91,25184.26,77536.63,0.00,2620.00,24432.97,0.00,52859244544.00,4081.29,0.00,22260.78
1787811159.419,12.75,7.44,5.35,29029.90,95763.86,0.00,2619.00,26950.17,0.00,52859944960.00,3897574.06,0.01,25398.55
1787811162.461,14.60,7.85,5.85,30640.22,78438.03,1.00,2593.00,38638.55,0.00,52895576064.00,72659.05,0.00,26322.41
1787811165.497,16.29,8.56,6.86,46778.09,200728.66,1.00,2609.00,36833.70,0.00,52870897664.00,391966.75,0.00,37736.35
1787811168.538,14.67,7.44,6.14,38674.01,57756.28,0.00,2645.00,24140.46,0.00,52835536896.00,0.00,0.00,36240.33
1787811171.583,22.29,17.87,3.84,58802.44,133768.23,0.00,2326.00,28593.98,0.00,53189222400.00,24134.55,0.00,69287.09
1787811174.634,16.12,12.57,1.07,15296.95,90430.53,0.00,2304.00,36840.14,0.00,53183737856.00,16816409.78,0.09,11444.98
1787811177.676,13.11,8.77,3.54,30542.28,68213.22,0.00,1583.00,128155.45,248.16,53940822016.00,1206037.32,0.01,29076.50
1787811180.719,13.07,7.15,4.69,33968.00,96754.32,0.00,1439.00,28541.48,0.00,54119407616.00,456001.55,0.00,37570.98
1787811183.762,12.48,7.62,4.54,35679.66,87331.94,0.00,1625.00,25039.14,0.00,53882523648.00,16148.05,0.00,31596.35
1787811186.809,12.76,6.85,3.93,33480.77,87217.26,0.00,1636.00,22995.41,31.56,53877280768.00,157540.78,0.00,35510.09
1787811189.85,17.71,8.86,5.32,37192.86,92482.09,0.00,1828.00,62073.90,0.00,53693820928.00,331265.95,0.00,42722.45
1787811192.883,9.87,6.77,3.54,70695.91,106921.44,0.00,2087.00,128009.89,0.00,53425098752.00,189718.15,0.00,70773.95
1787811195.922,12.93,8.88,2.86,47821.24,152542.59,0.00,2084.00,23939.27,0.00,53433540608.00,129515.35,0.00,53878.36
1787811198.96,12.63,7.93,3.46,40361.92,104485.80,0.00,2070.00,23717.61,0.00,53432569856.00,80747.50,0.00,45287.21
1787811202.005,14.65,8.51,3.76,38564.77,130645.46,0.00,2085.00,22448.81,107.05,53418360832.00,522970.77,0.01,44053.29
1787811205.047,13.88,7.62,4.08,35941.90,93286.64,1.00,2087.00,24287.60,0.00,53421137920.00,165399.92,0.01,38369.98
1787811208.085,16.25,9.05,4.64,46932.97,115602.75,2.00,2091.00,19891.85,89.08,53409357824.00,1367274.88,0.01,52161.96
1787811211.126,12.41,7.09,4.78,33074.11,76951.76,0.00,2121.00,24938.44,0.00,53384781824.00,343252.25,0.00,30635.46
1787811214.159,14.97,6.50,4.72,32393.31,102316.45,0.00,2175.00,31283.78,0.00,53300293632.00,85211.86,0.00,31019.33
1787811217.206,13.08,6.75,4.83,30640.42,80553.53,0.00,2174.00,24801.34,0.00,53301153792.00,40236.98,0.00,27578.36
1787811220.237,12.94,8.33,3.11,60112.62,86175.03,1.00,2406.00,282317.11,0.00,53059747840.00,477426.09,0.01,56583.62
1787811223.273,11.68,7.83,3.30,61763.14,126373.70,0.00,2091.00,85505.04,0.00,53392674816.00,165118.60,0.00,67090.86
1787811226.297,14.87,9.80,3.27,101670.60,164912.74,0.00,2669.00,210092.81,0.00,52781871104.00,460910.42,0.01,102251.44
1787811229.338,9.81,5.85,1.92,18558.37,73458.57,0.00,2509.00,9085.21,0.00,52948893696.00,16132.23,0.00,16102.04
1787811232.389,12.25,7.38,2.84,47425.18,121384.86,0.00,2008.00,65941.15,0.00,53479383040.00,205324.97,0.01,52337.64
1787811235.422,14.43,6.15,4.67,25776.87,63756.02,0.00,2018.00,32092.28,0.00,53479690240.00,546993.88,0.01,23889.70
1787811238.466,12.61,5.94,5.55,26281.16,74310.95,0.00,2023.00,25017.74,0.00,53466759168.00,44472.47,0.00,23008.17
1787811241.509,12.09,6.84,4.53,63338.35,70024.81,1.00,2021.00,32295.91,0.00,53468971008.00,52389.72,0.00,60098.68
1787811244.537,19.07,13.06,4.28,101888.65,91144.36,0.00,2805.00,60611.60,0.00,52644585472.00,16308.55,0.00,103982.64
1787811247.564,12.00,8.10,2.96,43333.19,106801.02,0.00,2224.00,282902.64,16.94,53262524416.00,322521.07,0.00,43522.51
1787811250.603,9.65,7.98,2.23,39684.92,117261.17,0.00,1920.00,15795.58,29.47,53582327808.00,313817.54,0.02,47494.34
1787811253.642,13.94,9.07,3.77,39622.67,112979.52,0.00,1901.00,19844.27,0.00,53603213312.00,20136.29,0.00,49136.19
1787811256.678,12.55,10.17,3.70,48545.03,149479.31,0.00,1883.00,32062.56,0.00,53616967680.00,72711.03,0.00,53189.19
1787811259.715,12.54,7.55,4.13,42952.75,92680.96,0.00,1900.00,23658.26,0.00,53589286912.00,114341.28,0.00,47024.64
1787811262.759,15.93,13.01,3.00,89867.44,138716.37,0.00,1973.00,69129.56,0.00,53519319040.00,169529.52,0.00,96177.43
1787811265.802,12.08,6.49,2.86,37451.95,74080.42,0.00,2480.00,63190.95,0.00,52995387392.00,397302.08,0.00,35917.29
1787811268.842,11.72,6.23,2.69,22477.66,85148.83,0.00,2330.00,19296.55,15.77,53151518720.00,177605.93,0.00,19082.56
1787811271.883,11.30,7.55,3.39,49689.96,133186.42,1.00,1966.00,34074.75,546.38,53539713024.00,2182930.24,0.02,53112.50
1787811274.921,12.28,6.54,5.00,39157.72,98856.30,0.00,1970.00,23776.44,0.00,53516161024.00,0.00,0.00,37139.80
1787811277.964,12.24,6.30,5.38,42522.88,87219.78,0.00,1971.00,24888.75,0.00,53513461760.00,32220.08,0.00,38987.54
1787811281.003,12.87,8.00,4.62,43309.65,103488.64,0.00,3033.00,23024.50,0.00,52412030976.00,84697.23,0.00,51359.26
1787811284.046,9.96,6.15,2.92,22007.81,90197.70,0.00,3090.00,123345.62,0.00,52410863616.00,36252.55,0.00,18492.97
1787811287.085,12.20,8.02,4.16,37615.17,101407.50,0.00,3035.00,25194.22,31.58,52406984704.00,299129.17,0.00,38629.35
1787811290.131,14.64,9.15,5.46,42349.77,102759.31,0.00,3041.00,12719.40,0.00,52404928512.00,24192.56,0.00,45918.40
1787811293.171,13.00,9.00,2.69,41863.21,108819.92,0.00,3043.00,22446.86,0.00,52408090624.00,133039.42,0.00,50097.81
1787811296.209,14.86,8.40,4.16,49413.03,130711.88,0.00,3043.00,20296.36,0.00,52401795072.00,60590.28,0.00,56028.19
1787811299.238,15.26,8.62,5.90,56783.83,77903.98,0.00,3041.00,23290.50,15.90,52397142016.00,109900.72,0.00,58969.34
1787811302.277,11.53,6.16,4.85,32694.44,105426.92,0.00,3052.00,24289.49,15.77,52391153664.00,108983.43,0.00,31518.60
1787811305.318,10.95,6.17,4.48,46523.55,89552.47,1.00,3041.00,31731.15,13.83,52396281856.00,109236.16,0.00,46225.12
1787811308.36,11.57,7.39,3.93,28861.90,82266.62,0.00,2296.00,101114.77,0.00,53206806528.00,238302.72,0.00,26253.64
1787811311.393,16.16,9.06,5.19,73773.49,106823.86,0.00,2284.00,63949.30,0.00,53216026624.00,215034.49,0.01,78875.53
1787811314.431,13.32,11.11,2.33,46779.26,90302.47,0.00,1890.00,19407.04,0.00,53653086208.00,0.00,0.00,44023.06
1787811317.475,9.84,7.46,2.85,21926.01,81105.25,1.00,1425.00,95218.91,0.00,54163578880.00,298569.62,0.01,19930.50
1787811320.514,13.04,8.57,3.94,46190.60,111469.30,0.00,1385.00,24095.49,0.00,54169837568.00,60693.13,0.00,51345.30
1787811323.549,12.69,9.16,3.62,33758.86,116431.26,0.00,1391.00,24233.11,21.68,54160658432.00,117036.23,0.00,36633.55
1787811326.602,10.22,7.85,2.77,43541.58,126995.05,0.00,1398.00,30110.52,12.81,54153158656.00,80712.48,0.00,50966.97
1787811329.642,14.43,9.11,4.71,46540.90,101220.66,0.00,1391.00,19368.14,0.00,54159761408.00,48607.75,0.00,52194.60
1787811332.684,11.98,8.56,3.16,41415.52,104615.75,0.00,1385.00,31147.81,15.80,54171193344.00,113261.89,0.01,47620.93
1787811335.727,10.86,6.78,3.93,37447.54,80629.84,1.00,1396.00,23802.82,15.78,54128394240.00,117124.87,0.00,39127.44
1787811338.766,13.01,7.22,4.91,39188.18,100117.10,0.00,1380.00,23457.65,0.00,54135332864.00,68472.14,0.00,39690.24
1787811341.813,12.86,8.53,3.84,40276.78,94958.15,0.00,1387.00,22097.87,0.00,54128930816.00,76572.61,0.00,46887.63
1787811344.857,11.82,8.00,3.31,36011.02,113666.38,0.00,1390.00,22705.51,0.00,54136090624.00,64520.16,0.00,40875.49
1787811347.888,14.10,10.20,4.25,49367.67,160945.48,0.00,1380.00,31126.32,0.00,54137544704.00,263115.04,0.00,56041.26
1787811350.929,11.39,8.47,2.77,42681.79,95742.62,0.00,1388.00,20131.45,0.00,54132510720.00,80714.97,0.00,50944.85
1787811353.969,14.62,10.09,4.00,55992.58,114000.92,0.00,1386.00,30961.76,0.00,54130302976.00,64598.71,0.00,64556.94
1787811357.013,12.78,6.77,5.47,31016.20,84965.79,0.00,1393.00,26122.54,0.99,54124265472.00,1001414.67,0.01,28054.89
1787811360.054,12.40,6.76,4.92,38242.38,95112.36,0.00,1386.00,27250.46,0.00,54133264384.00,120942.57,0.01,35964.09
1787811363.087,11.09,7.32,4.52,45665.87,112527.07,1.00,1382.00,24625.94,1.99,54130622464.00,168303.50,0.00,45687.90
1787811366.135,12.79,7.21,3.53,45388.18,106298.91,0.00,2553.00,23462.56,0.00,52937265152.00,0.00,0.00,51312.24
1787811369.182,12.72,8.38,3.61,40768.07,107834.73,0.00,1824.00,203104.24,0.00,53714837504.00,386970.95,0.00,46195.78
1787811372.212,19.85,14.00,5.88,48918.32,105918.57,0.00,1659.00,49029.21,0.00,53876842496.00,308204.52,0.01,56809.89
1787811375.254,11.90,6.54,4.92,28440.36,78017.19,0.00,1683.00,31727.36,0.00,53864214528.00,64553.99,0.00,26550.82
1787811378.296,15.26,8.62,5.08,49772.92,137338.08,0.00,1668.00,25155.41,0.00,53874311168.00,355103.72,0.00,50429.26
1787811381.329,13.60,8.87,3.81,44675.26,102051.93,0.00,1475.00,240120.79,0.00,54023856128.00,285806.82,0.01,46726.95
1787811384.368,13.32,9.65,3.24,43262.99,121217.23,0.00,1612.00,22747.94,22.73,53869645824.00,121459.40,0.00,53206.72
1787811387.408,10.41,6.77,2.54,19562.26,80243.00,0.00,2114.00,58157.75,15.76,53458915328.00,407555.48,0.01,18849.79
1787811390.444,11.91,7.65,3.40,46464.20,125956.13,0.00,1767.00,22227.73,0.00,53804986368.00,186260.15,0.00,53458.88
1787811393.476,13.76,5.90,4.97,30851.31,84948.55,0.00,1775.00,25262.69,0.00,53749219328.00,171162.66,0.00,27328.14
1787811396.517,18.59,9.17,5.55,25948.76,70922.55,0.00,1785.00,32448.29,0.00,53745569792.00,20204.95,0.00,23352.26
1787811399.558,12.87,6.93,3.46,34758.03,92855.64,0.00,2734.00,60824.83,0.00,52761395200.00,32296.93,0.00,36201.52
1787811402.595,18.95,12.46,5.77,41615.39,102316.31,0.00,2723.00,23159.05,0.00,52770623488.00,302485.49,0.00,44784.72
1787811405.633,13.59,9.92,3.23,52279.75,242563.87,0.00,1827.00,24137.67,0.00,53713707008.00,237886.15,0.00,53123.20
1787811408.671,14.74,8.92,5.46,39992.08,131671.58,1.00,1831.00,22465.78,0.00,53710876672.00,193454.44,0.00,46035.21
1787811411.717,13.48,7.19,3.44,47245.85,135031.79,0.00,1822.00,22869.30,15.67,53712035840.00,88253.10,0.00,55423.88
1787811414.762,12.16,7.84,3.54,38082.56,107227.03,0.00,1826.00,25058.97,0.00,53707489280.00,76523.03,0.00,44037.79
1787811417.794,15.32,8.80,5.09,42075.60,100065.61,0.00,1845.00,32681.97,0.00,53707202560.00,16197.14,0.00,46547.68
1787811420.841,14.06,8.54,4.46,45509.96,113765.05,0.00,1841.00,25766.20,1.97,53714100224.00,156745.14,0.00,54654.87
1787811423.881,11.26,6.94,3.94,35355.86,95601.05,0.00,1845.00,33093.28,0.00,53680414720.00,113265.15,0.00,36764.60
1787811426.92,11.41,6.85,3.69,30291.08,91201.40,0.00,1889.00,100836.91,0.00,53640368128.00,16145.26,0.00,31420.05
1787811429.947,13.97,8.41,4.13,63724.78,143064.74,0.00,1888.00,21218.66,13.96,53646848000.00,146996.45,0.00,69750.88
1787811432.989,12.94,6.84,3.00,61715.07,80477.11,1.00,2564.00,251652.99,15.76,52936065024.00,88754.51,0.00,59964.83
1787811436.031,12.39,7.30,4.46,39732.97,102804.95,0.00,2073.00,60777.61,0.00,53444120576.00,52366.25,0.00,44711.54
1787811439.068,11.25,8.17,3.24,36041.25,126452.71,0.00,2098.00,30233.52,0.00,53424066560.00,319280.83,0.01,40773.26
1787811442.111,11.27,6.45,4.53,41907.71,74185.55,0.00,2097.00,24033.37,0.00,53419778048.00,96656.55,0.01,40908.37
1787811445.154,15.16,10.61,3.92,52304.67,85457.90,2.00,2868.00,254143.93,0.00,52619821056.00,1068558.49,0.05,48477.46
1787811448.194,10.95,7.64,2.47,46691.16,136196.71,1.00,2697.00,21779.86,0.00,52794785792.00,72785.14,0.00,56069.35
1787811451.23,10.23,7.13,2.25,66548.32,92155.58,0.00,3200.00,9255.25,0.00,52255637504.00,308934.57,0.00,62195.78
1787811454.273,9.64,6.65,2.09,19333.74,88445.15,0.00,3038.00,26349.97,14.84,52430307328.00,166188.81,0.01,15015.19
1787811457.32,12.79,7.94,2.85,49526.22,117056.22,0.00,2683.00,22794.93,0.00,52805582848.00,28300.69,0.00,55396.15
1787811460.361,14.74,8.60,4.22,43335.31,135132.60,0.00,2670.00,23621.26,0.00,52812259328.00,108760.66,0.00,47080.56
1787811463.396,13.94,7.63,4.39,84416.75,103989.44,2.00,2673.00,48189.99,0.00,52807897088.00,68635.00,0.00,87040.60
1787811466.43,12.65,7.50,4.72,60646.43,113947.38,1.00,2673.00,347411.85,0.00,52813803520.00,303909.81,0.01,53561.85
1787811469.475,10.27,8.36,2.84,37814.74,119731.13,1.00,2504.00,20608.72,0.00,52986441728.00,84469.65,0.00,45642.28
1787811472.514,15.40,8.62,4.23,55374.85,100967.52,0.00,3201.00,201274.94,15.76,52260163584.00,476180.72,0.01,51957.51
1787811475.552,10.51,6.16,2.46,17068.70,67702.23,0.00,3193.00,19309.71,0.00,52274397184.00,16146.28,0.00,13740.17
1787811478.588,10.80,6.22,2.54,34553.91,95662.54,0.00,3017.00,60354.96,0.00,52452036608.00,173293.97,0.01,31549.53
1787811481.622,11.44,6.93,4.21,33180.17,91290.83,1.00,2667.00,19770.71,0.00,52823519232.00,73511.25,0.00,35800.51
1787811484.662,13.52,5.76,4.92,27382.39,78480.12,0.00,2668.00,24824.60,0.00,52820254720.00,24167.70,0.00,23168.98
1787811487.708,12.52,8.04,2.48,78652.28,124658.54,1.00,2734.00,28297.84,0.99,52882538496.00,85119.14,0.00,87350.99
1787811490.742,11.24,8.31,3.73,44917.77,119482.92,3.00,2737.00,24456.88,0.00,52883181568.00,85480.80,0.00,46622.16
1787811493.778,11.60,6.85,2.54,26332.84,66800.16,1.00,3446.00,19212.37,0.00,52133031936.00,40378.60,0.00,23146.03
1787811496.822,9.58,5.77,2.61,20702.01,87096.49,0.00,3450.00,19443.14,15.75,52138504192.00,129513.33,0.00,17163.22
1787811499.866,11.56,6.61,4.15,36833.73,83115.43,0.00,2911.00,66671.00,0.00,52694941696.00,24176.75,0.01,34913.49
1787811502.911,11.36,5.76,5.53,46938.27,89216.41,0.00,2922.00,24401.26,0.00,52681854976.00,80505.47,0.01,42214.85
1787811505.943,12.47,7.60,3.57,45200.48,96886.80,0.00,2683.00,365334.39,0.00,52939927552.00,231644.88,0.00,46006.35
1787811508.982,13.21,8.53,3.69,41226.46,123698.09,0.00,2671.00,29692.58,0.00,52946526208.00,387070.63,0.01,46880.20
1787811512.024,11.38,6.54,2.69,31371.35,78359.44,0.00,3475.00,9206.02,0.00,52114014208.00,0.00,0.00,29354.01
1787811515.067,11.34,6.23,2.69,28559.05,83438.58,0.00,3465.00,26733.93,0.00,52115533824.00,52418.47,0.00,25836.07
1787811518.105,10.04,6.47,3.00,27637.43,86998.00,1.00,3459.00,20931.47,0.00,52122689536.00,84826.45,0.01,25273.76
1787811521.143,14.73,8.32,5.52,48814.93,114562.02,0.00,2727.00,21201.06,15.94,52899332096.00,640656.28,0.01,44971.43
1787811524.186,11.17,6.15,5.08,45708.02,83411.39,1.00,2738.00,24368.55,15.76,52878254080.00,129114.48,0.00,42948.82
1787811527.227,21.61,17.88,3.62,39024.64,121249.07,0.00,2471.00,20183.19,0.00,53175332864.00,16163.91,0.00,49110.62
1787811530.266,16.72,12.52,4.82,33325.51,86259.17,0.00,2408.00,41114.20,0.00,53236793344.00,40785.61,0.01,37822.38
1787811533.305,11.54,6.52,2.53,30860.44,74682.71,0.00,1621.00,127951.30,15.72,54057127936.00,80466.22,0.00,29384.00
1787811536.349,13.48,8.99,3.95,45732.06,121118.63,1.00,1482.00,34345.40,47.59,54217162752.00,211186.69,0.00,51152.63
1787811539.391,10.82,6.69,3.92,41737.92,82281.79,0.00,1481.00,24855.72,0.00,54216282112.00,52416.53,0.00,41212.26
1787811542.435,17.56,10.12,5.10,42261.05,127985.87,0.00,1513.00,22363.38,0.00,54215868416.00,93102.20,0.00,49699.63
1787811545.48,15.58,10.28,4.07,38415.77,119536.58,0.00,1593.00,22359.71,0.00,54092554240.00,36241.14,0.00,47822.57
1787811548.513,13.57,7.31,4.82,44934.08,99184.30,1.00,1587.00,24190.30,31.86,54088830976.00,191650.78,0.00,45437.41
1787811551.553,16.35,8.22,6.15,61615.05,124024.64,0.00,1565.00,64540.48,0.00,54108991488.00,92638.42,0.00,61727.51
1787811554.591,15.14,7.63,4.78,51092.24,96839.70,0.00,1563.00,24884.44,15.79,54104801280.00,246570.67,0.00,50849.37
1787811557.638,12.52,8.46,3.69,45188.64,123660.34,0.00,1567.00,29171.32,0.00,54103429120.00,20179.31,0.00,53968.57
1787811560.675,11.90,5.93,4.77,34798.50,72491.54,0.00,1570.00,24262.44,30.56,54096539648.00,165564.26,0.01,31682.46
1787811563.716,13.75,8.84,4.23,49474.43,104257.25,0.00,1570.00,23389.20,0.00,54101291008.00,282221.70,0.00,54244.26
1787811566.755,12.84,8.39,3.08,36697.56,106433.57,0.00,1578.00,23629.02,0.00,54095228928.00,44402.10,0.00,38893.98
1787811569.79,15.00,7.36,3.72,43579.96,118965.67,0.00,1587.00,24332.38,0.00,54092632064.00,296720.02,0.01,46960.43
1787811572.84,15.47,6.77,5.23,30486.34,65514.82,0.00,1589.00,24641.54,0.00,54085677056.00,56463.05,0.00,28539.71
1787811575.888,14.61,8.82,3.45,45547.34,118631.09,0.00,1593.00,22711.30,0.00,54081400832.00,100568.11,0.00,52125.88
1787811578.929,12.92,6.17,4.85,27261.19,71671.16,1.00,1592.00,31572.81,0.00,54084145152.00,52548.66,0.00,24996.16
1787811581.974,13.91,9.63,3.54,50710.76,125345.47,0.00,1592.00,24323.07,0.00,54082818048.00,205866.55,0.00,57035.35
1787811585.012,10.30,5.86,5.24,43869.30,94209.12,1.00,1583.00,25005.19,0.00,54085476352.00,48481.52,0.00,40577.06
1787811588.046,13.54,8.33,5.99,32772.02,88793.83,1.00,1581.00,24497.84,0.00,54087036928.00,44878.01,0.00,29886.70
1787811591.089,17.77,8.07,6.07,38805.49,72286.58,0.00,1575.00,24203.48,0.00,54091964416.00,56447.22,0.00,36988.68
1787811594.126,12.64,6.22,4.51,39032.73,89811.82,0.00,1580.00,24447.61,0.00,54082723840.00,89725.19,0.03,36348.85
1787811597.175,12.16,5.85,4.93,33640.88,85556.16,0.00,1584.00,24198.61,0.00,54084517888.00,48450.44,0.02,31639.52
1787811600.221,9.35,6.21,1.99,29330.08,88788.54,0.00,2975.00,29622.69,0.00,52643991552.00,104571.00,0.02,26459.27
1787811603.259,14.95,8.62,4.77,28963.30,72730.49,0.00,2657.00,99746.48,0.00,52979814400.00,670064.21,0.04,25734.34
1787811606.301,13.57,8.23,2.85,44972.76,110937.87,0.00,2721.00,30811.43,0.00,52894789632.00,48407.96,0.27,52199.03
1787811609.339,13.66,7.36,2.94,37163.37,104256.92,0.00,2180.00,9804.39,0.00,53463527424.00,511163.27,0.04,34976.33
1787811612.38,14.26,7.69,3.38,37213.26,103522.93,0.00,2137.00,46395.02,0.00,53496254464.00,161254.16,0.01,34408.06
1787811615.42,11.14,5.62,2.23,16600.24,55906.00,0.00,2141.00,9063.28,0.00,53496807424.00,20193.21,0.00,14265.43
1787811618.457,10.75,6.85,2.15,22619.41,91148.96,0.00,1779.00,109355.72,31.50,53886267392.00,177396.06,0.00,20191.24
1787811621.487,16.33,10.80,5.28,59072.07,126795.01,0.00,1587.00,30185.12,0.00,54077067264.00,134358.44,0.01,66426.33
1787811624.533,11.69,7.82,3.14,47731.66,106434.05,0.00,1585.00,19884.59,0.00,54075154432.00,28150.45,0.00,56297.16
1787811627.584,14.08,7.21,4.30,33880.48,115907.00,0.00,1598.00,30954.89,0.00,54071320576.00,16090.26,0.00,33446.71
1787811630.635,14.37,8.21,4.99,27373.56,71171.26,0.00,1602.00,23687.75,29.46,54066876416.00,120647.89,0.00,24359.85
1787811633.679,15.06,8.00,5.08,34445.16,91480.09,0.00,1598.00,22253.86,12.81,54067236864.00,84732.32,0.00,36116.05
1787811636.723,15.11,6.44,5.06,30629.96,95994.09,0.00,1595.00,23470.40,0.00,54075432960.00,201135.53,0.01,27691.43
1787811639.761,12.44,6.37,4.43,27366.90,59202.96,0.00,1597.00,23759.95,0.00,54075731968.00,162934.44,0.00,24961.20
1787811642.812,14.98,8.37,3.46,48326.07,141266.86,0.00,1596.00,30417.44,0.00,54076043264.00,60419.88,0.00,52402.22
1787811645.852,17.21,10.28,5.22,48275.77,222734.52,0.00,1586.00,23807.46,0.00,54081634304.00,209148.21,0.00,42114.46
1787811648.891,16.53,7.38,4.46,41797.28,94905.61,0.00,1594.00,31089.41,23.62,54076346368.00,153157.29,0.00,41954.53
1787811651.933,11.17,6.84,4.92,40056.84,77328.58,0.00,1589.00,26510.10,22.63,54076481536.00,346544.73,0.01,37837.93
1787811654.979,17.70,9.08,6.85,27093.36,84546.56,0.00,1599.00,23713.70,0.00,54080364544.00,16124.73,0.00,24781.81
1787811658.027,13.58,7.90,6.36,26991.22,91788.42,0.00,1588.00,25302.18,0.00,54076551168.00,116645.76,0.00,24891.46
1787811661.066,13.50,6.06,5.53,35345.73,88994.12,1.00,1590.00,23473.75,0.00,54066630656.00,104636.08,0.00,32088.74
1787811664.108,11.27,6.03,5.26,34338.61,77630.22,0.00,1589.00,23571.86,0.00,54064377856.00,85112.82,0.00,29941.60
1787811667.15,15.56,8.44,5.91,29813.53,89150.81,0.00,1595.00,23649.65,0.00,54071562240.00,265548.74,0.01,26914.35
1787811670.189,11.19,7.79,3.01,63985.75,102865.92,0.00,2526.00,224241.75,0.00,53121146880.00,901471.35,0.02,64626.99
1787811673.229,16.74,11.39,3.41,58445.47,139121.13,0.00,2020.00,28335.96,31.72,53624057856.00,239575.36,0.01,67236.60
1787811676.273,15.03,10.01,4.46,51631.04,112701.05,0.00,2022.00,24199.99,0.00,53623656448.00,177589.41,0.00,58075.82
1787811679.31,10.62,6.80,3.40,39601.51,88933.57,0.00,2017.00,22962.69,30.66,53626732544.00,182269.61,0.01,43719.53
1787811682.348,11.38,7.10,4.63,33667.68,97953.55,0.00,2033.00,23619.33,14.82,53626998784.00,157802.04,0.00,36822.70
1787811685.388,12.51,7.97,4.14,42432.55,113347.42,0.00,2028.00,24838.02,15.70,53621030912.00,128612.50,0.00,44967.76
1787811688.422,13.76,7.77,4.20,38736.04,104208.91,0.00,2031.00,23770.61,0.00,53619421184.00,85561.06,0.00,40447.25
1787811691.469,13.41,6.70,5.00,42620.76,119780.64,0.00,2028.00,32504.91,0.00,53619892224.00,80698.31,0.00,39511.61
1787811694.517,13.18,7.92,2.46,43985.12,81761.03,0.00,2428.00,274692.15,15.75,53199327232.00,318515.84,0.00,41596.58
1787811697.564,12.85,7.45,2.92,44777.61,97430.91,1.00,2111.00,22378.49,0.00,53523591168.00,20119.03,0.00,51288.70
1787811700.595,11.64,6.65,2.71,38464.08,60927.06,0.00,2572.00,49309.17,0.00,53045219328.00,178562.44,0.01,36104.35
1787811703.633,16.62,8.23,4.54,49139.92,96773.71,0.00,2065.00,171092.43,0.00,53571399680.00,229828.21,0.00,47720.21
1787811706.679,16.33,9.91,5.61,34670.91,92804.12,0.00,2075.00,19155.01,0.00,53559529472.00,124953.83,0.00,40389.31
1787811709.72,12.04,6.83,3.99,35494.76,95016.03,0.00,2073.00,24089.42,15.73,53561204736.00,92595.20,0.00,34758.33
1787811712.757,13.55,6.85,5.00,29919.79,78707.40,0.00,2075.00,31611.22,0.00,53549187072.00,80700.28,0.00,26035.68
1787811715.794,12.61,6.18,4.95,29998.31,79024.77,0.00,2067.00,24396.50,0.00,53555052544.00,64827.85,0.00,26686.88
1787811718.832,13.05,7.30,4.92,35205.17,111713.91,0.00,2083.00,31538.64,0.00,53543251968.00,84688.52,0.00,30732.07
1787811721.864,12.29,7.09,4.70,24506.96,64583.69,0.00,2060.00,24447.76,0.00,53576232960.00,109104.84,0.00,21531.04
1787811724.899,12.61,7.08,3.85,40390.15,85620.10,0.00,3314.00,96761.60,0.00,52264726528.00,20174.88,0.00,38104.05
1787811727.933,13.50,7.13,2.25,36416.62,99732.93,0.00,3995.00,195889.68,0.00,51593949184.00,268248.62,0.01,34019.02
1787811730.965,9.05,6.65,2.47,27435.80,89406.55,1.00,3978.00,29498.73,0.00,51616628736.00,149803.67,0.00,23599.85
1787811734.003,13.00,8.47,3.54,45999.78,128369.37,0.00,3443.00,73147.56,0.00,52169654272.00,492398.55,0.01,48279.96
1787811737.04,13.96,6.47,5.08,32918.10,85874.16,0.00,3457.00,24207.36,0.00,52158283776.00,198015.72,0.00,28911.01
1787811740.079,13.95,6.62,6.23,49755.31,92951.81,0.00,3445.00,31837.76,0.00,52170219520.00,326734.68,0.03,45635.05
1787811743.115,16.19,7.18,5.56,36742.16,96956.72,0.00,3452.00,24399.55,0.00,52162457600.00,64778.17,0.00,31428.06
1787811746.152,15.79,6.25,4.70,28285.11,78377.04,0.00,3454.00,23619.13,0.00,52171907072.00,64690.03,0.00,24874.21
1787811749.193,17.03,10.09,5.39,55867.62,89796.72,0.00,3247.00,390240.34,0.00,52373549056.00,1494035.77,0.03,52835.77
1787811752.233,11.42,7.77,2.54,42034.52,93257.12,0.00,2949.00,196414.61,0.00,52806643712.00,269996.92,0.00,46788.00
1787811755.268,12.15,7.86,3.35,46527.38,120800.13,0.00,2542.00,23851.16,0.00,53067997184.00,464939.27,0.03,56786.39
1787811758.308,9.87,8.37,2.30,40872.60,132991.50,0.00,2542.00,21042.27,0.00,53067739136.00,32208.20,0.00,50606.45
1787811761.352,14.70,8.91,5.53,50326.07,105670.47,0.00,2549.00,26664.99,31.51,53069058048.00,157278.44,0.00,54739.47
1787811764.395,15.85,9.43,4.87,70279.43,158434.00,0.00,2545.00,48484.02,15.82,53073170432.00,194390.89,0.00,77799.95
1787811767.433,12.45,6.72,4.40,35056.88,80994.40,0.00,2547.00,23053.35,0.00,53070286848.00,24313.75,0.00,34186.92
1787811770.476,14.24,6.64,4.17,32707.62,99323.91,0.00,2558.00,25130.00,0.00,53042380800.00,24273.67,0.00,31786.39
1787811773.523,9.56,6.84,3.00,31946.61,102928.89,0.00,2553.00,21086.02,0.00,53045018624.00,24200.72,0.00,38441.55
1787811776.561,14.16,6.15,4.77,33219.63,72348.35,1.00,2550.00,24958.54,0.00,53047906304.00,153238.39,0.00,31232.70
1787811779.598,19.45,15.23,3.23,37078.20,86520.07,0.00,2007.00,48048.21,0.00,53713043456.00,84718.66,0.01,37022.05
1787811782.639,13.52,8.17,3.85,40974.05,112979.88,1.00,1794.00,28801.54,0.99,53889216512.00,278901.06,0.00,48017.13
1787811785.691,10.65,6.68,2.00,50544.16,72130.52,0.00,2021.00,9515.93,0.00,53606252544.00,551754.84,0.03,47865.41
1787811788.727,10.96,6.31,2.85,22260.89,96584.00,0.00,1862.00,19342.01,0.00,53784453120.00,28235.54,0.00,19513.64
1787811791.764,14.37,7.17,6.71,59169.83,92803.52,0.00,1856.00,47348.69,0.99,53782556672.00,137440.20,0.01,55480.70
1787811794.797,14.15,9.15,3.88,39237.13,152617.07,2.00,1492.00,22945.56,0.00,54179975168.00,182945.15,0.00,43803.12
1787811797.832,14.22,6.71,5.32,46860.57,77573.63,0.00,1485.00,18551.59,0.00,54176202752.00,56592.31,0.01,43533.32
1787811800.869,12.50,8.41,2.93,43718.33,110561.43,0.00,3011.00,61610.73,0.00,52576485376.00,602971.09,0.01,52631.49
1787811803.911,13.85,7.90,3.64,41196.59,81993.95,1.00,2486.00,278151.77,0.00,53145522176.00,239401.06,0.00,43057.19
1787811806.946,10.83,6.24,3.31,38802.94,79536.97,0.00,2177.00,24783.65,0.00,53468053504.00,145354.31,0.02,44431.33
1787811809.985,15.10,9.41,4.47,49039.15,100318.97,0.00,2180.00,32835.95,50.36,53467705344.00,230557.75,0.00,52288.68
1787811813.028,10.63,6.30,4.30,29902.28,102323.25,0.00,2186.00,24410.01,0.00,53465862144.00,48318.66,0.00,28561.94
1787811816.06,11.58,6.87,5.10,39663.84,71790.04,0.00,2784.00,29750.10,0.00,53334188032.00,238957.99,0.00,34910.77
1787811819.102,12.90,8.56,2.62,35245.17,112416.42,0.00,2981.00,21401.22,0.00,52736372736.00,24281.26,0.00,42327.33
1787811822.139,11.58,7.34,2.70,25185.82,87754.40,0.00,2610.00,39918.65,0.00,53134745600.00,44544.54,0.01,21799.41
1787811825.184,11.66,8.60,2.61,36547.58,153027.34,0.00,2097.00,114109.32,0.00,53712240640.00,205381.43,0.01,36639.59
1787811828.222,12.64,6.86,5.01,27941.90,99326.51,0.00,2118.00,24727.29,261.47,53655617536.00,1145247.96,0.01,27561.05
1787811831.269,14.94,8.40,6.24,35911.49,85323.45,1.00,2114.00,35733.89,368.02,53656973312.00,1697372.04,0.01,33858.15
1787811834.297,13.86,8.05,4.26,51796.40,60677.68,1.00,2725.00,287099.29,0.00,53006639104.00,433985.48,0.01,47345.57
1787811837.334,13.72,8.32,4.85,59236.47,117366.62,0.00,2537.00,27305.02,1418.89,53232422912.00,5644672.87,0.04,62173.91
1787811840.372,12.17,7.46,2.77,48420.89,82914.26,1.00,1819.00,129980.12,76.81,53991763968.00,1093104.90,0.00,48422.12
1787811843.433,11.99,6.73,4.52,44107.59,100494.17,0.00,1670.00,24149.44,0.00,54149197824.00,48155.84,0.00,42832.85
1787811846.468,10.92,6.40,2.47,16304.99,70316.33,0.00,2058.00,9214.32,30.61,53659738112.00,9487023.14,0.07,13120.46
1787811849.507,10.50,7.18,2.78,51377.11,87140.86,0.00,1730.00,105285.12,12.85,54021201920.00,125483.95,0.00,52455.83
1787811852.555,18.73,12.60,5.45,53947.55,90763.42,0.00,2258.00,368257.99,0.98,53465497600.00,1019312.27,0.01,50825.98
1787811855.6,11.86,7.42,2.47,23689.73,117826.01,0.00,2305.00,9922.52,0.00,53472862208.00,101363.37,0.00,20511.53
1787811858.638,13.42,7.50,3.56,39617.19,121794.84,0.00,1982.00,21789.26,0.00,53822365696.00,68958.71,0.00,47261.94
1787811861.692,15.15,9.38,4.46,55061.25,66254.18,1.00,2396.00,129127.06,14.76,53394849792.00,644926.76,0.03,52792.68
1787811864.732,11.96,7.63,3.35,40139.24,98610.90,0.00,2396.00,22274.11,0.00,53386166272.00,183653.08,0.00,46544.94
1787811867.775,13.48,7.78,4.85,30799.75,100743.35,0.00,2407.00,24326.23,0.00,53376372736.00,28272.47,0.00,30593.95
1787811870.816,13.30,8.87,3.39,42568.21,131291.43,1.00,2411.00,26336.32,47.42,53373820928.00,242767.14,0.00,48625.54
1787811873.873,11.74,8.33,3.31,41930.08,127512.09,0.00,2446.00,21112.06,0.00,53175025664.00,76791.23,0.00,51095.36
1787811876.915,10.54,7.63,2.39,39097.13,112319.41,1.00,2439.00,22424.81,15.79,53178261504.00,254616.83,0.01,49461.15
1787811879.975,16.43,10.40,4.54,38372.29,120290.94,0.00,2436.00,19885.20,0.00,53181263872.00,40413.70,0.00,45099.90
1787811883.011,14.06,8.25,3.39,48065.76,126912.72,0.00,2435.00,20135.88,0.00,53178105856.00,48510.88,0.00,57274.20
1787811886.053,16.48,11.12,3.86,58703.66,252012.54,0.00,2427.00,22134.75,0.00,53188980736.00,279165.12,0.01,58415.65
1787811889.09,13.00,8.55,3.01,43137.18,131144.48,0.00,2433.00,19964.85,0.00,53183266816.00,80798.37,0.00,52986.66
1787811892.136,13.93,7.77,3.00,47730.64,121101.96,1.00,2431.00,23550.23,0.00,53183934464.00,229891.67,0.01,55365.43
1787811895.182,9.72,7.37,2.61,56218.93,133120.17,0.00,2431.00,29802.95,31.43,53180923904.00,156916.37,0.00,65942.07
1787811898.226,12.44,5.91,5.30,57563.14,67833.14,1.00,2464.00,25195.67,0.00,53144375296.00,322189.98,0.01,54782.05
1787811901.266,13.74,6.87,5.25,31039.19,87755.66,0.00,2461.00,31750.55,0.00,53152165888.00,84984.31,0.01,28247.95
1787811904.291,12.38,7.00,4.51,30773.47,77430.53,0.00,2463.00,25264.19,1.99,53141491712.00,57098.10,0.00,28315.38
1787811907.33,14.57,8.00,6.00,31699.13,77239.55,0.00,2469.00,24304.96,11.81,53140250624.00,270163.18,0.01,28568.01
1787811910.367,12.65,5.78,5.01,32452.75,73843.88,0.00,2464.00,17433.81,0.00,53142233088.00,48486.77,0.00,30070.05
1787811913.398,11.47,6.11,4.80,32590.62,82884.62,0.00,2444.00,24384.01,0.00,53172563968.00,223229.41,0.00,29983.71
1787811916.429,14.30,9.29,5.19,50787.38,109551.61,0.00,2453.00,33319.00,0.00,53157167104.00,109627.94,0.00,47661.92
1787811919.469,14.97,6.33,5.56,40501.53,89620.41,0.00,2455.00,25614.87,0.00,53152026624.00,145720.12,0.00,36539.13
1787811922.511,13.08,6.00,5.23,30797.74,100215.79,0.00,2462.00,31724.71,0.99,53148045312.00,96837.93,0.01,27007.53
1787811925.549,13.74,5.69,5.31,24340.07,78956.29,0.00,2464.00,24038.74,0.00,53145247744.00,326716.50,0.00,21662.24
1787811928.596,15.95,8.47,5.93,31330.13,83124.72,0.00,2462.00,25065.68,0.00,53150621696.00,141339.52,0.00,28591.04
1787811931.633,14.21,6.08,5.01,48834.95,79542.20,0.00,2460.00,24914.50,0.00,53147451392.00,153494.81,0.01,45622.84
1787811934.678,11.80,5.92,4.76,28964.37,92212.28,0.00,2458.00,24882.09,0.00,53150986240.00,28190.59,0.00,25492.07
1787811937.722,17.36,9.28,6.52,27689.68,97598.56,0.00,2456.00,24487.31,0.00,53152776192.00,120707.67,0.00,24340.43
1787811940.767,12.43,6.92,4.69,29130.71,69758.98,0.00,2463.00,24238.19,0.00,53146464256.00,44344.66,0.00,26197.23
1787811943.803,11.83,6.38,5.75,50071.75,92322.75,0.00,2452.00,51778.28,0.00,53156622336.00,40781.43,0.00,46191.23
1787811946.83,14.03,7.87,5.84,33849.30,106001.44,1.00,2456.00,24792.64,0.00,53149384704.00,224651.49,0.00,30931.84
1787811949.867,11.31,6.47,4.85,30972.96,67660.20,2.00,2454.00,24900.66,0.00,53156851712.00,44436.16,0.00,28958.34
1787811952.907,14.15,7.31,5.92,30409.85,89842.02,1.00,2459.00,19200.16,0.00,53152448512.00,157311.91,0.01,27581.51
1787811955.945,11.67,5.77,5.00,32109.40,87097.01,0.00,2461.00,24231.11,0.00,53148815360.00,104784.04,0.01,28741.74
1787811958.979,11.26,5.84,2.92,18241.55,71243.12,0.00,2652.00,21190.79,0.98,52950528000.00,28215.02,0.00,15682.75
1787811962.02,8.38,5.76,2.23,20862.09,63361.93,0.00,2655.00,9088.64,0.00,52947550208.00,16106.90,0.00,19009.74
1787811965.061,11.95,7.61,3.46,35538.86,99162.71,0.00,2296.00,117627.65,0.00,53330710528.00,104765.15,0.00,37315.18
1787811968.099,11.55,8.08,3.08,50341.01,126601.05,0.00,2302.00,21694.74,0.00,53325864960.00,161368.58,0.01,56578.91
1787811971.143,13.26,9.13,5.22,79872.65,79538.60,0.00,2881.00,47446.89,0.00,52712312832.00,426569.08,0.00,76983.46
1787811974.179,12.77,6.41,2.32,21952.16,87976.77,0.00,2874.00,19315.33,0.00,52720205824.00,24307.11,0.00,19371.40
1787811977.216,9.35,7.00,2.31,37004.60,89081.46,1.00,2870.00,19389.45,0.00,52720168960.00,116893.71,0.00,34972.63
1787811980.256,17.31,7.85,8.16,38173.04,89070.76,0.00,2624.00,53147.25,0.00,52899028992.00,52467.36,0.00,33991.11
1787811983.291,10.95,6.48,2.39,51766.70,91466.94,0.00,2630.00,11061.01,0.00,52895580160.00,157620.85,0.01,48211.58
1787811986.339,11.89,7.30,3.77,58625.28,239548.21,0.00,2029.00,197494.30,0.00,53621858304.00,697428.71,0.01,53946.61
1787811989.376,14.02,7.52,5.30,39581.62,168036.33,0.00,2047.00,23432.98,0.00,53595856896.00,76514.58,0.00,35325.63
1787811992.421,13.83,7.29,5.29,54771.96,256784.05,0.00,2035.00,23972.50,0.00,53608448000.00,169108.02,0.01,52230.51
1787811995.459,15.01,8.54,5.69,46110.37,340392.11,0.00,2040.00,23711.01,16.74,53601906688.00,613077.04,0.01,41068.81
1787811998.479,15.07,8.41,5.45,47984.64,381410.14,0.00,2015.00,24654.66,0.00,53628112896.00,142894.36,0.00,38350.75
1787812001.515,12.88,7.93,4.23,38487.78,91027.71,0.00,2010.00,22157.96,0.00,53635502080.00,28246.17,0.00,41148.45
1787812004.558,23.24,18.13,4.46,50958.83,105225.16,0.00,2072.00,53249.78,0.00,53657669632.00,689268.26,0.01,58312.52
1787812007.601,15.13,11.26,2.39,23191.38,99734.98,0.00,1595.00,76247.36,0.99,54142492672.00,408506.38,0.01,26978.63
1787812010.638,13.95,10.80,0.78,9854.05,78469.65,0.00,1044.00,60423.43,0.00,54726258688.00,48854.80,0.00,6894.06
1787812013.675,12.42,10.68,0.23,10550.45,87778.86,0.00,592.00,69642.23,0.00,55623700480.00,60406.28,0.00,7403.86
1787812016.717,16.78,13.51,1.24,14880.23,81948.49,0.00,396.00,76248.73,0.99,56257052672.00,56655.75,0.00,10155.67
1787812019.756,12.26,10.39,0.77,12058.32,100155.35,0.00,285.00,43970.21,274.81,56600702976.00,1305678.86,0.01,8559.91
1787812022.803,26.68,26.49,0.54,41642.58,88784.83,0.00,522.00,128988.61,242.75,57496211456.00,18954516.89,0.03,27747.02
1787812025.84,24.02,19.57,3.56,27964.29,156927.22,1.00,353.00,86832.68,13281.13,57857429504.00,55586615.54,0.40,19491.88
1787812028.877,26.52,20.66,5.98,51013.15,201243.88,0.00,481.00,161140.32,3732.67,58619084800.00,19583828.76,0.13,33992.27
1787812031.921,20.35,17.76,1.55,31140.31,110187.58,0.00,488.00,131112.88,210.41,59270791168.00,114876961.27,0.10,21557.87
1787812034.97,13.95,13.27,0.92,21079.52,113642.03,0.00,375.00,87060.65,474.28,59776966656.00,2241296.49,0.01,14305.99
1787812038.014,15.73,12.51,1.61,12074.44,78162.92,0.00,87.00,138689.41,1053.63,60725805056.00,5261713.50,0.02,8767.07
1787812041.047,21.33,15.95,5.01,35894.30,153620.72,0.00,1628.00,152841.31,88135.49,62088376320.00,389864939.10,9.95,25311.41
1787812044.081,14.08,12.16,0.46,13663.65,76382.57,0.00,1461.00,71043.47,29.57,62795296768.00,25885874.50,0.03,10018.04
1787812047.126,16.54,15.62,1.47,11751.24,73794.68,0.00,794.00,52267.89,518.67,63190310912.00,4021902.53,0.02,9024.42
1787812050.168,13.83,12.38,0.77,42030.85,92812.60,0.00,559.00,37411.92,176.10,63187771392.00,3562706.77,0.04,23749.37
1787812053.206,13.29,12.96,0.39,31305.32,46253.10,1.00,839.00,33037.93,122.42,63180394496.00,1261642.99,0.01,19018.28
1787812056.246,27.94,24.66,2.23,65220.29,104528.43,0.00,881.00,19780.88,171.05,63171543040.00,737110626.67,2.66,70636.04
1787812059.285,34.74,34.75,0.54,60566.37,138381.91,0.00,887.00,17353.44,579.40,63160885248.00,591185152.20,2.24,69880.83
1787812062.316,11.53,8.50,2.55,31623.39,97242.48,0.00,3390.00,42089.01,435.28,60728901632.00,1811288.50,0.01,24831.99
1787812065.348,14.90,10.40,4.08,63720.56,190213.76,0.00,3556.00,30704.24,215.03,61369507840.00,1820632.54,0.06,64130.49
1787812068.383,16.32,11.99,4.41,48857.96,101065.66,0.00,4567.00,23034.32,111.89,61371351040.00,1257278.24,0.01,55351.33
1787812071.426,14.50,9.95,4.24,53315.13,100449.83,0.00,5695.00,26332.05,23.71,61389410304.00,121395.73,0.00,55731.11
1787812074.464,16.97,12.46,2.96,49719.55,108419.22,0.00,6881.00,31872.94,42.86,61383450624.00,302098.74,0.01,54578.18
1787812077.505,13.80,9.61,2.92,44977.97,126013.30,0.00,7711.00,34810.80,58.05,61392723968.00,519853.92,0.01,51344.89
1787812080.552,14.50,9.06,2.69,46281.08,115266.46,0.00,8076.00,23762.69,76.72,61387476992.00,13010064.47,0.08,53730.41
1787812083.599,16.09,8.67,4.61,45107.92,120112.54,0.00,8785.00,41604.82,139.53,61393145856.00,600209.93,0.01,42867.43
1787812086.639,25.21,18.70,6.46,98839.02,185233.40,0.00,9395.00,22117.45,15.76,51206782976.00,117003.61,0.01,96600.27
1787812089.669,15.11,9.80,3.73,53427.22,140300.54,0.00,9939.00,22189.63,31.83,51152625664.00,289311.78,0.00,58407.22
1787812092.714,13.29,7.54,5.15,60641.42,105841.54,0.00,9929.00,48612.81,15.76,51164758016.00,92785.68,0.00,63342.29
1787812095.752,11.37,7.90,2.91,40336.80,89568.35,0.00,9928.00,20429.23,63.86,51169054720.00,398371.48,0.00,46747.98
1787812098.795,14.67,10.46,3.08,40486.59,128597.17,0.00,9925.00,28589.95,0.00,51170578432.00,911192.91,0.01,49995.34
1787812101.838,12.40,8.61,3.69,41492.70,127139.05,1.00,9947.00,18693.39,7.86,51145990144.00,32210.39,0.00,48083.03
1787812104.883,12.48,7.95,3.70,35581.84,109085.25,0.00,9944.00,27153.29,47.41,51153862656.00,262950.26,0.00,40455.11
1787812107.926,12.29,7.60,3.38,41007.14,113803.56,0.00,9942.00,19223.69,31.48,51147440128.00,145061.61,0.00,47629.52
1787812110.962,12.77,7.97,3.87,41424.24,116911.18,0.00,9944.00,22974.85,15.84,51142594560.00,304205.55,0.01,50515.37
1787812114,12.08,7.78,3.24,39649.72,100843.15,0.00,9946.00,23305.95,16.77,51143823360.00,145495.46,0.00,43605.65
1787812117.038,11.50,8.11,3.09,40302.62,115415.87,0.00,9965.00,20622.41,87.00,51116171264.00,388755.92,0.01,46350.90
1787812120.07,14.07,9.20,3.94,53263.77,127181.69,0.00,9957.00,22569.04,0.00,51128590336.00,186458.34,0.00,60094.90
1787812123.108,13.49,9.92,3.92,42266.49,108325.84,0.00,9964.00,22940.13,0.00,51116437504.00,16133.03,0.00,48000.43
1787812126.163,16.54,8.85,4.85,45742.82,189038.11,0.00,9964.00,30152.86,31.51,51118350336.00,278303.23,0.00,39719.74
1787812129.202,14.73,7.68,6.75,35566.52,62311.13,0.00,9964.00,24181.42,0.00,51107987456.00,0.00,0.00,33012.29
1787812132.238,13.32,6.45,5.14,46069.81,68704.71,1.00,9971.00,23497.80,7.86,51099525120.00,80511.10,0.01,42276.09
1787812135.277,11.63,6.61,4.61,27522.27,81708.88,0.00,9969.00,23463.88,7.87,51099492352.00,108806.12,0.01,23830.09
1787812138.319,15.09,8.84,4.00,52196.18,107848.34,0.00,9383.00,14503.31,47.26,51796578304.00,366999.83,0.01,59835.30
1787812141.357,10.64,7.12,3.02,23552.26,87785.96,0.00,8602.00,131626.92,154.56,52632055808.00,1038883.22,0.00,24757.61
1787812144.398,13.60,7.78,3.62,39418.78,111713.01,0.00,8603.00,22930.76,81.85,52625727488.00,407980.60,0.00,44842.67
1787812147.448,13.42,8.01,4.01,37594.23,105079.67,0.00,8624.00,30179.10,34.51,52420452352.00,254415.46,0.01,44977.45
1787812150.47,13.47,8.80,3.19,42415.05,117370.29,0.00,8621.00,23313.03,15.94,52423446528.00,1142812.84,0.05,50116.58
1787812153.5,14.92,9.16,4.50,47343.04,118189.11,0.00,8618.00,22995.13,0.00,52423340032.00,40712.37,0.00,55999.42
1787812156.544,14.65,8.85,4.39,38951.01,125620.27,0.00,8615.00,23184.19,31.53,52428300288.00,153360.51,0.00,48151.80
1787812159.584,16.01,6.84,4.84,55513.18,84125.45,0.00,8621.00,25150.20,0.00,52417179648.00,96686.29,0.00,53340.49
1787812162.626,14.04,8.67,3.68,37535.90,97961.28,0.00,8630.00,23598.01,0.00,52408041472.00,193210.26,0.01,38988.18
1787812165.665,14.56,6.75,4.22,38606.46,128874.14,0.00,8630.00,22191.03,33.39,52408963072.00,209174.71,0.01,42845.30
1787812168.703,18.62,13.93,3.23,48894.51,95005.55,1.00,8497.00,292703.94,143.85,52530905088.00,41487893.08,0.42,48189.75
1787812171.738,12.71,8.10,3.62,43293.15,131346.50,0.00,8057.00,22488.13,0.00,52863700992.00,16164.14,0.00,49842.74
1787812174.777,12.94,7.96,3.55,32980.34,70186.57,1.00,8414.00,9983.70,0.00,52489732096.00,64813.47,0.00,31254.99
1787812177.811,11.20,6.53,3.26,21220.57,72463.73,0.00,7958.00,75347.00,63.67,52964020224.00,399367.35,0.00,19776.72
1787812180.847,13.38,9.01,3.16,57573.24,135941.54,0.00,7955.00,23601.65,15.77,52969168896.00,282549.65,0.01,65650.46
1787812183.878,13.49,6.78,5.32,25906.59,98400.24,0.00,7959.00,25112.21,0.00,52962582528.00,60629.30,0.00,21589.21
1787812186.909,13.70,6.48,5.56,31699.86,94359.87,0.00,7952.00,24423.25,0.00,52966715392.00,44497.13,0.00,27310.53
1787812189.952,12.84,7.11,4.79,30233.16,79173.10,4.00,7945.00,30687.93,2936.22,52976340992.00,12256047.72,0.42,27293.38
1787812192.991,12.57,8.40,3.78,47592.69,97678.99,0.00,8954.00,22408.92,37.50,51902140416.00,792207.63,0.01,53747.24
1787812196.034,11.78,6.47,2.54,18534.75,90624.54,1.00,8545.00,16694.80,186.56,52331536384.00,1532356.11,0.01,16175.07
1787812199.071,15.06,8.64,4.40,36440.69,97597.28,0.00,8084.00,22864.82,15.80,52818120704.00,214432.30,0.00,40661.68
1787812202.106,12.23,6.64,3.94,31930.05,86686.07,0.00,8091.00,24322.72,0.00,52805636096.00,20246.69,0.00,32824.74
1787812205.135,12.78,8.16,3.03,50970.41,114944.06,0.00,8069.00,22180.23,47.70,52822204416.00,390788.73,0.01,60304.44
1787812208.172,12.28,6.77,4.16,31796.21,75636.12,0.00,8114.00,24271.49,8.86,52776509440.00,36293.52,0.00,31570.62
1787812211.219,14.81,9.38,5.07,87439.29,134948.11,0.00,8084.00,60651.38,15.74,52803973120.00,205542.25,0.01,89510.94
1787812214.258,13.39,8.01,3.85,36790.93,117785.44,2.00,8088.00,22220.17,19.73,52803067904.00,193955.91,0.00,42824.40
1787812217.304,16.71,7.49,5.48,30472.85,75992.91,0.00,8101.00,31644.77,0.00,52790603776.00,32378.95,0.00,26481.87
1787812220.337,12.47,6.49,5.02,35556.86,90909.84,0.00,8092.00,24403.01,0.00,52798369792.00,0.00,0.00,36369.90
1787812223.373,10.58,6.78,3.47,41485.25,106574.39,1.00,8096.00,23708.39,31.55,52794593280.00,290723.03,0.01,43611.35
1787812226.408,15.20,12.83,2.09,34826.89,86481.74,0.00,8253.00,32260.28,15.84,52499595264.00,3227231.67,0.05,34120.85
1787812229.449,14.60,10.06,4.38,36817.01,98629.82,1.00,7971.00,22869.37,110.16,52800692224.00,587671.67,0.01,43493.25
1787812232.488,9.93,6.15,2.15,17845.51,75010.67,0.00,7653.00,19304.64,0.00,53239955456.00,52461.65,0.01,15346.99
1787812235.525,14.21,7.22,2.64,25618.00,69820.72,0.00,7318.00,99759.08,193.85,53592694784.00,846942.67,0.01,23407.42
1787812238.561,17.29,12.73,3.47,61796.46,114719.03,0.00,7219.00,29273.31,0.00,53695942656.00,93001.71,0.00,67961.42
1787812241.607,18.41,12.28,5.37,34161.61,104907.05,1.00,7228.00,24875.63,0.00,53684527104.00,144896.72,0.00,31079.93
1787812244.645,17.87,11.67,6.03,29095.32,98923.49,0.00,7231.00,55747.40,0.00,53685055488.00,153961.66,0.00,27507.04
1787812247.692,13.39,6.69,5.53,23515.11,75736.59,0.00,7218.00,24772.11,12.79,53699182592.00,161147.53,0.02,21850.77
1787812250.738,12.16,7.15,5.00,19315.69,81970.49,0.00,7221.00,24062.74,21.64,53698781184.00,213492.45,0.01,17500.80
1787812253.776,22.85,14.90,3.48,40373.28,95212.14,1.00,8177.00,72881.78,142.42,52628025344.00,753500.06,0.01,40909.62
1787812256.817,12.34,7.38,3.15,32564.29,112594.92,0.00,8039.00,22043.11,0.98,52794413056.00,261986.41,0.01,40341.89
1787812259.858,13.63,8.83,2.07,34856.16,141990.66,0.00,7139.00,30914.82,15.72,53742698496.00,76453.49,0.00,43948.19
1787812262.901,13.63,7.68,3.76,29911.27,140333.37,0.00,7147.00,23544.57,19.64,53735452672.00,100578.38,0.00,33420.18
1787812265.935,16.57,9.78,3.88,29600.96,103760.80,0.00,7144.00,31175.53,15.89,53738733568.00,113933.43,0.00,36889.09
1787812268.985,11.67,7.60,3.00,33560.00,114094.97,0.00,7211.00,22880.57,0.98,53651910656.00,141015.37,0.00,43396.27
1787812272.028,16.02,9.14,4.00,40782.82,143909.29,0.00,7203.00,50671.30,122.01,53657088000.00,806033.68,0.01,46206.78
1787812275.075,11.01,7.45,3.15,29396.71,111740.72,0.00,7194.00,23808.20,0.00,53668896768.00,96652.53,0.00,35108.29
1787812278.116,16.65,8.44,4.49,37105.40,108733.68,0.00,7202.00,26152.49,68.43,53659779072.00,529611.33,0.01,45905.28
1787812281.163,19.18,7.54,5.15,24787.07,100973.91,0.00,7198.00,31090.62,0.00,53666926592.00,24186.73,0.00,23986.63
1787812284.21,20.73,9.30,5.31,27282.22,84457.42,0.00,7215.00,24290.75,0.00,53645799424.00,141024.69,0.00,32189.46
1787812287.255,11.82,6.99,3.99,28926.51,119138.46,0.00,7205.00,30582.29,0.00,53661171712.00,12074.90,0.00,32248.46
1787812290.297,13.19,7.00,3.54,29447.37,114666.30,0.00,7213.00,26305.48,15.75,53651460096.00,141109.58,0.00,34759.41
1787812293.329,19.51,6.77,4.59,21745.72,82891.87,0.00,7222.00,24529.16,15.93,53645635584.00,97897.57,0.00,21240.67
1787812296.373,13.00,6.99,2.92,31151.17,110673.28,0.00,7212.00,22908.57,0.00,53650341888.00,24167.28,0.00,39026.63
1787812299.405,15.57,6.93,3.97,24639.02,114630.54,0.00,7214.00,23863.23,0.00,53646319616.00,97898.80,0.00,24907.72
1787812302.436,13.10,7.46,2.17,19279.03,111323.03,0.00,7752.00,20385.20,4.97,53080227840.00,195402.17,0.15,16520.59
1787812305.478,12.03,9.36,2.99,41241.87,171322.31,0.00,7428.00,23257.06,0.00,53419032576.00,294002.72,0.00,44697.27
1787812308.517,11.14,6.00,2.15,21903.47,76044.26,0.00,8732.00,16596.22,0.00,52049686528.00,145192.06,0.00,19029.50
1787812311.548,10.21,6.82,2.71,16229.51,61120.89,0.00,8724.00,9264.80,0.00,52057321472.00,28425.93,0.00,13810.42
1787812314.58,13.43,8.82,3.40,36726.00,103671.78,0.00,8187.00,23199.59,31.69,52616122368.00,287993.01,0.00,41518.31
1787812317.61,11.78,6.45,4.04,28139.97,89514.84,0.00,8195.00,23700.69,0.00,52611584000.00,48901.71,0.00,25784.34
1787812320.64,12.99,6.53,5.44,21347.77,74489.98,0.00,8194.00,28444.14,0.00,52608962560.00,36659.26,0.00,19382.10
1787812323.686,12.93,10.17,2.77,31523.48,99557.02,0.00,8147.00,262201.44,0.00,52666654720.00,27653600.02,0.14,30004.77
1787812326.726,9.42,6.48,1.85,22737.44,73098.87,0.00,8959.00,9129.34,7.90,51808034816.00,32354.54,0.00,19470.96
1787812329.77,13.29,6.85,2.77,25812.62,87614.65,0.00,8951.00,26844.38,185.09,51816222720.00,854893.08,0.01,22488.94
1787812332.806,13.53,8.86,4.16,30268.18,133242.52,0.00,8401.00,135852.80,0.00,52399734784.00,302938.20,0.24,31320.18
1787812335.844,12.94,6.70,4.93,19758.40,71929.81,0.00,8405.00,23447.44,0.00,52395069440.00,48495.20,0.00,17102.72
1787812338.888,13.36,5.92,5.30,19977.88,84568.26,3.00,8385.00,24834.36,0.00,52419489792.00,24180.07,0.00,16856.25
1787812341.928,14.91,9.12,4.79,59657.23,86052.87,0.00,8254.00,354011.93,0.00,52571512832.00,214709.85,0.00,59394.79
1787812344.97,10.77,6.38,2.84,16238.49,63439.07,0.00,9040.00,19614.74,185.05,51732455424.00,1040208.20,0.01,13556.70
1787812348.011,9.90,5.76,2.61,16868.44,77387.16,0.00,9069.00,9396.26,0.98,51699806208.00,265789.22,0.01,14344.18
1787812351.059,10.97,6.62,2.62,42052.03,76110.45,0.00,8709.00,122763.38,0.00,52078297088.00,96953.03,0.00,40308.04
1787812354.118,14.78,7.82,4.02,26605.94,84806.24,0.00,8524.00,22586.66,0.00,52272611328.00,12176.76,0.00,29465.28
1787812357.16,13.68,8.06,4.15,28405.29,103262.56,0.00,8520.00,30894.93,15.73,52277649408.00,100647.11,0.00,29878.46
1787812360.197,11.50,7.29,5.45,21787.85,83503.24,0.00,8528.00,23324.28,0.00,52267974656.00,502653.07,0.00,20577.42
1787812363.245,12.80,6.99,5.38,22487.27,97312.68,0.00,8528.00,18122.65,0.00,52268871680.00,165233.99,0.00,17494.47
1787812366.286,15.39,8.38,5.23,28128.20,155219.31,0.00,8525.00,24697.14,0.00,52272447488.00,117012.67,0.00,18008.57
1787812369.329,13.25,6.76,5.07,23232.66,84779.63,1.00,7778.00,336316.56,163.37,53172559872.00,927180.67,0.01,18503.99
1787812372.367,9.33,6.25,2.55,47762.11,76328.87,0.00,9092.00,15533.73,15.81,51680870400.00,84985.94,0.00,44428.63
1787812375.41,11.59,6.65,3.48,17216.25,85634.79,0.00,9082.00,19356.40,0.00,51676143616.00,40546.08,0.00,14085.36
1787812378.452,11.45,5.83,2.46,16663.29,69557.92,0.00,9082.00,26607.43,0.00,51678490624.00,92543.49,0.01,13716.84
1787812381.486,11.75,7.79,2.55,28487.76,116344.74,2.00,8326.00,68269.19,133.20,52470263808.00,590057.31,0.01,32268.57
1787812384.527,14.52,6.23,4.69,21395.08,97719.71,0.00,8336.00,24286.68,21.66,52465852416.00,310516.61,0.00,17011.49
1787812387.568,16.31,9.08,7.01,19809.81,79523.21,0.00,8324.00,24387.83,0.00,52473040896.00,60580.10,0.00,17081.42
1787812390.608,14.29,6.24,5.54,19997.15,75833.70,0.00,8335.00,24428.92,0.00,52459077632.00,48428.26,0.00,16749.10
1787812393.646,19.29,10.01,7.08,21943.07,117227.10,0.00,8339.00,25167.32,0.00,52456030208.00,153376.80,0.00,18058.14
1787812396.689,12.24,6.47,5.31,31027.13,88045.17,0.00,8036.00,354092.89,84.73,52798750720.00,766703.26,0.01,27347.33
1787812399.737,9.28,6.61,2.07,16260.80,79463.49,0.00,9906.00,16081.86,0.00,50816872448.00,92623.34,0.00,13170.66
1787812402.781,11.67,7.13,4.14,23904.66,82893.97,0.00,9327.00,25249.17,0.98,51427504128.00,56276.75,0.01,22913.41
1787812405.808,15.59,6.31,4.83,31229.55,89168.19,0.00,9329.00,24428.94,0.00,51424231424.00,0.00,0.00,28136.91
1787812408.849,14.05,8.00,5.23,20040.85,63413.47,0.00,9327.00,24168.77,0.00,51426922496.00,60500.69,0.00,18107.14
1787812411.871,12.74,5.75,5.29,17090.82,59238.67,0.00,9326.00,24568.98,0.00,51420971008.00,16318.90,0.00,14738.77
1787812414.919,16.87,5.99,5.37,17983.59,72797.61,0.00,9327.00,23539.62,0.00,51417518080.00,161086.41,0.00,15165.89
1787812417.959,16.99,12.34,3.55,50601.75,107616.25,0.00,8818.00,267714.71,15.80,51947864064.00,2536449.85,0.04,53601.93
1787812420.998,11.60,6.85,3.54,42966.99,101216.98,0.00,8025.00,64407.67,0.00,52776247296.00,20158.16,0.00,48168.06
1787812424.038,13.93,10.90,3.99,43973.18,139376.65,0.00,8024.00,24538.30,28.50,52781584384.00,623928.74,0.02,53148.70
1787812427.085,9.45,6.62,3.54,27011.66,106250.33,0.00,8020.00,22933.00,15.77,52784754688.00,117109.02,0.00,29715.66
1787812430.117,11.48,7.47,3.97,24067.65,74793.30,0.00,8020.00,23747.10,15.93,52794437632.00,338444.39,0.01,27712.62
1787812433.16,15.69,9.92,4.85,31826.68,90708.26,0.00,7613.00,276766.49,263.13,53212721152.00,52657486.15,0.24,30363.37
1787812436.205,13.42,8.16,3.93,30580.74,121543.78,0.00,7272.00,23172.96,15.76,53558280192.00,80697.55,0.00,38139.13
1787812439.241,11.10,6.76,2.38,24947.04,88156.69,0.00,7616.00,228670.21,0.00,53194727424.00,938272.13,0.04,25304.58
1787812442.292,10.70,6.22,2.38,17496.56,80199.05,0.00,7465.00,60759.63,78.66,53355089920.00,370512.21,0.01,15066.19
1787812445.336,10.16,7.47,2.16,38448.14,124170.27,0.00,7123.00,21568.30,0.00,53712044032.00,104983.66,0.00,45836.83
1787812448.377,15.66,10.28,3.99,36765.28,132232.15,0.00,7120.00,29414.19,2.95,53687947264.00,80508.19,0.00,46383.23
1787812451.424,14.57,7.93,5.39,31953.35,120390.83,0.00,7105.00,59913.26,0.00,53700714496.00,28236.65,0.00,35600.33
1787812454.474,16.13,9.15,4.69,35835.28,122978.09,0.00,7111.00,24446.07,0.00,53705342976.00,177315.91,0.00,37992.46
1787812457.515,13.23,7.29,3.68,28604.07,109422.59,0.00,7107.00,22162.99,0.00,53709672448.00,0.00,0.00,32563.76
1787812460.563,13.36,7.21,4.14,31464.26,126989.94,0.00,7110.00,23272.47,0.00,53696544768.00,92567.13,0.00,37036.79
1787812463.608,12.22,8.37,2.84,35694.47,127081.95,0.00,7117.00,27615.06,40.29,53687795712.00,185170.97,0.00,42488.72
1787812466.649,11.68,7.46,3.39,29059.95,124408.31,0.00,7113.00,22061.02,0.00,53690011648.00,16130.30,0.00,32959.24
1787812469.696,11.11,6.68,3.92,25828.90,103619.39,0.00,7118.00,32413.93,0.00,53684178944.00,72484.51,0.00,27732.06
1787812472.737,14.60,8.29,5.68,21821.91,90574.41,0.00,7118.00,22743.86,0.00,53682323456.00,0.00,0.00,21536.87
1787812475.781,12.51,7.76,4.46,25844.03,92764.31,0.00,7121.00,22739.21,15.73,53680033792.00,88566.56,0.00,29222.27
1787812478.829,13.55,8.55,5.16,30304.96,124921.75,0.00,7136.00,16606.31,15.79,53671165952.00,1070949.52,0.01,34188.70
1787812481.873,11.65,7.44,3.80,28834.61,85891.83,0.00,7128.00,20800.47,0.00,53674442752.00,20313.46,0.00,31944.54
1787812484.914,12.97,9.10,3.47,36783.13,145105.70,0.00,7118.00,48889.84,0.00,53681283072.00,121313.85,0.00,44882.92
1787812487.958,12.41,9.48,2.24,28809.43,100892.75,0.00,7120.00,22233.33,0.00,53682663424.00,60665.99,0.00,36184.59
1787812490.991,17.88,10.89,5.13,31843.03,103987.92,0.00,7129.00,31007.71,0.00,53678321664.00,159044.92,0.00,35352.26
1787812494.034,14.34,9.16,4.54,30587.45,110941.66,0.00,7125.00,22777.84,0.00,53672976384.00,92777.68,0.00,36076.94
1787812497.08,13.21,8.21,3.53,31447.84,132318.57,0.00,7124.00,21087.09,0.00,53673992192.00,0.00,0.00,36938.84
1787812500.124,12.37,8.07,4.07,26538.80,100796.05,0.00,7126.00,27526.96,0.00,53682900992.00,60471.13,0.00,29243.82
1787812503.163,10.86,7.54,2.85,43353.04,121547.22,2.00,7131.00,22814.59,0.00,53667315712.00,16129.90,0.00,49672.27
1787812506.199,12.58,7.88,3.94,25340.31,111193.96,0.00,7127.00,22779.78,2.97,53673127936.00,194446.51,0.00,28074.93
1787812509.227,12.59,9.38,3.64,30508.91,107468.15,0.00,7135.00,21491.65,0.00,53664047104.00,113770.32,0.01,37707.44
1787812512.264,12.83,7.78,5.01,22487.63,103511.13,0.00,7117.00,43021.82,0.00,53689647104.00,0.00,0.00,22709.30
1787812515.304,13.37,8.08,3.39,31131.07,138300.88,1.00,7124.00,25331.80,0.00,53680644096.00,310692.07,0.00,35502.35
1787812518.344,15.25,8.63,4.24,26385.03,97065.72,0.00,7125.00,24148.80,0.00,53676363776.00,40404.18,0.01,29553.09
1787812521.396,11.90,8.32,2.85,28123.81,113902.18,0.00,7126.00,21968.13,0.00,53676036096.00,92623.25,0.00,31520.21
1787812524.434,12.02,8.00,2.38,31629.01,102538.06,0.00,7129.00,20606.86,15.75,53671452672.00,108884.54,0.00,40734.78
1787812527.506,12.97,7.76,3.15,28095.01,107467.78,0.00,7127.00,22286.29,19.68,53673459712.00,185406.81,0.00,32369.45
1787812530.552,11.97,7.39,3.31,27890.66,89631.51,0.00,7128.00,24054.96,0.00,53672357888.00,36330.79,0.00,32907.21
1787812533.593,14.99,7.78,4.70,29159.70,103395.96,0.00,7118.00,29278.11,9.87,53682655232.00,72749.27,0.00,33372.20
1787812536.646,12.19,7.54,3.69,27183.74,89075.19,0.00,7118.00,22483.35,31.49,53681119232.00,128997.03,0.00,30652.75
1787812539.671,12.65,6.70,4.90,23527.05,92308.11,0.00,7119.00,23799.16,15.95,53681889280.00,81652.95,0.00,22576.81
1787812542.707,13.11,7.32,5.92,18524.96,61069.90,0.00,7127.00,23908.36,0.00,53675847680.00,16327.56,0.00,16386.09
1787812545.749,17.84,10.14,6.45,29609.77,205308.26,0.00,7117.00,48560.18,0.00,53680201728.00,503560.87,0.01,19101.10
1787812548.791,18.17,15.58,2.85,38349.38,82713.04,0.00,8589.00,213314.19,0.99,51964022784.00,52568.62,0.04,38763.64
1787812551.832,10.47,8.22,2.23,31665.25,116440.92,1.00,8603.00,22294.79,141.60,51969773568.00,546780.96,0.00,39301.18
1787812554.872,13.89,8.46,4.31,34881.71,128304.56,1.00,7764.00,31335.55,32.49,52852297728.00,407282.44,0.02,44800.59
1787812557.914,12.30,6.31,4.39,24198.63,91471.15,1.00,7779.00,23580.76,0.00,52844138496.00,16145.56,0.00,24490.33
1787812560.952,18.13,10.86,4.70,30809.98,107928.54,0.00,7768.00,34145.61,0.00,52851666944.00,322900.71,0.01,37545.68
1787812563.993,11.40,7.13,3.22,25579.98,94609.79,1.00,7823.00,97754.51,0.00,52787707904.00,32171.82,0.00,25552.75
1787812567.03,12.14,8.37,3.07,55285.81,97267.15,0.00,7494.00,222757.85,15.73,53118992384.00,281940.60,0.00,57992.03
1787812570.079,10.84,6.98,2.53,15314.54,76432.20,0.00,7331.00,9103.84,31.44,53284425728.00,265576.42,0.00,12601.36
1787812573.121,15.08,7.45,5.14,23534.55,88465.04,3.00,6956.00,48737.16,15.72,53655552000.00,88523.00,0.00,25112.45
1787812576.164,13.37,7.30,5.00,26097.83,98792.81,1.00,6961.00,32317.08,0.00,53649530880.00,209530.29,0.00,22335.18
1787812579.203,20.54,14.83,4.76,27055.59,96253.28,0.00,7866.00,270909.03,15.74,52692844544.00,354584.31,0.01,23594.54
1787812582.254,15.48,10.74,4.68,30495.20,105986.21,0.00,7634.00,40654.37,0.00,52863606784.00,68394.42,0.00,37668.99
1787812585.294,12.09,8.57,2.62,24553.94,70998.73,0.00,7990.00,244847.73,67.20,52502622208.00,748792.54,0.02,25752.44
1787812588.359,10.82,7.17,3.17,29841.13,131759.51,0.00,7537.00,22957.91,0.00,52983578624.00,0.00,0.00,36044.05
1787812591.399,12.05,7.00,3.92,26222.01,110892.23,0.00,7541.00,24280.70,47.28,52975652864.00,278367.18,0.00,28650.20
1787812594.448,10.94,7.37,1.92,44018.62,83876.85,0.00,8650.00,218563.77,0.00,51786076160.00,165054.82,0.01,41373.34
1787812597.49,11.89,7.15,3.00,32696.61,118775.04,1.00,8306.00,21001.25,0.00,52141142016.00,16130.72,0.00,40767.13
1787812600.534,12.99,7.30,5.15,21219.95,74407.93,1.00,8313.00,23882.64,0.00,52133171200.00,10097163.19,0.05,20808.40
1787812603.584,15.20,9.97,5.67,32334.50,109672.82,0.00,7262.00,296834.17,0.00,53240590336.00,5404487.56,0.02,29653.61
1787812606.624,17.70,9.54,4.92,33494.15,168430.63,1.00,7558.00,35839.20,15.75,53081321472.00,213719.90,0.00,34931.98
1787812609.672,13.58,8.77,3.00,23677.50,82852.57,0.00,8029.00,134214.19,66.92,52593180672.00,403121.87,0.00,23385.60
1787812612.706,12.56,8.17,2.08,30544.92,107990.47,0.00,8018.00,21320.35,0.00,52599623680.00,48513.39,0.00,40312.44
1787812615.747,12.58,7.67,4.14,26557.44,100583.32,0.00,8037.00,26661.49,23.56,52591566848.00,124645.42,0.00,29135.17
1787812618.794,12.83,7.86,4.55,28439.14,103737.03,0.00,8039.00,23468.33,0.00,52587286528.00,76755.60,0.00,29390.29
1787812621.835,12.01,7.57,4.09,27034.53,103059.32,1.00,8033.00,15916.74,15.82,52596006912.00,125561.88,0.00,30431.05
1787812624.877,12.54,8.96,1.70,52274.69,85382.30,0.00,7634.00,56082.40,0.00,53010649088.00,8245711.33,0.08,50669.40
1787812627.922,15.38,10.86,3.54,34251.05,110427.59,0.00,7340.00,21117.00,8.87,53160140800.00,36335.75,0.00,41681.57
1787812630.971,7.22,6.45,2.07,36158.21,91296.51,0.00,7821.00,54780.85,0.00,52652019712.00,201113.53,0.02,33505.51
1787812634.01,9.78,6.47,2.23,21898.26,90857.25,0.00,7493.00,59911.50,31.54,53001199616.00,201843.68,0.00,18724.45
1787812637.053,12.41,8.29,3.64,29288.75,116049.09,0.00,7320.00,23908.07,0.00,53174710272.00,255939.80,0.00,32718.59
1787812640.094,13.12,8.25,4.47,24383.96,88276.98,0.00,7327.00,22966.51,15.79,53177180160.00,64689.60,0.00,24994.04
1787812643.136,13.96,8.55,3.85,37177.78,102453.80,0.00,7324.00,20432.21,0.00,53173424128.00,0.00,0.00,40767.98
1787812646.179,12.26,8.05,2.91,29482.60,116142.49,0.00,7326.00,26144.54,8.84,53168893952.00,225329.86,0.00,34750.19
1787812649.221,14.83,6.30,4.77,19655.92,98687.07,0.00,7334.00,24104.39,0.00,53159718912.00,48374.12,0.00,16209.21
1787812652.249,15.19,8.16,4.66,26318.61,107171.40,0.00,7324.00,24336.06,1.00,53169139712.00,24459.47,0.00,29301.96
1787812655.293,12.47,8.29,3.53,31215.57,110148.85,0.00,8440.00,19924.37,15.72,51998601216.00,64374.07,0.00,38027.10
1787812658.327,11.51,8.02,3.09,31915.04,103311.20,0.00,8212.00,191580.15,0.00,52241682432.00,291334.04,0.01,37261.84
1787812661.377,13.06,9.06,3.68,48519.29,111237.01,0.00,7615.00,21119.39,15.72,52872900608.00,289677.70,0.01,58328.08
1787812664.412,11.94,6.63,4.55,22084.98,78477.20,0.00,7612.00,25011.22,0.00,52868108288.00,20219.06,0.00,20928.89
1787812667.455,11.38,8.99,3.30,30718.56,137922.25,0.00,7605.00,32487.81,28.52,52875350016.00,217526.94,0.00,35295.44
1787812670.493,12.08,7.24,3.85,26166.51,84190.72,0.00,7616.00,23557.84,15.76,52870766592.00,117019.79,0.00,30144.31
1787812673.537,12.43,7.63,3.70,31228.61,119037.09,0.00,7591.00,27837.86,0.00,52912074752.00,197888.03,0.00,36949.71
1787812676.582,9.32,6.07,2.07,17684.41,104157.01,0.00,8063.00,9096.33,0.00,52422729728.00,475144.16,0.01,14692.66
1787812679.625,16.84,9.73,4.79,33974.79,123200.97,0.00,7578.00,21464.21,0.00,52938739712.00,20223.91,0.00,42883.75
1787812682.665,14.04,7.68,3.45,31383.02,124759.25,0.00,7573.00,23455.16,0.00,52946391040.00,28191.43,0.00,37013.77
1787812685.691,11.16,7.63,3.11,31711.69,130719.28,0.00,7574.00,22454.89,0.00,52939153408.00,122454.03,0.00,37369.44
1787812688.735,11.34,7.25,2.70,30817.52,117453.64,0.00,7579.00,22479.54,0.00,52896649216.00,93047.13,0.00,34926.61
1787812691.776,15.41,8.96,6.03,57877.58,121749.27,0.00,7547.00,62447.82,7.91,52931133440.00,247058.24,0.01,63908.01
1787812694.817,13.50,7.67,3.07,29477.00,95206.65,0.00,7568.00,32057.64,0.00,52912291840.00,24133.08,0.00,35177.45
1787812697.859,12.58,8.00,3.46,30958.53,127986.16,0.00,7561.00,24432.33,15.77,52918181888.00,193763.55,0.00,35723.90
1787812700.903,15.92,9.56,3.93,29884.00,107252.00,0.00,7569.00,23358.13,0.00,52909731840.00,52546.42,0.00,35795.56
1787812703.947,13.11,8.77,2.54,38074.01,108636.15,1.00,7572.00,22445.95,0.00,52904378368.00,24202.86,0.00,46678.55
1787812706.989,12.16,7.45,3.00,32040.87,128073.97,0.00,7568.00,22013.04,7.87,52909813760.00,157124.68,0.00,38472.37
1787812710.041,13.21,7.14,3.99,27185.07,100218.11,0.00,7568.00,23775.02,0.00,52908949504.00,16100.94,0.00,28727.89
1787812713.079,11.85,7.33,3.40,30737.61,118946.46,0.00,7571.00,22822.53,0.00,52905709568.00,20232.25,0.00,35393.22
1787812716.12,13.27,6.84,5.31,25692.96,89999.66,0.00,7570.00,31457.07,142.70,52905721856.00,3333670.24,0.01,25311.83
1787812719.158,12.91,5.54,5.01,19908.25,78892.37,0.00,7577.00,24269.19,0.00,52898193408.00,48473.29,0.00,16808.11
1787812722.2,13.61,7.06,4.83,28071.36,108234.66,0.00,7570.00,23350.38,0.00,52905230336.00,92579.95,0.00,32257.84
1787812725.245,14.52,8.36,5.68,29613.55,119941.05,0.00,7561.00,48122.75,0.00,52907577344.00,80451.74,0.00,33848.20
1787812728.288,13.74,9.13,3.76,33255.61,143522.25,0.00,7558.00,24040.53,0.00,52912328704.00,104601.26,0.00,37624.33
1787812731.333,12.94,5.83,5.45,19889.75,71680.33,0.00,7574.00,28423.89,0.98,52894576640.00,132835.48,0.00,17290.30
1787812734.374,12.58,6.15,5.07,20410.58,76323.55,2.00,7587.00,23370.92,0.00,52883279872.00,28198.92,0.00,17259.26
1787812737.407,13.15,7.31,5.31,28503.16,126084.87,0.00,7519.00,36132.86,852.02,52946120704.00,3789271.48,0.03,23733.50
1787812740.442,11.95,7.34,4.79,23808.77,94715.42,1.00,7528.00,27128.31,0.00,52943364096.00,724354.12,0.01,23033.41
1787812743.479,14.95,6.88,5.33,21624.30,96853.58,0.00,7529.00,23630.45,0.00,52932481024.00,20269.38,0.00,18889.06
1787812746.538,13.11,7.34,5.12,31846.32,92332.39,2.00,7537.00,24077.56,0.00,52923478016.00,104238.55,0.00,31631.77
1787812749.565,12.52,6.14,5.13,20900.46,89076.12,0.00,7537.00,24379.39,0.00,52934336512.00,16313.33,0.00,18020.92
1787812752.603,19.85,15.98,3.55,27336.69,84992.01,0.00,8319.00,335900.50,0.00,52102107136.00,392824.18,0.01,24746.72
1787812755.648,11.92,8.53,2.54,32246.27,108888.69,0.00,8190.00,19414.83,0.00,52270497792.00,20141.62,0.00,38761.22
1787812758.7,14.18,9.14,3.92,25099.06,106602.89,0.00,7603.00,287038.14,78.70,52883492864.00,648756.64,0.01,24065.54
1787812761.733,10.95,8.08,2.31,35604.12,108938.82,0.00,7299.00,22162.82,35.46,53203271680.00,145233.38,0.00,43488.37
1787812764.757,11.30,7.70,2.88,32934.56,137019.36,0.00,7297.00,29066.58,1.00,53205643264.00,53028.31,0.01,39899.60
1787812767.799,11.80,7.15,3.00,29402.49,110493.08,0.00,7289.00,21763.46,0.00,53221695488.00,189657.65,0.01,35101.05
1787812770.847,12.07,6.92,4.46,26424.10,75307.00,0.00,7304.00,26047.76,15.76,53203886080.00,88775.19,0.00,28050.31
1787812773.884,17.50,8.61,5.61,24711.95,98939.34,0.00,7302.00,24210.02,31.49,53204504576.00,128999.37,0.00,23784.36
1787812776.929,12.90,7.67,3.76,25229.00,89089.14,0.00,7307.00,24141.14,0.00,53165649920.00,16100.65,0.00,27065.78
1787812779.96,14.92,9.75,5.49,35637.39,73045.76,0.00,7763.00,259719.36,0.00,52688084992.00,1200203.93,0.01,31680.60
1787812782.995,11.77,8.33,3.01,30145.98,108781.63,0.00,7283.00,61294.00,0.00,53186375680.00,630814.77,0.01,34144.73
1787812786.033,15.81,10.47,3.92,43654.70,261891.73,0.00,7283.00,56246.21,15.78,53191815168.00,282690.25,0.00,42006.35
1787812789.078,11.57,7.10,2.55,18278.12,87137.60,0.00,7758.00,20076.97,0.00,52695314432.00,469615.16,0.01,15728.81
1787812792.116,11.99,7.15,3.92,31588.68,122576.01,0.00,7263.00,19503.12,0.00,53211148288.00,121013.12,0.00,36104.57
1787812795.17,13.59,8.67,3.30,47258.10,163306.43,0.00,7243.00,49307.89,1368.16,53236510720.00,5606007.90,0.04,51801.82
1787812798.225,13.28,8.61,2.61,33982.66,131444.54,0.00,7274.00,24503.72,201.72,53211631616.00,870585.76,0.01,40568.73
1787812801.267,12.29,6.53,4.54,22611.34,92320.51,0.00,7283.00,23453.93,0.00,53200683008.00,0.00,0.00,20619.71
1787812804.314,12.70,6.23,5.00,21631.72,105998.28,1.00,7277.00,23800.90,15.75,53210763264.00,80625.62,0.00,16943.13
1787812807.359,11.58,6.65,4.79,21536.51,94761.03,1.00,7326.00,31832.97,0.00,53151920128.00,239028.14,0.01,17749.45
1787812810.402,13.85,8.38,4.38,31754.58,122837.73,0.00,7876.00,21948.35,15.75,52564332544.00,74591.13,0.01,35699.94
1787812813.447,13.37,8.69,3.85,25619.70,97361.73,0.00,6982.00,95645.22,51.18,53513719808.00,209634.66,0.00,27391.24
1787812816.471,13.38,7.39,3.03,31724.89,120294.11,0.00,7002.00,24126.73,51.78,53498597376.00,252859.19,0.00,37310.69
1787812819.51,17.42,10.86,5.08,34460.43,137358.44,1.00,6997.00,23778.39,0.00,53493977088.00,169665.89,0.00,40787.56
1787812822.549,15.05,7.51,4.65,23658.53,114792.56,0.00,7013.00,25310.88,0.99,53476909056.00,247808.56,0.01,21601.16
1787812825.593,12.61,7.16,3.08,32909.98,122912.47,0.00,7013.00,21301.65,0.00,53480718336.00,28258.96,0.00,41247.86
1787812828.635,22.13,15.01,6.23,31963.94,188867.09,0.00,6969.00,43618.34,2186.92,53523451904.00,9098295.27,0.06,32019.53
1787812831.685,12.57,8.30,3.77,27080.53,108892.21,0.00,6969.00,23619.65,0.00,53509771264.00,60597.59,0.00,31280.67
1787812834.745,12.26,7.44,2.96,30187.08,116813.50,0.00,6976.00,21394.51,15.56,53501177856.00,171288.35,0.00,37474.99
1787812837.79,14.39,8.38,5.23,28065.99,87630.14,0.00,7009.00,23799.66,0.00,53464510464.00,181525.85,0.00,33409.13
1787812840.83,10.03,8.45,1.61,31675.24,127812.58,0.00,7009.00,20927.95,0.00,53462319104.00,80587.46,0.00,39798.30
1787812843.862,14.31,9.03,3.55,32295.99,120388.01,0.00,7017.00,22289.76,0.00,53463052288.00,40467.55,0.00,38288.47
1787812846.905,13.77,6.77,3.92,26414.97,100107.02,0.00,7010.00,24608.67,0.00,53463240704.00,56478.00,0.00,30000.42
1787812849.945,17.39,11.42,4.40,36973.23,139839.81,0.00,6998.00,27495.04,0.00,53474889728.00,319345.11,0.00,44421.86
1787812852.988,12.29,7.95,4.01,26134.75,94742.30,1.00,7010.00,22418.69,0.00,53462556672.00,165665.11,0.00,31188.58
1787812856.036,10.91,7.08,3.54,26790.86,120375.25,0.00,7013.00,22383.31,0.00,53456105472.00,96779.05,0.01,30272.70
1787812859.084,14.42,8.29,4.26,27863.31,106274.88,0.00,7014.00,22090.62,0.00,53455671296.00,109730.76,0.00,31357.63
1787812862.123,12.19,7.16,2.85,35250.52,109490.40,0.00,7026.00,22224.16,0.00,53444542464.00,76713.07,0.00,42756.01
1787812865.172,11.16,8.15,3.00,34772.22,129854.99,0.00,7025.00,21321.54,0.00,53444329472.00,24134.04,0.00,43355.44
1787812868.215,9.65,6.61,2.92,31291.83,105104.54,0.00,7027.00,23596.26,15.74,53438435328.00,177288.23,0.01,36428.51
1787812871.254,15.01,7.79,6.48,29727.88,111078.67,0.00,7002.00,68318.43,0.00,53466611712.00,230524.35,0.01,31463.12
1787812874.292,10.38,6.72,3.32,32310.56,114559.67,0.00,7007.00,22065.36,0.00,53461553152.00,44518.05,0.00,39839.84
1787812877.332,11.08,6.64,4.63,27879.08,92955.60,0.00,6999.00,31323.60,0.00,53477523456.00,125393.14,0.00,31382.36
1787812880.368,12.72,7.94,3.93,25626.83,102744.18,0.00,7008.00,24278.67,0.00,53462368256.00,137444.92,0.00,27324.10
1787812883.412,13.92,7.38,4.61,24389.88,80112.86,0.00,7011.00,24165.46,34.45,53460344832.00,241900.67,0.01,25275.48
1787812886.453,9.73,6.24,2.54,24625.77,96614.10,0.00,7324.00,19210.23,0.00,53141118976.00,52497.12,0.00,21743.63
1787812889.491,16.99,10.57,4.55,37435.47,116778.22,0.00,7003.00,62550.20,0.00,53494083584.00,109268.20,0.00,40858.04
1787812892.525,9.79,7.63,2.54,38585.92,94357.30,0.00,7010.00,21770.29,0.00,53488353280.00,32315.68,0.00,44969.88
1787812895.562,10.79,6.44,2.17,18291.60,72094.52,0.00,7520.00,9221.37,0.00,52950200320.00,28509.28,0.00,14678.99
1787812898.609,10.51,6.38,1.92,26434.13,79673.23,0.00,7514.00,16595.84,0.00,52928798720.00,213534.76,0.01,22344.77
1787812901.648,12.00,7.79,3.93,39107.04,124728.00,0.00,6971.00,64406.94,0.00,53494116352.00,101061.46,0.00,40492.29
1787812904.681,11.79,8.40,3.42,34944.16,110544.54,0.00,6953.00,23697.22,0.00,53538672640.00,28537.38,0.00,39661.37
1787812907.727,15.65,10.93,4.77,31681.56,119672.43,0.00,6951.00,20816.75,0.00,53542551552.00,44369.15,0.00,37046.08
1787812910.755,13.54,9.18,3.97,33313.15,122968.77,0.00,7011.00,26065.75,207.21,53536223232.00,987472.00,0.01,36374.52
1787812913.799,11.35,7.01,3.93,28085.41,109923.94,1.00,7022.00,23511.32,0.00,53524471808.00,105005.74,0.01,28910.28
1787812916.836,17.45,9.28,5.33,26927.51,104149.21,0.00,7024.00,22209.07,0.00,53515145216.00,28368.08,0.00,29785.62
1787812919.875,12.19,7.77,3.08,30950.42,107354.09,0.00,7031.00,30686.66,0.00,53516902400.00,28218.34,0.00,37693.78
1787812922.915,11.78,7.08,3.77,27018.37,99464.68,0.00,7025.00,23535.05,0.00,53519060992.00,44384.72,0.00,30369.36
1787812925.961,14.08,8.47,4.39,27685.40,110777.10,0.00,7034.00,23172.12,0.00,53503016960.00,84855.58,0.00,29700.02
1787812929.005,14.22,7.22,5.07,22066.45,79148.69,0.00,7032.00,24317.18,0.00,53502238720.00,241862.89,0.01,21901.59
1787812932.045,14.33,7.16,5.77,26916.21,104976.85,0.00,7012.00,52515.53,0.00,53521334272.00,64598.11,0.00,27284.94
1787812935.081,12.47,6.85,4.36,22055.52,89839.70,0.00,7019.00,23753.78,0.00,53514452992.00,44851.66,0.00,21893.75
1787812938.127,11.71,7.61,3.61,29728.25,124180.42,0.00,7003.00,35044.83,0.00,53549658112.00,108702.47,0.01,34785.48
1787812941.163,13.35,8.77,3.88,28859.77,114086.76,1.00,7016.00,29804.03,0.00,53531668480.00,142342.85,0.00,33953.75
1787812944.197,14.91,9.13,4.49,25068.38,117820.30,0.00,7019.00,24915.81,22.79,53526650880.00,150146.75,0.00,26623.61
1787812947.233,12.12,6.49,5.25,19145.54,83467.47,1.00,7020.00,25780.93,0.00,53523595264.00,56647.32,0.00,15418.03
1787812950.28,11.85,7.14,3.61,26837.62,111946.48,0.00,7023.00,22550.36,0.00,53521747968.00,60414.87,0.00,30285.07
1787812953.325,11.76,7.01,4.39,25093.10,89610.34,0.00,7020.00,22765.05,0.00,53523820544.00,149373.89,0.01,28662.92
1787812956.359,13.08,7.80,3.55,25536.97,113805.52,0.00,7016.00,22177.23,0.00,53533401088.00,28374.19,0.00,28507.89
1787812959.397,13.34,7.46,4.23,28031.48,102501.33,0.00,7012.00,22776.87,0.00,53536514048.00,92805.82,0.00,32914.25
1787812962.44,15.99,9.24,5.62,26097.55,135717.09,0.00,7014.00,31091.36,0.00,53533954048.00,92847.34,0.00,26466.74
1787812965.477,12.39,7.48,5.09,36249.02,124917.75,2.00,7006.00,42971.42,0.00,53555965952.00,121317.13,0.01,33609.73
1787812968.538,16.56,8.68,4.84,30867.12,95099.17,1.00,7039.00,29488.84,0.00,53508866048.00,112827.89,0.01,37141.95
1787812971.579,12.30,6.53,5.61,20714.55,83636.56,0.00,7051.00,23543.60,0.00,53494996992.00,52396.96,0.00,19232.34
1787812974.607,12.20,5.99,5.37,17235.49,83424.17,0.00,7047.00,24381.01,0.00,53499162624.00,195772.97,0.00,14387.71
1787812977.652,13.78,6.15,4.99,17579.74,58674.86,0.00,7052.00,24219.60,0.00,53492547584.00,24171.40,0.00,14952.23
1787812980.689,14.72,7.48,6.40,19008.26,77219.44,0.00,7045.00,27649.72,0.00,53499248640.00,64686.11,0.00,15963.42
1787812983.728,10.56,7.33,3.32,30772.63,110209.02,0.00,8502.00,49616.87,16.79,52060217344.00,453107.19,0.01,36593.39
1787812986.775,13.76,9.50,3.52,32273.92,108060.16,0.00,7815.00,22473.85,0.00,52688756736.00,16096.68,0.00,39101.20
1787812989.824,14.67,8.01,3.16,33984.19,139203.29,1.00,7816.00,29170.14,0.00,52685217792.00,254352.11,0.02,43381.60
1787812992.852,12.73,9.01,4.12,35339.19,146632.86,0.00,7791.00,49110.08,15.89,52712906752.00,183108.54,0.00,42403.94
1787812995.898,12.66,7.83,3.69,30054.08,98503.61,0.00,7797.00,21572.12,0.00,52713779200.00,0.00,0.00,36916.16
1787812998.939,12.96,8.53,3.00,41155.13,130355.26,1.00,7794.00,24229.23,0.00,52713775104.00,52417.74,0.00,50373.71
1787813001.982,11.55,7.75,2.53,32459.96,113728.90,0.00,7799.00,20639.17,0.00,52706865152.00,173266.71,0.01,40514.25
1787813005.026,13.82,8.74,4.22,26281.74,87810.24,0.00,7796.00,20049.60,0.00,52706979840.00,80386.82,0.00,31677.80
1787813008.078,11.95,7.86,3.00,31917.07,127122.77,0.00,7797.00,22676.57,19.73,52705296384.00,96976.45,0.00,37597.91
1787813011.128,13.08,8.85,3.15,32566.08,107079.24,0.00,7796.00,29316.96,25.61,52707053568.00,104885.91,0.00,39369.80
1787813014.164,10.95,7.93,2.41,31882.04,127947.44,0.00,7795.00,21308.14,0.00,52705792000.00,179492.32,0.00,37375.35
1787813017.209,14.96,10.53,4.46,33210.36,128025.38,0.00,7798.00,25572.40,0.00,52704018432.00,24189.50,0.00,39538.64
1787813020.246,12.21,7.30,3.23,26846.63,91670.04,0.00,7807.00,22719.93,0.00,52695384064.00,56437.16,0.00,32564.93
1787813023.287,13.77,9.48,3.85,33400.43,109446.69,0.00,7794.00,22126.17,0.00,52709744640.00,84881.13,0.00,37294.61
1787813026.321,16.61,10.33,5.90,42549.54,230562.63,0.00,7791.00,46544.87,15.91,52711739392.00,232154.59,0.00,40767.26
1787813029.364,15.92,10.15,3.62,30700.38,97196.19,0.00,7796.00,21005.68,0.00,52709031936.00,100857.19,0.00,39302.69
1787813032.404,13.26,7.79,4.78,25819.44,94988.86,0.00,7792.00,31847.57,0.00,52713291776.00,129400.30,0.00,28075.90
1787813035.445,11.26,5.61,4.76,19346.14,74425.42,0.00,7805.00,25745.36,48.19,52705230848.00,563941.26,0.01,17060.56
1787813038.487,14.47,9.70,3.93,31686.04,114680.98,0.00,7798.00,18827.78,0.00,52707844096.00,20177.55,0.00,38376.84
1787813041.535,12.74,8.46,3.08,33171.79,124840.59,0.00,7811.00,21623.38,0.00,52692176896.00,68536.53,0.00,39695.84
1787813044.572,11.97,7.24,3.23,28105.57,90182.03,0.00,7805.00,22538.11,0.00,52696530944.00,193907.43,0.00,33402.22
1787813047.61,13.59,7.34,5.18,21510.38,79306.91,0.00,7806.00,23712.69,0.00,52693266432.00,16216.92,0.00,20109.22
1787813050.651,11.30,7.98,2.56,32721.48,115511.74,0.00,7805.00,21475.05,14.88,52694106112.00,101581.92,0.00,40680.73
1787813053.694,10.62,8.32,3.39,31819.99,128974.73,0.00,7780.00,27848.78,0.00,52743557120.00,270563.08,0.00,36656.48
1787813056.734,14.83,7.14,4.22,26656.48,114812.57,0.00,7797.00,23465.96,0.00,52713930752.00,64415.90,0.00,28296.80
1787813059.771,12.78,6.51,4.57,28695.77,82342.69,0.00,7807.00,31150.53,0.00,52703277056.00,40608.71,0.00,28056.10
1787813062.815,15.37,7.60,4.76,27686.44,100949.56,0.00,7810.00,25820.03,45.23,52699000832.00,201391.71,0.00,31108.26
1787813065.855,12.52,8.20,2.94,29077.08,98478.14,0.00,7810.00,23259.49,0.00,52696571904.00,56803.04,0.00,34490.63
1787813068.9,11.46,7.08,2.77,33310.26,117341.91,0.00,7813.00,22060.40,0.99,52699545600.00,100865.56,0.00,41083.88
1787813071.945,16.33,10.13,3.94,35375.78,113150.42,1.00,7817.00,21434.56,0.00,52685340672.00,72990.94,0.00,43271.76
1787813074.983,11.79,7.49,2.94,30337.41,100791.92,0.00,7804.00,22254.88,0.00,52699197440.00,0.00,0.00,37287.45
1787813078.024,13.85,7.68,3.07,29955.67,103816.85,0.00,7810.00,22528.02,15.75,52699586560.00,100780.64,0.00,33883.70
1787813081.07,13.05,7.00,3.62,29027.20,98155.01,0.00,7803.00,30976.40,0.00,52698902528.00,682146.98,0.01,33089.57
1787813084.103,12.93,8.41,3.82,33173.50,147482.29,0.00,7803.00,24740.55,0.00,52697788416.00,453255.49,0.01,35484.79
1787813087.146,13.69,8.90,5.14,24776.73,86723.47,0.00,7805.00,23318.64,0.00,52697034752.00,112609.73,0.00,25764.52
1787813090.194,12.02,6.70,4.47,25380.10,104254.87,0.00,7794.00,23798.96,0.00,52715257856.00,52489.21,0.00,26026.42
1787813093.223,15.01,9.10,5.37,25827.98,89071.15,0.00,7810.00,24625.15,0.00,52688707584.00,16313.88,0.00,25689.85
1787813096.263,13.22,7.10,4.71,23213.09,68716.76,0.00,7799.00,24643.82,187.86,52705820672.00,886434.13,0.01,24085.68
1787813099.299,15.30,8.17,5.09,21446.86,69292.29,0.00,7808.00,25750.25,31.58,52699918336.00,323350.85,0.00,20300.99
1787813102.345,15.04,7.67,5.60,23406.16,87314.76,11.00,7805.00,33543.79,259.11,52704047104.00,1029148.76,0.01,21301.42
1787813105.389,11.94,6.93,4.46,29233.98,111313.79,0.00,7795.00,23541.88,15.76,52709847040.00,84751.95,0.00,29962.61
1787813108.429,12.39,6.48,4.40,23994.30,83995.86,0.00,7797.00,23678.22,0.00,52705439744.00,36412.23,0.00,22435.48
1787813111.47,16.36,7.07,7.83,33911.21,91702.31,0.00,7790.00,61414.53,0.00,52710711296.00,40286.66,0.00,30401.37
1787813114.512,15.80,8.54,4.93,21132.57,122967.73,0.00,7788.00,25049.91,0.00,52715368448.00,326881.41,0.00,17094.75
1787813117.555,12.98,6.16,5.08,17983.71,56353.69,0.00,7792.00,23595.92,0.00,52713185280.00,129166.57,0.00,14759.96
1787813120.599,11.01,5.91,5.14,19056.49,79217.31,0.00,7792.00,24195.88,0.00,52712046592.00,104551.03,0.01,15813.51
1787813123.646,13.13,6.85,4.62,22577.08,90711.38,0.00,7785.00,32164.13,0.00,52718837760.00,24219.92,0.00,18738.52
1787813126.68,13.02,6.42,5.33,31160.33,306447.05,0.00,7771.00,23718.31,0.00,52744957952.00,24317.94,0.00,22852.50
1787813129.731,12.96,6.37,5.60,30185.71,297717.25,0.00,7770.00,19236.14,15.71,52742729728.00,148311.69,0.00,20836.94
1787813132.768,13.41,7.51,5.98,29153.53,252262.57,0.00,7701.00,25005.15,151.14,52784848896.00,1173788.47,0.01,21009.62
1787813135.814,12.51,6.38,5.68,19640.79,83547.81,1.00,7703.00,26278.17,0.00,52795498496.00,285921.54,0.09,15399.67
1787813138.847,15.04,8.33,6.07,20336.34,93762.67,0.00,7721.00,23951.49,0.00,52768399360.00,65321.89,0.00,16718.21
1787813141.874,14.10,6.44,5.12,18260.56,59494.30,1.00,7686.00,25613.05,0.00,52786040832.00,24408.32,0.00,15402.43
1787813144.913,13.16,7.69,5.46,22859.50,106961.74,1.00,7685.00,32822.89,10.83,52779552768.00,169302.79,0.00,18136.44
1787813147.955,10.60,5.70,5.01,19290.86,84252.08,1.00,7680.00,24734.78,9.86,52784451584.00,197901.93,0.01,15300.83
1787813150.997,12.16,6.24,5.70,18070.82,68219.36,0.00,7681.00,31675.67,0.00,52784361472.00,64581.15,0.00,14680.76
1787813154.034,11.43,6.11,5.18,19628.84,93750.13,0.00,7679.00,24336.80,0.00,52789383168.00,206829.09,0.00,15572.67
1787813157.08,13.75,7.38,5.53,21940.06,90811.46,0.00,7671.00,24059.48,0.00,52795146240.00,112846.96,0.00,18296.50
1787813160.118,11.51,6.32,5.01,20081.18,74381.69,0.00,7675.00,26556.44,0.00,52795940864.00,28258.54,0.00,16441.78
1787813163.156,13.20,7.63,5.40,23846.26,121742.58,0.00,7677.00,26063.60,1.97,52789981184.00,114133.79,0.00,17905.98
1787813166.192,10.71,5.95,5.03,18477.66,71197.07,0.00,7674.00,31018.69,14.84,52788449280.00,182343.00,0.01,14338.90
1787813169.229,13.47,6.17,5.24,19105.54,81389.55,0.00,7678.00,23705.71,0.99,52784279552.00,92998.58,0.00,15089.83
1787813172.269,12.21,6.47,5.32,21055.94,100255.50,0.00,7650.00,36280.43,0.99,52818202624.00,157647.14,0.00,16330.56
1787813175.309,15.07,7.64,5.87,22729.25,120989.68,0.00,7662.00,24407.92,0.00,52798824448.00,117431.66,0.00,19030.35
1787813178.339,12.24,6.27,5.11,20057.13,72098.60,0.00,7664.00,24141.93,430.29,52797333504.00,2136085.51,0.01,16499.98
1787813181.378,12.40,5.79,5.25,18650.20,68033.60,0.00,7682.00,23615.61,0.99,52773474304.00,54134.39,0.00,14644.74
1787813184.423,10.72,6.23,4.93,19919.24,84241.43,0.00,7679.00,24104.31,31.53,52773822464.00,282539.10,0.01,15255.90
1787813187.466,15.25,8.01,5.93,19026.16,77919.99,0.00,7701.00,23564.04,0.00,52768759808.00,16155.72,0.00,15012.96
1787813190.508,12.88,5.78,5.31,18847.60,91820.06,0.00,7699.00,23695.34,0.00,52771348480.00,20195.62,0.00,16076.13
1787813193.551,11.14,5.69,5.15,17910.28,61606.66,0.00,7703.00,30961.24,0.00,52766810112.00,0.00,0.00,16307.98
1787813196.59,13.08,8.09,4.39,19807.95,86205.26,0.00,7692.00,22828.70,0.00,52778393600.00,24237.00,0.00,17483.70
1787813199.631,12.38,6.46,5.29,20327.97,118368.72,3.00,7698.00,25455.78,0.00,52772765696.00,118295.03,0.00,16636.04
1787813202.675,11.82,5.99,4.99,17488.39,69217.76,0.00,7705.00,23726.53,0.00,52763099136.00,20119.21,0.00,14824.35
1787813205.715,16.30,9.30,5.92,27873.03,197159.81,1.00,7707.00,18247.63,0.00,52762091520.00,237673.60,0.00,19246.95
1787813208.749,15.44,7.19,5.42,27763.92,83850.42,0.00,7706.00,23252.99,0.00,52760473600.00,0.00,0.00,25032.36
1787813211.787,13.11,6.07,4.84,27145.60,76438.90,0.00,7705.00,24567.47,0.00,52759560192.00,68493.03,0.01,24430.04
1787813214.828,14.07,7.85,5.62,19073.88,86230.22,0.00,7713.00,31122.09,0.00,52764143616.00,218039.01,0.01,16733.53
1787813217.871,13.48,7.47,5.93,18616.94,68847.20,0.00,7721.00,23551.56,0.00,52756217856.00,24220.75,0.00,16599.99
1787813220.914,16.77,6.22,5.61,18719.03,64864.69,1.00,7715.00,27455.17,0.00,52762865664.00,12091.65,0.00,16175.99
1787813223.952,14.31,6.60,5.84,20263.30,96679.40,0.00,7721.00,26503.16,0.00,52756172800.00,64439.82,0.00,15851.40
1787813226.988,12.94,6.24,5.16,19847.04,86759.98,0.00,7721.00,22763.66,0.00,52756180992.00,80692.30,0.01,16702.97
1787813230.026,14.99,6.40,5.47,18153.91,81227.08,1.00,7720.00,23549.98,0.00,52756819968.00,40399.02,0.00,14851.02
1787813233.074,14.22,5.91,6.53,19150.21,93513.90,0.00,7708.00,48784.17,0.00,52775878656.00,0.00,0.00,16045.12
1787813236.116,13.62,7.13,5.14,26860.12,123634.14,0.00,7711.00,30880.54,0.00,52765126656.00,96560.87,0.00,23952.29
1787813239.155,15.03,6.95,5.87,18271.12,68049.50,0.00,7712.00,23700.65,0.99,52763295744.00,238958.37,0.01,15964.98
1787813242.195,11.97,6.71,5.25,19296.92,72566.26,0.00,7718.00,30974.36,0.00,52758855680.00,210191.80,0.01,15885.70
1787813245.243,12.34,6.19,5.26,16250.46,57331.36,1.00,7719.00,16595.24,0.00,52757872640.00,20290.78,0.00,14220.73
1787813248.281,12.89,6.00,5.23,18957.92,89065.60,0.00,7719.00,23420.12,0.00,52758372352.00,32277.53,0.00,15155.72
1787813251.326,15.50,7.32,6.17,18063.13,72571.39,0.00,7717.00,23520.18,0.00,52760457216.00,24260.55,0.00,13890.63
1787813254.364,13.13,6.39,4.85,18743.72,78963.53,0.00,7720.00,24380.25,0.99,52755419136.00,173587.91,0.00,14203.80
1787813257.404,14.43,7.32,5.55,19417.69,88411.15,0.00,7711.00,30360.24,0.00,52760920064.00,68669.01,0.01,15378.76
1787813260.433,14.93,6.38,5.05,17975.83,63207.10,0.00,7718.00,23069.11,0.00,52761915392.00,32622.51,0.00,14600.76
1787813263.481,14.62,7.71,6.24,21334.77,105095.37,1.00,7723.00,30451.77,0.00,52753055744.00,36345.72,0.00,16098.27
1787813266.525,17.66,8.61,7.15,26237.03,196228.47,0.00,7713.00,49063.51,0.00,52765343744.00,205612.61,0.01,16177.50
1787813269.571,14.29,6.56,5.63,16972.49,62586.44,1.00,7721.00,22821.30,0.00,52750700544.00,250855.47,0.01,13101.00
1787813272.613,12.12,5.91,4.99,18860.11,80502.33,0.00,7720.00,22840.39,0.00,52753330176.00,16109.91,0.00,14854.93
1787813275.654,14.63,7.02,5.71,19252.85,81653.24,0.00,7720.00,22871.52,0.00,52755017728.00,0.00,0.00,14491.16
1787813278.698,15.17,8.04,5.72,18050.57,83086.24,0.00,7721.00,23054.84,0.00,52749889536.00,40516.84,0.00,14186.00
1787813281.741,12.13,6.39,4.85,18139.38,73657.22,0.00,7709.00,22460.39,0.00,52767862784.00,64579.65,0.00,15084.97
1787813284.775,13.67,6.38,5.22,20237.74,77340.92,0.00,7719.00,30594.69,0.00,52761403392.00,44882.44,0.00,16980.93
1787813287.815,11.54,6.64,5.25,25298.68,71647.62,0.00,7697.00,35850.51,126.58,52767559680.00,554937.26,0.00,22590.43
1787813290.853,13.18,7.09,5.85,27048.51,112922.89,1.00,7706.00,34236.41,945.18,52747235328.00,4240335.51,0.01,21621.75
1787813293.889,16.27,7.70,6.09,16154.27,55227.59,0.00,7688.00,22978.22,0.00,52768661504.00,52501.36,0.00,12649.54
1787813296.932,15.50,7.53,6.07,19675.99,107775.27,0.00,7693.00,23423.89,0.00,52761227264.00,132964.90,0.00,16393.28
1787813299.971,12.72,6.17,5.09,17615.92,54911.75,0.00,7702.00,23308.16,0.00,52751642624.00,101125.16,0.00,14759.31
1787813302.993,13.05,5.99,5.22,16695.84,56592.76,0.00,7708.00,23155.21,0.00,52746747904.00,114358.15,0.01,13280.15
1787813306.035,12.02,5.68,5.22,17969.00,71765.06,0.00,7709.00,30359.39,0.00,52743639040.00,48257.70,0.00,14657.03
1787813309.077,14.68,7.70,5.24,19661.35,101691.76,0.00,7708.00,25574.74,47.31,52751728640.00,197335.08,0.01,16573.38
1787813312.117,12.23,6.47,5.32,18792.85,85531.18,1.00,7701.00,22785.43,0.00,52750303232.00,20204.60,0.00,16191.18
1787813315.156,11.41,6.17,4.47,19067.50,78586.36,0.00,7709.00,22851.80,0.00,52743241728.00,12122.39,0.00,16465.84
1787813318.199,15.08,8.67,5.14,18772.06,64907.85,0.00,7709.00,23379.16,7.86,52741517312.00,301641.23,0.01,16358.75
1787813321.235,11.75,6.08,4.77,16660.98,51294.33,0.00,7710.00,21534.14,15.76,52741840896.00,96856.34,0.01,14253.62
1787813324.27,15.70,6.63,7.09,19998.29,88624.28,0.00,7713.00,23620.98,0.00,52736360448.00,969575.60,0.01,15480.60
1787813327.311,13.01,8.06,5.68,24834.44,113384.88,1.00,7707.00,31067.88,0.00,52739608576.00,100694.78,0.00,21535.53
1787813330.354,14.02,6.23,5.08,16690.39,81380.66,1.00,7712.00,22820.44,0.00,52736561152.00,20180.61,0.00,13982.36
1787813333.396,15.20,6.24,5.47,17895.36,76944.23,0.00,7714.00,30515.67,0.00,52734918656.00,76719.47,0.00,14866.74
1787813336.436,10.04,7.09,2.46,23702.43,86047.11,0.00,7314.00,131333.76,63.08,53209796608.00,282611.59,0.00,21579.75
1787813339.479,12.62,7.50,3.94,28786.73,99069.00,0.00,7321.00,24357.24,0.00,53208260608.00,526711.46,0.00,31987.87
1787813342.516,11.70,7.49,3.09,26495.96,92071.33,0.00,7328.00,22859.86,0.00,53203611648.00,81008.76,0.00,31527.84
1787813345.557,14.39,7.90,5.03,20716.20,99434.99,0.00,7332.00,24710.64,0.00,53196546048.00,150140.20,0.00,16431.87
1787813348.617,11.68,7.96,3.64,35034.08,119768.62,0.00,7341.00,27724.19,0.00,53121990656.00,87477.93,0.00,43442.71
1787813351.648,16.36,8.40,7.08,38811.72,115498.01,0.00,7354.00,59047.67,0.00,53102743552.00,32634.07,0.00,44819.43
1787813354.68,13.68,9.05,2.71,35664.45,112135.93,1.00,7361.00,24797.23,0.00,53122768896.00,52710.69,0.00,42977.61
1787813357.715,15.74,9.84,3.41,41125.57,642829.30,0.00,7235.00,39628.20,1685.65,53385637888.00,7240319.78,0.02,47245.46
1787813360.755,14.30,8.06,3.99,30861.93,560935.88,0.00,7259.00,32083.87,71.71,53286027264.00,736277.89,0.01,34082.43
1787813363.794,14.55,7.77,5.93,22615.58,103499.05,0.00,7353.00,28377.07,259.02,53101887488.00,1228361.90,0.01,18024.13
1787813366.838,12.61,6.69,5.77,19362.73,86106.47,0.00,7358.00,24123.67,0.00,53096443904.00,28226.98,0.00,15722.63
1787813369.881,14.28,7.16,4.31,24711.25,85039.28,0.00,7359.00,23525.93,0.00,53094440960.00,44430.74,0.00,25513.25
1787813372.92,12.25,6.46,4.46,18346.14,80845.55,0.00,7359.00,24205.40,0.00,53096452096.00,44383.79,0.00,14426.49
1787813375.958,13.99,7.40,5.09,22164.67,83688.98,0.00,7365.00,31771.39,14.81,53087379456.00,88942.93,0.01,18551.87
1787813379.003,12.06,6.37,4.68,21386.41,90002.93,0.00,7365.00,24611.46,0.00,53088739328.00,36224.43,0.00,19345.43
1787813382.042,11.52,7.64,2.86,29152.41,105090.77,0.00,7366.00,22083.18,0.00,53086949376.00,52617.03,0.03,34605.89
1787813385.076,10.97,6.68,4.15,30370.97,97105.30,0.00,7356.00,23019.84,0.00,53096706048.00,1381276.95,0.01,30231.24
1787813388.117,15.43,7.16,5.69,21387.32,86736.06,0.00,7362.00,25042.16,0.00,53091676160.00,153292.24,0.00,17939.66
1787813391.151,12.29,6.02,5.32,21705.81,107281.11,0.00,7347.00,23868.00,0.00,53108846592.00,177935.32,0.00,18422.80
1787813394.197,14.35,8.63,4.78,30034.03,97703.84,0.00,7361.00,22618.77,0.00,53103669248.00,60624.58,0.00,34921.85
1787813397.242,14.65,7.70,6.01,21583.88,64439.06,0.00,7363.00,31564.32,0.00,53091495936.00,48464.63,0.00,18608.90
1787813400.28,11.55,6.24,5.00,20754.27,83651.96,0.00,7362.00,27219.52,0.00,53092593664.00,56533.00,0.00,17471.04
1787813403.323,12.41,6.40,5.32,19902.91,88673.51,0.00,7370.00,25121.03,0.00,53082886144.00,48530.01,0.00,15654.55
1787813406.373,11.23,5.84,4.53,22653.40,92708.96,0.00,7371.00,24181.14,0.00,53082247168.00,44323.07,0.00,21232.76
1787813409.408,13.39,6.46,5.45,20913.53,96571.50,0.00,7364.00,25446.17,146.47,53088722944.00,726466.40,0.01,16844.86
1787813412.447,14.16,8.01,6.00,26979.71,95855.71,0.00,7332.00,49345.22,0.00,53121269760.00,177576.18,0.01,26542.42
1787813415.486,12.02,6.78,3.70,28300.31,121705.74,0.00,7333.00,23469.49,0.00,53117263872.00,40406.47,0.00,30201.57
1787813418.531,11.59,7.71,2.31,18905.72,104874.38,0.00,8212.00,27378.87,0.00,52195078144.00,133360.24,0.00,16314.17
1787813421.569,12.39,6.72,3.63,18400.65,77227.14,0.00,8217.00,19298.87,0.00,52189929472.00,332254.35,0.00,15457.26
1787813424.607,13.30,6.77,4.08,29785.23,119800.01,0.00,7855.00,26272.17,0.00,52571652096.00,185619.33,0.01,33261.06
1787813427.651,12.71,9.15,3.38,33859.61,133288.23,0.00,7866.00,20707.41,31.50,52558528512.00,197597.06,0.01,41612.91
1787813430.695,12.04,7.77,3.16,43473.15,89199.83,0.00,7244.00,49995.26,0.00,53216784384.00,60540.60,0.00,41233.88
1787813433.739,10.98,6.30,2.77,16281.82,67695.07,0.00,7249.00,19250.20,0.00,53206585344.00,28219.32,0.00,13292.42
1787813436.778,10.11,5.85,1.93,15794.39,59913.77,0.00,7253.00,9108.05,0.00,53207998464.00,16155.28,0.00,12607.43
1787813439.822,12.41,7.16,3.16,18854.24,87978.23,0.00,7056.00,16386.12,42.37,53412061184.00,238105.68,0.00,16218.99
1787813442.862,9.81,6.48,2.47,15715.74,66978.99,0.00,7069.00,9564.90,0.00,53400965120.00,64703.28,0.00,13397.59
1787813445.906,12.00,8.31,3.46,24884.62,182612.97,0.00,7062.00,28486.57,30.54,53402943488.00,435828.57,0.01,13918.87
1787813448.952,11.86,6.92,2.84,18178.15,109056.10,1.00,7067.00,10221.33,0.00,53399687168.00,185428.72,0.00,14820.77
1787813451.991,15.01,8.79,5.17,27593.32,98184.18,0.00,6607.00,21481.00,0.99,53881741312.00,28312.18,0.01,30354.61
1787813455.03,10.92,7.80,2.24,37066.24,109140.68,0.00,6607.00,22232.82,15.82,53881987072.00,332164.12,0.01,42264.66
1787813458.065,9.89,7.54,3.19,31039.29,92843.33,0.00,6607.00,22424.28,0.00,53879836672.00,4074.25,0.00,35521.22
1787813461.098,14.49,8.79,4.01,30861.53,103714.08,0.00,6602.00,20880.02,0.00,53887361024.00,242588.50,0.01,35435.29
1787813464.134,12.92,6.72,4.64,24886.53,68101.69,0.00,6603.00,22983.74,0.00,53886689280.00,16203.34,0.00,21860.43
1787813467.173,13.16,6.37,5.22,23482.06,96778.58,0.00,6609.00,30838.93,0.00,53881503744.00,48310.66,0.00,19975.76
1787813470.216,14.90,9.22,3.23,31174.35,81052.73,0.00,8025.00,507058.24,0.00,52405989376.00,947615.25,0.01,28125.35
1787813473.266,13.11,7.84,3.30,45718.89,97277.50,0.00,7372.00,242902.75,14.75,53089484800.00,257718.33,0.00,48717.58
1787813476.299,14.56,9.24,5.39,40343.99,141709.25,0.00,6883.00,29508.42,678.33,53595361280.00,3665389.93,0.03,42906.88
1787813479.331,15.56,9.38,4.65,34706.93,170912.47,1.00,6863.00,31551.76,126.05,53622665216.00,1109827.91,0.01,38065.81
1787813482.372,17.55,12.21,5.07,57729.20,235477.69,0.00,6826.00,24229.00,803.24,53646282752.00,38844676.61,0.20,50954.84
1787813485.417,11.06,8.11,3.09,37434.62,123643.59,0.00,6822.00,22823.77,10.87,53644767232.00,226750.93,0.01,44580.10
1787813488.452,14.74,8.29,6.36,47125.99,177306.66,0.00,6806.00,42139.81,376.22,53667676160.00,43416474.70,0.04,43957.03
1787813491.481,15.27,9.00,6.28,45440.13,190035.19,0.00,6820.00,27327.64,41.71,53660942336.00,7704437.64,0.03,38594.87
1787813494.518,14.84,8.87,5.40,59723.26,133212.55,0.00,6818.00,28832.63,36.54,53660815360.00,7988645.10,0.03,55841.16
1787813497.553,18.10,10.48,6.24,50756.24,149493.06,0.00,6770.00,37839.99,3071.68,53690531840.00,45083912.73,0.17,47942.52
1787813500.6,16.08,8.64,6.94,33568.12,104763.71,0.00,6791.00,25254.86,1.98,53665517568.00,564349.76,0.01,29218.50
1787813503.647,13.57,8.03,5.48,30915.24,67844.30,0.00,6789.00,25403.56,0.00,53665136640.00,708531.93,0.01,30456.89
1787813506.697,11.65,8.74,3.91,47058.36,142957.51,0.00,7697.00,72786.61,0.00,52710461440.00,426146.88,0.01,40099.45
1787813509.732,12.02,9.12,3.17,33898.65,134943.18,0.00,7396.00,29339.69,7.92,53038297088.00,332513.88,0.01,43047.21
1787813512.779,14.17,8.43,4.06,31169.27,120068.37,0.00,7395.00,21811.62,0.00,53037268992.00,80345.70,0.00,38662.59
1787813515.83,10.17,6.54,2.77,27546.61,75284.36,1.00,8927.00,26559.25,0.00,51424047104.00,568529.47,0.01,25564.18
1787813518.853,10.32,7.78,3.11,19388.20,73553.42,0.00,8597.00,107559.46,0.00,51785269248.00,228482.68,0.00,18257.30
1787813521.895,12.90,8.06,3.61,31595.07,112792.89,0.00,8404.00,20097.82,24.59,51973812224.00,364103.63,0.00,39001.87
1787813524.926,12.75,6.78,5.30,23726.45,95533.63,0.00,8418.00,28615.64,0.00,51960913920.00,212262.41,0.00,20496.50
1787813527.969,12.29,7.46,3.54,26480.62,90191.91,0.00,8420.00,22775.77,15.76,51955392512.00,100871.04,0.00,30143.69
1787813531.012,13.04,8.23,4.15,29941.98,149490.54,0.00,8408.00,31111.53,0.00,51972952064.00,161159.45,0.00,30983.70
1787813534.055,11.78,6.33,5.10,34955.58,77134.00,0.00,8394.00,24380.32,0.00,51985604608.00,117432.07,0.00,31499.28
1787813537.097,12.40,6.47,5.70,21219.14,78669.12,0.00,8400.00,30891.28,0.00,51975475200.00,60595.12,0.00,19429.82
1787813540.142,12.85,6.99,5.68,19999.66,83023.90,0.00,8387.00,24979.16,0.00,51998146560.00,326304.69,0.01,17078.09
1787813543.18,14.15,6.56,4.78,25127.82,111382.62,0.00,8393.00,23589.30,0.00,51992440832.00,44492.61,0.00,22691.67
1787813546.218,13.14,6.27,5.19,20087.88,81210.14,0.00,8395.00,25093.98,0.00,51992768512.00,345202.10,0.00,17285.43
1787813549.256,18.29,12.26,3.70,24976.13,93386.40,0.00,8182.00,393167.10,0.00,52212850688.00,1350071.06,0.02,23008.17
1787813552.3,13.72,8.45,3.53,32811.23,120549.47,0.00,8191.00,20945.33,0.00,52209311744.00,173235.90,0.00,38843.21
1787813555.35,15.75,8.61,4.77,17283.76,70670.33,0.00,8896.00,19286.52,0.00,51467599872.00,346675.12,0.02,14502.17
1787813558.391,10.87,6.80,2.63,17437.08,87363.40,0.00,8902.00,19046.99,29.67,51460304896.00,429351.89,0.01,14060.92
1787813561.428,12.36,7.63,2.31,18971.71,121916.42,0.00,8902.00,20073.87,0.00,51455987712.00,226330.36,0.00,15684.64
1787813564.472,16.20,7.08,4.85,25218.12,116182.98,0.00,8348.00,25497.82,0.00,52038688768.00,84713.02,0.00,25272.16
1787813567.502,14.05,7.07,5.28,19202.41,62460.00,0.00,8346.00,24617.81,0.00,52040990720.00,20357.45,0.00,17040.31
1787813570.541,15.42,6.81,4.49,20402.56,87916.01,1.00,8368.00,24049.88,0.00,52007182336.00,125813.98,0.01,17208.47
1787813573.572,13.16,6.84,5.36,17160.92,58257.43,0.00,8373.00,24523.27,0.00,52000149504.00,48875.50,0.00,13886.52
1787813576.612,12.35,6.77,4.84,19671.89,59324.61,0.00,8372.00,24111.42,0.00,52002955264.00,12090.64,0.00,16677.76
1787813579.652,13.55,6.10,5.17,19864.97,86816.33,0.00,8374.00,29805.37,0.00,52008267776.00,80978.23,0.00,16400.06
1787813582.703,12.00,6.06,4.98,19862.47,76823.46,1.00,8370.00,23799.64,129.51,52012032000.00,618865.27,0.01,16912.00
1787813585.741,13.30,7.64,4.94,19155.56,59533.40,1.00,8371.00,24615.17,0.00,52004962304.00,165828.52,0.01,15945.09
1787813588.789,16.98,12.89,5.14,48536.70,93354.84,0.00,8211.00,393828.68,0.00,52185919488.00,845059.63,0.02,47102.24
1787813591.83,20.45,13.76,5.64,37387.25,141603.84,0.00,8085.00,65779.28,0.00,52199202816.00,1301250.98,0.01,38350.25
1787813594.872,11.62,10.70,0.46,20512.53,67305.66,0.00,7987.00,19836.37,1.97,52256649216.00,54042702.26,0.12,18114.37
1787813597.911,18.08,11.20,4.32,30098.16,105035.92,1.00,7085.00,19319.02,15.85,53212737536.00,81168.03,0.00,35969.02
1787813600.951,12.49,8.08,3.31,40026.26,119054.25,0.00,7078.00,31635.82,0.00,53204967424.00,20175.68,0.00,44745.24
1787813604.007,10.75,7.44,2.69,39393.02,116775.21,0.00,7097.00,24231.73,0.00,53188300800.00,8047.77,0.00,48622.05
1787813607.05,15.64,8.63,4.78,29571.81,113183.66,1.00,7096.00,30733.02,0.00,53197537280.00,96984.97,0.00,35722.75
1787813610.092,13.18,7.17,3.93,42951.72,96819.70,0.00,7086.00,24677.73,0.00,53196095488.00,48491.24,0.00,46547.02
1787813613.133,10.97,7.32,3.39,27029.15,94010.52,0.00,7086.00,23529.49,0.00,53194059776.00,40379.09,0.00,31395.27
1787813616.174,11.39,7.00,4.15,29039.39,99517.51,0.00,7098.00,17202.99,0.00,53184200704.00,302331.67,0.02,32678.44
1787813619.212,11.74,8.02,3.01,32968.91,126617.52,0.00,7159.00,28131.52,10.86,53125750784.00,97087.52,0.01,40330.34
1787813622.246,13.46,8.62,4.54,33900.02,123412.63,0.00,7156.00,32022.98,8.87,53119160320.00,294619.32,0.01,40002.92
1787813625.277,14.85,7.57,4.25,32831.55,115962.87,0.00,7153.00,23730.62,0.00,53125074944.00,48596.26,0.00,37686.40
1787813628.318,14.27,9.77,4.69,27428.38,102472.00,0.00,7160.00,30442.72,0.00,53115326464.00,36290.28,0.00,31180.49
1787813631.359,12.24,7.55,3.70,30739.56,113303.82,0.00,7165.00,26795.09,13.82,53112070144.00,169770.69,0.00,33028.36
1787813634.401,12.09,6.96,4.10,25418.91,90140.23,0.00,7166.00,24082.38,0.00,53109633024.00,373349.66,0.00,27719.61
1787813637.438,13.46,8.01,4.31,27723.57,90820.73,0.00,7121.00,25358.50,3.94,53153980416.00,289106.39,0.00,28052.32
1787813640.47,11.91,7.86,3.55,16971.89,77495.46,3.00,7722.00,22681.79,0.00,52546850816.00,177761.49,0.00,14176.92
1787813643.512,11.32,7.94,3.24,33316.35,117868.34,0.00,7426.00,20718.04,0.00,52870713344.00,0.00,0.00,40339.25
1787813646.553,9.87,6.86,2.24,19331.70,73490.07,0.00,6970.00,9125.43,0.00,53336707072.00,234495.43,0.01,16605.21
1787813649.589,9.50,6.65,2.55,22578.51,87030.00,0.00,6787.00,69619.65,30.69,53491941376.00,231153.30,0.00,20202.69
1787813652.63,16.49,11.45,5.22,52726.90,134281.80,0.00,6437.00,45681.96,0.00,53855502336.00,294120.95,0.00,59740.30
1787813655.666,12.13,7.34,3.09,48285.76,97253.29,1.00,6430.00,19697.45,15.83,53860904960.00,64849.38,0.00,55835.58
1787813658.706,13.33,9.65,4.01,44411.45,122003.21,0.00,6436.00,21323.50,0.00,53859786752.00,24252.42,0.00,49578.49
1787813661.741,11.20,6.87,3.71,46586.77,111337.47,0.00,6450.00,22187.61,0.00,53838163968.00,226765.86,0.01,48001.68
1787813664.777,15.19,9.48,4.12,34999.00,133301.46,0.00,6451.00,21555.21,0.00,53835218944.00,16290.45,0.00,40325.45
1787813667.823,11.86,7.79,3.16,35649.26,108392.52,0.00,6466.00,23700.95,0.00,53833129984.00,97143.86,0.00,41074.96
1787813670.866,13.97,8.89,3.68,77382.32,110366.43,0.00,6451.00,30618.98,0.00,53832572928.00,0.00,0.00,81866.32
1787813673.9,11.61,8.95,3.19,38266.57,114043.91,0.00,6455.00,21625.77,0.00,53831016448.00,32630.35,0.00,46308.47
1787813676.945,10.53,6.83,3.07,40117.83,113728.43,0.00,6459.00,23803.81,0.00,53830799360.00,48299.40,0.00,45582.52
1787813679.985,12.79,8.62,3.46,35816.24,85203.87,1.00,6467.00,22079.27,0.00,53828997120.00,20183.16,0.00,43193.50
1787813683.025,12.78,8.64,3.86,42015.87,139371.67,0.00,6458.00,24176.05,0.00,53831995392.00,97051.73,0.00,42321.68
1787813686.067,13.98,10.11,4.17,66360.17,218259.63,0.00,6454.00,18806.85,42.46,53850673152.00,315476.43,0.00,62628.23
1787813689.102,10.82,6.79,3.78,37030.20,98498.34,1.00,6458.00,23655.82,0.00,53831831552.00,105302.21,0.02,35990.39
1787813692.144,15.02,9.37,6.22,34902.16,71448.43,0.00,6465.00,31577.54,0.00,53822648320.00,217624.66,0.01,31155.07
1787813695.186,17.84,14.83,2.95,29675.28,98184.22,1.00,7345.00,274488.89,0.00,52905394176.00,476235.48,0.00,29293.08
1787813698.229,9.46,6.83,2.87,38383.09,93557.79,0.00,6513.00,138819.71,15.90,53810024448.00,65127.24,0.00,39563.72
1787813701.267,17.18,11.26,5.40,39786.51,124179.03,0.00,6508.00,25963.05,16.79,53814489088.00,343843.32,0.00,42121.98
1787813704.309,12.16,7.68,3.96,46865.68,98027.28,1.00,6513.00,23011.99,0.00,53811965952.00,89547.72,0.00,48586.04
1787813707.352,15.46,13.96,1.69,37306.34,82673.15,0.00,7951.00,220104.74,15.71,52276748288.00,538802.35,0.01,34263.80
1787813710.385,9.36,6.00,2.69,22044.42,75803.00,0.00,7813.00,19272.48,0.00,52446470144.00,32289.64,0.00,19597.83
1787813713.427,10.41,7.82,3.30,32131.76,128494.65,0.00,7800.00,23210.85,0.00,52469186560.00,156824.20,0.00,28432.89
1787813716.471,13.78,9.44,4.15,52304.04,96161.11,0.00,7444.00,102085.40,0.00,52830330880.00,201343.34,0.01,52872.58
1787813719.517,14.14,9.85,4.31,33332.21,121631.62,0.00,7450.00,30161.75,0.00,52832624640.00,76626.78,0.00,40855.28
1787813722.556,10.77,6.64,4.48,19715.29,84346.82,0.00,7442.00,23093.28,15.82,52845449216.00,279397.05,0.00,15866.68
1787813725.596,15.28,9.64,5.24,25035.84,112861.02,0.00,7665.00,136001.15,353.10,52688449536.00,1797791.11,0.01,24318.02
1787813728.649,11.78,8.01,2.85,58709.52,101054.58,0.00,8479.00,182013.20,0.00,51763458048.00,319011.61,0.00,61953.43
1787813731.703,15.99,10.19,5.17,34542.01,86455.22,0.00,8024.00,24232.91,0.00,52242513920.00,15937.38,0.00,38231.50
1787813734.744,12.06,7.86,2.85,31329.83,104603.82,0.00,8029.00,22881.78,0.00,52250320896.00,0.00,0.00,40592.80
1787813737.789,11.15,6.23,4.07,23776.48,86621.36,0.00,8033.00,24910.71,0.00,52204982272.00,145055.25,0.01,24786.86
1787813740.826,12.70,6.90,5.12,25216.15,119168.49,0.00,8034.00,31204.91,0.00,52204576768.00,20336.56,0.00,24969.75
1787813743.86,20.58,13.04,6.64,44820.79,200361.63,0.00,7334.00,50584.38,13019.73,52947230720.00,53721007.22,0.51,49063.63
1787813746.897,9.86,6.31,3.54,62096.87,84277.77,0.00,6819.00,83771.41,697.46,53457571840.00,1537350.33,0.02,58023.44
1787813749.936,11.57,8.00,2.69,22340.86,80336.66,0.00,6653.00,60519.72,0.99,53628440576.00,92807.47,0.00,19195.79
1787813752.982,12.91,7.15,4.07,38891.24,90275.51,0.00,6496.00,20571.42,0.00,53797285888.00,362774.98,0.01,44298.75
1787813756.026,11.37,6.15,4.46,27585.95,101381.53,0.00,6494.00,24139.30,0.00,53795995648.00,56389.28,0.00,24816.33
1787813759.071,12.58,9.10,3.16,37805.51,109761.13,0.00,7610.00,22043.69,0.00,52636999680.00,24220.75,0.00,44253.37
1787813762.12,12.24,7.17,3.47,34649.17,106121.90,0.00,7637.00,71846.98,24.69,52605784064.00,101116.44,0.00,40001.60
1787813765.159,13.03,7.85,5.39,25735.58,88325.37,1.00,7644.00,24472.25,39.42,52599271424.00,390515.40,0.01,25982.58
1787813768.201,19.67,14.90,2.92,26260.98,100504.56,0.00,7072.00,95195.55,97.31,53184471040.00,742840.80,0.01,25117.70
1787813771.236,11.46,7.57,3.48,89835.81,97055.27,0.00,7160.00,255845.84,0.00,53124096000.00,263302.65,0.00,87009.95
1787813774.278,16.21,10.43,3.48,50495.62,152405.26,0.00,6684.00,24891.43,0.00,53617381376.00,80984.39,0.00,58843.49
1787813777.319,11.51,6.23,4.77,39223.82,101700.88,0.00,6689.00,24392.65,15.76,53607428096.00,121012.92,0.00,34775.16
1787813780.362,19.63,11.02,9.46,32147.63,85938.61,0.00,7691.00,81122.57,482.80,52557094912.00,2090953.92,0.02,31306.95
1787813783.396,13.14,8.18,3.71,31339.49,118364.73,0.00,7514.00,31038.92,0.00,52744192000.00,279436.27,0.01,37844.77
1787813786.438,17.60,12.11,4.09,31865.42,87974.35,0.00,6668.00,95086.61,77.04,53649731584.00,331733.00,0.00,32499.98
1787813789.48,14.58,8.46,4.23,44843.97,143810.01,1.00,6678.00,30311.67,843.19,53640192000.00,3477934.01,0.02,52304.55
1787813792.516,12.43,7.96,2.63,46796.44,114787.18,0.00,6675.00,23276.03,0.00,53636628480.00,158053.38,0.00,54464.07
1787813795.556,11.96,8.77,2.54,48506.17,139159.31,0.00,6671.00,24422.04,0.00,53640798208.00,96844.86,0.01,56540.55
1787813798.59,15.79,10.39,5.08,52741.02,159777.54,0.00,6661.00,34864.96,2569.78,53629087744.00,12218528.51,0.14,55284.22
1787813801.638,13.43,9.04,3.94,44192.42,116487.89,0.00,6681.00,21230.47,0.00,53600391168.00,2295238.70,0.01,53501.95
1787813804.691,14.17,9.12,4.52,64317.05,126010.53,0.00,6674.00,29322.47,0.00,53595209728.00,152769.31,0.01,70278.24
1787813807.735,10.89,7.58,3.40,69090.19,111526.66,1.00,6673.00,41137.49,15.84,53593296896.00,129770.71,0.00,74995.71
1787813810.775,11.85,7.80,3.86,38501.16,99069.74,0.00,6677.00,30988.62,0.00,53590077440.00,52600.64,0.00,44891.98
1787813813.818,11.11,7.61,2.69,56386.66,119390.94,0.00,6676.00,22830.68,0.00,53591883776.00,64556.73,0.00,63040.04
1787813816.876,24.06,14.07,9.56,48854.95,169591.11,0.00,6630.00,226638.61,121385.55,53645860864.00,508045237.02,0.50,57388.78
1787813819.91,21.64,12.08,9.60,43853.24,181034.53,0.00,6721.00,229347.54,109496.81,53642346496.00,459573362.91,0.45,45174.23
1787813822.949,17.97,9.48,7.56,35051.18,96158.33,2.00,6733.00,176860.52,92478.35,53633003520.00,379147014.32,0.33,40097.19
1787813825.99,16.45,8.26,7.49,43929.34,155788.50,1.00,6734.00,195256.57,87447.27,53630726144.00,358459977.86,0.29,31639.85
1787813829.031,10.11,7.46,2.61,35897.24,101258.93,0.00,6755.00,22837.70,0.00,53639319552.00,213725.54,0.01,45759.01
1787813832.079,16.90,9.82,7.67,32962.44,105808.62,0.00,6745.00,67205.61,0.00,53643149312.00,156894.94,0.01,32771.26
1787813835.124,14.80,9.32,5.01,24608.02,95285.96,0.00,6745.00,19297.76,0.00,53643689984.00,246342.49,0.00,23925.27
1787813838.16,11.93,6.22,4.84,20284.42,84248.82,0.00,6741.00,24179.25,0.00,53646876672.00,104717.12,0.00,17123.57
1787813841.185,14.32,9.72,3.42,26499.22,87197.51,0.00,7292.00,20943.48,0.00,53004709888.00,3333573.45,0.02,24619.75
1787813844.225,11.10,8.60,3.02,43071.58,104284.41,0.00,6975.00,26854.92,15.86,53341679616.00,259926.72,0.00,48084.83
1787813847.264,12.22,7.69,3.96,32544.07,107814.79,0.00,6983.00,21568.73,0.00,53341646848.00,378902.99,0.01,40209.82
1787813850.298,8.75,6.79,1.54,47606.84,97384.24,0.00,7264.00,9972.47,0.99,53037473792.00,80933.71,0.00,45267.38
1787813853.335,9.27,6.00,2.69,35547.06,85831.19,0.00,7258.00,26748.93,0.00,53048340480.00,28239.09,0.00,33173.15
1787813856.386,12.43,9.34,2.78,37230.75,137963.32,0.00,6741.00,21912.47,27.65,53593673728.00,137516.01,0.01,48756.30
1787813859.434,15.65,8.40,6.39,41131.20,91230.12,0.00,6773.00,24301.08,0.00,53543116800.00,129237.65,0.01,37741.52
1787813862.476,12.69,6.60,4.99,31012.73,93780.03,0.00,6774.00,24178.00,0.00,53544517632.00,1698377.18,0.01,27467.07
1787813865.52,18.80,13.43,3.86,64798.67,126036.66,0.00,7089.00,135261.99,0.00,53215256576.00,340021.79,0.01,63358.23
1787813868.559,12.03,8.30,3.46,62848.55,94279.22,0.00,7111.00,290398.28,77.70,53198700544.00,539841.10,0.00,63578.34
1787813871.608,12.85,8.96,3.48,48931.46,117689.58,0.00,6965.00,21191.93,0.00,53359882240.00,20246.82,0.00,58739.02
1787813874.639,15.16,8.67,3.56,38424.06,128862.91,0.00,6956.00,29758.39,0.00,53368041472.00,397539.15,0.02,47367.31
1787813877.68,11.67,7.54,3.85,39331.01,113523.09,0.00,6966.00,22751.71,0.00,53359173632.00,16141.86,0.00,43533.02
1787813880.719,16.44,12.75,4.45,68892.07,90531.02,0.00,7629.00,286683.70,31.46,52673777664.00,443004.69,0.01,69655.15
1787813883.754,10.39,8.32,2.57,49550.41,92086.04,0.00,7323.00,24062.87,0.00,52979204096.00,16311.38,0.00,57009.42
1787813886.802,8.95,6.53,1.84,29825.02,78533.26,0.00,7013.00,49234.19,31.46,53285298176.00,189256.86,0.00,28794.87
1787813889.852,10.53,7.87,2.70,34557.86,146255.28,0.00,6551.00,20354.42,15.80,53782687744.00,627128.69,0.03,43539.24
1787813892.906,15.42,8.98,5.68,44672.37,342612.32,0.00,6514.00,47526.81,0.00,53837983744.00,0.00,0.00,49502.09
1787813895.951,18.96,11.06,5.88,51509.03,435639.69,1.00,6520.00,29316.11,0.00,53819777024.00,166190.58,0.00,54944.75
1787813898.993,19.88,10.07,8.06,61262.87,570867.47,0.00,6491.00,77052.29,16.86,53850587136.00,446976.68,0.01,54525.34
1787813902.018,16.88,10.70,5.97,27419.77,105983.94,0.00,6494.00,32822.55,0.00,53865390080.00,85349.16,0.01,30469.19
1787813905.069,12.25,5.99,4.92,20328.63,61296.78,0.00,6509.00,24115.35,0.00,53835718656.00,0.00,0.00,17454.23
1787813908.116,16.94,13.64,2.85,38172.09,86616.62,0.00,7970.00,23170.66,15.78,52266942464.00,315024.02,0.01,38231.64
1787813911.155,16.90,11.90,5.30,48552.49,113876.63,0.00,7819.00,16192.36,0.00,52436316160.00,378671.48,0.00,58333.28
1787813914.193,9.09,6.46,2.46,24174.01,81435.43,0.00,6927.00,141317.23,11.81,53372612608.00,124990.57,0.00,22596.21
1787813917.233,12.37,8.94,3.24,77281.06,114328.01,1.00,6997.00,19255.37,31.59,53270618112.00,194061.89,0.00,80387.55
1787813920.275,14.12,8.07,4.46,43714.15,119450.83,0.00,7007.00,23489.49,46.25,53269950464.00,217639.89,0.00,48020.26
1787813923.304,12.23,7.01,4.21,34340.05,90162.33,0.00,7003.00,30474.53,11.96,53272207360.00,106180.77,0.00,36439.85
1787813926.353,16.88,11.20,5.18,64903.74,251542.43,0.00,7005.00,26041.46,15.83,53272309760.00,372929.04,0.00,58677.65
1787813929.393,10.86,7.17,3.31,35540.92,122703.08,0.00,6997.00,22813.30,0.00,53276647424.00,254382.83,0.01,39289.12
1787813932.433,13.11,7.91,4.38,36830.55,80374.97,0.00,7002.00,22676.67,0.00,53271318528.00,0.00,0.00,38529.24
1787813935.473,10.93,7.45,2.77,38247.64,118207.89,0.00,6998.00,22732.40,14.75,53270192128.00,124885.10,0.00,42624.28
1787813938.511,13.85,7.71,5.09,31325.12,106721.47,0.00,7003.00,21652.32,0.00,53270781952.00,48494.24,0.00,35393.71
1787813941.541,11.38,7.03,2.70,27125.25,75108.23,0.00,7438.00,48270.21,0.99,52812963840.00,535504.54,0.00,24558.05
1787813944.58,12.02,7.40,3.93,41914.47,102833.93,0.00,7122.00,28716.00,15.78,53156757504.00,658294.88,0.03,47653.84
1787813947.615,9.84,6.17,3.01,21809.38,70571.77,0.00,7455.00,19252.86,0.00,52798636032.00,0.00,0.00,19267.70
1787813950.664,15.27,9.66,4.34,57476.48,138570.25,1.00,6951.00,20815.00,15.58,53318930432.00,147616.05,0.01,65139.26
1787813953.71,13.45,6.83,5.30,35023.23,98724.89,0.00,6947.00,24156.83,0.00,53321179136.00,24167.65,0.00,31670.37
1787813956.744,14.01,7.51,4.88,46048.24,106573.77,0.00,6942.00,26137.87,0.00,53325475840.00,117809.87,0.00,43495.46
1787813959.787,11.22,6.25,4.94,30465.06,56210.67,1.00,6946.00,24933.68,0.00,53325873152.00,178015.59,0.00,26999.31
1787813962.824,14.64,7.96,5.56,44380.36,55570.15,0.00,6948.00,25162.69,0.00,53324365824.00,64816.52,0.00,41385.87
1787813965.867,13.38,7.23,5.38,41721.27,120020.67,0.00,6944.00,34828.29,0.00,53333364736.00,88734.39,0.00,37800.01
1787813968.902,13.69,7.84,3.80,36180.16,96210.19,1.00,7716.00,24882.12,0.00,52545867776.00,44762.97,0.00,40567.09
1787813971.945,10.72,6.86,2.78,20432.91,65149.40,0.00,8342.00,19247.41,0.00,51888582656.00,0.00,0.00,17412.44
1787813974.985,9.16,5.62,2.08,19393.60,82112.48,1.00,8365.00,9167.69,0.00,51871604736.00,778193.32,0.03,15946.39
1787813978.024,14.90,8.87,4.63,52884.46,107018.35,0.00,7865.00,22857.78,0.00,52365983744.00,40423.76,0.00,57816.12
1787813981.058,11.55,7.80,3.24,33609.88,108030.49,0.00,7867.00,20892.15,28.69,52366704640.00,174260.85,0.00,36127.11
1787813984.101,16.34,9.42,6.02,59421.54,102940.70,1.00,7863.00,22223.43,0.00,52376907776.00,32373.85,0.00,57730.61
1787813987.139,14.40,7.84,5.54,74610.67,128936.82,0.00,7844.00,57374.64,0.00,52379869184.00,129102.30,0.00,69411.61
1787813990.171,11.96,6.94,4.63,49350.39,108546.15,0.00,7850.00,22218.05,0.00,52376477696.00,157826.39,0.00,50060.22
1787813993.208,13.64,6.24,5.55,26787.23,90427.98,0.00,7856.00,32303.03,0.00,52386676736.00,109046.03,0.00,23032.63
1787813996.255,13.93,7.60,3.61,34130.90,90844.48,1.00,7851.00,22005.99,0.00,52385161216.00,48287.44,0.00,34618.30
1787813999.297,18.15,13.13,3.61,70371.06,95521.76,0.00,7724.00,370291.53,0.00,52534140928.00,261659.29,0.00,71925.31
1787814002.349,10.17,7.06,2.76,39839.14,92409.27,2.00,7029.00,127955.91,31.47,53277978624.00,169174.76,0.00,37392.12
1787814005.388,10.12,8.22,2.00,43852.48,136250.80,0.00,6875.00,20386.71,0.00,53436518400.00,189378.82,0.00,53901.34
1787814008.432,17.20,11.08,4.77,30559.18,96616.67,1.00,6896.00,22129.10,15.75,53383901184.00,108875.39,0.00,36679.44
1787814011.475,16.37,7.75,7.60,59029.99,90254.23,1.00,6888.00,62617.44,0.98,53379506176.00,8047.22,0.00,59350.12
1787814014.514,13.58,7.00,4.23,33954.82,81135.01,0.00,6893.00,32267.56,0.00,53379497984.00,48385.10,0.00,32524.22
1787814017.555,14.02,9.23,3.61,37229.03,139987.78,0.00,6988.00,21280.91,0.00,53325340672.00,100845.25,0.00,44240.55
1787814020.583,11.73,7.16,2.65,45820.73,66241.87,0.00,7711.00,9323.02,0.00,52580651008.00,453150.14,0.01,43074.78
1787814023.622,12.60,10.15,3.61,41178.41,131028.46,0.00,7234.00,19309.35,15.73,53078560768.00,92640.84,0.01,48215.62
1787814026.661,15.54,6.72,5.10,35264.66,83729.98,0.00,7242.00,24902.82,47.45,53063573504.00,206481.69,0.00,31315.65
1787814029.696,16.04,8.31,6.31,40984.18,81452.23,1.00,7244.00,25005.17,0.00,53060046848.00,48412.74,0.00,39001.13
1787814032.741,16.01,9.52,2.46,56442.00,91428.49,0.00,7786.00,290516.95,29.49,52474204160.00,664398.26,0.01,52352.02
1787814035.782,12.77,7.40,3.31,41683.05,110771.79,0.00,7752.00,28931.46,0.00,52645847040.00,153512.12,0.00,49336.30
1787814038.825,10.27,6.48,2.62,26796.42,84846.93,1.00,6904.00,132133.45,91.84,53372903424.00,408534.05,0.00,26026.25
1787814041.868,12.35,8.43,3.30,40528.79,109135.90,0.00,6906.00,22899.81,0.00,53370286080.00,221201.79,0.00,49096.58
1787814044.907,12.89,7.76,3.23,42575.33,123441.69,0.00,6906.00,23004.33,15.74,53367910400.00,221622.30,0.01,50113.60
1787814047.95,12.91,8.75,3.61,51042.09,117291.86,0.00,7025.00,81013.32,0.00,53282394112.00,116717.03,0.01,55773.01
1787814050.995,13.70,10.08,3.23,48428.62,129858.63,0.00,7029.00,21956.58,31.53,53279629312.00,641666.21,0.01,55816.34
1787814054.039,11.33,6.55,2.93,25697.04,104862.22,0.00,7274.00,97232.38,13.82,53029244928.00,76825.58,0.00,23790.02
1787814057.079,11.33,8.54,2.77,40463.05,138053.88,0.00,7107.00,29083.22,0.99,53213773824.00,20181.76,0.00,48975.22
1787814060.122,13.32,7.31,5.16,52531.11,108793.24,0.00,7103.00,26539.10,0.00,53199572992.00,258406.00,0.02,52182.82
1787814063.16,11.43,7.29,3.15,30157.88,99967.65,0.00,7766.00,57606.55,0.00,52493176832.00,20117.69,0.00,34835.49
1787814066.208,12.05,8.18,2.93,40452.46,108627.45,0.00,7776.00,20654.18,0.00,52495036416.00,849149.25,0.04,48871.32
1787814069.25,11.57,7.93,2.62,57325.93,118136.06,0.00,6964.00,24749.88,15.76,53294616576.00,116977.94,0.00,65528.56
1787814072.285,16.99,10.12,5.56,72952.19,125542.71,0.00,6948.00,50707.58,0.99,53313503232.00,73027.47,0.00,81959.86
1787814075.347,10.58,7.69,2.25,39470.08,128177.36,0.00,6957.00,22683.57,57.66,53303873536.00,561917.79,0.01,49600.12
1787814078.39,13.60,9.27,3.47,63534.83,137644.29,0.00,6955.00,31806.96,0.00,53300527104.00,101247.57,0.00,69758.35
1787814081.422,14.15,7.87,4.17,48454.87,102231.55,0.00,6989.00,22302.82,31.58,53265272832.00,210219.17,0.01,53742.46
1787814084.458,14.45,8.24,4.54,55519.38,95053.70,0.00,6989.00,30414.66,6.90,53265502208.00,88823.11,0.00,53290.54
1787814087.489,13.28,7.30,3.65,39165.74,109624.91,0.00,6987.00,23032.36,0.00,53269811200.00,16289.48,0.00,45359.71
1787814090.523,14.40,8.14,3.72,48986.97,121896.14,0.00,6985.00,21638.09,31.77,53272289280.00,243957.06,0.00,56171.59
1787814093.562,10.36,6.17,3.63,33836.11,90533.23,0.00,6987.00,16616.76,0.00,53272244224.00,145665.58,0.00,37975.98
1787814096.594,13.31,7.23,3.27,50995.20,113949.76,1.00,6988.00,23037.96,0.00,53270929408.00,40763.52,0.00,56182.86
1787814099.623,12.97,7.32,4.98,32421.18,135408.03,0.00,6993.00,30924.06,0.00,53268480000.00,175554.99,0.01,32596.77
1787814102.674,13.58,8.05,3.53,45037.53,118001.63,1.00,6989.00,22051.42,15.71,53269491712.00,80429.77,0.00,49185.14
1787814105.712,15.30,10.75,3.84,61594.77,156212.02,0.00,6984.00,30805.25,0.00,53270147072.00,193315.00,0.00,62788.41
1787814108.759,9.54,7.83,2.46,43425.48,105628.66,0.00,6978.00,23649.43,0.98,53274558464.00,149064.96,0.01,51352.56
1787814111.791,11.39,7.55,3.11,25178.24,79476.43,0.00,7458.00,19372.16,0.00,52807892992.00,1202742.28,0.01,22865.59
1787814114.84,10.42,8.06,1.84,41123.02,111028.33,1.00,7145.00,22036.68,0.00,53139984384.00,301813.15,0.00,49216.23
1787814117.88,13.84,8.27,3.25,64107.12,111000.87,0.00,7906.00,244877.08,0.00,52347297792.00,230861.56,0.00,62388.46
1787814120.92,9.82,6.40,2.93,37640.55,68734.41,0.00,7891.00,13065.79,0.00,52366245888.00,121153.35,0.01,35640.88
1787814123.961,11.50,8.63,2.93,46870.60,125648.41,0.00,7378.00,40115.17,0.00,52899688448.00,84878.02,0.01,52544.45
1787814127.005,13.70,9.06,4.07,50567.66,110349.88,0.00,7401.00,29643.04,290.81,52841611264.00,1146894.47,0.01,57303.09
1787814130.037,25.41,12.38,11.76,83395.48,443514.56,0.00,7294.00,84795.57,7502.77,52388745216.00,24207224.68,1.18,54029.85
1787814133.088,46.30,20.55,25.89,126522.04,687412.34,0.00,6500.00,434969.57,18830.45,53603467264.00,38388042.19,0.21,83335.05
1787814136.133,16.93,9.69,6.15,43350.35,130728.35,0.00,6754.00,24667.42,26.58,53203881984.00,1776235.21,0.01,38690.10
1787814139.17,19.32,12.22,6.68,66932.79,332903.99,0.00,6745.00,72632.67,12272.36,53268488192.00,35053317.11,0.13,55922.74
1787814142.21,17.62,10.95,5.17,62692.43,85836.97,0.00,6878.00,319678.63,32.61,53150920704.00,2553958.63,0.02,58801.47
1787814145.247,10.57,7.63,2.23,36618.35,77902.77,1.00,6698.00,289290.86,33.54,53379907584.00,634381.29,0.01,35559.94
1787814148.293,11.86,8.52,2.15,43111.17,123548.41,0.00,6522.00,29391.97,0.00,53546487808.00,547133.57,0.00,53582.41
1787814151.335,11.75,7.23,3.00,35054.85,125497.71,0.00,6514.00,22908.52,0.00,53554094080.00,520175.88,0.01,41522.00
1787814154.38,13.91,7.95,4.55,46003.86,108000.48,0.00,6512.00,23779.74,0.00,53548445696.00,262963.86,0.01,49876.30
1787814157.427,15.23,8.69,4.00,35145.81,107598.41,0.00,6779.00,59065.32,0.00,53253984256.00,84683.10,0.00,40391.36
1787814160.471,13.70,8.61,4.00,29282.93,108412.54,0.00,6207.00,101413.99,15.74,53771153408.00,572192.65,0.01,26035.24
1787814163.507,13.27,7.30,5.75,21826.20,72242.73,0.00,6050.00,26623.38,0.00,53937340416.00,3821813.33,0.01,19142.54
1787814166.548,16.61,10.75,4.76,36970.51,155193.62,0.00,7402.00,259981.57,0.00,52536737792.00,611762.04,0.01,28283.50
1787814169.596,13.20,7.54,3.08,39651.59,110281.86,2.00,7558.00,30177.96,16.74,52355796992.00,64545.62,0.00,44795.22
1787814172.644,16.31,8.49,4.79,45951.83,114000.06,0.00,6791.00,21458.02,30.63,53151358976.00,510011.91,0.03,52003.75
1787814175.679,12.11,8.17,3.62,51092.25,115046.82,0.00,6790.00,23717.67,31.56,53149069312.00,343363.28,0.00,55573.84
1787814178.717,12.44,7.85,3.23,40491.37,116078.80,0.00,6783.00,22052.16,0.00,53160062976.00,36320.75,0.00,49219.74
1787814181.764,12.73,7.93,3.77,38848.66,100052.55,0.00,6797.00,23805.41,0.99,53147496448.00,214158.88,0.01,42630.77
1787814184.808,13.75,7.62,3.31,48036.71,104702.61,0.00,6792.00,23400.86,0.00,53157355520.00,0.00,0.00,53997.36
1787814187.861,12.65,8.88,4.02,63626.35,88024.06,1.00,6816.00,23600.23,31.62,53074571264.00,186193.00,0.01,67423.65
1787814190.909,20.86,12.50,6.06,52196.78,380290.38,0.00,7120.00,80217.06,2393.41,52746956800.00,12669775.19,0.06,37287.44
1787814193.951,11.44,7.67,3.38,38493.43,108744.83,0.00,6916.00,23583.46,31.43,53082636288.00,325895.60,0.01,45007.73
1787814196.987,13.54,7.72,3.40,28687.30,108262.97,0.00,6083.00,139311.05,0.00,53973544960.00,0.00,0.00,30599.45
1787814200.024,10.68,6.88,4.17,35743.48,106398.75,0.00,6078.00,24782.30,94.94,53976797184.00,575186.74,0.01,38751.44
1787814203.064,10.51,7.02,3.63,54406.83,78984.54,0.00,6877.00,136002.77,108.60,53138747392.00,586373.90,0.01,54688.07
1787814206.11,11.99,7.40,2.93,30389.67,85055.15,0.00,6894.00,21770.64,15.79,53123715072.00,254709.42,0.00,35481.66
1787814209.156,12.70,7.54,4.08,52548.63,132915.66,0.00,6887.00,24263.29,0.00,53119864832.00,28243.96,0.00,57460.01
1787814212.202,11.65,7.58,3.71,35892.48,99814.36,0.00,6880.00,28621.68,15.85,53128151040.00,129818.69,0.00,40585.11
1787814215.254,14.74,9.34,4.71,42041.87,126612.01,1.00,6895.00,21527.61,15.82,53118107648.00,133632.34,0.00,47068.99
1787814218.297,13.98,8.69,3.31,48584.22,128949.13,0.00,6906.00,30513.56,0.00,52974678016.00,80655.36,0.00,55259.63
1787814221.343,14.62,9.14,3.69,45949.82,133878.55,0.00,6920.00,23729.09,62.89,52967084032.00,527267.77,0.00,51655.73
1787814224.388,11.53,7.91,2.69,39775.94,127060.89,0.00,6932.00,21551.45,12.79,52956864512.00,76557.43,0.00,45676.15
1787814227.45,12.10,8.00,2.92,43268.26,120358.15,1.00,6917.00,25469.58,0.00,52968509440.00,44350.04,0.00,47851.75
1787814230.488,15.41,9.63,3.78,69723.12,78588.35,0.00,7257.00,279064.98,0.00,52600492032.00,339175.63,0.01,66494.41
1787814233.526,13.29,7.95,3.55,49972.93,126087.13,0.00,6941.00,24288.44,0.99,52936687616.00,153889.41,0.01,55215.64
1787814236.565,14.50,9.71,3.85,72217.89,109590.70,0.00,8321.00,201190.30,142.02,51498881024.00,896805.60,0.01,74665.42
1787814239.611,13.06,7.69,4.69,47704.12,123159.13,0.00,8002.00,30557.31,15.76,51827605504.00,84730.27,0.00,52423.22
1787814242.66,20.35,13.43,5.22,42383.03,128468.84,1.00,8006.00,15155.89,15.72,51828285440.00,112701.72,0.00,49798.37
1787814245.7,12.83,7.00,3.69,40073.82,80193.92,0.00,8011.00,24283.82,7.88,51819540480.00,112956.79,0.04,41915.22
1787814248.728,14.26,9.71,4.89,40412.69,94235.93,0.00,7286.00,88608.50,47.75,52640669696.00,4156086.00,0.03,44073.99
1787814251.774,17.43,12.76,4.15,183391.93,112556.86,0.00,6932.00,258856.75,0.00,53012455424.00,443541.23,0.01,180710.54
1787814254.801,12.60,8.56,4.51,33136.59,97331.88,0.00,6449.00,23146.60,0.00,53513900032.00,16320.26,0.00,35387.33
1787814257.848,15.33,7.45,5.83,44950.47,81107.05,0.00,6457.00,24096.53,0.00,53501931520.00,72401.55,0.00,41524.58
1787814260.897,11.36,6.97,2.53,50186.54,86318.85,0.00,7054.00,60413.78,0.00,52863938560.00,108494.05,0.00,46668.06
1787814263.937,12.92,8.08,3.62,53384.89,128499.94,0.00,7002.00,22193.51,0.00,53028634624.00,331120.19,0.02,57752.40
1787814266.972,12.91,8.20,2.01,35569.11,121353.73,0.00,6166.00,20293.80,0.00,53922492416.00,20283.89,0.00,44387.96
1787814270.02,15.18,8.90,6.45,35485.97,107903.52,1.00,6159.00,22735.82,0.00,53923921920.00,289823.51,0.00,41680.77
1787814273.055,14.94,10.42,4.90,47805.76,100926.49,1.00,6145.00,24486.41,0.00,53916446720.00,44827.92,0.00,51025.54
1787814276.101,11.26,7.46,3.69,38147.87,93844.00,0.00,6150.00,24745.09,0.98,53906763776.00,177336.55,0.05,39699.31
1787814279.15,10.08,7.53,1.77,16926.08,89264.29,0.00,6660.00,47868.01,0.00,53231034368.00,16119.32,0.00,14904.91
1787814282.199,13.60,9.25,3.85,47054.36,153350.84,0.00,6340.00,24460.41,0.00,53565566976.00,113199.72,0.00,50355.67
1787814285.243,10.29,6.78,2.08,34135.25,88521.29,0.00,6864.00,9287.20,0.00,53015343104.00,68664.94,0.00,32068.21
1787814288.282,14.41,8.30,2.54,41976.01,96998.85,0.00,6693.00,19295.64,47.24,53195341824.00,399105.27,0.01,38958.77
1787814291.328,12.64,8.84,3.69,33493.36,117077.20,0.00,6346.00,19114.18,0.00,53557039104.00,44335.06,0.00,39084.82
1787814294.372,13.14,8.52,3.30,39304.62,117620.12,0.00,6350.00,21415.66,15.72,53562097664.00,100594.67,0.00,45102.92
1787814297.422,15.41,7.61,4.38,29636.59,86314.50,0.00,6349.00,22747.67,15.73,53559853056.00,108759.28,0.00,30050.03
1787814300.451,13.23,6.85,5.68,44150.83,79714.32,0.00,6342.00,27820.42,0.00,53560745984.00,53077.09,0.00,41219.63
1787814303.499,13.48,7.67,3.61,43601.39,93965.09,0.00,7699.00,68764.57,0.00,52150874112.00,301769.63,0.02,50852.70
1787814306.538,11.96,7.02,2.93,65400.17,93895.42,0.00,7161.00,265706.26,0.00,52703948800.00,764386.60,0.03,66735.00
1787814309.582,13.38,8.58,4.18,50105.88,120460.82,0.00,6864.00,23834.77,30.69,53018566656.00,251407.50,0.00,53783.71
1787814312.628,18.17,10.74,8.36,48796.40,121442.79,0.00,6853.00,50448.44,0.00,53025955840.00,132681.14,0.00,52883.27
1787814315.668,11.45,7.19,2.55,48200.11,74960.91,0.00,7202.00,206458.50,0.00,52667727872.00,32435.64,0.00,46744.77
1787814318.707,9.92,7.26,2.47,36122.80,131232.63,0.00,6894.00,19680.15,17.80,52989849600.00,425414.02,0.01,44832.16
1787814321.751,15.10,7.46,3.08,40158.57,69872.34,0.00,6961.00,136124.24,0.00,52926197760.00,108890.72,0.00,42672.04
1787814324.796,15.11,10.13,3.07,50415.92,110470.63,0.00,6957.00,27228.00,0.00,52924739584.00,88557.33,0.00,59768.51
1787814327.85,11.45,9.43,1.99,38661.48,109868.94,1.00,6961.00,21663.30,31.40,52925071360.00,257243.38,0.00,48884.12
1787814330.888,13.59,6.54,5.23,25532.04,72271.64,0.00,6963.00,32428.14,0.00,52924485632.00,48429.39,0.00,21727.98
1787814333.935,9.97,6.62,2.39,38403.87,105615.57,0.00,7634.00,97542.36,15.76,52233621504.00,197696.99,0.01,34624.86
1787814336.986,12.82,8.63,3.39,47185.67,112331.63,0.00,7617.00,20009.74,0.00,52233207808.00,197756.32,0.01,53596.68
1787814340.026,10.01,6.25,2.85,37616.29,73504.35,0.00,8115.00,19483.64,0.00,51711311872.00,0.00,0.00,34478.22
1787814343.067,14.25,8.75,5.26,77626.28,108850.69,0.00,7627.00,47960.61,0.00,52227506176.00,137914.25,0.00,77142.26
1787814346.113,13.20,8.30,5.54,39322.20,197643.62,0.00,7638.00,32644.95,0.98,52217614336.00,229831.81,0.00,26942.10
1787814349.144,12.32,9.25,3.73,46799.07,101426.51,1.00,7580.00,23012.49,0.00,52276187136.00,114110.29,0.01,51307.99
1787814352.183,15.29,8.88,4.83,53678.60,118913.36,0.00,7572.00,31473.02,73.73,52290564096.00,371391.01,0.00,59907.03
1787814355.218,14.35,8.50,5.33,31851.96,159346.80,0.00,7984.00,58250.73,11906.04,51770667008.00,48879044.04,0.51,25087.86
1787814358.253,12.72,6.86,5.24,25134.27,87855.50,0.00,7410.00,20429.61,41.43,52284919808.00,650559.02,0.01,21072.34
1787814361.288,12.67,8.59,4.64,34977.83,77402.65,0.00,6985.00,133889.14,16.84,52786937856.00,357138.12,0.01,31394.14
1787814364.332,12.50,7.38,3.69,38972.60,125506.04,0.00,7348.00,25108.70,67.97,52356919296.00,1952731.71,0.02,43797.16
1787814367.371,11.68,7.60,3.23,48882.62,118377.56,2.00,7356.00,23553.01,0.00,52344684544.00,136921.28,0.00,56491.41
1787814370.411,9.78,5.86,2.24,31648.01,66313.21,0.00,7896.00,19308.88,0.00,51787255808.00,16165.39,0.00,29496.91
1787814373.455,11.24,7.67,3.99,51756.63,119808.50,0.00,7701.00,41234.60,0.00,51980283904.00,124712.49,0.00,48718.59
1787814376.498,9.19,6.70,2.31,19348.06,84010.57,0.00,7720.00,9484.56,0.98,51967172608.00,76600.88,0.00,16507.22
1787814379.537,13.68,7.17,5.32,25059.40,79886.54,26.00,7669.00,46730.75,0.00,51963965440.00,68760.55,0.01,21891.88
1787814382.574,11.13,7.10,2.78,17748.88,91433.35,0.00,7690.00,9232.54,0.00,51952689152.00,84971.76,0.01,14436.89
1787814385.616,12.34,7.07,4.30,43799.20,83986.31,0.00,7285.00,23625.02,51.12,52396822528.00,310076.70,0.00,44508.26
1787814388.656,14.11,6.92,6.38,26025.01,82915.79,0.00,7295.00,24254.90,0.00,52384808960.00,92746.91,0.00,22763.51
1787814391.687,13.87,7.94,4.55,42835.94,119530.46,0.00,7811.00,23123.69,15.80,51865767936.00,331636.64,0.00,48195.27
1787814394.729,11.58,6.94,3.78,38558.89,102410.08,0.00,7792.00,27980.37,0.00,51892088832.00,40434.51,0.00,45932.23
1787814397.767,8.24,6.31,1.77,17918.75,89268.85,0.00,7497.00,9408.85,0.00,52333060096.00,225843.85,0.01,15327.51
1787814400.803,8.87,6.33,2.01,18303.59,97389.05,0.00,7491.00,9273.27,0.00,52341473280.00,60676.20,0.00,15968.95
1787814403.843,13.17,9.11,2.86,27438.33,107472.72,1.00,7479.00,22449.27,0.00,52345040896.00,149752.72,0.00,23321.42
1787814406.884,11.14,6.68,2.53,20674.70,121300.02,0.00,7482.00,9770.51,0.00,52341596160.00,36246.35,0.00,15006.19
1787814409.92,11.36,6.92,2.61,23068.99,80026.10,0.00,7475.00,19223.50,31.49,52341207040.00,209584.99,0.00,20238.14
1787814412.957,12.06,7.33,2.78,31668.69,84900.08,0.00,6605.00,74106.88,0.00,53241098240.00,214351.38,0.00,32093.04
1787814415.994,15.06,8.04,6.11,42489.69,88670.00,0.00,6620.00,34286.21,38.59,53228969984.00,211756.81,0.01,38351.89
1787814419.03,18.38,11.89,4.32,82722.86,95137.76,0.00,6996.00,166424.82,0.00,52848144384.00,28356.58,0.00,86097.19
1787814422.066,10.68,7.27,2.71,35103.65,116356.62,0.00,6989.00,27844.55,0.00,52854755328.00,44638.46,0.00,43028.15
1787814425.112,12.70,7.48,3.78,26179.96,80637.67,0.00,7510.00,184187.25,0.00,52305063936.00,266749.05,0.02,25163.23
1787814428.16,11.92,6.55,4.55,35899.57,80661.37,0.00,7526.00,24065.19,64.10,52284973056.00,399874.17,0.01,33485.86
1787814431.206,11.43,7.62,3.54,54276.40,96709.95,0.00,7642.00,537529.64,0.00,52174958592.00,476086.25,0.01,47416.80
1787814434.255,18.24,9.83,3.30,55310.87,118256.33,0.00,7650.00,23225.37,0.00,52159119360.00,149064.15,0.00,62258.89
1787814437.291,11.87,7.55,3.08,52356.96,100228.61,0.00,8863.00,170373.93,0.00,50885816320.00,242426.04,0.01,49941.95
1787814440.336,12.15,7.57,4.09,66038.24,87668.04,0.00,8212.00,22992.17,0.00,51561693184.00,550736.52,0.01,65069.70
1787814443.378,12.83,6.78,4.70,29745.61,80579.04,0.00,8220.00,30922.90,0.00,51554820096.00,250189.01,0.01,26734.19
1787814446.423,13.36,9.75,3.22,55206.05,226749.71,0.00,7602.00,21735.03,0.98,52227174400.00,0.00,0.00,59566.35
1787814449.474,14.18,8.60,3.84,63413.40,448561.80,0.00,7604.00,21091.59,0.00,52212711424.00,20134.98,0.00,59805.48
1787814452.509,21.30,12.89,7.56,63125.62,604776.83,0.00,6666.00,217048.87,186.59,53187641344.00,7125230.12,0.22,48081.53
1787814455.543,18.01,10.90,5.87,58597.63,353462.85,0.00,6673.00,24501.39,15.82,53184856064.00,295705.82,0.01,61294.23
1787814458.573,13.18,7.07,3.96,47817.84,130031.19,0.00,6681.00,24040.24,0.00,53149532160.00,36673.68,0.00,47167.37
1787814461.614,12.69,5.85,4.93,25450.64,53460.95,1.00,6697.00,25135.12,0.00,53143470080.00,76734.50,0.01,22819.68
1787814464.663,16.58,10.12,4.37,41410.98,129980.89,2.00,6853.00,41791.95,31.42,52978954240.00,297613.13,0.00,47320.30
1787814467.708,9.68,6.08,2.31,34110.28,97828.19,0.00,6488.00,49136.56,0.00,53351563264.00,16163.78,0.00,31852.72
1787814470.745,15.82,9.48,4.78,41597.59,118202.66,0.00,6015.00,22596.10,0.00,53849276416.00,141494.59,0.00,48803.60
1787814473.787,14.46,8.70,2.54,35458.37,123381.04,0.00,6016.00,17066.08,0.00,53845938176.00,100968.74,0.00,43382.98
1787814476.831,12.29,7.91,3.07,47712.63,142831.99,0.00,6009.00,22133.11,0.00,53845827584.00,64458.77,0.00,54095.51
1787814479.873,13.71,9.25,3.62,48913.08,102150.90,1.00,6012.00,20374.53,0.99,53841862656.00,60623.33,0.00,59295.25
1787814482.913,13.66,6.93,5.08,42726.74,92405.45,0.00,6012.00,24296.89,0.00,53841629184.00,108976.84,0.00,39118.07
1787814485.955,18.73,10.37,5.84,49527.55,99594.81,0.00,7065.00,108346.19,0.00,52753793024.00,60400.41,0.00,49287.73
1787814489,12.17,7.53,4.23,38847.78,91105.16,1.00,7050.00,20434.55,0.00,52753145856.00,100721.94,0.00,43866.84
1787814492.036,11.64,7.67,3.64,79709.17,91876.43,0.00,7527.00,58046.59,0.00,52254740480.00,697192.46,0.01,76526.89
1787814495.073,14.39,9.95,3.47,45631.75,167667.98,0.00,7046.00,20838.75,15.80,52761559040.00,246750.76,0.00,55932.74
1787814498.119,14.09,6.69,5.08,38066.28,70801.52,0.00,7054.00,24882.83,0.00,52754509824.00,12093.03,0.00,35439.20
1787814501.153,15.28,8.98,3.02,74706.22,128755.11,0.00,7061.00,24518.89,0.00,52742467584.00,77056.82,0.00,81804.05
1787814504.188,11.15,7.57,2.40,45521.75,114148.68,0.00,7070.00,22799.46,0.00,52737282048.00,20262.67,0.00,53481.30
1787814507.218,14.48,10.19,4.04,36125.94,124244.60,0.00,7069.00,30238.88,0.00,52742864896.00,81574.39,0.01,41443.96
1787814510.251,13.26,8.72,4.36,34083.46,90130.53,0.00,7005.00,337190.06,0.00,52828041216.00,232357.08,0.00,30990.96
1787814513.301,12.96,7.45,3.99,42965.02,116645.45,0.00,7006.00,29472.76,0.00,52814176256.00,72483.00,0.00,49589.61
1787814516.34,18.48,8.55,3.46,44616.96,90102.03,0.00,7542.00,19403.27,0.00,52245417984.00,113138.53,0.01,41676.59
1787814519.383,14.34,7.16,3.46,34122.90,129616.20,0.00,7053.00,64374.82,0.00,52775448576.00,92769.53,0.00,35793.99
1787814522.423,13.55,7.32,3.78,38427.83,75946.18,0.00,7047.00,23593.11,0.00,52774567936.00,48484.34,0.00,41380.58
1787814525.465,20.65,11.53,7.23,41454.84,100331.33,3.00,7038.00,25525.29,0.00,52776976384.00,112954.61,0.00,39073.81
1787814528.515,14.99,9.30,4.92,43544.04,86606.85,0.00,7087.00,325469.71,0.00,52751060992.00,1217339.63,0.05,41573.56
1787814531.551,12.99,8.42,3.94,47003.01,115437.43,0.00,7084.00,24199.78,0.00,52734443520.00,716546.64,0.01,54190.42
1787814534.578,12.46,7.92,3.73,41073.87,97404.54,0.00,7700.00,26823.32,0.00,52088995840.00,16274.98,0.00,38278.83
1787814537.618,12.89,7.95,3.71,28676.36,89986.86,0.00,7492.00,66142.29,846.33,52316786688.00,3606790.61,0.06,23945.58
1787814540.662,10.67,7.61,3.15,47972.41,128408.07,0.00,7134.00,27583.40,15.74,52695314432.00,161160.53,0.00,54390.50
1787814543.696,12.90,6.72,5.10,32745.24,91618.47,0.00,7143.00,24887.37,0.00,52680216576.00,214599.23,0.00,28221.83
1787814546.739,12.03,7.85,3.23,40532.91,116203.35,0.00,6920.00,23112.95,0.00,52908154880.00,133202.52,0.01,45513.82
1787814549.777,10.24,6.63,2.31,16849.66,79817.10,0.00,6368.00,5477.10,0.00,53485522944.00,125285.63,0.00,13731.68
1787814552.819,13.98,7.60,4.14,54526.27,112918.74,0.00,6019.00,47410.61,15.71,53848985600.00,64357.21,0.00,60222.28
1787814555.852,12.63,8.51,2.47,59186.08,92741.48,0.00,8292.00,17564.43,0.00,51482509312.00,137815.84,0.00,56759.80
1787814558.891,10.08,6.00,2.15,33251.10,79788.26,0.00,8283.00,19241.52,0.00,51484897280.00,153215.50,0.00,30431.93
1787814561.926,11.36,6.24,2.62,33330.49,72719.10,0.00,7938.00,111794.04,0.00,51845861376.00,129281.90,0.01,31625.66
1787814564.965,13.11,8.30,3.92,53904.79,87113.63,0.00,7738.00,24338.57,0.00,52045250560.00,28227.31,0.00,57030.32
1787814568.007,14.07,8.65,4.79,68328.93,102905.02,0.00,7516.00,244012.26,1013.02,52292816896.00,4376530.28,0.05,68644.18
1787814571.039,15.11,9.16,3.65,55627.55,116254.91,0.00,7508.00,31946.19,4991.87,52297469952.00,20572797.23,0.43,57257.93
1787814574.078,10.98,6.56,1.93,26416.15,94058.06,0.00,8280.00,10023.29,0.99,51483181056.00,56672.82,0.00,23027.52
1787814577.115,10.91,6.69,2.69,35830.24,78911.00,0.00,8279.00,26927.57,0.98,51481333760.00,159298.89,0.01,32574.92
1787814580.155,10.53,7.20,3.17,41861.13,116123.18,0.00,7729.00,69586.93,0.00,52065312768.00,511297.47,0.00,42958.39
1787814583.19,13.66,7.26,6.02,62932.72,63237.06,0.00,7728.00,49409.45,0.00,52061097984.00,89040.57,0.00,60667.98
1787814586.226,18.61,12.28,5.56,72807.38,269043.00,0.00,7450.00,25901.59,89.96,52372680704.00,660018.52,0.00,70504.56
1787814589.262,10.31,6.08,2.54,30809.77,79581.00,0.00,8286.00,9205.63,0.00,51506372608.00,157226.97,0.00,28919.10
1787814592.308,11.54,6.40,2.85,60380.71,83134.31,0.00,8264.00,19236.66,19.72,51491405824.00,165625.59,0.01,58221.15
1787814595.338,13.60,7.74,3.17,23137.33,109662.75,0.00,8278.00,19533.88,0.00,51483992064.00,145975.44,0.00,19887.68
1787814598.369,14.10,7.24,5.91,24894.03,73045.80,0.00,7570.00,32091.55,15.93,52222722048.00,106061.57,0.00,22845.30
1787814601.404,15.28,10.75,4.44,54629.64,76483.50,0.00,7279.00,430129.33,0.00,52524703744.00,2119022.15,0.01,53233.32
1787814604.454,17.80,13.07,3.00,37623.60,130055.80,0.00,7216.00,40873.27,15.74,52586872832.00,382837.67,0.00,45861.85
1787814607.5,10.14,7.30,1.54,28498.65,78859.58,0.00,6700.00,194705.06,31.47,53133520896.00,253779.43,0.01,27195.28
1787814610.54,17.76,10.69,4.69,35773.94,108291.21,0.00,6324.00,22124.62,15.76,53607092224.00,100879.89,0.00,45702.17
1787814613.574,15.42,8.76,3.64,39473.89,119101.25,0.00,6299.00,28215.76,0.00,53617868800.00,20317.81,0.00,46640.81
1787814616.613,14.10,9.47,3.08,47198.30,134415.30,0.00,6310.00,22195.84,0.00,53605679104.00,133157.30,0.01,56410.55
1787814619.651,13.10,9.03,3.63,42214.73,113190.63,0.00,6402.00,22894.82,0.00,53597413376.00,0.00,0.00,52974.35
1787814622.697,12.54,8.53,3.61,37419.81,117729.08,1.00,6409.00,17376.93,0.00,53592412160.00,28206.03,0.00,41424.08
1787814625.736,12.49,8.11,3.09,40252.49,136051.34,0.00,6401.00,30454.27,0.00,53593903104.00,1842102.17,0.01,47650.24
1787814628.773,14.30,8.09,5.55,44453.23,77609.98,0.00,6406.00,24118.40,31.55,53585043456.00,348360.42,0.01,42003.08
1787814631.818,12.42,8.00,3.00,45784.27,109359.42,0.00,7258.00,104546.55,0.00,52803756032.00,278166.14,0.00,46653.72
1787814634.854,8.72,6.73,1.86,35816.21,66212.09,1.00,6884.00,127688.80,0.00,53208502272.00,68924.24,0.00,34288.97
1787814637.899,12.14,7.33,2.55,31747.22,67674.17,0.00,6715.00,53219.00,15.81,53231058944.00,311644.26,0.01,28320.69
1787814640.939,12.55,7.49,3.55,37341.75,126246.54,0.00,6535.00,23177.81,30.65,53420064768.00,149837.62,0.00,42680.89
1787814643.979,14.81,7.34,6.03,40111.44,73624.53,0.00,6526.00,48546.84,0.00,53423992832.00,158028.01,0.00,36220.38
1787814647.01,14.28,8.73,5.10,39624.09,107054.19,0.00,6532.00,32540.76,0.00,53419884544.00,162085.51,0.00,35896.38
1787814650.047,14.00,8.24,3.39,55554.31,118321.31,0.00,8135.00,19628.86,0.00,51739234304.00,16152.65,0.00,61614.25
1787814653.09,10.31,6.02,2.55,20300.19,89624.19,0.00,7433.00,100522.77,126.47,52626305024.00,667786.96,0.01,18094.37
1787814656.123,12.10,7.20,3.79,61125.69,122385.16,0.00,7423.00,23193.67,0.99,52625948672.00,44651.09,0.00,66080.87
1787814659.165,19.44,11.98,7.83,28988.49,87663.55,0.00,7434.00,25321.05,29.50,52620152832.00,273856.29,0.00,27020.26
1787814662.208,11.37,6.92,4.07,33416.34,83907.32,0.00,7050.00,267323.85,15.74,53025939456.00,350574.98,0.01,31143.24
1787814665.258,14.06,7.29,4.96,35840.26,94037.02,0.00,6739.00,23154.45,0.00,53342625792.00,16260.71,0.00,42330.89
1787814668.3,12.48,6.59,2.64,23916.01,75863.00,0.00,6987.00,17423.62,0.00,52928552960.00,118009.34,0.01,22619.63
1787814671.338,15.65,10.36,4.99,57747.75,141241.52,0.00,6469.00,52355.82,0.00,53468233728.00,144900.99,0.00,64833.47
1787814674.375,11.91,7.22,3.03,43144.48,84923.06,1.00,6487.00,24038.90,0.00,53451776000.00,358581.94,0.00,48050.11
1787814677.418,13.31,9.61,3.38,40437.45,121350.71,0.00,6486.00,23332.44,31.49,53448581120.00,253906.66,0.01,43923.43
1787814680.466,11.40,5.75,5.06,41794.70,79718.44,0.00,6490.00,24275.12,0.00,53442326528.00,52315.10,0.00,38701.97
1787814683.511,12.45,8.16,5.16,43144.49,72994.72,0.00,6689.00,186387.93,0.00,53358968832.00,266551.87,0.01,39981.57
1787814686.559,12.30,7.73,3.48,61167.58,127895.12,0.00,7234.00,22744.61,0.00,52670627840.00,77020.12,0.01,65283.19
1787814689.601,13.97,9.13,4.45,47407.76,120361.97,0.00,7229.00,30306.08,14.73,52667572224.00,140805.02,0.00,53719.87
1787814692.653,12.56,6.14,2.68,26412.11,86587.20,0.00,7717.00,21659.07,1307.26,52146118656.00,5734411.09,0.03,24271.94
1787814695.693,14.60,6.99,3.26,22164.62,71633.62,0.00,7551.00,27000.17,0.00,52318658560.00,24432.28,0.00,19475.12
1787814698.735,9.45,6.62,2.16,24092.59,92830.22,0.00,7228.00,101139.43,0.00,52664803328.00,108904.08,0.00,20587.41
1787814701.768,13.51,8.26,5.25,35274.91,104622.49,0.00,7202.00,22281.13,0.00,52695293952.00,20215.19,0.00,40167.99
1787814704.807,11.36,7.04,3.94,40772.25,86844.02,1.00,7205.00,19658.24,0.00,52688183296.00,178357.17,0.00,42292.15
1787814707.849,14.40,8.31,5.38,62572.21,110138.79,0.00,7199.00,25380.66,0.00,52690612224.00,1319053.77,0.04,60169.51
1787814710.89,14.10,10.01,4.08,45514.67,91722.65,0.00,7985.00,374597.86,0.00,51876524032.00,1359405.06,0.00,40744.35
1787814713.932,12.58,8.59,2.48,48458.08,115273.82,0.00,7827.00,23812.45,0.00,52045193216.00,40579.05,0.00,56696.07
1787814716.969,11.39,6.77,2.46,57927.46,97814.26,0.00,7094.00,136664.01,168.41,52813508608.00,742253.05,0.01,55538.75
1787814720.007,16.60,11.07,4.92,59738.54,101382.15,1.00,6936.00,22859.96,31.48,52978434048.00,294194.30,0.01,66628.37
1787814723.043,10.65,6.23,4.90,31643.36,91720.82,0.00,6940.00,24445.67,0.00,52973973504.00,0.00,0.00,30748.76
1787814726.088,14.87,8.40,5.08,34487.19,108589.00,0.00,6937.00,23038.45,0.00,52971315200.00,20190.32,0.00,37356.25
1787814729.128,14.80,8.83,3.76,40797.48,105232.57,1.00,6949.00,22326.92,32.45,52959481856.00,213454.26,0.01,46307.35
1787814732.184,14.83,8.76,5.15,85257.00,129802.36,0.00,6923.00,60145.62,16.71,52982628352.00,100634.17,0.00,88375.47
1787814735.239,14.33,8.36,4.83,38414.00,94513.71,0.00,6922.00,22020.73,0.00,52982923264.00,185044.02,0.00,43232.20
1787814738.281,13.97,8.08,5.54,40664.94,110588.77,0.00,6923.00,32545.35,0.00,52982661120.00,157371.48,0.00,38631.72
1787814741.326,12.05,7.07,4.00,43472.29,106913.98,0.00,6923.00,22793.05,0.00,52998029312.00,24196.02,0.00,47125.04
1787814744.366,12.14,8.35,3.01,45409.49,141986.23,0.00,6927.00,15355.02,0.00,52991537152.00,24300.66,0.00,51731.13
1787814747.409,12.20,7.07,3.84,32838.28,91126.01,0.00,6933.00,22362.16,0.00,52989124608.00,16108.94,0.00,38820.49
1787814750.451,14.76,7.21,5.74,25639.06,67039.19,1.00,6932.00,24617.50,0.00,52980989952.00,20331.75,0.00,22898.61
1787814753.5,17.27,13.76,2.08,28622.51,75848.82,0.00,7871.00,131500.81,0.00,51996041216.00,503789.29,0.01,27125.96
1787814756.543,12.08,6.99,3.38,37941.29,97594.53,0.00,7563.00,61409.25,0.00,52337545216.00,112888.77,0.00,42638.18
1787814759.582,14.95,8.68,4.99,38841.12,119258.67,0.00,7572.00,29269.47,0.98,52308525056.00,209417.97,0.00,41384.98
1787814762.624,9.04,5.68,1.92,45638.62,73100.34,1.00,7122.00,9525.35,0.00,52777586688.00,0.00,0.00,42654.50
1787814765.66,12.90,7.56,3.32,46951.96,126724.28,0.00,6951.00,62759.66,31.61,52954537984.00,234639.33,0.00,42392.65
1787814768.698,11.33,8.18,3.47,81563.30,125455.62,1.00,6606.00,27961.93,0.00,53304008704.00,174067.06,0.03,87998.69
1787814771.737,17.41,9.23,6.31,25505.37,54923.35,0.00,6626.00,24820.29,0.00,53302386688.00,56444.11,0.00,22583.28
1787814774.811,13.51,6.57,4.78,30523.28,63457.71,0.00,6621.00,24340.96,0.00,53302415360.00,188040.41,0.00,27875.78
1787814777.856,8.87,6.59,2.40,43016.50,109713.79,0.00,6274.00,57545.30,0.00,53664161792.00,56834.67,0.00,45606.89
1787814780.9,12.32,7.24,3.70,39328.08,123389.44,1.00,6353.00,73881.34,0.00,53607370752.00,48490.00,0.01,44323.03
1787814783.936,12.01,7.47,4.08,43164.77,87870.50,0.00,6354.00,18129.52,15.78,53598597120.00,610166.74,0.03,43952.80
1787814786.986,12.73,7.37,4.38,40687.72,78525.76,0.00,6359.00,24735.84,0.00,53587767296.00,96631.36,0.00,39209.79
1787814790.024,13.65,9.09,3.11,38899.07,157227.02,0.00,6536.00,20902.08,0.00,53385367552.00,110102.52,0.00,45692.36
1787814793.07,14.47,9.29,4.30,70771.32,126356.72,1.00,6510.00,47984.58,0.00,53385879552.00,20122.12,0.00,78380.50
1787814796.112,14.77,8.54,4.38,36109.69,111446.03,0.00,6511.00,23055.15,0.00,53388402688.00,24195.21,0.00,42900.91
1787814799.157,11.00,7.60,3.23,35117.14,80606.75,1.00,6526.00,97316.60,0.00,53391200256.00,120846.69,0.05,34815.83
1787814802.202,12.11,8.59,1.84,55432.65,129476.38,0.00,7868.00,193229.28,0.00,51978641408.00,301626.19,0.00,57054.01
1787814805.246,11.11,7.38,3.00,36176.11,117844.34,0.00,7385.00,21685.19,0.00,52481708032.00,225837.07,0.01,44466.65
1787814808.285,14.71,6.86,5.32,43519.07,80611.04,0.00,7380.00,31678.84,0.00,52474294272.00,20200.60,0.00,39780.24
1787814811.328,12.50,8.15,3.69,50085.50,108453.81,0.00,7333.00,21604.78,0.00,52522582016.00,16118.97,0.00,56470.28
1787814814.367,10.24,6.49,2.16,18882.48,86140.00,0.00,7864.00,19436.48,15.83,51979808768.00,137771.77,0.00,16713.66
1787814817.409,13.21,6.47,5.70,39519.35,96381.97,0.00,7386.00,24245.72,0.00,52473241600.00,72627.80,0.00,36840.77
1787814820.457,19.25,12.63,4.42,30771.19,103024.31,0.00,7465.00,52689.67,0.00,52399837184.00,166594.37,0.00,28551.31
1787814823.498,13.53,8.30,4.00,52961.32,124930.14,2.00,7274.00,52945.58,0.00,52593922048.00,16126.50,0.00,60182.55
1787814826.538,12.95,8.76,3.92,35861.64,192438.82,1.00,7830.00,21790.27,0.00,52018487296.00,177169.11,0.00,24621.81
1787814829.577,12.10,8.40,3.93,59996.92,94754.43,0.00,7325.00,75157.55,0.00,52538388480.00,291122.00,0.01,64489.65
1787814832.621,15.42,10.47,4.13,51590.70,117020.96,0.00,7328.00,20103.89,0.00,52539121664.00,60062.39,0.00,58883.16
1787814835.666,14.00,7.23,2.92,70879.67,117936.07,0.00,7323.00,20528.74,152.71,52540997632.00,669877.13,0.01,79543.14
1787814838.706,16.54,9.61,4.61,38766.75,95069.34,0.00,7327.00,19979.55,0.00,52537843712.00,108797.97,0.01,45005.07
1787814841.741,11.51,8.71,3.42,42628.39,113406.74,0.00,7331.00,22438.98,13.93,52537438208.00,118183.46,0.00,49459.56
1787814844.786,15.65,8.67,5.98,37640.39,93938.05,0.00,7317.00,24066.29,15.70,52539146240.00,377899.72,0.02,33191.95
1787814847.826,12.10,8.00,3.92,42589.75,92919.50,0.00,7182.00,63635.18,0.00,52692537344.00,40303.95,0.00,45828.10
1787814850.856,14.33,9.17,3.34,69576.93,143578.22,0.00,6675.00,156493.82,0.00,53278470144.00,297753.80,0.00,75487.82
1787814853.897,8.18,6.00,2.23,21447.84,73614.17,0.00,7774.00,9441.85,0.00,52064690176.00,132996.70,0.00,18785.69
1787814856.934,11.45,6.85,2.85,32978.54,99374.22,1.00,7265.00,146959.51,0.00,52601561088.00,129185.99,0.00,33658.06
1787814859.973,12.63,7.65,4.79,41857.62,80569.85,0.00,7281.00,24804.88,0.00,52593442816.00,162107.36,0.01,39124.68
1787814863.013,13.05,7.86,3.54,50256.99,116171.05,0.00,7290.00,22215.84,0.00,52571398144.00,72683.80,0.00,58527.74
1787814866.058,12.29,6.71,2.16,51933.69,105183.25,0.00,7961.00,9141.95,0.00,51870445568.00,76823.57,0.00,47513.55
1787814869.099,10.42,6.78,3.24,18501.21,68909.25,0.00,7952.00,19179.24,0.00,51878477824.00,28297.59,0.00,14993.44
1787814872.14,13.76,7.09,5.09,39315.07,90494.01,0.00,7440.00,56074.21,0.00,52416086016.00,20200.52,0.00,38898.09
1787814875.173,13.67,6.81,4.80,52305.35,86705.43,0.00,7441.00,24473.50,0.00,52416864256.00,271629.52,0.01,48737.80
1787814878.216,11.75,8.00,3.08,46303.42,104631.11,0.00,7272.00,20189.25,0.00,52598562816.00,64586.69,0.00,55413.92
1787814881.255,11.58,7.39,2.08,39968.11,97351.61,0.00,7966.00,9937.86,0.00,51869855744.00,76650.53,0.00,36800.56
1787814884.294,12.17,6.69,3.15,40744.84,82664.25,0.00,7955.00,33187.88,0.00,51878825984.00,20146.66,0.00,36554.59
1787814887.332,14.44,8.46,5.77,47772.85,106383.36,1.00,7436.00,23864.29,0.00,52425383936.00,201484.37,0.01,45595.31
1787814890.376,16.44,8.56,5.78,32242.04,84981.27,0.00,7436.00,25045.66,0.00,52425420800.00,149626.28,0.01,28597.60
1787814893.419,17.98,13.79,3.85,45247.96,118916.14,0.00,7232.00,27621.62,0.00,52642545664.00,0.00,0.00,55101.79
1787814896.46,10.43,10.46,0.31,13247.87,67970.96,1.00,7071.00,18929.74,0.00,52806148096.00,23035191.51,0.52,10419.84
1787814899.494,12.77,8.55,3.24,38847.80,113151.35,0.00,7021.00,27522.90,31.55,52878118912.00,177711.64,0.01,46466.96
1787814902.531,15.75,7.45,4.19,53277.67,88333.19,0.00,7012.00,24399.19,30.80,52878192640.00,146484.54,0.00,55003.40
1787814905.572,11.93,7.11,4.09,33965.09,73407.92,1.00,7011.00,23951.10,15.82,52881711104.00,251142.92,0.00,36231.72
1787814908.616,11.60,7.99,2.15,45751.17,114085.40,1.00,6497.00,21003.83,0.00,53410463744.00,0.00,0.00,52088.41
1787814911.657,22.91,11.00,8.75,144001.43,127226.19,0.00,7352.00,259583.25,0.00,52509302784.00,625646.07,0.01,137769.32
1787814914.698,14.08,6.23,4.92,31912.60,99859.40,0.00,6883.00,24970.76,0.00,53009932288.00,20160.09,0.00,28608.64
1787814917.735,13.44,7.95,5.17,28883.01,80602.59,0.00,7491.00,57498.36,0.00,52522876928.00,266998.91,0.00,25588.66
1787814920.776,12.36,7.95,3.24,51553.74,106257.92,0.00,7528.00,29615.33,0.00,52356288512.00,603302.91,0.00,59019.53
1787814923.814,13.56,8.00,4.70,44305.78,89397.80,0.00,6702.00,57205.68,15.76,53232316416.00,129138.91,0.00,46445.37
1787814926.859,13.34,9.11,3.70,47733.01,122957.75,0.00,6702.00,24900.10,15.80,53234302976.00,161819.52,0.00,56097.05
1787814929.902,13.12,8.24,4.08,42115.61,103556.89,0.00,6754.00,22836.30,0.00,53191512064.00,125249.94,0.00,47133.78
1787814932.936,12.59,7.94,3.81,37604.96,125894.18,0.00,6728.00,23444.69,0.00,53228105728.00,24484.82,0.00,44747.04
1787814935.979,12.50,6.47,4.85,33017.48,82108.22,0.00,6744.00,25391.69,0.00,53203537920.00,464629.87,0.01,32080.88
1787814939.035,12.75,6.88,4.51,33749.84,76102.74,0.00,6782.00,24153.71,15.65,53125238784.00,436819.55,0.01,35204.25
1787814942.084,16.07,7.78,5.24,34477.66,135187.70,0.00,6787.00,32790.99,0.00,53119279104.00,157657.30,0.00,31965.53
1787814945.126,15.07,8.78,5.93,32172.39,76282.64,0.00,6786.00,24959.01,0.00,53122039808.00,153422.85,0.00,29020.24
1787814948.176,12.37,8.29,4.07,19500.74,80661.84,0.00,7268.00,9169.60,0.00,52617437184.00,0.00,0.00,17342.88
1787814951.215,12.01,7.14,4.61,38612.10,122121.27,0.00,6939.00,24237.49,0.00,52953542656.00,378457.98,0.01,46060.42
1787814954.257,9.98,6.46,1.92,49966.58,90429.42,0.00,7301.00,49274.09,0.00,52579401728.00,60521.38,0.00,48724.01
1787814957.302,10.38,6.08,2.08,19054.90,63087.29,0.00,7138.00,57634.45,123.10,52757221376.00,576825.05,0.01,17651.03
1787814960.349,11.51,7.96,2.63,37341.08,109569.05,0.00,6772.00,112298.23,63.31,53135630336.00,364656.42,0.00,38829.81
1787814963.386,14.34,9.39,3.54,36667.93,124045.15,1.00,6772.00,31940.84,15.76,53135396864.00,169489.42,0.00,41363.97
1787814966.43,11.93,7.56,3.63,36348.02,97573.80,0.00,6778.00,24394.68,0.00,53129920512.00,121390.57,0.01,41868.50
1787814969.473,12.45,7.95,2.86,34443.78,107795.84,0.00,6776.00,21244.88,0.99,53132333056.00,222513.62,0.00,40796.84
1787814972.511,17.00,9.48,4.62,46158.02,128114.33,0.00,6735.00,40525.29,0.00,53174878208.00,189940.21,0.00,51188.35
1787814975.555,12.66,8.27,3.48,36493.29,120306.71,0.00,6762.00,19545.31,0.00,53148786688.00,170283.56,0.00,44506.98
1787814978.592,12.71,8.32,3.78,41728.39,111494.65,0.00,6763.00,22793.84,14.79,53149102080.00,121193.70,0.00,47725.62
1787814981.628,11.57,6.84,4.38,35883.24,92607.55,0.00,6709.00,24282.46,0.00,53124304896.00,100713.83,0.01,34529.52
1787814984.654,14.17,10.89,2.88,81721.59,101783.74,0.00,7619.00,400953.85,9.97,52189904896.00,326575.42,0.01,78151.47
1787814987.694,12.11,8.40,3.39,45045.04,132211.21,0.00,7604.00,24265.51,0.00,52206329856.00,32368.50,0.00,49923.82
1787814990.733,16.13,10.17,4.08,31780.58,107570.49,0.00,7179.00,248881.48,25.63,52646252544.00,476499.66,0.01,33902.15
1787814993.773,12.05,8.16,2.62,42493.70,111840.42,0.00,6726.00,20337.22,0.00,53125754880.00,24233.09,0.00,48614.46
1787814996.818,12.04,8.22,2.61,40467.14,132815.92,0.00,6725.00,22207.30,0.00,53124685824.00,76553.03,0.00,48097.85
1787814999.86,11.03,8.02,2.54,38038.79,108588.33,0.00,6729.00,19261.25,0.00,53117358080.00,0.00,0.00,44808.69
1787815002.91,12.04,8.48,3.16,78401.88,129180.55,0.00,6715.00,24845.19,0.00,53128331264.00,113261.98,0.00,86045.74
1787815005.953,15.29,10.16,5.00,48911.28,197406.99,0.00,6709.00,30380.24,0.00,53138366464.00,339033.62,0.00,53807.80
1787815009.002,12.41,7.16,3.77,53319.80,110482.66,0.00,6722.00,23588.99,15.78,53119090688.00,113100.92,0.00,54161.47
1787815012.048,19.00,11.21,4.53,33816.72,100831.68,0.00,6728.00,31118.54,15.73,53116637184.00,108745.29,0.00,38667.07
1787815015.095,16.79,12.44,3.38,26095.20,89107.92,0.00,6904.00,288083.42,0.00,52937728000.00,333930.50,0.01,23066.33
1787815018.14,13.11,7.91,2.84,48963.77,129948.52,0.00,6621.00,22727.35,0.00,53265776640.00,128834.86,0.00,58230.69
1787815021.177,11.69,7.94,3.31,39214.31,131414.31,0.00,6616.00,22821.07,0.00,53269446656.00,347596.26,0.01,46425.62
1787815024.221,8.40,6.07,2.15,23321.43,85171.60,0.00,7339.00,22236.59,0.00,52502659072.00,0.00,0.00,19690.51
1787815027.266,10.58,7.93,2.85,38238.88,125272.21,1.00,6881.00,24046.56,0.00,52960284672.00,24208.10,0.00,45601.63
1787815030.299,11.04,8.47,2.87,74769.68,120638.66,0.00,6873.00,23115.59,15.92,52962975744.00,130420.82,0.01,79689.70
1787815033.348,12.65,8.37,4.30,63816.06,114747.82,0.00,6851.00,59270.97,15.73,52985249792.00,152991.85,0.00,66426.99
1787815036.374,13.38,8.24,3.73,37136.88,110460.54,0.00,6864.00,20816.73,15.93,52978376704.00,236598.87,0.00,43430.84
1787815039.415,12.65,7.30,3.92,34110.72,90616.62,2.00,6873.00,24258.41,14.76,52969316352.00,60441.90,0.00,36555.28
1787815042.464,15.02,8.07,4.07,39755.91,113436.17,0.00,6869.00,22369.40,0.00,52972863488.00,52364.08,0.01,44405.71
1787815045.506,12.59,6.78,4.09,35751.41,97710.25,0.00,6866.00,23147.48,0.00,52973559808.00,16167.12,0.00,36195.14
1787815048.553,12.31,7.29,3.68,44881.47,112541.50,0.00,6873.00,19419.96,0.00,52978323456.00,28157.23,0.00,47875.40
1787815051.597,10.25,8.24,2.47,47194.99,107523.96,0.00,6864.00,22887.11,0.00,52973494272.00,64615.93,0.00,54920.05
1787815054.647,13.32,7.84,3.92,47402.73,123321.65,0.00,6868.00,31220.87,31.47,52974669824.00,201424.96,0.00,52589.42
1787815057.693,13.47,7.42,4.02,42095.29,113897.96,0.00,6870.00,22623.36,0.00,52975243264.00,64885.97,0.00,47061.65
1787815060.734,11.92,7.71,3.47,39235.26,87537.87,0.00,6874.00,22634.82,0.00,52972756992.00,36371.99,0.00,44009.87
1787815063.775,13.71,9.61,3.77,48010.07,144194.52,0.00,6850.00,39672.09,0.00,52989403136.00,112833.86,0.00,53429.85
1787815066.821,14.52,10.51,2.61,48714.19,175853.17,1.00,6872.00,23803.86,13.76,52966539264.00,342121.52,0.01,53671.09
1787815069.854,13.91,6.20,4.49,28413.51,78928.50,1.00,6879.00,22839.53,0.00,52966617088.00,44695.00,0.00,29585.31
1787815072.901,13.26,7.32,4.85,43324.58,93544.80,1.00,6874.00,23574.57,0.00,52961148928.00,44435.06,0.00,46950.56
1787815075.941,15.46,11.11,3.63,81013.98,111057.11,0.00,7396.00,344721.88,0.00,52430053376.00,404645.12,0.01,77174.10
1787815078.988,11.18,7.77,3.16,39094.58,102559.08,0.00,7240.00,20931.73,15.77,52611010560.00,64600.05,0.00,45822.15
1787815082.034,9.47,7.90,2.38,49606.00,119313.68,0.00,6378.00,20961.01,31.43,53508632576.00,152862.30,0.00,57467.94
1787815085.076,12.09,8.40,3.08,41943.96,112841.73,0.00,6361.00,22461.20,13.81,53546233856.00,72737.72,0.00,50703.48
1787815088.124,11.28,7.39,2.62,40094.84,127160.05,0.00,6383.00,18369.17,15.76,53480448000.00,121023.20,0.00,48201.88
1787815091.179,10.44,7.52,2.46,50146.18,126481.59,0.00,6379.00,18376.77,0.00,53489876992.00,72279.67,0.00,59670.71
1787815094.231,16.72,10.20,3.45,44165.33,147462.56,0.00,6354.00,22592.22,0.00,53508902912.00,132708.06,0.01,53588.04
1787815097.281,10.70,7.91,2.38,40887.93,110925.10,0.00,6366.00,27299.89,15.72,53507129344.00,165021.77,0.01,47432.59
1787815100.324,16.16,10.09,5.78,49066.01,128094.17,0.00,6366.00,19293.31,0.00,53495144448.00,315228.57,0.01,56319.13
1787815103.362,11.06,6.92,2.80,49602.82,112927.03,0.00,6382.00,22593.96,0.00,53489803264.00,0.00,0.00,56965.65
1787815106.411,11.74,7.06,3.22,46238.98,119452.91,1.00,6377.00,23095.42,15.72,53489414144.00,177053.43,0.00,52886.62
1787815109.473,10.37,7.99,2.38,35526.00,97024.27,1.00,6377.00,22063.01,0.00,53487681536.00,60469.78,0.00,41548.86
1787815112.511,12.95,7.86,4.63,30487.32,101285.11,1.00,6378.00,23204.06,26.63,53483929600.00,173725.17,0.01,36718.85
1787815115.56,21.45,13.53,6.99,53914.81,135218.39,0.00,6375.00,21864.19,0.00,53484019712.00,0.00,0.00,61399.32
1787815118.604,12.50,7.15,3.92,35888.97,102275.16,0.00,6385.00,26518.84,15.75,53479354368.00,112882.50,0.00,40018.35
1787815121.643,11.03,6.92,3.61,40034.12,124354.95,0.00,6382.00,19970.80,0.00,53476040704.00,92716.80,0.00,45616.70
1787815124.685,16.91,11.22,5.18,77570.75,152660.15,0.00,6363.00,53404.06,0.00,53501374464.00,117662.67,0.00,83955.72
1787815127.726,11.62,7.94,3.32,38756.48,89450.49,0.00,6380.00,16362.75,0.00,53484879872.00,32360.11,0.00,44709.31
1787815130.763,14.66,10.07,4.61,45849.46,118253.75,0.00,6386.00,20399.31,0.00,53480763392.00,72590.38,0.00,51766.15
1787815133.798,12.01,7.26,2.63,39361.00,133568.15,0.00,6391.00,23312.26,0.00,53483175936.00,16200.03,0.00,45491.14
1787815136.836,14.94,7.85,3.69,36892.25,107275.63,0.00,6396.00,19993.98,0.00,53482487808.00,24213.87,0.00,42037.19
1787815139.87,13.59,7.56,4.78,32705.66,90510.68,1.00,6392.00,22860.40,0.00,53480755200.00,52565.99,0.00,33156.17
1787815142.915,14.15,6.60,5.15,28553.35,99461.91,0.00,6386.00,24230.93,0.00,53479796736.00,185220.27,0.01,26211.10
1787815145.955,11.35,8.32,2.46,67234.56,101089.38,0.00,6373.00,29681.50,0.00,53495971840.00,222051.85,0.00,74322.27
1787815149.005,11.49,7.01,3.77,39415.36,109723.71,0.00,6393.00,19619.90,15.78,53468631040.00,173710.06,0.00,43043.69
1787815152.04,19.51,11.61,4.80,59947.30,125849.80,0.00,6370.00,57958.61,15.85,53495349248.00,146111.34,0.00,66880.78
1787815155.067,14.70,8.88,3.35,40441.85,127046.55,0.00,6370.00,25033.29,31.90,53490900992.00,220490.76,0.00,45996.22
1787815158.104,13.74,8.56,4.24,36937.36,110826.87,0.00,6382.00,21711.72,54.26,53486694400.00,234391.11,0.00,41714.24
1787815161.148,14.25,9.49,3.70,44365.60,123792.87,0.00,6368.00,21307.34,0.00,53504483328.00,141653.72,0.01,50898.61
1787815164.193,11.59,8.78,2.93,43520.67,102298.76,0.00,6399.00,20065.01,0.00,53482221568.00,20180.30,0.00,50651.88
1787815167.231,12.63,8.03,2.55,39542.76,132086.83,0.00,6389.00,25983.32,0.00,53485289472.00,48619.32,0.00,48007.50
1787815170.269,10.55,6.55,3.93,30759.35,78146.27,0.00,6394.00,22443.58,15.78,53481066496.00,64624.90,0.00,33700.86
1787815173.309,12.05,7.72,2.70,39196.39,103813.11,0.00,6388.00,20426.40,0.00,53479718912.00,44529.31,0.00,45489.59
1787815176.352,14.47,7.25,3.86,44706.80,106731.95,1.00,6382.00,22412.15,1.97,53477261312.00,218388.86,0.00,51157.71
1787815179.398,13.92,9.26,3.86,43814.79,99627.11,0.00,6383.00,21566.12,0.00,53484400640.00,52597.11,0.00,50192.88
1787815182.441,12.51,8.00,3.69,39632.13,93826.84,0.00,6390.00,23230.38,0.00,53487575040.00,0.00,0.00,43386.84
1787815185.482,16.50,9.83,4.07,42276.41,122402.09,0.00,6369.00,25026.48,0.98,53492072448.00,141101.82,0.00,46425.89
1787815188.52,12.08,8.08,2.54,35344.77,104250.03,0.00,6381.00,28310.08,0.00,53495394304.00,28233.27,0.00,41164.67
1787815191.562,12.80,8.39,1.69,44502.43,108604.99,0.00,6375.00,22437.87,15.76,53488271360.00,173482.74,0.00,53449.43
1787815194.612,11.10,7.92,2.46,46029.91,131149.72,0.00,6379.00,22033.65,0.00,53489324032.00,0.00,0.00,54035.59
1787815197.649,15.07,10.66,3.63,47212.05,117212.87,0.00,6370.00,21422.27,0.00,53505527808.00,121503.26,0.00,56130.43
1787815200.688,14.51,8.39,4.08,51637.65,95395.27,0.00,6375.00,26394.92,0.00,53494341632.00,76704.94,0.00,56665.31
1787815203.732,11.57,8.14,2.23,47297.43,106732.36,0.00,6379.00,18728.82,15.73,53492908032.00,229547.77,0.01,55037.54
1787815206.778,10.60,7.44,2.30,52735.60,125777.55,0.00,6382.00,19842.76,0.00,53485002752.00,181033.39,0.00,60299.83
1787815209.816,12.91,7.99,3.69,42375.18,146569.87,0.00,6392.00,28835.79,0.00,53482459136.00,0.00,0.00,51148.80
1787815212.857,15.00,9.49,4.67,63106.93,111294.39,0.00,6371.00,45252.60,0.00,53489205248.00,16065.76,0.00,71057.48
1787815215.898,16.17,9.69,4.77,57403.25,136697.89,0.00,6376.00,37621.18,0.98,53480980480.00,173359.40,0.00,61099.42
1787815218.935,11.56,8.15,3.26,39191.50,100150.09,0.00,6378.00,22661.67,33.80,53479628800.00,158781.78,0.00,47057.30
1787815221.97,12.08,7.33,3.40,38805.14,100614.95,0.00,6398.00,22505.42,14.83,53458993152.00,166028.37,0.00,47255.34
1787815225.007,15.57,10.93,4.08,49633.57,119319.39,0.00,6394.00,22547.82,51.23,53462757376.00,262305.81,0.01,57651.25
1787815228.055,12.87,7.83,3.30,46461.99,122642.99,0.00,6396.00,20948.40,0.00,53463347200.00,16105.98,0.00,52598.43
1787815231.089,12.07,9.00,3.31,38834.20,122387.11,0.00,6397.00,20633.19,0.00,53472325632.00,32266.32,0.00,46314.94
1787815234.134,13.19,8.71,4.24,41599.15,105539.78,2.00,6385.00,20569.15,0.00,53492367360.00,32335.93,0.00,48803.02
1787815237.174,11.16,7.87,3.47,43593.56,139064.32,0.00,6402.00,28866.86,0.00,53468876800.00,20222.80,0.00,52494.41
1787815240.217,12.46,8.34,3.24,38364.73,120043.03,0.00,6402.00,17892.54,0.00,53469212672.00,52608.61,0.00,44787.36
1787815243.263,10.60,7.53,2.84,37634.24,111531.04,0.00,6404.00,22191.67,0.00,53463072768.00,40303.77,0.00,43852.29
1787815246.302,18.62,11.89,5.25,66155.03,264093.29,2.00,6384.00,21707.38,0.00,53473878016.00,481773.00,0.01,64589.87
1787815249.349,12.80,7.83,3.30,41381.31,103000.85,0.00,6394.00,22177.65,0.00,53466783744.00,12072.78,0.00,48822.68
1787815252.393,11.73,8.39,2.62,50750.03,105799.00,0.00,6387.00,24905.12,0.99,53468622848.00,153327.77,0.01,59413.86
1787815255.435,10.93,7.77,2.31,37711.28,132715.68,0.00,6394.00,19270.67,0.00,53468946432.00,419447.08,0.00,46028.42
1787815258.478,16.58,9.61,5.54,33414.61,104859.08,0.00,6390.00,29435.46,0.00,53469827072.00,88732.75,0.00,36158.53
1787815261.52,14.20,7.90,3.07,38968.46,120984.84,0.00,6397.00,23207.60,0.00,53469888512.00,32187.71,0.00,44817.27
1787815264.552,15.02,8.79,3.50,47724.52,109489.01,0.00,6385.00,22077.16,0.00,53477175296.00,195687.56,0.02,54393.59
1787815267.597,11.83,8.51,2.99,39281.94,99452.87,0.00,6383.00,22651.82,0.00,53491388416.00,96488.64,0.00,46618.83
1787815270.622,12.57,6.77,4.04,40652.15,88049.81,0.00,6390.00,23001.58,0.00,53474455552.00,36692.65,0.00,43519.71
1787815273.664,15.06,9.09,4.85,40213.20,96500.83,0.00,6371.00,22107.89,0.00,53488148480.00,0.00,0.00,43982.50
1787815276.71,15.40,10.07,4.76,41644.09,136751.76,0.00,6387.00,24379.60,0.00,53486067712.00,181290.47,0.00,49382.16
1787815279.756,13.65,8.26,4.33,55669.42,132977.84,0.00,6381.00,25826.81,0.00,53481127936.00,85037.48,0.01,64368.78
1787815282.802,15.68,8.71,4.24,37629.29,106019.64,0.00,6388.00,22129.89,0.00,53479165952.00,24245.01,0.00,45635.81
1787815285.846,12.57,8.38,3.00,45682.74,123793.71,0.00,6377.00,20206.02,0.00,53486600192.00,24184.63,0.00,55207.21
1787815288.892,13.03,7.75,3.30,37745.92,116558.94,0.00,6394.00,23380.98,0.00,53473103872.00,0.00,0.00,42459.14
1787815291.935,13.65,7.63,3.55,45572.32,158214.08,0.00,6386.00,22692.39,46.39,53479567360.00,307252.89,0.02,51215.99
1787815294.974,15.95,9.80,4.71,45352.20,139148.35,0.00,6373.00,21160.87,0.00,53488459776.00,105261.70,0.01,51007.64
1787815298.015,12.05,7.54,3.15,47855.15,103291.94,0.00,6383.00,20996.62,13.80,53481037824.00,100917.81,0.00,54477.45
1787815301.059,12.21,8.30,2.92,42338.17,127632.27,0.00,6392.00,28920.59,0.00,53482123264.00,0.00,0.00,49096.35
1787815304.098,12.49,7.92,4.46,40119.71,110714.34,0.00,6367.00,22736.67,0.00,53524725760.00,52383.26,0.00,43222.97
1787815307.146,16.03,9.72,4.40,52520.34,166537.17,0.00,6364.00,31295.48,27.66,53526876160.00,271083.95,0.00,55729.32
1787815310.174,13.95,6.68,4.51,34065.93,117409.18,0.00,6381.00,27084.17,0.00,53501894656.00,97824.23,0.01,36878.23
1787815313.222,13.34,7.52,4.38,45719.75,100641.39,0.00,6383.00,20939.74,0.00,53489033216.00,0.00,0.00,50704.20
1787815316.256,13.47,9.26,4.09,39780.07,124875.12,0.00,6388.00,20226.52,9.88,53485473792.00,182145.37,0.00,45579.08
1787815319.295,13.29,6.69,4.84,34264.93,76544.23,0.00,6401.00,23351.54,0.00,53464420352.00,84615.65,0.00,30571.13
1787815322.339,12.61,6.30,5.23,32452.11,84700.22,2.00,6394.00,32327.15,0.00,53470515200.00,326465.52,0.00,28077.69
1787815325.381,15.15,7.85,6.39,44247.29,56613.17,0.00,6391.00,23496.65,0.00,53466173440.00,278366.72,0.02,41130.64
1787815328.416,10.75,5.99,5.07,53502.10,93058.71,0.00,6390.00,31552.09,0.00,53466914816.00,0.00,0.00,49680.87
1787815331.457,17.16,10.42,4.63,68610.76,73240.64,0.00,7083.00,456695.87,0.00,52746620928.00,583133.13,0.01,65031.64
1787815334.504,13.73,7.94,3.93,20739.66,65363.86,1.00,7134.00,19570.68,0.00,52789657600.00,303045.22,0.01,17848.47
1787815337.548,11.06,7.21,2.53,26057.39,119926.27,0.00,7179.00,10840.05,31.43,52741787648.00,301772.98,0.00,22300.64
1787815340.583,14.22,9.34,3.58,25204.76,75093.32,0.00,7174.00,19700.43,7.97,52759793664.00,73438.83,0.00,22208.86
1787815343.618,9.72,5.64,2.39,20736.92,89127.93,0.00,7166.00,8639.31,0.00,52775043072.00,24290.10,0.00,17287.63
1787815346.665,13.78,8.83,4.07,38756.38,126872.37,0.00,6771.00,20586.56,0.00,53184749568.00,152911.35,0.00,43881.41
1787815349.723,12.63,7.53,3.77,47111.83,111216.70,0.00,6773.00,29373.08,0.00,53183352832.00,40296.12,0.00,52752.83
1787815352.77,16.36,11.23,4.39,47506.28,113640.88,0.00,6499.00,264107.82,0.00,53549285376.00,201781.25,0.00,51916.04
1787815355.807,10.07,6.00,2.00,20490.43,68350.33,0.00,6569.00,19377.07,0.00,53401473024.00,88706.88,0.01,17870.66
1787815358.847,10.40,6.47,2.31,27197.25,94622.79,1.00,6587.00,19327.14,15.78,53281792000.00,133306.65,0.00,23840.07
1787815361.885,10.64,6.59,2.17,21484.47,74238.15,0.00,6590.00,9238.42,0.00,53283508224.00,81368.85,0.00,18932.55
1787815364.915,11.33,6.77,3.11,52465.96,99069.49,2.00,6572.00,43948.76,0.00,53287886848.00,44883.16,0.00,47609.91
1787815367.956,11.47,8.23,2.85,41817.28,99546.34,2.00,6220.00,107133.83,0.00,53671104512.00,141027.18,0.00,40537.78
1787815370.991,13.46,9.91,3.25,24351.01,79730.79,0.00,5834.00,133721.51,0.00,54165794816.00,280013.85,0.01,23546.85
1787815374.035,14.40,7.76,4.07,30046.55,103061.40,0.00,5816.00,19975.98,0.00,54167969792.00,72486.89,0.00,33983.40
1787815377.081,14.73,7.29,5.24,25150.89,88912.79,0.00,5818.00,23467.16,0.00,54171443200.00,143429.25,0.00,26398.08
1787815380.125,14.06,6.52,5.91,20591.61,81670.10,0.00,5823.00,27358.57,0.00,54160736256.00,52297.15,0.00,19029.48
1787815383.166,11.81,8.18,2.85,56901.03,128243.43,0.00,7255.00,139102.61,0.00,52786216960.00,246836.89,0.00,64433.78
1787815386.214,11.29,7.45,3.00,35659.44,112436.09,0.00,6659.00,18211.63,47.19,53411803136.00,390569.87,0.01,42402.51
1787815389.259,12.66,8.99,3.15,39316.86,107092.35,0.00,6680.00,18071.17,0.00,53258928128.00,72461.59,0.00,48321.76
1787815392.306,12.87,8.30,5.07,75879.29,112160.44,0.00,6665.00,59894.60,0.98,53266403328.00,173305.68,0.00,81772.11
1787815395.342,12.44,7.39,3.92,40113.87,97331.48,1.00,6671.00,22371.05,31.51,53261033472.00,213772.58,0.01,43603.10
1787815398.386,12.90,9.68,3.23,56303.16,140515.90,0.00,6664.00,30122.47,0.00,53263503360.00,128681.72,0.00,60160.24
1787815401.426,15.51,8.69,6.61,61922.25,111543.53,0.00,6678.00,24221.97,0.98,53250015232.00,141122.57,0.00,63785.86
1787815404.469,12.07,7.30,3.46,55506.29,123546.45,1.00,6680.00,23146.57,15.75,53246816256.00,322504.77,0.00,61830.44
1787815407.514,11.64,7.52,3.37,43556.54,120733.78,0.00,6684.00,22702.60,15.72,53243621376.00,64375.11,0.00,50645.65
1787815410.557,11.57,8.45,2.46,37039.65,103230.35,0.00,6689.00,22783.34,0.00,53242863616.00,56411.38,0.00,44975.22
1787815413.611,13.00,7.68,4.22,41121.20,104929.83,1.00,6682.00,31552.46,47.18,53252116480.00,209332.86,0.00,41835.32
1787815416.648,10.85,7.15,4.00,59528.58,92869.00,0.00,6677.00,24637.95,28.56,53255032832.00,318693.90,0.00,61786.56
1787815419.693,11.71,7.00,4.54,47068.41,88194.89,0.00,6679.00,30270.37,0.00,53245218816.00,0.00,0.00,47240.03
1787815422.729,11.38,5.83,4.89,22226.42,86016.47,0.00,6685.00,25209.10,0.00,53245026304.00,36663.44,0.00,17563.58
1787815425.775,9.72,6.77,2.00,20772.71,104342.64,0.00,7340.00,9251.27,0.00,52564766720.00,480478.30,0.01,15948.60
1787815428.813,14.00,9.78,4.16,59231.75,158190.45,0.00,7078.00,20709.93,0.00,52885602304.00,153373.86,0.00,65106.83
1787815431.858,15.91,10.24,3.00,69051.92,81697.70,0.00,6667.00,151689.23,1.97,53340127232.00,149422.53,0.00,66771.13
1787815434.89,10.44,5.91,2.18,16385.65,65864.86,1.00,6647.00,20035.75,0.00,53352685568.00,77401.95,0.00,13740.80
1787815437.927,12.72,7.22,5.20,34796.07,73490.50,0.00,6102.00,26328.40,0.00,53921873920.00,651411.15,0.01,31750.71
1787815440.962,15.66,6.39,6.01,26178.43,88629.63,1.00,6113.00,36786.72,0.00,53920960512.00,925274.89,0.01,23090.63
1787815444.004,15.02,8.61,5.77,31544.70,93870.29,0.00,6109.00,24893.82,0.00,53918023680.00,16126.70,0.00,27754.93
1787815447.049,15.05,6.90,5.60,26803.37,75683.85,0.00,6112.00,25238.42,15.71,53916889088.00,386048.58,0.00,23535.72
1787815450.094,17.06,9.85,4.31,42350.87,85662.29,0.00,7323.00,344644.14,15.76,52591095808.00,342999.88,0.01,38970.02
1787815453.14,14.56,8.37,5.04,74865.98,102733.13,0.00,7177.00,48540.56,0.00,52792320000.00,451065.03,0.01,81199.47
1787815456.186,12.46,7.46,3.84,41567.06,105544.91,0.00,6279.00,22862.52,0.00,53738700800.00,362792.80,0.01,46634.33
1787815459.231,12.68,8.07,4.54,40677.05,126236.55,0.00,6289.00,24965.84,0.00,53732368384.00,104737.51,0.00,42561.72
1787815462.271,10.22,8.15,2.85,53115.32,72431.78,0.00,6363.00,102688.58,188.08,53653147648.00,806690.41,0.01,50582.01
1787815465.316,12.78,8.20,3.48,32295.92,107377.41,0.00,6200.00,17581.11,0.00,53852209152.00,24340.79,0.00,39276.46
1787815468.351,11.55,7.10,3.16,33210.19,95208.15,1.00,6197.00,22867.48,0.00,53830356992.00,157937.74,0.00,38320.48
1787815471.386,12.69,7.42,4.18,35284.07,103217.38,1.00,6191.00,20450.07,0.00,53832716288.00,129733.89,0.01,42347.20
1787815474.427,10.28,7.09,2.88,35835.17,125004.45,0.00,6194.00,22289.33,28.91,53833650176.00,138811.43,0.00,44122.61
1787815477.46,11.90,6.80,4.25,51002.19,108193.52,1.00,6207.00,23824.44,0.99,53768040448.00,48634.39,0.00,54425.69
1787815480.494,10.94,7.09,3.39,36626.75,105623.01,0.00,6209.00,22155.65,0.00,53766279168.00,427968.61,0.00,41165.72
1787815483.534,13.54,8.70,4.08,51947.10,116555.09,0.00,6205.00,30178.25,0.00,53767987200.00,20178.60,0.00,57419.74
1787815486.571,13.47,9.14,4.23,55602.94,207183.11,0.00,6201.00,22354.66,0.00,53772791808.00,330311.28,0.00,53117.48
1787815489.605,13.72,8.94,4.32,48421.07,150019.00,0.00,6217.00,23754.31,0.00,53758308352.00,173926.37,0.00,55037.76
1787815492.647,11.46,7.24,3.24,41444.50,111349.00,0.00,6217.00,24632.79,0.00,53757947904.00,16156.92,0.00,46939.97
1787815495.681,11.66,7.34,3.56,41456.72,108514.23,0.00,6224.00,20386.05,0.00,53756440576.00,441698.47,0.01,50290.27
1787815498.723,9.47,7.24,2.70,38510.34,112027.14,0.00,6233.00,17888.22,0.00,53729222656.00,0.00,0.00,44623.97
1787815501.753,11.15,7.42,2.78,33808.76,100525.00,0.00,6228.00,22095.95,0.00,53720506368.00,316082.71,0.02,39383.47
1787815504.786,17.52,10.12,6.46,43887.53,103405.63,0.00,6229.00,29130.36,0.00,53723607040.00,40745.11,0.00,46331.61
1787815507.825,12.99,9.00,3.08,38153.39,114062.02,1.00,6231.00,22516.56,0.00,53723234304.00,16146.33,0.00,46290.74
1787815510.863,12.67,6.94,3.78,45913.61,103073.31,0.00,6227.00,29547.67,0.00,53727657984.00,32393.79,0.00,50792.04
1787815513.91,11.30,8.27,2.55,41132.91,109395.38,1.00,6208.00,23070.98,31.72,53743046656.00,154263.78,0.00,48442.24
1787815516.951,13.41,8.87,3.01,40233.35,113469.14,0.00,6217.00,20430.31,15.81,53746073600.00,275138.49,0.01,45162.32
1787815519.985,16.04,9.12,4.33,44261.97,136894.75,0.00,6224.00,24397.73,0.00,53735141376.00,133795.54,0.00,49936.93
1787815523.025,15.36,8.70,2.46,38616.96,101359.53,4.00,6228.00,22969.30,15.79,53723222016.00,92946.69,0.00,44649.06
1787815526.06,13.42,8.80,3.70,60625.48,88441.65,0.00,7002.00,322333.76,0.00,52920311808.00,278668.55,0.01,56603.93
1787815529.104,12.73,7.22,3.00,35584.54,90482.53,0.00,6702.00,21676.11,0.00,53231542272.00,20144.61,0.00,43086.59
1787815532.147,11.98,8.10,3.39,41287.87,116774.63,0.00,6709.00,30586.28,10.86,53227184128.00,408451.52,0.01,47825.42
1787815535.179,14.42,10.24,4.42,60968.75,121687.12,0.00,7992.00,15920.05,15.90,51885887488.00,1229044.51,0.01,67543.92
1787815538.22,13.94,8.06,3.61,35691.11,97222.97,0.00,7998.00,23626.33,47.18,51879538688.00,193240.93,0.00,40095.54
1787815541.262,15.07,9.53,3.92,55845.89,95886.25,0.00,7582.00,241263.70,47.24,52322185216.00,443421.01,0.01,54282.95
1787815544.305,15.24,8.54,5.77,60714.40,125374.96,0.00,7149.00,25004.10,0.00,52794982400.00,16131.17,0.00,68735.18
1787815547.349,12.26,6.45,4.61,31673.79,77447.67,0.00,7157.00,24848.48,0.00,52785303552.00,414916.29,0.02,28708.91
1787815550.381,11.77,7.40,2.96,19528.69,83881.05,0.00,6569.00,55767.20,0.00,53396328448.00,65324.21,0.00,17895.69
1787815553.423,17.55,11.46,5.23,57647.11,115248.92,0.00,6420.00,29478.52,0.00,53561597952.00,0.00,0.00,66713.30
1787815556.468,15.29,9.39,4.16,47228.36,113048.11,1.00,8303.00,60426.23,0.00,51601629184.00,294827.70,0.01,53335.78
1787815559.513,13.63,7.70,5.78,31458.13,78844.11,0.00,8307.00,24310.04,15.78,51588927488.00,113138.40,0.00,29371.18
1787815562.553,10.97,7.09,3.62,41339.89,108100.53,0.00,8298.00,23240.50,15.77,51595821056.00,1477614.69,0.02,44109.05
1787815565.597,15.96,13.29,1.93,40230.16,89037.76,1.00,7705.00,62031.75,9.89,52212191232.00,170117.11,0.00,39627.94
1787815568.636,12.27,8.14,3.07,41658.85,119097.93,0.00,7633.00,22752.25,15.74,52248485888.00,201429.14,0.00,51154.82
1787815571.677,11.61,7.48,3.70,99340.81,71028.34,0.00,7083.00,98096.71,31.57,52828438528.00,391988.25,0.01,96902.69
1787815574.712,11.29,6.88,3.25,45052.77,98196.62,0.00,6917.00,68511.18,0.00,52998672384.00,48605.85,0.00,42733.73
1787815577.744,12.09,7.53,3.26,36214.46,113019.24,1.00,6743.00,21204.52,0.00,53183590400.00,97698.23,0.01,39486.12
1787815580.778,14.87,9.09,5.93,42435.72,105117.30,0.00,6658.00,24246.31,0.00,53178556416.00,109077.31,0.00,40785.43
1787815583.815,11.98,6.32,4.62,31620.07,63826.57,1.00,6663.00,24812.89,0.00,53164580864.00,246673.64,0.00,28397.26
1787815586.85,14.65,9.32,3.62,50157.95,323315.95,0.00,7282.00,21572.22,0.00,52558790656.00,197980.27,0.01,53978.70
1787815589.881,12.03,8.41,3.58,47816.08,264034.66,0.00,7434.00,23008.34,0.00,52397518848.00,28582.98,0.00,52548.69
1787815592.922,11.07,6.84,3.38,46979.55,426694.80,1.00,7372.00,11540.03,321.68,52378038272.00,11793820.78,0.24,37350.53
1787815595.958,8.99,6.51,1.63,33311.77,340559.93,0.00,7828.00,32999.69,0.00,52357054464.00,20289.82,0.00,20673.79
1787815598.999,4.81,2.70,1.24,42345.85,230770.01,0.00,8242.00,9468.50,0.00,51112771584.00,4978920.96,0.03,41864.43
1787815602.038,5.07,2.63,1.24,23920.32,302723.90,0.00,8249.00,17238.20,0.00,51114213376.00,263718.80,0.00,14332.97
1787815605.079,8.35,2.40,4.42,81359.27,415842.86,0.00,8199.00,72970.96,223.04,51153506304.00,758774.24,0.01,67290.42
1787815608.111,4.04,1.24,1.32,20759.07,195664.94,0.00,8224.00,9353.16,0.00,51127132160.00,16286.77,0.00,15408.18
1787815611.146,3.45,2.16,1.46,24869.96,281555.45,0.00,8228.00,9326.11,0.00,51123093504.00,270633.74,0.01,18059.68
1787815614.196,7.52,2.92,1.54,19212.40,247156.64,0.00,8227.00,9455.05,0.00,51120173056.00,72599.64,0.00,11283.69
