t,active_mask,sw_power_cap,hw_slowdown,sw_thermal,hw_thermal
1787769687.208,0x0000000000000000,Not Active,Not Active,Not Active,Not Active,38 %,P2,350.00 W
1787769692.620,0x0000000000000001,Not Active,Not Active,Not Active,Not Active,44 %,P8,350.00 W
1787769697.972,0x0000000000000001,Not Active,Not Active,Not Active,Not Active,45 %,P8,350.00 W
1787769703.340,0x0000000000000001,Not Active,Not Active,Not Active,Not Active,42 %,P8,350.00 W
1787769708.704,0x0000000000000001,Not Active,Not Active,Not Active,Not Active,40 %,P8,350.00 W
1787769714.061,0x0000000000000001,Not Active,Not Active,Not Active,Not Active,38 %,P8,350.00 W
1787769719.427,0x0000000000000001,Not Active,Not Active,Not Active,Not Active,0 %,P2,350.00 W
1787769724.787,0x0000000000000004,Active,Not Active,Not Active,Not Active,57 %,P2,350.00 W
1787769730.159,0x0000000000000004,Active,Not Active,Not Active,Not Active,65 %,P2,350.00 W
1787769735.525,0x0000000000000004,Active,Not Active,Not Active,Not Active,67 %,P2,350.00 W
1787769740.898,0x0000000000000004,Active,Not Active,Not Active,Not Active,69 %,P2,350.00 W
1787769746.274,0x0000000000000004,Active,Not Active,Not Active,Not Active,71 %,P2,350.00 W
1787769751.632,0x0000000000000004,Active,Not Active,Not Active,Not Active,71 %,P2,350.00 W
1787769757.012,0x0000000000000004,Active,Not Active,Not Active,Not Active,72 %,P2,350.00 W
1787769762.379,0x0000000000000004,Active,Not Active,Not Active,Not Active,74 %,P2,350.00 W
1787769767.705,0x0000000000000004,Active,Not Active,Not Active,Not Active,75 %,P2,350.00 W
1787769773.034,0x0000000000000001,Not Active,Not Active,Not Active,Not Active,75 %,P3,350.00 W
1787769778.370,0x0000000000000001,Not Active,Not Active,Not Active,Not Active,73 %,P8,350.00 W
1787769783.718,0x0000000000000001,Not Active,Not Active,Not Active,Not Active,68 %,P8,350.00 W
1787769789.058,0x0000000000000001,Not Active,Not Active,Not Active,Not Active,64 %,P8,350.00 W
1787769794.398,0x0000000000000001,Not Active,Not Active,Not Active,Not Active,62 %,P8,350.00 W
1787769799.773,0x0000000000000004,Active,Not Active,Not Active,Not Active,60 %,P2,350.00 W
1787769805.132,0x0000000000000004,Active,Not Active,Not Active,Not Active,66 %,P2,350.00 W
1787769810.481,0x0000000000000004,Active,Not Active,Not Active,Not Active,70 %,P2,350.00 W
1787769815.852,0x0000000000000001,Not Active,Not Active,Not Active,Not Active,71 %,P2,350.00 W
1787769821.205,0x0000000000000004,Active,Not Active,Not Active,Not Active,72 %,P2,350.00 W
1787769826.571,0x0000000000000004,Active,Not Active,Not Active,Not Active,73 %,P2,350.00 W
1787769831.935,0x0000000000000004,Active,Not Active,Not Active,Not Active,74 %,P2,350.00 W
1787769837.314,0x0000000000000004,Active,Not Active,Not Active,Not Active,75 %,P2,350.00 W
1787769842.664,0x0000000000000004,Active,Not Active,Not Active,Not Active,76 %,P2,350.00 W
1787769848.018,0x0000000000000004,Active,Not Active,Not Active,Not Active,76 %,P2,350.00 W
1787769853.370,0x0000000000000004,Active,Not Active,Not Active,Not Active,77 %,P2,350.00 W
1787769858.732,0x0000000000000004,Active,Not Active,Not Active,Not Active,78 %,P2,350.00 W
1787769864.092,0x0000000000000004,Active,Not Active,Not Active,Not Active,78 %,P2,350.00 W
1787769869.461,0x0000000000000004,Active,Not Active,Not Active,Not Active,79 %,P2,350.00 W
1787769874.827,0x0000000000000004,Active,Not Active,Not Active,Not Active,79 %,P2,350.00 W
1787769880.189,0x0000000000000004,Active,Not Active,Not Active,Not Active,79 %,P2,350.00 W
1787769885.524,0x0000000000000004,Active,Not Active,Not Active,Not Active,80 %,P2,350.00 W
1787769890.889,0x0000000000000020,Not Active,Not Active,Active,Not Active,81 %,P2,350.00 W
1787769896.242,0x0000000000000004,Active,Not Active,Not Active,Not Active,81 %,P2,350.00 W
1787769901.595,0x0000000000000004,Active,Not Active,Not Active,Not Active,81 %,P2,350.00 W
1787769906.946,0x0000000000000004,Active,Not Active,Not Active,Not Active,82 %,P2,350.00 W
1787769912.316,0x0000000000000004,Active,Not Active,Not Active,Not Active,95 %,P2,350.00 W
1787769917.686,0x0000000000000004,Active,Not Active,Not Active,Not Active,99 %,P2,350.00 W
1787769923.002,0x0000000000000004,Active,Not Active,Not Active,Not Active,100 %,P2,350.00 W
1787769928.416,0x0000000000000004,Active,Not Active,Not Active,Not Active,100 %,P2,350.00 W
1787769933.782,0x0000000000000004,Active,Not Active,Not Active,Not Active,100 %,P2,350.00 W
1787769939.134,0x0000000000000004,Active,Not Active,Not Active,Not Active,100 %,P2,350.00 W
1787769944.508,0x0000000000000004,Active,Not Active,Not Active,Not Active,100 %,P2,350.00 W
1787769949.871,0x0000000000000004,Active,Not Active,Not Active,Not Active,100 %,P2,350.00 W
1787769955.236,0x0000000000000004,Active,Not Active,Not Active,Not Active,100 %,P2,350.00 W
1787769960.589,0x0000000000000004,Active,Not Active,Not Active,Not Active,100 %,P2,350.00 W
1787769965.963,0x0000000000000004,Active,Not Active,Not Active,Not Active,100 %,P2,350.00 W
1787769971.335,0x0000000000000004,Active,Not Active,Not Active,Not Active,100 %,P2,350.00 W
1787769976.692,0x0000000000000004,Active,Not Active,Not Active,Not Active,100 %,P2,350.00 W
1787769982.065,0x0000000000000004,Active,Not Active,Not Active,Not Active,100 %,P2,350.00 W
1787769987.437,0x0000000000000004,Active,Not Active,Not Active,Not Active,100 %,P2,350.00 W
1787769992.803,0x0000000000000004,Active,Not Active,Not Active,Not Active,100 %,P2,350.00 W
1787769998.158,0x0000000000000004,Active,Not Active,Not Active,Not Active,98 %,P2,350.00 W
1787770003.535,0x0000000000000000,Not Active,Not Active,Not Active,Not Active,95 %,P2,350.00 W
1787770008.912,0x0000000000000004,Active,Not Active,Not Active,Not Active,82 %,P2,350.00 W
1787770014.282,0x0000000000000004,Active,Not Active,Not Active,Not Active,75 %,P2,350.00 W
1787770019.661,0x0000000000000004,Active,Not Active,Not Active,Not Active,74 %,P2,350.00 W
1787770025.036,0x0000000000000004,Active,Not Active,Not Active,Not Active,76 %,P2,350.00 W
1787770030.398,0x0000000000000004,Active,Not Active,Not Active,Not Active,77 %,P2,350.00 W
1787770035.745,0x0000000000000004,Active,Not Active,Not Active,Not Active,78 %,P2,350.00 W
1787770041.112,0x0000000000000004,Active,Not Active,Not Active,Not Active,79 %,P2,350.00 W
1787770046.482,0x0000000000000004,Active,Not Active,Not Active,Not Active,80 %,P2,350.00 W
1787770051.852,0x0000000000000004,Active,Not Active,Not Active,Not Active,80 %,P2,350.00 W
1787770057.222,0x0000000000000004,Active,Not Active,Not Active,Not Active,81 %,P2,350.00 W
1787770062.587,0x0000000000000004,Active,Not Active,Not Active,Not Active,81 %,P2,350.00 W
1787770067.958,0x0000000000000004,Active,Not Active,Not Active,Not Active,82 %,P2,350.00 W
1787770073.339,0x0000000000000020,Not Active,Not Active,Active,Not Active,83 %,P2,350.00 W
1787770078.712,0x0000000000000004,Active,Not Active,Not Active,Not Active,88 %,P2,350.00 W
1787770084.077,0x0000000000000004,Active,Not Active,Not Active,Not Active,97 %,P2,350.00 W
1787770089.443,0x0000000000000004,Active,Not Active,Not Active,Not Active,99 %,P2,350.00 W
1787770094.801,0x0000000000000004,Active,Not Active,Not Active,Not Active,100 %,P2,350.00 W
1787770100.150,0x0000000000000004,Active,Not Active,Not Active,Not Active,100 %,P2,350.00 W
1787770105.523,0x0000000000000004,Active,Not Active,Not Active,Not Active,100 %,P2,350.00 W
1787770110.882,0x0000000000000004,Active,Not Active,Not Active,Not Active,100 %,P2,350.00 W
1787770116.232,0x0000000000000004,Active,Not Active,Not Active,Not Active,100 %,P2,350.00 W
1787770121.595,0x0000000000000004,Active,Not Active,Not Active,Not Active,100 %,P2,350.00 W
1787770126.937,0x0000000000000004,Active,Not Active,Not Active,Not Active,100 %,P2,350.00 W
1787770132.309,0x0000000000000004,Active,Not Active,Not Active,Not Active,100 %,P2,350.00 W
1787770137.659,0x0000000000000004,Active,Not Active,Not Active,Not Active,100 %,P2,350.00 W
1787770143.012,0x0000000000000004,Active,Not Active,Not Active,Not Active,100 %,P2,350.00 W
1787770148.372,0x0000000000000004,Active,Not Active,Not Active,Not Active,100 %,P2,350.00 W
1787770153.734,0x0000000000000004,Active,Not Active,Not Active,Not Active,100 %,P2,350.00 W
1787770159.015,0x0000000000000004,Active,Not Active,Not Active,Not Active,100 %,P2,350.00 W
1787770164.442,0x0000000000000004,Active,Not Active,Not Active,Not Active,100 %,P2,350.00 W
1787770169.811,0x0000000000000004,Active,Not Active,Not Active,Not Active,100 %,P2,350.00 W
1787770175.156,0x0000000000000004,Active,Not Active,Not Active,Not Active,100 %,P2,350.00 W
1787770180.503,0x0000000000000004,Active,Not Active,Not Active,Not Active,100 %,P2,350.00 W
1787770185.854,0x0000000000000004,Active,Not Active,Not Active,Not Active,100 %,P2,350.00 W
1787770191.210,0x0000000000000004,Active,Not Active,Not Active,Not Active,100 %,P2,350.00 W
1787770196.567,0x0000000000000004,Active,Not Active,Not Active,Not Active,100 %,P2,350.00 W
1787770201.914,0x0000000000000004,Active,Not Active,Not Active,Not Active,100 %,P2,350.00 W
1787770207.276,0x0000000000000004,Active,Not Active,Not Active,Not Active,100 %,P2,350.00 W
1787770212.629,0x0000000000000004,Active,Not Active,Not Active,Not Active,100 %,P2,350.00 W
1787770218.000,0x0000000000000004,Active,Not Active,Not Active,Not Active,100 %,P2,350.00 W
1787770223.364,0x0000000000000004,Active,Not Active,Not Active,Not Active,100 %,P2,350.00 W
1787770228.687,0x0000000000000004,Active,Not Active,Not Active,Not Active,100 %,P2,350.00 W
1787770234.059,0x0000000000000004,Active,Not Active,Not Active,Not Active,100 %,P2,350.00 W
1787770239.422,0x0000000000000004,Active,Not Active,Not Active,Not Active,100 %,P2,350.00 W
1787770244.784,0x0000000000000004,Active,Not Active,Not Active,Not Active,100 %,P2,350.00 W
1787770250.154,0x0000000000000004,Active,Not Active,Not Active,Not Active,100 %,P2,350.00 W
1787770255.519,0x0000000000000004,Active,Not Active,Not Active,Not Active,100 %,P2,350.00 W
1787770260.877,0x0000000000000004,Active,Not Active,Not Active,Not Active,99 %,P2,350.00 W
1787770266.248,0x0000000000000004,Active,Not Active,Not Active,Not Active,98 %,P2,350.00 W
1787770271.609,0x0000000000000004,Active,Not Active,Not Active,Not Active,98 %,P2,350.00 W
1787770276.943,0x0000000000000004,Active,Not Active,Not Active,Not Active,98 %,P2,350.00 W
1787770282.309,0x0000000000000004,Active,Not Active,Not Active,Not Active,96 %,P2,350.00 W
1787770287.678,0x0000000000000004,Active,Not Active,Not Active,Not Active,96 %,P2,350.00 W
1787770293.036,0x0000000000000004,Active,Not Active,Not Active,Not Active,96 %,P2,350.00 W
1787770298.404,0x0000000000000004,Active,Not Active,Not Active,Not Active,96 %,P2,350.00 W
1787770303.776,0x0000000000000004,Active,Not Active,Not Active,Not Active,96 %,P2,350.00 W
1787770309.130,0x0000000000000004,Active,Not Active,Not Active,Not Active,95 %,P2,350.00 W
1787770314.495,0x0000000000000004,Active,Not Active,Not Active,Not Active,96 %,P2,350.00 W
1787770319.852,0x0000000000000004,Active,Not Active,Not Active,Not Active,97 %,P2,350.00 W
1787770325.215,0x0000000000000004,Active,Not Active,Not Active,Not Active,96 %,P2,350.00 W
1787770330.571,0x0000000000000024,Active,Not Active,Active,Not Active,96 %,P2,350.00 W
1787770335.940,0x0000000000000004,Active,Not Active,Not Active,Not Active,96 %,P2,350.00 W
1787770341.305,0x0000000000000004,Active,Not Active,Not Active,Not Active,97 %,P2,350.00 W
1787770346.656,0x0000000000000004,Active,Not Active,Not Active,Not Active,96 %,P2,350.00 W
1787770352.010,0x0000000000000004,Active,Not Active,Not Active,Not Active,95 %,P2,350.00 W
1787770357.371,0x0000000000000004,Active,Not Active,Not Active,Not Active,95 %,P2,350.00 W
1787770362.745,0x0000000000000004,Active,Not Active,Not Active,Not Active,98 %,P2,350.00 W
1787770368.101,0x0000000000000004,Active,Not Active,Not Active,Not Active,100 %,P2,350.00 W
1787770373.458,0x0000000000000004,Active,Not Active,Not Active,Not Active,100 %,P2,350.00 W
1787770378.817,0x0000000000000004,Active,Not Active,Not Active,Not Active,100 %,P2,350.00 W
1787770384.169,0x0000000000000004,Active,Not Active,Not Active,Not Active,100 %,P2,350.00 W
1787770389.529,0x0000000000000024,Active,Not Active,Active,Not Active,100 %,P2,350.00 W
1787770394.831,0x0000000000000004,Active,Not Active,Not Active,Not Active,100 %,P2,350.00 W
1787770400.245,0x0000000000000004,Active,Not Active,Not Active,Not Active,100 %,P2,350.00 W
1787770405.605,0x0000000000000004,Active,Not Active,Not Active,Not Active,100 %,P2,350.00 W
1787770410.965,0x0000000000000004,Active,Not Active,Not Active,Not Active,100 %,P2,350.00 W
1787770416.324,0x0000000000000004,Active,Not Active,Not Active,Not Active,100 %,P2,350.00 W
1787770421.673,0x0000000000000004,Active,Not Active,Not Active,Not Active,100 %,P2,350.00 W
1787770427.037,0x0000000000000004,Active,Not Active,Not Active,Not Active,100 %,P2,350.00 W
1787770432.411,0x0000000000000004,Active,Not Active,Not Active,Not Active,100 %,P2,350.00 W
1787770437.772,0x0000000000000020,Not Active,Not Active,Active,Not Active,100 %,P2,350.00 W
1787770443.146,0x0000000000000004,Active,Not Active,Not Active,Not Active,100 %,P2,350.00 W
1787770448.524,0x0000000000000004,Active,Not Active,Not Active,Not Active,100 %,P2,350.00 W
1787770453.906,0x0000000000000004,Active,Not Active,Not Active,Not Active,100 %,P2,350.00 W
1787770459.283,0x0000000000000024,Active,Not Active,Active,Not Active,100 %,P2,350.00 W
1787770464.647,0x0000000000000024,Active,Not Active,Active,Not Active,100 %,P2,350.00 W
1787770470.028,0x0000000000000004,Active,Not Active,Not Active,Not Active,100 %,P2,350.00 W
1787770475.400,0x0000000000000004,Active,Not Active,Not Active,Not Active,100 %,P2,350.00 W
1787770480.763,0x0000000000000004,Active,Not Active,Not Active,Not Active,100 %,P2,350.00 W
1787770486.145,0x0000000000000004,Active,Not Active,Not Active,Not Active,100 %,P2,350.00 W
1787770491.504,0x0000000000000004,Active,Not Active,Not Active,Not Active,100 %,P2,350.00 W
1787770496.873,0x0000000000000020,Not Active,Not Active,Active,Not Active,100 %,P2,350.00 W
1787770502.221,0x0000000000000004,Active,Not Active,Not Active,Not Active,100 %,P2,350.00 W
1787770507.588,0x0000000000000004,Active,Not Active,Not Active,Not Active,100 %,P2,350.00 W
1787770512.965,0x0000000000000004,Active,Not Active,Not Active,Not Active,100 %,P2,350.00 W
1787770518.321,0x0000000000000004,Active,Not Active,Not Active,Not Active,100 %,P2,350.00 W
1787770523.696,0x0000000000000004,Active,Not Active,Not Active,Not Active,100 %,P2,350.00 W
1787770529.053,0x0000000000000004,Active,Not Active,Not Active,Not Active,100 %,P2,350.00 W
1787770534.413,0x0000000000000004,Active,Not Active,Not Active,Not Active,100 %,P2,350.00 W
1787770539.766,0x0000000000000004,Active,Not Active,Not Active,Not Active,100 %,P2,350.00 W
1787770545.135,0x0000000000000004,Active,Not Active,Not Active,Not Active,100 %,P2,350.00 W
1787770550.512,0x0000000000000020,Not Active,Not Active,Active,Not Active,100 %,P2,350.00 W
1787770555.861,0x0000000000000004,Active,Not Active,Not Active,Not Active,100 %,P2,350.00 W
1787770561.214,0x0000000000000004,Active,Not Active,Not Active,Not Active,100 %,P2,350.00 W
1787770566.593,0x0000000000000004,Active,Not Active,Not Active,Not Active,100 %,P2,350.00 W
1787770571.970,0x0000000000000004,Active,Not Active,Not Active,Not Active,100 %,P2,350.00 W
1787770577.331,0x0000000000000004,Active,Not Active,Not Active,Not Active,100 %,P2,350.00 W
1787770582.692,0x0000000000000004,Active,Not Active,Not Active,Not Active,100 %,P2,350.00 W
1787770588.057,0x0000000000000004,Active,Not Active,Not Active,Not Active,100 %,P2,350.00 W
1787770593.419,0x0000000000000004,Active,Not Active,Not Active,Not Active,100 %,P2,350.00 W
1787770598.788,0x0000000000000004,Active,Not Active,Not Active,Not Active,100 %,P2,350.00 W
1787770604.150,0x0000000000000024,Active,Not Active,Active,Not Active,100 %,P2,350.00 W
1787770609.518,0x0000000000000004,Active,Not Active,Not Active,Not Active,100 %,P2,350.00 W
1787770614.881,0x0000000000000004,Active,Not Active,Not Active,Not Active,100 %,P2,350.00 W
1787770620.242,0x0000000000000004,Active,Not Active,Not Active,Not Active,100 %,P2,350.00 W
1787770625.603,0x0000000000000024,Active,Not Active,Active,Not Active,100 %,P2,350.00 W
1787770630.914,0x0000000000000004,Active,Not Active,Not Active,Not Active,100 %,P2,350.00 W
1787770636.343,0x0000000000000004,Active,Not Active,Not Active,Not Active,100 %,P2,350.00 W
1787770641.702,0x0000000000000004,Active,Not Active,Not Active,Not Active,100 %,P2,350.00 W
1787770647.074,0x0000000000000024,Active,Not Active,Active,Not Active,100 %,P2,350.00 W
1787770652.440,0x0000000000000004,Active,Not Active,Not Active,Not Active,100 %,P2,350.00 W
1787770657.808,0x0000000000000004,Active,Not Active,Not Active,Not Active,100 %,P2,350.00 W
1787770663.175,0x0000000000000020,Not Active,Not Active,Active,Not Active,100 %,P2,350.00 W
1787770668.529,0x0000000000000004,Active,Not Active,Not Active,Not Active,100 %,P2,350.00 W
1787770673.895,0x0000000000000004,Active,Not Active,Not Active,Not Active,100 %,P2,350.00 W
1787770679.271,0x0000000000000004,Active,Not Active,Not Active,Not Active,100 %,P2,350.00 W
1787770684.629,0x0000000000000004,Active,Not Active,Not Active,Not Active,100 %,P2,350.00 W
1787770689.993,0x0000000000000004,Active,Not Active,Not Active,Not Active,100 %,P2,350.00 W
1787770695.362,0x0000000000000004,Active,Not Active,Not Active,Not Active,100 %,P2,350.00 W
1787770700.729,0x0000000000000004,Active,Not Active,Not Active,Not Active,100 %,P2,350.00 W
1787770706.102,0x0000000000000024,Active,Not Active,Active,Not Active,100 %,P2,350.00 W
1787770711.470,0x0000000000000004,Active,Not Active,Not Active,Not Active,100 %,P2,350.00 W
1787770716.839,0x0000000000000004,Active,Not Active,Not Active,Not Active,100 %,P2,350.00 W
1787770722.209,0x0000000000000004,Active,Not Active,Not Active,Not Active,100 %,P2,350.00 W
1787770727.584,0x0000000000000004,Active,Not Active,Not Active,Not Active,100 %,P2,350.00 W
1787770732.948,0x0000000000000004,Active,Not Active,Not Active,Not Active,100 %,P2,350.00 W
1787770738.323,0x0000000000000004,Active,Not Active,Not Active,Not Active,100 %,P2,350.00 W
1787770743.688,0x0000000000000004,Active,Not Active,Not Active,Not Active,100 %,P2,350.00 W
1787770749.055,0x0000000000000004,Active,Not Active,Not Active,Not Active,100 %,P2,350.00 W
1787770754.409,0x0000000000000004,Active,Not Active,Not Active,Not Active,100 %,P2,350.00 W
1787770759.779,0x0000000000000004,Active,Not Active,Not Active,Not Active,100 %,P2,350.00 W
1787770765.151,0x0000000000000004,Active,Not Active,Not Active,Not Active,100 %,P2,350.00 W
1787770770.529,0x0000000000000004,Active,Not Active,Not Active,Not Active,100 %,P2,350.00 W
1787770775.880,0x0000000000000004,Active,Not Active,Not Active,Not Active,100 %,P2,350.00 W
1787770781.257,0x0000000000000004,Active,Not Active,Not Active,Not Active,100 %,P2,350.00 W
1787770786.605,0x0000000000000004,Active,Not Active,Not Active,Not Active,100 %,P2,350.00 W
1787770791.977,0x0000000000000004,Active,Not Active,Not Active,Not Active,100 %,P2,350.00 W
1787770797.336,0x0000000000000004,Active,Not Active,Not Active,Not Active,100 %,P2,350.00 W
1787770802.699,0x0000000000000004,Active,Not Active,Not Active,Not Active,100 %,P2,350.00 W
1787770808.055,0x0000000000000004,Active,Not Active,Not Active,Not Active,100 %,P2,350.00 W
1787770813.430,0x0000000000000004,Active,Not Active,Not Active,Not Active,100 %,P2,350.00 W
1787770818.800,0x0000000000000004,Active,Not Active,Not Active,Not Active,100 %,P2,350.00 W
1787770824.163,0x0000000000000004,Active,Not Active,Not Active,Not Active,100 %,P2,350.00 W
1787770829.536,0x0000000000000004,Active,Not Active,Not Active,Not Active,100 %,P2,350.00 W
1787770834.899,0x0000000000000004,Active,Not Active,Not Active,Not Active,100 %,P2,350.00 W
1787770840.265,0x0000000000000004,Active,Not Active,Not Active,Not Active,100 %,P2,350.00 W
1787770845.621,0x0000000000000004,Active,Not Active,Not Active,Not Active,100 %,P2,350.00 W
1787770850.986,0x0000000000000000,Not Active,Not Active,Not Active,Not Active,100 %,P2,350.00 W
1787770856.356,0x0000000000000004,Active,Not Active,Not Active,Not Active,100 %,P2,350.00 W
1787770861.716,0x0000000000000004,Active,Not Active,Not Active,Not Active,100 %,P2,350.00 W
1787770867.007,0x0000000000000004,Active,Not Active,Not Active,Not Active,100 %,P2,350.00 W
1787770872.431,0x0000000000000004,Active,Not Active,Not Active,Not Active,100 %,P2,350.00 W
1787770877.797,0x0000000000000004,Active,Not Active,Not Active,Not Active,100 %,P2,350.00 W
1787770883.158,0x0000000000000004,Active,Not Active,Not Active,Not Active,97 %,P2,350.00 W
1787770888.505,0x0000000000000004,Active,Not Active,Not Active,Not Active,97 %,P2,350.00 W
1787770893.858,0x0000000000000004,Active,Not Active,Not Active,Not Active,99 %,P2,350.00 W
1787770899.210,0x0000000000000004,Active,Not Active,Not Active,Not Active,100 %,P2,350.00 W
1787770904.573,0x0000000000000004,Active,Not Active,Not Active,Not Active,100 %,P2,350.00 W
1787770909.909,0x0000000000000004,Active,Not Active,Not Active,Not Active,100 %,P2,350.00 W
1787770915.273,0x0000000000000004,Active,Not Active,Not Active,Not Active,100 %,P2,350.00 W
1787770920.637,0x0000000000000004,Active,Not Active,Not Active,Not Active,100 %,P2,350.00 W
1787770926.011,0x0000000000000004,Active,Not Active,Not Active,Not Active,100 %,P2,350.00 W
1787770931.395,0x0000000000000004,Active,Not Active,Not Active,Not Active,100 %,P2,350.00 W
1787770936.778,0x0000000000000004,Active,Not Active,Not Active,Not Active,100 %,P2,350.00 W
1787770942.137,0x0000000000000004,Active,Not Active,Not Active,Not Active,100 %,P2,350.00 W
1787770947.496,0x0000000000000004,Active,Not Active,Not Active,Not Active,100 %,P2,350.00 W
1787770952.858,0x0000000000000004,Active,Not Active,Not Active,Not Active,100 %,P2,350.00 W
1787770958.224,0x0000000000000024,Active,Not Active,Active,Not Active,100 %,P2,350.00 W
1787770963.596,0x0000000000000004,Active,Not Active,Not Active,Not Active,100 %,P2,350.00 W
1787770968.959,0x0000000000000004,Active,Not Active,Not Active,Not Active,100 %,P2,350.00 W
1787770974.301,0x0000000000000004,Active,Not Active,Not Active,Not Active,100 %,P2,350.00 W
1787770979.666,0x0000000000000004,Active,Not Active,Not Active,Not Active,100 %,P2,350.00 W
1787770985.039,0x0000000000000004,Active,Not Active,Not Active,Not Active,100 %,P2,350.00 W
1787770990.399,0x0000000000000004,Active,Not Active,Not Active,Not Active,100 %,P2,350.00 W
1787770995.739,0x0000000000000004,Active,Not Active,Not Active,Not Active,100 %,P2,350.00 W
1787771001.091,0x0000000000000004,Active,Not Active,Not Active,Not Active,100 %,P2,350.00 W
1787771006.443,0x0000000000000020,Not Active,Not Active,Active,Not Active,100 %,P2,350.00 W
1787771011.803,0x0000000000000024,Active,Not Active,Active,Not Active,100 %,P2,350.00 W
1787771017.168,0x0000000000000004,Active,Not Active,Not Active,Not Active,100 %,P2,350.00 W
1787771022.527,0x0000000000000004,Active,Not Active,Not Active,Not Active,100 %,P2,350.00 W
1787771027.904,0x0000000000000004,Active,Not Active,Not Active,Not Active,100 %,P2,350.00 W
1787771033.280,0x0000000000000004,Active,Not Active,Not Active,Not Active,100 %,P2,350.00 W
1787771038.651,0x0000000000000004,Active,Not Active,Not Active,Not Active,100 %,P2,350.00 W
1787771043.998,0x0000000000000004,Active,Not Active,Not Active,Not Active,100 %,P2,350.00 W
1787771049.359,0x0000000000000004,Active,Not Active,Not Active,Not Active,100 %,P2,350.00 W
1787771054.729,0x0000000000000004,Active,Not Active,Not Active,Not Active,100 %,P2,350.00 W
1787771060.094,0x0000000000000004,Active,Not Active,Not Active,Not Active,100 %,P2,350.00 W
1787771065.459,0x0000000000000004,Active,Not Active,Not Active,Not Active,100 %,P2,350.00 W
1787771070.826,0x0000000000000004,Active,Not Active,Not Active,Not Active,100 %,P2,350.00 W
1787771076.182,0x0000000000000024,Active,Not Active,Active,Not Active,100 %,P2,350.00 W
1787771081.550,0x0000000000000004,Active,Not Active,Not Active,Not Active,100 %,P2,350.00 W
1787771086.928,0x0000000000000004,Active,Not Active,Not Active,Not Active,100 %,P2,350.00 W
1787771092.278,0x0000000000000004,Active,Not Active,Not Active,Not Active,100 %,P2,350.00 W
1787771097.637,0x0000000000000004,Active,Not Active,Not Active,Not Active,100 %,P2,350.00 W
1787771102.929,0x0000000000000004,Active,Not Active,Not Active,Not Active,100 %,P2,350.00 W
1787771108.339,0x0000000000000004,Active,Not Active,Not Active,Not Active,100 %,P2,350.00 W
1787771113.701,0x0000000000000004,Active,Not Active,Not Active,Not Active,100 %,P2,350.00 W
1787771119.062,0x0000000000000004,Active,Not Active,Not Active,Not Active,100 %,P2,350.00 W
1787771124.429,0x0000000000000004,Active,Not Active,Not Active,Not Active,100 %,P2,350.00 W
1787771129.774,0x0000000000000004,Active,Not Active,Not Active,Not Active,100 %,P2,350.00 W
1787771135.144,0x0000000000000004,Active,Not Active,Not Active,Not Active,100 %,P2,350.00 W
1787771140.512,0x0000000000000004,Active,Not Active,Not Active,Not Active,100 %,P2,350.00 W
1787771145.889,0x0000000000000004,Active,Not Active,Not Active,Not Active,100 %,P2,350.00 W
1787771151.244,0x0000000000000004,Active,Not Active,Not Active,Not Active,100 %,P2,350.00 W
1787771156.608,0x0000000000000004,Active,Not Active,Not Active,Not Active,100 %,P2,350.00 W
1787771161.979,0x0000000000000004,Active,Not Active,Not Active,Not Active,100 %,P2,350.00 W
1787771167.343,0x0000000000000004,Active,Not Active,Not Active,Not Active,100 %,P2,350.00 W
1787771172.699,0x0000000000000004,Active,Not Active,Not Active,Not Active,100 %,P2,350.00 W
1787771178.074,0x0000000000000004,Active,Not Active,Not Active,Not Active,100 %,P2,350.00 W
1787771183.430,0x0000000000000004,Active,Not Active,Not Active,Not Active,100 %,P2,350.00 W
1787771188.787,0x0000000000000004,Active,Not Active,Not Active,Not Active,100 %,P2,350.00 W
1787771194.153,0x0000000000000004,Active,Not Active,Not Active,Not Active,100 %,P2,350.00 W
1787771199.523,0x0000000000000004,Active,Not Active,Not Active,Not Active,100 %,P2,350.00 W
1787771204.906,0x0000000000000004,Active,Not Active,Not Active,Not Active,100 %,P2,350.00 W
1787771210.265,0x0000000000000004,Active,Not Active,Not Active,Not Active,100 %,P2,350.00 W
1787771215.631,0x0000000000000004,Active,Not Active,Not Active,Not Active,96 %,P2,350.00 W
1787771221.007,0x0000000000000004,Active,Not Active,Not Active,Not Active,83 %,P2,350.00 W
1787771226.359,0x0000000000000020,Not Active,Not Active,Active,Not Active,80 %,P2,350.00 W
1787771231.719,0x0000000000000004,Active,Not Active,Not Active,Not Active,80 %,P2,350.00 W
1787771237.084,0x0000000000000004,Active,Not Active,Not Active,Not Active,80 %,P2,350.00 W
1787771242.439,0x0000000000000004,Active,Not Active,Not Active,Not Active,84 %,P2,350.00 W
1787771247.818,0x0000000000000004,Active,Not Active,Not Active,Not Active,92 %,P2,350.00 W
1787771253.182,0x0000000000000004,Active,Not Active,Not Active,Not Active,98 %,P2,350.00 W
1787771258.553,0x0000000000000004,Active,Not Active,Not Active,Not Active,100 %,P2,350.00 W
1787771263.924,0x0000000000000004,Active,Not Active,Not Active,Not Active,100 %,P2,350.00 W
1787771269.289,0x0000000000000004,Active,Not Active,Not Active,Not Active,100 %,P2,350.00 W
1787771274.648,0x0000000000000004,Active,Not Active,Not Active,Not Active,100 %,P2,350.00 W
1787771280.009,0x0000000000000004,Active,Not Active,Not Active,Not Active,100 %,P2,350.00 W
1787771285.390,0x0000000000000004,Active,Not Active,Not Active,Not Active,100 %,P2,350.00 W
1787771290.750,0x0000000000000004,Active,Not Active,Not Active,Not Active,100 %,P2,350.00 W
1787771296.114,0x0000000000000004,Active,Not Active,Not Active,Not Active,100 %,P2,350.00 W
1787771301.490,0x0000000000000004,Active,Not Active,Not Active,Not Active,100 %,P2,350.00 W
1787771306.867,0x0000000000000004,Active,Not Active,Not Active,Not Active,100 %,P2,350.00 W
1787771312.225,0x0000000000000004,Active,Not Active,Not Active,Not Active,100 %,P2,350.00 W
1787771317.595,0x0000000000000004,Active,Not Active,Not Active,Not Active,100 %,P2,350.00 W
1787771322.956,0x0000000000000004,Active,Not Active,Not Active,Not Active,100 %,P2,350.00 W
1787771328.332,0x0000000000000004,Active,Not Active,Not Active,Not Active,100 %,P2,350.00 W
1787771333.697,0x0000000000000004,Active,Not Active,Not Active,Not Active,100 %,P2,350.00 W
1787771339.000,0x0000000000000004,Active,Not Active,Not Active,Not Active,100 %,P2,350.00 W
1787771344.438,0x0000000000000004,Active,Not Active,Not Active,Not Active,100 %,P2,350.00 W
1787771349.808,0x0000000000000004,Active,Not Active,Not Active,Not Active,100 %,P2,350.00 W
1787771355.180,0x0000000000000004,Active,Not Active,Not Active,Not Active,100 %,P2,350.00 W
1787771360.548,0x0000000000000004,Active,Not Active,Not Active,Not Active,100 %,P2,350.00 W
1787771365.925,0x0000000000000004,Active,Not Active,Not Active,Not Active,100 %,P2,350.00 W
1787771371.291,0x0000000000000004,Active,Not Active,Not Active,Not Active,100 %,P2,350.00 W
1787771376.663,0x0000000000000004,Active,Not Active,Not Active,Not Active,100 %,P2,350.00 W
1787771382.038,0x0000000000000004,Active,Not Active,Not Active,Not Active,100 %,P2,350.00 W
1787771387.415,0x0000000000000004,Active,Not Active,Not Active,Not Active,100 %,P2,350.00 W
1787771392.777,0x0000000000000004,Active,Not Active,Not Active,Not Active,100 %,P2,350.00 W
1787771398.155,0x0000000000000004,Active,Not Active,Not Active,Not Active,100 %,P2,350.00 W
1787771403.528,0x0000000000000004,Active,Not Active,Not Active,Not Active,100 %,P2,350.00 W
1787771408.891,0x0000000000000004,Active,Not Active,Not Active,Not Active,100 %,P2,350.00 W
1787771414.259,0x0000000000000004,Active,Not Active,Not Active,Not Active,100 %,P2,350.00 W
1787771419.628,0x0000000000000004,Active,Not Active,Not Active,Not Active,100 %,P2,350.00 W
1787771425.002,0x0000000000000004,Active,Not Active,Not Active,Not Active,100 %,P2,350.00 W
1787771430.361,0x0000000000000004,Active,Not Active,Not Active,Not Active,100 %,P2,350.00 W
1787771435.719,0x0000000000000004,Active,Not Active,Not Active,Not Active,100 %,P2,350.00 W
1787771441.075,0x0000000000000004,Active,Not Active,Not Active,Not Active,100 %,P2,350.00 W
1787771446.433,0x0000000000000004,Active,Not Active,Not Active,Not Active,100 %,P2,350.00 W
1787771451.795,0x0000000000000004,Active,Not Active,Not Active,Not Active,100 %,P2,350.00 W
1787771457.158,0x0000000000000004,Active,Not Active,Not Active,Not Active,100 %,P2,350.00 W
1787771462.497,0x0000000000000004,Active,Not Active,Not Active,Not Active,100 %,P2,350.00 W
1787771467.875,0x0000000000000004,Active,Not Active,Not Active,Not Active,100 %,P2,350.00 W
1787771473.215,0x0000000000000004,Active,Not Active,Not Active,Not Active,100 %,P2,350.00 W
1787771478.592,0x0000000000000004,Active,Not Active,Not Active,Not Active,100 %,P2,350.00 W
1787771483.953,0x0000000000000020,Not Active,Not Active,Active,Not Active,100 %,P2,350.00 W
1787771489.328,0x0000000000000004,Active,Not Active,Not Active,Not Active,100 %,P2,350.00 W
1787771494.687,0x0000000000000004,Active,Not Active,Not Active,Not Active,100 %,P2,350.00 W
1787771500.058,0x0000000000000004,Active,Not Active,Not Active,Not Active,100 %,P2,350.00 W
1787771505.433,0x0000000000000004,Active,Not Active,Not Active,Not Active,100 %,P2,350.00 W
1787771510.802,0x0000000000000004,Active,Not Active,Not Active,Not Active,100 %,P2,350.00 W
1787771516.183,0x0000000000000004,Active,Not Active,Not Active,Not Active,100 %,P2,350.00 W
1787771521.546,0x0000000000000020,Not Active,Not Active,Active,Not Active,100 %,P2,350.00 W
1787771526.910,0x0000000000000004,Active,Not Active,Not Active,Not Active,100 %,P2,350.00 W
1787771532.267,0x0000000000000004,Active,Not Active,Not Active,Not Active,100 %,P2,350.00 W
1787771537.648,0x0000000000000004,Active,Not Active,Not Active,Not Active,100 %,P2,350.00 W
1787771543.008,0x0000000000000020,Not Active,Not Active,Active,Not Active,100 %,P2,350.00 W
1787771548.389,0x0000000000000004,Active,Not Active,Not Active,Not Active,100 %,P2,350.00 W
1787771553.754,0x0000000000000004,Active,Not Active,Not Active,Not Active,100 %,P2,350.00 W
1787771559.109,0x0000000000000004,Active,Not Active,Not Active,Not Active,100 %,P2,350.00 W
1787771564.454,0x0000000000000004,Active,Not Active,Not Active,Not Active,100 %,P2,350.00 W
1787771569.817,0x0000000000000004,Active,Not Active,Not Active,Not Active,100 %,P2,350.00 W
1787771575.135,0x0000000000000004,Active,Not Active,Not Active,Not Active,100 %,P2,350.00 W
1787771580.544,0x0000000000000004,Active,Not Active,Not Active,Not Active,100 %,P2,350.00 W
1787771585.923,0x0000000000000004,Active,Not Active,Not Active,Not Active,100 %,P2,350.00 W
1787771591.269,0x0000000000000004,Active,Not Active,Not Active,Not Active,100 %,P2,350.00 W
1787771596.638,0x0000000000000004,Active,Not Active,Not Active,Not Active,100 %,P2,350.00 W
1787771601.996,0x0000000000000004,Active,Not Active,Not Active,Not Active,100 %,P2,350.00 W
1787771607.345,0x0000000000000004,Active,Not Active,Not Active,Not Active,100 %,P2,350.00 W
1787771612.714,0x0000000000000004,Active,Not Active,Not Active,Not Active,100 %,P2,350.00 W
1787771618.066,0x0000000000000004,Active,Not Active,Not Active,Not Active,100 %,P2,350.00 W
1787771623.448,0x0000000000000004,Active,Not Active,Not Active,Not Active,100 %,P2,350.00 W
1787771628.814,0x0000000000000004,Active,Not Active,Not Active,Not Active,100 %,P2,350.00 W
1787771634.193,0x0000000000000004,Active,Not Active,Not Active,Not Active,100 %,P2,350.00 W
1787771639.552,0x0000000000000004,Active,Not Active,Not Active,Not Active,100 %,P2,350.00 W
1787771644.904,0x0000000000000004,Active,Not Active,Not Active,Not Active,100 %,P2,350.00 W
1787771650.248,0x0000000000000004,Active,Not Active,Not Active,Not Active,100 %,P2,350.00 W
1787771655.603,0x0000000000000004,Active,Not Active,Not Active,Not Active,100 %,P2,350.00 W
1787771660.972,0x0000000000000020,Not Active,Not Active,Active,Not Active,100 %,P2,350.00 W
1787771666.323,0x0000000000000004,Active,Not Active,Not Active,Not Active,100 %,P2,350.00 W
1787771671.670,0x0000000000000004,Active,Not Active,Not Active,Not Active,100 %,P2,350.00 W
1787771677.046,0x0000000000000004,Active,Not Active,Not Active,Not Active,100 %,P2,350.00 W
1787771682.421,0x0000000000000004,Active,Not Active,Not Active,Not Active,100 %,P2,350.00 W
1787771687.790,0x0000000000000004,Active,Not Active,Not Active,Not Active,100 %,P2,350.00 W
1787771693.147,0x0000000000000004,Active,Not Active,Not Active,Not Active,100 %,P2,350.00 W
1787771698.518,0x0000000000000004,Active,Not Active,Not Active,Not Active,100 %,P2,350.00 W
1787771703.864,0x0000000000000004,Active,Not Active,Not Active,Not Active,100 %,P2,350.00 W
1787771709.212,0x0000000000000004,Active,Not Active,Not Active,Not Active,100 %,P2,350.00 W
1787771714.575,0x0000000000000004,Active,Not Active,Not Active,Not Active,100 %,P2,350.00 W
1787771719.932,0x0000000000000004,Active,Not Active,Not Active,Not Active,100 %,P2,350.00 W
1787771725.281,0x0000000000000004,Active,Not Active,Not Active,Not Active,100 %,P2,350.00 W
1787771730.665,0x0000000000000004,Active,Not Active,Not Active,Not Active,100 %,P2,350.00 W
1787771736.027,0x0000000000000004,Active,Not Active,Not Active,Not Active,100 %,P2,350.00 W
1787771741.399,0x0000000000000004,Active,Not Active,Not Active,Not Active,100 %,P2,350.00 W
1787771746.756,0x0000000000000004,Active,Not Active,Not Active,Not Active,100 %,P2,350.00 W
1787771752.106,0x0000000000000004,Active,Not Active,Not Active,Not Active,100 %,P2,350.00 W
1787771757.478,0x0000000000000004,Active,Not Active,Not Active,Not Active,100 %,P2,350.00 W
1787771762.849,0x0000000000000004,Active,Not Active,Not Active,Not Active,100 %,P2,350.00 W
1787771768.225,0x0000000000000004,Active,Not Active,Not Active,Not Active,100 %,P2,350.00 W
1787771773.569,0x0000000000000004,Active,Not Active,Not Active,Not Active,100 %,P2,350.00 W
1787771778.932,0x0000000000000004,Active,Not Active,Not Active,Not Active,100 %,P2,350.00 W
1787771784.284,0x0000000000000004,Active,Not Active,Not Active,Not Active,100 %,P2,350.00 W
1787771789.631,0x0000000000000004,Active,Not Active,Not Active,Not Active,100 %,P2,350.00 W
1787771794.995,0x0000000000000004,Active,Not Active,Not Active,Not Active,100 %,P2,350.00 W
1787771800.339,0x0000000000000020,Not Active,Not Active,Active,Not Active,100 %,P2,350.00 W
1787771805.703,0x0000000000000004,Active,Not Active,Not Active,Not Active,100 %,P2,350.00 W
1787771811.001,0x0000000000000004,Active,Not Active,Not Active,Not Active,100 %,P2,350.00 W
1787771816.435,0x0000000000000004,Active,Not Active,Not Active,Not Active,100 %,P2,350.00 W
1787771821.807,0x0000000000000004,Active,Not Active,Not Active,Not Active,100 %,P2,350.00 W
1787771827.183,0x0000000000000004,Active,Not Active,Not Active,Not Active,100 %,P2,350.00 W
1787771832.540,0x0000000000000004,Active,Not Active,Not Active,Not Active,100 %,P2,350.00 W
1787771837.892,0x0000000000000004,Active,Not Active,Not Active,Not Active,100 %,P2,350.00 W
1787771843.266,0x0000000000000004,Active,Not Active,Not Active,Not Active,100 %,P2,350.00 W
1787771848.621,0x0000000000000004,Active,Not Active,Not Active,Not Active,100 %,P2,350.00 W
1787771853.996,0x0000000000000004,Active,Not Active,Not Active,Not Active,100 %,P2,350.00 W
1787771859.353,0x0000000000000004,Active,Not Active,Not Active,Not Active,100 %,P2,350.00 W
1787771864.725,0x0000000000000004,Active,Not Active,Not Active,Not Active,100 %,P2,350.00 W
1787771870.092,0x0000000000000004,Active,Not Active,Not Active,Not Active,100 %,P2,350.00 W
1787771875.463,0x0000000000000004,Active,Not Active,Not Active,Not Active,100 %,P2,350.00 W
1787771880.837,0x0000000000000004,Active,Not Active,Not Active,Not Active,100 %,P2,350.00 W
1787771886.199,0x0000000000000020,Not Active,Not Active,Active,Not Active,100 %,P2,350.00 W
1787771891.556,0x0000000000000004,Active,Not Active,Not Active,Not Active,100 %,P2,350.00 W
1787771896.928,0x0000000000000004,Active,Not Active,Not Active,Not Active,100 %,P2,350.00 W
1787771902.278,0x0000000000000004,Active,Not Active,Not Active,Not Active,100 %,P2,350.00 W
1787771907.639,0x0000000000000004,Active,Not Active,Not Active,Not Active,100 %,P2,350.00 W
1787771913.009,0x0000000000000004,Active,Not Active,Not Active,Not Active,100 %,P2,350.00 W
1787771918.360,0x0000000000000004,Active,Not Active,Not Active,Not Active,100 %,P2,350.00 W
1787771923.725,0x0000000000000004,Active,Not Active,Not Active,Not Active,100 %,P2,350.00 W
1787771929.080,0x0000000000000004,Active,Not Active,Not Active,Not Active,100 %,P2,350.00 W
1787771934.445,0x0000000000000004,Active,Not Active,Not Active,Not Active,100 %,P2,350.00 W
1787771939.810,0x0000000000000004,Active,Not Active,Not Active,Not Active,100 %,P2,350.00 W
1787771945.152,0x0000000000000004,Active,Not Active,Not Active,Not Active,100 %,P2,350.00 W
1787771950.508,0x0000000000000004,Active,Not Active,Not Active,Not Active,100 %,P2,350.00 W
1787771955.845,0x0000000000000004,Active,Not Active,Not Active,Not Active,100 %,P2,350.00 W
1787771961.218,0x0000000000000004,Active,Not Active,Not Active,Not Active,100 %,P2,350.00 W
1787771966.575,0x0000000000000004,Active,Not Active,Not Active,Not Active,100 %,P2,350.00 W
1787771971.929,0x0000000000000004,Active,Not Active,Not Active,Not Active,100 %,P2,350.00 W
1787771977.278,0x0000000000000004,Active,Not Active,Not Active,Not Active,100 %,P2,350.00 W
1787771982.642,0x0000000000000004,Active,Not Active,Not Active,Not Active,100 %,P2,350.00 W
1787771988.007,0x0000000000000004,Active,Not Active,Not Active,Not Active,100 %,P2,350.00 W
1787771993.361,0x0000000000000004,Active,Not Active,Not Active,Not Active,100 %,P2,350.00 W
1787771998.735,0x0000000000000004,Active,Not Active,Not Active,Not Active,100 %,P2,350.00 W
1787772004.105,0x0000000000000004,Active,Not Active,Not Active,Not Active,100 %,P2,350.00 W
1787772009.480,0x0000000000000004,Active,Not Active,Not Active,Not Active,100 %,P2,350.00 W
1787772014.851,0x0000000000000004,Active,Not Active,Not Active,Not Active,100 %,P2,350.00 W
1787772020.207,0x0000000000000004,Active,Not Active,Not Active,Not Active,100 %,P2,350.00 W
1787772025.585,0x0000000000000004,Active,Not Active,Not Active,Not Active,100 %,P2,350.00 W
1787772030.968,0x0000000000000004,Active,Not Active,Not Active,Not Active,100 %,P2,350.00 W
1787772036.334,0x0000000000000004,Active,Not Active,Not Active,Not Active,100 %,P2,350.00 W
1787772041.703,0x0000000000000004,Active,Not Active,Not Active,Not Active,100 %,P2,350.00 W
1787772047.022,0x0000000000000004,Active,Not Active,Not Active,Not Active,100 %,P2,350.00 W
1787772052.449,0x0000000000000004,Active,Not Active,Not Active,Not Active,100 %,P2,350.00 W
1787772057.832,0x0000000000000004,Active,Not Active,Not Active,Not Active,100 %,P2,350.00 W
1787772063.199,0x0000000000000024,Active,Not Active,Active,Not Active,100 %,P2,350.00 W
1787772068.558,0x0000000000000004,Active,Not Active,Not Active,Not Active,100 %,P2,350.00 W
1787772073.942,0x0000000000000004,Active,Not Active,Not Active,Not Active,100 %,P2,350.00 W
1787772079.298,0x0000000000000004,Active,Not Active,Not Active,Not Active,100 %,P2,350.00 W
1787772084.659,0x0000000000000004,Active,Not Active,Not Active,Not Active,100 %,P2,350.00 W
1787772090.030,0x0000000000000004,Active,Not Active,Not Active,Not Active,100 %,P2,350.00 W
1787772095.402,0x0000000000000004,Active,Not Active,Not Active,Not Active,100 %,P2,350.00 W
1787772100.747,0x0000000000000004,Active,Not Active,Not Active,Not Active,100 %,P2,350.00 W
1787772106.103,0x0000000000000004,Active,Not Active,Not Active,Not Active,100 %,P2,350.00 W
1787772111.478,0x0000000000000024,Active,Not Active,Active,Not Active,100 %,P2,350.00 W
1787772116.836,0x0000000000000024,Active,Not Active,Active,Not Active,100 %,P2,350.00 W
1787772122.187,0x0000000000000004,Active,Not Active,Not Active,Not Active,100 %,P2,350.00 W
1787772127.550,0x0000000000000004,Active,Not Active,Not Active,Not Active,100 %,P2,350.00 W
1787772132.912,0x0000000000000004,Active,Not Active,Not Active,Not Active,100 %,P2,350.00 W
1787772138.277,0x0000000000000004,Active,Not Active,Not Active,Not Active,100 %,P2,350.00 W
1787772143.631,0x0000000000000004,Active,Not Active,Not Active,Not Active,100 %,P2,350.00 W
1787772148.985,0x0000000000000020,Not Active,Not Active,Active,Not Active,100 %,P2,350.00 W
1787772154.342,0x0000000000000004,Active,Not Active,Not Active,Not Active,100 %,P2,350.00 W
1787772159.710,0x0000000000000004,Active,Not Active,Not Active,Not Active,100 %,P2,350.00 W
1787772165.080,0x0000000000000004,Active,Not Active,Not Active,Not Active,100 %,P2,350.00 W
1787772170.441,0x0000000000000004,Active,Not Active,Not Active,Not Active,100 %,P2,350.00 W
1787772175.795,0x0000000000000004,Active,Not Active,Not Active,Not Active,100 %,P2,350.00 W
1787772181.134,0x0000000000000004,Active,Not Active,Not Active,Not Active,100 %,P2,350.00 W
1787772186.492,0x0000000000000020,Not Active,Not Active,Active,Not Active,100 %,P2,350.00 W
1787772191.868,0x0000000000000004,Active,Not Active,Not Active,Not Active,100 %,P2,350.00 W
1787772197.235,0x0000000000000004,Active,Not Active,Not Active,Not Active,100 %,P2,350.00 W
1787772202.594,0x0000000000000004,Active,Not Active,Not Active,Not Active,100 %,P2,350.00 W
1787772207.967,0x0000000000000004,Active,Not Active,Not Active,Not Active,100 %,P2,350.00 W
1787772213.324,0x0000000000000024,Active,Not Active,Active,Not Active,100 %,P2,350.00 W
1787772218.678,0x0000000000000004,Active,Not Active,Not Active,Not Active,100 %,P2,350.00 W
1787772224.036,0x0000000000000004,Active,Not Active,Not Active,Not Active,100 %,P2,350.00 W
1787772229.397,0x0000000000000004,Active,Not Active,Not Active,Not Active,100 %,P2,350.00 W
1787772234.766,0x0000000000000004,Active,Not Active,Not Active,Not Active,100 %,P2,350.00 W
1787772240.127,0x0000000000000004,Active,Not Active,Not Active,Not Active,100 %,P2,350.00 W
1787772245.495,0x0000000000000004,Active,Not Active,Not Active,Not Active,100 %,P2,350.00 W
1787772250.845,0x0000000000000004,Active,Not Active,Not Active,Not Active,100 %,P2,350.00 W
1787772256.205,0x0000000000000004,Active,Not Active,Not Active,Not Active,100 %,P2,350.00 W
1787772261.574,0x0000000000000004,Active,Not Active,Not Active,Not Active,100 %,P2,350.00 W
1787772266.941,0x0000000000000004,Active,Not Active,Not Active,Not Active,100 %,P2,350.00 W
1787772272.291,0x0000000000000004,Active,Not Active,Not Active,Not Active,100 %,P2,350.00 W
1787772277.654,0x0000000000000004,Active,Not Active,Not Active,Not Active,100 %,P2,350.00 W
1787772282.948,0x0000000000000004,Active,Not Active,Not Active,Not Active,100 %,P2,350.00 W
1787772288.377,0x0000000000000004,Active,Not Active,Not Active,Not Active,100 %,P2,350.00 W
1787772293.740,0x0000000000000004,Active,Not Active,Not Active,Not Active,100 %,P2,350.00 W
1787772299.098,0x0000000000000004,Active,Not Active,Not Active,Not Active,100 %,P2,350.00 W
1787772304.466,0x0000000000000004,Active,Not Active,Not Active,Not Active,100 %,P2,350.00 W
1787772309.832,0x0000000000000004,Active,Not Active,Not Active,Not Active,100 %,P2,350.00 W
1787772315.188,0x0000000000000004,Active,Not Active,Not Active,Not Active,100 %,P2,350.00 W
1787772320.543,0x0000000000000004,Active,Not Active,Not Active,Not Active,100 %,P2,350.00 W
1787772325.905,0x0000000000000004,Active,Not Active,Not Active,Not Active,100 %,P2,350.00 W
1787772331.258,0x0000000000000004,Active,Not Active,Not Active,Not Active,100 %,P2,350.00 W
1787772336.621,0x0000000000000004,Active,Not Active,Not Active,Not Active,100 %,P2,350.00 W
1787772341.973,0x0000000000000004,Active,Not Active,Not Active,Not Active,100 %,P2,350.00 W
1787772347.338,0x0000000000000004,Active,Not Active,Not Active,Not Active,100 %,P2,350.00 W
1787772352.690,0x0000000000000004,Active,Not Active,Not Active,Not Active,100 %,P2,350.00 W
1787772358.070,0x0000000000000004,Active,Not Active,Not Active,Not Active,100 %,P2,350.00 W
1787772363.442,0x0000000000000004,Active,Not Active,Not Active,Not Active,100 %,P2,350.00 W
1787772368.817,0x0000000000000020,Not Active,Not Active,Active,Not Active,100 %,P2,350.00 W
1787772374.183,0x0000000000000004,Active,Not Active,Not Active,Not Active,100 %,P2,350.00 W
1787772379.547,0x0000000000000004,Active,Not Active,Not Active,Not Active,100 %,P2,350.00 W
1787772384.896,0x0000000000000004,Active,Not Active,Not Active,Not Active,100 %,P2,350.00 W
1787772390.257,0x0000000000000004,Active,Not Active,Not Active,Not Active,100 %,P2,350.00 W
1787772395.631,0x0000000000000004,Active,Not Active,Not Active,Not Active,100 %,P2,350.00 W
1787772401.004,0x0000000000000004,Active,Not Active,Not Active,Not Active,100 %,P2,350.00 W
1787772406.382,0x0000000000000004,Active,Not Active,Not Active,Not Active,100 %,P2,350.00 W
1787772411.749,0x0000000000000004,Active,Not Active,Not Active,Not Active,100 %,P2,350.00 W
1787772417.114,0x0000000000000004,Active,Not Active,Not Active,Not Active,100 %,P2,350.00 W
1787772422.475,0x0000000000000004,Active,Not Active,Not Active,Not Active,100 %,P2,350.00 W
1787772427.847,0x0000000000000004,Active,Not Active,Not Active,Not Active,100 %,P2,350.00 W
1787772433.207,0x0000000000000004,Active,Not Active,Not Active,Not Active,100 %,P2,350.00 W
1787772438.546,0x0000000000000004,Active,Not Active,Not Active,Not Active,100 %,P2,350.00 W
1787772443.915,0x0000000000000004,Active,Not Active,Not Active,Not Active,100 %,P2,350.00 W
1787772449.261,0x0000000000000020,Not Active,Not Active,Active,Not Active,100 %,P2,350.00 W
1787772454.616,0x0000000000000004,Active,Not Active,Not Active,Not Active,100 %,P2,350.00 W
1787772459.980,0x0000000000000004,Active,Not Active,Not Active,Not Active,100 %,P2,350.00 W
1787772465.345,0x0000000000000004,Active,Not Active,Not Active,Not Active,100 %,P2,350.00 W
1787772470.710,0x0000000000000004,Active,Not Active,Not Active,Not Active,100 %,P2,350.00 W
1787772476.076,0x0000000000000004,Active,Not Active,Not Active,Not Active,100 %,P2,350.00 W
1787772481.455,0x0000000000000004,Active,Not Active,Not Active,Not Active,100 %,P2,350.00 W
1787772486.830,0x0000000000000004,Active,Not Active,Not Active,Not Active,100 %,P2,350.00 W
1787772492.195,0x0000000000000004,Active,Not Active,Not Active,Not Active,100 %,P2,350.00 W
1787772497.553,0x0000000000000024,Active,Not Active,Active,Not Active,100 %,P2,350.00 W
1787772502.927,0x0000000000000004,Active,Not Active,Not Active,Not Active,100 %,P2,350.00 W
1787772508.278,0x0000000000000004,Active,Not Active,Not Active,Not Active,100 %,P2,350.00 W
1787772513.644,0x0000000000000004,Active,Not Active,Not Active,Not Active,100 %,P2,350.00 W
1787772518.958,0x0000000000000020,Not Active,Not Active,Active,Not Active,100 %,P2,350.00 W
1787772524.385,0x0000000000000004,Active,Not Active,Not Active,Not Active,100 %,P2,350.00 W
1787772529.761,0x0000000000000004,Active,Not Active,Not Active,Not Active,100 %,P2,350.00 W
1787772535.133,0x0000000000000004,Active,Not Active,Not Active,Not Active,100 %,P2,350.00 W
1787772540.496,0x0000000000000004,Active,Not Active,Not Active,Not Active,100 %,P2,350.00 W
1787772545.832,0x0000000000000004,Active,Not Active,Not Active,Not Active,100 %,P2,350.00 W
1787772551.209,0x0000000000000004,Active,Not Active,Not Active,Not Active,100 %,P2,350.00 W
1787772556.585,0x0000000000000004,Active,Not Active,Not Active,Not Active,100 %,P2,350.00 W
1787772561.950,0x0000000000000004,Active,Not Active,Not Active,Not Active,100 %,P2,350.00 W
1787772567.300,0x0000000000000004,Active,Not Active,Not Active,Not Active,100 %,P2,350.00 W
1787772572.661,0x0000000000000004,Active,Not Active,Not Active,Not Active,100 %,P2,350.00 W
1787772578.015,0x0000000000000004,Active,Not Active,Not Active,Not Active,100 %,P2,350.00 W
1787772583.376,0x0000000000000004,Active,Not Active,Not Active,Not Active,100 %,P2,350.00 W
1787772588.733,0x0000000000000004,Active,Not Active,Not Active,Not Active,100 %,P2,350.00 W
1787772594.098,0x0000000000000004,Active,Not Active,Not Active,Not Active,100 %,P2,350.00 W
1787772599.450,0x0000000000000004,Active,Not Active,Not Active,Not Active,100 %,P2,350.00 W
1787772604.825,0x0000000000000004,Active,Not Active,Not Active,Not Active,100 %,P2,350.00 W
1787772610.184,0x0000000000000004,Active,Not Active,Not Active,Not Active,100 %,P2,350.00 W
1787772615.550,0x0000000000000004,Active,Not Active,Not Active,Not Active,100 %,P2,350.00 W
1787772620.928,0x0000000000000004,Active,Not Active,Not Active,Not Active,100 %,P2,350.00 W
1787772626.286,0x0000000000000004,Active,Not Active,Not Active,Not Active,100 %,P2,350.00 W
1787772631.651,0x0000000000000020,Not Active,Not Active,Active,Not Active,100 %,P2,350.00 W
1787772637.013,0x0000000000000004,Active,Not Active,Not Active,Not Active,100 %,P2,350.00 W
1787772642.383,0x0000000000000004,Active,Not Active,Not Active,Not Active,100 %,P2,350.00 W
1787772647.745,0x0000000000000020,Not Active,Not Active,Active,Not Active,100 %,P2,350.00 W
1787772653.110,0x0000000000000004,Active,Not Active,Not Active,Not Active,100 %,P2,350.00 W
1787772658.477,0x0000000000000004,Active,Not Active,Not Active,Not Active,100 %,P2,350.00 W
1787772663.836,0x0000000000000024,Active,Not Active,Active,Not Active,100 %,P2,350.00 W
1787772669.186,0x0000000000000004,Active,Not Active,Not Active,Not Active,100 %,P2,350.00 W
1787772674.551,0x0000000000000004,Active,Not Active,Not Active,Not Active,100 %,P2,350.00 W
1787772679.919,0x0000000000000004,Active,Not Active,Not Active,Not Active,100 %,P2,350.00 W
1787772685.268,0x0000000000000004,Active,Not Active,Not Active,Not Active,100 %,P2,350.00 W
1787772690.632,0x0000000000000004,Active,Not Active,Not Active,Not Active,100 %,P2,350.00 W
1787772695.987,0x0000000000000004,Active,Not Active,Not Active,Not Active,100 %,P2,350.00 W
1787772701.332,0x0000000000000004,Active,Not Active,Not Active,Not Active,100 %,P2,350.00 W
1787772706.707,0x0000000000000024,Active,Not Active,Active,Not Active,100 %,P2,350.00 W
1787772712.090,0x0000000000000004,Active,Not Active,Not Active,Not Active,100 %,P2,350.00 W
1787772717.460,0x0000000000000004,Active,Not Active,Not Active,Not Active,100 %,P2,350.00 W
1787772722.827,0x0000000000000004,Active,Not Active,Not Active,Not Active,100 %,P2,350.00 W
1787772728.193,0x0000000000000004,Active,Not Active,Not Active,Not Active,100 %,P2,350.00 W
1787772733.569,0x0000000000000004,Active,Not Active,Not Active,Not Active,100 %,P2,350.00 W
1787772738.907,0x0000000000000004,Active,Not Active,Not Active,Not Active,100 %,P2,350.00 W
1787772744.262,0x0000000000000004,Active,Not Active,Not Active,Not Active,100 %,P2,350.00 W
1787772749.619,0x0000000000000004,Active,Not Active,Not Active,Not Active,100 %,P2,350.00 W
1787772754.913,0x0000000000000004,Active,Not Active,Not Active,Not Active,100 %,P2,350.00 W
1787772760.349,0x0000000000000004,Active,Not Active,Not Active,Not Active,100 %,P2,350.00 W
1787772765.702,0x0000000000000004,Active,Not Active,Not Active,Not Active,100 %,P2,350.00 W
1787772771.061,0x0000000000000004,Active,Not Active,Not Active,Not Active,100 %,P2,350.00 W
1787772776.422,0x0000000000000020,Not Active,Not Active,Active,Not Active,100 %,P2,350.00 W
1787772781.797,0x0000000000000004,Active,Not Active,Not Active,Not Active,100 %,P2,350.00 W
1787772787.156,0x0000000000000004,Active,Not Active,Not Active,Not Active,100 %,P2,350.00 W
1787772792.528,0x0000000000000004,Active,Not Active,Not Active,Not Active,100 %,P2,350.00 W
1787772797.892,0x0000000000000004,Active,Not Active,Not Active,Not Active,100 %,P2,350.00 W
1787772803.255,0x0000000000000004,Active,Not Active,Not Active,Not Active,100 %,P2,350.00 W
1787772808.614,0x0000000000000004,Active,Not Active,Not Active,Not Active,100 %,P2,350.00 W
1787772813.966,0x0000000000000004,Active,Not Active,Not Active,Not Active,100 %,P2,350.00 W
1787772819.342,0x0000000000000004,Active,Not Active,Not Active,Not Active,100 %,P2,350.00 W
1787772824.704,0x0000000000000004,Active,Not Active,Not Active,Not Active,100 %,P2,350.00 W
1787772830.070,0x0000000000000004,Active,Not Active,Not Active,Not Active,100 %,P2,350.00 W
1787772835.450,0x0000000000000004,Active,Not Active,Not Active,Not Active,100 %,P2,350.00 W
1787772840.819,0x0000000000000004,Active,Not Active,Not Active,Not Active,100 %,P2,350.00 W
1787772846.199,0x0000000000000004,Active,Not Active,Not Active,Not Active,100 %,P2,350.00 W
1787772851.562,0x0000000000000004,Active,Not Active,Not Active,Not Active,100 %,P2,350.00 W
1787772856.933,0x0000000000000004,Active,Not Active,Not Active,Not Active,100 %,P2,350.00 W
1787772862.283,0x0000000000000004,Active,Not Active,Not Active,Not Active,100 %,P2,350.00 W
1787772867.642,0x0000000000000004,Active,Not Active,Not Active,Not Active,100 %,P2,350.00 W
1787772873.016,0x0000000000000004,Active,Not Active,Not Active,Not Active,100 %,P2,350.00 W
1787772878.376,0x0000000000000004,Active,Not Active,Not Active,Not Active,100 %,P2,350.00 W
1787772883.745,0x0000000000000004,Active,Not Active,Not Active,Not Active,100 %,P2,350.00 W
1787772889.114,0x0000000000000004,Active,Not Active,Not Active,Not Active,100 %,P2,350.00 W
1787772894.494,0x0000000000000004,Active,Not Active,Not Active,Not Active,100 %,P2,350.00 W
1787772899.849,0x0000000000000004,Active,Not Active,Not Active,Not Active,100 %,P2,350.00 W
1787772905.208,0x0000000000000004,Active,Not Active,Not Active,Not Active,100 %,P2,350.00 W
1787772910.577,0x0000000000000004,Active,Not Active,Not Active,Not Active,100 %,P2,350.00 W
1787772915.936,0x0000000000000024,Active,Not Active,Active,Not Active,100 %,P2,350.00 W
1787772921.273,0x0000000000000004,Active,Not Active,Not Active,Not Active,100 %,P2,350.00 W
1787772926.621,0x0000000000000004,Active,Not Active,Not Active,Not Active,100 %,P2,350.00 W
1787772931.988,0x0000000000000004,Active,Not Active,Not Active,Not Active,100 %,P2,350.00 W
1787772937.360,0x0000000000000004,Active,Not Active,Not Active,Not Active,100 %,P2,350.00 W
1787772942.710,0x0000000000000004,Active,Not Active,Not Active,Not Active,100 %,P2,350.00 W
1787772948.055,0x0000000000000024,Active,Not Active,Active,Not Active,100 %,P2,350.00 W
1787772953.427,0x0000000000000004,Active,Not Active,Not Active,Not Active,100 %,P2,350.00 W
1787772958.789,0x0000000000000004,Active,Not Active,Not Active,Not Active,100 %,P2,350.00 W
1787772964.126,0x0000000000000004,Active,Not Active,Not Active,Not Active,100 %,P2,350.00 W
1787772969.482,0x0000000000000004,Active,Not Active,Not Active,Not Active,100 %,P2,350.00 W
1787772974.859,0x0000000000000004,Active,Not Active,Not Active,Not Active,100 %,P2,350.00 W
1787772980.228,0x0000000000000004,Active,Not Active,Not Active,Not Active,100 %,P2,350.00 W
1787772985.592,0x0000000000000004,Active,Not Active,Not Active,Not Active,100 %,P2,350.00 W
1787772990.886,0x0000000000000004,Active,Not Active,Not Active,Not Active,100 %,P2,350.00 W
1787772996.296,0x0000000000000004,Active,Not Active,Not Active,Not Active,100 %,P2,350.00 W
1787773001.658,0x0000000000000004,Active,Not Active,Not Active,Not Active,100 %,P2,350.00 W
1787773007.030,0x0000000000000004,Active,Not Active,Not Active,Not Active,100 %,P2,350.00 W
1787773012.399,0x0000000000000004,Active,Not Active,Not Active,Not Active,100 %,P2,350.00 W
1787773017.774,0x0000000000000004,Active,Not Active,Not Active,Not Active,100 %,P2,350.00 W
1787773023.138,0x0000000000000020,Not Active,Not Active,Active,Not Active,100 %,P2,350.00 W
1787773028.519,0x0000000000000004,Active,Not Active,Not Active,Not Active,100 %,P2,350.00 W
1787773033.876,0x0000000000000004,Active,Not Active,Not Active,Not Active,100 %,P2,350.00 W
1787773039.233,0x0000000000000004,Active,Not Active,Not Active,Not Active,100 %,P2,350.00 W
1787773044.576,0x0000000000000004,Active,Not Active,Not Active,Not Active,100 %,P2,350.00 W
1787773049.952,0x0000000000000004,Active,Not Active,Not Active,Not Active,100 %,P2,350.00 W
1787773055.315,0x0000000000000004,Active,Not Active,Not Active,Not Active,100 %,P2,350.00 W
1787773060.692,0x0000000000000004,Active,Not Active,Not Active,Not Active,100 %,P2,350.00 W
1787773066.059,0x0000000000000004,Active,Not Active,Not Active,Not Active,100 %,P2,350.00 W
1787773071.425,0x0000000000000004,Active,Not Active,Not Active,Not Active,100 %,P2,350.00 W
1787773076.779,0x0000000000000004,Active,Not Active,Not Active,Not Active,100 %,P2,350.00 W
1787773082.135,0x0000000000000004,Active,Not Active,Not Active,Not Active,100 %,P2,350.00 W
1787773087.502,0x0000000000000004,Active,Not Active,Not Active,Not Active,100 %,P2,350.00 W
1787773092.856,0x0000000000000020,Not Active,Not Active,Active,Not Active,100 %,P2,350.00 W
1787773098.220,0x0000000000000004,Active,Not Active,Not Active,Not Active,100 %,P2,350.00 W
1787773103.587,0x0000000000000004,Active,Not Active,Not Active,Not Active,100 %,P2,350.00 W
1787773108.958,0x0000000000000004,Active,Not Active,Not Active,Not Active,100 %,P2,350.00 W
1787773114.331,0x0000000000000004,Active,Not Active,Not Active,Not Active,100 %,P2,350.00 W
1787773119.702,0x0000000000000004,Active,Not Active,Not Active,Not Active,100 %,P2,350.00 W
1787773125.076,0x0000000000000004,Active,Not Active,Not Active,Not Active,100 %,P2,350.00 W
1787773130.437,0x0000000000000004,Active,Not Active,Not Active,Not Active,100 %,P2,350.00 W
1787773135.817,0x0000000000000004,Active,Not Active,Not Active,Not Active,100 %,P2,350.00 W
1787773141.159,0x0000000000000004,Active,Not Active,Not Active,Not Active,100 %,P2,350.00 W
1787773146.523,0x0000000000000004,Active,Not Active,Not Active,Not Active,100 %,P2,350.00 W
1787773151.890,0x0000000000000004,Active,Not Active,Not Active,Not Active,100 %,P2,350.00 W
1787773157.267,0x0000000000000004,Active,Not Active,Not Active,Not Active,100 %,P2,350.00 W
1787773162.638,0x0000000000000004,Active,Not Active,Not Active,Not Active,100 %,P2,350.00 W
1787773168.017,0x0000000000000004,Active,Not Active,Not Active,Not Active,100 %,P2,350.00 W
1787773173.383,0x0000000000000001,Not Active,Not Active,Not Active,Not Active,100 %,P3,350.00 W
1787773178.749,0x0000000000000004,Active,Not Active,Not Active,Not Active,88 %,P2,350.00 W
1787773184.114,0x0000000000000004,Active,Not Active,Not Active,Not Active,82 %,P2,350.00 W
1787773189.468,0x0000000000000024,Active,Not Active,Active,Not Active,81 %,P2,350.00 W
1787773194.833,0x0000000000000004,Active,Not Active,Not Active,Not Active,81 %,P2,350.00 W
1787773200.199,0x0000000000000004,Active,Not Active,Not Active,Not Active,81 %,P2,350.00 W
1787773205.564,0x0000000000000004,Active,Not Active,Not Active,Not Active,82 %,P2,350.00 W
1787773210.913,0x0000000000000004,Active,Not Active,Not Active,Not Active,88 %,P2,350.00 W
1787773216.265,0x0000000000000020,Not Active,Not Active,Active,Not Active,98 %,P2,350.00 W
1787773221.616,0x0000000000000004,Active,Not Active,Not Active,Not Active,99 %,P2,350.00 W
1787773226.924,0x0000000000000004,Active,Not Active,Not Active,Not Active,100 %,P2,350.00 W
1787773232.331,0x0000000000000004,Active,Not Active,Not Active,Not Active,100 %,P2,350.00 W
1787773237.700,0x0000000000000004,Active,Not Active,Not Active,Not Active,100 %,P2,350.00 W
1787773243.079,0x0000000000000004,Active,Not Active,Not Active,Not Active,100 %,P2,350.00 W
1787773248.451,0x0000000000000020,Not Active,Not Active,Active,Not Active,100 %,P2,350.00 W
1787773253.815,0x0000000000000004,Active,Not Active,Not Active,Not Active,100 %,P2,350.00 W
1787773259.170,0x0000000000000004,Active,Not Active,Not Active,Not Active,100 %,P2,350.00 W
1787773264.516,0x0000000000000004,Active,Not Active,Not Active,Not Active,100 %,P2,350.00 W
1787773269.879,0x0000000000000004,Active,Not Active,Not Active,Not Active,100 %,P2,350.00 W
1787773275.204,0x0000000000000004,Active,Not Active,Not Active,Not Active,100 %,P2,350.00 W
1787773280.552,0x0000000000000004,Active,Not Active,Not Active,Not Active,100 %,P2,350.00 W
1787773285.911,0x0000000000000004,Active,Not Active,Not Active,Not Active,100 %,P2,350.00 W
1787773291.289,0x0000000000000004,Active,Not Active,Not Active,Not Active,100 %,P2,350.00 W
1787773296.621,0x0000000000000004,Active,Not Active,Not Active,Not Active,100 %,P2,350.00 W
1787773301.989,0x0000000000000004,Active,Not Active,Not Active,Not Active,100 %,P2,350.00 W
1787773307.340,0x0000000000000004,Active,Not Active,Not Active,Not Active,100 %,P2,350.00 W
1787773312.698,0x0000000000000004,Active,Not Active,Not Active,Not Active,100 %,P2,350.00 W
1787773318.073,0x0000000000000004,Active,Not Active,Not Active,Not Active,100 %,P2,350.00 W
1787773323.446,0x0000000000000004,Active,Not Active,Not Active,Not Active,100 %,P2,350.00 W
1787773328.811,0x0000000000000024,Active,Not Active,Active,Not Active,100 %,P2,350.00 W
1787773334.184,0x0000000000000004,Active,Not Active,Not Active,Not Active,100 %,P2,350.00 W
1787773339.550,0x0000000000000004,Active,Not Active,Not Active,Not Active,100 %,P2,350.00 W
1787773344.925,0x0000000000000004,Active,Not Active,Not Active,Not Active,100 %,P2,350.00 W
1787773350.299,0x0000000000000004,Active,Not Active,Not Active,Not Active,100 %,P2,350.00 W
1787773355.677,0x0000000000000004,Active,Not Active,Not Active,Not Active,100 %,P2,350.00 W
1787773361.034,0x0000000000000004,Active,Not Active,Not Active,Not Active,100 %,P2,350.00 W
1787773366.358,0x0000000000000004,Active,Not Active,Not Active,Not Active,100 %,P2,350.00 W
1787773371.728,0x0000000000000004,Active,Not Active,Not Active,Not Active,100 %,P2,350.00 W
1787773377.101,0x0000000000000004,Active,Not Active,Not Active,Not Active,100 %,P2,350.00 W
1787773382.467,0x0000000000000004,Active,Not Active,Not Active,Not Active,100 %,P2,350.00 W
1787773387.832,0x0000000000000004,Active,Not Active,Not Active,Not Active,100 %,P2,350.00 W
1787773393.180,0x0000000000000004,Active,Not Active,Not Active,Not Active,100 %,P2,350.00 W
1787773398.540,0x0000000000000004,Active,Not Active,Not Active,Not Active,100 %,P2,350.00 W
1787773403.893,0x0000000000000004,Active,Not Active,Not Active,Not Active,100 %,P2,350.00 W
1787773409.237,0x0000000000000004,Active,Not Active,Not Active,Not Active,100 %,P2,350.00 W
1787773414.613,0x0000000000000004,Active,Not Active,Not Active,Not Active,100 %,P2,350.00 W
1787773419.971,0x0000000000000004,Active,Not Active,Not Active,Not Active,100 %,P2,350.00 W
1787773425.343,0x0000000000000004,Active,Not Active,Not Active,Not Active,100 %,P2,350.00 W
1787773430.712,0x0000000000000004,Active,Not Active,Not Active,Not Active,100 %,P2,350.00 W
1787773436.062,0x0000000000000004,Active,Not Active,Not Active,Not Active,100 %,P2,350.00 W
1787773441.400,0x0000000000000004,Active,Not Active,Not Active,Not Active,100 %,P2,350.00 W
1787773446.751,0x0000000000000020,Not Active,Not Active,Active,Not Active,100 %,P2,350.00 W
1787773452.108,0x0000000000000004,Active,Not Active,Not Active,Not Active,100 %,P2,350.00 W
1787773457.463,0x0000000000000004,Active,Not Active,Not Active,Not Active,100 %,P2,350.00 W
1787773462.758,0x0000000000000004,Active,Not Active,Not Active,Not Active,100 %,P2,350.00 W
1787773468.190,0x0000000000000004,Active,Not Active,Not Active,Not Active,100 %,P2,350.00 W
1787773473.556,0x0000000000000004,Active,Not Active,Not Active,Not Active,100 %,P2,350.00 W
1787773478.939,0x0000000000000004,Active,Not Active,Not Active,Not Active,100 %,P2,350.00 W
1787773484.277,0x0000000000000004,Active,Not Active,Not Active,Not Active,100 %,P2,350.00 W
1787773489.636,0x0000000000000004,Active,Not Active,Not Active,Not Active,100 %,P2,350.00 W
1787773495.004,0x0000000000000004,Active,Not Active,Not Active,Not Active,100 %,P2,350.00 W
1787773500.379,0x0000000000000004,Active,Not Active,Not Active,Not Active,100 %,P2,350.00 W
1787773505.745,0x0000000000000004,Active,Not Active,Not Active,Not Active,100 %,P2,350.00 W
1787773511.116,0x0000000000000004,Active,Not Active,Not Active,Not Active,100 %,P2,350.00 W
1787773516.468,0x0000000000000004,Active,Not Active,Not Active,Not Active,100 %,P2,350.00 W
1787773521.838,0x0000000000000004,Active,Not Active,Not Active,Not Active,100 %,P2,350.00 W
1787773527.206,0x0000000000000004,Active,Not Active,Not Active,Not Active,100 %,P2,350.00 W
1787773532.570,0x0000000000000004,Active,Not Active,Not Active,Not Active,100 %,P2,350.00 W
1787773537.942,0x0000000000000004,Active,Not Active,Not Active,Not Active,100 %,P2,350.00 W
1787773543.296,0x0000000000000004,Active,Not Active,Not Active,Not Active,100 %,P2,350.00 W
1787773548.658,0x0000000000000004,Active,Not Active,Not Active,Not Active,100 %,P2,350.00 W
1787773554.015,0x0000000000000004,Active,Not Active,Not Active,Not Active,100 %,P2,350.00 W
1787773559.361,0x0000000000000004,Active,Not Active,Not Active,Not Active,100 %,P2,350.00 W
1787773564.705,0x0000000000000004,Active,Not Active,Not Active,Not Active,100 %,P2,350.00 W
1787773570.082,0x0000000000000020,Not Active,Not Active,Active,Not Active,100 %,P2,350.00 W
1787773575.448,0x0000000000000004,Active,Not Active,Not Active,Not Active,100 %,P2,350.00 W
1787773580.810,0x0000000000000004,Active,Not Active,Not Active,Not Active,100 %,P2,350.00 W
1787773586.158,0x0000000000000004,Active,Not Active,Not Active,Not Active,100 %,P2,350.00 W
1787773591.523,0x0000000000000020,Not Active,Not Active,Active,Not Active,100 %,P2,350.00 W
1787773596.874,0x0000000000000004,Active,Not Active,Not Active,Not Active,100 %,P2,350.00 W
1787773602.254,0x0000000000000004,Active,Not Active,Not Active,Not Active,100 %,P2,350.00 W
1787773607.607,0x0000000000000004,Active,Not Active,Not Active,Not Active,100 %,P2,350.00 W
1787773612.974,0x0000000000000004,Active,Not Active,Not Active,Not Active,100 %,P2,350.00 W
1787773618.330,0x0000000000000004,Active,Not Active,Not Active,Not Active,86 %,P2,350.00 W
1787773623.681,0x0000000000000004,Active,Not Active,Not Active,Not Active,81 %,P2,350.00 W
1787773629.043,0x0000000000000024,Active,Not Active,Active,Not Active,81 %,P2,350.00 W
1787773634.409,0x0000000000000004,Active,Not Active,Not Active,Not Active,81 %,P2,350.00 W
1787773639.785,0x0000000000000004,Active,Not Active,Not Active,Not Active,81 %,P2,350.00 W
1787773645.132,0x0000000000000004,Active,Not Active,Not Active,Not Active,87 %,P2,350.00 W
1787773650.504,0x0000000000000004,Active,Not Active,Not Active,Not Active,90 %,P2,350.00 W
1787773655.875,0x0000000000000004,Active,Not Active,Not Active,Not Active,97 %,P2,350.00 W
1787773661.252,0x0000000000000004,Active,Not Active,Not Active,Not Active,99 %,P2,350.00 W
1787773666.620,0x0000000000000004,Active,Not Active,Not Active,Not Active,100 %,P2,350.00 W
1787773671.998,0x0000000000000004,Active,Not Active,Not Active,Not Active,100 %,P2,350.00 W
1787773677.379,0x0000000000000020,Not Active,Not Active,Active,Not Active,100 %,P2,350.00 W
1787773682.730,0x0000000000000004,Active,Not Active,Not Active,Not Active,100 %,P2,350.00 W
1787773688.089,0x0000000000000004,Active,Not Active,Not Active,Not Active,100 %,P2,350.00 W
1787773693.454,0x0000000000000004,Active,Not Active,Not Active,Not Active,100 %,P2,350.00 W
1787773698.753,0x0000000000000004,Active,Not Active,Not Active,Not Active,100 %,P2,350.00 W
1787773704.178,0x0000000000000004,Active,Not Active,Not Active,Not Active,100 %,P2,350.00 W
1787773709.533,0x0000000000000004,Active,Not Active,Not Active,Not Active,100 %,P2,350.00 W
1787773714.903,0x0000000000000024,Active,Not Active,Active,Not Active,100 %,P2,350.00 W
1787773720.275,0x0000000000000004,Active,Not Active,Not Active,Not Active,100 %,P2,350.00 W
1787773725.635,0x0000000000000004,Active,Not Active,Not Active,Not Active,100 %,P2,350.00 W
1787773731.012,0x0000000000000004,Active,Not Active,Not Active,Not Active,100 %,P2,350.00 W
1787773736.384,0x0000000000000004,Active,Not Active,Not Active,Not Active,100 %,P2,350.00 W
1787773741.739,0x0000000000000004,Active,Not Active,Not Active,Not Active,100 %,P2,350.00 W
1787773747.098,0x0000000000000004,Active,Not Active,Not Active,Not Active,100 %,P2,350.00 W
1787773752.475,0x0000000000000020,Not Active,Not Active,Active,Not Active,100 %,P2,350.00 W
1787773757.837,0x0000000000000004,Active,Not Active,Not Active,Not Active,100 %,P2,350.00 W
1787773763.171,0x0000000000000004,Active,Not Active,Not Active,Not Active,100 %,P2,350.00 W
1787773768.537,0x0000000000000004,Active,Not Active,Not Active,Not Active,100 %,P2,350.00 W
1787773773.884,0x0000000000000004,Active,Not Active,Not Active,Not Active,100 %,P2,350.00 W
1787773779.236,0x0000000000000004,Active,Not Active,Not Active,Not Active,100 %,P2,350.00 W
1787773784.606,0x0000000000000004,Active,Not Active,Not Active,Not Active,100 %,P2,350.00 W
1787773789.970,0x0000000000000004,Active,Not Active,Not Active,Not Active,100 %,P2,350.00 W
1787773795.333,0x0000000000000004,Active,Not Active,Not Active,Not Active,100 %,P2,350.00 W
1787773800.690,0x0000000000000004,Active,Not Active,Not Active,Not Active,100 %,P2,350.00 W
1787773806.064,0x0000000000000004,Active,Not Active,Not Active,Not Active,100 %,P2,350.00 W
1787773811.431,0x0000000000000004,Active,Not Active,Not Active,Not Active,100 %,P2,350.00 W
1787773816.798,0x0000000000000004,Active,Not Active,Not Active,Not Active,100 %,P2,350.00 W
1787773822.162,0x0000000000000024,Active,Not Active,Active,Not Active,100 %,P2,350.00 W
1787773827.539,0x0000000000000004,Active,Not Active,Not Active,Not Active,100 %,P2,350.00 W
1787773832.908,0x0000000000000024,Active,Not Active,Active,Not Active,100 %,P2,350.00 W
1787773838.275,0x0000000000000004,Active,Not Active,Not Active,Not Active,100 %,P2,350.00 W
1787773843.642,0x0000000000000004,Active,Not Active,Not Active,Not Active,100 %,P2,350.00 W
1787773849.014,0x0000000000000004,Active,Not Active,Not Active,Not Active,100 %,P2,350.00 W
1787773854.394,0x0000000000000004,Active,Not Active,Not Active,Not Active,100 %,P2,350.00 W
1787773859.762,0x0000000000000004,Active,Not Active,Not Active,Not Active,100 %,P2,350.00 W
1787773865.140,0x0000000000000004,Active,Not Active,Not Active,Not Active,100 %,P2,350.00 W
1787773870.507,0x0000000000000004,Active,Not Active,Not Active,Not Active,100 %,P2,350.00 W
1787773875.880,0x0000000000000004,Active,Not Active,Not Active,Not Active,100 %,P2,350.00 W
1787773881.250,0x0000000000000004,Active,Not Active,Not Active,Not Active,100 %,P2,350.00 W
1787773886.628,0x0000000000000004,Active,Not Active,Not Active,Not Active,100 %,P2,350.00 W
1787773891.980,0x0000000000000004,Active,Not Active,Not Active,Not Active,100 %,P2,350.00 W
1787773897.347,0x0000000000000004,Active,Not Active,Not Active,Not Active,100 %,P2,350.00 W
1787773902.700,0x0000000000000004,Active,Not Active,Not Active,Not Active,100 %,P2,350.00 W
1787773908.069,0x0000000000000004,Active,Not Active,Not Active,Not Active,100 %,P2,350.00 W
1787773913.430,0x0000000000000004,Active,Not Active,Not Active,Not Active,100 %,P2,350.00 W
1787773918.803,0x0000000000000004,Active,Not Active,Not Active,Not Active,100 %,P2,350.00 W
1787773924.156,0x0000000000000004,Active,Not Active,Not Active,Not Active,100 %,P2,350.00 W
1787773929.522,0x0000000000000004,Active,Not Active,Not Active,Not Active,100 %,P2,350.00 W
1787773934.823,0x0000000000000004,Active,Not Active,Not Active,Not Active,100 %,P2,350.00 W
1787773940.247,0x0000000000000004,Active,Not Active,Not Active,Not Active,100 %,P2,350.00 W
1787773945.611,0x0000000000000004,Active,Not Active,Not Active,Not Active,100 %,P2,350.00 W
1787773950.962,0x0000000000000004,Active,Not Active,Not Active,Not Active,100 %,P2,350.00 W
1787773956.334,0x0000000000000004,Active,Not Active,Not Active,Not Active,100 %,P2,350.00 W
1787773961.699,0x0000000000000004,Active,Not Active,Not Active,Not Active,100 %,P2,350.00 W
1787773967.056,0x0000000000000004,Active,Not Active,Not Active,Not Active,100 %,P2,350.00 W
1787773972.414,0x0000000000000004,Active,Not Active,Not Active,Not Active,100 %,P2,350.00 W
1787773977.784,0x0000000000000004,Active,Not Active,Not Active,Not Active,100 %,P2,350.00 W
1787773983.168,0x0000000000000004,Active,Not Active,Not Active,Not Active,100 %,P2,350.00 W
1787773988.517,0x0000000000000004,Active,Not Active,Not Active,Not Active,100 %,P2,350.00 W
1787773993.890,0x0000000000000004,Active,Not Active,Not Active,Not Active,100 %,P2,350.00 W
1787773999.235,0x0000000000000004,Active,Not Active,Not Active,Not Active,100 %,P2,350.00 W
1787774004.616,0x0000000000000004,Active,Not Active,Not Active,Not Active,100 %,P2,350.00 W
1787774009.982,0x0000000000000004,Active,Not Active,Not Active,Not Active,100 %,P2,350.00 W
1787774015.348,0x0000000000000020,Not Active,Not Active,Active,Not Active,100 %,P2,350.00 W
1787774020.723,0x0000000000000004,Active,Not Active,Not Active,Not Active,100 %,P2,350.00 W
1787774026.095,0x0000000000000004,Active,Not Active,Not Active,Not Active,100 %,P2,350.00 W
1787774031.471,0x0000000000000004,Active,Not Active,Not Active,Not Active,100 %,P2,350.00 W
1787774036.821,0x0000000000000024,Active,Not Active,Active,Not Active,100 %,P2,350.00 W
1787774042.182,0x0000000000000004,Active,Not Active,Not Active,Not Active,100 %,P2,350.00 W
1787774047.557,0x0000000000000004,Active,Not Active,Not Active,Not Active,100 %,P2,350.00 W
1787774052.923,0x0000000000000004,Active,Not Active,Not Active,Not Active,100 %,P2,350.00 W
1787774058.284,0x0000000000000004,Active,Not Active,Not Active,Not Active,100 %,P2,350.00 W
1787774063.632,0x0000000000000004,Active,Not Active,Not Active,Not Active,100 %,P2,350.00 W
1787774068.985,0x0000000000000004,Active,Not Active,Not Active,Not Active,100 %,P2,350.00 W
1787774074.344,0x0000000000000004,Active,Not Active,Not Active,Not Active,100 %,P2,350.00 W
1787774079.696,0x0000000000000004,Active,Not Active,Not Active,Not Active,100 %,P2,350.00 W
1787774085.063,0x0000000000000004,Active,Not Active,Not Active,Not Active,100 %,P2,350.00 W
1787774090.432,0x0000000000000004,Active,Not Active,Not Active,Not Active,100 %,P2,350.00 W
1787774095.793,0x0000000000000004,Active,Not Active,Not Active,Not Active,100 %,P2,350.00 W
1787774101.154,0x0000000000000004,Active,Not Active,Not Active,Not Active,100 %,P2,350.00 W
1787774106.530,0x0000000000000004,Active,Not Active,Not Active,Not Active,100 %,P2,350.00 W
1787774111.905,0x0000000000000004,Active,Not Active,Not Active,Not Active,100 %,P2,350.00 W
1787774117.265,0x0000000000000004,Active,Not Active,Not Active,Not Active,100 %,P2,350.00 W
1787774122.619,0x0000000000000004,Active,Not Active,Not Active,Not Active,100 %,P2,350.00 W
1787774127.959,0x0000000000000004,Active,Not Active,Not Active,Not Active,100 %,P2,350.00 W
1787774133.324,0x0000000000000004,Active,Not Active,Not Active,Not Active,100 %,P2,350.00 W
1787774138.685,0x0000000000000004,Active,Not Active,Not Active,Not Active,100 %,P2,350.00 W
1787774144.040,0x0000000000000004,Active,Not Active,Not Active,Not Active,100 %,P2,350.00 W
1787774149.374,0x0000000000000004,Active,Not Active,Not Active,Not Active,100 %,P2,350.00 W
1787774154.741,0x0000000000000004,Active,Not Active,Not Active,Not Active,100 %,P2,350.00 W
1787774160.117,0x0000000000000004,Active,Not Active,Not Active,Not Active,100 %,P2,350.00 W
1787774165.474,0x0000000000000004,Active,Not Active,Not Active,Not Active,100 %,P2,350.00 W
1787774170.778,0x0000000000000004,Active,Not Active,Not Active,Not Active,100 %,P2,350.00 W
1787774176.203,0x0000000000000004,Active,Not Active,Not Active,Not Active,100 %,P2,350.00 W
1787774181.581,0x0000000000000004,Active,Not Active,Not Active,Not Active,100 %,P2,350.00 W
1787774186.947,0x0000000000000004,Active,Not Active,Not Active,Not Active,100 %,P2,350.00 W
1787774192.328,0x0000000000000004,Active,Not Active,Not Active,Not Active,100 %,P2,350.00 W
1787774197.673,0x0000000000000024,Active,Not Active,Active,Not Active,100 %,P2,350.00 W
1787774203.015,0x0000000000000004,Active,Not Active,Not Active,Not Active,100 %,P2,350.00 W
1787774208.345,0x0000000000000004,Active,Not Active,Not Active,Not Active,100 %,P2,350.00 W
1787774213.676,0x0000000000000004,Active,Not Active,Not Active,Not Active,100 %,P2,350.00 W
1787774219.020,0x0000000000000004,Active,Not Active,Not Active,Not Active,100 %,P2,350.00 W
1787774224.357,0x0000000000000004,Active,Not Active,Not Active,Not Active,100 %,P2,350.00 W
1787774229.706,0x0000000000000004,Active,Not Active,Not Active,Not Active,100 %,P2,350.00 W
1787774235.058,0x0000000000000004,Active,Not Active,Not Active,Not Active,100 %,P2,350.00 W
1787774240.400,0x0000000000000004,Active,Not Active,Not Active,Not Active,100 %,P2,350.00 W
1787774245.750,0x0000000000000004,Active,Not Active,Not Active,Not Active,100 %,P2,350.00 W
1787774251.092,0x0000000000000004,Active,Not Active,Not Active,Not Active,100 %,P2,350.00 W
1787774256.420,0x0000000000000004,Active,Not Active,Not Active,Not Active,100 %,P2,350.00 W
1787774261.767,0x0000000000000004,Active,Not Active,Not Active,Not Active,100 %,P2,350.00 W
1787774267.103,0x0000000000000004,Active,Not Active,Not Active,Not Active,100 %,P2,350.00 W
1787774272.439,0x0000000000000004,Active,Not Active,Not Active,Not Active,100 %,P2,350.00 W
1787774277.797,0x0000000000000004,Active,Not Active,Not Active,Not Active,100 %,P2,350.00 W
1787774283.147,0x0000000000000004,Active,Not Active,Not Active,Not Active,100 %,P2,350.00 W
1787774288.487,0x0000000000000004,Active,Not Active,Not Active,Not Active,100 %,P2,350.00 W
1787774293.822,0x0000000000000004,Active,Not Active,Not Active,Not Active,100 %,P2,350.00 W
1787774299.170,0x0000000000000004,Active,Not Active,Not Active,Not Active,100 %,P2,350.00 W
1787774304.524,0x0000000000000004,Active,Not Active,Not Active,Not Active,100 %,P2,350.00 W
1787774309.861,0x0000000000000004,Active,Not Active,Not Active,Not Active,100 %,P2,350.00 W
1787774315.211,0x0000000000000004,Active,Not Active,Not Active,Not Active,100 %,P2,350.00 W
1787774320.573,0x0000000000000004,Active,Not Active,Not Active,Not Active,100 %,P2,350.00 W
1787774325.941,0x0000000000000004,Active,Not Active,Not Active,Not Active,100 %,P2,350.00 W
1787774331.309,0x0000000000000004,Active,Not Active,Not Active,Not Active,100 %,P2,350.00 W
1787774336.684,0x0000000000000004,Active,Not Active,Not Active,Not Active,100 %,P2,350.00 W
1787774342.043,0x0000000000000004,Active,Not Active,Not Active,Not Active,100 %,P2,350.00 W
1787774347.402,0x0000000000000004,Active,Not Active,Not Active,Not Active,100 %,P2,350.00 W
1787774352.768,0x0000000000000004,Active,Not Active,Not Active,Not Active,100 %,P2,350.00 W
1787774358.142,0x0000000000000004,Active,Not Active,Not Active,Not Active,100 %,P2,350.00 W
1787774363.507,0x0000000000000004,Active,Not Active,Not Active,Not Active,100 %,P2,350.00 W
1787774368.878,0x0000000000000004,Active,Not Active,Not Active,Not Active,100 %,P2,350.00 W
1787774374.246,0x0000000000000004,Active,Not Active,Not Active,Not Active,100 %,P2,350.00 W
1787774379.625,0x0000000000000004,Active,Not Active,Not Active,Not Active,100 %,P2,350.00 W
1787774384.997,0x0000000000000004,Active,Not Active,Not Active,Not Active,100 %,P2,350.00 W
1787774390.359,0x0000000000000004,Active,Not Active,Not Active,Not Active,100 %,P2,350.00 W
1787774395.727,0x0000000000000004,Active,Not Active,Not Active,Not Active,100 %,P2,350.00 W
1787774401.085,0x0000000000000004,Active,Not Active,Not Active,Not Active,100 %,P2,350.00 W
1787774406.391,0x0000000000000020,Not Active,Not Active,Active,Not Active,100 %,P2,350.00 W
1787774411.807,0x0000000000000004,Active,Not Active,Not Active,Not Active,100 %,P2,350.00 W
1787774417.159,0x0000000000000004,Active,Not Active,Not Active,Not Active,100 %,P2,350.00 W
1787774422.510,0x0000000000000004,Active,Not Active,Not Active,Not Active,100 %,P2,350.00 W
1787774427.880,0x0000000000000004,Active,Not Active,Not Active,Not Active,100 %,P2,350.00 W
1787774433.235,0x0000000000000004,Active,Not Active,Not Active,Not Active,100 %,P2,350.00 W
1787774438.601,0x0000000000000004,Active,Not Active,Not Active,Not Active,100 %,P2,350.00 W
1787774443.961,0x0000000000000004,Active,Not Active,Not Active,Not Active,100 %,P2,350.00 W
1787774449.316,0x0000000000000004,Active,Not Active,Not Active,Not Active,100 %,P2,350.00 W
1787774454.683,0x0000000000000004,Active,Not Active,Not Active,Not Active,100 %,P2,350.00 W
1787774460.041,0x0000000000000004,Active,Not Active,Not Active,Not Active,100 %,P2,350.00 W
1787774465.392,0x0000000000000004,Active,Not Active,Not Active,Not Active,100 %,P2,350.00 W
1787774470.734,0x0000000000000004,Active,Not Active,Not Active,Not Active,100 %,P2,350.00 W
1787774476.089,0x0000000000000004,Active,Not Active,Not Active,Not Active,100 %,P2,350.00 W
1787774481.449,0x0000000000000004,Active,Not Active,Not Active,Not Active,100 %,P2,350.00 W
1787774486.835,0x0000000000000004,Active,Not Active,Not Active,Not Active,100 %,P2,350.00 W
1787774492.176,0x0000000000000004,Active,Not Active,Not Active,Not Active,100 %,P2,350.00 W
1787774497.545,0x0000000000000004,Active,Not Active,Not Active,Not Active,100 %,P2,350.00 W
1787774502.903,0x0000000000000004,Active,Not Active,Not Active,Not Active,100 %,P2,350.00 W
1787774508.248,0x0000000000000004,Active,Not Active,Not Active,Not Active,100 %,P2,350.00 W
1787774513.592,0x0000000000000004,Active,Not Active,Not Active,Not Active,100 %,P2,350.00 W
1787774518.953,0x0000000000000004,Active,Not Active,Not Active,Not Active,100 %,P2,350.00 W
1787774524.331,0x0000000000000004,Active,Not Active,Not Active,Not Active,100 %,P2,350.00 W
1787774529.681,0x0000000000000004,Active,Not Active,Not Active,Not Active,100 %,P2,350.00 W
1787774535.033,0x0000000000000004,Active,Not Active,Not Active,Not Active,100 %,P2,350.00 W
1787774540.395,0x0000000000000004,Active,Not Active,Not Active,Not Active,100 %,P2,350.00 W
1787774545.772,0x0000000000000004,Active,Not Active,Not Active,Not Active,100 %,P2,350.00 W
1787774551.146,0x0000000000000004,Active,Not Active,Not Active,Not Active,100 %,P2,350.00 W
1787774556.517,0x0000000000000004,Active,Not Active,Not Active,Not Active,100 %,P2,350.00 W
1787774561.886,0x0000000000000004,Active,Not Active,Not Active,Not Active,100 %,P2,350.00 W
1787774567.238,0x0000000000000004,Active,Not Active,Not Active,Not Active,100 %,P2,350.00 W
1787774572.590,0x0000000000000004,Active,Not Active,Not Active,Not Active,100 %,P2,350.00 W
1787774577.954,0x0000000000000004,Active,Not Active,Not Active,Not Active,100 %,P2,350.00 W
1787774583.318,0x0000000000000020,Not Active,Not Active,Active,Not Active,100 %,P2,350.00 W
1787774588.701,0x0000000000000024,Active,Not Active,Active,Not Active,100 %,P2,350.00 W
1787774594.062,0x0000000000000004,Active,Not Active,Not Active,Not Active,100 %,P2,350.00 W
1787774599.424,0x0000000000000020,Not Active,Not Active,Active,Not Active,100 %,P2,350.00 W
1787774604.769,0x0000000000000004,Active,Not Active,Not Active,Not Active,100 %,P2,350.00 W
1787774610.127,0x0000000000000020,Not Active,Not Active,Active,Not Active,100 %,P2,350.00 W
1787774615.495,0x0000000000000004,Active,Not Active,Not Active,Not Active,100 %,P2,350.00 W
1787774620.848,0x0000000000000004,Active,Not Active,Not Active,Not Active,100 %,P2,350.00 W
1787774626.209,0x0000000000000004,Active,Not Active,Not Active,Not Active,100 %,P2,350.00 W
1787774631.584,0x0000000000000004,Active,Not Active,Not Active,Not Active,100 %,P2,350.00 W
1787774636.941,0x0000000000000004,Active,Not Active,Not Active,Not Active,100 %,P2,350.00 W
1787774642.245,0x0000000000000004,Active,Not Active,Not Active,Not Active,100 %,P2,350.00 W
1787774647.677,0x0000000000000004,Active,Not Active,Not Active,Not Active,100 %,P2,350.00 W
1787774653.035,0x0000000000000004,Active,Not Active,Not Active,Not Active,100 %,P2,350.00 W
1787774658.390,0x0000000000000004,Active,Not Active,Not Active,Not Active,100 %,P2,350.00 W
1787774663.751,0x0000000000000004,Active,Not Active,Not Active,Not Active,100 %,P2,350.00 W
1787774669.120,0x0000000000000004,Active,Not Active,Not Active,Not Active,100 %,P2,350.00 W
1787774674.463,0x0000000000000024,Active,Not Active,Active,Not Active,100 %,P2,350.00 W
1787774679.821,0x0000000000000004,Active,Not Active,Not Active,Not Active,100 %,P2,350.00 W
1787774685.173,0x0000000000000004,Active,Not Active,Not Active,Not Active,100 %,P2,350.00 W
1787774690.549,0x0000000000000004,Active,Not Active,Not Active,Not Active,100 %,P2,350.00 W
1787774695.902,0x0000000000000004,Active,Not Active,Not Active,Not Active,100 %,P2,350.00 W
1787774701.261,0x0000000000000004,Active,Not Active,Not Active,Not Active,100 %,P2,350.00 W
1787774706.606,0x0000000000000004,Active,Not Active,Not Active,Not Active,100 %,P2,350.00 W
1787774711.967,0x0000000000000004,Active,Not Active,Not Active,Not Active,100 %,P2,350.00 W
1787774717.337,0x0000000000000004,Active,Not Active,Not Active,Not Active,100 %,P2,350.00 W
1787774722.702,0x0000000000000004,Active,Not Active,Not Active,Not Active,100 %,P2,350.00 W
1787774728.069,0x0000000000000004,Active,Not Active,Not Active,Not Active,100 %,P2,350.00 W
1787774733.430,0x0000000000000004,Active,Not Active,Not Active,Not Active,100 %,P2,350.00 W
1787774738.804,0x0000000000000004,Active,Not Active,Not Active,Not Active,100 %,P2,350.00 W
1787774744.162,0x0000000000000004,Active,Not Active,Not Active,Not Active,100 %,P2,350.00 W
1787774749.531,0x0000000000000004,Active,Not Active,Not Active,Not Active,100 %,P2,350.00 W
1787774754.892,0x0000000000000004,Active,Not Active,Not Active,Not Active,100 %,P2,350.00 W
1787774760.264,0x0000000000000004,Active,Not Active,Not Active,Not Active,100 %,P2,350.00 W
1787774765.632,0x0000000000000004,Active,Not Active,Not Active,Not Active,100 %,P2,350.00 W
1787774770.996,0x0000000000000004,Active,Not Active,Not Active,Not Active,100 %,P2,350.00 W
1787774776.364,0x0000000000000004,Active,Not Active,Not Active,Not Active,100 %,P2,350.00 W
1787774781.726,0x0000000000000004,Active,Not Active,Not Active,Not Active,100 %,P2,350.00 W
1787774787.105,0x0000000000000004,Active,Not Active,Not Active,Not Active,100 %,P2,350.00 W
1787774792.478,0x0000000000000004,Active,Not Active,Not Active,Not Active,100 %,P2,350.00 W
1787774797.833,0x0000000000000004,Active,Not Active,Not Active,Not Active,100 %,P2,350.00 W
1787774803.196,0x0000000000000004,Active,Not Active,Not Active,Not Active,100 %,P2,350.00 W
1787774808.564,0x0000000000000004,Active,Not Active,Not Active,Not Active,100 %,P2,350.00 W
1787774813.943,0x0000000000000004,Active,Not Active,Not Active,Not Active,100 %,P2,350.00 W
1787774819.311,0x0000000000000004,Active,Not Active,Not Active,Not Active,100 %,P2,350.00 W
1787774824.675,0x0000000000000004,Active,Not Active,Not Active,Not Active,100 %,P2,350.00 W
1787774830.031,0x0000000000000004,Active,Not Active,Not Active,Not Active,100 %,P2,350.00 W
1787774835.410,0x0000000000000004,Active,Not Active,Not Active,Not Active,100 %,P2,350.00 W
1787774840.757,0x0000000000000004,Active,Not Active,Not Active,Not Active,100 %,P2,350.00 W
1787774846.106,0x0000000000000004,Active,Not Active,Not Active,Not Active,100 %,P2,350.00 W
1787774851.459,0x0000000000000004,Active,Not Active,Not Active,Not Active,100 %,P2,350.00 W
1787774856.826,0x0000000000000004,Active,Not Active,Not Active,Not Active,100 %,P2,350.00 W
1787774862.195,0x0000000000000004,Active,Not Active,Not Active,Not Active,100 %,P2,350.00 W
1787774867.558,0x0000000000000004,Active,Not Active,Not Active,Not Active,100 %,P2,350.00 W
1787774872.924,0x0000000000000004,Active,Not Active,Not Active,Not Active,100 %,P2,350.00 W
1787774878.240,0x0000000000000004,Active,Not Active,Not Active,Not Active,100 %,P2,350.00 W
1787774883.667,0x0000000000000004,Active,Not Active,Not Active,Not Active,100 %,P2,350.00 W
1787774889.016,0x0000000000000004,Active,Not Active,Not Active,Not Active,100 %,P2,350.00 W
1787774894.362,0x0000000000000004,Active,Not Active,Not Active,Not Active,100 %,P2,350.00 W
1787774899.708,0x0000000000000004,Active,Not Active,Not Active,Not Active,100 %,P2,350.00 W
1787774905.077,0x0000000000000004,Active,Not Active,Not Active,Not Active,100 %,P2,350.00 W
1787774910.425,0x0000000000000004,Active,Not Active,Not Active,Not Active,100 %,P2,350.00 W
1787774915.797,0x0000000000000004,Active,Not Active,Not Active,Not Active,100 %,P2,350.00 W
1787774921.157,0x0000000000000004,Active,Not Active,Not Active,Not Active,100 %,P2,350.00 W
1787774926.532,0x0000000000000004,Active,Not Active,Not Active,Not Active,100 %,P2,350.00 W
1787774931.896,0x0000000000000004,Active,Not Active,Not Active,Not Active,100 %,P2,350.00 W
1787774937.248,0x0000000000000004,Active,Not Active,Not Active,Not Active,100 %,P2,350.00 W
1787774942.625,0x0000000000000004,Active,Not Active,Not Active,Not Active,100 %,P2,350.00 W
1787774947.994,0x0000000000000004,Active,Not Active,Not Active,Not Active,100 %,P2,350.00 W
1787774953.349,0x0000000000000004,Active,Not Active,Not Active,Not Active,100 %,P2,350.00 W
1787774958.717,0x0000000000000004,Active,Not Active,Not Active,Not Active,100 %,P2,350.00 W
1787774964.078,0x0000000000000004,Active,Not Active,Not Active,Not Active,100 %,P2,350.00 W
1787774969.442,0x0000000000000004,Active,Not Active,Not Active,Not Active,100 %,P2,350.00 W
1787774974.820,0x0000000000000004,Active,Not Active,Not Active,Not Active,100 %,P2,350.00 W
1787774980.194,0x0000000000000004,Active,Not Active,Not Active,Not Active,100 %,P2,350.00 W
1787774985.567,0x0000000000000004,Active,Not Active,Not Active,Not Active,100 %,P2,350.00 W
1787774990.944,0x0000000000000004,Active,Not Active,Not Active,Not Active,100 %,P2,350.00 W
1787774996.299,0x0000000000000004,Active,Not Active,Not Active,Not Active,100 %,P2,350.00 W
1787775001.673,0x0000000000000004,Active,Not Active,Not Active,Not Active,100 %,P2,350.00 W
1787775007.041,0x0000000000000004,Active,Not Active,Not Active,Not Active,100 %,P2,350.00 W
1787775012.405,0x0000000000000004,Active,Not Active,Not Active,Not Active,100 %,P2,350.00 W
1787775017.779,0x0000000000000004,Active,Not Active,Not Active,Not Active,100 %,P2,350.00 W
1787775023.146,0x0000000000000004,Active,Not Active,Not Active,Not Active,100 %,P2,350.00 W
1787775028.522,0x0000000000000004,Active,Not Active,Not Active,Not Active,100 %,P2,350.00 W
1787775033.885,0x0000000000000020,Not Active,Not Active,Active,Not Active,100 %,P2,350.00 W
1787775039.265,0x0000000000000004,Active,Not Active,Not Active,Not Active,100 %,P2,350.00 W
1787775044.641,0x0000000000000024,Active,Not Active,Active,Not Active,100 %,P2,350.00 W
1787775050.009,0x0000000000000004,Active,Not Active,Not Active,Not Active,100 %,P2,350.00 W
1787775055.386,0x0000000000000024,Active,Not Active,Active,Not Active,100 %,P2,350.00 W
1787775060.762,0x0000000000000020,Not Active,Not Active,Active,Not Active,100 %,P2,350.00 W
1787775066.094,0x0000000000000004,Active,Not Active,Not Active,Not Active,100 %,P2,350.00 W
1787775071.449,0x0000000000000004,Active,Not Active,Not Active,Not Active,100 %,P2,350.00 W
1787775076.805,0x0000000000000004,Active,Not Active,Not Active,Not Active,100 %,P2,350.00 W
1787775082.167,0x0000000000000004,Active,Not Active,Not Active,Not Active,100 %,P2,350.00 W
1787775087.521,0x0000000000000004,Active,Not Active,Not Active,Not Active,100 %,P2,350.00 W
1787775092.892,0x0000000000000004,Active,Not Active,Not Active,Not Active,100 %,P2,350.00 W
1787775098.257,0x0000000000000004,Active,Not Active,Not Active,Not Active,100 %,P2,350.00 W
1787775103.622,0x0000000000000004,Active,Not Active,Not Active,Not Active,100 %,P2,350.00 W
1787775108.993,0x0000000000000020,Not Active,Not Active,Active,Not Active,100 %,P2,350.00 W
1787775114.298,0x0000000000000004,Active,Not Active,Not Active,Not Active,100 %,P2,350.00 W
1787775119.740,0x0000000000000004,Active,Not Active,Not Active,Not Active,100 %,P2,350.00 W
1787775125.107,0x0000000000000004,Active,Not Active,Not Active,Not Active,100 %,P2,350.00 W
1787775130.455,0x0000000000000004,Active,Not Active,Not Active,Not Active,100 %,P2,350.00 W
1787775135.816,0x0000000000000004,Active,Not Active,Not Active,Not Active,100 %,P2,350.00 W
1787775141.169,0x0000000000000004,Active,Not Active,Not Active,Not Active,100 %,P2,350.00 W
1787775146.532,0x0000000000000004,Active,Not Active,Not Active,Not Active,100 %,P2,350.00 W
1787775151.899,0x0000000000000004,Active,Not Active,Not Active,Not Active,100 %,P2,350.00 W
1787775157.275,0x0000000000000004,Active,Not Active,Not Active,Not Active,100 %,P2,350.00 W
1787775162.654,0x0000000000000004,Active,Not Active,Not Active,Not Active,100 %,P2,350.00 W
1787775168.030,0x0000000000000004,Active,Not Active,Not Active,Not Active,100 %,P2,350.00 W
1787775173.394,0x0000000000000004,Active,Not Active,Not Active,Not Active,100 %,P2,350.00 W
1787775178.749,0x0000000000000004,Active,Not Active,Not Active,Not Active,100 %,P2,350.00 W
1787775184.116,0x0000000000000004,Active,Not Active,Not Active,Not Active,100 %,P2,350.00 W
1787775189.480,0x0000000000000004,Active,Not Active,Not Active,Not Active,100 %,P2,350.00 W
1787775194.834,0x0000000000000004,Active,Not Active,Not Active,Not Active,100 %,P2,350.00 W
1787775200.206,0x0000000000000004,Active,Not Active,Not Active,Not Active,100 %,P2,350.00 W
1787775205.552,0x0000000000000004,Active,Not Active,Not Active,Not Active,100 %,P2,350.00 W
1787775210.907,0x0000000000000004,Active,Not Active,Not Active,Not Active,100 %,P2,350.00 W
1787775216.271,0x0000000000000004,Active,Not Active,Not Active,Not Active,100 %,P2,350.00 W
1787775221.633,0x0000000000000004,Active,Not Active,Not Active,Not Active,100 %,P2,350.00 W
1787775227.004,0x0000000000000004,Active,Not Active,Not Active,Not Active,100 %,P2,350.00 W
1787775232.353,0x0000000000000020,Not Active,Not Active,Active,Not Active,100 %,P2,350.00 W
1787775237.715,0x0000000000000004,Active,Not Active,Not Active,Not Active,100 %,P2,350.00 W
1787775243.082,0x0000000000000004,Active,Not Active,Not Active,Not Active,100 %,P2,350.00 W
1787775248.450,0x0000000000000004,Active,Not Active,Not Active,Not Active,100 %,P2,350.00 W
1787775253.826,0x0000000000000004,Active,Not Active,Not Active,Not Active,100 %,P2,350.00 W
1787775259.195,0x0000000000000004,Active,Not Active,Not Active,Not Active,100 %,P2,350.00 W
1787775264.571,0x0000000000000020,Not Active,Not Active,Active,Not Active,100 %,P2,350.00 W
1787775269.928,0x0000000000000004,Active,Not Active,Not Active,Not Active,100 %,P2,350.00 W
1787775275.284,0x0000000000000004,Active,Not Active,Not Active,Not Active,100 %,P2,350.00 W
1787775280.665,0x0000000000000004,Active,Not Active,Not Active,Not Active,100 %,P2,350.00 W
1787775286.024,0x0000000000000004,Active,Not Active,Not Active,Not Active,100 %,P2,350.00 W
1787775291.389,0x0000000000000004,Active,Not Active,Not Active,Not Active,100 %,P2,350.00 W
1787775296.743,0x0000000000000004,Active,Not Active,Not Active,Not Active,100 %,P2,350.00 W
1787775302.121,0x0000000000000004,Active,Not Active,Not Active,Not Active,100 %,P2,350.00 W
1787775307.474,0x0000000000000004,Active,Not Active,Not Active,Not Active,100 %,P2,350.00 W
1787775312.835,0x0000000000000004,Active,Not Active,Not Active,Not Active,100 %,P2,350.00 W
1787775318.204,0x0000000000000004,Active,Not Active,Not Active,Not Active,100 %,P2,350.00 W
1787775323.564,0x0000000000000004,Active,Not Active,Not Active,Not Active,100 %,P2,350.00 W
1787775328.929,0x0000000000000004,Active,Not Active,Not Active,Not Active,100 %,P2,350.00 W
1787775334.294,0x0000000000000004,Active,Not Active,Not Active,Not Active,100 %,P2,350.00 W
1787775339.657,0x0000000000000004,Active,Not Active,Not Active,Not Active,100 %,P2,350.00 W
1787775345.009,0x0000000000000004,Active,Not Active,Not Active,Not Active,100 %,P2,350.00 W
1787775350.324,0x0000000000000004,Active,Not Active,Not Active,Not Active,100 %,P2,350.00 W
1787775355.735,0x0000000000000004,Active,Not Active,Not Active,Not Active,100 %,P2,350.00 W
1787775361.096,0x0000000000000004,Active,Not Active,Not Active,Not Active,100 %,P2,350.00 W
1787775366.450,0x0000000000000004,Active,Not Active,Not Active,Not Active,100 %,P2,350.00 W
1787775371.809,0x0000000000000004,Active,Not Active,Not Active,Not Active,100 %,P2,350.00 W
1787775377.176,0x0000000000000004,Active,Not Active,Not Active,Not Active,100 %,P2,350.00 W
1787775382.524,0x0000000000000004,Active,Not Active,Not Active,Not Active,100 %,P2,350.00 W
1787775387.879,0x0000000000000004,Active,Not Active,Not Active,Not Active,100 %,P2,350.00 W
1787775393.232,0x0000000000000004,Active,Not Active,Not Active,Not Active,100 %,P2,350.00 W
1787775398.600,0x0000000000000004,Active,Not Active,Not Active,Not Active,100 %,P2,350.00 W
1787775403.930,0x0000000000000004,Active,Not Active,Not Active,Not Active,100 %,P2,350.00 W
1787775409.311,0x0000000000000004,Active,Not Active,Not Active,Not Active,100 %,P2,350.00 W
1787775414.671,0x0000000000000004,Active,Not Active,Not Active,Not Active,100 %,P2,350.00 W
1787775420.035,0x0000000000000004,Active,Not Active,Not Active,Not Active,100 %,P2,350.00 W
1787775425.388,0x0000000000000004,Active,Not Active,Not Active,Not Active,100 %,P2,350.00 W
1787775430.764,0x0000000000000004,Active,Not Active,Not Active,Not Active,100 %,P2,350.00 W
1787775436.135,0x0000000000000004,Active,Not Active,Not Active,Not Active,100 %,P2,350.00 W
1787775441.498,0x0000000000000004,Active,Not Active,Not Active,Not Active,100 %,P2,350.00 W
1787775446.859,0x0000000000000004,Active,Not Active,Not Active,Not Active,100 %,P2,350.00 W
1787775452.227,0x0000000000000004,Active,Not Active,Not Active,Not Active,100 %,P2,350.00 W
1787775457.588,0x0000000000000004,Active,Not Active,Not Active,Not Active,100 %,P2,350.00 W
1787775462.971,0x0000000000000004,Active,Not Active,Not Active,Not Active,100 %,P2,350.00 W
1787775468.323,0x0000000000000004,Active,Not Active,Not Active,Not Active,100 %,P2,350.00 W
1787775473.687,0x0000000000000004,Active,Not Active,Not Active,Not Active,100 %,P2,350.00 W
1787775479.048,0x0000000000000004,Active,Not Active,Not Active,Not Active,100 %,P2,350.00 W
1787775484.404,0x0000000000000004,Active,Not Active,Not Active,Not Active,100 %,P2,350.00 W
1787775489.776,0x0000000000000004,Active,Not Active,Not Active,Not Active,100 %,P2,350.00 W
1787775495.146,0x0000000000000004,Active,Not Active,Not Active,Not Active,100 %,P2,350.00 W
1787775500.520,0x0000000000000004,Active,Not Active,Not Active,Not Active,100 %,P2,350.00 W
1787775505.865,0x0000000000000004,Active,Not Active,Not Active,Not Active,100 %,P2,350.00 W
1787775511.224,0x0000000000000024,Active,Not Active,Active,Not Active,100 %,P2,350.00 W
1787775516.606,0x0000000000000024,Active,Not Active,Active,Not Active,100 %,P2,350.00 W
1787775521.976,0x0000000000000004,Active,Not Active,Not Active,Not Active,100 %,P2,350.00 W
1787775527.326,0x0000000000000020,Not Active,Not Active,Active,Not Active,100 %,P2,350.00 W
1787775532.667,0x0000000000000004,Active,Not Active,Not Active,Not Active,100 %,P2,350.00 W
1787775538.033,0x0000000000000004,Active,Not Active,Not Active,Not Active,100 %,P2,350.00 W
1787775543.385,0x0000000000000004,Active,Not Active,Not Active,Not Active,100 %,P2,350.00 W
1787775548.736,0x0000000000000004,Active,Not Active,Not Active,Not Active,100 %,P2,350.00 W
1787775554.104,0x0000000000000004,Active,Not Active,Not Active,Not Active,100 %,P2,350.00 W
1787775559.462,0x0000000000000004,Active,Not Active,Not Active,Not Active,100 %,P2,350.00 W
1787775564.807,0x0000000000000004,Active,Not Active,Not Active,Not Active,100 %,P2,350.00 W
1787775570.175,0x0000000000000004,Active,Not Active,Not Active,Not Active,100 %,P2,350.00 W
1787775575.554,0x0000000000000004,Active,Not Active,Not Active,Not Active,100 %,P2,350.00 W
1787775580.906,0x0000000000000004,Active,Not Active,Not Active,Not Active,100 %,P2,350.00 W
1787775586.197,0x0000000000000004,Active,Not Active,Not Active,Not Active,100 %,P2,350.00 W
1787775591.616,0x0000000000000004,Active,Not Active,Not Active,Not Active,100 %,P2,350.00 W
1787775596.998,0x0000000000000004,Active,Not Active,Not Active,Not Active,100 %,P2,350.00 W
1787775602.352,0x0000000000000020,Not Active,Not Active,Active,Not Active,100 %,P2,350.00 W
1787775607.717,0x0000000000000020,Not Active,Not Active,Active,Not Active,100 %,P2,350.00 W
1787775613.097,0x0000000000000004,Active,Not Active,Not Active,Not Active,100 %,P2,350.00 W
1787775618.466,0x0000000000000004,Active,Not Active,Not Active,Not Active,100 %,P2,350.00 W
1787775623.848,0x0000000000000020,Not Active,Not Active,Active,Not Active,100 %,P2,350.00 W
1787775629.218,0x0000000000000004,Active,Not Active,Not Active,Not Active,100 %,P2,350.00 W
1787775634.591,0x0000000000000004,Active,Not Active,Not Active,Not Active,100 %,P2,350.00 W
1787775639.961,0x0000000000000004,Active,Not Active,Not Active,Not Active,100 %,P2,350.00 W
1787775645.319,0x0000000000000004,Active,Not Active,Not Active,Not Active,100 %,P2,350.00 W
1787775650.681,0x0000000000000004,Active,Not Active,Not Active,Not Active,100 %,P2,350.00 W
1787775656.025,0x0000000000000004,Active,Not Active,Not Active,Not Active,100 %,P2,350.00 W
1787775661.396,0x0000000000000004,Active,Not Active,Not Active,Not Active,100 %,P2,350.00 W
1787775666.757,0x0000000000000004,Active,Not Active,Not Active,Not Active,100 %,P2,350.00 W
1787775672.118,0x0000000000000004,Active,Not Active,Not Active,Not Active,100 %,P2,350.00 W
1787775677.488,0x0000000000000004,Active,Not Active,Not Active,Not Active,100 %,P2,350.00 W
1787775682.855,0x0000000000000004,Active,Not Active,Not Active,Not Active,100 %,P2,350.00 W
1787775688.198,0x0000000000000004,Active,Not Active,Not Active,Not Active,100 %,P2,350.00 W
1787775693.569,0x0000000000000020,Not Active,Not Active,Active,Not Active,100 %,P2,350.00 W
1787775698.931,0x0000000000000004,Active,Not Active,Not Active,Not Active,100 %,P2,350.00 W
1787775704.303,0x0000000000000004,Active,Not Active,Not Active,Not Active,100 %,P2,350.00 W
1787775709.668,0x0000000000000004,Active,Not Active,Not Active,Not Active,100 %,P2,350.00 W
1787775715.017,0x0000000000000004,Active,Not Active,Not Active,Not Active,100 %,P2,350.00 W
1787775720.393,0x0000000000000004,Active,Not Active,Not Active,Not Active,100 %,P2,350.00 W
1787775725.761,0x0000000000000004,Active,Not Active,Not Active,Not Active,100 %,P2,350.00 W
1787775731.121,0x0000000000000004,Active,Not Active,Not Active,Not Active,100 %,P2,350.00 W
1787775736.491,0x0000000000000004,Active,Not Active,Not Active,Not Active,100 %,P2,350.00 W
1787775741.837,0x0000000000000004,Active,Not Active,Not Active,Not Active,100 %,P2,350.00 W
1787775747.203,0x0000000000000004,Active,Not Active,Not Active,Not Active,100 %,P2,350.00 W
1787775752.574,0x0000000000000004,Active,Not Active,Not Active,Not Active,100 %,P2,350.00 W
1787775757.926,0x0000000000000004,Active,Not Active,Not Active,Not Active,100 %,P2,350.00 W
1787775763.299,0x0000000000000004,Active,Not Active,Not Active,Not Active,100 %,P2,350.00 W
1787775768.669,0x0000000000000004,Active,Not Active,Not Active,Not Active,100 %,P2,350.00 W
1787775774.043,0x0000000000000004,Active,Not Active,Not Active,Not Active,100 %,P2,350.00 W
1787775779.427,0x0000000000000004,Active,Not Active,Not Active,Not Active,100 %,P2,350.00 W
1787775784.801,0x0000000000000004,Active,Not Active,Not Active,Not Active,100 %,P2,350.00 W
1787775790.174,0x0000000000000004,Active,Not Active,Not Active,Not Active,100 %,P2,350.00 W
1787775795.532,0x0000000000000004,Active,Not Active,Not Active,Not Active,100 %,P2,350.00 W
1787775800.908,0x0000000000000004,Active,Not Active,Not Active,Not Active,100 %,P2,350.00 W
1787775806.270,0x0000000000000004,Active,Not Active,Not Active,Not Active,100 %,P2,350.00 W
1787775811.632,0x0000000000000004,Active,Not Active,Not Active,Not Active,100 %,P2,350.00 W
1787775816.994,0x0000000000000004,Active,Not Active,Not Active,Not Active,100 %,P2,350.00 W
1787775822.296,0x0000000000000004,Active,Not Active,Not Active,Not Active,100 %,P2,350.00 W
1787775827.729,0x0000000000000004,Active,Not Active,Not Active,Not Active,100 %,P2,350.00 W
1787775833.104,0x0000000000000004,Active,Not Active,Not Active,Not Active,100 %,P2,350.00 W
1787775838.473,0x0000000000000004,Active,Not Active,Not Active,Not Active,100 %,P2,350.00 W
1787775843.829,0x0000000000000004,Active,Not Active,Not Active,Not Active,100 %,P2,350.00 W
1787775849.207,0x0000000000000004,Active,Not Active,Not Active,Not Active,100 %,P2,350.00 W
1787775854.571,0x0000000000000004,Active,Not Active,Not Active,Not Active,100 %,P2,350.00 W
1787775859.924,0x0000000000000024,Active,Not Active,Active,Not Active,100 %,P2,350.00 W
1787775865.286,0x0000000000000004,Active,Not Active,Not Active,Not Active,100 %,P2,350.00 W
1787775870.649,0x0000000000000004,Active,Not Active,Not Active,Not Active,100 %,P2,350.00 W
1787775876.021,0x0000000000000004,Active,Not Active,Not Active,Not Active,100 %,P2,350.00 W
1787775881.372,0x0000000000000004,Active,Not Active,Not Active,Not Active,100 %,P2,350.00 W
1787775886.740,0x0000000000000004,Active,Not Active,Not Active,Not Active,100 %,P2,350.00 W
1787775892.114,0x0000000000000004,Active,Not Active,Not Active,Not Active,100 %,P2,350.00 W
1787775897.472,0x0000000000000004,Active,Not Active,Not Active,Not Active,100 %,P2,350.00 W
1787775902.835,0x0000000000000004,Active,Not Active,Not Active,Not Active,100 %,P2,350.00 W
1787775908.189,0x0000000000000004,Active,Not Active,Not Active,Not Active,100 %,P2,350.00 W
1787775913.563,0x0000000000000004,Active,Not Active,Not Active,Not Active,100 %,P2,350.00 W
1787775918.940,0x0000000000000004,Active,Not Active,Not Active,Not Active,100 %,P2,350.00 W
1787775924.298,0x0000000000000004,Active,Not Active,Not Active,Not Active,100 %,P2,350.00 W
1787775929.658,0x0000000000000004,Active,Not Active,Not Active,Not Active,100 %,P2,350.00 W
1787775935.018,0x0000000000000004,Active,Not Active,Not Active,Not Active,100 %,P2,350.00 W
1787775940.383,0x0000000000000004,Active,Not Active,Not Active,Not Active,100 %,P2,350.00 W
1787775945.748,0x0000000000000004,Active,Not Active,Not Active,Not Active,100 %,P2,350.00 W
1787775951.114,0x0000000000000004,Active,Not Active,Not Active,Not Active,100 %,P2,350.00 W
1787775956.485,0x0000000000000004,Active,Not Active,Not Active,Not Active,100 %,P2,350.00 W
1787775961.856,0x0000000000000004,Active,Not Active,Not Active,Not Active,100 %,P2,350.00 W
1787775967.208,0x0000000000000004,Active,Not Active,Not Active,Not Active,100 %,P2,350.00 W
1787775972.575,0x0000000000000004,Active,Not Active,Not Active,Not Active,100 %,P2,350.00 W
1787775977.925,0x0000000000000004,Active,Not Active,Not Active,Not Active,100 %,P2,350.00 W
1787775983.305,0x0000000000000020,Not Active,Not Active,Active,Not Active,100 %,P2,350.00 W
1787775988.668,0x0000000000000000,Not Active,Not Active,Not Active,Not Active,100 %,P2,350.00 W
1787775994.036,0x0000000000000004,Active,Not Active,Not Active,Not Active,91 %,P2,350.00 W
1787775999.390,0x0000000000000004,Active,Not Active,Not Active,Not Active,83 %,P2,350.00 W
1787776004.759,0x0000000000000004,Active,Not Active,Not Active,Not Active,81 %,P2,350.00 W
1787776010.126,0x0000000000000004,Active,Not Active,Not Active,Not Active,81 %,P2,350.00 W
1787776015.489,0x0000000000000004,Active,Not Active,Not Active,Not Active,81 %,P2,350.00 W
1787776020.848,0x0000000000000004,Active,Not Active,Not Active,Not Active,84 %,P2,350.00 W
1787776026.219,0x0000000000000004,Active,Not Active,Not Active,Not Active,86 %,P2,350.00 W
1787776031.595,0x0000000000000004,Active,Not Active,Not Active,Not Active,91 %,P2,350.00 W
1787776036.960,0x0000000000000004,Active,Not Active,Not Active,Not Active,98 %,P2,350.00 W
1787776042.334,0x0000000000000004,Active,Not Active,Not Active,Not Active,99 %,P2,350.00 W
1787776047.705,0x0000000000000004,Active,Not Active,Not Active,Not Active,100 %,P2,350.00 W
1787776053.066,0x0000000000000004,Active,Not Active,Not Active,Not Active,100 %,P2,350.00 W
1787776058.348,0x0000000000000004,Active,Not Active,Not Active,Not Active,100 %,P2,350.00 W
1787776063.775,0x0000000000000004,Active,Not Active,Not Active,Not Active,100 %,P2,350.00 W
1787776069.146,0x0000000000000004,Active,Not Active,Not Active,Not Active,100 %,P2,350.00 W
1787776074.506,0x0000000000000004,Active,Not Active,Not Active,Not Active,100 %,P2,350.00 W
1787776079.874,0x0000000000000004,Active,Not Active,Not Active,Not Active,100 %,P2,350.00 W
1787776085.239,0x0000000000000004,Active,Not Active,Not Active,Not Active,100 %,P2,350.00 W
1787776090.601,0x0000000000000004,Active,Not Active,Not Active,Not Active,100 %,P2,350.00 W
1787776095.964,0x0000000000000004,Active,Not Active,Not Active,Not Active,100 %,P2,350.00 W
1787776101.337,0x0000000000000004,Active,Not Active,Not Active,Not Active,100 %,P2,350.00 W
1787776106.692,0x0000000000000004,Active,Not Active,Not Active,Not Active,100 %,P2,350.00 W
1787776112.054,0x0000000000000004,Active,Not Active,Not Active,Not Active,100 %,P2,350.00 W
1787776117.412,0x0000000000000004,Active,Not Active,Not Active,Not Active,100 %,P2,350.00 W
1787776122.775,0x0000000000000004,Active,Not Active,Not Active,Not Active,100 %,P2,350.00 W
1787776128.139,0x0000000000000004,Active,Not Active,Not Active,Not Active,100 %,P2,350.00 W
1787776133.492,0x0000000000000004,Active,Not Active,Not Active,Not Active,100 %,P2,350.00 W
1787776138.845,0x0000000000000004,Active,Not Active,Not Active,Not Active,100 %,P2,350.00 W
1787776144.204,0x0000000000000004,Active,Not Active,Not Active,Not Active,100 %,P2,350.00 W
1787776149.558,0x0000000000000004,Active,Not Active,Not Active,Not Active,100 %,P2,350.00 W
1787776154.917,0x0000000000000004,Active,Not Active,Not Active,Not Active,100 %,P2,350.00 W
1787776160.280,0x0000000000000004,Active,Not Active,Not Active,Not Active,100 %,P2,350.00 W
1787776165.638,0x0000000000000004,Active,Not Active,Not Active,Not Active,100 %,P2,350.00 W
1787776170.992,0x0000000000000004,Active,Not Active,Not Active,Not Active,100 %,P2,350.00 W
1787776176.355,0x0000000000000004,Active,Not Active,Not Active,Not Active,100 %,P2,350.00 W
1787776181.733,0x0000000000000004,Active,Not Active,Not Active,Not Active,100 %,P2,350.00 W
1787776187.104,0x0000000000000004,Active,Not Active,Not Active,Not Active,100 %,P2,350.00 W
1787776192.457,0x0000000000000004,Active,Not Active,Not Active,Not Active,100 %,P2,350.00 W
1787776197.813,0x0000000000000004,Active,Not Active,Not Active,Not Active,100 %,P2,350.00 W
1787776203.168,0x0000000000000004,Active,Not Active,Not Active,Not Active,100 %,P2,350.00 W
1787776208.538,0x0000000000000004,Active,Not Active,Not Active,Not Active,100 %,P2,350.00 W
1787776213.916,0x0000000000000004,Active,Not Active,Not Active,Not Active,100 %,P2,350.00 W
1787776219.283,0x0000000000000004,Active,Not Active,Not Active,Not Active,100 %,P2,350.00 W
1787776224.656,0x0000000000000004,Active,Not Active,Not Active,Not Active,100 %,P2,350.00 W
1787776230.028,0x0000000000000020,Not Active,Not Active,Active,Not Active,100 %,P2,350.00 W
1787776235.400,0x0000000000000004,Active,Not Active,Not Active,Not Active,100 %,P2,350.00 W
1787776240.771,0x0000000000000004,Active,Not Active,Not Active,Not Active,100 %,P2,350.00 W
1787776246.118,0x0000000000000004,Active,Not Active,Not Active,Not Active,100 %,P2,350.00 W
1787776251.467,0x0000000000000004,Active,Not Active,Not Active,Not Active,100 %,P2,350.00 W
1787776256.823,0x0000000000000004,Active,Not Active,Not Active,Not Active,100 %,P2,350.00 W
1787776262.187,0x0000000000000004,Active,Not Active,Not Active,Not Active,100 %,P2,350.00 W
1787776267.558,0x0000000000000004,Active,Not Active,Not Active,Not Active,100 %,P2,350.00 W
1787776272.920,0x0000000000000004,Active,Not Active,Not Active,Not Active,100 %,P2,350.00 W
1787776278.289,0x0000000000000004,Active,Not Active,Not Active,Not Active,100 %,P2,350.00 W
1787776283.651,0x0000000000000004,Active,Not Active,Not Active,Not Active,100 %,P2,350.00 W
1787776289.010,0x0000000000000004,Active,Not Active,Not Active,Not Active,100 %,P2,350.00 W
1787776294.311,0x0000000000000004,Active,Not Active,Not Active,Not Active,100 %,P2,350.00 W
1787776299.726,0x0000000000000004,Active,Not Active,Not Active,Not Active,100 %,P2,350.00 W
1787776305.065,0x0000000000000004,Active,Not Active,Not Active,Not Active,100 %,P2,350.00 W
1787776310.434,0x0000000000000004,Active,Not Active,Not Active,Not Active,100 %,P2,350.00 W
1787776315.801,0x0000000000000004,Active,Not Active,Not Active,Not Active,100 %,P2,350.00 W
1787776321.164,0x0000000000000004,Active,Not Active,Not Active,Not Active,100 %,P2,350.00 W
1787776326.538,0x0000000000000004,Active,Not Active,Not Active,Not Active,100 %,P2,350.00 W
1787776331.877,0x0000000000000004,Active,Not Active,Not Active,Not Active,100 %,P2,350.00 W
1787776337.252,0x0000000000000004,Active,Not Active,Not Active,Not Active,100 %,P2,350.00 W
1787776342.607,0x0000000000000004,Active,Not Active,Not Active,Not Active,100 %,P2,350.00 W
1787776347.981,0x0000000000000004,Active,Not Active,Not Active,Not Active,100 %,P2,350.00 W
1787776353.353,0x0000000000000024,Active,Not Active,Active,Not Active,100 %,P2,350.00 W
1787776358.725,0x0000000000000004,Active,Not Active,Not Active,Not Active,100 %,P2,350.00 W
1787776364.107,0x0000000000000004,Active,Not Active,Not Active,Not Active,100 %,P2,350.00 W
1787776369.472,0x0000000000000004,Active,Not Active,Not Active,Not Active,100 %,P2,350.00 W
1787776374.836,0x0000000000000004,Active,Not Active,Not Active,Not Active,100 %,P2,350.00 W
1787776380.199,0x0000000000000004,Active,Not Active,Not Active,Not Active,100 %,P2,350.00 W
1787776385.555,0x0000000000000004,Active,Not Active,Not Active,Not Active,100 %,P2,350.00 W
1787776390.897,0x0000000000000004,Active,Not Active,Not Active,Not Active,100 %,P2,350.00 W
1787776396.258,0x0000000000000004,Active,Not Active,Not Active,Not Active,100 %,P2,350.00 W
1787776401.606,0x0000000000000004,Active,Not Active,Not Active,Not Active,100 %,P2,350.00 W
1787776406.968,0x0000000000000004,Active,Not Active,Not Active,Not Active,100 %,P2,350.00 W
1787776412.319,0x0000000000000004,Active,Not Active,Not Active,Not Active,100 %,P2,350.00 W
1787776417.691,0x0000000000000004,Active,Not Active,Not Active,Not Active,100 %,P2,350.00 W
1787776423.052,0x0000000000000004,Active,Not Active,Not Active,Not Active,100 %,P2,350.00 W
1787776428.410,0x0000000000000004,Active,Not Active,Not Active,Not Active,100 %,P2,350.00 W
1787776433.770,0x0000000000000004,Active,Not Active,Not Active,Not Active,100 %,P2,350.00 W
1787776439.132,0x0000000000000004,Active,Not Active,Not Active,Not Active,100 %,P2,350.00 W
1787776444.506,0x0000000000000004,Active,Not Active,Not Active,Not Active,100 %,P2,350.00 W
1787776449.882,0x0000000000000004,Active,Not Active,Not Active,Not Active,100 %,P2,350.00 W
1787776455.231,0x0000000000000004,Active,Not Active,Not Active,Not Active,100 %,P2,350.00 W
1787776460.579,0x0000000000000004,Active,Not Active,Not Active,Not Active,100 %,P2,350.00 W
1787776465.925,0x0000000000000004,Active,Not Active,Not Active,Not Active,100 %,P2,350.00 W
1787776471.304,0x0000000000000004,Active,Not Active,Not Active,Not Active,100 %,P2,350.00 W
1787776476.664,0x0000000000000004,Active,Not Active,Not Active,Not Active,100 %,P2,350.00 W
1787776482.028,0x0000000000000024,Active,Not Active,Active,Not Active,100 %,P2,350.00 W
1787776487.408,0x0000000000000004,Active,Not Active,Not Active,Not Active,100 %,P2,350.00 W
1787776492.778,0x0000000000000024,Active,Not Active,Active,Not Active,100 %,P2,350.00 W
1787776498.164,0x0000000000000004,Active,Not Active,Not Active,Not Active,100 %,P2,350.00 W
1787776503.525,0x0000000000000004,Active,Not Active,Not Active,Not Active,100 %,P2,350.00 W
1787776508.904,0x0000000000000004,Active,Not Active,Not Active,Not Active,100 %,P2,350.00 W
1787776514.254,0x0000000000000004,Active,Not Active,Not Active,Not Active,100 %,P2,350.00 W
1787776519.622,0x0000000000000004,Active,Not Active,Not Active,Not Active,100 %,P2,350.00 W
1787776524.989,0x0000000000000004,Active,Not Active,Not Active,Not Active,100 %,P2,350.00 W
1787776530.283,0x0000000000000004,Active,Not Active,Not Active,Not Active,100 %,P2,350.00 W
1787776535.696,0x0000000000000004,Active,Not Active,Not Active,Not Active,100 %,P2,350.00 W
1787776541.051,0x0000000000000004,Active,Not Active,Not Active,Not Active,100 %,P2,350.00 W
1787776546.400,0x0000000000000004,Active,Not Active,Not Active,Not Active,100 %,P2,350.00 W
1787776551.751,0x0000000000000020,Not Active,Not Active,Active,Not Active,100 %,P2,350.00 W
1787776557.122,0x0000000000000004,Active,Not Active,Not Active,Not Active,100 %,P2,350.00 W
1787776562.487,0x0000000000000004,Active,Not Active,Not Active,Not Active,100 %,P2,350.00 W
1787776567.856,0x0000000000000020,Not Active,Not Active,Active,Not Active,100 %,P2,350.00 W
1787776573.226,0x0000000000000004,Active,Not Active,Not Active,Not Active,100 %,P2,350.00 W
1787776578.586,0x0000000000000004,Active,Not Active,Not Active,Not Active,100 %,P2,350.00 W
1787776583.955,0x0000000000000004,Active,Not Active,Not Active,Not Active,100 %,P2,350.00 W
1787776589.311,0x0000000000000004,Active,Not Active,Not Active,Not Active,100 %,P2,350.00 W
1787776594.678,0x0000000000000004,Active,Not Active,Not Active,Not Active,100 %,P2,350.00 W
1787776600.048,0x0000000000000004,Active,Not Active,Not Active,Not Active,100 %,P2,350.00 W
1787776605.408,0x0000000000000020,Not Active,Not Active,Active,Not Active,100 %,P2,350.00 W
1787776610.770,0x0000000000000004,Active,Not Active,Not Active,Not Active,100 %,P2,350.00 W
1787776616.126,0x0000000000000004,Active,Not Active,Not Active,Not Active,100 %,P2,350.00 W
1787776621.489,0x0000000000000004,Active,Not Active,Not Active,Not Active,100 %,P2,350.00 W
1787776626.871,0x0000000000000004,Active,Not Active,Not Active,Not Active,100 %,P2,350.00 W
1787776632.223,0x0000000000000004,Active,Not Active,Not Active,Not Active,100 %,P2,350.00 W
1787776637.567,0x0000000000000004,Active,Not Active,Not Active,Not Active,100 %,P2,350.00 W
1787776642.929,0x0000000000000004,Active,Not Active,Not Active,Not Active,100 %,P2,350.00 W
1787776648.283,0x0000000000000004,Active,Not Active,Not Active,Not Active,100 %,P2,350.00 W
1787776653.662,0x0000000000000004,Active,Not Active,Not Active,Not Active,100 %,P2,350.00 W
1787776659.020,0x0000000000000004,Active,Not Active,Not Active,Not Active,100 %,P2,350.00 W
1787776664.405,0x0000000000000004,Active,Not Active,Not Active,Not Active,100 %,P2,350.00 W
1787776669.776,0x0000000000000004,Active,Not Active,Not Active,Not Active,100 %,P2,350.00 W
1787776675.121,0x0000000000000004,Active,Not Active,Not Active,Not Active,100 %,P2,350.00 W
1787776680.489,0x0000000000000004,Active,Not Active,Not Active,Not Active,100 %,P2,350.00 W
1787776685.849,0x0000000000000004,Active,Not Active,Not Active,Not Active,100 %,P2,350.00 W
1787776691.209,0x0000000000000004,Active,Not Active,Not Active,Not Active,100 %,P2,350.00 W
1787776696.581,0x0000000000000004,Active,Not Active,Not Active,Not Active,100 %,P2,350.00 W
1787776701.958,0x0000000000000004,Active,Not Active,Not Active,Not Active,100 %,P2,350.00 W
1787776707.327,0x0000000000000004,Active,Not Active,Not Active,Not Active,100 %,P2,350.00 W
1787776712.693,0x0000000000000004,Active,Not Active,Not Active,Not Active,100 %,P2,350.00 W
1787776718.053,0x0000000000000004,Active,Not Active,Not Active,Not Active,100 %,P2,350.00 W
1787776723.420,0x0000000000000004,Active,Not Active,Not Active,Not Active,100 %,P2,350.00 W
1787776728.782,0x0000000000000004,Active,Not Active,Not Active,Not Active,100 %,P2,350.00 W
1787776734.142,0x0000000000000004,Active,Not Active,Not Active,Not Active,100 %,P2,350.00 W
1787776739.504,0x0000000000000004,Active,Not Active,Not Active,Not Active,100 %,P2,350.00 W
1787776744.853,0x0000000000000004,Active,Not Active,Not Active,Not Active,100 %,P2,350.00 W
1787776750.183,0x0000000000000004,Active,Not Active,Not Active,Not Active,100 %,P2,350.00 W
1787776755.542,0x0000000000000004,Active,Not Active,Not Active,Not Active,100 %,P2,350.00 W
1787776760.891,0x0000000000000024,Active,Not Active,Active,Not Active,100 %,P2,350.00 W
1787776766.204,0x0000000000000004,Active,Not Active,Not Active,Not Active,100 %,P2,350.00 W
1787776771.614,0x0000000000000004,Active,Not Active,Not Active,Not Active,100 %,P2,350.00 W
1787776776.984,0x0000000000000004,Active,Not Active,Not Active,Not Active,100 %,P2,350.00 W
1787776782.331,0x0000000000000004,Active,Not Active,Not Active,Not Active,100 %,P2,350.00 W
1787776787.697,0x0000000000000004,Active,Not Active,Not Active,Not Active,100 %,P2,350.00 W
1787776793.035,0x0000000000000004,Active,Not Active,Not Active,Not Active,100 %,P2,350.00 W
1787776798.411,0x0000000000000004,Active,Not Active,Not Active,Not Active,100 %,P2,350.00 W
1787776803.793,0x0000000000000004,Active,Not Active,Not Active,Not Active,100 %,P2,350.00 W
1787776809.137,0x0000000000000004,Active,Not Active,Not Active,Not Active,100 %,P2,350.00 W
1787776814.507,0x0000000000000004,Active,Not Active,Not Active,Not Active,100 %,P2,350.00 W
1787776819.883,0x0000000000000004,Active,Not Active,Not Active,Not Active,100 %,P2,350.00 W
1787776825.252,0x0000000000000004,Active,Not Active,Not Active,Not Active,100 %,P2,350.00 W
1787776830.588,0x0000000000000004,Active,Not Active,Not Active,Not Active,100 %,P2,350.00 W
1787776835.935,0x0000000000000004,Active,Not Active,Not Active,Not Active,100 %,P2,350.00 W
1787776841.302,0x0000000000000004,Active,Not Active,Not Active,Not Active,100 %,P2,350.00 W
1787776846.653,0x0000000000000004,Active,Not Active,Not Active,Not Active,100 %,P2,350.00 W
1787776852.028,0x0000000000000004,Active,Not Active,Not Active,Not Active,100 %,P2,350.00 W
1787776857.394,0x0000000000000004,Active,Not Active,Not Active,Not Active,100 %,P2,350.00 W
1787776862.754,0x0000000000000004,Active,Not Active,Not Active,Not Active,100 %,P2,350.00 W
1787776868.114,0x0000000000000004,Active,Not Active,Not Active,Not Active,100 %,P2,350.00 W
1787776873.485,0x0000000000000004,Active,Not Active,Not Active,Not Active,100 %,P2,350.00 W
1787776878.849,0x0000000000000004,Active,Not Active,Not Active,Not Active,100 %,P2,350.00 W
1787776884.214,0x0000000000000004,Active,Not Active,Not Active,Not Active,100 %,P2,350.00 W
1787776889.578,0x0000000000000004,Active,Not Active,Not Active,Not Active,100 %,P2,350.00 W
1787776894.936,0x0000000000000004,Active,Not Active,Not Active,Not Active,100 %,P2,350.00 W
1787776900.275,0x0000000000000004,Active,Not Active,Not Active,Not Active,100 %,P2,350.00 W
1787776905.639,0x0000000000000004,Active,Not Active,Not Active,Not Active,100 %,P2,350.00 W
1787776911.005,0x0000000000000024,Active,Not Active,Active,Not Active,100 %,P2,350.00 W
1787776916.367,0x0000000000000004,Active,Not Active,Not Active,Not Active,100 %,P2,350.00 W
1787776921.734,0x0000000000000004,Active,Not Active,Not Active,Not Active,100 %,P2,350.00 W
1787776927.098,0x0000000000000004,Active,Not Active,Not Active,Not Active,100 %,P2,350.00 W
1787776932.480,0x0000000000000004,Active,Not Active,Not Active,Not Active,100 %,P2,350.00 W
1787776937.842,0x0000000000000004,Active,Not Active,Not Active,Not Active,100 %,P2,350.00 W
1787776943.210,0x0000000000000004,Active,Not Active,Not Active,Not Active,100 %,P2,350.00 W
1787776948.572,0x0000000000000024,Active,Not Active,Active,Not Active,100 %,P2,350.00 W
1787776953.947,0x0000000000000004,Active,Not Active,Not Active,Not Active,100 %,P2,350.00 W
1787776959.291,0x0000000000000004,Active,Not Active,Not Active,Not Active,100 %,P2,350.00 W
1787776964.652,0x0000000000000004,Active,Not Active,Not Active,Not Active,100 %,P2,350.00 W
1787776970.035,0x0000000000000004,Active,Not Active,Not Active,Not Active,100 %,P2,350.00 W
1787776975.392,0x0000000000000004,Active,Not Active,Not Active,Not Active,100 %,P2,350.00 W
1787776980.769,0x0000000000000004,Active,Not Active,Not Active,Not Active,100 %,P2,350.00 W
1787776986.137,0x0000000000000004,Active,Not Active,Not Active,Not Active,100 %,P2,350.00 W
1787776991.496,0x0000000000000004,Active,Not Active,Not Active,Not Active,100 %,P2,350.00 W
1787776996.860,0x0000000000000004,Active,Not Active,Not Active,Not Active,100 %,P2,350.00 W
1787777002.148,0x0000000000000004,Active,Not Active,Not Active,Not Active,100 %,P2,350.00 W
1787777007.569,0x0000000000000004,Active,Not Active,Not Active,Not Active,100 %,P2,350.00 W
1787777012.929,0x0000000000000004,Active,Not Active,Not Active,Not Active,100 %,P2,350.00 W
1787777018.291,0x0000000000000004,Active,Not Active,Not Active,Not Active,100 %,P2,350.00 W
1787777023.651,0x0000000000000004,Active,Not Active,Not Active,Not Active,100 %,P2,350.00 W
1787777029.013,0x0000000000000004,Active,Not Active,Not Active,Not Active,100 %,P2,350.00 W
1787777034.388,0x0000000000000004,Active,Not Active,Not Active,Not Active,100 %,P2,350.00 W
1787777039.736,0x0000000000000004,Active,Not Active,Not Active,Not Active,100 %,P2,350.00 W
1787777045.074,0x0000000000000024,Active,Not Active,Active,Not Active,100 %,P2,350.00 W
1787777050.426,0x0000000000000004,Active,Not Active,Not Active,Not Active,100 %,P2,350.00 W
1787777055.799,0x0000000000000004,Active,Not Active,Not Active,Not Active,100 %,P2,350.00 W
1787777061.165,0x0000000000000004,Active,Not Active,Not Active,Not Active,100 %,P2,350.00 W
1787777066.533,0x0000000000000004,Active,Not Active,Not Active,Not Active,100 %,P2,350.00 W
1787777071.882,0x0000000000000004,Active,Not Active,Not Active,Not Active,100 %,P2,350.00 W
1787777077.246,0x0000000000000004,Active,Not Active,Not Active,Not Active,100 %,P2,350.00 W
1787777082.617,0x0000000000000020,Not Active,Not Active,Active,Not Active,100 %,P2,350.00 W
1787777087.979,0x0000000000000004,Active,Not Active,Not Active,Not Active,100 %,P2,350.00 W
1787777093.339,0x0000000000000004,Active,Not Active,Not Active,Not Active,100 %,P2,350.00 W
1787777098.713,0x0000000000000004,Active,Not Active,Not Active,Not Active,100 %,P2,350.00 W
1787777104.086,0x0000000000000004,Active,Not Active,Not Active,Not Active,100 %,P2,350.00 W
1787777109.458,0x0000000000000004,Active,Not Active,Not Active,Not Active,100 %,P2,350.00 W
1787777114.834,0x0000000000000004,Active,Not Active,Not Active,Not Active,100 %,P2,350.00 W
1787777120.203,0x0000000000000004,Active,Not Active,Not Active,Not Active,100 %,P2,350.00 W
1787777125.575,0x0000000000000004,Active,Not Active,Not Active,Not Active,100 %,P2,350.00 W
1787777130.946,0x0000000000000004,Active,Not Active,Not Active,Not Active,100 %,P2,350.00 W
1787777136.314,0x0000000000000004,Active,Not Active,Not Active,Not Active,100 %,P2,350.00 W
1787777141.683,0x0000000000000004,Active,Not Active,Not Active,Not Active,100 %,P2,350.00 W
1787777147.050,0x0000000000000004,Active,Not Active,Not Active,Not Active,100 %,P2,350.00 W
1787777152.419,0x0000000000000004,Active,Not Active,Not Active,Not Active,100 %,P2,350.00 W
1787777157.782,0x0000000000000004,Active,Not Active,Not Active,Not Active,99 %,P2,350.00 W
1787777163.143,0x0000000000000004,Active,Not Active,Not Active,Not Active,90 %,P2,350.00 W
1787777168.514,0x0000000000000004,Active,Not Active,Not Active,Not Active,87 %,P2,350.00 W
1787777173.868,0x0000000000000004,Active,Not Active,Not Active,Not Active,85 %,P2,350.00 W
1787777179.223,0x0000000000000020,Not Active,Not Active,Active,Not Active,86 %,P2,350.00 W
1787777184.581,0x0000000000000004,Active,Not Active,Not Active,Not Active,88 %,P2,350.00 W
1787777189.959,0x0000000000000004,Active,Not Active,Not Active,Not Active,92 %,P2,350.00 W
1787777195.335,0x0000000000000004,Active,Not Active,Not Active,Not Active,98 %,P2,350.00 W
1787777200.709,0x0000000000000020,Not Active,Not Active,Active,Not Active,99 %,P2,350.00 W
1787777206.052,0x0000000000000004,Active,Not Active,Not Active,Not Active,100 %,P2,350.00 W
1787777211.422,0x0000000000000004,Active,Not Active,Not Active,Not Active,100 %,P2,350.00 W
1787777216.793,0x0000000000000004,Active,Not Active,Not Active,Not Active,100 %,P2,350.00 W
1787777222.140,0x0000000000000004,Active,Not Active,Not Active,Not Active,100 %,P2,350.00 W
1787777227.490,0x0000000000000004,Active,Not Active,Not Active,Not Active,100 %,P2,350.00 W
1787777232.866,0x0000000000000020,Not Active,Not Active,Active,Not Active,100 %,P2,350.00 W
1787777238.172,0x0000000000000004,Active,Not Active,Not Active,Not Active,100 %,P2,350.00 W
1787777243.594,0x0000000000000004,Active,Not Active,Not Active,Not Active,100 %,P2,350.00 W
1787777248.952,0x0000000000000020,Not Active,Not Active,Active,Not Active,100 %,P2,350.00 W
1787777254.317,0x0000000000000004,Active,Not Active,Not Active,Not Active,100 %,P2,350.00 W
1787777259.677,0x0000000000000004,Active,Not Active,Not Active,Not Active,100 %,P2,350.00 W
1787777265.048,0x0000000000000004,Active,Not Active,Not Active,Not Active,100 %,P2,350.00 W
1787777270.415,0x0000000000000004,Active,Not Active,Not Active,Not Active,100 %,P2,350.00 W
1787777275.787,0x0000000000000004,Active,Not Active,Not Active,Not Active,100 %,P2,350.00 W
1787777281.153,0x0000000000000004,Active,Not Active,Not Active,Not Active,100 %,P2,350.00 W
1787777286.521,0x0000000000000004,Active,Not Active,Not Active,Not Active,100 %,P2,350.00 W
1787777291.882,0x0000000000000004,Active,Not Active,Not Active,Not Active,100 %,P2,350.00 W
1787777297.255,0x0000000000000004,Active,Not Active,Not Active,Not Active,100 %,P2,350.00 W
1787777302.637,0x0000000000000004,Active,Not Active,Not Active,Not Active,100 %,P2,350.00 W
1787777307.972,0x0000000000000004,Active,Not Active,Not Active,Not Active,100 %,P2,350.00 W
1787777313.353,0x0000000000000004,Active,Not Active,Not Active,Not Active,100 %,P2,350.00 W
1787777318.709,0x0000000000000004,Active,Not Active,Not Active,Not Active,100 %,P2,350.00 W
1787777324.081,0x0000000000000004,Active,Not Active,Not Active,Not Active,100 %,P2,350.00 W
1787777329.435,0x0000000000000004,Active,Not Active,Not Active,Not Active,100 %,P2,350.00 W
1787777334.808,0x0000000000000004,Active,Not Active,Not Active,Not Active,100 %,P2,350.00 W
1787777340.179,0x0000000000000004,Active,Not Active,Not Active,Not Active,100 %,P2,350.00 W
1787777345.524,0x0000000000000004,Active,Not Active,Not Active,Not Active,100 %,P2,350.00 W
1787777350.904,0x0000000000000004,Active,Not Active,Not Active,Not Active,100 %,P2,350.00 W
1787777356.281,0x0000000000000004,Active,Not Active,Not Active,Not Active,100 %,P2,350.00 W
1787777361.650,0x0000000000000004,Active,Not Active,Not Active,Not Active,100 %,P2,350.00 W
1787777367.000,0x0000000000000004,Active,Not Active,Not Active,Not Active,100 %,P2,350.00 W
1787777372.348,0x0000000000000004,Active,Not Active,Not Active,Not Active,100 %,P2,350.00 W
1787777377.714,0x0000000000000004,Active,Not Active,Not Active,Not Active,100 %,P2,350.00 W
1787777383.077,0x0000000000000004,Active,Not Active,Not Active,Not Active,100 %,P2,350.00 W
1787777388.426,0x0000000000000004,Active,Not Active,Not Active,Not Active,100 %,P2,350.00 W
1787777393.795,0x0000000000000004,Active,Not Active,Not Active,Not Active,100 %,P2,350.00 W
1787777399.132,0x0000000000000000,Not Active,Not Active,Not Active,Not Active,100 %,P2,350.00 W
1787777404.496,0x0000000000000004,Active,Not Active,Not Active,Not Active,100 %,P2,350.00 W
1787777409.851,0x0000000000000000,Not Active,Not Active,Not Active,Not Active,100 %,P2,350.00 W
1787777415.219,0x0000000000000004,Active,Not Active,Not Active,Not Active,100 %,P2,350.00 W
1787777420.580,0x0000000000000004,Active,Not Active,Not Active,Not Active,100 %,P2,350.00 W
1787777425.942,0x0000000000000004,Active,Not Active,Not Active,Not Active,100 %,P2,350.00 W
1787777431.295,0x0000000000000004,Active,Not Active,Not Active,Not Active,100 %,P2,350.00 W
1787777436.657,0x0000000000000004,Active,Not Active,Not Active,Not Active,100 %,P2,350.00 W
1787777442.006,0x0000000000000004,Active,Not Active,Not Active,Not Active,100 %,P2,350.00 W
1787777447.375,0x0000000000000004,Active,Not Active,Not Active,Not Active,100 %,P2,350.00 W
1787777452.747,0x0000000000000004,Active,Not Active,Not Active,Not Active,100 %,P2,350.00 W
1787777458.113,0x0000000000000004,Active,Not Active,Not Active,Not Active,100 %,P2,350.00 W
1787777463.470,0x0000000000000004,Active,Not Active,Not Active,Not Active,100 %,P2,350.00 W
1787777468.839,0x0000000000000004,Active,Not Active,Not Active,Not Active,100 %,P2,350.00 W
1787777474.137,0x0000000000000004,Active,Not Active,Not Active,Not Active,100 %,P2,350.00 W
1787777479.555,0x0000000000000004,Active,Not Active,Not Active,Not Active,100 %,P2,350.00 W
1787777484.905,0x0000000000000004,Active,Not Active,Not Active,Not Active,100 %,P2,350.00 W
1787777490.267,0x0000000000000004,Active,Not Active,Not Active,Not Active,100 %,P2,350.00 W
1787777495.629,0x0000000000000004,Active,Not Active,Not Active,Not Active,100 %,P2,350.00 W
1787777500.991,0x0000000000000004,Active,Not Active,Not Active,Not Active,100 %,P2,350.00 W
1787777506.360,0x0000000000000004,Active,Not Active,Not Active,Not Active,100 %,P2,350.00 W
1787777511.727,0x0000000000000004,Active,Not Active,Not Active,Not Active,100 %,P2,350.00 W
1787777517.081,0x0000000000000004,Active,Not Active,Not Active,Not Active,100 %,P2,350.00 W
1787777522.447,0x0000000000000004,Active,Not Active,Not Active,Not Active,100 %,P2,350.00 W
1787777527.802,0x0000000000000004,Active,Not Active,Not Active,Not Active,100 %,P2,350.00 W
1787777533.153,0x0000000000000004,Active,Not Active,Not Active,Not Active,100 %,P2,350.00 W
1787777538.495,0x0000000000000004,Active,Not Active,Not Active,Not Active,100 %,P2,350.00 W
1787777543.830,0x0000000000000004,Active,Not Active,Not Active,Not Active,100 %,P2,350.00 W
1787777549.195,0x0000000000000004,Active,Not Active,Not Active,Not Active,100 %,P2,350.00 W
1787777554.565,0x0000000000000004,Active,Not Active,Not Active,Not Active,100 %,P2,350.00 W
1787777559.924,0x0000000000000004,Active,Not Active,Not Active,Not Active,100 %,P2,350.00 W
1787777565.288,0x0000000000000004,Active,Not Active,Not Active,Not Active,100 %,P2,350.00 W
1787777570.656,0x0000000000000004,Active,Not Active,Not Active,Not Active,100 %,P2,350.00 W
1787777576.025,0x0000000000000004,Active,Not Active,Not Active,Not Active,100 %,P2,350.00 W
1787777581.389,0x0000000000000004,Active,Not Active,Not Active,Not Active,100 %,P2,350.00 W
1787777586.755,0x0000000000000004,Active,Not Active,Not Active,Not Active,100 %,P2,350.00 W
1787777592.115,0x0000000000000004,Active,Not Active,Not Active,Not Active,100 %,P2,350.00 W
1787777597.488,0x0000000000000004,Active,Not Active,Not Active,Not Active,100 %,P2,350.00 W
1787777602.849,0x0000000000000004,Active,Not Active,Not Active,Not Active,100 %,P2,350.00 W
1787777608.221,0x0000000000000004,Active,Not Active,Not Active,Not Active,100 %,P2,350.00 W
1787777613.576,0x0000000000000020,Not Active,Not Active,Active,Not Active,100 %,P2,350.00 W
1787777618.944,0x0000000000000004,Active,Not Active,Not Active,Not Active,100 %,P2,350.00 W
1787777624.306,0x0000000000000024,Active,Not Active,Active,Not Active,100 %,P2,350.00 W
1787777629.683,0x0000000000000004,Active,Not Active,Not Active,Not Active,100 %,P2,350.00 W
1787777635.049,0x0000000000000004,Active,Not Active,Not Active,Not Active,100 %,P2,350.00 W
1787777640.408,0x0000000000000004,Active,Not Active,Not Active,Not Active,100 %,P2,350.00 W
1787777645.784,0x0000000000000004,Active,Not Active,Not Active,Not Active,100 %,P2,350.00 W
1787777651.145,0x0000000000000004,Active,Not Active,Not Active,Not Active,100 %,P2,350.00 W
1787777656.509,0x0000000000000004,Active,Not Active,Not Active,Not Active,100 %,P2,350.00 W
1787777661.884,0x0000000000000020,Not Active,Not Active,Active,Not Active,100 %,P2,350.00 W
1787777667.249,0x0000000000000004,Active,Not Active,Not Active,Not Active,100 %,P2,350.00 W
1787777672.600,0x0000000000000004,Active,Not Active,Not Active,Not Active,100 %,P2,350.00 W
1787777677.977,0x0000000000000004,Active,Not Active,Not Active,Not Active,100 %,P2,350.00 W
1787777683.352,0x0000000000000004,Active,Not Active,Not Active,Not Active,100 %,P2,350.00 W
1787777688.709,0x0000000000000004,Active,Not Active,Not Active,Not Active,100 %,P2,350.00 W
1787777694.080,0x0000000000000004,Active,Not Active,Not Active,Not Active,100 %,P2,350.00 W
1787777699.435,0x0000000000000004,Active,Not Active,Not Active,Not Active,100 %,P2,350.00 W
1787777704.804,0x0000000000000004,Active,Not Active,Not Active,Not Active,100 %,P2,350.00 W
1787777710.113,0x0000000000000004,Active,Not Active,Not Active,Not Active,100 %,P2,350.00 W
1787777715.527,0x0000000000000004,Active,Not Active,Not Active,Not Active,100 %,P2,350.00 W
1787777720.899,0x0000000000000004,Active,Not Active,Not Active,Not Active,100 %,P2,350.00 W
1787777726.273,0x0000000000000004,Active,Not Active,Not Active,Not Active,100 %,P2,350.00 W
1787777731.641,0x0000000000000004,Active,Not Active,Not Active,Not Active,100 %,P2,350.00 W
1787777737.018,0x0000000000000004,Active,Not Active,Not Active,Not Active,100 %,P2,350.00 W
1787777742.389,0x0000000000000004,Active,Not Active,Not Active,Not Active,100 %,P2,350.00 W
1787777747.762,0x0000000000000020,Not Active,Not Active,Active,Not Active,100 %,P2,350.00 W
1787777753.137,0x0000000000000004,Active,Not Active,Not Active,Not Active,100 %,P2,350.00 W
1787777758.502,0x0000000000000004,Active,Not Active,Not Active,Not Active,100 %,P2,350.00 W
1787777763.873,0x0000000000000004,Active,Not Active,Not Active,Not Active,100 %,P2,350.00 W
1787777769.218,0x0000000000000004,Active,Not Active,Not Active,Not Active,100 %,P2,350.00 W
1787777774.580,0x0000000000000004,Active,Not Active,Not Active,Not Active,100 %,P2,350.00 W
1787777779.955,0x0000000000000004,Active,Not Active,Not Active,Not Active,100 %,P2,350.00 W
1787777785.326,0x0000000000000004,Active,Not Active,Not Active,Not Active,100 %,P2,350.00 W
1787777790.701,0x0000000000000004,Active,Not Active,Not Active,Not Active,100 %,P2,350.00 W
1787777796.069,0x0000000000000004,Active,Not Active,Not Active,Not Active,100 %,P2,350.00 W
1787777801.436,0x0000000000000020,Not Active,Not Active,Active,Not Active,100 %,P2,350.00 W
1787777806.800,0x0000000000000004,Active,Not Active,Not Active,Not Active,100 %,P2,350.00 W
1787777812.159,0x0000000000000004,Active,Not Active,Not Active,Not Active,100 %,P2,350.00 W
1787777817.530,0x0000000000000004,Active,Not Active,Not Active,Not Active,100 %,P2,350.00 W
1787777822.894,0x0000000000000004,Active,Not Active,Not Active,Not Active,100 %,P2,350.00 W
1787777828.244,0x0000000000000004,Active,Not Active,Not Active,Not Active,100 %,P2,350.00 W
1787777833.603,0x0000000000000004,Active,Not Active,Not Active,Not Active,100 %,P2,350.00 W
1787777838.978,0x0000000000000004,Active,Not Active,Not Active,Not Active,100 %,P2,350.00 W
1787777844.340,0x0000000000000004,Active,Not Active,Not Active,Not Active,100 %,P2,350.00 W
1787777849.714,0x0000000000000004,Active,Not Active,Not Active,Not Active,100 %,P2,350.00 W
1787777855.070,0x0000000000000004,Active,Not Active,Not Active,Not Active,100 %,P2,350.00 W
1787777860.440,0x0000000000000004,Active,Not Active,Not Active,Not Active,100 %,P2,350.00 W
1787777865.794,0x0000000000000004,Active,Not Active,Not Active,Not Active,100 %,P2,350.00 W
1787777871.164,0x0000000000000004,Active,Not Active,Not Active,Not Active,100 %,P2,350.00 W
1787777876.519,0x0000000000000020,Not Active,Not Active,Active,Not Active,100 %,P2,350.00 W
1787777881.891,0x0000000000000004,Active,Not Active,Not Active,Not Active,100 %,P2,350.00 W
1787777887.265,0x0000000000000004,Active,Not Active,Not Active,Not Active,100 %,P2,350.00 W
1787777892.615,0x0000000000000004,Active,Not Active,Not Active,Not Active,100 %,P2,350.00 W
1787777897.980,0x0000000000000004,Active,Not Active,Not Active,Not Active,100 %,P2,350.00 W
1787777903.344,0x0000000000000004,Active,Not Active,Not Active,Not Active,100 %,P2,350.00 W
1787777908.710,0x0000000000000004,Active,Not Active,Not Active,Not Active,100 %,P2,350.00 W
1787777914.070,0x0000000000000004,Active,Not Active,Not Active,Not Active,100 %,P2,350.00 W
1787777919.438,0x0000000000000004,Active,Not Active,Not Active,Not Active,100 %,P2,350.00 W
1787777924.807,0x0000000000000004,Active,Not Active,Not Active,Not Active,100 %,P2,350.00 W
1787777930.166,0x0000000000000004,Active,Not Active,Not Active,Not Active,100 %,P2,350.00 W
1787777935.532,0x0000000000000004,Active,Not Active,Not Active,Not Active,100 %,P2,350.00 W
1787777940.907,0x0000000000000004,Active,Not Active,Not Active,Not Active,100 %,P2,350.00 W
1787777946.187,0x0000000000000004,Active,Not Active,Not Active,Not Active,100 %,P2,350.00 W
1787777951.597,0x0000000000000004,Active,Not Active,Not Active,Not Active,100 %,P2,350.00 W
1787777956.943,0x0000000000000004,Active,Not Active,Not Active,Not Active,100 %,P2,350.00 W
1787777962.303,0x0000000000000004,Active,Not Active,Not Active,Not Active,100 %,P2,350.00 W
1787777967.683,0x0000000000000004,Active,Not Active,Not Active,Not Active,100 %,P2,350.00 W
1787777973.046,0x0000000000000004,Active,Not Active,Not Active,Not Active,100 %,P2,350.00 W
1787777978.408,0x0000000000000004,Active,Not Active,Not Active,Not Active,100 %,P2,350.00 W
1787777983.785,0x0000000000000004,Active,Not Active,Not Active,Not Active,100 %,P2,350.00 W
1787777989.142,0x0000000000000024,Active,Not Active,Active,Not Active,100 %,P2,350.00 W
1787777994.510,0x0000000000000004,Active,Not Active,Not Active,Not Active,100 %,P2,350.00 W
1787777999.891,0x0000000000000004,Active,Not Active,Not Active,Not Active,100 %,P2,350.00 W
1787778005.246,0x0000000000000004,Active,Not Active,Not Active,Not Active,100 %,P2,350.00 W
1787778010.610,0x0000000000000004,Active,Not Active,Not Active,Not Active,100 %,P2,350.00 W
1787778015.966,0x0000000000000004,Active,Not Active,Not Active,Not Active,100 %,P2,350.00 W
1787778021.335,0x0000000000000020,Not Active,Not Active,Active,Not Active,100 %,P2,350.00 W
1787778026.710,0x0000000000000004,Active,Not Active,Not Active,Not Active,100 %,P2,350.00 W
1787778032.067,0x0000000000000004,Active,Not Active,Not Active,Not Active,100 %,P2,350.00 W
1787778037.438,0x0000000000000004,Active,Not Active,Not Active,Not Active,100 %,P2,350.00 W
1787778042.800,0x0000000000000004,Active,Not Active,Not Active,Not Active,100 %,P2,350.00 W
1787778048.168,0x0000000000000004,Active,Not Active,Not Active,Not Active,100 %,P2,350.00 W
1787778053.526,0x0000000000000004,Active,Not Active,Not Active,Not Active,100 %,P2,350.00 W
1787778058.898,0x0000000000000004,Active,Not Active,Not Active,Not Active,100 %,P2,350.00 W
1787778064.259,0x0000000000000020,Not Active,Not Active,Active,Not Active,100 %,P2,350.00 W
1787778069.624,0x0000000000000004,Active,Not Active,Not Active,Not Active,100 %,P2,350.00 W
1787778074.990,0x0000000000000004,Active,Not Active,Not Active,Not Active,100 %,P2,350.00 W
1787778080.372,0x0000000000000004,Active,Not Active,Not Active,Not Active,100 %,P2,350.00 W
1787778085.738,0x0000000000000004,Active,Not Active,Not Active,Not Active,100 %,P2,350.00 W
1787778091.095,0x0000000000000004,Active,Not Active,Not Active,Not Active,100 %,P2,350.00 W
1787778096.449,0x0000000000000004,Active,Not Active,Not Active,Not Active,100 %,P2,350.00 W
1787778101.811,0x0000000000000004,Active,Not Active,Not Active,Not Active,100 %,P2,350.00 W
1787778107.148,0x0000000000000004,Active,Not Active,Not Active,Not Active,100 %,P2,350.00 W
1787778112.513,0x0000000000000004,Active,Not Active,Not Active,Not Active,100 %,P2,350.00 W
1787778117.886,0x0000000000000000,Not Active,Not Active,Not Active,Not Active,100 %,P2,350.00 W
1787778123.243,0x0000000000000001,Not Active,Not Active,Not Active,Not Active,90 %,P5,350.00 W
1787778128.603,0x0000000000000001,Not Active,Not Active,Not Active,Not Active,75 %,P8,350.00 W
1787778133.946,0x0000000000000001,Not Active,Not Active,Not Active,Not Active,68 %,P8,350.00 W
1787778139.310,0x0000000000000001,Not Active,Not Active,Not Active,Not Active,66 %,P8,350.00 W
1787778144.680,0x0000000000000001,Not Active,Not Active,Not Active,Not Active,64 %,P8,350.00 W
1787778150.037,0x0000000000000001,Not Active,Not Active,Not Active,Not Active,62 %,P8,350.00 W
1787778155.415,0x0000000000000001,Not Active,Not Active,Not Active,Not Active,61 %,P8,350.00 W
1787778160.777,0x0000000000000001,Not Active,Not Active,Not Active,Not Active,60 %,P8,350.00 W
1787778166.141,0x0000000000000001,Not Active,Not Active,Not Active,Not Active,59 %,P8,350.00 W
1787778171.494,0x0000000000000001,Not Active,Not Active,Not Active,Not Active,57 %,P8,350.00 W
1787778176.860,0x0000000000000001,Not Active,Not Active,Not Active,Not Active,56 %,P8,350.00 W
1787778182.178,0x0000000000000001,Not Active,Not Active,Not Active,Not Active,56 %,P8,350.00 W
1787778187.620,0x0000000000000001,Not Active,Not Active,Not Active,Not Active,55 %,P8,350.00 W
1787778192.989,0x0000000000000001,Not Active,Not Active,Not Active,Not Active,54 %,P8,350.00 W
1787778198.325,0x0000000000000001,Not Active,Not Active,Not Active,Not Active,53 %,P8,350.00 W
1787778203.695,0x0000000000000001,Not Active,Not Active,Not Active,Not Active,53 %,P8,350.00 W
1787778209.062,0x0000000000000001,Not Active,Not Active,Not Active,Not Active,52 %,P8,350.00 W
1787778214.415,0x0000000000000001,Not Active,Not Active,Not Active,Not Active,51 %,P8,350.00 W
1787778219.781,0x0000000000000001,Not Active,Not Active,Not Active,Not Active,45 %,P8,350.00 W
1787778225.133,0x0000000000000001,Not Active,Not Active,Not Active,Not Active,38 %,P8,350.00 W
1787778230.498,0x0000000000000001,Not Active,Not Active,Not Active,Not Active,0 %,P8,350.00 W
1787778235.868,0x0000000000000001,Not Active,Not Active,Not Active,Not Active,0 %,P8,350.00 W
1787778241.225,0x0000000000000001,Not Active,Not Active,Not Active,Not Active,0 %,P8,350.00 W
1787778246.590,0x0000000000000001,Not Active,Not Active,Not Active,Not Active,0 %,P8,350.00 W
1787778251.966,0x0000000000000001,Not Active,Not Active,Not Active,Not Active,0 %,P8,350.00 W
1787778257.312,0x0000000000000001,Not Active,Not Active,Not Active,Not Active,0 %,P8,350.00 W
1787778262.679,0x0000000000000001,Not Active,Not Active,Not Active,Not Active,0 %,P8,350.00 W
1787778268.044,0x0000000000000001,Not Active,Not Active,Not Active,Not Active,0 %,P8,350.00 W
1787778273.416,0x0000000000000001,Not Active,Not Active,Not Active,Not Active,0 %,P8,350.00 W
1787778278.782,0x0000000000000001,Not Active,Not Active,Not Active,Not Active,0 %,P8,350.00 W
1787778284.150,0x0000000000000001,Not Active,Not Active,Not Active,Not Active,0 %,P8,350.00 W
1787778289.530,0x0000000000000001,Not Active,Not Active,Not Active,Not Active,0 %,P8,350.00 W
1787778294.898,0x0000000000000004,Active,Not Active,Not Active,Not Active,51 %,P2,350.00 W
1787778300.260,0x0000000000000004,Active,Not Active,Not Active,Not Active,63 %,P2,350.00 W
1787778305.626,0x0000000000000004,Active,Not Active,Not Active,Not Active,66 %,P2,350.00 W
1787778310.979,0x0000000000000004,Active,Not Active,Not Active,Not Active,69 %,P2,350.00 W
1787778316.350,0x0000000000000004,Active,Not Active,Not Active,Not Active,70 %,P2,350.00 W
1787778321.728,0x0000000000000004,Active,Not Active,Not Active,Not Active,71 %,P2,350.00 W
1787778327.088,0x0000000000000004,Active,Not Active,Not Active,Not Active,73 %,P2,350.00 W
1787778332.472,0x0000000000000004,Active,Not Active,Not Active,Not Active,75 %,P2,350.00 W
1787778337.817,0x0000000000000004,Active,Not Active,Not Active,Not Active,75 %,P2,350.00 W
1787778343.186,0x0000000000000004,Active,Not Active,Not Active,Not Active,76 %,P2,350.00 W
1787778348.537,0x0000000000000004,Active,Not Active,Not Active,Not Active,77 %,P2,350.00 W
1787778353.899,0x0000000000000004,Active,Not Active,Not Active,Not Active,78 %,P2,350.00 W
1787778359.243,0x0000000000000004,Active,Not Active,Not Active,Not Active,78 %,P2,350.00 W
1787778364.612,0x0000000000000004,Active,Not Active,Not Active,Not Active,79 %,P2,350.00 W
1787778369.988,0x0000000000000004,Active,Not Active,Not Active,Not Active,79 %,P2,350.00 W
1787778375.356,0x0000000000000004,Active,Not Active,Not Active,Not Active,80 %,P2,350.00 W
1787778380.694,0x0000000000000004,Active,Not Active,Not Active,Not Active,80 %,P2,350.00 W
1787778386.054,0x0000000000000004,Active,Not Active,Not Active,Not Active,81 %,P2,350.00 W
1787778391.428,0x0000000000000004,Active,Not Active,Not Active,Not Active,82 %,P2,350.00 W
1787778396.769,0x0000000000000004,Active,Not Active,Not Active,Not Active,82 %,P2,350.00 W
1787778402.142,0x0000000000000004,Active,Not Active,Not Active,Not Active,83 %,P2,350.00 W
1787778407.489,0x0000000000000004,Active,Not Active,Not Active,Not Active,88 %,P2,350.00 W
1787778412.836,0x0000000000000004,Active,Not Active,Not Active,Not Active,97 %,P2,350.00 W
1787778418.146,0x0000000000000004,Active,Not Active,Not Active,Not Active,99 %,P2,350.00 W
1787778423.563,0x0000000000000004,Active,Not Active,Not Active,Not Active,100 %,P2,350.00 W
1787778428.930,0x0000000000000004,Active,Not Active,Not Active,Not Active,100 %,P2,350.00 W
1787778434.290,0x0000000000000004,Active,Not Active,Not Active,Not Active,100 %,P2,350.00 W
1787778439.622,0x0000000000000020,Not Active,Not Active,Active,Not Active,100 %,P2,350.00 W
1787778444.969,0x0000000000000004,Active,Not Active,Not Active,Not Active,100 %,P2,350.00 W
1787778450.339,0x0000000000000004,Active,Not Active,Not Active,Not Active,100 %,P2,350.00 W
1787778455.694,0x0000000000000004,Active,Not Active,Not Active,Not Active,100 %,P2,350.00 W
1787778461.048,0x0000000000000004,Active,Not Active,Not Active,Not Active,100 %,P2,350.00 W
1787778466.412,0x0000000000000024,Active,Not Active,Active,Not Active,100 %,P2,350.00 W
1787778471.779,0x0000000000000004,Active,Not Active,Not Active,Not Active,100 %,P2,350.00 W
1787778477.148,0x0000000000000004,Active,Not Active,Not Active,Not Active,100 %,P2,350.00 W
1787778482.521,0x0000000000000004,Active,Not Active,Not Active,Not Active,100 %,P2,350.00 W
1787778487.889,0x0000000000000004,Active,Not Active,Not Active,Not Active,100 %,P2,350.00 W
1787778493.253,0x0000000000000004,Active,Not Active,Not Active,Not Active,100 %,P2,350.00 W
1787778498.620,0x0000000000000004,Active,Not Active,Not Active,Not Active,100 %,P2,350.00 W
1787778503.969,0x0000000000000004,Active,Not Active,Not Active,Not Active,100 %,P2,350.00 W
1787778509.304,0x0000000000000004,Active,Not Active,Not Active,Not Active,100 %,P2,350.00 W
1787778514.671,0x0000000000000004,Active,Not Active,Not Active,Not Active,100 %,P2,350.00 W
1787778520.056,0x0000000000000004,Active,Not Active,Not Active,Not Active,100 %,P2,350.00 W
1787778525.417,0x0000000000000004,Active,Not Active,Not Active,Not Active,100 %,P2,350.00 W
1787778530.768,0x0000000000000004,Active,Not Active,Not Active,Not Active,100 %,P2,350.00 W
1787778536.125,0x0000000000000004,Active,Not Active,Not Active,Not Active,100 %,P2,350.00 W
1787778541.482,0x0000000000000004,Active,Not Active,Not Active,Not Active,100 %,P2,350.00 W
1787778546.810,0x0000000000000004,Active,Not Active,Not Active,Not Active,100 %,P2,350.00 W
1787778552.165,0x0000000000000004,Active,Not Active,Not Active,Not Active,100 %,P2,350.00 W
1787778557.545,0x0000000000000004,Active,Not Active,Not Active,Not Active,100 %,P2,350.00 W
1787778562.911,0x0000000000000004,Active,Not Active,Not Active,Not Active,100 %,P2,350.00 W
1787778568.276,0x0000000000000004,Active,Not Active,Not Active,Not Active,100 %,P2,350.00 W
1787778573.651,0x0000000000000004,Active,Not Active,Not Active,Not Active,100 %,P2,350.00 W
1787778579.020,0x0000000000000004,Active,Not Active,Not Active,Not Active,100 %,P2,350.00 W
1787778584.400,0x0000000000000004,Active,Not Active,Not Active,Not Active,100 %,P2,350.00 W
1787778589.768,0x0000000000000024,Active,Not Active,Active,Not Active,100 %,P2,350.00 W
1787778595.122,0x0000000000000004,Active,Not Active,Not Active,Not Active,100 %,P2,350.00 W
1787778600.488,0x0000000000000020,Not Active,Not Active,Active,Not Active,100 %,P2,350.00 W
1787778605.861,0x0000000000000004,Active,Not Active,Not Active,Not Active,100 %,P2,350.00 W
1787778611.215,0x0000000000000004,Active,Not Active,Not Active,Not Active,100 %,P2,350.00 W
1787778616.580,0x0000000000000004,Active,Not Active,Not Active,Not Active,100 %,P2,350.00 W
1787778621.952,0x0000000000000004,Active,Not Active,Not Active,Not Active,100 %,P2,350.00 W
1787778627.311,0x0000000000000004,Active,Not Active,Not Active,Not Active,100 %,P2,350.00 W
1787778632.691,0x0000000000000004,Active,Not Active,Not Active,Not Active,100 %,P2,350.00 W
1787778638.042,0x0000000000000004,Active,Not Active,Not Active,Not Active,100 %,P2,350.00 W
1787778643.409,0x0000000000000004,Active,Not Active,Not Active,Not Active,100 %,P2,350.00 W
1787778648.749,0x0000000000000004,Active,Not Active,Not Active,Not Active,100 %,P2,350.00 W
1787778654.051,0x0000000000000004,Active,Not Active,Not Active,Not Active,100 %,P2,350.00 W
1787778659.465,0x0000000000000004,Active,Not Active,Not Active,Not Active,100 %,P2,350.00 W
1787778664.817,0x0000000000000004,Active,Not Active,Not Active,Not Active,100 %,P2,350.00 W
1787778670.184,0x0000000000000020,Not Active,Not Active,Active,Not Active,100 %,P2,350.00 W
1787778675.535,0x0000000000000004,Active,Not Active,Not Active,Not Active,100 %,P2,350.00 W
1787778680.900,0x0000000000000004,Active,Not Active,Not Active,Not Active,100 %,P2,350.00 W
1787778686.263,0x0000000000000004,Active,Not Active,Not Active,Not Active,100 %,P2,350.00 W
1787778691.630,0x0000000000000004,Active,Not Active,Not Active,Not Active,100 %,P2,350.00 W
1787778696.998,0x0000000000000004,Active,Not Active,Not Active,Not Active,100 %,P2,350.00 W
1787778702.371,0x0000000000000004,Active,Not Active,Not Active,Not Active,100 %,P2,350.00 W
1787778707.715,0x0000000000000004,Active,Not Active,Not Active,Not Active,100 %,P2,350.00 W
1787778713.078,0x0000000000000004,Active,Not Active,Not Active,Not Active,100 %,P2,350.00 W
1787778718.431,0x0000000000000004,Active,Not Active,Not Active,Not Active,100 %,P2,350.00 W
1787778723.786,0x0000000000000020,Not Active,Not Active,Active,Not Active,100 %,P2,350.00 W
1787778729.167,0x0000000000000004,Active,Not Active,Not Active,Not Active,100 %,P2,350.00 W
1787778734.523,0x0000000000000004,Active,Not Active,Not Active,Not Active,100 %,P2,350.00 W
1787778739.899,0x0000000000000001,Not Active,Not Active,Not Active,Not Active,100 %,P3,350.00 W
1787778745.275,0x0000000000000001,Not Active,Not Active,Not Active,Not Active,83 %,P8,350.00 W
1787778750.626,0x0000000000000001,Not Active,Not Active,Not Active,Not Active,71 %,P8,350.00 W
1787778755.993,0x0000000000000001,Not Active,Not Active,Not Active,Not Active,67 %,P8,350.00 W
1787778761.367,0x0000000000000001,Not Active,Not Active,Not Active,Not Active,65 %,P8,350.00 W
1787778766.740,0x0000000000000001,Not Active,Not Active,Not Active,Not Active,63 %,P8,350.00 W
1787778772.114,0x0000000000000001,Not Active,Not Active,Not Active,Not Active,61 %,P8,350.00 W
1787778777.478,0x0000000000000001,Not Active,Not Active,Not Active,Not Active,60 %,P8,350.00 W
1787778782.842,0x0000000000000001,Not Active,Not Active,Not Active,Not Active,59 %,P8,350.00 W
1787778788.196,0x0000000000000001,Not Active,Not Active,Not Active,Not Active,58 %,P8,350.00 W
1787778793.568,0x0000000000000001,Not Active,Not Active,Not Active,Not Active,57 %,P8,350.00 W
1787778798.932,0x0000000000000001,Not Active,Not Active,Not Active,Not Active,56 %,P8,350.00 W
1787778804.296,0x0000000000000001,Not Active,Not Active,Not Active,Not Active,55 %,P8,350.00 W
1787778809.662,0x0000000000000001,Not Active,Not Active,Not Active,Not Active,54 %,P8,350.00 W
1787778815.032,0x0000000000000001,Not Active,Not Active,Not Active,Not Active,53 %,P8,350.00 W
1787778820.410,0x0000000000000001,Not Active,Not Active,Not Active,Not Active,53 %,P8,350.00 W
1787778825.775,0x0000000000000001,Not Active,Not Active,Not Active,Not Active,52 %,P8,350.00 W
1787778831.136,0x0000000000000001,Not Active,Not Active,Not Active,Not Active,51 %,P8,350.00 W
1787778836.491,0x0000000000000001,Not Active,Not Active,Not Active,Not Active,45 %,P8,350.00 W
1787778841.861,0x0000000000000001,Not Active,Not Active,Not Active,Not Active,0 %,P8,350.00 W
1787778847.225,0x0000000000000001,Not Active,Not Active,Not Active,Not Active,0 %,P8,350.00 W
1787778852.592,0x0000000000000001,Not Active,Not Active,Not Active,Not Active,0 %,P8,350.00 W
1787778857.956,0x0000000000000001,Not Active,Not Active,Not Active,Not Active,0 %,P8,350.00 W
1787778863.319,0x0000000000000001,Not Active,Not Active,Not Active,Not Active,0 %,P8,350.00 W
1787778868.691,0x0000000000000001,Not Active,Not Active,Not Active,Not Active,0 %,P8,350.00 W
1787778874.069,0x0000000000000001,Not Active,Not Active,Not Active,Not Active,0 %,P8,350.00 W
1787778879.443,0x0000000000000001,Not Active,Not Active,Not Active,Not Active,0 %,P8,350.00 W
1787778884.810,0x0000000000000001,Not Active,Not Active,Not Active,Not Active,0 %,P8,350.00 W
1787778890.127,0x0000000000000001,Not Active,Not Active,Not Active,Not Active,0 %,P8,350.00 W
1787778895.571,0x0000000000000001,Not Active,Not Active,Not Active,Not Active,0 %,P8,350.00 W
1787778900.938,0x0000000000000001,Not Active,Not Active,Not Active,Not Active,0 %,P8,350.00 W
1787778906.308,0x0000000000000001,Not Active,Not Active,Not Active,Not Active,0 %,P8,350.00 W
1787778911.664,0x0000000000000001,Not Active,Not Active,Not Active,Not Active,0 %,P8,350.00 W
1787778917.025,0x0000000000000004,Active,Not Active,Not Active,Not Active,51 %,P2,350.00 W
1787778922.372,0x0000000000000004,Active,Not Active,Not Active,Not Active,62 %,P2,350.00 W
1787778927.730,0x0000000000000004,Active,Not Active,Not Active,Not Active,67 %,P2,350.00 W
1787778933.094,0x0000000000000004,Active,Not Active,Not Active,Not Active,69 %,P2,350.00 W
1787778938.464,0x0000000000000004,Active,Not Active,Not Active,Not Active,71 %,P2,350.00 W
1787778943.841,0x0000000000000004,Active,Not Active,Not Active,Not Active,72 %,P2,350.00 W
1787778949.210,0x0000000000000004,Active,Not Active,Not Active,Not Active,73 %,P2,350.00 W
1787778954.576,0x0000000000000004,Active,Not Active,Not Active,Not Active,74 %,P2,350.00 W
1787778959.944,0x0000000000000004,Active,Not Active,Not Active,Not Active,75 %,P2,350.00 W
1787778965.311,0x0000000000000004,Active,Not Active,Not Active,Not Active,76 %,P2,350.00 W
1787778970.668,0x0000000000000004,Active,Not Active,Not Active,Not Active,77 %,P2,350.00 W
1787778976.019,0x0000000000000004,Active,Not Active,Not Active,Not Active,78 %,P2,350.00 W
1787778981.380,0x0000000000000004,Active,Not Active,Not Active,Not Active,78 %,P2,350.00 W
1787778986.740,0x0000000000000004,Active,Not Active,Not Active,Not Active,79 %,P2,350.00 W
1787778992.121,0x0000000000000004,Active,Not Active,Not Active,Not Active,79 %,P2,350.00 W
1787778997.506,0x0000000000000004,Active,Not Active,Not Active,Not Active,80 %,P2,350.00 W
1787779002.868,0x0000000000000004,Active,Not Active,Not Active,Not Active,80 %,P2,350.00 W
1787779008.239,0x0000000000000004,Active,Not Active,Not Active,Not Active,80 %,P2,350.00 W
1787779013.606,0x0000000000000004,Active,Not Active,Not Active,Not Active,81 %,P2,350.00 W
1787779018.984,0x0000000000000004,Active,Not Active,Not Active,Not Active,81 %,P2,350.00 W
1787779024.328,0x0000000000000004,Active,Not Active,Not Active,Not Active,83 %,P2,350.00 W
1787779029.691,0x0000000000000004,Active,Not Active,Not Active,Not Active,86 %,P2,350.00 W
1787779035.057,0x0000000000000004,Active,Not Active,Not Active,Not Active,89 %,P2,350.00 W
1787779040.430,0x0000000000000004,Active,Not Active,Not Active,Not Active,94 %,P2,350.00 W
1787779045.788,0x0000000000000004,Active,Not Active,Not Active,Not Active,98 %,P2,350.00 W
1787779051.135,0x0000000000000004,Active,Not Active,Not Active,Not Active,100 %,P2,350.00 W
1787779056.508,0x0000000000000004,Active,Not Active,Not Active,Not Active,100 %,P2,350.00 W
1787779061.868,0x0000000000000004,Active,Not Active,Not Active,Not Active,100 %,P2,350.00 W
1787779067.231,0x0000000000000004,Active,Not Active,Not Active,Not Active,100 %,P2,350.00 W
1787779072.609,0x0000000000000004,Active,Not Active,Not Active,Not Active,100 %,P2,350.00 W
1787779077.986,0x0000000000000004,Active,Not Active,Not Active,Not Active,100 %,P2,350.00 W
1787779083.368,0x0000000000000004,Active,Not Active,Not Active,Not Active,100 %,P2,350.00 W
1787779088.734,0x0000000000000004,Active,Not Active,Not Active,Not Active,100 %,P2,350.00 W
1787779094.109,0x0000000000000004,Active,Not Active,Not Active,Not Active,100 %,P2,350.00 W
1787779099.467,0x0000000000000004,Active,Not Active,Not Active,Not Active,100 %,P2,350.00 W
1787779104.812,0x0000000000000004,Active,Not Active,Not Active,Not Active,100 %,P2,350.00 W
1787779110.189,0x0000000000000004,Active,Not Active,Not Active,Not Active,100 %,P2,350.00 W
1787779115.552,0x0000000000000004,Active,Not Active,Not Active,Not Active,100 %,P2,350.00 W
1787779120.934,0x0000000000000004,Active,Not Active,Not Active,Not Active,100 %,P2,350.00 W
1787779126.223,0x0000000000000004,Active,Not Active,Not Active,Not Active,100 %,P2,350.00 W
1787779131.639,0x0000000000000004,Active,Not Active,Not Active,Not Active,100 %,P2,350.00 W
1787779136.997,0x0000000000000004,Active,Not Active,Not Active,Not Active,100 %,P2,350.00 W
1787779142.355,0x0000000000000004,Active,Not Active,Not Active,Not Active,100 %,P2,350.00 W
1787779147.714,0x0000000000000004,Active,Not Active,Not Active,Not Active,100 %,P2,350.00 W
1787779153.081,0x0000000000000004,Active,Not Active,Not Active,Not Active,100 %,P2,350.00 W
1787779158.437,0x0000000000000004,Active,Not Active,Not Active,Not Active,100 %,P2,350.00 W
1787779163.808,0x0000000000000004,Active,Not Active,Not Active,Not Active,100 %,P2,350.00 W
1787779169.175,0x0000000000000004,Active,Not Active,Not Active,Not Active,100 %,P2,350.00 W
1787779174.541,0x0000000000000004,Active,Not Active,Not Active,Not Active,100 %,P2,350.00 W
1787779179.901,0x0000000000000004,Active,Not Active,Not Active,Not Active,100 %,P2,350.00 W
1787779185.247,0x0000000000000004,Active,Not Active,Not Active,Not Active,100 %,P2,350.00 W
1787779190.619,0x0000000000000004,Active,Not Active,Not Active,Not Active,100 %,P2,350.00 W
1787779195.984,0x0000000000000004,Active,Not Active,Not Active,Not Active,100 %,P2,350.00 W
1787779201.339,0x0000000000000004,Active,Not Active,Not Active,Not Active,100 %,P2,350.00 W
1787779206.698,0x0000000000000004,Active,Not Active,Not Active,Not Active,100 %,P2,350.00 W
1787779212.053,0x0000000000000004,Active,Not Active,Not Active,Not Active,100 %,P2,350.00 W
1787779217.426,0x0000000000000004,Active,Not Active,Not Active,Not Active,100 %,P2,350.00 W
1787779222.790,0x0000000000000024,Active,Not Active,Active,Not Active,100 %,P2,350.00 W
1787779228.159,0x0000000000000004,Active,Not Active,Not Active,Not Active,100 %,P2,350.00 W
1787779233.528,0x0000000000000004,Active,Not Active,Not Active,Not Active,100 %,P2,350.00 W
1787779238.897,0x0000000000000004,Active,Not Active,Not Active,Not Active,100 %,P2,350.00 W
1787779244.269,0x0000000000000004,Active,Not Active,Not Active,Not Active,100 %,P2,350.00 W
1787779249.623,0x0000000000000004,Active,Not Active,Not Active,Not Active,100 %,P2,350.00 W
1787779255.001,0x0000000000000020,Not Active,Not Active,Active,Not Active,100 %,P2,350.00 W
1787779260.372,0x0000000000000004,Active,Not Active,Not Active,Not Active,100 %,P2,350.00 W
1787779265.729,0x0000000000000004,Active,Not Active,Not Active,Not Active,100 %,P2,350.00 W
1787779271.090,0x0000000000000004,Active,Not Active,Not Active,Not Active,100 %,P2,350.00 W
1787779276.446,0x0000000000000004,Active,Not Active,Not Active,Not Active,100 %,P2,350.00 W
1787779281.800,0x0000000000000024,Active,Not Active,Active,Not Active,100 %,P2,350.00 W
1787779287.171,0x0000000000000004,Active,Not Active,Not Active,Not Active,100 %,P2,350.00 W
1787779292.555,0x0000000000000004,Active,Not Active,Not Active,Not Active,99 %,P2,350.00 W
1787779297.937,0x0000000000000004,Active,Not Active,Not Active,Not Active,100 %,P2,350.00 W
1787779303.287,0x0000000000000004,Active,Not Active,Not Active,Not Active,100 %,P2,350.00 W
1787779308.653,0x0000000000000004,Active,Not Active,Not Active,Not Active,100 %,P2,350.00 W
1787779314.009,0x0000000000000004,Active,Not Active,Not Active,Not Active,100 %,P2,350.00 W
1787779319.382,0x0000000000000004,Active,Not Active,Not Active,Not Active,100 %,P2,350.00 W
1787779324.718,0x0000000000000004,Active,Not Active,Not Active,Not Active,100 %,P2,350.00 W
1787779330.079,0x0000000000000004,Active,Not Active,Not Active,Not Active,100 %,P2,350.00 W
1787779335.436,0x0000000000000004,Active,Not Active,Not Active,Not Active,100 %,P2,350.00 W
1787779340.801,0x0000000000000004,Active,Not Active,Not Active,Not Active,100 %,P2,350.00 W
1787779346.173,0x0000000000000004,Active,Not Active,Not Active,Not Active,100 %,P2,350.00 W
1787779351.539,0x0000000000000004,Active,Not Active,Not Active,Not Active,100 %,P2,350.00 W
1787779356.879,0x0000000000000004,Active,Not Active,Not Active,Not Active,100 %,P2,350.00 W
1787779362.189,0x0000000000000004,Active,Not Active,Not Active,Not Active,100 %,P2,350.00 W
1787779367.613,0x0000000000000004,Active,Not Active,Not Active,Not Active,100 %,P2,350.00 W
1787779372.977,0x0000000000000004,Active,Not Active,Not Active,Not Active,100 %,P2,350.00 W
1787779378.347,0x0000000000000024,Active,Not Active,Active,Not Active,100 %,P2,350.00 W
1787779383.719,0x0000000000000004,Active,Not Active,Not Active,Not Active,100 %,P2,350.00 W
1787779389.097,0x0000000000000004,Active,Not Active,Not Active,Not Active,100 %,P2,350.00 W
1787779394.453,0x0000000000000004,Active,Not Active,Not Active,Not Active,100 %,P2,350.00 W
1787779399.821,0x0000000000000004,Active,Not Active,Not Active,Not Active,100 %,P2,350.00 W
1787779405.193,0x0000000000000004,Active,Not Active,Not Active,Not Active,100 %,P2,350.00 W
1787779410.543,0x0000000000000004,Active,Not Active,Not Active,Not Active,100 %,P2,350.00 W
1787779415.896,0x0000000000000004,Active,Not Active,Not Active,Not Active,100 %,P2,350.00 W
1787779421.266,0x0000000000000004,Active,Not Active,Not Active,Not Active,100 %,P2,350.00 W
1787779426.626,0x0000000000000024,Active,Not Active,Active,Not Active,100 %,P2,350.00 W
1787779431.993,0x0000000000000004,Active,Not Active,Not Active,Not Active,100 %,P2,350.00 W
1787779437.373,0x0000000000000004,Active,Not Active,Not Active,Not Active,100 %,P2,350.00 W
1787779442.739,0x0000000000000004,Active,Not Active,Not Active,Not Active,100 %,P2,350.00 W
1787779448.103,0x0000000000000004,Active,Not Active,Not Active,Not Active,100 %,P2,350.00 W
1787779453.474,0x0000000000000004,Active,Not Active,Not Active,Not Active,100 %,P2,350.00 W
1787779458.843,0x0000000000000004,Active,Not Active,Not Active,Not Active,100 %,P2,350.00 W
1787779464.183,0x0000000000000004,Active,Not Active,Not Active,Not Active,100 %,P2,350.00 W
1787779469.530,0x0000000000000004,Active,Not Active,Not Active,Not Active,100 %,P2,350.00 W
1787779474.899,0x0000000000000004,Active,Not Active,Not Active,Not Active,100 %,P2,350.00 W
1787779480.250,0x0000000000000020,Not Active,Not Active,Active,Not Active,100 %,P2,350.00 W
1787779485.622,0x0000000000000004,Active,Not Active,Not Active,Not Active,100 %,P2,350.00 W
1787779490.983,0x0000000000000004,Active,Not Active,Not Active,Not Active,100 %,P2,350.00 W
1787779496.362,0x0000000000000004,Active,Not Active,Not Active,Not Active,100 %,P2,350.00 W
1787779501.702,0x0000000000000004,Active,Not Active,Not Active,Not Active,100 %,P2,350.00 W
1787779507.078,0x0000000000000004,Active,Not Active,Not Active,Not Active,100 %,P2,350.00 W
1787779512.446,0x0000000000000004,Active,Not Active,Not Active,Not Active,100 %,P2,350.00 W
1787779517.804,0x0000000000000004,Active,Not Active,Not Active,Not Active,100 %,P2,350.00 W
1787779523.180,0x0000000000000004,Active,Not Active,Not Active,Not Active,100 %,P2,350.00 W
1787779528.533,0x0000000000000004,Active,Not Active,Not Active,Not Active,100 %,P2,350.00 W
1787779533.918,0x0000000000000004,Active,Not Active,Not Active,Not Active,100 %,P2,350.00 W
1787779539.283,0x0000000000000004,Active,Not Active,Not Active,Not Active,100 %,P2,350.00 W
1787779544.638,0x0000000000000004,Active,Not Active,Not Active,Not Active,100 %,P2,350.00 W
1787779549.999,0x0000000000000004,Active,Not Active,Not Active,Not Active,100 %,P2,350.00 W
1787779555.355,0x0000000000000004,Active,Not Active,Not Active,Not Active,100 %,P2,350.00 W
1787779560.732,0x0000000000000004,Active,Not Active,Not Active,Not Active,100 %,P2,350.00 W
1787779566.105,0x0000000000000004,Active,Not Active,Not Active,Not Active,100 %,P2,350.00 W
1787779571.467,0x0000000000000004,Active,Not Active,Not Active,Not Active,100 %,P2,350.00 W
1787779576.841,0x0000000000000004,Active,Not Active,Not Active,Not Active,100 %,P2,350.00 W
1787779582.183,0x0000000000000004,Active,Not Active,Not Active,Not Active,100 %,P2,350.00 W
1787779587.539,0x0000000000000004,Active,Not Active,Not Active,Not Active,100 %,P2,350.00 W
1787779592.899,0x0000000000000004,Active,Not Active,Not Active,Not Active,100 %,P2,350.00 W
1787779598.197,0x0000000000000004,Active,Not Active,Not Active,Not Active,100 %,P2,350.00 W
1787779603.626,0x0000000000000004,Active,Not Active,Not Active,Not Active,100 %,P2,350.00 W
1787779608.989,0x0000000000000004,Active,Not Active,Not Active,Not Active,100 %,P2,350.00 W
1787779614.368,0x0000000000000004,Active,Not Active,Not Active,Not Active,100 %,P2,350.00 W
1787779619.727,0x0000000000000024,Active,Not Active,Active,Not Active,100 %,P2,350.00 W
1787779625.108,0x0000000000000004,Active,Not Active,Not Active,Not Active,100 %,P2,350.00 W
1787779630.483,0x0000000000000004,Active,Not Active,Not Active,Not Active,100 %,P2,350.00 W
1787779635.852,0x0000000000000004,Active,Not Active,Not Active,Not Active,100 %,P2,350.00 W
1787779641.205,0x0000000000000004,Active,Not Active,Not Active,Not Active,100 %,P2,350.00 W
1787779646.557,0x0000000000000004,Active,Not Active,Not Active,Not Active,100 %,P2,350.00 W
1787779651.926,0x0000000000000004,Active,Not Active,Not Active,Not Active,100 %,P2,350.00 W
1787779657.299,0x0000000000000024,Active,Not Active,Active,Not Active,100 %,P2,350.00 W
1787779662.650,0x0000000000000024,Active,Not Active,Active,Not Active,100 %,P2,350.00 W
1787779668.008,0x0000000000000004,Active,Not Active,Not Active,Not Active,100 %,P2,350.00 W
1787779673.369,0x0000000000000004,Active,Not Active,Not Active,Not Active,100 %,P2,350.00 W
1787779678.736,0x0000000000000004,Active,Not Active,Not Active,Not Active,99 %,P2,350.00 W
1787779684.098,0x0000000000000004,Active,Not Active,Not Active,Not Active,98 %,P2,350.00 W
1787779689.450,0x0000000000000004,Active,Not Active,Not Active,Not Active,96 %,P2,350.00 W
1787779694.817,0x0000000000000004,Active,Not Active,Not Active,Not Active,95 %,P2,350.00 W
1787779700.175,0x0000000000000001,Not Active,Not Active,Not Active,Not Active,95 %,P2,350.00 W
1787779705.544,0x0000000000000001,Not Active,Not Active,Not Active,Not Active,95 %,P3,350.00 W
1787779710.897,0x0000000000000004,Active,Not Active,Not Active,Not Active,85 %,P2,350.00 W
1787779716.271,0x0000000000000004,Active,Not Active,Not Active,Not Active,82 %,P2,350.00 W
1787779721.646,0x0000000000000020,Not Active,Not Active,Active,Not Active,82 %,P2,350.00 W
1787779726.998,0x0000000000000004,Active,Not Active,Not Active,Not Active,82 %,P2,350.00 W
1787779732.360,0x0000000000000004,Active,Not Active,Not Active,Not Active,87 %,P2,350.00 W
1787779737.731,0x0000000000000004,Active,Not Active,Not Active,Not Active,94 %,P2,350.00 W
1787779743.096,0x0000000000000004,Active,Not Active,Not Active,Not Active,98 %,P2,350.00 W
1787779748.462,0x0000000000000004,Active,Not Active,Not Active,Not Active,100 %,P2,350.00 W
1787779753.831,0x0000000000000004,Active,Not Active,Not Active,Not Active,100 %,P2,350.00 W
1787779759.197,0x0000000000000004,Active,Not Active,Not Active,Not Active,100 %,P2,350.00 W
1787779764.573,0x0000000000000004,Active,Not Active,Not Active,Not Active,100 %,P2,350.00 W
1787779769.936,0x0000000000000004,Active,Not Active,Not Active,Not Active,100 %,P2,350.00 W
1787779775.308,0x0000000000000004,Active,Not Active,Not Active,Not Active,100 %,P2,350.00 W
1787779780.642,0x0000000000000004,Active,Not Active,Not Active,Not Active,100 %,P2,350.00 W
1787779786.007,0x0000000000000004,Active,Not Active,Not Active,Not Active,100 %,P2,350.00 W
1787779791.374,0x0000000000000004,Active,Not Active,Not Active,Not Active,100 %,P2,350.00 W
1787779796.717,0x0000000000000004,Active,Not Active,Not Active,Not Active,100 %,P2,350.00 W
1787779802.086,0x0000000000000004,Active,Not Active,Not Active,Not Active,100 %,P2,350.00 W
1787779807.435,0x0000000000000004,Active,Not Active,Not Active,Not Active,100 %,P2,350.00 W
1787779812.779,0x0000000000000004,Active,Not Active,Not Active,Not Active,100 %,P2,350.00 W
1787779818.135,0x0000000000000004,Active,Not Active,Not Active,Not Active,100 %,P2,350.00 W
1787779823.489,0x0000000000000004,Active,Not Active,Not Active,Not Active,100 %,P2,350.00 W
1787779828.852,0x0000000000000004,Active,Not Active,Not Active,Not Active,100 %,P2,350.00 W
1787779834.153,0x0000000000000004,Active,Not Active,Not Active,Not Active,100 %,P2,350.00 W
1787779839.582,0x0000000000000004,Active,Not Active,Not Active,Not Active,100 %,P2,350.00 W
1787779844.954,0x0000000000000004,Active,Not Active,Not Active,Not Active,100 %,P2,350.00 W
1787779850.332,0x0000000000000004,Active,Not Active,Not Active,Not Active,100 %,P2,350.00 W
1787779855.700,0x0000000000000004,Active,Not Active,Not Active,Not Active,100 %,P2,350.00 W
1787779861.075,0x0000000000000004,Active,Not Active,Not Active,Not Active,100 %,P2,350.00 W
1787779866.448,0x0000000000000004,Active,Not Active,Not Active,Not Active,100 %,P2,350.00 W
1787779871.822,0x0000000000000004,Active,Not Active,Not Active,Not Active,100 %,P2,350.00 W
1787779877.196,0x0000000000000004,Active,Not Active,Not Active,Not Active,100 %,P2,350.00 W
1787779882.565,0x0000000000000004,Active,Not Active,Not Active,Not Active,100 %,P2,350.00 W
1787779887.916,0x0000000000000004,Active,Not Active,Not Active,Not Active,100 %,P2,350.00 W
1787779893.298,0x0000000000000004,Active,Not Active,Not Active,Not Active,100 %,P2,350.00 W
1787779898.664,0x0000000000000004,Active,Not Active,Not Active,Not Active,100 %,P2,350.00 W
1787779904.021,0x0000000000000004,Active,Not Active,Not Active,Not Active,100 %,P2,350.00 W
1787779909.374,0x0000000000000004,Active,Not Active,Not Active,Not Active,100 %,P2,350.00 W
1787779914.737,0x0000000000000004,Active,Not Active,Not Active,Not Active,100 %,P2,350.00 W
1787779920.104,0x0000000000000004,Active,Not Active,Not Active,Not Active,100 %,P2,350.00 W
1787779925.459,0x0000000000000004,Active,Not Active,Not Active,Not Active,100 %,P2,350.00 W
1787779930.826,0x0000000000000004,Active,Not Active,Not Active,Not Active,100 %,P2,350.00 W
1787779936.204,0x0000000000000004,Active,Not Active,Not Active,Not Active,100 %,P2,350.00 W
1787779941.542,0x0000000000000004,Active,Not Active,Not Active,Not Active,100 %,P2,350.00 W
1787779946.910,0x0000000000000004,Active,Not Active,Not Active,Not Active,100 %,P2,350.00 W
1787779952.262,0x0000000000000004,Active,Not Active,Not Active,Not Active,100 %,P2,350.00 W
1787779957.628,0x0000000000000004,Active,Not Active,Not Active,Not Active,100 %,P2,350.00 W
1787779962.994,0x0000000000000004,Active,Not Active,Not Active,Not Active,100 %,P2,350.00 W
1787779968.357,0x0000000000000004,Active,Not Active,Not Active,Not Active,100 %,P2,350.00 W
1787779973.715,0x0000000000000004,Active,Not Active,Not Active,Not Active,100 %,P2,350.00 W
1787779979.075,0x0000000000000004,Active,Not Active,Not Active,Not Active,100 %,P2,350.00 W
1787779984.438,0x0000000000000004,Active,Not Active,Not Active,Not Active,100 %,P2,350.00 W
1787779989.791,0x0000000000000004,Active,Not Active,Not Active,Not Active,100 %,P2,350.00 W
1787779995.161,0x0000000000000004,Active,Not Active,Not Active,Not Active,100 %,P2,350.00 W
1787780000.518,0x0000000000000004,Active,Not Active,Not Active,Not Active,100 %,P2,350.00 W
1787780005.898,0x0000000000000004,Active,Not Active,Not Active,Not Active,100 %,P2,350.00 W
1787780011.255,0x0000000000000004,Active,Not Active,Not Active,Not Active,100 %,P2,350.00 W
1787780016.620,0x0000000000000004,Active,Not Active,Not Active,Not Active,100 %,P2,350.00 W
1787780021.996,0x0000000000000004,Active,Not Active,Not Active,Not Active,100 %,P2,350.00 W
1787780027.348,0x0000000000000004,Active,Not Active,Not Active,Not Active,100 %,P2,350.00 W
1787780032.702,0x0000000000000004,Active,Not Active,Not Active,Not Active,100 %,P2,350.00 W
1787780038.083,0x0000000000000004,Active,Not Active,Not Active,Not Active,100 %,P2,350.00 W
1787780043.453,0x0000000000000004,Active,Not Active,Not Active,Not Active,100 %,P2,350.00 W
1787780048.805,0x0000000000000004,Active,Not Active,Not Active,Not Active,100 %,P2,350.00 W
1787780054.161,0x0000000000000004,Active,Not Active,Not Active,Not Active,100 %,P2,350.00 W
1787780059.521,0x0000000000000004,Active,Not Active,Not Active,Not Active,100 %,P2,350.00 W
1787780064.890,0x0000000000000004,Active,Not Active,Not Active,Not Active,100 %,P2,350.00 W
1787780070.159,0x0000000000000004,Active,Not Active,Not Active,Not Active,100 %,P2,350.00 W
1787780075.586,0x0000000000000004,Active,Not Active,Not Active,Not Active,100 %,P2,350.00 W
1787780080.937,0x0000000000000004,Active,Not Active,Not Active,Not Active,100 %,P2,350.00 W
1787780086.294,0x0000000000000004,Active,Not Active,Not Active,Not Active,100 %,P2,350.00 W
1787780091.664,0x0000000000000024,Active,Not Active,Active,Not Active,100 %,P2,350.00 W
1787780097.019,0x0000000000000004,Active,Not Active,Not Active,Not Active,100 %,P2,350.00 W
1787780102.362,0x0000000000000004,Active,Not Active,Not Active,Not Active,100 %,P2,350.00 W
1787780107.717,0x0000000000000004,Active,Not Active,Not Active,Not Active,100 %,P2,350.00 W
1787780113.086,0x0000000000000004,Active,Not Active,Not Active,Not Active,100 %,P2,350.00 W
1787780118.454,0x0000000000000004,Active,Not Active,Not Active,Not Active,100 %,P2,350.00 W
1787780123.821,0x0000000000000020,Not Active,Not Active,Active,Not Active,100 %,P2,350.00 W
1787780129.193,0x0000000000000004,Active,Not Active,Not Active,Not Active,100 %,P2,350.00 W
1787780134.553,0x0000000000000024,Active,Not Active,Active,Not Active,100 %,P2,350.00 W
1787780139.895,0x0000000000000004,Active,Not Active,Not Active,Not Active,100 %,P2,350.00 W
1787780145.248,0x0000000000000004,Active,Not Active,Not Active,Not Active,100 %,P2,350.00 W
1787780150.591,0x0000000000000004,Active,Not Active,Not Active,Not Active,100 %,P2,350.00 W
1787780155.961,0x0000000000000004,Active,Not Active,Not Active,Not Active,100 %,P2,350.00 W
1787780161.323,0x0000000000000004,Active,Not Active,Not Active,Not Active,100 %,P2,350.00 W
1787780166.688,0x0000000000000004,Active,Not Active,Not Active,Not Active,100 %,P2,350.00 W
1787780172.046,0x0000000000000004,Active,Not Active,Not Active,Not Active,100 %,P2,350.00 W
1787780177.414,0x0000000000000004,Active,Not Active,Not Active,Not Active,100 %,P2,350.00 W
1787780182.783,0x0000000000000024,Active,Not Active,Active,Not Active,100 %,P2,350.00 W
1787780188.129,0x0000000000000004,Active,Not Active,Not Active,Not Active,100 %,P2,350.00 W
1787780193.487,0x0000000000000004,Active,Not Active,Not Active,Not Active,100 %,P2,350.00 W
1787780198.841,0x0000000000000004,Active,Not Active,Not Active,Not Active,100 %,P2,350.00 W
1787780204.207,0x0000000000000004,Active,Not Active,Not Active,Not Active,100 %,P2,350.00 W
1787780209.582,0x0000000000000004,Active,Not Active,Not Active,Not Active,100 %,P2,350.00 W
1787780214.954,0x0000000000000004,Active,Not Active,Not Active,Not Active,100 %,P2,350.00 W
1787780220.314,0x0000000000000004,Active,Not Active,Not Active,Not Active,100 %,P2,350.00 W
1787780225.673,0x0000000000000004,Active,Not Active,Not Active,Not Active,100 %,P2,350.00 W
1787780231.049,0x0000000000000004,Active,Not Active,Not Active,Not Active,100 %,P2,350.00 W
1787780236.399,0x0000000000000004,Active,Not Active,Not Active,Not Active,100 %,P2,350.00 W
1787780241.746,0x0000000000000004,Active,Not Active,Not Active,Not Active,100 %,P2,350.00 W
1787780247.105,0x0000000000000004,Active,Not Active,Not Active,Not Active,100 %,P2,350.00 W
1787780252.486,0x0000000000000004,Active,Not Active,Not Active,Not Active,100 %,P2,350.00 W
1787780257.848,0x0000000000000004,Active,Not Active,Not Active,Not Active,100 %,P2,350.00 W
1787780263.207,0x0000000000000004,Active,Not Active,Not Active,Not Active,100 %,P2,350.00 W
1787780268.587,0x0000000000000004,Active,Not Active,Not Active,Not Active,100 %,P2,350.00 W
1787780273.934,0x0000000000000020,Not Active,Not Active,Active,Not Active,100 %,P2,350.00 W
1787780279.308,0x0000000000000020,Not Active,Not Active,Active,Not Active,100 %,P2,350.00 W
1787780284.665,0x0000000000000004,Active,Not Active,Not Active,Not Active,100 %,P2,350.00 W
1787780290.040,0x0000000000000004,Active,Not Active,Not Active,Not Active,100 %,P2,350.00 W
1787780295.402,0x0000000000000004,Active,Not Active,Not Active,Not Active,100 %,P2,350.00 W
1787780300.767,0x0000000000000004,Active,Not Active,Not Active,Not Active,100 %,P2,350.00 W
1787780306.075,0x0000000000000004,Active,Not Active,Not Active,Not Active,100 %,P2,350.00 W
1787780311.494,0x0000000000000004,Active,Not Active,Not Active,Not Active,100 %,P2,350.00 W
1787780316.861,0x0000000000000004,Active,Not Active,Not Active,Not Active,100 %,P2,350.00 W
1787780322.219,0x0000000000000004,Active,Not Active,Not Active,Not Active,100 %,P2,350.00 W
1787780327.577,0x0000000000000004,Active,Not Active,Not Active,Not Active,100 %,P2,350.00 W
1787780332.944,0x0000000000000004,Active,Not Active,Not Active,Not Active,100 %,P2,350.00 W
1787780338.300,0x0000000000000004,Active,Not Active,Not Active,Not Active,100 %,P2,350.00 W
1787780343.675,0x0000000000000004,Active,Not Active,Not Active,Not Active,100 %,P2,350.00 W
1787780349.042,0x0000000000000004,Active,Not Active,Not Active,Not Active,100 %,P2,350.00 W
1787780354.410,0x0000000000000004,Active,Not Active,Not Active,Not Active,100 %,P2,350.00 W
1787780359.760,0x0000000000000004,Active,Not Active,Not Active,Not Active,100 %,P2,350.00 W
1787780365.128,0x0000000000000004,Active,Not Active,Not Active,Not Active,100 %,P2,350.00 W
1787780370.499,0x0000000000000004,Active,Not Active,Not Active,Not Active,100 %,P2,350.00 W
1787780375.877,0x0000000000000004,Active,Not Active,Not Active,Not Active,100 %,P2,350.00 W
1787780381.243,0x0000000000000004,Active,Not Active,Not Active,Not Active,100 %,P2,350.00 W
1787780386.609,0x0000000000000004,Active,Not Active,Not Active,Not Active,100 %,P2,350.00 W
1787780391.962,0x0000000000000004,Active,Not Active,Not Active,Not Active,100 %,P2,350.00 W
1787780397.327,0x0000000000000004,Active,Not Active,Not Active,Not Active,100 %,P2,350.00 W
1787780402.685,0x0000000000000024,Active,Not Active,Active,Not Active,100 %,P2,350.00 W
1787780408.056,0x0000000000000004,Active,Not Active,Not Active,Not Active,100 %,P2,350.00 W
1787780413.409,0x0000000000000004,Active,Not Active,Not Active,Not Active,100 %,P2,350.00 W
1787780418.774,0x0000000000000004,Active,Not Active,Not Active,Not Active,100 %,P2,350.00 W
1787780424.127,0x0000000000000004,Active,Not Active,Not Active,Not Active,100 %,P2,350.00 W
1787780429.489,0x0000000000000020,Not Active,Not Active,Active,Not Active,100 %,P2,350.00 W
1787780434.851,0x0000000000000004,Active,Not Active,Not Active,Not Active,100 %,P2,350.00 W
1787780440.213,0x0000000000000004,Active,Not Active,Not Active,Not Active,100 %,P2,350.00 W
1787780445.582,0x0000000000000004,Active,Not Active,Not Active,Not Active,100 %,P2,350.00 W
1787780450.957,0x0000000000000004,Active,Not Active,Not Active,Not Active,100 %,P2,350.00 W
1787780456.318,0x0000000000000024,Active,Not Active,Active,Not Active,100 %,P2,350.00 W
1787780461.685,0x0000000000000004,Active,Not Active,Not Active,Not Active,100 %,P2,350.00 W
1787780467.053,0x0000000000000004,Active,Not Active,Not Active,Not Active,100 %,P2,350.00 W
1787780472.425,0x0000000000000004,Active,Not Active,Not Active,Not Active,100 %,P2,350.00 W
1787780477.794,0x0000000000000004,Active,Not Active,Not Active,Not Active,100 %,P2,350.00 W
1787780483.160,0x0000000000000004,Active,Not Active,Not Active,Not Active,100 %,P2,350.00 W
1787780488.528,0x0000000000000004,Active,Not Active,Not Active,Not Active,100 %,P2,350.00 W
1787780493.881,0x0000000000000004,Active,Not Active,Not Active,Not Active,100 %,P2,350.00 W
1787780499.266,0x0000000000000004,Active,Not Active,Not Active,Not Active,100 %,P2,350.00 W
1787780504.591,0x0000000000000004,Active,Not Active,Not Active,Not Active,100 %,P2,350.00 W
1787780509.962,0x0000000000000004,Active,Not Active,Not Active,Not Active,100 %,P2,350.00 W
1787780515.322,0x0000000000000004,Active,Not Active,Not Active,Not Active,100 %,P2,350.00 W
1787780520.693,0x0000000000000004,Active,Not Active,Not Active,Not Active,100 %,P2,350.00 W
1787780526.067,0x0000000000000004,Active,Not Active,Not Active,Not Active,100 %,P2,350.00 W
1787780531.432,0x0000000000000004,Active,Not Active,Not Active,Not Active,100 %,P2,350.00 W
1787780536.812,0x0000000000000004,Active,Not Active,Not Active,Not Active,100 %,P2,350.00 W
1787780542.114,0x0000000000000004,Active,Not Active,Not Active,Not Active,100 %,P2,350.00 W
1787780547.552,0x0000000000000024,Active,Not Active,Active,Not Active,100 %,P2,350.00 W
1787780552.913,0x0000000000000004,Active,Not Active,Not Active,Not Active,100 %,P2,350.00 W
1787780558.256,0x0000000000000004,Active,Not Active,Not Active,Not Active,100 %,P2,350.00 W
1787780563.594,0x0000000000000004,Active,Not Active,Not Active,Not Active,100 %,P2,350.00 W
1787780568.934,0x0000000000000004,Active,Not Active,Not Active,Not Active,100 %,P2,350.00 W
1787780574.300,0x0000000000000004,Active,Not Active,Not Active,Not Active,100 %,P2,350.00 W
1787780579.677,0x0000000000000004,Active,Not Active,Not Active,Not Active,100 %,P2,350.00 W
1787780585.020,0x0000000000000004,Active,Not Active,Not Active,Not Active,100 %,P2,350.00 W
1787780590.388,0x0000000000000004,Active,Not Active,Not Active,Not Active,100 %,P2,350.00 W
1787780595.771,0x0000000000000004,Active,Not Active,Not Active,Not Active,100 %,P2,350.00 W
1787780601.150,0x0000000000000004,Active,Not Active,Not Active,Not Active,100 %,P2,350.00 W
1787780606.517,0x0000000000000004,Active,Not Active,Not Active,Not Active,100 %,P2,350.00 W
1787780611.885,0x0000000000000020,Not Active,Not Active,Active,Not Active,100 %,P2,350.00 W
1787780617.256,0x0000000000000004,Active,Not Active,Not Active,Not Active,100 %,P2,350.00 W
1787780622.611,0x0000000000000004,Active,Not Active,Not Active,Not Active,100 %,P2,350.00 W
1787780627.978,0x0000000000000004,Active,Not Active,Not Active,Not Active,100 %,P2,350.00 W
1787780633.359,0x0000000000000004,Active,Not Active,Not Active,Not Active,100 %,P2,350.00 W
1787780638.718,0x0000000000000004,Active,Not Active,Not Active,Not Active,100 %,P2,350.00 W
1787780644.071,0x0000000000000004,Active,Not Active,Not Active,Not Active,100 %,P2,350.00 W
1787780649.438,0x0000000000000004,Active,Not Active,Not Active,Not Active,100 %,P2,350.00 W
1787780654.805,0x0000000000000004,Active,Not Active,Not Active,Not Active,100 %,P2,350.00 W
1787780660.167,0x0000000000000004,Active,Not Active,Not Active,Not Active,100 %,P2,350.00 W
1787780665.541,0x0000000000000004,Active,Not Active,Not Active,Not Active,100 %,P2,350.00 W
1787780670.893,0x0000000000000004,Active,Not Active,Not Active,Not Active,100 %,P2,350.00 W
1787780676.277,0x0000000000000004,Active,Not Active,Not Active,Not Active,100 %,P2,350.00 W
1787780681.648,0x0000000000000004,Active,Not Active,Not Active,Not Active,100 %,P2,350.00 W
1787780687.012,0x0000000000000004,Active,Not Active,Not Active,Not Active,100 %,P2,350.00 W
1787780692.378,0x0000000000000004,Active,Not Active,Not Active,Not Active,100 %,P2,350.00 W
1787780697.726,0x0000000000000004,Active,Not Active,Not Active,Not Active,100 %,P2,350.00 W
1787780703.109,0x0000000000000004,Active,Not Active,Not Active,Not Active,100 %,P2,350.00 W
1787780708.467,0x0000000000000004,Active,Not Active,Not Active,Not Active,100 %,P2,350.00 W
1787780713.817,0x0000000000000004,Active,Not Active,Not Active,Not Active,100 %,P2,350.00 W
1787780719.191,0x0000000000000004,Active,Not Active,Not Active,Not Active,100 %,P2,350.00 W
1787780724.552,0x0000000000000004,Active,Not Active,Not Active,Not Active,100 %,P2,350.00 W
1787780729.907,0x0000000000000004,Active,Not Active,Not Active,Not Active,100 %,P2,350.00 W
1787780735.263,0x0000000000000004,Active,Not Active,Not Active,Not Active,100 %,P2,350.00 W
1787780740.603,0x0000000000000004,Active,Not Active,Not Active,Not Active,100 %,P2,350.00 W
1787780745.978,0x0000000000000004,Active,Not Active,Not Active,Not Active,100 %,P2,350.00 W
1787780751.343,0x0000000000000004,Active,Not Active,Not Active,Not Active,100 %,P2,350.00 W
1787780756.704,0x0000000000000004,Active,Not Active,Not Active,Not Active,100 %,P2,350.00 W
1787780762.071,0x0000000000000024,Active,Not Active,Active,Not Active,100 %,P2,350.00 W
1787780767.426,0x0000000000000004,Active,Not Active,Not Active,Not Active,100 %,P2,350.00 W
1787780772.790,0x0000000000000004,Active,Not Active,Not Active,Not Active,100 %,P2,350.00 W
1787780778.098,0x0000000000000004,Active,Not Active,Not Active,Not Active,100 %,P2,350.00 W
1787780783.512,0x0000000000000004,Active,Not Active,Not Active,Not Active,100 %,P2,350.00 W
1787780788.889,0x0000000000000004,Active,Not Active,Not Active,Not Active,100 %,P2,350.00 W
1787780794.242,0x0000000000000020,Not Active,Not Active,Active,Not Active,100 %,P2,350.00 W
1787780799.592,0x0000000000000004,Active,Not Active,Not Active,Not Active,100 %,P2,350.00 W
1787780804.940,0x0000000000000004,Active,Not Active,Not Active,Not Active,100 %,P2,350.00 W
1787780810.311,0x0000000000000004,Active,Not Active,Not Active,Not Active,100 %,P2,350.00 W
1787780815.673,0x0000000000000004,Active,Not Active,Not Active,Not Active,100 %,P2,350.00 W
1787780821.039,0x0000000000000004,Active,Not Active,Not Active,Not Active,100 %,P2,350.00 W
1787780826.406,0x0000000000000024,Active,Not Active,Active,Not Active,100 %,P2,350.00 W
1787780831.774,0x0000000000000024,Active,Not Active,Active,Not Active,100 %,P2,350.00 W
1787780837.139,0x0000000000000004,Active,Not Active,Not Active,Not Active,100 %,P2,350.00 W
1787780842.506,0x0000000000000004,Active,Not Active,Not Active,Not Active,100 %,P2,350.00 W
1787780847.870,0x0000000000000004,Active,Not Active,Not Active,Not Active,100 %,P2,350.00 W
1787780853.250,0x0000000000000004,Active,Not Active,Not Active,Not Active,100 %,P2,350.00 W
1787780858.612,0x0000000000000004,Active,Not Active,Not Active,Not Active,100 %,P2,350.00 W
1787780863.980,0x0000000000000004,Active,Not Active,Not Active,Not Active,100 %,P2,350.00 W
1787780869.338,0x0000000000000004,Active,Not Active,Not Active,Not Active,100 %,P2,350.00 W
1787780874.706,0x0000000000000020,Not Active,Not Active,Active,Not Active,100 %,P2,350.00 W
1787780880.064,0x0000000000000004,Active,Not Active,Not Active,Not Active,100 %,P2,350.00 W
1787780885.427,0x0000000000000004,Active,Not Active,Not Active,Not Active,100 %,P2,350.00 W
1787780890.788,0x0000000000000004,Active,Not Active,Not Active,Not Active,100 %,P2,350.00 W
1787780896.166,0x0000000000000004,Active,Not Active,Not Active,Not Active,100 %,P2,350.00 W
1787780901.524,0x0000000000000020,Not Active,Not Active,Active,Not Active,100 %,P2,350.00 W
1787780906.898,0x0000000000000004,Active,Not Active,Not Active,Not Active,100 %,P2,350.00 W
1787780912.263,0x0000000000000004,Active,Not Active,Not Active,Not Active,100 %,P2,350.00 W
1787780917.633,0x0000000000000004,Active,Not Active,Not Active,Not Active,100 %,P2,350.00 W
1787780922.998,0x0000000000000004,Active,Not Active,Not Active,Not Active,100 %,P2,350.00 W
1787780928.346,0x0000000000000004,Active,Not Active,Not Active,Not Active,100 %,P2,350.00 W
1787780933.719,0x0000000000000004,Active,Not Active,Not Active,Not Active,100 %,P2,350.00 W
1787780939.092,0x0000000000000004,Active,Not Active,Not Active,Not Active,100 %,P2,350.00 W
1787780944.452,0x0000000000000004,Active,Not Active,Not Active,Not Active,100 %,P2,350.00 W
1787780949.836,0x0000000000000004,Active,Not Active,Not Active,Not Active,100 %,P2,350.00 W
1787780955.187,0x0000000000000004,Active,Not Active,Not Active,Not Active,100 %,P2,350.00 W
1787780960.553,0x0000000000000004,Active,Not Active,Not Active,Not Active,100 %,P2,350.00 W
1787780965.930,0x0000000000000004,Active,Not Active,Not Active,Not Active,100 %,P2,350.00 W
1787780971.281,0x0000000000000004,Active,Not Active,Not Active,Not Active,100 %,P2,350.00 W
1787780976.636,0x0000000000000004,Active,Not Active,Not Active,Not Active,100 %,P2,350.00 W
1787780982.015,0x0000000000000004,Active,Not Active,Not Active,Not Active,100 %,P2,350.00 W
1787780987.369,0x0000000000000004,Active,Not Active,Not Active,Not Active,100 %,P2,350.00 W
1787780992.739,0x0000000000000004,Active,Not Active,Not Active,Not Active,100 %,P2,350.00 W
1787780998.108,0x0000000000000020,Not Active,Not Active,Active,Not Active,100 %,P2,350.00 W
1787781003.478,0x0000000000000004,Active,Not Active,Not Active,Not Active,100 %,P2,350.00 W
1787781008.848,0x0000000000000004,Active,Not Active,Not Active,Not Active,100 %,P2,350.00 W
1787781014.152,0x0000000000000004,Active,Not Active,Not Active,Not Active,100 %,P2,350.00 W
1787781019.571,0x0000000000000004,Active,Not Active,Not Active,Not Active,100 %,P2,350.00 W
1787781024.951,0x0000000000000004,Active,Not Active,Not Active,Not Active,100 %,P2,350.00 W
1787781030.320,0x0000000000000004,Active,Not Active,Not Active,Not Active,100 %,P2,350.00 W
1787781035.681,0x0000000000000004,Active,Not Active,Not Active,Not Active,100 %,P2,350.00 W
1787781041.038,0x0000000000000004,Active,Not Active,Not Active,Not Active,100 %,P2,350.00 W
1787781046.398,0x0000000000000004,Active,Not Active,Not Active,Not Active,100 %,P2,350.00 W
1787781051.742,0x0000000000000004,Active,Not Active,Not Active,Not Active,100 %,P2,350.00 W
1787781057.110,0x0000000000000004,Active,Not Active,Not Active,Not Active,100 %,P2,350.00 W
1787781062.462,0x0000000000000004,Active,Not Active,Not Active,Not Active,100 %,P2,350.00 W
1787781067.827,0x0000000000000004,Active,Not Active,Not Active,Not Active,100 %,P2,350.00 W
1787781073.178,0x0000000000000004,Active,Not Active,Not Active,Not Active,100 %,P2,350.00 W
1787781078.539,0x0000000000000004,Active,Not Active,Not Active,Not Active,100 %,P2,350.00 W
1787781083.906,0x0000000000000004,Active,Not Active,Not Active,Not Active,100 %,P2,350.00 W
1787781089.276,0x0000000000000004,Active,Not Active,Not Active,Not Active,100 %,P2,350.00 W
1787781094.633,0x0000000000000004,Active,Not Active,Not Active,Not Active,100 %,P2,350.00 W
1787781099.986,0x0000000000000004,Active,Not Active,Not Active,Not Active,100 %,P2,350.00 W
1787781105.343,0x0000000000000004,Active,Not Active,Not Active,Not Active,100 %,P2,350.00 W
1787781110.712,0x0000000000000004,Active,Not Active,Not Active,Not Active,100 %,P2,350.00 W
1787781116.076,0x0000000000000004,Active,Not Active,Not Active,Not Active,100 %,P2,350.00 W
1787781121.441,0x0000000000000004,Active,Not Active,Not Active,Not Active,100 %,P2,350.00 W
1787781126.811,0x0000000000000004,Active,Not Active,Not Active,Not Active,100 %,P2,350.00 W
1787781132.182,0x0000000000000004,Active,Not Active,Not Active,Not Active,100 %,P2,350.00 W
1787781137.548,0x0000000000000004,Active,Not Active,Not Active,Not Active,100 %,P2,350.00 W
1787781142.911,0x0000000000000004,Active,Not Active,Not Active,Not Active,100 %,P2,350.00 W
1787781148.268,0x0000000000000004,Active,Not Active,Not Active,Not Active,100 %,P2,350.00 W
1787781153.627,0x0000000000000020,Not Active,Not Active,Active,Not Active,100 %,P2,350.00 W
1787781158.982,0x0000000000000004,Active,Not Active,Not Active,Not Active,100 %,P2,350.00 W
1787781164.345,0x0000000000000004,Active,Not Active,Not Active,Not Active,100 %,P2,350.00 W
1787781169.713,0x0000000000000004,Active,Not Active,Not Active,Not Active,100 %,P2,350.00 W
1787781175.089,0x0000000000000004,Active,Not Active,Not Active,Not Active,100 %,P2,350.00 W
1787781180.469,0x0000000000000004,Active,Not Active,Not Active,Not Active,100 %,P2,350.00 W
1787781185.843,0x0000000000000004,Active,Not Active,Not Active,Not Active,100 %,P2,350.00 W
1787781191.198,0x0000000000000004,Active,Not Active,Not Active,Not Active,100 %,P2,350.00 W
1787781196.564,0x0000000000000004,Active,Not Active,Not Active,Not Active,100 %,P2,350.00 W
1787781201.900,0x0000000000000004,Active,Not Active,Not Active,Not Active,100 %,P2,350.00 W
1787781207.274,0x0000000000000004,Active,Not Active,Not Active,Not Active,100 %,P2,350.00 W
1787781212.649,0x0000000000000004,Active,Not Active,Not Active,Not Active,100 %,P2,350.00 W
1787781218.025,0x0000000000000004,Active,Not Active,Not Active,Not Active,100 %,P2,350.00 W
1787781223.398,0x0000000000000004,Active,Not Active,Not Active,Not Active,100 %,P2,350.00 W
1787781228.771,0x0000000000000004,Active,Not Active,Not Active,Not Active,100 %,P2,350.00 W
1787781234.142,0x0000000000000004,Active,Not Active,Not Active,Not Active,100 %,P2,350.00 W
1787781239.510,0x0000000000000004,Active,Not Active,Not Active,Not Active,100 %,P2,350.00 W
1787781244.877,0x0000000000000004,Active,Not Active,Not Active,Not Active,100 %,P2,350.00 W
1787781250.165,0x0000000000000004,Active,Not Active,Not Active,Not Active,100 %,P2,350.00 W
1787781255.566,0x0000000000000004,Active,Not Active,Not Active,Not Active,100 %,P2,350.00 W
1787781260.913,0x0000000000000004,Active,Not Active,Not Active,Not Active,100 %,P2,350.00 W
1787781266.286,0x0000000000000004,Active,Not Active,Not Active,Not Active,100 %,P2,350.00 W
1787781271.644,0x0000000000000004,Active,Not Active,Not Active,Not Active,100 %,P2,350.00 W
1787781277.014,0x0000000000000004,Active,Not Active,Not Active,Not Active,100 %,P2,350.00 W
1787781282.393,0x0000000000000004,Active,Not Active,Not Active,Not Active,100 %,P2,350.00 W
1787781287.753,0x0000000000000004,Active,Not Active,Not Active,Not Active,100 %,P2,350.00 W
1787781293.121,0x0000000000000004,Active,Not Active,Not Active,Not Active,100 %,P2,350.00 W
1787781298.472,0x0000000000000004,Active,Not Active,Not Active,Not Active,100 %,P2,350.00 W
1787781303.824,0x0000000000000004,Active,Not Active,Not Active,Not Active,100 %,P2,350.00 W
1787781309.197,0x0000000000000004,Active,Not Active,Not Active,Not Active,100 %,P2,350.00 W
1787781314.570,0x0000000000000004,Active,Not Active,Not Active,Not Active,100 %,P2,350.00 W
1787781319.929,0x0000000000000004,Active,Not Active,Not Active,Not Active,100 %,P2,350.00 W
1787781325.286,0x0000000000000004,Active,Not Active,Not Active,Not Active,100 %,P2,350.00 W
1787781330.653,0x0000000000000024,Active,Not Active,Active,Not Active,100 %,P2,350.00 W
1787781335.982,0x0000000000000004,Active,Not Active,Not Active,Not Active,100 %,P2,350.00 W
1787781341.339,0x0000000000000004,Active,Not Active,Not Active,Not Active,100 %,P2,350.00 W
1787781346.706,0x0000000000000004,Active,Not Active,Not Active,Not Active,100 %,P2,350.00 W
1787781352.074,0x0000000000000004,Active,Not Active,Not Active,Not Active,100 %,P2,350.00 W
1787781357.438,0x0000000000000004,Active,Not Active,Not Active,Not Active,100 %,P2,350.00 W
1787781362.792,0x0000000000000004,Active,Not Active,Not Active,Not Active,100 %,P2,350.00 W
1787781368.166,0x0000000000000004,Active,Not Active,Not Active,Not Active,100 %,P2,350.00 W
1787781373.524,0x0000000000000004,Active,Not Active,Not Active,Not Active,100 %,P2,350.00 W
1787781378.888,0x0000000000000004,Active,Not Active,Not Active,Not Active,100 %,P2,350.00 W
1787781384.266,0x0000000000000004,Active,Not Active,Not Active,Not Active,100 %,P2,350.00 W
1787781389.632,0x0000000000000004,Active,Not Active,Not Active,Not Active,100 %,P2,350.00 W
1787781394.987,0x0000000000000004,Active,Not Active,Not Active,Not Active,100 %,P2,350.00 W
1787781400.342,0x0000000000000004,Active,Not Active,Not Active,Not Active,100 %,P2,350.00 W
1787781405.720,0x0000000000000004,Active,Not Active,Not Active,Not Active,100 %,P2,350.00 W
1787781411.091,0x0000000000000004,Active,Not Active,Not Active,Not Active,100 %,P2,350.00 W
1787781416.458,0x0000000000000004,Active,Not Active,Not Active,Not Active,100 %,P2,350.00 W
1787781421.822,0x0000000000000004,Active,Not Active,Not Active,Not Active,100 %,P2,350.00 W
1787781427.198,0x0000000000000004,Active,Not Active,Not Active,Not Active,100 %,P2,350.00 W
1787781432.578,0x0000000000000004,Active,Not Active,Not Active,Not Active,100 %,P2,350.00 W
1787781437.944,0x0000000000000004,Active,Not Active,Not Active,Not Active,100 %,P2,350.00 W
1787781443.307,0x0000000000000004,Active,Not Active,Not Active,Not Active,100 %,P2,350.00 W
1787781448.665,0x0000000000000004,Active,Not Active,Not Active,Not Active,100 %,P2,350.00 W
1787781454.029,0x0000000000000004,Active,Not Active,Not Active,Not Active,100 %,P2,350.00 W
1787781459.392,0x0000000000000004,Active,Not Active,Not Active,Not Active,100 %,P2,350.00 W
1787781464.765,0x0000000000000004,Active,Not Active,Not Active,Not Active,100 %,P2,350.00 W
1787781470.136,0x0000000000000004,Active,Not Active,Not Active,Not Active,100 %,P2,350.00 W
1787781475.495,0x0000000000000004,Active,Not Active,Not Active,Not Active,100 %,P2,350.00 W
1787781480.843,0x0000000000000004,Active,Not Active,Not Active,Not Active,100 %,P2,350.00 W
1787781486.131,0x0000000000000004,Active,Not Active,Not Active,Not Active,100 %,P2,350.00 W
1787781491.575,0x0000000000000004,Active,Not Active,Not Active,Not Active,100 %,P2,350.00 W
1787781496.914,0x0000000000000004,Active,Not Active,Not Active,Not Active,100 %,P2,350.00 W
1787781502.258,0x0000000000000004,Active,Not Active,Not Active,Not Active,100 %,P2,350.00 W
1787781507.583,0x0000000000000004,Active,Not Active,Not Active,Not Active,100 %,P2,350.00 W
1787781512.950,0x0000000000000004,Active,Not Active,Not Active,Not Active,100 %,P2,350.00 W
1787781518.305,0x0000000000000004,Active,Not Active,Not Active,Not Active,100 %,P2,350.00 W
1787781523.655,0x0000000000000004,Active,Not Active,Not Active,Not Active,100 %,P2,350.00 W
1787781529.009,0x0000000000000004,Active,Not Active,Not Active,Not Active,100 %,P2,350.00 W
1787781534.382,0x0000000000000001,Not Active,Not Active,Not Active,Not Active,100 %,P3,350.00 W
1787781539.734,0x0000000000000004,Active,Not Active,Not Active,Not Active,100 %,P2,350.00 W
1787781545.089,0x0000000000000004,Active,Not Active,Not Active,Not Active,99 %,P2,350.00 W
1787781550.459,0x0000000000000004,Active,Not Active,Not Active,Not Active,99 %,P2,350.00 W
1787781555.803,0x0000000000000004,Active,Not Active,Not Active,Not Active,98 %,P2,350.00 W
1787781561.177,0x0000000000000004,Active,Not Active,Not Active,Not Active,96 %,P2,350.00 W
1787781566.543,0x0000000000000004,Active,Not Active,Not Active,Not Active,96 %,P2,350.00 W
1787781571.897,0x0000000000000004,Active,Not Active,Not Active,Not Active,96 %,P2,350.00 W
1787781577.254,0x0000000000000004,Active,Not Active,Not Active,Not Active,95 %,P2,350.00 W
1787781582.623,0x0000000000000024,Active,Not Active,Active,Not Active,96 %,P2,350.00 W
1787781588.007,0x0000000000000004,Active,Not Active,Not Active,Not Active,97 %,P2,350.00 W
1787781593.375,0x0000000000000004,Active,Not Active,Not Active,Not Active,97 %,P2,350.00 W
1787781598.739,0x0000000000000004,Active,Not Active,Not Active,Not Active,96 %,P2,350.00 W
1787781604.085,0x0000000000000020,Not Active,Not Active,Active,Not Active,99 %,P2,350.00 W
1787781609.448,0x0000000000000004,Active,Not Active,Not Active,Not Active,100 %,P2,350.00 W
1787781614.806,0x0000000000000004,Active,Not Active,Not Active,Not Active,100 %,P2,350.00 W
1787781620.191,0x0000000000000004,Active,Not Active,Not Active,Not Active,100 %,P2,350.00 W
1787781625.570,0x0000000000000004,Active,Not Active,Not Active,Not Active,100 %,P2,350.00 W
1787781630.920,0x0000000000000004,Active,Not Active,Not Active,Not Active,100 %,P2,350.00 W
1787781636.298,0x0000000000000004,Active,Not Active,Not Active,Not Active,100 %,P2,350.00 W
1787781641.667,0x0000000000000004,Active,Not Active,Not Active,Not Active,100 %,P2,350.00 W
1787781647.021,0x0000000000000004,Active,Not Active,Not Active,Not Active,100 %,P2,350.00 W
1787781652.365,0x0000000000000020,Not Active,Not Active,Active,Not Active,100 %,P2,350.00 W
1787781657.735,0x0000000000000001,Not Active,Not Active,Not Active,Not Active,100 %,P3,350.00 W
1787781663.100,0x0000000000000004,Active,Not Active,Not Active,Not Active,88 %,P2,350.00 W
1787781668.457,0x0000000000000004,Active,Not Active,Not Active,Not Active,80 %,P2,350.00 W
1787781673.810,0x0000000000000004,Active,Not Active,Not Active,Not Active,78 %,P2,350.00 W
1787781679.178,0x0000000000000004,Active,Not Active,Not Active,Not Active,79 %,P2,350.00 W
1787781684.538,0x0000000000000004,Active,Not Active,Not Active,Not Active,80 %,P2,350.00 W
1787781689.889,0x0000000000000004,Active,Not Active,Not Active,Not Active,85 %,P2,350.00 W
1787781695.229,0x0000000000000004,Active,Not Active,Not Active,Not Active,97 %,P2,350.00 W
1787781700.601,0x0000000000000004,Active,Not Active,Not Active,Not Active,99 %,P2,350.00 W
1787781705.935,0x0000000000000004,Active,Not Active,Not Active,Not Active,100 %,P2,350.00 W
1787781711.314,0x0000000000000004,Active,Not Active,Not Active,Not Active,100 %,P2,350.00 W
1787781716.683,0x0000000000000004,Active,Not Active,Not Active,Not Active,100 %,P2,350.00 W
1787781722.001,0x0000000000000004,Active,Not Active,Not Active,Not Active,100 %,P2,350.00 W
1787781727.431,0x0000000000000004,Active,Not Active,Not Active,Not Active,100 %,P2,350.00 W
1787781732.791,0x0000000000000004,Active,Not Active,Not Active,Not Active,100 %,P2,350.00 W
1787781738.158,0x0000000000000004,Active,Not Active,Not Active,Not Active,100 %,P2,350.00 W
1787781743.527,0x0000000000000004,Active,Not Active,Not Active,Not Active,100 %,P2,350.00 W
1787781748.880,0x0000000000000004,Active,Not Active,Not Active,Not Active,100 %,P2,350.00 W
1787781754.246,0x0000000000000004,Active,Not Active,Not Active,Not Active,100 %,P2,350.00 W
1787781759.609,0x0000000000000004,Active,Not Active,Not Active,Not Active,100 %,P2,350.00 W
1787781764.963,0x0000000000000004,Active,Not Active,Not Active,Not Active,100 %,P2,350.00 W
1787781770.333,0x0000000000000004,Active,Not Active,Not Active,Not Active,100 %,P2,350.00 W
1787781775.674,0x0000000000000004,Active,Not Active,Not Active,Not Active,100 %,P2,350.00 W
1787781781.037,0x0000000000000004,Active,Not Active,Not Active,Not Active,100 %,P2,350.00 W
1787781786.380,0x0000000000000004,Active,Not Active,Not Active,Not Active,100 %,P2,350.00 W
1787781791.750,0x0000000000000004,Active,Not Active,Not Active,Not Active,100 %,P2,350.00 W
1787781797.129,0x0000000000000004,Active,Not Active,Not Active,Not Active,100 %,P2,350.00 W
1787781802.502,0x0000000000000004,Active,Not Active,Not Active,Not Active,100 %,P2,350.00 W
1787781807.881,0x0000000000000004,Active,Not Active,Not Active,Not Active,100 %,P2,350.00 W
1787781813.225,0x0000000000000004,Active,Not Active,Not Active,Not Active,100 %,P2,350.00 W
1787781818.589,0x0000000000000004,Active,Not Active,Not Active,Not Active,100 %,P2,350.00 W
1787781823.950,0x0000000000000004,Active,Not Active,Not Active,Not Active,100 %,P2,350.00 W
1787781829.325,0x0000000000000020,Not Active,Not Active,Active,Not Active,100 %,P2,350.00 W
1787781834.696,0x0000000000000004,Active,Not Active,Not Active,Not Active,100 %,P2,350.00 W
1787781840.067,0x0000000000000004,Active,Not Active,Not Active,Not Active,100 %,P2,350.00 W
1787781845.434,0x0000000000000001,Not Active,Not Active,Not Active,Not Active,100 %,P2,350.00 W
1787781850.798,0x0000000000000004,Active,Not Active,Not Active,Not Active,100 %,P2,350.00 W
1787781856.174,0x0000000000000004,Active,Not Active,Not Active,Not Active,100 %,P2,350.00 W
1787781861.543,0x0000000000000004,Active,Not Active,Not Active,Not Active,100 %,P2,350.00 W
1787781866.890,0x0000000000000004,Active,Not Active,Not Active,Not Active,100 %,P2,350.00 W
1787781872.253,0x0000000000000004,Active,Not Active,Not Active,Not Active,100 %,P2,350.00 W
1787781877.602,0x0000000000000004,Active,Not Active,Not Active,Not Active,100 %,P2,350.00 W
1787781882.981,0x0000000000000004,Active,Not Active,Not Active,Not Active,100 %,P2,350.00 W
1787781888.355,0x0000000000000004,Active,Not Active,Not Active,Not Active,100 %,P2,350.00 W
1787781893.734,0x0000000000000004,Active,Not Active,Not Active,Not Active,100 %,P2,350.00 W
1787781899.104,0x0000000000000004,Active,Not Active,Not Active,Not Active,100 %,P2,350.00 W
1787781904.476,0x0000000000000004,Active,Not Active,Not Active,Not Active,100 %,P2,350.00 W
1787781909.831,0x0000000000000004,Active,Not Active,Not Active,Not Active,100 %,P2,350.00 W
1787781915.200,0x0000000000000004,Active,Not Active,Not Active,Not Active,100 %,P2,350.00 W
1787781920.564,0x0000000000000004,Active,Not Active,Not Active,Not Active,100 %,P2,350.00 W
1787781925.923,0x0000000000000024,Active,Not Active,Active,Not Active,100 %,P2,350.00 W
1787781931.276,0x0000000000000004,Active,Not Active,Not Active,Not Active,100 %,P2,350.00 W
1787781936.645,0x0000000000000004,Active,Not Active,Not Active,Not Active,100 %,P2,350.00 W
1787781941.987,0x0000000000000004,Active,Not Active,Not Active,Not Active,100 %,P2,350.00 W
1787781947.353,0x0000000000000004,Active,Not Active,Not Active,Not Active,100 %,P2,350.00 W
1787781952.724,0x0000000000000020,Not Active,Not Active,Active,Not Active,100 %,P2,350.00 W
1787781958.025,0x0000000000000004,Active,Not Active,Not Active,Not Active,100 %,P2,350.00 W
1787781963.457,0x0000000000000004,Active,Not Active,Not Active,Not Active,100 %,P2,350.00 W
1787781968.824,0x0000000000000004,Active,Not Active,Not Active,Not Active,100 %,P2,350.00 W
1787781974.192,0x0000000000000004,Active,Not Active,Not Active,Not Active,100 %,P2,350.00 W
1787781979.563,0x0000000000000004,Active,Not Active,Not Active,Not Active,100 %,P2,350.00 W
1787781984.915,0x0000000000000004,Active,Not Active,Not Active,Not Active,100 %,P2,350.00 W
1787781990.293,0x0000000000000004,Active,Not Active,Not Active,Not Active,100 %,P2,350.00 W
1787781995.638,0x0000000000000004,Active,Not Active,Not Active,Not Active,100 %,P2,350.00 W
1787782001.003,0x0000000000000004,Active,Not Active,Not Active,Not Active,100 %,P2,350.00 W
1787782006.357,0x0000000000000004,Active,Not Active,Not Active,Not Active,100 %,P2,350.00 W
1787782011.714,0x0000000000000004,Active,Not Active,Not Active,Not Active,100 %,P2,350.00 W
1787782017.066,0x0000000000000004,Active,Not Active,Not Active,Not Active,100 %,P2,350.00 W
1787782022.422,0x0000000000000004,Active,Not Active,Not Active,Not Active,100 %,P2,350.00 W
1787782027.778,0x0000000000000004,Active,Not Active,Not Active,Not Active,100 %,P2,350.00 W
1787782033.119,0x0000000000000004,Active,Not Active,Not Active,Not Active,100 %,P2,350.00 W
1787782038.476,0x0000000000000004,Active,Not Active,Not Active,Not Active,100 %,P2,350.00 W
1787782043.829,0x0000000000000004,Active,Not Active,Not Active,Not Active,100 %,P2,350.00 W
1787782049.191,0x0000000000000024,Active,Not Active,Active,Not Active,100 %,P2,350.00 W
1787782054.557,0x0000000000000004,Active,Not Active,Not Active,Not Active,100 %,P2,350.00 W
1787782059.914,0x0000000000000024,Active,Not Active,Active,Not Active,100 %,P2,350.00 W
1787782065.290,0x0000000000000004,Active,Not Active,Not Active,Not Active,100 %,P2,350.00 W
1787782070.671,0x0000000000000004,Active,Not Active,Not Active,Not Active,100 %,P2,350.00 W
1787782076.028,0x0000000000000004,Active,Not Active,Not Active,Not Active,100 %,P2,350.00 W
1787782081.409,0x0000000000000004,Active,Not Active,Not Active,Not Active,100 %,P2,350.00 W
1787782086.746,0x0000000000000004,Active,Not Active,Not Active,Not Active,100 %,P2,350.00 W
1787782092.118,0x0000000000000004,Active,Not Active,Not Active,Not Active,100 %,P2,350.00 W
1787782097.487,0x0000000000000024,Active,Not Active,Active,Not Active,100 %,P2,350.00 W
1787782102.821,0x0000000000000004,Active,Not Active,Not Active,Not Active,100 %,P2,350.00 W
1787782108.183,0x0000000000000020,Not Active,Not Active,Active,Not Active,100 %,P2,350.00 W
1787782113.548,0x0000000000000004,Active,Not Active,Not Active,Not Active,100 %,P2,350.00 W
1787782118.928,0x0000000000000004,Active,Not Active,Not Active,Not Active,100 %,P2,350.00 W
1787782124.293,0x0000000000000004,Active,Not Active,Not Active,Not Active,100 %,P2,350.00 W
1787782129.668,0x0000000000000020,Not Active,Not Active,Active,Not Active,100 %,P2,350.00 W
1787782135.043,0x0000000000000004,Active,Not Active,Not Active,Not Active,100 %,P2,350.00 W
1787782140.407,0x0000000000000020,Not Active,Not Active,Active,Not Active,100 %,P2,350.00 W
1787782145.775,0x0000000000000004,Active,Not Active,Not Active,Not Active,100 %,P2,350.00 W
1787782151.142,0x0000000000000004,Active,Not Active,Not Active,Not Active,100 %,P2,350.00 W
1787782156.504,0x0000000000000004,Active,Not Active,Not Active,Not Active,100 %,P2,350.00 W
1787782161.880,0x0000000000000004,Active,Not Active,Not Active,Not Active,100 %,P2,350.00 W
1787782167.254,0x0000000000000004,Active,Not Active,Not Active,Not Active,100 %,P2,350.00 W
1787782172.611,0x0000000000000004,Active,Not Active,Not Active,Not Active,100 %,P2,350.00 W
1787782177.961,0x0000000000000004,Active,Not Active,Not Active,Not Active,100 %,P2,350.00 W
1787782183.335,0x0000000000000004,Active,Not Active,Not Active,Not Active,100 %,P2,350.00 W
1787782188.713,0x0000000000000004,Active,Not Active,Not Active,Not Active,100 %,P2,350.00 W
1787782194.011,0x0000000000000004,Active,Not Active,Not Active,Not Active,100 %,P2,350.00 W
1787782199.456,0x0000000000000004,Active,Not Active,Not Active,Not Active,100 %,P2,350.00 W
1787782204.818,0x0000000000000004,Active,Not Active,Not Active,Not Active,100 %,P2,350.00 W
1787782210.163,0x0000000000000004,Active,Not Active,Not Active,Not Active,100 %,P2,350.00 W
1787782215.529,0x0000000000000004,Active,Not Active,Not Active,Not Active,100 %,P2,350.00 W
1787782220.888,0x0000000000000004,Active,Not Active,Not Active,Not Active,100 %,P2,350.00 W
1787782226.252,0x0000000000000004,Active,Not Active,Not Active,Not Active,100 %,P2,350.00 W
1787782231.588,0x0000000000000004,Active,Not Active,Not Active,Not Active,100 %,P2,350.00 W
1787782236.964,0x0000000000000004,Active,Not Active,Not Active,Not Active,100 %,P2,350.00 W
1787782242.323,0x0000000000000004,Active,Not Active,Not Active,Not Active,100 %,P2,350.00 W
1787782247.691,0x0000000000000020,Not Active,Not Active,Active,Not Active,100 %,P2,350.00 W
1787782253.041,0x0000000000000004,Active,Not Active,Not Active,Not Active,100 %,P2,350.00 W
1787782258.412,0x0000000000000004,Active,Not Active,Not Active,Not Active,100 %,P2,350.00 W
1787782263.751,0x0000000000000004,Active,Not Active,Not Active,Not Active,100 %,P2,350.00 W
1787782269.113,0x0000000000000004,Active,Not Active,Not Active,Not Active,100 %,P2,350.00 W
1787782274.467,0x0000000000000004,Active,Not Active,Not Active,Not Active,100 %,P2,350.00 W
1787782279.835,0x0000000000000020,Not Active,Not Active,Active,Not Active,100 %,P2,350.00 W
1787782285.197,0x0000000000000004,Active,Not Active,Not Active,Not Active,100 %,P2,350.00 W
1787782290.550,0x0000000000000004,Active,Not Active,Not Active,Not Active,100 %,P2,350.00 W
1787782295.915,0x0000000000000020,Not Active,Not Active,Active,Not Active,100 %,P2,350.00 W
1787782301.270,0x0000000000000004,Active,Not Active,Not Active,Not Active,100 %,P2,350.00 W
1787782306.648,0x0000000000000020,Not Active,Not Active,Active,Not Active,100 %,P2,350.00 W
1787782311.997,0x0000000000000004,Active,Not Active,Not Active,Not Active,100 %,P2,350.00 W
1787782317.357,0x0000000000000004,Active,Not Active,Not Active,Not Active,100 %,P2,350.00 W
1787782322.707,0x0000000000000004,Active,Not Active,Not Active,Not Active,100 %,P2,350.00 W
1787782328.053,0x0000000000000020,Not Active,Not Active,Active,Not Active,100 %,P2,350.00 W
1787782333.414,0x0000000000000004,Active,Not Active,Not Active,Not Active,100 %,P2,350.00 W
1787782338.769,0x0000000000000004,Active,Not Active,Not Active,Not Active,100 %,P2,350.00 W
1787782344.138,0x0000000000000004,Active,Not Active,Not Active,Not Active,100 %,P2,350.00 W
1787782349.497,0x0000000000000004,Active,Not Active,Not Active,Not Active,100 %,P2,350.00 W
1787782354.865,0x0000000000000004,Active,Not Active,Not Active,Not Active,100 %,P2,350.00 W
1787782360.227,0x0000000000000004,Active,Not Active,Not Active,Not Active,100 %,P2,350.00 W
1787782365.603,0x0000000000000004,Active,Not Active,Not Active,Not Active,100 %,P2,350.00 W
1787782370.952,0x0000000000000004,Active,Not Active,Not Active,Not Active,100 %,P2,350.00 W
1787782376.285,0x0000000000000001,Not Active,Not Active,Not Active,Not Active,100 %,P3,350.00 W
1787782381.668,0x0000000000000004,Active,Not Active,Not Active,Not Active,85 %,P2,350.00 W
1787782387.037,0x0000000000000004,Active,Not Active,Not Active,Not Active,81 %,P2,350.00 W
1787782392.396,0x0000000000000004,Active,Not Active,Not Active,Not Active,80 %,P2,350.00 W
1787782397.757,0x0000000000000004,Active,Not Active,Not Active,Not Active,80 %,P2,350.00 W
1787782403.096,0x0000000000000004,Active,Not Active,Not Active,Not Active,81 %,P2,350.00 W
1787782408.457,0x0000000000000004,Active,Not Active,Not Active,Not Active,88 %,P2,350.00 W
1787782413.810,0x0000000000000004,Active,Not Active,Not Active,Not Active,98 %,P2,350.00 W
1787782419.153,0x0000000000000004,Active,Not Active,Not Active,Not Active,99 %,P2,350.00 W
1787782424.492,0x0000000000000004,Active,Not Active,Not Active,Not Active,100 %,P2,350.00 W
1787782429.790,0x0000000000000004,Active,Not Active,Not Active,Not Active,100 %,P2,350.00 W
1787782435.197,0x0000000000000004,Active,Not Active,Not Active,Not Active,100 %,P2,350.00 W
1787782440.553,0x0000000000000004,Active,Not Active,Not Active,Not Active,100 %,P2,350.00 W
1787782445.921,0x0000000000000004,Active,Not Active,Not Active,Not Active,100 %,P2,350.00 W
1787782451.299,0x0000000000000004,Active,Not Active,Not Active,Not Active,100 %,P2,350.00 W
1787782456.658,0x0000000000000004,Active,Not Active,Not Active,Not Active,100 %,P2,350.00 W
1787782462.004,0x0000000000000024,Active,Not Active,Active,Not Active,100 %,P2,350.00 W
1787782467.371,0x0000000000000004,Active,Not Active,Not Active,Not Active,100 %,P2,350.00 W
1787782472.718,0x0000000000000004,Active,Not Active,Not Active,Not Active,100 %,P2,350.00 W
1787782478.082,0x0000000000000004,Active,Not Active,Not Active,Not Active,100 %,P2,350.00 W
1787782483.461,0x0000000000000004,Active,Not Active,Not Active,Not Active,100 %,P2,350.00 W
1787782488.828,0x0000000000000004,Active,Not Active,Not Active,Not Active,100 %,P2,350.00 W
1787782494.193,0x0000000000000004,Active,Not Active,Not Active,Not Active,100 %,P2,350.00 W
1787782499.548,0x0000000000000004,Active,Not Active,Not Active,Not Active,100 %,P2,350.00 W
1787782504.910,0x0000000000000004,Active,Not Active,Not Active,Not Active,100 %,P2,350.00 W
1787782510.289,0x0000000000000020,Not Active,Not Active,Active,Not Active,100 %,P2,350.00 W
1787782515.617,0x0000000000000004,Active,Not Active,Not Active,Not Active,100 %,P2,350.00 W
1787782520.978,0x0000000000000004,Active,Not Active,Not Active,Not Active,100 %,P2,350.00 W
1787782526.334,0x0000000000000004,Active,Not Active,Not Active,Not Active,100 %,P2,350.00 W
1787782531.699,0x0000000000000024,Active,Not Active,Active,Not Active,100 %,P2,350.00 W
1787782537.063,0x0000000000000004,Active,Not Active,Not Active,Not Active,100 %,P2,350.00 W
1787782542.420,0x0000000000000004,Active,Not Active,Not Active,Not Active,100 %,P2,350.00 W
1787782547.792,0x0000000000000004,Active,Not Active,Not Active,Not Active,100 %,P2,350.00 W
1787782553.170,0x0000000000000004,Active,Not Active,Not Active,Not Active,100 %,P2,350.00 W
1787782558.552,0x0000000000000004,Active,Not Active,Not Active,Not Active,100 %,P2,350.00 W
1787782563.923,0x0000000000000004,Active,Not Active,Not Active,Not Active,100 %,P2,350.00 W
1787782569.269,0x0000000000000004,Active,Not Active,Not Active,Not Active,100 %,P2,350.00 W
1787782574.641,0x0000000000000004,Active,Not Active,Not Active,Not Active,100 %,P2,350.00 W
1787782580.010,0x0000000000000004,Active,Not Active,Not Active,Not Active,100 %,P2,350.00 W
1787782585.361,0x0000000000000004,Active,Not Active,Not Active,Not Active,100 %,P2,350.00 W
1787782590.735,0x0000000000000004,Active,Not Active,Not Active,Not Active,100 %,P2,350.00 W
1787782596.076,0x0000000000000004,Active,Not Active,Not Active,Not Active,100 %,P2,350.00 W
1787782601.452,0x0000000000000004,Active,Not Active,Not Active,Not Active,100 %,P2,350.00 W
1787782606.813,0x0000000000000020,Not Active,Not Active,Active,Not Active,100 %,P2,350.00 W
1787782612.167,0x0000000000000004,Active,Not Active,Not Active,Not Active,100 %,P2,350.00 W
1787782617.511,0x0000000000000004,Active,Not Active,Not Active,Not Active,100 %,P2,350.00 W
1787782622.866,0x0000000000000004,Active,Not Active,Not Active,Not Active,100 %,P2,350.00 W
1787782628.244,0x0000000000000004,Active,Not Active,Not Active,Not Active,100 %,P2,350.00 W
1787782633.610,0x0000000000000004,Active,Not Active,Not Active,Not Active,100 %,P2,350.00 W
1787782638.987,0x0000000000000004,Active,Not Active,Not Active,Not Active,100 %,P2,350.00 W
1787782644.370,0x0000000000000004,Active,Not Active,Not Active,Not Active,100 %,P2,350.00 W
1787782649.733,0x0000000000000004,Active,Not Active,Not Active,Not Active,100 %,P2,350.00 W
1787782655.114,0x0000000000000004,Active,Not Active,Not Active,Not Active,100 %,P2,350.00 W
1787782660.482,0x0000000000000004,Active,Not Active,Not Active,Not Active,100 %,P2,350.00 W
1787782665.787,0x0000000000000004,Active,Not Active,Not Active,Not Active,100 %,P2,350.00 W
1787782671.216,0x0000000000000004,Active,Not Active,Not Active,Not Active,100 %,P2,350.00 W
1787782676.588,0x0000000000000004,Active,Not Active,Not Active,Not Active,100 %,P2,350.00 W
1787782681.946,0x0000000000000004,Active,Not Active,Not Active,Not Active,100 %,P2,350.00 W
1787782687.324,0x0000000000000004,Active,Not Active,Not Active,Not Active,100 %,P2,350.00 W
1787782692.697,0x0000000000000004,Active,Not Active,Not Active,Not Active,100 %,P2,350.00 W
1787782698.064,0x0000000000000004,Active,Not Active,Not Active,Not Active,100 %,P2,350.00 W
1787782703.421,0x0000000000000004,Active,Not Active,Not Active,Not Active,100 %,P2,350.00 W
1787782708.790,0x0000000000000004,Active,Not Active,Not Active,Not Active,100 %,P2,350.00 W
1787782714.156,0x0000000000000004,Active,Not Active,Not Active,Not Active,100 %,P2,350.00 W
1787782719.522,0x0000000000000004,Active,Not Active,Not Active,Not Active,100 %,P2,350.00 W
1787782724.885,0x0000000000000004,Active,Not Active,Not Active,Not Active,100 %,P2,350.00 W
1787782730.246,0x0000000000000004,Active,Not Active,Not Active,Not Active,100 %,P2,350.00 W
1787782735.626,0x0000000000000004,Active,Not Active,Not Active,Not Active,100 %,P2,350.00 W
1787782740.982,0x0000000000000004,Active,Not Active,Not Active,Not Active,100 %,P2,350.00 W
1787782746.348,0x0000000000000004,Active,Not Active,Not Active,Not Active,100 %,P2,350.00 W
1787782751.720,0x0000000000000004,Active,Not Active,Not Active,Not Active,100 %,P2,350.00 W
1787782757.089,0x0000000000000004,Active,Not Active,Not Active,Not Active,100 %,P2,350.00 W
1787782762.463,0x0000000000000004,Active,Not Active,Not Active,Not Active,100 %,P2,350.00 W
1787782767.843,0x0000000000000004,Active,Not Active,Not Active,Not Active,100 %,P2,350.00 W
1787782773.194,0x0000000000000004,Active,Not Active,Not Active,Not Active,100 %,P2,350.00 W
1787782778.518,0x0000000000000004,Active,Not Active,Not Active,Not Active,100 %,P2,350.00 W
1787782783.889,0x0000000000000004,Active,Not Active,Not Active,Not Active,100 %,P2,350.00 W
1787782789.241,0x0000000000000004,Active,Not Active,Not Active,Not Active,100 %,P2,350.00 W
1787782794.577,0x0000000000000004,Active,Not Active,Not Active,Not Active,100 %,P2,350.00 W
1787782799.935,0x0000000000000004,Active,Not Active,Not Active,Not Active,100 %,P2,350.00 W
1787782805.313,0x0000000000000004,Active,Not Active,Not Active,Not Active,100 %,P2,350.00 W
1787782810.692,0x0000000000000004,Active,Not Active,Not Active,Not Active,100 %,P2,350.00 W
1787782816.069,0x0000000000000004,Active,Not Active,Not Active,Not Active,100 %,P2,350.00 W
1787782821.415,0x0000000000000004,Active,Not Active,Not Active,Not Active,100 %,P2,350.00 W
1787782826.735,0x0000000000000004,Active,Not Active,Not Active,Not Active,100 %,P2,350.00 W
1787782832.069,0x0000000000000004,Active,Not Active,Not Active,Not Active,100 %,P2,350.00 W
1787782837.424,0x0000000000000004,Active,Not Active,Not Active,Not Active,100 %,P2,350.00 W
1787782842.763,0x0000000000000004,Active,Not Active,Not Active,Not Active,100 %,P2,350.00 W
1787782848.106,0x0000000000000004,Active,Not Active,Not Active,Not Active,100 %,P2,350.00 W
1787782853.460,0x0000000000000004,Active,Not Active,Not Active,Not Active,100 %,P2,350.00 W
1787782858.815,0x0000000000000004,Active,Not Active,Not Active,Not Active,100 %,P2,350.00 W
1787782864.151,0x0000000000000004,Active,Not Active,Not Active,Not Active,100 %,P2,350.00 W
1787782869.528,0x0000000000000004,Active,Not Active,Not Active,Not Active,100 %,P2,350.00 W
1787782874.908,0x0000000000000004,Active,Not Active,Not Active,Not Active,100 %,P2,350.00 W
1787782880.270,0x0000000000000004,Active,Not Active,Not Active,Not Active,100 %,P2,350.00 W
1787782885.634,0x0000000000000004,Active,Not Active,Not Active,Not Active,100 %,P2,350.00 W
1787782890.998,0x0000000000000004,Active,Not Active,Not Active,Not Active,100 %,P2,350.00 W
1787782896.356,0x0000000000000004,Active,Not Active,Not Active,Not Active,100 %,P2,350.00 W
1787782901.667,0x0000000000000004,Active,Not Active,Not Active,Not Active,100 %,P2,350.00 W
1787782907.099,0x0000000000000004,Active,Not Active,Not Active,Not Active,100 %,P2,350.00 W
1787782912.472,0x0000000000000004,Active,Not Active,Not Active,Not Active,100 %,P2,350.00 W
1787782917.846,0x0000000000000004,Active,Not Active,Not Active,Not Active,100 %,P2,350.00 W
1787782923.215,0x0000000000000004,Active,Not Active,Not Active,Not Active,100 %,P2,350.00 W
1787782928.584,0x0000000000000004,Active,Not Active,Not Active,Not Active,100 %,P2,350.00 W
1787782933.952,0x0000000000000004,Active,Not Active,Not Active,Not Active,100 %,P2,350.00 W
1787782939.328,0x0000000000000004,Active,Not Active,Not Active,Not Active,100 %,P2,350.00 W
1787782944.702,0x0000000000000004,Active,Not Active,Not Active,Not Active,100 %,P2,350.00 W
1787782950.076,0x0000000000000024,Active,Not Active,Active,Not Active,100 %,P2,350.00 W
1787782955.418,0x0000000000000004,Active,Not Active,Not Active,Not Active,100 %,P2,350.00 W
1787782960.769,0x0000000000000004,Active,Not Active,Not Active,Not Active,100 %,P2,350.00 W
1787782966.136,0x0000000000000004,Active,Not Active,Not Active,Not Active,100 %,P2,350.00 W
1787782971.491,0x0000000000000024,Active,Not Active,Active,Not Active,100 %,P2,350.00 W
1787782976.868,0x0000000000000004,Active,Not Active,Not Active,Not Active,100 %,P2,350.00 W
1787782982.232,0x0000000000000004,Active,Not Active,Not Active,Not Active,100 %,P2,350.00 W
1787782987.600,0x0000000000000004,Active,Not Active,Not Active,Not Active,100 %,P2,350.00 W
1787782992.974,0x0000000000000004,Active,Not Active,Not Active,Not Active,100 %,P2,350.00 W
1787782998.343,0x0000000000000004,Active,Not Active,Not Active,Not Active,100 %,P2,350.00 W
1787783003.704,0x0000000000000004,Active,Not Active,Not Active,Not Active,100 %,P2,350.00 W
1787783009.064,0x0000000000000004,Active,Not Active,Not Active,Not Active,100 %,P2,350.00 W
1787783014.424,0x0000000000000004,Active,Not Active,Not Active,Not Active,100 %,P2,350.00 W
1787783019.802,0x0000000000000004,Active,Not Active,Not Active,Not Active,100 %,P2,350.00 W
1787783025.164,0x0000000000000004,Active,Not Active,Not Active,Not Active,100 %,P2,350.00 W
1787783030.532,0x0000000000000004,Active,Not Active,Not Active,Not Active,100 %,P2,350.00 W
1787783035.897,0x0000000000000004,Active,Not Active,Not Active,Not Active,100 %,P2,350.00 W
1787783041.272,0x0000000000000004,Active,Not Active,Not Active,Not Active,100 %,P2,350.00 W
1787783046.634,0x0000000000000004,Active,Not Active,Not Active,Not Active,100 %,P2,350.00 W
1787783051.984,0x0000000000000004,Active,Not Active,Not Active,Not Active,100 %,P2,350.00 W
1787783057.357,0x0000000000000004,Active,Not Active,Not Active,Not Active,100 %,P2,350.00 W
1787783062.716,0x0000000000000004,Active,Not Active,Not Active,Not Active,100 %,P2,350.00 W
1787783068.092,0x0000000000000004,Active,Not Active,Not Active,Not Active,100 %,P2,350.00 W
1787783073.448,0x0000000000000004,Active,Not Active,Not Active,Not Active,100 %,P2,350.00 W
1787783078.831,0x0000000000000004,Active,Not Active,Not Active,Not Active,100 %,P2,350.00 W
1787783084.209,0x0000000000000004,Active,Not Active,Not Active,Not Active,100 %,P2,350.00 W
1787783089.587,0x0000000000000004,Active,Not Active,Not Active,Not Active,100 %,P2,350.00 W
1787783094.941,0x0000000000000004,Active,Not Active,Not Active,Not Active,100 %,P2,350.00 W
1787783100.297,0x0000000000000004,Active,Not Active,Not Active,Not Active,100 %,P2,350.00 W
1787783105.674,0x0000000000000004,Active,Not Active,Not Active,Not Active,100 %,P2,350.00 W
1787783111.024,0x0000000000000004,Active,Not Active,Not Active,Not Active,100 %,P2,350.00 W
1787783116.378,0x0000000000000004,Active,Not Active,Not Active,Not Active,100 %,P2,350.00 W
1787783121.740,0x0000000000000004,Active,Not Active,Not Active,Not Active,100 %,P2,350.00 W
1787783127.106,0x0000000000000004,Active,Not Active,Not Active,Not Active,100 %,P2,350.00 W
1787783132.475,0x0000000000000004,Active,Not Active,Not Active,Not Active,100 %,P2,350.00 W
1787783137.795,0x0000000000000004,Active,Not Active,Not Active,Not Active,100 %,P2,350.00 W
1787783143.220,0x0000000000000004,Active,Not Active,Not Active,Not Active,100 %,P2,350.00 W
1787783148.573,0x0000000000000004,Active,Not Active,Not Active,Not Active,100 %,P2,350.00 W
1787783153.946,0x0000000000000004,Active,Not Active,Not Active,Not Active,100 %,P2,350.00 W
1787783159.319,0x0000000000000004,Active,Not Active,Not Active,Not Active,100 %,P2,350.00 W
1787783164.699,0x0000000000000004,Active,Not Active,Not Active,Not Active,100 %,P2,350.00 W
1787783170.075,0x0000000000000004,Active,Not Active,Not Active,Not Active,100 %,P2,350.00 W
1787783175.436,0x0000000000000004,Active,Not Active,Not Active,Not Active,100 %,P2,350.00 W
1787783180.813,0x0000000000000004,Active,Not Active,Not Active,Not Active,100 %,P2,350.00 W
1787783186.179,0x0000000000000004,Active,Not Active,Not Active,Not Active,100 %,P2,350.00 W
1787783191.541,0x0000000000000004,Active,Not Active,Not Active,Not Active,100 %,P2,350.00 W
1787783196.896,0x0000000000000004,Active,Not Active,Not Active,Not Active,100 %,P2,350.00 W
1787783202.257,0x0000000000000004,Active,Not Active,Not Active,Not Active,100 %,P2,350.00 W
1787783207.612,0x0000000000000004,Active,Not Active,Not Active,Not Active,100 %,P2,350.00 W
1787783212.970,0x0000000000000001,Not Active,Not Active,Not Active,Not Active,97 %,P3,350.00 W
1787783218.334,0x0000000000000001,Not Active,Not Active,Not Active,Not Active,79 %,P8,350.00 W
1787783223.659,0x0000000000000001,Not Active,Not Active,Not Active,Not Active,71 %,P8,350.00 W
1787783229.013,0x0000000000000001,Not Active,Not Active,Not Active,Not Active,67 %,P8,350.00 W
1787783234.373,0x0000000000000001,Not Active,Not Active,Not Active,Not Active,65 %,P8,350.00 W
1787783239.720,0x0000000000000001,Not Active,Not Active,Not Active,Not Active,63 %,P8,350.00 W
1787783245.089,0x0000000000000001,Not Active,Not Active,Not Active,Not Active,62 %,P8,350.00 W
1787783250.460,0x0000000000000001,Not Active,Not Active,Not Active,Not Active,61 %,P8,350.00 W
1787783255.834,0x0000000000000001,Not Active,Not Active,Not Active,Not Active,59 %,P8,350.00 W
1787783261.194,0x0000000000000004,Active,Not Active,Not Active,Not Active,58 %,P2,350.00 W
1787783266.559,0x0000000000000004,Active,Not Active,Not Active,Not Active,63 %,P2,350.00 W
1787783271.936,0x0000000000000004,Active,Not Active,Not Active,Not Active,68 %,P2,350.00 W
1787783277.297,0x0000000000000004,Active,Not Active,Not Active,Not Active,70 %,P2,350.00 W
1787783282.643,0x0000000000000004,Active,Not Active,Not Active,Not Active,72 %,P2,350.00 W
1787783288.021,0x0000000000000004,Active,Not Active,Not Active,Not Active,74 %,P2,350.00 W
1787783293.380,0x0000000000000004,Active,Not Active,Not Active,Not Active,76 %,P2,350.00 W
1787783298.729,0x0000000000000004,Active,Not Active,Not Active,Not Active,77 %,P2,350.00 W
1787783304.110,0x0000000000000004,Active,Not Active,Not Active,Not Active,78 %,P2,350.00 W
1787783309.467,0x0000000000000004,Active,Not Active,Not Active,Not Active,79 %,P2,350.00 W
1787783314.825,0x0000000000000004,Active,Not Active,Not Active,Not Active,80 %,P2,350.00 W
1787783320.191,0x0000000000000004,Active,Not Active,Not Active,Not Active,80 %,P2,350.00 W
1787783325.567,0x0000000000000004,Active,Not Active,Not Active,Not Active,81 %,P2,350.00 W
1787783330.923,0x0000000000000004,Active,Not Active,Not Active,Not Active,90 %,P2,350.00 W
1787783336.290,0x0000000000000004,Active,Not Active,Not Active,Not Active,98 %,P2,350.00 W
1787783341.663,0x0000000000000004,Active,Not Active,Not Active,Not Active,99 %,P2,350.00 W
1787783347.018,0x0000000000000024,Active,Not Active,Active,Not Active,100 %,P2,350.00 W
1787783352.384,0x0000000000000004,Active,Not Active,Not Active,Not Active,100 %,P2,350.00 W
1787783357.739,0x0000000000000004,Active,Not Active,Not Active,Not Active,100 %,P2,350.00 W
1787783363.117,0x0000000000000004,Active,Not Active,Not Active,Not Active,100 %,P2,350.00 W
1787783368.498,0x0000000000000020,Not Active,Not Active,Active,Not Active,100 %,P2,350.00 W
1787783373.793,0x0000000000000004,Active,Not Active,Not Active,Not Active,100 %,P2,350.00 W
1787783379.223,0x0000000000000020,Not Active,Not Active,Active,Not Active,100 %,P2,350.00 W
1787783384.587,0x0000000000000004,Active,Not Active,Not Active,Not Active,100 %,P2,350.00 W
1787783389.948,0x0000000000000004,Active,Not Active,Not Active,Not Active,100 %,P2,350.00 W
1787783395.299,0x0000000000000004,Active,Not Active,Not Active,Not Active,100 %,P2,350.00 W
1787783400.674,0x0000000000000004,Active,Not Active,Not Active,Not Active,100 %,P2,350.00 W
1787783406.035,0x0000000000000004,Active,Not Active,Not Active,Not Active,100 %,P2,350.00 W
1787783411.402,0x0000000000000004,Active,Not Active,Not Active,Not Active,100 %,P2,350.00 W
1787783416.771,0x0000000000000004,Active,Not Active,Not Active,Not Active,100 %,P2,350.00 W
1787783422.138,0x0000000000000004,Active,Not Active,Not Active,Not Active,100 %,P2,350.00 W
1787783427.508,0x0000000000000004,Active,Not Active,Not Active,Not Active,100 %,P2,350.00 W
1787783432.889,0x0000000000000004,Active,Not Active,Not Active,Not Active,100 %,P2,350.00 W
1787783438.260,0x0000000000000004,Active,Not Active,Not Active,Not Active,100 %,P2,350.00 W
1787783443.647,0x0000000000000004,Active,Not Active,Not Active,Not Active,100 %,P2,350.00 W
1787783449.016,0x0000000000000004,Active,Not Active,Not Active,Not Active,100 %,P2,350.00 W
1787783454.377,0x0000000000000004,Active,Not Active,Not Active,Not Active,100 %,P2,350.00 W
1787783459.744,0x0000000000000004,Active,Not Active,Not Active,Not Active,100 %,P2,350.00 W
1787783465.081,0x0000000000000004,Active,Not Active,Not Active,Not Active,100 %,P2,350.00 W
1787783470.432,0x0000000000000004,Active,Not Active,Not Active,Not Active,100 %,P2,350.00 W
1787783475.773,0x0000000000000004,Active,Not Active,Not Active,Not Active,100 %,P2,350.00 W
1787783481.143,0x0000000000000004,Active,Not Active,Not Active,Not Active,100 %,P2,350.00 W
1787783486.516,0x0000000000000004,Active,Not Active,Not Active,Not Active,100 %,P2,350.00 W
1787783491.885,0x0000000000000004,Active,Not Active,Not Active,Not Active,100 %,P2,350.00 W
1787783497.260,0x0000000000000004,Active,Not Active,Not Active,Not Active,100 %,P2,350.00 W
1787783502.605,0x0000000000000004,Active,Not Active,Not Active,Not Active,100 %,P2,350.00 W
1787783507.983,0x0000000000000004,Active,Not Active,Not Active,Not Active,100 %,P2,350.00 W
1787783513.350,0x0000000000000020,Not Active,Not Active,Active,Not Active,100 %,P2,350.00 W
1787783518.702,0x0000000000000004,Active,Not Active,Not Active,Not Active,100 %,P2,350.00 W
1787783524.055,0x0000000000000004,Active,Not Active,Not Active,Not Active,100 %,P2,350.00 W
1787783529.408,0x0000000000000004,Active,Not Active,Not Active,Not Active,100 %,P2,350.00 W
1787783534.781,0x0000000000000004,Active,Not Active,Not Active,Not Active,100 %,P2,350.00 W
1787783540.150,0x0000000000000004,Active,Not Active,Not Active,Not Active,100 %,P2,350.00 W
1787783545.525,0x0000000000000004,Active,Not Active,Not Active,Not Active,100 %,P2,350.00 W
1787783550.898,0x0000000000000004,Active,Not Active,Not Active,Not Active,100 %,P2,350.00 W
1787783556.267,0x0000000000000004,Active,Not Active,Not Active,Not Active,100 %,P2,350.00 W
1787783561.620,0x0000000000000004,Active,Not Active,Not Active,Not Active,100 %,P2,350.00 W
1787783566.977,0x0000000000000004,Active,Not Active,Not Active,Not Active,100 %,P2,350.00 W
1787783572.348,0x0000000000000004,Active,Not Active,Not Active,Not Active,100 %,P2,350.00 W
1787783577.713,0x0000000000000004,Active,Not Active,Not Active,Not Active,100 %,P2,350.00 W
1787783583.088,0x0000000000000004,Active,Not Active,Not Active,Not Active,100 %,P2,350.00 W
1787783588.470,0x0000000000000004,Active,Not Active,Not Active,Not Active,100 %,P2,350.00 W
1787783593.846,0x0000000000000004,Active,Not Active,Not Active,Not Active,100 %,P2,350.00 W
1787783599.200,0x0000000000000004,Active,Not Active,Not Active,Not Active,100 %,P2,350.00 W
1787783604.554,0x0000000000000004,Active,Not Active,Not Active,Not Active,100 %,P2,350.00 W
1787783609.848,0x0000000000000004,Active,Not Active,Not Active,Not Active,100 %,P2,350.00 W
1787783615.262,0x0000000000000004,Active,Not Active,Not Active,Not Active,100 %,P2,350.00 W
1787783620.635,0x0000000000000004,Active,Not Active,Not Active,Not Active,100 %,P2,350.00 W
1787783625.975,0x0000000000000004,Active,Not Active,Not Active,Not Active,100 %,P2,350.00 W
1787783631.316,0x0000000000000004,Active,Not Active,Not Active,Not Active,100 %,P2,350.00 W
1787783636.696,0x0000000000000024,Active,Not Active,Active,Not Active,100 %,P2,350.00 W
1787783642.055,0x0000000000000004,Active,Not Active,Not Active,Not Active,100 %,P2,350.00 W
1787783647.420,0x0000000000000004,Active,Not Active,Not Active,Not Active,100 %,P2,350.00 W
1787783652.781,0x0000000000000004,Active,Not Active,Not Active,Not Active,100 %,P2,350.00 W
1787783658.121,0x0000000000000004,Active,Not Active,Not Active,Not Active,100 %,P2,350.00 W
1787783663.478,0x0000000000000004,Active,Not Active,Not Active,Not Active,100 %,P2,350.00 W
1787783668.848,0x0000000000000004,Active,Not Active,Not Active,Not Active,100 %,P2,350.00 W
1787783674.247,0x0000000000000004,Active,Not Active,Not Active,Not Active,100 %,P2,350.00 W
1787783679.605,0x0000000000000004,Active,Not Active,Not Active,Not Active,100 %,P2,350.00 W
1787783684.988,0x0000000000000004,Active,Not Active,Not Active,Not Active,100 %,P2,350.00 W
1787783690.343,0x0000000000000004,Active,Not Active,Not Active,Not Active,100 %,P2,350.00 W
1787783695.688,0x0000000000000004,Active,Not Active,Not Active,Not Active,100 %,P2,350.00 W
1787783701.056,0x0000000000000004,Active,Not Active,Not Active,Not Active,100 %,P2,350.00 W
1787783706.428,0x0000000000000004,Active,Not Active,Not Active,Not Active,100 %,P2,350.00 W
1787783711.793,0x0000000000000004,Active,Not Active,Not Active,Not Active,100 %,P2,350.00 W
1787783717.155,0x0000000000000004,Active,Not Active,Not Active,Not Active,100 %,P2,350.00 W
1787783722.496,0x0000000000000004,Active,Not Active,Not Active,Not Active,100 %,P2,350.00 W
1787783727.864,0x0000000000000004,Active,Not Active,Not Active,Not Active,100 %,P2,350.00 W
1787783733.232,0x0000000000000004,Active,Not Active,Not Active,Not Active,100 %,P2,350.00 W
1787783738.603,0x0000000000000004,Active,Not Active,Not Active,Not Active,100 %,P2,350.00 W
1787783743.950,0x0000000000000004,Active,Not Active,Not Active,Not Active,100 %,P2,350.00 W
1787783749.303,0x0000000000000004,Active,Not Active,Not Active,Not Active,100 %,P2,350.00 W
1787783754.666,0x0000000000000024,Active,Not Active,Active,Not Active,100 %,P2,350.00 W
1787783760.013,0x0000000000000004,Active,Not Active,Not Active,Not Active,100 %,P2,350.00 W
1787783765.372,0x0000000000000004,Active,Not Active,Not Active,Not Active,100 %,P2,350.00 W
1787783770.758,0x0000000000000004,Active,Not Active,Not Active,Not Active,100 %,P2,350.00 W
1787783776.114,0x0000000000000004,Active,Not Active,Not Active,Not Active,100 %,P2,350.00 W
1787783781.481,0x0000000000000004,Active,Not Active,Not Active,Not Active,100 %,P2,350.00 W
1787783786.846,0x0000000000000004,Active,Not Active,Not Active,Not Active,100 %,P2,350.00 W
1787783792.190,0x0000000000000004,Active,Not Active,Not Active,Not Active,100 %,P2,350.00 W
1787783797.547,0x0000000000000004,Active,Not Active,Not Active,Not Active,100 %,P2,350.00 W
1787783802.907,0x0000000000000004,Active,Not Active,Not Active,Not Active,100 %,P2,350.00 W
1787783808.262,0x0000000000000004,Active,Not Active,Not Active,Not Active,100 %,P2,350.00 W
1787783813.637,0x0000000000000004,Active,Not Active,Not Active,Not Active,100 %,P2,350.00 W
1787783819.009,0x0000000000000004,Active,Not Active,Not Active,Not Active,100 %,P2,350.00 W
1787783824.359,0x0000000000000004,Active,Not Active,Not Active,Not Active,100 %,P2,350.00 W
1787783829.718,0x0000000000000004,Active,Not Active,Not Active,Not Active,100 %,P2,350.00 W
1787783835.082,0x0000000000000004,Active,Not Active,Not Active,Not Active,100 %,P2,350.00 W
1787783840.479,0x0000000000000004,Active,Not Active,Not Active,Not Active,100 %,P2,350.00 W
1787783845.770,0x0000000000000004,Active,Not Active,Not Active,Not Active,100 %,P2,350.00 W
1787783851.179,0x0000000000000004,Active,Not Active,Not Active,Not Active,100 %,P2,350.00 W
1787783856.543,0x0000000000000004,Active,Not Active,Not Active,Not Active,100 %,P2,350.00 W
1787783861.898,0x0000000000000020,Not Active,Not Active,Active,Not Active,100 %,P2,350.00 W
1787783867.263,0x0000000000000004,Active,Not Active,Not Active,Not Active,100 %,P2,350.00 W
1787783872.631,0x0000000000000004,Active,Not Active,Not Active,Not Active,100 %,P2,350.00 W
1787783878.012,0x0000000000000004,Active,Not Active,Not Active,Not Active,100 %,P2,350.00 W
1787783883.381,0x0000000000000004,Active,Not Active,Not Active,Not Active,100 %,P2,350.00 W
1787783888.748,0x0000000000000004,Active,Not Active,Not Active,Not Active,100 %,P2,350.00 W
1787783894.123,0x0000000000000004,Active,Not Active,Not Active,Not Active,100 %,P2,350.00 W
1787783899.466,0x0000000000000004,Active,Not Active,Not Active,Not Active,100 %,P2,350.00 W
1787783904.816,0x0000000000000004,Active,Not Active,Not Active,Not Active,100 %,P2,350.00 W
1787783910.180,0x0000000000000004,Active,Not Active,Not Active,Not Active,100 %,P2,350.00 W
1787783915.553,0x0000000000000004,Active,Not Active,Not Active,Not Active,100 %,P2,350.00 W
1787783920.913,0x0000000000000004,Active,Not Active,Not Active,Not Active,100 %,P2,350.00 W
1787783926.255,0x0000000000000004,Active,Not Active,Not Active,Not Active,100 %,P2,350.00 W
1787783931.627,0x0000000000000004,Active,Not Active,Not Active,Not Active,100 %,P2,350.00 W
1787783936.999,0x0000000000000004,Active,Not Active,Not Active,Not Active,100 %,P2,350.00 W
1787783942.371,0x0000000000000004,Active,Not Active,Not Active,Not Active,100 %,P2,350.00 W
1787783947.734,0x0000000000000004,Active,Not Active,Not Active,Not Active,100 %,P2,350.00 W
1787783953.112,0x0000000000000004,Active,Not Active,Not Active,Not Active,100 %,P2,350.00 W
1787783958.491,0x0000000000000004,Active,Not Active,Not Active,Not Active,100 %,P2,350.00 W
1787783963.829,0x0000000000000004,Active,Not Active,Not Active,Not Active,100 %,P2,350.00 W
1787783969.186,0x0000000000000004,Active,Not Active,Not Active,Not Active,100 %,P2,350.00 W
1787783974.553,0x0000000000000004,Active,Not Active,Not Active,Not Active,100 %,P2,350.00 W
1787783979.909,0x0000000000000004,Active,Not Active,Not Active,Not Active,100 %,P2,350.00 W
1787783985.280,0x0000000000000004,Active,Not Active,Not Active,Not Active,100 %,P2,350.00 W
1787783990.642,0x0000000000000004,Active,Not Active,Not Active,Not Active,100 %,P2,350.00 W
1787783996.020,0x0000000000000004,Active,Not Active,Not Active,Not Active,100 %,P2,350.00 W
1787784001.373,0x0000000000000004,Active,Not Active,Not Active,Not Active,100 %,P2,350.00 W
1787784006.732,0x0000000000000004,Active,Not Active,Not Active,Not Active,100 %,P2,350.00 W
1787784012.098,0x0000000000000004,Active,Not Active,Not Active,Not Active,100 %,P2,350.00 W
1787784017.448,0x0000000000000004,Active,Not Active,Not Active,Not Active,100 %,P2,350.00 W
1787784022.793,0x0000000000000004,Active,Not Active,Not Active,Not Active,100 %,P2,350.00 W
1787784028.163,0x0000000000000004,Active,Not Active,Not Active,Not Active,100 %,P2,350.00 W
1787784033.510,0x0000000000000004,Active,Not Active,Not Active,Not Active,100 %,P2,350.00 W
1787784038.866,0x0000000000000004,Active,Not Active,Not Active,Not Active,100 %,P2,350.00 W
1787784044.233,0x0000000000000004,Active,Not Active,Not Active,Not Active,100 %,P2,350.00 W
1787784049.597,0x0000000000000004,Active,Not Active,Not Active,Not Active,100 %,P2,350.00 W
1787784054.965,0x0000000000000004,Active,Not Active,Not Active,Not Active,100 %,P2,350.00 W
1787784060.342,0x0000000000000004,Active,Not Active,Not Active,Not Active,100 %,P2,350.00 W
1787784065.698,0x0000000000000004,Active,Not Active,Not Active,Not Active,100 %,P2,350.00 W
1787784071.078,0x0000000000000004,Active,Not Active,Not Active,Not Active,100 %,P2,350.00 W
1787784076.468,0x0000000000000004,Active,Not Active,Not Active,Not Active,100 %,P2,350.00 W
1787784081.770,0x0000000000000004,Active,Not Active,Not Active,Not Active,100 %,P2,350.00 W
1787784087.199,0x0000000000000004,Active,Not Active,Not Active,Not Active,100 %,P2,350.00 W
1787784092.568,0x0000000000000004,Active,Not Active,Not Active,Not Active,100 %,P2,350.00 W
1787784097.919,0x0000000000000004,Active,Not Active,Not Active,Not Active,100 %,P2,350.00 W
1787784103.296,0x0000000000000004,Active,Not Active,Not Active,Not Active,100 %,P2,350.00 W
1787784108.674,0x0000000000000004,Active,Not Active,Not Active,Not Active,100 %,P2,350.00 W
1787784114.043,0x0000000000000004,Active,Not Active,Not Active,Not Active,100 %,P2,350.00 W
1787784119.415,0x0000000000000004,Active,Not Active,Not Active,Not Active,100 %,P2,350.00 W
1787784124.798,0x0000000000000004,Active,Not Active,Not Active,Not Active,100 %,P2,350.00 W
1787784130.155,0x0000000000000004,Active,Not Active,Not Active,Not Active,100 %,P2,350.00 W
1787784135.515,0x0000000000000004,Active,Not Active,Not Active,Not Active,100 %,P2,350.00 W
1787784140.877,0x0000000000000020,Not Active,Not Active,Active,Not Active,100 %,P2,350.00 W
1787784146.236,0x0000000000000004,Active,Not Active,Not Active,Not Active,100 %,P2,350.00 W
1787784151.589,0x0000000000000004,Active,Not Active,Not Active,Not Active,100 %,P2,350.00 W
1787784156.946,0x0000000000000004,Active,Not Active,Not Active,Not Active,100 %,P2,350.00 W
1787784162.313,0x0000000000000004,Active,Not Active,Not Active,Not Active,100 %,P2,350.00 W
1787784167.689,0x0000000000000004,Active,Not Active,Not Active,Not Active,100 %,P2,350.00 W
1787784173.055,0x0000000000000020,Not Active,Not Active,Active,Not Active,100 %,P2,350.00 W
1787784178.395,0x0000000000000004,Active,Not Active,Not Active,Not Active,100 %,P2,350.00 W
1787784183.770,0x0000000000000004,Active,Not Active,Not Active,Not Active,100 %,P2,350.00 W
1787784189.135,0x0000000000000004,Active,Not Active,Not Active,Not Active,100 %,P2,350.00 W
1787784194.499,0x0000000000000004,Active,Not Active,Not Active,Not Active,100 %,P2,350.00 W
1787784199.868,0x0000000000000004,Active,Not Active,Not Active,Not Active,100 %,P2,350.00 W
1787784205.242,0x0000000000000004,Active,Not Active,Not Active,Not Active,100 %,P2,350.00 W
1787784210.606,0x0000000000000004,Active,Not Active,Not Active,Not Active,100 %,P2,350.00 W
1787784215.986,0x0000000000000020,Not Active,Not Active,Active,Not Active,100 %,P2,350.00 W
1787784221.348,0x0000000000000004,Active,Not Active,Not Active,Not Active,100 %,P2,350.00 W
1787784226.690,0x0000000000000004,Active,Not Active,Not Active,Not Active,100 %,P2,350.00 W
1787784232.059,0x0000000000000020,Not Active,Not Active,Active,Not Active,100 %,P2,350.00 W
1787784237.407,0x0000000000000024,Active,Not Active,Active,Not Active,100 %,P2,350.00 W
1787784242.775,0x0000000000000004,Active,Not Active,Not Active,Not Active,100 %,P2,350.00 W
1787784248.135,0x0000000000000004,Active,Not Active,Not Active,Not Active,100 %,P2,350.00 W
1787784253.517,0x0000000000000004,Active,Not Active,Not Active,Not Active,100 %,P2,350.00 W
1787784258.885,0x0000000000000004,Active,Not Active,Not Active,Not Active,100 %,P2,350.00 W
1787784264.248,0x0000000000000004,Active,Not Active,Not Active,Not Active,100 %,P2,350.00 W
1787784269.626,0x0000000000000004,Active,Not Active,Not Active,Not Active,100 %,P2,350.00 W
1787784274.992,0x0000000000000004,Active,Not Active,Not Active,Not Active,100 %,P2,350.00 W
1787784280.348,0x0000000000000004,Active,Not Active,Not Active,Not Active,100 %,P2,350.00 W
1787784285.720,0x0000000000000004,Active,Not Active,Not Active,Not Active,100 %,P2,350.00 W
1787784291.096,0x0000000000000004,Active,Not Active,Not Active,Not Active,100 %,P2,350.00 W
1787784296.463,0x0000000000000004,Active,Not Active,Not Active,Not Active,100 %,P2,350.00 W
1787784301.826,0x0000000000000004,Active,Not Active,Not Active,Not Active,100 %,P2,350.00 W
1787784307.179,0x0000000000000004,Active,Not Active,Not Active,Not Active,100 %,P2,350.00 W
1787784312.541,0x0000000000000004,Active,Not Active,Not Active,Not Active,100 %,P2,350.00 W
1787784317.861,0x0000000000000004,Active,Not Active,Not Active,Not Active,100 %,P2,350.00 W
1787784323.254,0x0000000000000004,Active,Not Active,Not Active,Not Active,100 %,P2,350.00 W
1787784328.604,0x0000000000000004,Active,Not Active,Not Active,Not Active,100 %,P2,350.00 W
1787784333.954,0x0000000000000004,Active,Not Active,Not Active,Not Active,100 %,P2,350.00 W
1787784339.307,0x0000000000000004,Active,Not Active,Not Active,Not Active,100 %,P2,350.00 W
1787784344.675,0x0000000000000004,Active,Not Active,Not Active,Not Active,100 %,P2,350.00 W
1787784350.026,0x0000000000000004,Active,Not Active,Not Active,Not Active,100 %,P2,350.00 W
1787784355.390,0x0000000000000004,Active,Not Active,Not Active,Not Active,100 %,P2,350.00 W
1787784360.769,0x0000000000000004,Active,Not Active,Not Active,Not Active,100 %,P2,350.00 W
1787784366.127,0x0000000000000004,Active,Not Active,Not Active,Not Active,100 %,P2,350.00 W
1787784371.473,0x0000000000000004,Active,Not Active,Not Active,Not Active,100 %,P2,350.00 W
1787784376.831,0x0000000000000004,Active,Not Active,Not Active,Not Active,100 %,P2,350.00 W
1787784382.204,0x0000000000000004,Active,Not Active,Not Active,Not Active,100 %,P2,350.00 W
1787784387.556,0x0000000000000004,Active,Not Active,Not Active,Not Active,100 %,P2,350.00 W
1787784392.953,0x0000000000000004,Active,Not Active,Not Active,Not Active,100 %,P2,350.00 W
1787784398.319,0x0000000000000004,Active,Not Active,Not Active,Not Active,100 %,P2,350.00 W
1787784403.682,0x0000000000000004,Active,Not Active,Not Active,Not Active,100 %,P2,350.00 W
1787784409.060,0x0000000000000004,Active,Not Active,Not Active,Not Active,100 %,P2,350.00 W
1787784414.432,0x0000000000000004,Active,Not Active,Not Active,Not Active,100 %,P2,350.00 W
1787784419.787,0x0000000000000004,Active,Not Active,Not Active,Not Active,100 %,P2,350.00 W
1787784425.145,0x0000000000000004,Active,Not Active,Not Active,Not Active,100 %,P2,350.00 W
1787784430.522,0x0000000000000004,Active,Not Active,Not Active,Not Active,100 %,P2,350.00 W
1787784435.878,0x0000000000000004,Active,Not Active,Not Active,Not Active,100 %,P2,350.00 W
1787784441.243,0x0000000000000004,Active,Not Active,Not Active,Not Active,100 %,P2,350.00 W
1787784446.611,0x0000000000000004,Active,Not Active,Not Active,Not Active,100 %,P2,350.00 W
1787784451.977,0x0000000000000004,Active,Not Active,Not Active,Not Active,100 %,P2,350.00 W
1787784457.353,0x0000000000000004,Active,Not Active,Not Active,Not Active,100 %,P2,350.00 W
1787784462.713,0x0000000000000004,Active,Not Active,Not Active,Not Active,100 %,P2,350.00 W
1787784468.076,0x0000000000000004,Active,Not Active,Not Active,Not Active,100 %,P2,350.00 W
1787784473.451,0x0000000000000004,Active,Not Active,Not Active,Not Active,100 %,P2,350.00 W
1787784478.803,0x0000000000000004,Active,Not Active,Not Active,Not Active,100 %,P2,350.00 W
1787784484.159,0x0000000000000004,Active,Not Active,Not Active,Not Active,100 %,P2,350.00 W
1787784489.524,0x0000000000000004,Active,Not Active,Not Active,Not Active,100 %,P2,350.00 W
1787784494.886,0x0000000000000004,Active,Not Active,Not Active,Not Active,100 %,P2,350.00 W
1787784500.264,0x0000000000000004,Active,Not Active,Not Active,Not Active,100 %,P2,350.00 W
1787784505.640,0x0000000000000004,Active,Not Active,Not Active,Not Active,100 %,P2,350.00 W
1787784510.993,0x0000000000000004,Active,Not Active,Not Active,Not Active,100 %,P2,350.00 W
1787784516.351,0x0000000000000004,Active,Not Active,Not Active,Not Active,100 %,P2,350.00 W
1787784521.730,0x0000000000000004,Active,Not Active,Not Active,Not Active,100 %,P2,350.00 W
1787784527.104,0x0000000000000004,Active,Not Active,Not Active,Not Active,100 %,P2,350.00 W
1787784532.458,0x0000000000000004,Active,Not Active,Not Active,Not Active,100 %,P2,350.00 W
1787784537.835,0x0000000000000004,Active,Not Active,Not Active,Not Active,100 %,P2,350.00 W
1787784543.214,0x0000000000000004,Active,Not Active,Not Active,Not Active,100 %,P2,350.00 W
1787784548.581,0x0000000000000004,Active,Not Active,Not Active,Not Active,100 %,P2,350.00 W
1787784553.867,0x0000000000000004,Active,Not Active,Not Active,Not Active,100 %,P2,350.00 W
1787784559.300,0x0000000000000004,Active,Not Active,Not Active,Not Active,100 %,P2,350.00 W
1787784564.680,0x0000000000000004,Active,Not Active,Not Active,Not Active,100 %,P2,350.00 W
1787784570.050,0x0000000000000004,Active,Not Active,Not Active,Not Active,100 %,P2,350.00 W
1787784575.411,0x0000000000000004,Active,Not Active,Not Active,Not Active,100 %,P2,350.00 W
1787784580.777,0x0000000000000004,Active,Not Active,Not Active,Not Active,100 %,P2,350.00 W
1787784586.133,0x0000000000000004,Active,Not Active,Not Active,Not Active,100 %,P2,350.00 W
1787784591.509,0x0000000000000004,Active,Not Active,Not Active,Not Active,100 %,P2,350.00 W
1787784596.864,0x0000000000000004,Active,Not Active,Not Active,Not Active,100 %,P2,350.00 W
1787784602.213,0x0000000000000004,Active,Not Active,Not Active,Not Active,100 %,P2,350.00 W
1787784607.586,0x0000000000000004,Active,Not Active,Not Active,Not Active,100 %,P2,350.00 W
1787784612.941,0x0000000000000004,Active,Not Active,Not Active,Not Active,100 %,P2,350.00 W
1787784618.296,0x0000000000000004,Active,Not Active,Not Active,Not Active,100 %,P2,350.00 W
1787784623.667,0x0000000000000004,Active,Not Active,Not Active,Not Active,100 %,P2,350.00 W
1787784629.037,0x0000000000000020,Not Active,Not Active,Active,Not Active,100 %,P2,350.00 W
1787784634.406,0x0000000000000004,Active,Not Active,Not Active,Not Active,100 %,P2,350.00 W
1787784639.787,0x0000000000000004,Active,Not Active,Not Active,Not Active,100 %,P2,350.00 W
1787784645.153,0x0000000000000004,Active,Not Active,Not Active,Not Active,100 %,P2,350.00 W
1787784650.523,0x0000000000000004,Active,Not Active,Not Active,Not Active,100 %,P2,350.00 W
1787784655.916,0x0000000000000024,Active,Not Active,Active,Not Active,100 %,P2,350.00 W
1787784661.281,0x0000000000000024,Active,Not Active,Active,Not Active,100 %,P2,350.00 W
1787784666.655,0x0000000000000004,Active,Not Active,Not Active,Not Active,100 %,P2,350.00 W
1787784672.029,0x0000000000000004,Active,Not Active,Not Active,Not Active,100 %,P2,350.00 W
1787784677.403,0x0000000000000004,Active,Not Active,Not Active,Not Active,100 %,P2,350.00 W
1787784682.760,0x0000000000000024,Active,Not Active,Active,Not Active,100 %,P2,350.00 W
1787784688.098,0x0000000000000004,Active,Not Active,Not Active,Not Active,100 %,P2,350.00 W
1787784693.440,0x0000000000000004,Active,Not Active,Not Active,Not Active,100 %,P2,350.00 W
1787784698.809,0x0000000000000004,Active,Not Active,Not Active,Not Active,100 %,P2,350.00 W
1787784704.169,0x0000000000000004,Active,Not Active,Not Active,Not Active,100 %,P2,350.00 W
1787784709.527,0x0000000000000024,Active,Not Active,Active,Not Active,100 %,P2,350.00 W
1787784714.882,0x0000000000000004,Active,Not Active,Not Active,Not Active,100 %,P2,350.00 W
1787784720.237,0x0000000000000004,Active,Not Active,Not Active,Not Active,100 %,P2,350.00 W
1787784725.622,0x0000000000000004,Active,Not Active,Not Active,Not Active,100 %,P2,350.00 W
1787784730.976,0x0000000000000004,Active,Not Active,Not Active,Not Active,100 %,P2,350.00 W
1787784736.346,0x0000000000000004,Active,Not Active,Not Active,Not Active,100 %,P2,350.00 W
1787784741.712,0x0000000000000004,Active,Not Active,Not Active,Not Active,100 %,P2,350.00 W
1787784747.085,0x0000000000000004,Active,Not Active,Not Active,Not Active,100 %,P2,350.00 W
1787784752.467,0x0000000000000004,Active,Not Active,Not Active,Not Active,100 %,P2,350.00 W
1787784757.824,0x0000000000000004,Active,Not Active,Not Active,Not Active,100 %,P2,350.00 W
1787784763.187,0x0000000000000004,Active,Not Active,Not Active,Not Active,100 %,P2,350.00 W
1787784768.557,0x0000000000000004,Active,Not Active,Not Active,Not Active,100 %,P2,350.00 W
1787784773.926,0x0000000000000004,Active,Not Active,Not Active,Not Active,100 %,P2,350.00 W
1787784779.290,0x0000000000000004,Active,Not Active,Not Active,Not Active,100 %,P2,350.00 W
1787784784.648,0x0000000000000004,Active,Not Active,Not Active,Not Active,100 %,P2,350.00 W
1787784789.939,0x0000000000000004,Active,Not Active,Not Active,Not Active,100 %,P2,350.00 W
1787784795.366,0x0000000000000001,Not Active,Not Active,Not Active,Not Active,100 %,P3,350.00 W
1787784800.743,0x0000000000000004,Active,Not Active,Not Active,Not Active,91 %,P2,350.00 W
1787784806.127,0x0000000000000004,Active,Not Active,Not Active,Not Active,87 %,P2,350.00 W
1787784811.490,0x0000000000000004,Active,Not Active,Not Active,Not Active,87 %,P2,350.00 W
1787784816.837,0x0000000000000004,Active,Not Active,Not Active,Not Active,88 %,P2,350.00 W
1787784822.196,0x0000000000000004,Active,Not Active,Not Active,Not Active,89 %,P2,350.00 W
1787784827.564,0x0000000000000004,Active,Not Active,Not Active,Not Active,91 %,P2,350.00 W
1787784832.932,0x0000000000000004,Active,Not Active,Not Active,Not Active,96 %,P2,350.00 W
1787784838.305,0x0000000000000004,Active,Not Active,Not Active,Not Active,99 %,P2,350.00 W
1787784843.682,0x0000000000000004,Active,Not Active,Not Active,Not Active,100 %,P2,350.00 W
1787784849.041,0x0000000000000004,Active,Not Active,Not Active,Not Active,100 %,P2,350.00 W
1787784854.404,0x0000000000000004,Active,Not Active,Not Active,Not Active,100 %,P2,350.00 W
1787784859.761,0x0000000000000004,Active,Not Active,Not Active,Not Active,100 %,P2,350.00 W
1787784865.119,0x0000000000000020,Not Active,Not Active,Active,Not Active,100 %,P2,350.00 W
1787784870.487,0x0000000000000004,Active,Not Active,Not Active,Not Active,100 %,P2,350.00 W
1787784875.846,0x0000000000000004,Active,Not Active,Not Active,Not Active,100 %,P2,350.00 W
1787784881.184,0x0000000000000004,Active,Not Active,Not Active,Not Active,100 %,P2,350.00 W
1787784886.559,0x0000000000000004,Active,Not Active,Not Active,Not Active,100 %,P2,350.00 W
1787784891.922,0x0000000000000004,Active,Not Active,Not Active,Not Active,100 %,P2,350.00 W
1787784897.290,0x0000000000000004,Active,Not Active,Not Active,Not Active,100 %,P2,350.00 W
1787784902.653,0x0000000000000004,Active,Not Active,Not Active,Not Active,100 %,P2,350.00 W
1787784908.032,0x0000000000000004,Active,Not Active,Not Active,Not Active,100 %,P2,350.00 W
1787784913.392,0x0000000000000004,Active,Not Active,Not Active,Not Active,100 %,P2,350.00 W
1787784918.749,0x0000000000000004,Active,Not Active,Not Active,Not Active,100 %,P2,350.00 W
1787784924.128,0x0000000000000004,Active,Not Active,Not Active,Not Active,100 %,P2,350.00 W
1787784929.502,0x0000000000000004,Active,Not Active,Not Active,Not Active,100 %,P2,350.00 W
1787784934.895,0x0000000000000004,Active,Not Active,Not Active,Not Active,100 %,P2,350.00 W
1787784940.244,0x0000000000000004,Active,Not Active,Not Active,Not Active,100 %,P2,350.00 W
1787784945.612,0x0000000000000004,Active,Not Active,Not Active,Not Active,100 %,P2,350.00 W
1787784950.991,0x0000000000000004,Active,Not Active,Not Active,Not Active,100 %,P2,350.00 W
1787784956.363,0x0000000000000004,Active,Not Active,Not Active,Not Active,100 %,P2,350.00 W
1787784961.725,0x0000000000000004,Active,Not Active,Not Active,Not Active,100 %,P2,350.00 W
1787784967.102,0x0000000000000004,Active,Not Active,Not Active,Not Active,100 %,P2,350.00 W
1787784972.481,0x0000000000000004,Active,Not Active,Not Active,Not Active,100 %,P2,350.00 W
1787784977.846,0x0000000000000004,Active,Not Active,Not Active,Not Active,100 %,P2,350.00 W
1787784983.205,0x0000000000000004,Active,Not Active,Not Active,Not Active,100 %,P2,350.00 W
1787784988.570,0x0000000000000004,Active,Not Active,Not Active,Not Active,100 %,P2,350.00 W
1787784993.945,0x0000000000000004,Active,Not Active,Not Active,Not Active,100 %,P2,350.00 W
1787784999.305,0x0000000000000024,Active,Not Active,Active,Not Active,100 %,P2,350.00 W
1787785004.665,0x0000000000000004,Active,Not Active,Not Active,Not Active,100 %,P2,350.00 W
1787785010.024,0x0000000000000004,Active,Not Active,Not Active,Not Active,100 %,P2,350.00 W
1787785015.374,0x0000000000000004,Active,Not Active,Not Active,Not Active,100 %,P2,350.00 W
1787785020.749,0x0000000000000004,Active,Not Active,Not Active,Not Active,100 %,P2,350.00 W
1787785026.047,0x0000000000000004,Active,Not Active,Not Active,Not Active,100 %,P2,350.00 W
1787785031.480,0x0000000000000004,Active,Not Active,Not Active,Not Active,100 %,P2,350.00 W
1787785036.846,0x0000000000000004,Active,Not Active,Not Active,Not Active,100 %,P2,350.00 W
1787785042.209,0x0000000000000004,Active,Not Active,Not Active,Not Active,100 %,P2,350.00 W
1787785047.572,0x0000000000000004,Active,Not Active,Not Active,Not Active,100 %,P2,350.00 W
1787785052.942,0x0000000000000004,Active,Not Active,Not Active,Not Active,100 %,P2,350.00 W
1787785058.307,0x0000000000000004,Active,Not Active,Not Active,Not Active,100 %,P2,350.00 W
1787785063.685,0x0000000000000004,Active,Not Active,Not Active,Not Active,100 %,P2,350.00 W
1787785069.051,0x0000000000000004,Active,Not Active,Not Active,Not Active,100 %,P2,350.00 W
1787785074.414,0x0000000000000004,Active,Not Active,Not Active,Not Active,100 %,P2,350.00 W
1787785079.761,0x0000000000000004,Active,Not Active,Not Active,Not Active,100 %,P2,350.00 W
1787785085.097,0x0000000000000004,Active,Not Active,Not Active,Not Active,100 %,P2,350.00 W
1787785090.438,0x0000000000000004,Active,Not Active,Not Active,Not Active,100 %,P2,350.00 W
1787785095.805,0x0000000000000004,Active,Not Active,Not Active,Not Active,100 %,P2,350.00 W
1787785101.165,0x0000000000000004,Active,Not Active,Not Active,Not Active,100 %,P2,350.00 W
1787785106.500,0x0000000000000004,Active,Not Active,Not Active,Not Active,100 %,P2,350.00 W
1787785111.852,0x0000000000000004,Active,Not Active,Not Active,Not Active,100 %,P2,350.00 W
1787785117.229,0x0000000000000004,Active,Not Active,Not Active,Not Active,100 %,P2,350.00 W
1787785122.584,0x0000000000000024,Active,Not Active,Active,Not Active,100 %,P2,350.00 W
1787785127.927,0x0000000000000004,Active,Not Active,Not Active,Not Active,100 %,P2,350.00 W
1787785133.300,0x0000000000000024,Active,Not Active,Active,Not Active,100 %,P2,350.00 W
1787785138.665,0x0000000000000004,Active,Not Active,Not Active,Not Active,100 %,P2,350.00 W
1787785144.034,0x0000000000000004,Active,Not Active,Not Active,Not Active,100 %,P2,350.00 W
1787785149.400,0x0000000000000004,Active,Not Active,Not Active,Not Active,100 %,P2,350.00 W
1787785154.752,0x0000000000000004,Active,Not Active,Not Active,Not Active,100 %,P2,350.00 W
1787785160.113,0x0000000000000004,Active,Not Active,Not Active,Not Active,100 %,P2,350.00 W
1787785165.474,0x0000000000000004,Active,Not Active,Not Active,Not Active,100 %,P2,350.00 W
1787785170.820,0x0000000000000004,Active,Not Active,Not Active,Not Active,100 %,P2,350.00 W
1787785176.197,0x0000000000000004,Active,Not Active,Not Active,Not Active,100 %,P2,350.00 W
1787785181.564,0x0000000000000004,Active,Not Active,Not Active,Not Active,100 %,P2,350.00 W
1787785186.930,0x0000000000000004,Active,Not Active,Not Active,Not Active,100 %,P2,350.00 W
1787785192.301,0x0000000000000004,Active,Not Active,Not Active,Not Active,100 %,P2,350.00 W
1787785197.672,0x0000000000000004,Active,Not Active,Not Active,Not Active,100 %,P2,350.00 W
1787785203.046,0x0000000000000004,Active,Not Active,Not Active,Not Active,100 %,P2,350.00 W
1787785208.428,0x0000000000000004,Active,Not Active,Not Active,Not Active,100 %,P2,350.00 W
1787785213.792,0x0000000000000004,Active,Not Active,Not Active,Not Active,100 %,P2,350.00 W
1787785219.138,0x0000000000000004,Active,Not Active,Not Active,Not Active,100 %,P2,350.00 W
1787785224.490,0x0000000000000004,Active,Not Active,Not Active,Not Active,100 %,P2,350.00 W
1787785229.863,0x0000000000000004,Active,Not Active,Not Active,Not Active,100 %,P2,350.00 W
1787785235.249,0x0000000000000004,Active,Not Active,Not Active,Not Active,100 %,P2,350.00 W
1787785240.629,0x0000000000000020,Not Active,Not Active,Active,Not Active,100 %,P2,350.00 W
1787785245.978,0x0000000000000004,Active,Not Active,Not Active,Not Active,100 %,P2,350.00 W
1787785251.349,0x0000000000000004,Active,Not Active,Not Active,Not Active,100 %,P2,350.00 W
1787785256.700,0x0000000000000004,Active,Not Active,Not Active,Not Active,100 %,P2,350.00 W
1787785261.983,0x0000000000000004,Active,Not Active,Not Active,Not Active,100 %,P2,350.00 W
1787785267.416,0x0000000000000004,Active,Not Active,Not Active,Not Active,100 %,P2,350.00 W
1787785272.767,0x0000000000000004,Active,Not Active,Not Active,Not Active,100 %,P2,350.00 W
1787785278.137,0x0000000000000004,Active,Not Active,Not Active,Not Active,100 %,P2,350.00 W
1787785283.487,0x0000000000000004,Active,Not Active,Not Active,Not Active,100 %,P2,350.00 W
1787785288.843,0x0000000000000004,Active,Not Active,Not Active,Not Active,100 %,P2,350.00 W
1787785294.196,0x0000000000000004,Active,Not Active,Not Active,Not Active,100 %,P2,350.00 W
1787785299.525,0x0000000000000004,Active,Not Active,Not Active,Not Active,100 %,P2,350.00 W
1787785304.850,0x0000000000000004,Active,Not Active,Not Active,Not Active,100 %,P2,350.00 W
1787785310.223,0x0000000000000004,Active,Not Active,Not Active,Not Active,100 %,P2,350.00 W
1787785315.572,0x0000000000000020,Not Active,Not Active,Active,Not Active,100 %,P2,350.00 W
1787785320.947,0x0000000000000004,Active,Not Active,Not Active,Not Active,100 %,P2,350.00 W
1787785326.328,0x0000000000000004,Active,Not Active,Not Active,Not Active,100 %,P2,350.00 W
1787785331.696,0x0000000000000004,Active,Not Active,Not Active,Not Active,100 %,P2,350.00 W
1787785337.040,0x0000000000000004,Active,Not Active,Not Active,Not Active,100 %,P2,350.00 W
1787785342.377,0x0000000000000004,Active,Not Active,Not Active,Not Active,100 %,P2,350.00 W
1787785347.744,0x0000000000000004,Active,Not Active,Not Active,Not Active,100 %,P2,350.00 W
1787785353.098,0x0000000000000004,Active,Not Active,Not Active,Not Active,100 %,P2,350.00 W
1787785358.470,0x0000000000000020,Not Active,Not Active,Active,Not Active,100 %,P2,350.00 W
1787785363.814,0x0000000000000004,Active,Not Active,Not Active,Not Active,100 %,P2,350.00 W
1787785369.178,0x0000000000000004,Active,Not Active,Not Active,Not Active,100 %,P2,350.00 W
1787785374.539,0x0000000000000004,Active,Not Active,Not Active,Not Active,100 %,P2,350.00 W
1787785379.915,0x0000000000000004,Active,Not Active,Not Active,Not Active,100 %,P2,350.00 W
1787785385.271,0x0000000000000004,Active,Not Active,Not Active,Not Active,100 %,P2,350.00 W
1787785390.624,0x0000000000000004,Active,Not Active,Not Active,Not Active,100 %,P2,350.00 W
1787785395.988,0x0000000000000004,Active,Not Active,Not Active,Not Active,100 %,P2,350.00 W
1787785401.362,0x0000000000000004,Active,Not Active,Not Active,Not Active,100 %,P2,350.00 W
1787785406.722,0x0000000000000004,Active,Not Active,Not Active,Not Active,100 %,P2,350.00 W
1787785412.058,0x0000000000000004,Active,Not Active,Not Active,Not Active,100 %,P2,350.00 W
1787785417.417,0x0000000000000004,Active,Not Active,Not Active,Not Active,100 %,P2,350.00 W
1787785422.775,0x0000000000000004,Active,Not Active,Not Active,Not Active,100 %,P2,350.00 W
1787785428.142,0x0000000000000024,Active,Not Active,Active,Not Active,100 %,P2,350.00 W
1787785433.522,0x0000000000000004,Active,Not Active,Not Active,Not Active,100 %,P2,350.00 W
1787785438.889,0x0000000000000004,Active,Not Active,Not Active,Not Active,100 %,P2,350.00 W
1787785444.223,0x0000000000000004,Active,Not Active,Not Active,Not Active,100 %,P2,350.00 W
1787785449.565,0x0000000000000004,Active,Not Active,Not Active,Not Active,100 %,P2,350.00 W
1787785454.926,0x0000000000000004,Active,Not Active,Not Active,Not Active,100 %,P2,350.00 W
1787785460.300,0x0000000000000004,Active,Not Active,Not Active,Not Active,100 %,P2,350.00 W
1787785465.662,0x0000000000000004,Active,Not Active,Not Active,Not Active,100 %,P2,350.00 W
1787785471.027,0x0000000000000004,Active,Not Active,Not Active,Not Active,100 %,P2,350.00 W
1787785476.349,0x0000000000000004,Active,Not Active,Not Active,Not Active,100 %,P2,350.00 W
1787785481.681,0x0000000000000004,Active,Not Active,Not Active,Not Active,100 %,P2,350.00 W
1787785487.048,0x0000000000000004,Active,Not Active,Not Active,Not Active,100 %,P2,350.00 W
1787785492.432,0x0000000000000004,Active,Not Active,Not Active,Not Active,100 %,P2,350.00 W
1787785497.742,0x0000000000000004,Active,Not Active,Not Active,Not Active,100 %,P2,350.00 W
1787785503.151,0x0000000000000024,Active,Not Active,Active,Not Active,100 %,P2,350.00 W
1787785508.517,0x0000000000000004,Active,Not Active,Not Active,Not Active,100 %,P2,350.00 W
1787785513.874,0x0000000000000004,Active,Not Active,Not Active,Not Active,100 %,P2,350.00 W
1787785519.233,0x0000000000000004,Active,Not Active,Not Active,Not Active,100 %,P2,350.00 W
1787785524.605,0x0000000000000024,Active,Not Active,Active,Not Active,100 %,P2,350.00 W
1787785529.949,0x0000000000000004,Active,Not Active,Not Active,Not Active,100 %,P2,350.00 W
1787785535.328,0x0000000000000004,Active,Not Active,Not Active,Not Active,100 %,P2,350.00 W
1787785540.693,0x0000000000000004,Active,Not Active,Not Active,Not Active,100 %,P2,350.00 W
1787785546.062,0x0000000000000004,Active,Not Active,Not Active,Not Active,100 %,P2,350.00 W
1787785551.417,0x0000000000000004,Active,Not Active,Not Active,Not Active,100 %,P2,350.00 W
1787785556.786,0x0000000000000004,Active,Not Active,Not Active,Not Active,100 %,P2,350.00 W
1787785562.143,0x0000000000000004,Active,Not Active,Not Active,Not Active,100 %,P2,350.00 W
1787785567.492,0x0000000000000004,Active,Not Active,Not Active,Not Active,100 %,P2,350.00 W
1787785572.859,0x0000000000000004,Active,Not Active,Not Active,Not Active,100 %,P2,350.00 W
1787785578.240,0x0000000000000004,Active,Not Active,Not Active,Not Active,99 %,P2,350.00 W
1787785583.618,0x0000000000000020,Not Active,Not Active,Active,Not Active,97 %,P2,350.00 W
1787785588.966,0x0000000000000004,Active,Not Active,Not Active,Not Active,95 %,P2,350.00 W
1787785594.335,0x0000000000000004,Active,Not Active,Not Active,Not Active,98 %,P2,350.00 W
1787785599.710,0x0000000000000004,Active,Not Active,Not Active,Not Active,99 %,P2,350.00 W
1787785605.087,0x0000000000000004,Active,Not Active,Not Active,Not Active,99 %,P2,350.00 W
1787785610.448,0x0000000000000004,Active,Not Active,Not Active,Not Active,97 %,P2,350.00 W
1787785615.819,0x0000000000000004,Active,Not Active,Not Active,Not Active,95 %,P2,350.00 W
1787785621.188,0x0000000000000024,Active,Not Active,Active,Not Active,98 %,P2,350.00 W
1787785626.564,0x0000000000000004,Active,Not Active,Not Active,Not Active,99 %,P2,350.00 W
1787785631.920,0x0000000000000004,Active,Not Active,Not Active,Not Active,100 %,P2,350.00 W
1787785637.272,0x0000000000000004,Active,Not Active,Not Active,Not Active,100 %,P2,350.00 W
1787785642.640,0x0000000000000004,Active,Not Active,Not Active,Not Active,100 %,P2,350.00 W
1787785648.013,0x0000000000000004,Active,Not Active,Not Active,Not Active,100 %,P2,350.00 W
1787785653.338,0x0000000000000004,Active,Not Active,Not Active,Not Active,100 %,P2,350.00 W
1787785658.694,0x0000000000000004,Active,Not Active,Not Active,Not Active,100 %,P2,350.00 W
1787785664.066,0x0000000000000004,Active,Not Active,Not Active,Not Active,100 %,P2,350.00 W
1787785669.432,0x0000000000000004,Active,Not Active,Not Active,Not Active,100 %,P2,350.00 W
1787785674.797,0x0000000000000020,Not Active,Not Active,Active,Not Active,100 %,P2,350.00 W
1787785680.168,0x0000000000000004,Active,Not Active,Not Active,Not Active,100 %,P2,350.00 W
1787785685.541,0x0000000000000020,Not Active,Not Active,Active,Not Active,100 %,P2,350.00 W
1787785690.913,0x0000000000000004,Active,Not Active,Not Active,Not Active,100 %,P2,350.00 W
1787785696.287,0x0000000000000004,Active,Not Active,Not Active,Not Active,100 %,P2,350.00 W
1787785701.643,0x0000000000000004,Active,Not Active,Not Active,Not Active,100 %,P2,350.00 W
1787785707.011,0x0000000000000004,Active,Not Active,Not Active,Not Active,100 %,P2,350.00 W
1787785712.375,0x0000000000000004,Active,Not Active,Not Active,Not Active,100 %,P2,350.00 W
1787785717.740,0x0000000000000004,Active,Not Active,Not Active,Not Active,100 %,P2,350.00 W
1787785723.108,0x0000000000000004,Active,Not Active,Not Active,Not Active,100 %,P2,350.00 W
1787785728.489,0x0000000000000004,Active,Not Active,Not Active,Not Active,100 %,P2,350.00 W
1787785733.790,0x0000000000000004,Active,Not Active,Not Active,Not Active,100 %,P2,350.00 W
1787785739.215,0x0000000000000004,Active,Not Active,Not Active,Not Active,100 %,P2,350.00 W
1787785744.581,0x0000000000000004,Active,Not Active,Not Active,Not Active,100 %,P2,350.00 W
1787785749.943,0x0000000000000004,Active,Not Active,Not Active,Not Active,100 %,P2,350.00 W
1787785755.305,0x0000000000000004,Active,Not Active,Not Active,Not Active,100 %,P2,350.00 W
1787785760.676,0x0000000000000004,Active,Not Active,Not Active,Not Active,99 %,P2,350.00 W
1787785766.052,0x0000000000000004,Active,Not Active,Not Active,Not Active,98 %,P2,350.00 W
1787785771.428,0x0000000000000024,Active,Not Active,Active,Not Active,97 %,P2,350.00 W
1787785776.799,0x0000000000000004,Active,Not Active,Not Active,Not Active,97 %,P2,350.00 W
1787785782.159,0x0000000000000004,Active,Not Active,Not Active,Not Active,95 %,P2,350.00 W
1787785787.530,0x0000000000000004,Active,Not Active,Not Active,Not Active,95 %,P2,350.00 W
1787785792.896,0x0000000000000004,Active,Not Active,Not Active,Not Active,94 %,P2,350.00 W
1787785798.271,0x0000000000000004,Active,Not Active,Not Active,Not Active,93 %,P2,350.00 W
1787785803.606,0x0000000000000004,Active,Not Active,Not Active,Not Active,92 %,P2,350.00 W
1787785808.961,0x0000000000000004,Active,Not Active,Not Active,Not Active,92 %,P2,350.00 W
1787785814.332,0x0000000000000004,Active,Not Active,Not Active,Not Active,91 %,P2,350.00 W
1787785819.709,0x0000000000000004,Active,Not Active,Not Active,Not Active,91 %,P2,350.00 W
1787785825.077,0x0000000000000004,Active,Not Active,Not Active,Not Active,92 %,P2,350.00 W
1787785830.455,0x0000000000000004,Active,Not Active,Not Active,Not Active,98 %,P2,350.00 W
1787785835.804,0x0000000000000004,Active,Not Active,Not Active,Not Active,99 %,P2,350.00 W
1787785841.154,0x0000000000000004,Active,Not Active,Not Active,Not Active,100 %,P2,350.00 W
1787785846.524,0x0000000000000004,Active,Not Active,Not Active,Not Active,100 %,P2,350.00 W
1787785851.870,0x0000000000000004,Active,Not Active,Not Active,Not Active,100 %,P2,350.00 W
1787785857.241,0x0000000000000024,Active,Not Active,Active,Not Active,100 %,P2,350.00 W
1787785862.623,0x0000000000000004,Active,Not Active,Not Active,Not Active,100 %,P2,350.00 W
1787785867.971,0x0000000000000004,Active,Not Active,Not Active,Not Active,100 %,P2,350.00 W
1787785873.319,0x0000000000000004,Active,Not Active,Not Active,Not Active,100 %,P2,350.00 W
1787785878.691,0x0000000000000004,Active,Not Active,Not Active,Not Active,100 %,P2,350.00 W
1787785884.036,0x0000000000000004,Active,Not Active,Not Active,Not Active,100 %,P2,350.00 W
1787785889.393,0x0000000000000004,Active,Not Active,Not Active,Not Active,100 %,P2,350.00 W
1787785894.741,0x0000000000000004,Active,Not Active,Not Active,Not Active,100 %,P2,350.00 W
1787785900.117,0x0000000000000004,Active,Not Active,Not Active,Not Active,100 %,P2,350.00 W
1787785905.488,0x0000000000000004,Active,Not Active,Not Active,Not Active,100 %,P2,350.00 W
1787785910.851,0x0000000000000004,Active,Not Active,Not Active,Not Active,100 %,P2,350.00 W
1787785916.232,0x0000000000000020,Not Active,Not Active,Active,Not Active,100 %,P2,350.00 W
1787785921.597,0x0000000000000024,Active,Not Active,Active,Not Active,100 %,P2,350.00 W
1787785926.955,0x0000000000000004,Active,Not Active,Not Active,Not Active,100 %,P2,350.00 W
1787785932.298,0x0000000000000004,Active,Not Active,Not Active,Not Active,100 %,P2,350.00 W
1787785937.654,0x0000000000000004,Active,Not Active,Not Active,Not Active,100 %,P2,350.00 W
1787785943.007,0x0000000000000004,Active,Not Active,Not Active,Not Active,100 %,P2,350.00 W
1787785948.376,0x0000000000000004,Active,Not Active,Not Active,Not Active,100 %,P2,350.00 W
1787785953.716,0x0000000000000004,Active,Not Active,Not Active,Not Active,100 %,P2,350.00 W
1787785959.095,0x0000000000000004,Active,Not Active,Not Active,Not Active,100 %,P2,350.00 W
1787785964.470,0x0000000000000004,Active,Not Active,Not Active,Not Active,100 %,P2,350.00 W
1787785969.787,0x0000000000000004,Active,Not Active,Not Active,Not Active,100 %,P2,350.00 W
1787785975.211,0x0000000000000004,Active,Not Active,Not Active,Not Active,100 %,P2,350.00 W
1787785980.584,0x0000000000000004,Active,Not Active,Not Active,Not Active,100 %,P2,350.00 W
1787785985.934,0x0000000000000004,Active,Not Active,Not Active,Not Active,100 %,P2,350.00 W
1787785991.282,0x0000000000000004,Active,Not Active,Not Active,Not Active,100 %,P2,350.00 W
1787785996.653,0x0000000000000004,Active,Not Active,Not Active,Not Active,100 %,P2,350.00 W
1787786001.994,0x0000000000000004,Active,Not Active,Not Active,Not Active,100 %,P2,350.00 W
1787786007.362,0x0000000000000004,Active,Not Active,Not Active,Not Active,100 %,P2,350.00 W
1787786012.730,0x0000000000000024,Active,Not Active,Active,Not Active,100 %,P2,350.00 W
1787786018.113,0x0000000000000004,Active,Not Active,Not Active,Not Active,100 %,P2,350.00 W
1787786023.478,0x0000000000000004,Active,Not Active,Not Active,Not Active,100 %,P2,350.00 W
1787786028.840,0x0000000000000024,Active,Not Active,Active,Not Active,100 %,P2,350.00 W
1787786034.192,0x0000000000000004,Active,Not Active,Not Active,Not Active,100 %,P2,350.00 W
1787786039.560,0x0000000000000004,Active,Not Active,Not Active,Not Active,100 %,P2,350.00 W
1787786044.889,0x0000000000000004,Active,Not Active,Not Active,Not Active,100 %,P2,350.00 W
1787786050.270,0x0000000000000004,Active,Not Active,Not Active,Not Active,100 %,P2,350.00 W
1787786055.637,0x0000000000000004,Active,Not Active,Not Active,Not Active,100 %,P2,350.00 W
1787786061.013,0x0000000000000004,Active,Not Active,Not Active,Not Active,100 %,P2,350.00 W
1787786066.395,0x0000000000000004,Active,Not Active,Not Active,Not Active,100 %,P2,350.00 W
1787786071.747,0x0000000000000004,Active,Not Active,Not Active,Not Active,100 %,P2,350.00 W
1787786077.121,0x0000000000000004,Active,Not Active,Not Active,Not Active,100 %,P2,350.00 W
1787786082.479,0x0000000000000004,Active,Not Active,Not Active,Not Active,100 %,P2,350.00 W
1787786087.858,0x0000000000000004,Active,Not Active,Not Active,Not Active,100 %,P2,350.00 W
1787786093.213,0x0000000000000004,Active,Not Active,Not Active,Not Active,99 %,P2,350.00 W
1787786098.570,0x0000000000000004,Active,Not Active,Not Active,Not Active,99 %,P2,350.00 W
1787786103.945,0x0000000000000004,Active,Not Active,Not Active,Not Active,95 %,P2,350.00 W
1787786109.315,0x0000000000000004,Active,Not Active,Not Active,Not Active,93 %,P2,350.00 W
1787786114.693,0x0000000000000004,Active,Not Active,Not Active,Not Active,92 %,P2,350.00 W
1787786120.068,0x0000000000000024,Active,Not Active,Active,Not Active,92 %,P2,350.00 W
1787786125.433,0x0000000000000004,Active,Not Active,Not Active,Not Active,91 %,P2,350.00 W
1787786130.804,0x0000000000000004,Active,Not Active,Not Active,Not Active,91 %,P2,350.00 W
1787786136.160,0x0000000000000004,Active,Not Active,Not Active,Not Active,92 %,P2,350.00 W
1787786141.504,0x0000000000000004,Active,Not Active,Not Active,Not Active,98 %,P2,350.00 W
1787786146.871,0x0000000000000004,Active,Not Active,Not Active,Not Active,100 %,P2,350.00 W
1787786152.195,0x0000000000000020,Not Active,Not Active,Active,Not Active,100 %,P2,350.00 W
1787786157.548,0x0000000000000004,Active,Not Active,Not Active,Not Active,100 %,P2,350.00 W
1787786162.916,0x0000000000000004,Active,Not Active,Not Active,Not Active,100 %,P2,350.00 W
1787786168.268,0x0000000000000004,Active,Not Active,Not Active,Not Active,100 %,P2,350.00 W
1787786173.633,0x0000000000000004,Active,Not Active,Not Active,Not Active,100 %,P2,350.00 W
1787786178.975,0x0000000000000004,Active,Not Active,Not Active,Not Active,100 %,P2,350.00 W
1787786184.338,0x0000000000000004,Active,Not Active,Not Active,Not Active,100 %,P2,350.00 W
1787786189.717,0x0000000000000004,Active,Not Active,Not Active,Not Active,100 %,P2,350.00 W
1787786195.065,0x0000000000000004,Active,Not Active,Not Active,Not Active,100 %,P2,350.00 W
1787786200.434,0x0000000000000004,Active,Not Active,Not Active,Not Active,100 %,P2,350.00 W
1787786205.746,0x0000000000000004,Active,Not Active,Not Active,Not Active,100 %,P2,350.00 W
1787786211.168,0x0000000000000004,Active,Not Active,Not Active,Not Active,100 %,P2,350.00 W
1787786216.538,0x0000000000000004,Active,Not Active,Not Active,Not Active,100 %,P2,350.00 W
1787786221.909,0x0000000000000004,Active,Not Active,Not Active,Not Active,100 %,P2,350.00 W
1787786227.278,0x0000000000000004,Active,Not Active,Not Active,Not Active,100 %,P2,350.00 W
1787786232.626,0x0000000000000004,Active,Not Active,Not Active,Not Active,100 %,P2,350.00 W
1787786237.992,0x0000000000000004,Active,Not Active,Not Active,Not Active,100 %,P2,350.00 W
1787786243.348,0x0000000000000004,Active,Not Active,Not Active,Not Active,100 %,P2,350.00 W
1787786248.719,0x0000000000000004,Active,Not Active,Not Active,Not Active,100 %,P2,350.00 W
1787786254.069,0x0000000000000004,Active,Not Active,Not Active,Not Active,100 %,P2,350.00 W
1787786259.438,0x0000000000000004,Active,Not Active,Not Active,Not Active,100 %,P2,350.00 W
1787786264.815,0x0000000000000004,Active,Not Active,Not Active,Not Active,100 %,P2,350.00 W
1787786270.163,0x0000000000000004,Active,Not Active,Not Active,Not Active,100 %,P2,350.00 W
1787786275.530,0x0000000000000024,Active,Not Active,Active,Not Active,100 %,P2,350.00 W
1787786280.887,0x0000000000000004,Active,Not Active,Not Active,Not Active,100 %,P2,350.00 W
1787786286.229,0x0000000000000004,Active,Not Active,Not Active,Not Active,100 %,P2,350.00 W
1787786291.588,0x0000000000000004,Active,Not Active,Not Active,Not Active,100 %,P2,350.00 W
1787786296.933,0x0000000000000004,Active,Not Active,Not Active,Not Active,100 %,P2,350.00 W
1787786302.278,0x0000000000000004,Active,Not Active,Not Active,Not Active,100 %,P2,350.00 W
1787786307.627,0x0000000000000004,Active,Not Active,Not Active,Not Active,100 %,P2,350.00 W
1787786313.006,0x0000000000000004,Active,Not Active,Not Active,Not Active,100 %,P2,350.00 W
1787786318.377,0x0000000000000020,Not Active,Not Active,Active,Not Active,100 %,P2,350.00 W
1787786323.759,0x0000000000000004,Active,Not Active,Not Active,Not Active,100 %,P2,350.00 W
1787786329.132,0x0000000000000004,Active,Not Active,Not Active,Not Active,100 %,P2,350.00 W
1787786334.495,0x0000000000000004,Active,Not Active,Not Active,Not Active,100 %,P2,350.00 W
1787786339.866,0x0000000000000004,Active,Not Active,Not Active,Not Active,100 %,P2,350.00 W
1787786345.248,0x0000000000000004,Active,Not Active,Not Active,Not Active,100 %,P2,350.00 W
1787786350.605,0x0000000000000004,Active,Not Active,Not Active,Not Active,100 %,P2,350.00 W
1787786355.964,0x0000000000000004,Active,Not Active,Not Active,Not Active,100 %,P2,350.00 W
1787786361.331,0x0000000000000004,Active,Not Active,Not Active,Not Active,100 %,P2,350.00 W
1787786366.697,0x0000000000000004,Active,Not Active,Not Active,Not Active,100 %,P2,350.00 W
1787786372.075,0x0000000000000004,Active,Not Active,Not Active,Not Active,100 %,P2,350.00 W
1787786377.441,0x0000000000000004,Active,Not Active,Not Active,Not Active,100 %,P2,350.00 W
1787786382.796,0x0000000000000004,Active,Not Active,Not Active,Not Active,100 %,P2,350.00 W
1787786388.171,0x0000000000000004,Active,Not Active,Not Active,Not Active,100 %,P2,350.00 W
1787786393.541,0x0000000000000004,Active,Not Active,Not Active,Not Active,100 %,P2,350.00 W
1787786398.905,0x0000000000000004,Active,Not Active,Not Active,Not Active,100 %,P2,350.00 W
1787786404.276,0x0000000000000004,Active,Not Active,Not Active,Not Active,100 %,P2,350.00 W
1787786409.625,0x0000000000000004,Active,Not Active,Not Active,Not Active,100 %,P2,350.00 W
1787786414.989,0x0000000000000004,Active,Not Active,Not Active,Not Active,100 %,P2,350.00 W
1787786420.361,0x0000000000000004,Active,Not Active,Not Active,Not Active,100 %,P2,350.00 W
1787786425.720,0x0000000000000004,Active,Not Active,Not Active,Not Active,100 %,P2,350.00 W
1787786431.085,0x0000000000000020,Not Active,Not Active,Active,Not Active,100 %,P2,350.00 W
1787786436.451,0x0000000000000004,Active,Not Active,Not Active,Not Active,100 %,P2,350.00 W
1787786441.760,0x0000000000000004,Active,Not Active,Not Active,Not Active,100 %,P2,350.00 W
1787786447.204,0x0000000000000004,Active,Not Active,Not Active,Not Active,100 %,P2,350.00 W
1787786452.574,0x0000000000000004,Active,Not Active,Not Active,Not Active,100 %,P2,350.00 W
1787786457.913,0x0000000000000004,Active,Not Active,Not Active,Not Active,100 %,P2,350.00 W
1787786463.293,0x0000000000000004,Active,Not Active,Not Active,Not Active,100 %,P2,350.00 W
1787786468.649,0x0000000000000004,Active,Not Active,Not Active,Not Active,100 %,P2,350.00 W
1787786474.019,0x0000000000000004,Active,Not Active,Not Active,Not Active,100 %,P2,350.00 W
1787786479.362,0x0000000000000004,Active,Not Active,Not Active,Not Active,100 %,P2,350.00 W
1787786484.718,0x0000000000000004,Active,Not Active,Not Active,Not Active,100 %,P2,350.00 W
1787786490.086,0x0000000000000004,Active,Not Active,Not Active,Not Active,100 %,P2,350.00 W
1787786495.439,0x0000000000000020,Not Active,Not Active,Active,Not Active,100 %,P2,350.00 W
1787786500.804,0x0000000000000004,Active,Not Active,Not Active,Not Active,100 %,P2,350.00 W
1787786506.189,0x0000000000000004,Active,Not Active,Not Active,Not Active,100 %,P2,350.00 W
1787786511.546,0x0000000000000004,Active,Not Active,Not Active,Not Active,100 %,P2,350.00 W
1787786516.906,0x0000000000000004,Active,Not Active,Not Active,Not Active,100 %,P2,350.00 W
1787786522.273,0x0000000000000004,Active,Not Active,Not Active,Not Active,100 %,P2,350.00 W
1787786527.649,0x0000000000000004,Active,Not Active,Not Active,Not Active,100 %,P2,350.00 W
1787786533.019,0x0000000000000004,Active,Not Active,Not Active,Not Active,100 %,P2,350.00 W
1787786538.367,0x0000000000000004,Active,Not Active,Not Active,Not Active,100 %,P2,350.00 W
1787786543.723,0x0000000000000004,Active,Not Active,Not Active,Not Active,100 %,P2,350.00 W
1787786549.088,0x0000000000000004,Active,Not Active,Not Active,Not Active,100 %,P2,350.00 W
1787786554.496,0x0000000000000004,Active,Not Active,Not Active,Not Active,100 %,P2,350.00 W
1787786559.848,0x0000000000000024,Active,Not Active,Active,Not Active,100 %,P2,350.00 W
1787786565.191,0x0000000000000004,Active,Not Active,Not Active,Not Active,100 %,P2,350.00 W
1787786570.567,0x0000000000000004,Active,Not Active,Not Active,Not Active,100 %,P2,350.00 W
1787786575.927,0x0000000000000004,Active,Not Active,Not Active,Not Active,100 %,P2,350.00 W
1787786581.292,0x0000000000000004,Active,Not Active,Not Active,Not Active,100 %,P2,350.00 W
1787786586.662,0x0000000000000004,Active,Not Active,Not Active,Not Active,100 %,P2,350.00 W
1787786592.022,0x0000000000000004,Active,Not Active,Not Active,Not Active,100 %,P2,350.00 W
1787786597.380,0x0000000000000004,Active,Not Active,Not Active,Not Active,100 %,P2,350.00 W
1787786602.746,0x0000000000000004,Active,Not Active,Not Active,Not Active,100 %,P2,350.00 W
1787786608.088,0x0000000000000024,Active,Not Active,Active,Not Active,100 %,P2,350.00 W
1787786613.432,0x0000000000000004,Active,Not Active,Not Active,Not Active,100 %,P2,350.00 W
1787786618.800,0x0000000000000004,Active,Not Active,Not Active,Not Active,100 %,P2,350.00 W
1787786624.165,0x0000000000000004,Active,Not Active,Not Active,Not Active,100 %,P2,350.00 W
1787786629.514,0x0000000000000004,Active,Not Active,Not Active,Not Active,100 %,P2,350.00 W
1787786634.886,0x0000000000000004,Active,Not Active,Not Active,Not Active,100 %,P2,350.00 W
1787786640.227,0x0000000000000004,Active,Not Active,Not Active,Not Active,100 %,P2,350.00 W
1787786645.593,0x0000000000000004,Active,Not Active,Not Active,Not Active,100 %,P2,350.00 W
1787786650.963,0x0000000000000024,Active,Not Active,Active,Not Active,100 %,P2,350.00 W
1787786656.307,0x0000000000000004,Active,Not Active,Not Active,Not Active,100 %,P2,350.00 W
1787786661.640,0x0000000000000004,Active,Not Active,Not Active,Not Active,100 %,P2,350.00 W
1787786667.005,0x0000000000000004,Active,Not Active,Not Active,Not Active,100 %,P2,350.00 W
1787786672.365,0x0000000000000004,Active,Not Active,Not Active,Not Active,100 %,P2,350.00 W
1787786677.676,0x0000000000000004,Active,Not Active,Not Active,Not Active,100 %,P2,350.00 W
1787786683.106,0x0000000000000004,Active,Not Active,Not Active,Not Active,100 %,P2,350.00 W
1787786688.482,0x0000000000000004,Active,Not Active,Not Active,Not Active,100 %,P2,350.00 W
1787786693.858,0x0000000000000004,Active,Not Active,Not Active,Not Active,100 %,P2,350.00 W
1787786699.232,0x0000000000000020,Not Active,Not Active,Active,Not Active,100 %,P2,350.00 W
1787786704.575,0x0000000000000004,Active,Not Active,Not Active,Not Active,100 %,P2,350.00 W
1787786709.942,0x0000000000000024,Active,Not Active,Active,Not Active,100 %,P2,350.00 W
1787786715.297,0x0000000000000024,Active,Not Active,Active,Not Active,100 %,P2,350.00 W
1787786720.667,0x0000000000000004,Active,Not Active,Not Active,Not Active,100 %,P2,350.00 W
1787786726.039,0x0000000000000004,Active,Not Active,Not Active,Not Active,100 %,P2,350.00 W
1787786731.397,0x0000000000000004,Active,Not Active,Not Active,Not Active,100 %,P2,350.00 W
1787786736.765,0x0000000000000004,Active,Not Active,Not Active,Not Active,100 %,P2,350.00 W
1787786742.151,0x0000000000000004,Active,Not Active,Not Active,Not Active,100 %,P2,350.00 W
1787786747.519,0x0000000000000004,Active,Not Active,Not Active,Not Active,100 %,P2,350.00 W
1787786752.888,0x0000000000000004,Active,Not Active,Not Active,Not Active,100 %,P2,350.00 W
1787786758.232,0x0000000000000004,Active,Not Active,Not Active,Not Active,100 %,P2,350.00 W
1787786763.598,0x0000000000000004,Active,Not Active,Not Active,Not Active,100 %,P2,350.00 W
1787786768.959,0x0000000000000004,Active,Not Active,Not Active,Not Active,100 %,P2,350.00 W
1787786774.318,0x0000000000000004,Active,Not Active,Not Active,Not Active,100 %,P2,350.00 W
1787786779.686,0x0000000000000004,Active,Not Active,Not Active,Not Active,100 %,P2,350.00 W
1787786785.055,0x0000000000000004,Active,Not Active,Not Active,Not Active,100 %,P2,350.00 W
1787786790.425,0x0000000000000004,Active,Not Active,Not Active,Not Active,100 %,P2,350.00 W
1787786795.778,0x0000000000000001,Not Active,Not Active,Not Active,Not Active,98 %,P3,350.00 W
1787786801.120,0x0000000000000001,Not Active,Not Active,Not Active,Not Active,80 %,P8,350.00 W
1787786806.475,0x0000000000000001,Not Active,Not Active,Not Active,Not Active,71 %,P8,350.00 W
1787786811.844,0x0000000000000001,Not Active,Not Active,Not Active,Not Active,67 %,P8,350.00 W
