2026/08/23 00:54:46.429, 98.71 W, 3 %, 433 MiB
2026/08/23 00:54:47.439, 86.93 W, 6 %, 433 MiB
2026/08/23 00:54:48.451, 85.96 W, 5 %, 433 MiB
2026/08/23 00:54:49.462, 85.61 W, 3 %, 433 MiB
2026/08/23 00:54:50.472, 50.41 W, 6 %, 433 MiB
2026/08/23 00:54:51.478, 40.12 W, 6 %, 433 MiB
2026/08/23 00:54:52.489, 34.08 W, 8 %, 433 MiB
2026/08/23 00:54:53.518, 32.91 W, 8 %, 433 MiB
2026/08/23 00:54:54.527, 32.78 W, 8 %, 433 MiB
2026/08/23 00:54:55.536, 32.48 W, 7 %, 433 MiB
2026/08/23 00:54:56.549, 32.53 W, 8 %, 433 MiB
2026/08/23 00:54:57.558, 32.60 W, 5 %, 433 MiB
2026/08/23 00:54:58.570, 31.52 W, 6 %, 433 MiB
2026/08/23 00:54:59.579, 32.40 W, 7 %, 433 MiB
2026/08/23 00:55:00.594, 32.16 W, 5 %, 433 MiB
2026/08/23 00:55:01.608, 31.84 W, 4 %, 445 MiB
2026/08/23 00:55:02.618, 109.17 W, 1 %, 659 MiB
2026/08/23 00:55:03.626, 127.18 W, 1 %, 659 MiB
2026/08/23 00:55:04.639, 143.41 W, 18 %, 13721 MiB
2026/08/23 00:55:05.653, 156.42 W, 18 %, 13721 MiB
2026/08/23 00:55:06.662, 143.83 W, 18 %, 13721 MiB
2026/08/23 00:55:07.664, 128.43 W, 17 %, 13721 MiB
2026/08/23 00:55:08.665, 152.59 W, 0 %, 20307 MiB
2026/08/23 00:55:09.681, 151.81 W, 1 %, 20307 MiB
2026/08/23 00:55:10.692, 122.26 W, 2 %, 20307 MiB
2026/08/23 00:55:11.702, 84.25 W, 2 %, 20307 MiB
2026/08/23 00:55:12.714, 61.17 W, 3 %, 20307 MiB
2026/08/23 00:55:13.726, 36.65 W, 3 %, 20307 MiB
2026/08/23 00:55:14.738, 33.29 W, 4 %, 20317 MiB
2026/08/23 00:55:15.753, 224.89 W, 100 %, 20329 MiB
2026/08/23 00:55:16.768, 329.80 W, 74 %, 20333 MiB
2026/08/23 00:55:17.773, 342.35 W, 85 %, 20333 MiB
2026/08/23 00:55:18.782, 340.68 W, 82 %, 20333 MiB
2026/08/23 00:55:19.794, 342.59 W, 87 %, 20333 MiB
2026/08/23 00:55:20.802, 344.64 W, 92 %, 20333 MiB
2026/08/23 00:55:21.812, 342.41 W, 86 %, 20333 MiB
2026/08/23 00:55:22.815, 341.53 W, 92 %, 20333 MiB
2026/08/23 00:55:23.831, 337.40 W, 84 %, 20333 MiB
2026/08/23 00:55:24.859, 344.78 W, 88 %, 20333 MiB
2026/08/23 00:55:25.873, 343.04 W, 86 %, 20333 MiB
2026/08/23 00:55:26.883, 344.00 W, 87 %, 20333 MiB
2026/08/23 00:55:27.898, 343.63 W, 88 %, 20333 MiB
2026/08/23 00:55:28.907, 344.69 W, 87 %, 20333 MiB
2026/08/23 00:55:29.923, 343.38 W, 85 %, 20333 MiB
2026/08/23 00:55:30.924, 343.97 W, 88 %, 20333 MiB
2026/08/23 00:55:31.938, 343.58 W, 89 %, 20333 MiB
2026/08/23 00:55:32.952, 344.73 W, 87 %, 20333 MiB
2026/08/23 00:55:33.963, 344.83 W, 85 %, 20333 MiB
2026/08/23 00:55:34.974, 344.57 W, 86 %, 20333 MiB
2026/08/23 00:55:35.987, 343.39 W, 82 %, 20333 MiB
2026/08/23 00:55:36.998, 344.96 W, 85 %, 20333 MiB
2026/08/23 00:55:38.001, 345.75 W, 88 %, 20333 MiB
2026/08/23 00:55:39.016, 345.19 W, 87 %, 20333 MiB
2026/08/23 00:55:40.032, 345.03 W, 87 %, 20333 MiB
2026/08/23 00:55:41.034, 343.74 W, 92 %, 20333 MiB
2026/08/23 00:55:42.049, 345.75 W, 90 %, 20333 MiB
2026/08/23 00:55:43.059, 344.89 W, 86 %, 20333 MiB
2026/08/23 00:55:44.076, 345.26 W, 86 %, 20333 MiB
2026/08/23 00:55:45.085, 343.48 W, 88 %, 20333 MiB
2026/08/23 00:55:46.099, 344.28 W, 87 %, 20333 MiB
2026/08/23 00:55:47.109, 342.40 W, 91 %, 20333 MiB
2026/08/23 00:55:48.125, 344.60 W, 89 %, 20333 MiB
2026/08/23 00:55:49.136, 346.42 W, 91 %, 20333 MiB
2026/08/23 00:55:50.147, 345.30 W, 93 %, 20333 MiB
2026/08/23 00:55:51.163, 343.65 W, 90 %, 20333 MiB
2026/08/23 00:55:52.174, 344.90 W, 94 %, 20333 MiB
2026/08/23 00:55:53.188, 344.75 W, 89 %, 20333 MiB
2026/08/23 00:55:54.190, 344.65 W, 89 %, 20333 MiB
2026/08/23 00:55:55.209, 345.66 W, 93 %, 20333 MiB
2026/08/23 00:55:56.222, 344.83 W, 89 %, 20333 MiB
2026/08/23 00:55:57.228, 343.53 W, 90 %, 20333 MiB
2026/08/23 00:55:58.244, 343.72 W, 88 %, 20333 MiB
2026/08/23 00:55:59.259, 345.99 W, 94 %, 20333 MiB
2026/08/23 00:56:00.268, 345.65 W, 92 %, 20333 MiB
2026/08/23 00:56:01.282, 345.19 W, 93 %, 20333 MiB
2026/08/23 00:56:02.297, 344.95 W, 86 %, 20333 MiB
2026/08/23 00:56:03.311, 345.73 W, 92 %, 20333 MiB
2026/08/23 00:56:04.324, 345.69 W, 90 %, 20333 MiB
2026/08/23 00:56:05.337, 344.96 W, 84 %, 20333 MiB
2026/08/23 00:56:06.348, 346.30 W, 94 %, 20333 MiB
2026/08/23 00:56:07.361, 346.25 W, 88 %, 20333 MiB
2026/08/23 00:56:08.371, 347.73 W, 94 %, 20333 MiB
2026/08/23 00:56:09.373, 346.05 W, 93 %, 20333 MiB
2026/08/23 00:56:10.384, 347.27 W, 90 %, 20333 MiB
2026/08/23 00:56:11.394, 345.20 W, 91 %, 20333 MiB
2026/08/23 00:56:12.404, 347.27 W, 88 %, 20333 MiB
2026/08/23 00:56:13.418, 347.91 W, 92 %, 20333 MiB
2026/08/23 00:56:14.431, 346.74 W, 91 %, 20333 MiB
2026/08/23 00:56:15.441, 345.08 W, 89 %, 20333 MiB
2026/08/23 00:56:16.454, 343.30 W, 90 %, 20333 MiB
2026/08/23 00:56:17.469, 346.28 W, 91 %, 20333 MiB
2026/08/23 00:56:18.480, 346.86 W, 90 %, 20333 MiB
2026/08/23 00:56:19.489, 347.60 W, 93 %, 20333 MiB
2026/08/23 00:56:20.501, 343.15 W, 87 %, 20333 MiB
2026/08/23 00:56:21.511, 347.47 W, 93 %, 20333 MiB
2026/08/23 00:56:22.521, 345.77 W, 84 %, 20333 MiB
2026/08/23 00:56:23.533, 344.50 W, 93 %, 20333 MiB
2026/08/23 00:56:24.546, 348.47 W, 94 %, 20333 MiB
2026/08/23 00:56:25.562, 348.11 W, 90 %, 20333 MiB
2026/08/23 00:56:26.573, 345.96 W, 87 %, 20333 MiB
2026/08/23 00:56:27.587, 346.83 W, 87 %, 20333 MiB
2026/08/23 00:56:28.600, 347.11 W, 88 %, 20333 MiB
2026/08/23 00:56:29.615, 346.70 W, 88 %, 20333 MiB
2026/08/23 00:56:30.622, 345.30 W, 88 %, 20333 MiB
2026/08/23 00:56:31.624, 348.04 W, 92 %, 20333 MiB
2026/08/23 00:56:32.637, 347.10 W, 88 %, 20333 MiB
2026/08/23 00:56:33.647, 347.88 W, 88 %, 20333 MiB
2026/08/23 00:56:34.662, 344.37 W, 82 %, 20333 MiB
2026/08/23 00:56:35.674, 346.72 W, 89 %, 20333 MiB
2026/08/23 00:56:36.684, 344.65 W, 87 %, 20333 MiB
2026/08/23 00:56:37.691, 347.67 W, 94 %, 20333 MiB
2026/08/23 00:56:38.706, 347.07 W, 88 %, 20333 MiB
2026/08/23 00:56:39.711, 345.84 W, 83 %, 20333 MiB
2026/08/23 00:56:40.720, 344.89 W, 84 %, 20333 MiB
2026/08/23 00:56:41.733, 344.54 W, 80 %, 20333 MiB
2026/08/23 00:56:42.748, 348.11 W, 93 %, 20333 MiB
2026/08/23 00:56:43.760, 343.99 W, 84 %, 20333 MiB
2026/08/23 00:56:44.773, 346.66 W, 91 %, 20333 MiB
2026/08/23 00:56:45.788, 346.54 W, 87 %, 20333 MiB
2026/08/23 00:56:46.803, 347.40 W, 93 %, 20333 MiB
2026/08/23 00:56:47.806, 348.54 W, 86 %, 20333 MiB
2026/08/23 00:56:48.807, 348.57 W, 89 %, 20333 MiB
2026/08/23 00:56:49.822, 348.29 W, 88 %, 20333 MiB
2026/08/23 00:56:50.836, 348.74 W, 93 %, 20333 MiB
2026/08/23 00:56:51.847, 347.97 W, 88 %, 20333 MiB
2026/08/23 00:56:52.855, 347.15 W, 86 %, 20333 MiB
2026/08/23 00:56:53.867, 344.20 W, 85 %, 20333 MiB
2026/08/23 00:56:54.875, 347.18 W, 95 %, 20333 MiB
2026/08/23 00:56:55.877, 347.04 W, 92 %, 20333 MiB
2026/08/23 00:56:56.888, 347.09 W, 89 %, 20333 MiB
2026/08/23 00:56:57.890, 347.08 W, 83 %, 20333 MiB
2026/08/23 00:56:58.906, 347.06 W, 91 %, 20333 MiB
2026/08/23 00:56:59.916, 344.50 W, 95 %, 20333 MiB
2026/08/23 00:57:00.928, 348.43 W, 86 %, 20333 MiB
2026/08/23 00:57:01.943, 347.26 W, 93 %, 20333 MiB
2026/08/23 00:57:02.958, 347.79 W, 94 %, 20333 MiB
2026/08/23 00:57:03.972, 343.71 W, 87 %, 20333 MiB
2026/08/23 00:57:04.987, 347.88 W, 90 %, 20333 MiB
2026/08/23 00:57:05.989, 347.69 W, 94 %, 20333 MiB
2026/08/23 00:57:06.991, 345.28 W, 94 %, 20333 MiB
2026/08/23 00:57:08.006, 348.33 W, 93 %, 20333 MiB
2026/08/23 00:57:09.017, 345.80 W, 85 %, 20333 MiB
2026/08/23 00:57:10.028, 347.56 W, 91 %, 20333 MiB
2026/08/23 00:57:11.044, 345.73 W, 93 %, 20333 MiB
2026/08/23 00:57:12.054, 347.00 W, 88 %, 20333 MiB
2026/08/23 00:57:13.066, 345.05 W, 86 %, 20333 MiB
2026/08/23 00:57:14.080, 348.30 W, 90 %, 20333 MiB
2026/08/23 00:57:15.091, 347.20 W, 88 %, 20333 MiB
2026/08/23 00:57:16.105, 345.57 W, 84 %, 20333 MiB
2026/08/23 00:57:17.120, 348.28 W, 94 %, 20333 MiB
2026/08/23 00:57:18.133, 349.29 W, 94 %, 20333 MiB
2026/08/23 00:57:19.139, 345.14 W, 89 %, 20333 MiB
2026/08/23 00:57:20.145, 348.60 W, 86 %, 20333 MiB
2026/08/23 00:57:21.161, 348.58 W, 93 %, 20333 MiB
2026/08/23 00:57:22.173, 345.45 W, 87 %, 20333 MiB
2026/08/23 00:57:23.184, 347.91 W, 93 %, 20333 MiB
2026/08/23 00:57:24.199, 346.52 W, 87 %, 20333 MiB
2026/08/23 00:57:25.211, 346.27 W, 88 %, 20333 MiB
2026/08/23 00:57:26.227, 346.90 W, 89 %, 20333 MiB
2026/08/23 00:57:27.237, 346.30 W, 87 %, 20333 MiB
2026/08/23 00:57:28.251, 343.05 W, 87 %, 20333 MiB
2026/08/23 00:57:29.266, 346.42 W, 86 %, 20333 MiB
2026/08/23 00:57:30.280, 348.51 W, 93 %, 20333 MiB
2026/08/23 00:57:31.294, 349.34 W, 93 %, 20333 MiB
2026/08/23 00:57:32.309, 347.55 W, 89 %, 20333 MiB
2026/08/23 00:57:33.317, 346.02 W, 87 %, 20333 MiB
2026/08/23 00:57:34.325, 349.76 W, 96 %, 20333 MiB
2026/08/23 00:57:35.339, 347.86 W, 88 %, 20333 MiB
2026/08/23 00:57:36.351, 346.69 W, 86 %, 20333 MiB
2026/08/23 00:57:37.360, 346.73 W, 86 %, 20333 MiB
2026/08/23 00:57:38.363, 346.64 W, 89 %, 20333 MiB
2026/08/23 00:57:39.364, 345.56 W, 87 %, 20333 MiB
2026/08/23 00:57:40.366, 343.71 W, 90 %, 20333 MiB
2026/08/23 00:57:41.368, 348.11 W, 94 %, 20333 MiB
2026/08/23 00:57:42.381, 345.19 W, 87 %, 20333 MiB
2026/08/23 00:57:43.396, 347.95 W, 87 %, 20333 MiB
2026/08/23 00:57:44.409, 348.42 W, 95 %, 20333 MiB
2026/08/23 00:57:45.422, 345.18 W, 87 %, 20333 MiB
2026/08/23 00:57:46.425, 348.15 W, 95 %, 20333 MiB
2026/08/23 00:57:47.433, 348.01 W, 92 %, 20333 MiB
2026/08/23 00:57:48.445, 347.89 W, 94 %, 20333 MiB
2026/08/23 00:57:49.456, 347.15 W, 88 %, 20333 MiB
2026/08/23 00:57:50.467, 348.12 W, 88 %, 20333 MiB
2026/08/23 00:57:51.479, 349.38 W, 93 %, 20333 MiB
2026/08/23 00:57:52.493, 348.26 W, 92 %, 20333 MiB
2026/08/23 00:57:53.509, 347.09 W, 91 %, 20333 MiB
2026/08/23 00:57:54.518, 345.07 W, 87 %, 20333 MiB
2026/08/23 00:57:55.532, 348.73 W, 87 %, 20333 MiB
2026/08/23 00:57:56.548, 347.32 W, 89 %, 20333 MiB
2026/08/23 00:57:57.559, 346.15 W, 92 %, 20333 MiB
2026/08/23 00:57:58.571, 348.32 W, 96 %, 20333 MiB
2026/08/23 00:57:59.587, 347.33 W, 93 %, 20333 MiB
2026/08/23 00:58:00.598, 347.39 W, 95 %, 20333 MiB
2026/08/23 00:58:01.613, 348.08 W, 91 %, 20333 MiB
2026/08/23 00:58:02.629, 346.28 W, 93 %, 20333 MiB
2026/08/23 00:58:03.643, 347.98 W, 95 %, 20333 MiB
2026/08/23 00:58:04.656, 344.52 W, 88 %, 20333 MiB
2026/08/23 00:58:05.672, 348.49 W, 94 %, 20333 MiB
2026/08/23 00:58:06.687, 348.83 W, 94 %, 20333 MiB
2026/08/23 00:58:07.698, 346.90 W, 89 %, 20333 MiB
2026/08/23 00:58:08.709, 347.97 W, 89 %, 20333 MiB
2026/08/23 00:58:09.724, 348.02 W, 89 %, 20333 MiB
2026/08/23 00:58:10.740, 346.97 W, 94 %, 20333 MiB
2026/08/23 00:58:11.754, 347.30 W, 94 %, 20333 MiB
2026/08/23 00:58:12.767, 348.11 W, 92 %, 20333 MiB
2026/08/23 00:58:13.773, 345.97 W, 89 %, 20333 MiB
2026/08/23 00:58:14.788, 347.29 W, 86 %, 20333 MiB
2026/08/23 00:58:15.790, 345.74 W, 90 %, 20333 MiB
2026/08/23 00:58:16.802, 345.84 W, 90 %, 20333 MiB
2026/08/23 00:58:17.819, 346.17 W, 86 %, 20333 MiB
2026/08/23 00:58:18.820, 345.59 W, 94 %, 20333 MiB
2026/08/23 00:58:19.834, 342.25 W, 84 %, 20333 MiB
2026/08/23 00:58:20.841, 345.28 W, 86 %, 20333 MiB
2026/08/23 00:58:21.853, 344.94 W, 87 %, 20333 MiB
2026/08/23 00:58:22.866, 349.01 W, 94 %, 20333 MiB
2026/08/23 00:58:23.877, 347.24 W, 87 %, 20333 MiB
2026/08/23 00:58:24.887, 345.17 W, 88 %, 20333 MiB
2026/08/23 00:58:25.897, 347.03 W, 94 %, 20333 MiB
2026/08/23 00:58:26.899, 343.29 W, 89 %, 20333 MiB
2026/08/23 00:58:27.911, 345.14 W, 87 %, 20333 MiB
2026/08/23 00:58:28.923, 348.43 W, 90 %, 20333 MiB
2026/08/23 00:58:29.936, 347.33 W, 89 %, 20333 MiB
2026/08/23 00:58:30.945, 348.07 W, 85 %, 20333 MiB
2026/08/23 00:58:31.954, 349.26 W, 94 %, 20333 MiB
2026/08/23 00:58:32.969, 348.86 W, 90 %, 20333 MiB
2026/08/23 00:58:33.981, 347.84 W, 91 %, 20333 MiB
2026/08/23 00:58:34.996, 345.30 W, 88 %, 20333 MiB
2026/08/23 00:58:36.012, 347.33 W, 94 %, 20333 MiB
2026/08/23 00:58:37.021, 347.10 W, 93 %, 20333 MiB
2026/08/23 00:58:38.027, 347.51 W, 89 %, 20333 MiB
2026/08/23 00:58:39.043, 347.24 W, 94 %, 20333 MiB
2026/08/23 00:58:40.055, 348.74 W, 93 %, 20333 MiB
2026/08/23 00:58:41.068, 348.59 W, 89 %, 20333 MiB
2026/08/23 00:58:42.082, 349.23 W, 94 %, 20333 MiB
2026/08/23 00:58:43.097, 346.65 W, 93 %, 20333 MiB
2026/08/23 00:58:44.106, 346.92 W, 90 %, 20333 MiB
2026/08/23 00:58:45.120, 344.34 W, 94 %, 20333 MiB
2026/08/23 00:58:46.131, 346.49 W, 89 %, 20333 MiB
2026/08/23 00:58:47.139, 348.17 W, 94 %, 20333 MiB
2026/08/23 00:58:48.155, 347.35 W, 86 %, 20333 MiB
2026/08/23 00:58:49.168, 346.67 W, 89 %, 20333 MiB
2026/08/23 00:58:50.179, 273.77 W, 0 %, 433 MiB
2026/08/23 00:58:51.181, 168.70 W, 0 %, 433 MiB
2026/08/23 00:58:52.194, 125.98 W, 0 %, 433 MiB
2026/08/23 00:58:53.208, 91.79 W, 2 %, 433 MiB
2026/08/23 00:58:54.219, 90.34 W, 3 %, 433 MiB
2026/08/23 00:58:55.223, 89.64 W, 3 %, 433 MiB
2026/08/23 00:58:56.231, 75.21 W, 4 %, 433 MiB
2026/08/23 00:58:57.237, 41.44 W, 3 %, 433 MiB
2026/08/23 00:58:58.249, 37.18 W, 3 %, 433 MiB
2026/08/23 00:58:59.255, 33.42 W, 6 %, 433 MiB
2026/08/23 00:59:00.264, 32.47 W, 4 %, 433 MiB
2026/08/23 00:59:01.274, 32.88 W, 3 %, 433 MiB
2026/08/23 00:59:02.282, 32.60 W, 4 %, 433 MiB
2026/08/23 00:59:03.294, 32.58 W, 3 %, 433 MiB
2026/08/23 00:59:04.305, 51.28 W, 1 %, 659 MiB
2026/08/23 00:59:05.318, 127.97 W, 1 %, 659 MiB
2026/08/23 00:59:06.333, 132.17 W, 98 %, 13721 MiB
2026/08/23 00:59:07.345, 158.38 W, 18 %, 13721 MiB
2026/08/23 00:59:08.356, 153.99 W, 17 %, 13721 MiB
2026/08/23 00:59:09.369, 129.85 W, 18 %, 13721 MiB
2026/08/23 00:59:10.383, 130.11 W, 55 %, 20307 MiB
2026/08/23 00:59:11.393, 171.65 W, 0 %, 20307 MiB
2026/08/23 00:59:12.405, 146.88 W, 1 %, 20307 MiB
2026/08/23 00:59:13.413, 86.27 W, 2 %, 20307 MiB
2026/08/23 00:59:14.423, 71.13 W, 4 %, 20307 MiB
2026/08/23 00:59:15.435, 37.54 W, 3 %, 20307 MiB
2026/08/23 00:59:16.449, 34.53 W, 4 %, 20307 MiB
2026/08/23 00:59:17.462, 58.90 W, 97 %, 20319 MiB
2026/08/23 00:59:18.472, 337.10 W, 100 %, 20331 MiB
2026/08/23 00:59:19.482, 333.69 W, 83 %, 20331 MiB
2026/08/23 00:59:20.494, 343.68 W, 88 %, 20331 MiB
2026/08/23 00:59:21.505, 338.62 W, 81 %, 20331 MiB
2026/08/23 00:59:22.509, 343.43 W, 90 %, 20331 MiB
2026/08/23 00:59:23.520, 343.12 W, 90 %, 20331 MiB
2026/08/23 00:59:24.527, 337.96 W, 83 %, 20331 MiB
2026/08/23 00:59:25.535, 338.91 W, 84 %, 20331 MiB
2026/08/23 00:59:26.544, 339.35 W, 85 %, 20331 MiB
2026/08/23 00:59:27.557, 341.43 W, 88 %, 20331 MiB
2026/08/23 00:59:28.566, 344.19 W, 83 %, 20331 MiB
2026/08/23 00:59:29.582, 343.14 W, 83 %, 20331 MiB
2026/08/23 00:59:30.597, 344.43 W, 83 %, 20331 MiB
2026/08/23 00:59:31.611, 345.17 W, 87 %, 20331 MiB
2026/08/23 00:59:32.623, 343.14 W, 92 %, 20331 MiB
2026/08/23 00:59:33.635, 345.35 W, 87 %, 20331 MiB
2026/08/23 00:59:34.648, 343.14 W, 85 %, 20331 MiB
2026/08/23 00:59:35.664, 340.26 W, 85 %, 20331 MiB
2026/08/23 00:59:36.676, 340.83 W, 90 %, 20331 MiB
2026/08/23 00:59:37.686, 342.32 W, 86 %, 20331 MiB
2026/08/23 00:59:38.696, 343.21 W, 91 %, 20331 MiB
2026/08/23 00:59:39.710, 343.31 W, 83 %, 20331 MiB
2026/08/23 00:59:40.724, 342.81 W, 84 %, 20331 MiB
2026/08/23 00:59:41.737, 343.28 W, 89 %, 20331 MiB
2026/08/23 00:59:42.748, 343.64 W, 92 %, 20331 MiB
2026/08/23 00:59:43.762, 342.85 W, 83 %, 20331 MiB
2026/08/23 00:59:44.763, 345.95 W, 86 %, 20331 MiB
2026/08/23 00:59:45.777, 344.67 W, 88 %, 20331 MiB
2026/08/23 00:59:46.788, 342.79 W, 83 %, 20331 MiB
2026/08/23 00:59:47.803, 340.60 W, 90 %, 20331 MiB
2026/08/23 00:59:48.817, 343.35 W, 84 %, 20331 MiB
2026/08/23 00:59:49.832, 341.40 W, 82 %, 20331 MiB
2026/08/23 00:59:50.845, 342.08 W, 88 %, 20331 MiB
2026/08/23 00:59:51.861, 340.19 W, 82 %, 20331 MiB
2026/08/23 00:59:52.872, 341.28 W, 89 %, 20331 MiB
2026/08/23 00:59:53.884, 346.15 W, 89 %, 20331 MiB
2026/08/23 00:59:54.894, 344.58 W, 83 %, 20331 MiB
2026/08/23 00:59:55.910, 347.61 W, 88 %, 20331 MiB
2026/08/23 00:59:56.920, 346.39 W, 86 %, 20331 MiB
2026/08/23 00:59:57.931, 347.39 W, 97 %, 20331 MiB
2026/08/23 00:59:58.942, 345.33 W, 85 %, 20331 MiB
2026/08/23 00:59:59.956, 343.79 W, 85 %, 20331 MiB
2026/08/23 01:00:00.967, 344.72 W, 92 %, 20331 MiB
2026/08/23 01:00:01.969, 346.50 W, 85 %, 20331 MiB
2026/08/23 01:00:02.970, 344.43 W, 83 %, 20331 MiB
2026/08/23 01:00:03.983, 343.37 W, 89 %, 20331 MiB
2026/08/23 01:00:04.996, 345.66 W, 85 %, 20331 MiB
2026/08/23 01:00:06.005, 345.62 W, 87 %, 20331 MiB
2026/08/23 01:00:07.016, 345.43 W, 86 %, 20331 MiB
2026/08/23 01:00:08.028, 345.08 W, 87 %, 20331 MiB
2026/08/23 01:00:09.038, 345.86 W, 89 %, 20331 MiB
2026/08/23 01:00:10.048, 346.45 W, 93 %, 20331 MiB
2026/08/23 01:00:11.059, 345.03 W, 85 %, 20331 MiB
2026/08/23 01:00:12.070, 345.56 W, 86 %, 20331 MiB
2026/08/23 01:00:13.079, 343.65 W, 88 %, 20331 MiB
2026/08/23 01:00:14.087, 344.39 W, 84 %, 20331 MiB
2026/08/23 01:00:15.100, 345.20 W, 86 %, 20331 MiB
2026/08/23 01:00:16.113, 349.54 W, 94 %, 20331 MiB
2026/08/23 01:00:17.121, 345.04 W, 88 %, 20331 MiB
2026/08/23 01:00:18.134, 344.39 W, 89 %, 20331 MiB
2026/08/23 01:00:19.146, 343.45 W, 85 %, 20331 MiB
2026/08/23 01:00:20.162, 347.20 W, 89 %, 20331 MiB
2026/08/23 01:00:21.177, 345.90 W, 88 %, 20331 MiB
2026/08/23 01:00:22.188, 344.31 W, 85 %, 20331 MiB
2026/08/23 01:00:23.200, 343.95 W, 83 %, 20331 MiB
2026/08/23 01:00:24.203, 344.25 W, 85 %, 20331 MiB
2026/08/23 01:00:25.214, 347.17 W, 97 %, 20331 MiB
2026/08/23 01:00:26.226, 345.37 W, 88 %, 20331 MiB
2026/08/23 01:00:27.238, 346.68 W, 86 %, 20331 MiB
2026/08/23 01:00:28.251, 343.61 W, 87 %, 20331 MiB
2026/08/23 01:00:29.266, 346.37 W, 86 %, 20331 MiB
2026/08/23 01:00:30.277, 345.09 W, 87 %, 20331 MiB
2026/08/23 01:00:31.287, 347.98 W, 88 %, 20331 MiB
2026/08/23 01:00:32.301, 346.36 W, 90 %, 20331 MiB
2026/08/23 01:00:33.302, 347.13 W, 89 %, 20331 MiB
2026/08/23 01:00:34.314, 348.08 W, 95 %, 20331 MiB
2026/08/23 01:00:35.328, 342.11 W, 82 %, 20331 MiB
2026/08/23 01:00:36.331, 345.71 W, 88 %, 20331 MiB
2026/08/23 01:00:37.344, 345.92 W, 86 %, 20331 MiB
2026/08/23 01:00:38.346, 344.91 W, 85 %, 20331 MiB
2026/08/23 01:00:39.348, 344.86 W, 82 %, 20331 MiB
2026/08/23 01:00:40.361, 346.72 W, 87 %, 20331 MiB
2026/08/23 01:00:41.372, 344.15 W, 85 %, 20331 MiB
2026/08/23 01:00:42.384, 344.68 W, 87 %, 20331 MiB
2026/08/23 01:00:43.391, 344.70 W, 85 %, 20331 MiB
2026/08/23 01:00:44.407, 347.50 W, 88 %, 20331 MiB
2026/08/23 01:00:45.408, 346.90 W, 79 %, 20331 MiB
2026/08/23 01:00:46.410, 346.30 W, 84 %, 20331 MiB
2026/08/23 01:00:47.424, 347.44 W, 88 %, 20331 MiB
2026/08/23 01:00:48.435, 344.27 W, 89 %, 20331 MiB
2026/08/23 01:00:49.450, 343.85 W, 90 %, 20331 MiB
2026/08/23 01:00:50.463, 344.31 W, 83 %, 20331 MiB
2026/08/23 01:00:51.465, 345.58 W, 87 %, 20331 MiB
2026/08/23 01:00:52.480, 346.44 W, 88 %, 20331 MiB
2026/08/23 01:00:53.494, 348.38 W, 93 %, 20331 MiB
2026/08/23 01:00:54.507, 345.15 W, 89 %, 20331 MiB
2026/08/23 01:00:55.516, 344.40 W, 89 %, 20331 MiB
2026/08/23 01:00:56.525, 345.63 W, 83 %, 20331 MiB
2026/08/23 01:00:57.540, 346.62 W, 86 %, 20331 MiB
2026/08/23 01:00:58.553, 345.45 W, 86 %, 20331 MiB
2026/08/23 01:00:59.565, 342.05 W, 86 %, 20331 MiB
2026/08/23 01:01:00.569, 342.81 W, 86 %, 20331 MiB
2026/08/23 01:01:01.579, 344.34 W, 84 %, 20331 MiB
2026/08/23 01:01:02.590, 343.92 W, 84 %, 20331 MiB
2026/08/23 01:01:03.604, 347.86 W, 84 %, 20331 MiB
2026/08/23 01:01:04.618, 344.68 W, 90 %, 20331 MiB
2026/08/23 01:01:05.621, 346.22 W, 89 %, 20331 MiB
2026/08/23 01:01:06.634, 346.74 W, 91 %, 20331 MiB
2026/08/23 01:01:07.648, 347.82 W, 87 %, 20331 MiB
2026/08/23 01:01:08.660, 346.35 W, 81 %, 20331 MiB
2026/08/23 01:01:09.672, 343.12 W, 85 %, 20331 MiB
2026/08/23 01:01:10.678, 345.86 W, 85 %, 20331 MiB
2026/08/23 01:01:11.692, 345.12 W, 84 %, 20331 MiB
2026/08/23 01:01:12.703, 346.10 W, 89 %, 20331 MiB
2026/08/23 01:01:13.717, 346.58 W, 86 %, 20331 MiB
2026/08/23 01:01:14.727, 343.78 W, 85 %, 20331 MiB
2026/08/23 01:01:15.743, 345.42 W, 88 %, 20331 MiB
2026/08/23 01:01:16.757, 346.27 W, 83 %, 20331 MiB
2026/08/23 01:01:17.770, 342.75 W, 83 %, 20331 MiB
2026/08/23 01:01:18.784, 347.48 W, 93 %, 20331 MiB
2026/08/23 01:01:19.796, 346.67 W, 89 %, 20331 MiB
2026/08/23 01:01:20.807, 347.13 W, 88 %, 20331 MiB
2026/08/23 01:01:21.821, 345.79 W, 89 %, 20331 MiB
2026/08/23 01:01:22.834, 347.82 W, 91 %, 20331 MiB
2026/08/23 01:01:23.848, 342.57 W, 80 %, 20331 MiB
2026/08/23 01:01:24.861, 347.95 W, 87 %, 20331 MiB
2026/08/23 01:01:25.871, 345.73 W, 86 %, 20331 MiB
2026/08/23 01:01:26.885, 346.18 W, 82 %, 20331 MiB
2026/08/23 01:01:27.895, 342.61 W, 82 %, 20331 MiB
2026/08/23 01:01:28.910, 344.19 W, 86 %, 20331 MiB
2026/08/23 01:01:29.912, 347.84 W, 87 %, 20331 MiB
2026/08/23 01:01:30.927, 345.40 W, 86 %, 20331 MiB
2026/08/23 01:01:31.942, 343.09 W, 88 %, 20331 MiB
2026/08/23 01:01:32.953, 346.91 W, 85 %, 20331 MiB
2026/08/23 01:01:33.966, 346.05 W, 89 %, 20331 MiB
2026/08/23 01:01:34.980, 346.40 W, 88 %, 20331 MiB
2026/08/23 01:01:35.992, 344.32 W, 89 %, 20331 MiB
2026/08/23 01:01:37.005, 346.34 W, 92 %, 20331 MiB
2026/08/23 01:01:38.020, 345.62 W, 93 %, 20331 MiB
2026/08/23 01:01:39.031, 347.91 W, 94 %, 20331 MiB
2026/08/23 01:01:40.033, 345.14 W, 90 %, 20331 MiB
2026/08/23 01:01:41.046, 345.48 W, 85 %, 20331 MiB
2026/08/23 01:01:42.050, 345.26 W, 93 %, 20331 MiB
2026/08/23 01:01:43.061, 345.69 W, 89 %, 20331 MiB
2026/08/23 01:01:44.068, 347.61 W, 88 %, 20331 MiB
2026/08/23 01:01:45.084, 347.73 W, 93 %, 20331 MiB
2026/08/23 01:01:46.098, 348.83 W, 93 %, 20331 MiB
2026/08/23 01:01:47.110, 346.18 W, 89 %, 20331 MiB
2026/08/23 01:01:48.112, 346.01 W, 87 %, 20331 MiB
2026/08/23 01:01:49.125, 346.70 W, 89 %, 20331 MiB
2026/08/23 01:01:50.139, 345.44 W, 85 %, 20331 MiB
2026/08/23 01:01:51.151, 342.70 W, 87 %, 20331 MiB
2026/08/23 01:01:52.154, 348.11 W, 89 %, 20331 MiB
2026/08/23 01:01:53.166, 345.54 W, 87 %, 20331 MiB
2026/08/23 01:01:54.179, 347.54 W, 92 %, 20331 MiB
2026/08/23 01:01:55.181, 346.54 W, 85 %, 20331 MiB
2026/08/23 01:01:56.197, 347.54 W, 88 %, 20331 MiB
2026/08/23 01:01:57.209, 345.17 W, 87 %, 20331 MiB
2026/08/23 01:01:58.223, 347.75 W, 87 %, 20331 MiB
2026/08/23 01:01:59.238, 343.65 W, 85 %, 20331 MiB
2026/08/23 01:02:00.248, 346.04 W, 91 %, 20331 MiB
2026/08/23 01:02:01.262, 348.08 W, 88 %, 20331 MiB
2026/08/23 01:02:02.264, 347.84 W, 87 %, 20331 MiB
2026/08/23 01:02:03.276, 346.02 W, 88 %, 20331 MiB
2026/08/23 01:02:04.286, 348.73 W, 95 %, 20331 MiB
2026/08/23 01:02:05.299, 345.73 W, 86 %, 20331 MiB
2026/08/23 01:02:06.312, 347.21 W, 89 %, 20331 MiB
2026/08/23 01:02:07.326, 346.73 W, 94 %, 20331 MiB
2026/08/23 01:02:08.328, 347.26 W, 87 %, 20331 MiB
2026/08/23 01:02:09.338, 346.86 W, 83 %, 20331 MiB
2026/08/23 01:02:10.349, 344.31 W, 88 %, 20331 MiB
2026/08/23 01:02:11.359, 348.25 W, 94 %, 20331 MiB
2026/08/23 01:02:12.375, 347.98 W, 90 %, 20331 MiB
2026/08/23 01:02:13.388, 344.71 W, 85 %, 20331 MiB
2026/08/23 01:02:14.400, 348.21 W, 91 %, 20331 MiB
2026/08/23 01:02:15.402, 347.73 W, 93 %, 20331 MiB
2026/08/23 01:02:16.415, 347.33 W, 82 %, 20331 MiB
2026/08/23 01:02:17.424, 346.85 W, 93 %, 20331 MiB
2026/08/23 01:02:18.430, 348.02 W, 94 %, 20331 MiB
2026/08/23 01:02:19.442, 344.16 W, 92 %, 20331 MiB
2026/08/23 01:02:20.456, 346.02 W, 88 %, 20331 MiB
2026/08/23 01:02:21.469, 349.62 W, 94 %, 20331 MiB
2026/08/23 01:02:22.483, 346.84 W, 87 %, 20331 MiB
2026/08/23 01:02:23.495, 346.57 W, 87 %, 20331 MiB
2026/08/23 01:02:24.509, 347.11 W, 87 %, 20331 MiB
2026/08/23 01:02:25.521, 347.86 W, 84 %, 20331 MiB
2026/08/23 01:02:26.535, 346.04 W, 84 %, 20331 MiB
2026/08/23 01:02:27.552, 347.66 W, 88 %, 20331 MiB
2026/08/23 01:02:28.555, 346.81 W, 93 %, 20331 MiB
2026/08/23 01:02:29.568, 345.62 W, 86 %, 20331 MiB
2026/08/23 01:02:30.581, 348.25 W, 88 %, 20331 MiB
2026/08/23 01:02:31.594, 347.29 W, 92 %, 20331 MiB
2026/08/23 01:02:32.609, 347.89 W, 94 %, 20331 MiB
2026/08/23 01:02:33.623, 344.07 W, 88 %, 20331 MiB
2026/08/23 01:02:34.635, 348.08 W, 90 %, 20331 MiB
2026/08/23 01:02:35.647, 345.96 W, 88 %, 20331 MiB
2026/08/23 01:02:36.656, 346.21 W, 90 %, 20331 MiB
2026/08/23 01:02:37.671, 346.12 W, 89 %, 20331 MiB
2026/08/23 01:02:38.686, 347.08 W, 85 %, 20331 MiB
2026/08/23 01:02:39.701, 347.60 W, 93 %, 20331 MiB
2026/08/23 01:02:40.706, 346.97 W, 86 %, 20331 MiB
2026/08/23 01:02:41.718, 346.86 W, 88 %, 20331 MiB
2026/08/23 01:02:42.733, 344.86 W, 91 %, 20331 MiB
2026/08/23 01:02:43.735, 347.24 W, 94 %, 20331 MiB
2026/08/23 01:02:44.736, 344.51 W, 93 %, 20331 MiB
2026/08/23 01:02:45.748, 344.71 W, 88 %, 20331 MiB
2026/08/23 01:02:46.757, 345.41 W, 90 %, 20331 MiB
2026/08/23 01:02:47.769, 347.76 W, 86 %, 20331 MiB
2026/08/23 01:02:48.782, 347.48 W, 88 %, 20331 MiB
2026/08/23 01:02:49.794, 348.77 W, 93 %, 20331 MiB
2026/08/23 01:02:50.808, 348.75 W, 93 %, 20331 MiB
2026/08/23 01:02:51.817, 348.79 W, 94 %, 20331 MiB
2026/08/23 01:02:52.830, 345.74 W, 86 %, 20331 MiB
2026/08/23 01:02:53.832, 347.57 W, 86 %, 20331 MiB
2026/08/23 01:02:54.847, 347.91 W, 93 %, 20331 MiB
2026/08/23 01:02:55.858, 347.42 W, 86 %, 20331 MiB
2026/08/23 01:02:56.872, 348.40 W, 88 %, 20331 MiB
2026/08/23 01:02:57.887, 347.95 W, 90 %, 20331 MiB
2026/08/23 01:02:58.900, 345.58 W, 87 %, 20331 MiB
2026/08/23 01:02:59.902, 344.74 W, 90 %, 20331 MiB
2026/08/23 01:03:00.908, 344.90 W, 85 %, 20331 MiB
2026/08/23 01:03:01.915, 345.38 W, 81 %, 20331 MiB
2026/08/23 01:03:02.929, 344.33 W, 89 %, 20331 MiB
2026/08/23 01:03:03.943, 344.71 W, 88 %, 20331 MiB
2026/08/23 01:03:04.959, 346.53 W, 92 %, 20331 MiB
2026/08/23 01:03:05.968, 347.08 W, 90 %, 20331 MiB
2026/08/23 01:03:06.982, 348.52 W, 95 %, 20331 MiB
2026/08/23 01:03:07.995, 344.88 W, 83 %, 20331 MiB
2026/08/23 01:03:09.010, 345.63 W, 82 %, 20331 MiB
2026/08/23 01:03:10.020, 346.91 W, 97 %, 20331 MiB
2026/08/23 01:03:11.032, 346.80 W, 91 %, 20331 MiB
2026/08/23 01:03:12.041, 346.08 W, 89 %, 20331 MiB
2026/08/23 01:03:13.050, 343.97 W, 89 %, 20331 MiB
2026/08/23 01:03:14.056, 346.67 W, 87 %, 20331 MiB
2026/08/23 01:03:15.072, 346.36 W, 87 %, 20331 MiB
2026/08/23 01:03:16.081, 346.51 W, 88 %, 20331 MiB
2026/08/23 01:03:17.094, 346.64 W, 89 %, 20331 MiB
2026/08/23 01:03:18.097, 346.77 W, 92 %, 20331 MiB
2026/08/23 01:03:19.107, 348.33 W, 93 %, 20331 MiB
2026/08/23 01:03:20.108, 347.68 W, 94 %, 20331 MiB
2026/08/23 01:03:21.117, 346.31 W, 88 %, 20331 MiB
2026/08/23 01:03:22.129, 346.83 W, 88 %, 20331 MiB
2026/08/23 01:03:23.146, 345.80 W, 89 %, 20331 MiB
2026/08/23 01:03:24.153, 342.42 W, 82 %, 20331 MiB
2026/08/23 01:03:25.163, 346.98 W, 88 %, 20331 MiB
2026/08/23 01:03:26.179, 345.24 W, 86 %, 20331 MiB
2026/08/23 01:03:27.192, 347.29 W, 87 %, 20331 MiB
2026/08/23 01:03:28.206, 348.20 W, 87 %, 20331 MiB
2026/08/23 01:03:29.215, 347.08 W, 88 %, 20331 MiB
2026/08/23 01:03:30.228, 348.04 W, 87 %, 20331 MiB
2026/08/23 01:03:31.239, 344.54 W, 85 %, 20331 MiB
2026/08/23 01:03:32.251, 347.57 W, 94 %, 20331 MiB
2026/08/23 01:03:33.254, 346.23 W, 86 %, 20331 MiB
2026/08/23 01:03:34.267, 345.20 W, 85 %, 20331 MiB
2026/08/23 01:03:35.280, 348.04 W, 93 %, 20331 MiB
2026/08/23 01:03:36.297, 345.90 W, 89 %, 20331 MiB
2026/08/23 01:03:37.310, 347.18 W, 88 %, 20331 MiB
2026/08/23 01:03:38.324, 347.34 W, 89 %, 20331 MiB
2026/08/23 01:03:39.339, 345.91 W, 87 %, 20331 MiB
2026/08/23 01:03:40.354, 348.27 W, 87 %, 20331 MiB
2026/08/23 01:03:41.368, 349.23 W, 94 %, 20331 MiB
2026/08/23 01:03:42.370, 345.95 W, 91 %, 20331 MiB
2026/08/23 01:03:43.384, 346.05 W, 91 %, 20331 MiB
2026/08/23 01:03:44.391, 346.90 W, 95 %, 20331 MiB
2026/08/23 01:03:45.401, 348.02 W, 86 %, 20331 MiB
2026/08/23 01:03:46.414, 348.02 W, 89 %, 20331 MiB
2026/08/23 01:03:47.417, 347.93 W, 89 %, 20331 MiB
2026/08/23 01:03:48.429, 348.18 W, 86 %, 20331 MiB
2026/08/23 01:03:49.442, 345.49 W, 87 %, 20331 MiB
2026/08/23 01:03:50.449, 345.66 W, 89 %, 20331 MiB
2026/08/23 01:03:51.462, 348.83 W, 94 %, 20331 MiB
2026/08/23 01:03:52.479, 343.38 W, 90 %, 20331 MiB
2026/08/23 01:03:53.492, 345.76 W, 88 %, 20331 MiB
2026/08/23 01:03:54.500, 346.48 W, 88 %, 20331 MiB
2026/08/23 01:03:55.511, 346.64 W, 89 %, 20331 MiB
2026/08/23 01:03:56.526, 346.40 W, 83 %, 20331 MiB
2026/08/23 01:03:57.540, 347.55 W, 86 %, 20331 MiB
2026/08/23 01:03:58.547, 346.06 W, 87 %, 20331 MiB
2026/08/23 01:03:59.556, 346.41 W, 88 %, 20331 MiB
2026/08/23 01:04:00.564, 345.06 W, 88 %, 20331 MiB
2026/08/23 01:04:01.576, 344.73 W, 89 %, 20331 MiB
2026/08/23 01:04:02.591, 347.00 W, 89 %, 20331 MiB
2026/08/23 01:04:03.603, 348.00 W, 85 %, 20331 MiB
2026/08/23 01:04:04.617, 344.21 W, 87 %, 20331 MiB
2026/08/23 01:04:05.629, 348.80 W, 85 %, 20331 MiB
2026/08/23 01:04:06.631, 347.46 W, 85 %, 20331 MiB
2026/08/23 01:04:07.646, 346.25 W, 89 %, 20331 MiB
2026/08/23 01:04:08.658, 345.05 W, 94 %, 20331 MiB
2026/08/23 01:04:09.672, 342.93 W, 94 %, 20331 MiB
2026/08/23 01:04:10.674, 345.59 W, 87 %, 20331 MiB
2026/08/23 01:04:11.690, 347.11 W, 87 %, 20331 MiB
2026/08/23 01:04:12.702, 347.30 W, 91 %, 20331 MiB
2026/08/23 01:04:13.717, 346.49 W, 87 %, 20331 MiB
2026/08/23 01:04:14.725, 348.71 W, 87 %, 20331 MiB
2026/08/23 01:04:15.740, 346.72 W, 85 %, 20331 MiB
2026/08/23 01:04:16.754, 348.70 W, 93 %, 20331 MiB
2026/08/23 01:04:17.771, 345.63 W, 89 %, 20331 MiB
2026/08/23 01:04:18.787, 347.89 W, 89 %, 20331 MiB
2026/08/23 01:04:19.797, 346.39 W, 87 %, 20331 MiB
2026/08/23 01:04:20.808, 344.62 W, 85 %, 20331 MiB
2026/08/23 01:04:21.816, 347.82 W, 93 %, 20331 MiB
2026/08/23 01:04:22.832, 346.33 W, 95 %, 20331 MiB
2026/08/23 01:04:23.845, 344.96 W, 88 %, 20331 MiB
2026/08/23 01:04:24.852, 347.25 W, 87 %, 20331 MiB
2026/08/23 01:04:25.866, 345.13 W, 94 %, 20331 MiB
2026/08/23 01:04:26.881, 349.12 W, 94 %, 20331 MiB
2026/08/23 01:04:27.894, 346.80 W, 89 %, 20331 MiB
2026/08/23 01:04:28.907, 347.61 W, 91 %, 20331 MiB
2026/08/23 01:04:29.915, 346.59 W, 87 %, 20331 MiB
2026/08/23 01:04:30.928, 347.07 W, 94 %, 20331 MiB
2026/08/23 01:04:31.933, 346.64 W, 88 %, 20331 MiB
2026/08/23 01:04:32.941, 346.86 W, 86 %, 20331 MiB
2026/08/23 01:04:33.950, 347.25 W, 86 %, 20331 MiB
2026/08/23 01:04:34.963, 341.73 W, 86 %, 20331 MiB
2026/08/23 01:04:35.976, 346.23 W, 93 %, 20331 MiB
2026/08/23 01:04:36.982, 347.14 W, 88 %, 20331 MiB
2026/08/23 01:04:38.006, 348.14 W, 93 %, 20331 MiB
2026/08/23 01:04:39.014, 346.98 W, 92 %, 20331 MiB
2026/08/23 01:04:40.024, 348.14 W, 88 %, 20331 MiB
2026/08/23 01:04:41.041, 346.32 W, 93 %, 20331 MiB
2026/08/23 01:04:42.052, 348.49 W, 94 %, 20331 MiB
2026/08/23 01:04:43.067, 345.55 W, 94 %, 20331 MiB
2026/08/23 01:04:44.069, 348.30 W, 84 %, 20331 MiB
2026/08/23 01:04:45.081, 345.03 W, 90 %, 20331 MiB
2026/08/23 01:04:46.097, 348.15 W, 90 %, 20331 MiB
2026/08/23 01:04:47.109, 347.48 W, 93 %, 20331 MiB
2026/08/23 01:04:48.114, 348.86 W, 93 %, 20331 MiB
2026/08/23 01:04:49.129, 345.06 W, 89 %, 20331 MiB
2026/08/23 01:04:50.141, 348.09 W, 87 %, 20331 MiB
2026/08/23 01:04:51.153, 347.68 W, 87 %, 20331 MiB
2026/08/23 01:04:52.164, 348.85 W, 95 %, 20331 MiB
2026/08/23 01:04:53.180, 346.66 W, 88 %, 20331 MiB
2026/08/23 01:04:54.187, 345.96 W, 92 %, 20331 MiB
2026/08/23 01:04:55.201, 346.23 W, 92 %, 20331 MiB
2026/08/23 01:04:56.214, 347.12 W, 90 %, 20331 MiB
2026/08/23 01:04:57.226, 344.42 W, 89 %, 20331 MiB
2026/08/23 01:04:58.237, 347.00 W, 88 %, 20331 MiB
2026/08/23 01:04:59.253, 347.99 W, 94 %, 20331 MiB
2026/08/23 01:05:00.268, 348.55 W, 93 %, 20331 MiB
2026/08/23 01:05:01.282, 347.17 W, 93 %, 20331 MiB
2026/08/23 01:05:02.291, 346.19 W, 85 %, 20331 MiB
2026/08/23 01:05:03.302, 345.05 W, 90 %, 20331 MiB
2026/08/23 01:05:04.319, 345.82 W, 88 %, 20331 MiB
2026/08/23 01:05:05.330, 347.53 W, 92 %, 20331 MiB
2026/08/23 01:05:06.335, 348.08 W, 94 %, 20331 MiB
2026/08/23 01:05:07.351, 347.32 W, 86 %, 20331 MiB
2026/08/23 01:05:08.360, 343.90 W, 85 %, 20331 MiB
2026/08/23 01:05:09.373, 345.80 W, 91 %, 20331 MiB
2026/08/23 01:05:10.388, 347.82 W, 97 %, 20331 MiB
2026/08/23 01:05:11.401, 346.58 W, 91 %, 20331 MiB
2026/08/23 01:05:12.416, 345.02 W, 85 %, 20331 MiB
2026/08/23 01:05:13.428, 346.90 W, 87 %, 20331 MiB
2026/08/23 01:05:14.444, 346.78 W, 86 %, 20331 MiB
2026/08/23 01:05:15.459, 347.22 W, 90 %, 20331 MiB
2026/08/23 01:05:16.470, 346.97 W, 88 %, 20331 MiB
2026/08/23 01:05:17.471, 348.69 W, 95 %, 20331 MiB
2026/08/23 01:05:18.487, 346.78 W, 85 %, 20331 MiB
2026/08/23 01:05:19.495, 346.72 W, 91 %, 20331 MiB
2026/08/23 01:05:20.498, 349.05 W, 95 %, 20331 MiB
2026/08/23 01:05:21.512, 347.53 W, 86 %, 20331 MiB
2026/08/23 01:05:22.520, 347.50 W, 90 %, 20331 MiB
2026/08/23 01:05:23.536, 346.99 W, 88 %, 20331 MiB
2026/08/23 01:05:24.545, 348.00 W, 94 %, 20331 MiB
2026/08/23 01:05:25.555, 344.02 W, 90 %, 20331 MiB
2026/08/23 01:05:26.568, 345.95 W, 94 %, 20331 MiB
2026/08/23 01:05:27.582, 347.91 W, 93 %, 20331 MiB
2026/08/23 01:05:28.584, 347.52 W, 90 %, 20331 MiB
2026/08/23 01:05:29.590, 348.82 W, 94 %, 20331 MiB
2026/08/23 01:05:30.597, 347.47 W, 94 %, 20331 MiB
2026/08/23 01:05:31.601, 346.82 W, 94 %, 20331 MiB
2026/08/23 01:05:32.613, 347.76 W, 93 %, 433 MiB
2026/08/23 01:05:33.616, 242.42 W, 1 %, 433 MiB
2026/08/23 01:05:34.626, 170.24 W, 1 %, 433 MiB
2026/08/23 01:05:35.637, 119.92 W, 2 %, 433 MiB
2026/08/23 01:05:36.652, 91.62 W, 3 %, 433 MiB
2026/08/23 01:05:37.661, 43.37 W, 5 %, 433 MiB
2026/08/23 01:05:38.671, 40.39 W, 4 %, 433 MiB
2026/08/23 01:05:39.684, 35.12 W, 7 %, 433 MiB
2026/08/23 01:05:40.695, 34.71 W, 5 %, 433 MiB
2026/08/23 01:05:41.710, 33.61 W, 3 %, 433 MiB
2026/08/23 01:05:42.722, 33.37 W, 5 %, 433 MiB
2026/08/23 01:05:43.734, 33.12 W, 4 %, 433 MiB
2026/08/23 01:05:44.746, 33.34 W, 4 %, 433 MiB
2026/08/23 01:05:45.757, 33.26 W, 5 %, 433 MiB
2026/08/23 01:05:46.769, 33.69 W, 7 %, 659 MiB
2026/08/23 01:05:47.778, 117.38 W, 1 %, 659 MiB
2026/08/23 01:05:48.790, 128.27 W, 1 %, 6099 MiB
2026/08/23 01:05:49.796, 153.49 W, 17 %, 13721 MiB
2026/08/23 01:05:50.798, 159.28 W, 18 %, 13721 MiB
2026/08/23 01:05:51.811, 138.63 W, 18 %, 13721 MiB
2026/08/23 01:05:52.824, 130.41 W, 42 %, 19577 MiB
2026/08/23 01:05:53.835, 166.76 W, 1 %, 20307 MiB
2026/08/23 01:05:54.848, 155.01 W, 0 %, 20307 MiB
2026/08/23 01:05:55.855, 105.73 W, 1 %, 20307 MiB
2026/08/23 01:05:56.860, 84.57 W, 2 %, 20307 MiB
2026/08/23 01:05:57.870, 48.48 W, 3 %, 20307 MiB
2026/08/23 01:05:58.885, 37.87 W, 3 %, 20307 MiB
2026/08/23 01:05:59.891, 33.51 W, 13 %, 20329 MiB
2026/08/23 01:06:00.905, 253.15 W, 100 %, 20331 MiB
2026/08/23 01:06:01.920, 329.44 W, 85 %, 20333 MiB
2026/08/23 01:06:02.927, 342.84 W, 89 %, 20333 MiB
2026/08/23 01:06:03.944, 343.23 W, 94 %, 20333 MiB
2026/08/23 01:06:04.956, 342.80 W, 83 %, 20333 MiB
2026/08/23 01:06:05.970, 342.87 W, 86 %, 20333 MiB
2026/08/23 01:06:06.978, 342.80 W, 85 %, 20333 MiB
2026/08/23 01:06:07.990, 343.48 W, 85 %, 20333 MiB
2026/08/23 01:06:09.001, 340.94 W, 85 %, 20333 MiB
2026/08/23 01:06:10.018, 340.53 W, 89 %, 20333 MiB
2026/08/23 01:06:11.026, 344.37 W, 96 %, 20333 MiB
2026/08/23 01:06:12.037, 347.88 W, 85 %, 20333 MiB
2026/08/23 01:06:13.051, 343.11 W, 86 %, 20333 MiB
2026/08/23 01:06:14.062, 343.28 W, 86 %, 20333 MiB
2026/08/23 01:06:15.077, 349.01 W, 95 %, 20333 MiB
2026/08/23 01:06:16.092, 344.27 W, 85 %, 20333 MiB
2026/08/23 01:06:17.095, 342.03 W, 90 %, 20333 MiB
2026/08/23 01:06:18.108, 346.65 W, 86 %, 20333 MiB
2026/08/23 01:06:19.118, 342.86 W, 85 %, 20333 MiB
2026/08/23 01:06:20.130, 345.77 W, 89 %, 20333 MiB
2026/08/23 01:06:21.132, 344.29 W, 89 %, 20333 MiB
2026/08/23 01:06:22.141, 340.37 W, 85 %, 20333 MiB
2026/08/23 01:06:23.148, 343.15 W, 85 %, 20333 MiB
2026/08/23 01:06:24.155, 343.58 W, 80 %, 20333 MiB
2026/08/23 01:06:25.170, 341.91 W, 89 %, 20333 MiB
2026/08/23 01:06:26.184, 341.32 W, 97 %, 20333 MiB
2026/08/23 01:06:27.197, 342.97 W, 83 %, 20333 MiB
2026/08/23 01:06:28.210, 343.02 W, 84 %, 20333 MiB
2026/08/23 01:06:29.222, 340.72 W, 86 %, 20333 MiB
2026/08/23 01:06:30.236, 343.25 W, 88 %, 20333 MiB
2026/08/23 01:06:31.251, 340.02 W, 89 %, 20333 MiB
2026/08/23 01:06:32.266, 342.84 W, 85 %, 20333 MiB
2026/08/23 01:06:33.275, 341.66 W, 88 %, 20333 MiB
2026/08/23 01:06:34.287, 340.00 W, 86 %, 20333 MiB
2026/08/23 01:06:35.298, 342.55 W, 83 %, 20333 MiB
2026/08/23 01:06:36.314, 343.48 W, 89 %, 20333 MiB
2026/08/23 01:06:37.330, 345.11 W, 86 %, 20333 MiB
2026/08/23 01:06:38.347, 343.69 W, 90 %, 20333 MiB
2026/08/23 01:06:39.359, 343.23 W, 88 %, 20333 MiB
2026/08/23 01:06:40.372, 344.83 W, 89 %, 20333 MiB
2026/08/23 01:06:41.387, 344.65 W, 88 %, 20333 MiB
2026/08/23 01:06:42.395, 345.89 W, 94 %, 20333 MiB
2026/08/23 01:06:43.399, 346.52 W, 93 %, 20333 MiB
2026/08/23 01:06:44.409, 342.53 W, 79 %, 20333 MiB
2026/08/23 01:06:45.423, 342.72 W, 84 %, 20333 MiB
2026/08/23 01:06:46.434, 343.38 W, 89 %, 20333 MiB
2026/08/23 01:06:47.435, 346.18 W, 90 %, 20333 MiB
2026/08/23 01:06:48.437, 346.92 W, 85 %, 20333 MiB
2026/08/23 01:06:49.450, 345.78 W, 82 %, 20333 MiB
2026/08/23 01:06:50.458, 343.64 W, 79 %, 20333 MiB
2026/08/23 01:06:51.475, 344.08 W, 93 %, 20333 MiB
2026/08/23 01:06:52.479, 348.18 W, 87 %, 20333 MiB
2026/08/23 01:06:53.494, 346.86 W, 88 %, 20333 MiB
2026/08/23 01:06:54.507, 341.31 W, 89 %, 20333 MiB
2026/08/23 01:06:55.521, 345.18 W, 78 %, 20333 MiB
2026/08/23 01:06:56.525, 346.01 W, 83 %, 20333 MiB
2026/08/23 01:06:57.539, 342.03 W, 87 %, 20333 MiB
2026/08/23 01:06:58.550, 343.47 W, 83 %, 20333 MiB
2026/08/23 01:06:59.563, 344.55 W, 83 %, 20333 MiB
2026/08/23 01:07:00.577, 343.78 W, 83 %, 20333 MiB
2026/08/23 01:07:01.594, 344.25 W, 91 %, 20333 MiB
2026/08/23 01:07:02.607, 339.89 W, 79 %, 20333 MiB
2026/08/23 01:07:03.608, 340.91 W, 79 %, 20333 MiB
2026/08/23 01:07:04.610, 344.91 W, 91 %, 20333 MiB
2026/08/23 01:07:05.615, 349.41 W, 90 %, 20333 MiB
2026/08/23 01:07:06.630, 348.31 W, 94 %, 20333 MiB
2026/08/23 01:07:07.643, 347.08 W, 93 %, 20333 MiB
2026/08/23 01:07:08.654, 342.83 W, 84 %, 20333 MiB
2026/08/23 01:07:09.657, 345.50 W, 85 %, 20333 MiB
2026/08/23 01:07:10.671, 347.42 W, 96 %, 20333 MiB
2026/08/23 01:07:11.682, 342.94 W, 85 %, 20333 MiB
2026/08/23 01:07:12.692, 346.02 W, 88 %, 20333 MiB
2026/08/23 01:07:13.695, 341.81 W, 88 %, 20333 MiB
2026/08/23 01:07:14.709, 345.28 W, 89 %, 20333 MiB
2026/08/23 01:07:15.712, 344.14 W, 87 %, 20333 MiB
2026/08/23 01:07:16.728, 339.87 W, 82 %, 20333 MiB
2026/08/23 01:07:17.740, 344.02 W, 87 %, 20333 MiB
2026/08/23 01:07:18.752, 343.59 W, 84 %, 20333 MiB
2026/08/23 01:07:19.764, 342.79 W, 89 %, 20333 MiB
2026/08/23 01:07:20.778, 342.12 W, 82 %, 20333 MiB
2026/08/23 01:07:21.793, 341.88 W, 82 %, 20333 MiB
2026/08/23 01:07:22.805, 341.15 W, 88 %, 20333 MiB
2026/08/23 01:07:23.820, 343.23 W, 82 %, 20333 MiB
2026/08/23 01:07:24.834, 344.97 W, 85 %, 20333 MiB
2026/08/23 01:07:25.840, 347.99 W, 89 %, 20333 MiB
2026/08/23 01:07:26.850, 344.86 W, 84 %, 20333 MiB
2026/08/23 01:07:27.862, 344.02 W, 87 %, 20333 MiB
2026/08/23 01:07:28.878, 345.07 W, 94 %, 20333 MiB
2026/08/23 01:07:29.890, 348.37 W, 86 %, 20333 MiB
2026/08/23 01:07:30.901, 345.53 W, 82 %, 20333 MiB
2026/08/23 01:07:31.902, 347.04 W, 95 %, 20333 MiB
2026/08/23 01:07:32.916, 346.04 W, 94 %, 20333 MiB
2026/08/23 01:07:33.928, 343.57 W, 88 %, 20333 MiB
2026/08/23 01:07:34.940, 343.50 W, 85 %, 20333 MiB
2026/08/23 01:07:35.950, 345.39 W, 85 %, 20333 MiB
2026/08/23 01:07:36.964, 345.91 W, 84 %, 20333 MiB
2026/08/23 01:07:37.978, 346.79 W, 87 %, 20333 MiB
2026/08/23 01:07:38.994, 345.65 W, 86 %, 20333 MiB
2026/08/23 01:07:40.005, 345.75 W, 86 %, 20333 MiB
2026/08/23 01:07:41.021, 346.15 W, 96 %, 20333 MiB
2026/08/23 01:07:42.033, 345.90 W, 82 %, 20333 MiB
2026/08/23 01:07:43.044, 345.23 W, 80 %, 20333 MiB
2026/08/23 01:07:44.054, 344.33 W, 82 %, 20333 MiB
2026/08/23 01:07:45.067, 344.19 W, 85 %, 20333 MiB
2026/08/23 01:07:46.079, 344.12 W, 86 %, 20333 MiB
2026/08/23 01:07:47.089, 338.87 W, 85 %, 20333 MiB
2026/08/23 01:07:48.102, 342.39 W, 84 %, 20333 MiB
2026/08/23 01:07:49.112, 342.12 W, 95 %, 20333 MiB
2026/08/23 01:07:50.125, 340.09 W, 90 %, 20333 MiB
2026/08/23 01:07:51.139, 341.31 W, 83 %, 20333 MiB
2026/08/23 01:07:52.153, 343.80 W, 93 %, 20333 MiB
2026/08/23 01:07:53.165, 343.12 W, 85 %, 20333 MiB
2026/08/23 01:07:54.177, 345.31 W, 88 %, 20333 MiB
2026/08/23 01:07:55.189, 347.60 W, 90 %, 20333 MiB
2026/08/23 01:07:56.201, 345.58 W, 89 %, 20333 MiB
2026/08/23 01:07:57.207, 345.96 W, 86 %, 20333 MiB
2026/08/23 01:07:58.219, 343.56 W, 84 %, 20333 MiB
2026/08/23 01:07:59.231, 345.78 W, 90 %, 20333 MiB
2026/08/23 01:08:00.234, 345.48 W, 84 %, 20333 MiB
2026/08/23 01:08:01.247, 343.36 W, 84 %, 20333 MiB
2026/08/23 01:08:02.259, 342.46 W, 81 %, 20333 MiB
2026/08/23 01:08:03.274, 343.29 W, 84 %, 20333 MiB
2026/08/23 01:08:04.285, 343.18 W, 85 %, 20333 MiB
2026/08/23 01:08:05.296, 343.06 W, 87 %, 20333 MiB
2026/08/23 01:08:06.310, 342.26 W, 83 %, 20333 MiB
2026/08/23 01:08:07.323, 340.63 W, 80 %, 20333 MiB
2026/08/23 01:08:08.325, 338.06 W, 84 %, 20333 MiB
2026/08/23 01:08:09.332, 344.82 W, 88 %, 20333 MiB
2026/08/23 01:08:10.342, 345.32 W, 81 %, 20333 MiB
2026/08/23 01:08:11.356, 346.66 W, 90 %, 20333 MiB
2026/08/23 01:08:12.365, 344.05 W, 85 %, 20333 MiB
2026/08/23 01:08:13.376, 342.85 W, 85 %, 20333 MiB
2026/08/23 01:08:14.387, 343.97 W, 89 %, 20333 MiB
2026/08/23 01:08:15.394, 348.20 W, 86 %, 20333 MiB
2026/08/23 01:08:16.410, 345.37 W, 91 %, 20333 MiB
2026/08/23 01:08:17.421, 344.10 W, 92 %, 20333 MiB
2026/08/23 01:08:18.435, 344.18 W, 86 %, 20333 MiB
2026/08/23 01:08:19.449, 347.00 W, 94 %, 20333 MiB
2026/08/23 01:08:20.458, 346.93 W, 82 %, 20333 MiB
2026/08/23 01:08:21.471, 344.08 W, 88 %, 20333 MiB
2026/08/23 01:08:22.484, 343.30 W, 86 %, 20333 MiB
2026/08/23 01:08:23.496, 347.37 W, 88 %, 20333 MiB
2026/08/23 01:08:24.510, 345.37 W, 85 %, 20333 MiB
2026/08/23 01:08:25.511, 344.12 W, 95 %, 20333 MiB
2026/08/23 01:08:26.528, 343.76 W, 84 %, 20333 MiB
2026/08/23 01:08:27.535, 344.51 W, 88 %, 20333 MiB
2026/08/23 01:08:28.546, 345.04 W, 86 %, 20333 MiB
2026/08/23 01:08:29.561, 345.91 W, 88 %, 20333 MiB
2026/08/23 01:08:30.575, 343.36 W, 80 %, 20333 MiB
2026/08/23 01:08:31.585, 346.89 W, 82 %, 20333 MiB
2026/08/23 01:08:32.595, 346.36 W, 88 %, 20333 MiB
2026/08/23 01:08:33.609, 344.36 W, 75 %, 20333 MiB
2026/08/23 01:08:34.618, 347.42 W, 88 %, 20333 MiB
2026/08/23 01:08:35.627, 346.34 W, 76 %, 20333 MiB
2026/08/23 01:08:36.641, 347.87 W, 91 %, 20333 MiB
2026/08/23 01:08:37.650, 346.70 W, 88 %, 20333 MiB
2026/08/23 01:08:38.664, 343.61 W, 88 %, 20333 MiB
2026/08/23 01:08:39.670, 345.20 W, 87 %, 20333 MiB
2026/08/23 01:08:40.681, 343.54 W, 86 %, 20333 MiB
2026/08/23 01:08:41.691, 343.93 W, 87 %, 20333 MiB
2026/08/23 01:08:42.705, 343.98 W, 88 %, 20333 MiB
2026/08/23 01:08:43.719, 344.39 W, 85 %, 20333 MiB
2026/08/23 01:08:44.734, 348.17 W, 87 %, 20333 MiB
2026/08/23 01:08:45.748, 343.73 W, 87 %, 20333 MiB
2026/08/23 01:08:46.761, 344.85 W, 85 %, 20333 MiB
2026/08/23 01:08:47.775, 345.19 W, 84 %, 20333 MiB
2026/08/23 01:08:48.788, 344.19 W, 86 %, 20333 MiB
2026/08/23 01:08:49.804, 341.51 W, 84 %, 20333 MiB
2026/08/23 01:08:50.814, 344.50 W, 85 %, 20333 MiB
2026/08/23 01:08:51.828, 343.61 W, 84 %, 20333 MiB
2026/08/23 01:08:52.841, 347.31 W, 95 %, 20333 MiB
2026/08/23 01:08:53.857, 346.92 W, 91 %, 20333 MiB
2026/08/23 01:08:54.869, 346.58 W, 87 %, 20333 MiB
2026/08/23 01:08:55.882, 346.71 W, 84 %, 20333 MiB
2026/08/23 01:08:56.891, 344.71 W, 84 %, 20333 MiB
2026/08/23 01:08:57.900, 342.18 W, 88 %, 20333 MiB
2026/08/23 01:08:58.913, 346.14 W, 82 %, 20333 MiB
2026/08/23 01:08:59.923, 344.73 W, 87 %, 20333 MiB
2026/08/23 01:09:00.932, 345.30 W, 86 %, 20333 MiB
2026/08/23 01:09:01.946, 346.02 W, 90 %, 20333 MiB
2026/08/23 01:09:02.960, 345.08 W, 86 %, 20333 MiB
2026/08/23 01:09:03.972, 343.59 W, 85 %, 20333 MiB
2026/08/23 01:09:04.974, 342.66 W, 88 %, 20333 MiB
2026/08/23 01:09:05.985, 347.43 W, 96 %, 20333 MiB
2026/08/23 01:09:06.994, 342.56 W, 87 %, 20333 MiB
2026/08/23 01:09:08.000, 344.58 W, 85 %, 20333 MiB
2026/08/23 01:09:09.016, 347.15 W, 84 %, 20333 MiB
2026/08/23 01:09:10.028, 346.41 W, 96 %, 20333 MiB
2026/08/23 01:09:11.040, 343.53 W, 87 %, 20333 MiB
2026/08/23 01:09:12.045, 344.71 W, 90 %, 20333 MiB
2026/08/23 01:09:13.057, 344.50 W, 83 %, 20333 MiB
2026/08/23 01:09:14.071, 347.49 W, 85 %, 20333 MiB
2026/08/23 01:09:15.085, 345.16 W, 80 %, 20333 MiB
2026/08/23 01:09:16.100, 347.14 W, 86 %, 20333 MiB
2026/08/23 01:09:17.105, 346.31 W, 83 %, 20333 MiB
2026/08/23 01:09:18.120, 347.01 W, 86 %, 20333 MiB
2026/08/23 01:09:19.132, 344.45 W, 91 %, 20333 MiB
2026/08/23 01:09:20.145, 345.29 W, 93 %, 20333 MiB
2026/08/23 01:09:21.158, 347.74 W, 96 %, 20333 MiB
2026/08/23 01:09:22.159, 346.50 W, 89 %, 20333 MiB
2026/08/23 01:09:23.169, 346.19 W, 88 %, 20333 MiB
2026/08/23 01:09:24.173, 346.49 W, 89 %, 20333 MiB
2026/08/23 01:09:25.187, 344.79 W, 89 %, 20333 MiB
2026/08/23 01:09:26.194, 347.90 W, 87 %, 20457 MiB
2026/08/23 01:09:27.207, 344.83 W, 90 %, 20457 MiB
2026/08/23 01:09:28.221, 346.87 W, 86 %, 20461 MiB
2026/08/23 01:09:29.233, 348.67 W, 87 %, 20461 MiB
2026/08/23 01:09:30.241, 346.14 W, 87 %, 20461 MiB
2026/08/23 01:09:31.250, 345.54 W, 93 %, 20461 MiB
2026/08/23 01:09:32.258, 346.90 W, 85 %, 20461 MiB
2026/08/23 01:09:33.265, 345.50 W, 81 %, 20461 MiB
2026/08/23 01:09:34.279, 343.12 W, 88 %, 20468 MiB
2026/08/23 01:09:35.290, 338.66 W, 84 %, 20468 MiB
2026/08/23 01:09:36.301, 338.47 W, 83 %, 20468 MiB
2026/08/23 01:09:37.312, 343.46 W, 88 %, 20468 MiB
2026/08/23 01:09:38.324, 342.07 W, 80 %, 20468 MiB
2026/08/23 01:09:39.338, 342.23 W, 85 %, 20468 MiB
2026/08/23 01:09:40.348, 340.79 W, 86 %, 20468 MiB
2026/08/23 01:09:41.363, 343.11 W, 84 %, 20468 MiB
2026/08/23 01:09:42.375, 340.06 W, 85 %, 20468 MiB
2026/08/23 01:09:43.385, 341.84 W, 84 %, 20468 MiB
2026/08/23 01:09:44.396, 346.16 W, 87 %, 20468 MiB
2026/08/23 01:09:45.405, 345.82 W, 85 %, 20468 MiB
2026/08/23 01:09:46.416, 345.07 W, 85 %, 20468 MiB
2026/08/23 01:09:47.418, 342.46 W, 86 %, 20468 MiB
2026/08/23 01:09:48.419, 346.64 W, 82 %, 20468 MiB
2026/08/23 01:09:49.425, 347.64 W, 92 %, 20468 MiB
2026/08/23 01:09:50.437, 347.54 W, 89 %, 20468 MiB
2026/08/23 01:09:51.444, 347.40 W, 86 %, 20468 MiB
2026/08/23 01:09:52.457, 346.49 W, 97 %, 20468 MiB
2026/08/23 01:09:53.470, 347.69 W, 90 %, 20468 MiB
2026/08/23 01:09:54.479, 345.40 W, 90 %, 20468 MiB
2026/08/23 01:09:55.491, 346.33 W, 84 %, 20468 MiB
2026/08/23 01:09:56.502, 345.31 W, 84 %, 20468 MiB
2026/08/23 01:09:57.510, 340.57 W, 86 %, 20468 MiB
2026/08/23 01:09:58.524, 342.61 W, 86 %, 20468 MiB
2026/08/23 01:09:59.537, 342.70 W, 84 %, 20468 MiB
2026/08/23 01:10:00.548, 344.02 W, 85 %, 20468 MiB
2026/08/23 01:10:01.557, 340.93 W, 81 %, 20468 MiB
2026/08/23 01:10:02.570, 342.43 W, 91 %, 20468 MiB
2026/08/23 01:10:03.579, 344.03 W, 92 %, 20468 MiB
2026/08/23 01:10:04.587, 344.31 W, 81 %, 20468 MiB
2026/08/23 01:10:05.599, 343.51 W, 84 %, 20468 MiB
2026/08/23 01:10:06.610, 345.54 W, 93 %, 20468 MiB
2026/08/23 01:10:07.622, 345.57 W, 90 %, 20468 MiB
2026/08/23 01:10:08.634, 348.54 W, 89 %, 20468 MiB
2026/08/23 01:10:09.644, 347.78 W, 86 %, 20468 MiB
2026/08/23 01:10:10.660, 346.69 W, 86 %, 20468 MiB
2026/08/23 01:10:11.672, 345.17 W, 86 %, 20468 MiB
2026/08/23 01:10:12.687, 340.17 W, 89 %, 20468 MiB
2026/08/23 01:10:13.694, 344.79 W, 87 %, 20468 MiB
2026/08/23 01:10:14.697, 345.89 W, 88 %, 20468 MiB
2026/08/23 01:10:15.710, 344.76 W, 83 %, 20468 MiB
2026/08/23 01:10:16.717, 348.31 W, 89 %, 20468 MiB
2026/08/23 01:10:17.730, 346.73 W, 89 %, 20468 MiB
2026/08/23 01:10:18.742, 346.50 W, 87 %, 20468 MiB
2026/08/23 01:10:19.749, 341.44 W, 85 %, 20468 MiB
2026/08/23 01:10:20.757, 345.31 W, 86 %, 20468 MiB
2026/08/23 01:10:21.759, 345.47 W, 86 %, 20468 MiB
2026/08/23 01:10:22.769, 346.51 W, 85 %, 20468 MiB
2026/08/23 01:10:23.779, 347.55 W, 95 %, 20468 MiB
2026/08/23 01:10:24.792, 347.33 W, 85 %, 20468 MiB
2026/08/23 01:10:25.802, 343.43 W, 87 %, 20468 MiB
2026/08/23 01:10:26.813, 344.30 W, 83 %, 20468 MiB
2026/08/23 01:10:27.823, 347.17 W, 88 %, 20468 MiB
2026/08/23 01:10:28.836, 345.62 W, 86 %, 20468 MiB
2026/08/23 01:10:29.850, 346.36 W, 94 %, 20468 MiB
2026/08/23 01:10:30.861, 335.43 W, 87 %, 20468 MiB
2026/08/23 01:10:31.877, 334.03 W, 88 %, 20468 MiB
2026/08/23 01:10:32.887, 334.68 W, 85 %, 20468 MiB
2026/08/23 01:10:33.889, 333.15 W, 89 %, 20468 MiB
2026/08/23 01:10:34.896, 338.60 W, 95 %, 20468 MiB
2026/08/23 01:10:35.906, 334.91 W, 81 %, 20468 MiB
2026/08/23 01:10:36.921, 335.15 W, 88 %, 20468 MiB
2026/08/23 01:10:37.922, 333.29 W, 96 %, 20468 MiB
2026/08/23 01:10:38.933, 334.51 W, 86 %, 20468 MiB
2026/08/23 01:10:39.949, 333.22 W, 85 %, 20468 MiB
2026/08/23 01:10:40.962, 331.72 W, 85 %, 20468 MiB
2026/08/23 01:10:41.975, 329.08 W, 85 %, 20468 MiB
2026/08/23 01:10:42.978, 330.52 W, 87 %, 20468 MiB
2026/08/23 01:10:43.994, 331.23 W, 86 %, 20468 MiB
2026/08/23 01:10:45.008, 336.25 W, 94 %, 20468 MiB
2026/08/23 01:10:46.015, 333.55 W, 90 %, 20468 MiB
2026/08/23 01:10:47.029, 331.62 W, 88 %, 20468 MiB
2026/08/23 01:10:48.044, 334.75 W, 88 %, 20468 MiB
2026/08/23 01:10:49.059, 332.85 W, 95 %, 20468 MiB
2026/08/23 01:10:50.073, 335.78 W, 87 %, 20468 MiB
2026/08/23 01:10:51.077, 334.27 W, 83 %, 20468 MiB
2026/08/23 01:10:52.091, 335.35 W, 88 %, 20468 MiB
2026/08/23 01:10:53.093, 333.21 W, 86 %, 20468 MiB
2026/08/23 01:10:54.105, 334.85 W, 87 %, 20468 MiB
2026/08/23 01:10:55.121, 335.23 W, 94 %, 20468 MiB
2026/08/23 01:10:56.133, 334.37 W, 89 %, 20468 MiB
2026/08/23 01:10:57.144, 333.93 W, 88 %, 20468 MiB
2026/08/23 01:10:58.151, 335.00 W, 87 %, 20468 MiB
2026/08/23 01:10:59.164, 331.25 W, 88 %, 20468 MiB
2026/08/23 01:11:00.169, 335.27 W, 86 %, 20468 MiB
2026/08/23 01:11:01.176, 335.56 W, 88 %, 20468 MiB
2026/08/23 01:11:02.177, 331.50 W, 86 %, 20468 MiB
2026/08/23 01:11:03.191, 333.72 W, 86 %, 20468 MiB
2026/08/23 01:11:04.203, 333.51 W, 84 %, 20468 MiB
2026/08/23 01:11:05.213, 335.19 W, 89 %, 20468 MiB
2026/08/23 01:11:06.219, 337.27 W, 85 %, 20468 MiB
2026/08/23 01:11:07.233, 331.53 W, 82 %, 20468 MiB
2026/08/23 01:11:08.244, 331.67 W, 89 %, 20468 MiB
2026/08/23 01:11:09.257, 334.00 W, 82 %, 20468 MiB
2026/08/23 01:11:10.270, 330.38 W, 83 %, 20468 MiB
2026/08/23 01:11:11.285, 331.99 W, 92 %, 20468 MiB
2026/08/23 01:11:12.297, 334.61 W, 87 %, 20468 MiB
2026/08/23 01:11:13.311, 335.95 W, 86 %, 20468 MiB
2026/08/23 01:11:14.320, 329.64 W, 86 %, 20468 MiB
2026/08/23 01:11:15.330, 333.80 W, 89 %, 20468 MiB
2026/08/23 01:11:16.345, 335.57 W, 88 %, 20468 MiB
2026/08/23 01:11:17.357, 335.69 W, 88 %, 20468 MiB
2026/08/23 01:11:18.369, 334.30 W, 89 %, 20468 MiB
2026/08/23 01:11:19.380, 335.78 W, 88 %, 20468 MiB
2026/08/23 01:11:20.392, 335.98 W, 91 %, 20468 MiB
2026/08/23 01:11:21.402, 333.89 W, 88 %, 20468 MiB
2026/08/23 01:11:22.414, 330.95 W, 85 %, 20468 MiB
2026/08/23 01:11:23.428, 331.07 W, 84 %, 20468 MiB
2026/08/23 01:11:24.440, 335.24 W, 83 %, 20468 MiB
2026/08/23 01:11:25.449, 335.83 W, 88 %, 20468 MiB
2026/08/23 01:11:26.462, 331.73 W, 83 %, 20468 MiB
2026/08/23 01:11:27.475, 334.04 W, 86 %, 20468 MiB
2026/08/23 01:11:28.486, 336.24 W, 88 %, 20468 MiB
2026/08/23 01:11:29.497, 336.86 W, 88 %, 20468 MiB
2026/08/23 01:11:30.510, 332.18 W, 86 %, 20468 MiB
2026/08/23 01:11:31.524, 334.80 W, 83 %, 20468 MiB
2026/08/23 01:11:32.527, 334.68 W, 86 %, 20468 MiB
2026/08/23 01:11:33.543, 332.93 W, 88 %, 20468 MiB
2026/08/23 01:11:34.553, 336.31 W, 89 %, 20468 MiB
2026/08/23 01:11:35.566, 333.02 W, 88 %, 20468 MiB
2026/08/23 01:11:36.581, 334.20 W, 87 %, 20468 MiB
2026/08/23 01:11:37.587, 335.51 W, 86 %, 20468 MiB
2026/08/23 01:11:38.589, 332.82 W, 88 %, 20468 MiB
2026/08/23 01:11:39.598, 333.06 W, 90 %, 20468 MiB
2026/08/23 01:11:40.610, 332.13 W, 89 %, 20468 MiB
2026/08/23 01:11:41.626, 333.04 W, 87 %, 20468 MiB
2026/08/23 01:11:42.630, 335.06 W, 88 %, 20468 MiB
2026/08/23 01:11:43.645, 334.15 W, 87 %, 20468 MiB
2026/08/23 01:11:44.657, 331.85 W, 93 %, 20468 MiB
2026/08/23 01:11:45.668, 333.76 W, 89 %, 20468 MiB
2026/08/23 01:11:46.681, 334.60 W, 87 %, 20468 MiB
2026/08/23 01:11:47.697, 335.59 W, 89 %, 20468 MiB
2026/08/23 01:11:48.785, 336.48 W, 87 %, 20468 MiB
2026/08/23 01:11:49.797, 334.50 W, 88 %, 20468 MiB
2026/08/23 01:11:50.810, 331.68 W, 88 %, 20468 MiB
2026/08/23 01:11:51.821, 331.65 W, 86 %, 20468 MiB
2026/08/23 01:11:52.835, 332.11 W, 83 %, 20468 MiB
2026/08/23 01:11:53.847, 330.75 W, 87 %, 20468 MiB
2026/08/23 01:11:54.850, 332.49 W, 90 %, 20468 MiB
2026/08/23 01:11:55.863, 332.89 W, 89 %, 20468 MiB
2026/08/23 01:11:56.875, 334.47 W, 89 %, 20468 MiB
2026/08/23 01:11:57.885, 334.70 W, 89 %, 20468 MiB
2026/08/23 01:11:58.899, 333.00 W, 87 %, 20468 MiB
2026/08/23 01:11:59.904, 330.89 W, 84 %, 20468 MiB
2026/08/23 01:12:00.910, 330.24 W, 88 %, 20468 MiB
2026/08/23 01:12:01.918, 335.16 W, 95 %, 20468 MiB
2026/08/23 01:12:02.927, 334.44 W, 86 %, 20468 MiB
2026/08/23 01:12:03.939, 334.91 W, 93 %, 20468 MiB
2026/08/23 01:12:04.949, 332.24 W, 90 %, 20468 MiB
2026/08/23 01:12:05.960, 332.96 W, 88 %, 20468 MiB
2026/08/23 01:12:06.974, 335.89 W, 88 %, 20468 MiB
2026/08/23 01:12:07.988, 337.37 W, 87 %, 20468 MiB
2026/08/23 01:12:08.999, 334.41 W, 87 %, 20468 MiB
2026/08/23 01:12:10.012, 336.80 W, 95 %, 20468 MiB
2026/08/23 01:12:11.020, 333.17 W, 90 %, 20468 MiB
2026/08/23 01:12:12.037, 332.46 W, 90 %, 20468 MiB
2026/08/23 01:12:13.049, 332.27 W, 86 %, 20468 MiB
2026/08/23 01:12:14.058, 335.08 W, 92 %, 20468 MiB
2026/08/23 01:12:15.071, 335.33 W, 96 %, 20468 MiB
2026/08/23 01:12:16.084, 334.52 W, 93 %, 20468 MiB
2026/08/23 01:12:17.085, 334.13 W, 88 %, 20468 MiB
2026/08/23 01:12:18.101, 335.51 W, 90 %, 20468 MiB
2026/08/23 01:12:19.117, 333.78 W, 87 %, 20468 MiB
2026/08/23 01:12:20.129, 336.00 W, 85 %, 20468 MiB
2026/08/23 01:12:21.143, 337.24 W, 86 %, 20468 MiB
2026/08/23 01:12:22.158, 333.63 W, 86 %, 20468 MiB
2026/08/23 01:12:23.160, 334.71 W, 90 %, 20468 MiB
2026/08/23 01:12:24.172, 333.40 W, 90 %, 20468 MiB
2026/08/23 01:12:25.186, 333.82 W, 86 %, 20468 MiB
2026/08/23 01:12:26.199, 332.37 W, 87 %, 20468 MiB
2026/08/23 01:12:27.206, 334.30 W, 87 %, 20468 MiB
2026/08/23 01:12:28.211, 333.90 W, 82 %, 20468 MiB
2026/08/23 01:12:29.215, 334.05 W, 92 %, 20468 MiB
2026/08/23 01:12:30.232, 331.79 W, 81 %, 20468 MiB
2026/08/23 01:12:31.245, 332.99 W, 89 %, 20468 MiB
2026/08/23 01:12:32.256, 331.33 W, 91 %, 20468 MiB
2026/08/23 01:12:33.271, 334.09 W, 95 %, 20468 MiB
2026/08/23 01:12:34.281, 332.40 W, 89 %, 20468 MiB
2026/08/23 01:12:35.295, 333.20 W, 89 %, 20468 MiB
2026/08/23 01:12:36.307, 336.20 W, 89 %, 20468 MiB
2026/08/23 01:12:37.309, 334.54 W, 88 %, 20468 MiB
2026/08/23 01:12:38.320, 334.72 W, 95 %, 20468 MiB
2026/08/23 01:12:39.334, 332.18 W, 85 %, 20468 MiB
2026/08/23 01:12:40.339, 334.81 W, 95 %, 20468 MiB
2026/08/23 01:12:41.352, 336.45 W, 93 %, 20468 MiB
2026/08/23 01:12:42.360, 333.58 W, 90 %, 20468 MiB
2026/08/23 01:12:43.369, 333.64 W, 89 %, 20468 MiB
2026/08/23 01:12:44.386, 333.56 W, 95 %, 20468 MiB
2026/08/23 01:12:45.392, 334.29 W, 88 %, 20468 MiB
2026/08/23 01:12:46.402, 335.73 W, 86 %, 20468 MiB
2026/08/23 01:12:47.410, 335.30 W, 90 %, 20468 MiB
2026/08/23 01:12:48.418, 332.92 W, 90 %, 20468 MiB
2026/08/23 01:12:49.432, 332.18 W, 86 %, 20468 MiB
2026/08/23 01:12:50.446, 333.55 W, 86 %, 20468 MiB
2026/08/23 01:12:51.452, 335.54 W, 87 %, 20468 MiB
2026/08/23 01:12:52.468, 335.54 W, 89 %, 20468 MiB
2026/08/23 01:12:53.482, 335.25 W, 84 %, 20468 MiB
2026/08/23 01:12:54.496, 335.14 W, 84 %, 20468 MiB
2026/08/23 01:12:55.504, 332.65 W, 86 %, 20468 MiB
2026/08/23 01:12:56.513, 333.66 W, 90 %, 20468 MiB
2026/08/23 01:12:57.526, 330.42 W, 86 %, 20468 MiB
2026/08/23 01:12:58.537, 332.69 W, 88 %, 20468 MiB
2026/08/23 01:12:59.549, 334.52 W, 86 %, 20468 MiB
2026/08/23 01:13:00.561, 333.86 W, 91 %, 20468 MiB
2026/08/23 01:13:01.572, 333.22 W, 89 %, 20468 MiB
2026/08/23 01:13:02.581, 331.69 W, 90 %, 20468 MiB
2026/08/23 01:13:03.593, 331.63 W, 87 %, 20468 MiB
2026/08/23 01:13:04.606, 333.70 W, 83 %, 20468 MiB
2026/08/23 01:13:05.609, 332.80 W, 88 %, 20468 MiB
2026/08/23 01:13:06.622, 335.04 W, 96 %, 20468 MiB
2026/08/23 01:13:07.633, 337.60 W, 96 %, 20468 MiB
2026/08/23 01:13:08.636, 334.96 W, 94 %, 20468 MiB
2026/08/23 01:13:09.650, 335.28 W, 90 %, 20468 MiB
2026/08/23 01:13:10.656, 335.44 W, 88 %, 20468 MiB
2026/08/23 01:13:11.670, 334.38 W, 90 %, 20468 MiB
2026/08/23 01:13:12.684, 336.01 W, 88 %, 20468 MiB
2026/08/23 01:13:13.698, 334.34 W, 91 %, 20468 MiB
2026/08/23 01:13:14.709, 333.27 W, 89 %, 20468 MiB
2026/08/23 01:13:15.718, 334.75 W, 84 %, 20468 MiB
2026/08/23 01:13:16.732, 336.59 W, 89 %, 20468 MiB
2026/08/23 01:13:17.746, 339.63 W, 87 %, 20468 MiB
2026/08/23 01:13:18.756, 336.11 W, 86 %, 20468 MiB
2026/08/23 01:13:19.761, 335.92 W, 87 %, 20468 MiB
2026/08/23 01:13:20.773, 334.99 W, 83 %, 20468 MiB
2026/08/23 01:13:21.788, 338.40 W, 96 %, 20468 MiB
2026/08/23 01:13:22.796, 333.86 W, 94 %, 20468 MiB
2026/08/23 01:13:23.808, 334.83 W, 85 %, 20468 MiB
2026/08/23 01:13:24.821, 332.71 W, 89 %, 20468 MiB
2026/08/23 01:13:25.832, 334.12 W, 86 %, 20468 MiB
2026/08/23 01:13:26.844, 332.08 W, 81 %, 20468 MiB
2026/08/23 01:13:27.854, 334.93 W, 89 %, 20468 MiB
2026/08/23 01:13:28.866, 334.77 W, 85 %, 20468 MiB
2026/08/23 01:13:29.872, 335.95 W, 94 %, 20468 MiB
2026/08/23 01:13:30.882, 332.80 W, 83 %, 20468 MiB
2026/08/23 01:13:31.897, 335.11 W, 88 %, 20468 MiB
2026/08/23 01:13:32.904, 334.05 W, 85 %, 20468 MiB
2026/08/23 01:13:33.914, 335.09 W, 85 %, 20468 MiB
2026/08/23 01:13:34.927, 333.33 W, 91 %, 20468 MiB
2026/08/23 01:13:35.936, 337.95 W, 89 %, 20468 MiB
2026/08/23 01:13:36.947, 334.96 W, 90 %, 20468 MiB
2026/08/23 01:13:37.949, 334.56 W, 89 %, 20468 MiB
2026/08/23 01:13:38.962, 335.05 W, 84 %, 20468 MiB
2026/08/23 01:13:39.978, 334.06 W, 88 %, 20468 MiB
2026/08/23 01:13:40.989, 335.01 W, 86 %, 20468 MiB
2026/08/23 01:13:42.004, 332.47 W, 90 %, 20468 MiB
2026/08/23 01:13:43.017, 332.38 W, 91 %, 20468 MiB
2026/08/23 01:13:44.024, 333.99 W, 90 %, 20468 MiB
2026/08/23 01:13:45.038, 332.26 W, 89 %, 20468 MiB
2026/08/23 01:13:46.053, 334.28 W, 88 %, 20468 MiB
2026/08/23 01:13:47.065, 333.83 W, 86 %, 20468 MiB
2026/08/23 01:13:48.075, 334.54 W, 88 %, 20468 MiB
2026/08/23 01:13:49.090, 335.64 W, 85 %, 20468 MiB
2026/08/23 01:13:50.100, 334.93 W, 91 %, 20468 MiB
2026/08/23 01:13:51.124, 332.93 W, 89 %, 20468 MiB
2026/08/23 01:13:52.127, 333.73 W, 86 %, 20468 MiB
2026/08/23 01:13:53.142, 334.64 W, 86 %, 20468 MiB
2026/08/23 01:13:54.153, 333.66 W, 90 %, 20468 MiB
2026/08/23 01:13:55.165, 338.18 W, 89 %, 20468 MiB
2026/08/23 01:13:56.170, 334.37 W, 84 %, 20468 MiB
2026/08/23 01:13:57.183, 335.83 W, 95 %, 20468 MiB
2026/08/23 01:13:58.186, 335.68 W, 88 %, 20468 MiB
2026/08/23 01:13:59.199, 332.02 W, 85 %, 20468 MiB
2026/08/23 01:14:00.212, 333.46 W, 88 %, 20468 MiB
2026/08/23 01:14:01.224, 335.93 W, 94 %, 20468 MiB
2026/08/23 01:14:02.227, 335.26 W, 94 %, 20468 MiB
2026/08/23 01:14:03.241, 335.27 W, 88 %, 20468 MiB
2026/08/23 01:14:04.255, 336.32 W, 89 %, 20468 MiB
2026/08/23 01:14:05.266, 334.80 W, 90 %, 20468 MiB
2026/08/23 01:14:06.278, 336.70 W, 87 %, 20468 MiB
2026/08/23 01:14:07.289, 333.17 W, 89 %, 20468 MiB
2026/08/23 01:14:08.305, 333.45 W, 87 %, 20468 MiB
2026/08/23 01:14:09.317, 332.76 W, 89 %, 20468 MiB
2026/08/23 01:14:10.327, 333.46 W, 89 %, 20468 MiB
2026/08/23 01:14:11.337, 333.25 W, 87 %, 20468 MiB
2026/08/23 01:14:12.349, 335.42 W, 92 %, 20468 MiB
2026/08/23 01:14:13.351, 334.73 W, 88 %, 20468 MiB
2026/08/23 01:14:14.361, 333.74 W, 88 %, 20468 MiB
2026/08/23 01:14:15.373, 333.29 W, 84 %, 20468 MiB
2026/08/23 01:14:16.386, 333.86 W, 90 %, 20468 MiB
2026/08/23 01:14:17.390, 332.79 W, 92 %, 20468 MiB
2026/08/23 01:14:18.404, 331.30 W, 88 %, 20468 MiB
2026/08/23 01:14:19.413, 333.19 W, 90 %, 20468 MiB
2026/08/23 01:14:20.420, 334.27 W, 87 %, 20468 MiB
2026/08/23 01:14:21.422, 331.73 W, 86 %, 20468 MiB
2026/08/23 01:14:22.444, 334.05 W, 84 %, 20468 MiB
2026/08/23 01:14:23.452, 331.55 W, 89 %, 20468 MiB
2026/08/23 01:14:24.465, 333.21 W, 89 %, 20468 MiB
2026/08/23 01:14:25.477, 333.49 W, 90 %, 20468 MiB
2026/08/23 01:14:26.488, 335.61 W, 86 %, 20468 MiB
2026/08/23 01:14:27.502, 332.10 W, 92 %, 20468 MiB
2026/08/23 01:14:28.514, 333.27 W, 90 %, 20468 MiB
2026/08/23 01:14:29.520, 334.56 W, 84 %, 20468 MiB
2026/08/23 01:14:30.528, 335.90 W, 94 %, 20468 MiB
2026/08/23 01:14:31.539, 333.45 W, 88 %, 20468 MiB
2026/08/23 01:14:32.550, 332.11 W, 88 %, 20468 MiB
2026/08/23 01:14:33.560, 332.44 W, 88 %, 20468 MiB
2026/08/23 01:14:34.572, 334.57 W, 92 %, 20468 MiB
2026/08/23 01:14:35.584, 332.61 W, 87 %, 20468 MiB
2026/08/23 01:14:36.595, 331.39 W, 87 %, 20468 MiB
2026/08/23 01:14:37.601, 332.80 W, 88 %, 20468 MiB
2026/08/23 01:14:38.617, 333.56 W, 90 %, 20468 MiB
2026/08/23 01:14:39.619, 335.41 W, 88 %, 20468 MiB
2026/08/23 01:14:40.625, 335.38 W, 91 %, 20468 MiB
2026/08/23 01:14:41.637, 335.79 W, 94 %, 20468 MiB
2026/08/23 01:14:42.649, 334.50 W, 95 %, 20468 MiB
2026/08/23 01:14:43.654, 332.83 W, 94 %, 20468 MiB
2026/08/23 01:14:44.663, 333.27 W, 87 %, 20468 MiB
2026/08/23 01:14:45.675, 334.04 W, 88 %, 20468 MiB
2026/08/23 01:14:46.684, 334.13 W, 90 %, 20468 MiB
2026/08/23 01:14:47.694, 334.24 W, 87 %, 20468 MiB
2026/08/23 01:14:48.698, 333.39 W, 85 %, 20468 MiB
2026/08/23 01:14:49.709, 334.38 W, 94 %, 20468 MiB
2026/08/23 01:14:50.712, 334.05 W, 85 %, 20468 MiB
2026/08/23 01:14:51.718, 334.21 W, 89 %, 20468 MiB
2026/08/23 01:14:52.726, 333.41 W, 86 %, 20468 MiB
2026/08/23 01:14:53.734, 332.65 W, 84 %, 20468 MiB
2026/08/23 01:14:54.740, 332.70 W, 88 %, 20468 MiB
2026/08/23 01:14:55.752, 335.18 W, 89 %, 20468 MiB
2026/08/23 01:14:56.759, 335.12 W, 89 %, 20468 MiB
2026/08/23 01:14:57.774, 338.05 W, 93 %, 20468 MiB
2026/08/23 01:14:58.785, 334.10 W, 89 %, 20468 MiB
2026/08/23 01:14:59.798, 334.83 W, 92 %, 20468 MiB
2026/08/23 01:15:00.800, 336.92 W, 86 %, 20468 MiB
2026/08/23 01:15:01.809, 332.73 W, 88 %, 20468 MiB
2026/08/23 01:15:02.822, 335.10 W, 91 %, 20468 MiB
2026/08/23 01:15:03.832, 335.36 W, 89 %, 20468 MiB
2026/08/23 01:15:04.846, 333.41 W, 88 %, 20468 MiB
2026/08/23 01:15:05.855, 333.30 W, 85 %, 20468 MiB
2026/08/23 01:15:06.870, 335.26 W, 96 %, 20468 MiB
2026/08/23 01:15:07.882, 334.93 W, 93 %, 20468 MiB
2026/08/23 01:15:08.898, 333.87 W, 89 %, 20468 MiB
2026/08/23 01:15:09.914, 334.18 W, 88 %, 20468 MiB
2026/08/23 01:15:10.929, 334.45 W, 90 %, 20468 MiB
2026/08/23 01:15:11.944, 335.55 W, 90 %, 20468 MiB
2026/08/23 01:15:12.951, 332.81 W, 89 %, 20468 MiB
2026/08/23 01:15:13.954, 335.20 W, 88 %, 20468 MiB
2026/08/23 01:15:14.968, 335.32 W, 88 %, 20468 MiB
2026/08/23 01:15:15.978, 334.85 W, 87 %, 20468 MiB
2026/08/23 01:15:16.986, 332.54 W, 89 %, 20468 MiB
2026/08/23 01:15:17.999, 332.81 W, 85 %, 20468 MiB
2026/08/23 01:15:19.008, 332.89 W, 86 %, 20468 MiB
2026/08/23 01:15:20.019, 336.09 W, 81 %, 20468 MiB
2026/08/23 01:15:21.030, 334.80 W, 89 %, 20468 MiB
2026/08/23 01:15:22.040, 335.42 W, 86 %, 20468 MiB
2026/08/23 01:15:23.049, 333.49 W, 88 %, 20468 MiB
2026/08/23 01:15:24.053, 334.98 W, 88 %, 20468 MiB
2026/08/23 01:15:25.064, 334.27 W, 86 %, 20468 MiB
2026/08/23 01:15:26.073, 336.62 W, 89 %, 20468 MiB
2026/08/23 01:15:27.080, 335.87 W, 90 %, 20468 MiB
2026/08/23 01:15:28.093, 337.61 W, 84 %, 20468 MiB
2026/08/23 01:15:29.103, 333.55 W, 85 %, 20468 MiB
2026/08/23 01:15:30.117, 335.45 W, 89 %, 20468 MiB
2026/08/23 01:15:31.127, 333.70 W, 87 %, 20468 MiB
2026/08/23 01:15:32.134, 334.65 W, 89 %, 20468 MiB
2026/08/23 01:15:33.146, 334.41 W, 87 %, 20468 MiB
2026/08/23 01:15:34.156, 334.43 W, 85 %, 20468 MiB
2026/08/23 01:15:35.161, 335.81 W, 88 %, 20468 MiB
2026/08/23 01:15:36.172, 332.09 W, 86 %, 20468 MiB
2026/08/23 01:15:37.184, 333.14 W, 89 %, 20468 MiB
2026/08/23 01:15:38.196, 333.99 W, 90 %, 20468 MiB
2026/08/23 01:15:39.206, 332.19 W, 82 %, 20468 MiB
2026/08/23 01:15:40.223, 335.42 W, 92 %, 20468 MiB
2026/08/23 01:15:41.231, 334.60 W, 89 %, 20468 MiB
2026/08/23 01:15:42.241, 332.73 W, 88 %, 20468 MiB
2026/08/23 01:15:43.256, 335.64 W, 93 %, 20468 MiB
2026/08/23 01:15:44.271, 335.09 W, 89 %, 20468 MiB
2026/08/23 01:15:45.283, 335.33 W, 92 %, 20468 MiB
2026/08/23 01:15:46.288, 335.80 W, 87 %, 20468 MiB
2026/08/23 01:15:47.295, 333.84 W, 89 %, 20468 MiB
2026/08/23 01:15:48.308, 336.28 W, 88 %, 20468 MiB
2026/08/23 01:15:49.321, 335.02 W, 93 %, 20468 MiB
2026/08/23 01:15:50.327, 336.21 W, 90 %, 20468 MiB
2026/08/23 01:15:51.340, 334.88 W, 92 %, 20468 MiB
2026/08/23 01:15:52.350, 333.55 W, 91 %, 20468 MiB
2026/08/23 01:15:53.360, 332.06 W, 88 %, 20468 MiB
2026/08/23 01:15:54.369, 332.87 W, 92 %, 20468 MiB
2026/08/23 01:15:55.373, 334.67 W, 88 %, 20468 MiB
2026/08/23 01:15:56.377, 335.49 W, 88 %, 20468 MiB
2026/08/23 01:15:57.380, 334.98 W, 84 %, 20468 MiB
2026/08/23 01:15:58.389, 334.12 W, 88 %, 20468 MiB
2026/08/23 01:15:59.400, 332.71 W, 89 %, 20468 MiB
2026/08/23 01:16:00.410, 332.69 W, 89 %, 20468 MiB
2026/08/23 01:16:01.421, 335.05 W, 91 %, 20468 MiB
2026/08/23 01:16:02.422, 332.52 W, 87 %, 20468 MiB
2026/08/23 01:16:03.437, 334.85 W, 93 %, 20468 MiB
2026/08/23 01:16:04.452, 334.01 W, 88 %, 20468 MiB
2026/08/23 01:16:05.466, 331.88 W, 86 %, 20468 MiB
2026/08/23 01:16:06.480, 335.09 W, 89 %, 20468 MiB
2026/08/23 01:16:07.484, 335.26 W, 88 %, 20468 MiB
2026/08/23 01:16:08.497, 332.72 W, 89 %, 20468 MiB
2026/08/23 01:16:09.510, 337.91 W, 89 %, 20468 MiB
2026/08/23 01:16:10.514, 334.61 W, 88 %, 20468 MiB
2026/08/23 01:16:11.520, 334.01 W, 88 %, 20468 MiB
2026/08/23 01:16:12.523, 334.02 W, 89 %, 20468 MiB
2026/08/23 01:16:13.534, 333.80 W, 88 %, 20468 MiB
2026/08/23 01:16:14.550, 336.78 W, 88 %, 20468 MiB
2026/08/23 01:16:15.557, 336.32 W, 90 %, 20468 MiB
2026/08/23 01:16:16.570, 335.85 W, 90 %, 20468 MiB
2026/08/23 01:16:17.584, 333.33 W, 88 %, 20468 MiB
2026/08/23 01:16:18.600, 332.42 W, 84 %, 20468 MiB
2026/08/23 01:16:19.612, 331.79 W, 88 %, 20468 MiB
2026/08/23 01:16:20.628, 334.85 W, 88 %, 20468 MiB
2026/08/23 01:16:21.639, 334.96 W, 88 %, 20468 MiB
2026/08/23 01:16:22.645, 332.94 W, 90 %, 20468 MiB
2026/08/23 01:16:23.659, 333.66 W, 87 %, 20468 MiB
2026/08/23 01:16:24.669, 335.63 W, 94 %, 20468 MiB
2026/08/23 01:16:25.681, 335.52 W, 87 %, 20468 MiB
2026/08/23 01:16:26.691, 335.66 W, 85 %, 20468 MiB
2026/08/23 01:16:27.702, 332.61 W, 88 %, 20468 MiB
2026/08/23 01:16:28.715, 333.48 W, 84 %, 20468 MiB
2026/08/23 01:16:29.718, 337.50 W, 94 %, 20468 MiB
2026/08/23 01:16:30.731, 334.13 W, 89 %, 20468 MiB
2026/08/23 01:16:31.745, 334.34 W, 88 %, 20468 MiB
2026/08/23 01:16:32.755, 335.47 W, 88 %, 20468 MiB
2026/08/23 01:16:33.768, 334.13 W, 90 %, 20468 MiB
2026/08/23 01:16:34.783, 333.77 W, 87 %, 20468 MiB
2026/08/23 01:16:35.791, 333.37 W, 85 %, 20468 MiB
2026/08/23 01:16:36.801, 334.83 W, 88 %, 20468 MiB
2026/08/23 01:16:37.811, 334.34 W, 88 %, 20468 MiB
2026/08/23 01:16:38.825, 335.27 W, 77 %, 20468 MiB
2026/08/23 01:16:39.827, 333.25 W, 88 %, 20468 MiB
2026/08/23 01:16:40.840, 336.84 W, 97 %, 20468 MiB
2026/08/23 01:16:41.853, 334.95 W, 91 %, 20468 MiB
2026/08/23 01:16:42.864, 335.89 W, 94 %, 20468 MiB
2026/08/23 01:16:43.877, 334.41 W, 92 %, 20468 MiB
2026/08/23 01:16:44.886, 335.36 W, 87 %, 20468 MiB
2026/08/23 01:16:45.893, 336.43 W, 85 %, 20468 MiB
2026/08/23 01:16:46.907, 331.56 W, 90 %, 20468 MiB
2026/08/23 01:16:47.920, 334.39 W, 88 %, 20468 MiB
2026/08/23 01:16:48.933, 333.45 W, 88 %, 20468 MiB
2026/08/23 01:16:49.934, 335.92 W, 92 %, 20468 MiB
2026/08/23 01:16:50.946, 334.73 W, 89 %, 20468 MiB
2026/08/23 01:16:51.955, 330.78 W, 81 %, 20468 MiB
2026/08/23 01:16:52.971, 334.29 W, 89 %, 20468 MiB
2026/08/23 01:16:53.980, 335.26 W, 90 %, 20468 MiB
2026/08/23 01:16:54.991, 335.22 W, 90 %, 20468 MiB
2026/08/23 01:16:56.002, 337.20 W, 86 %, 20468 MiB
2026/08/23 01:16:57.012, 334.16 W, 90 %, 20468 MiB
2026/08/23 01:16:58.027, 336.47 W, 87 %, 20468 MiB
2026/08/23 01:16:59.036, 335.30 W, 89 %, 20468 MiB
2026/08/23 01:17:00.053, 334.20 W, 88 %, 20468 MiB
2026/08/23 01:17:01.064, 335.44 W, 94 %, 20468 MiB
2026/08/23 01:17:02.076, 336.66 W, 87 %, 20468 MiB
2026/08/23 01:17:03.086, 336.40 W, 89 %, 20468 MiB
2026/08/23 01:17:04.094, 335.67 W, 89 %, 20468 MiB
2026/08/23 01:17:05.096, 335.68 W, 87 %, 20468 MiB
2026/08/23 01:17:06.110, 334.11 W, 89 %, 20468 MiB
2026/08/23 01:17:07.121, 333.71 W, 91 %, 20468 MiB
2026/08/23 01:17:08.135, 334.00 W, 88 %, 20468 MiB
2026/08/23 01:17:09.147, 333.98 W, 91 %, 20468 MiB
2026/08/23 01:17:10.161, 337.36 W, 87 %, 20468 MiB
2026/08/23 01:17:11.175, 333.15 W, 87 %, 20468 MiB
2026/08/23 01:17:12.187, 332.12 W, 90 %, 20468 MiB
2026/08/23 01:17:13.203, 336.11 W, 95 %, 20468 MiB
2026/08/23 01:17:14.214, 335.58 W, 86 %, 20468 MiB
2026/08/23 01:17:15.230, 335.50 W, 93 %, 20468 MiB
2026/08/23 01:17:16.244, 335.31 W, 89 %, 20468 MiB
2026/08/23 01:17:17.254, 334.05 W, 86 %, 20468 MiB
2026/08/23 01:17:18.261, 332.55 W, 88 %, 20468 MiB
2026/08/23 01:17:19.263, 333.77 W, 88 %, 20468 MiB
2026/08/23 01:17:20.271, 334.04 W, 89 %, 20468 MiB
2026/08/23 01:17:21.277, 337.34 W, 90 %, 20468 MiB
2026/08/23 01:17:22.287, 336.67 W, 94 %, 20468 MiB
2026/08/23 01:17:23.297, 334.87 W, 90 %, 20468 MiB
2026/08/23 01:17:24.308, 333.77 W, 88 %, 20468 MiB
2026/08/23 01:17:25.316, 335.01 W, 84 %, 20468 MiB
2026/08/23 01:17:26.324, 335.82 W, 86 %, 20468 MiB
2026/08/23 01:17:27.337, 335.21 W, 91 %, 20468 MiB
2026/08/23 01:17:28.347, 335.46 W, 87 %, 20468 MiB
2026/08/23 01:17:29.362, 332.64 W, 89 %, 20468 MiB
2026/08/23 01:17:30.367, 333.93 W, 88 %, 20468 MiB
2026/08/23 01:17:31.380, 336.39 W, 90 %, 20468 MiB
2026/08/23 01:17:32.389, 334.00 W, 86 %, 20468 MiB
2026/08/23 01:17:33.394, 332.96 W, 88 %, 20468 MiB
2026/08/23 01:17:34.407, 335.57 W, 90 %, 20468 MiB
2026/08/23 01:17:35.412, 338.21 W, 86 %, 20468 MiB
2026/08/23 01:17:36.425, 335.65 W, 88 %, 20468 MiB
2026/08/23 01:17:37.437, 337.26 W, 87 %, 20468 MiB
2026/08/23 01:17:38.448, 334.98 W, 91 %, 20468 MiB
2026/08/23 01:17:39.453, 335.07 W, 88 %, 20468 MiB
2026/08/23 01:17:40.465, 338.06 W, 96 %, 20468 MiB
2026/08/23 01:17:41.471, 334.70 W, 93 %, 20468 MiB
2026/08/23 01:17:42.481, 334.14 W, 90 %, 20468 MiB
2026/08/23 01:17:43.494, 332.66 W, 93 %, 20468 MiB
2026/08/23 01:17:44.501, 335.06 W, 87 %, 20468 MiB
2026/08/23 01:17:45.511, 332.92 W, 90 %, 20468 MiB
2026/08/23 01:17:46.524, 331.29 W, 85 %, 20468 MiB
2026/08/23 01:17:47.537, 334.53 W, 87 %, 20468 MiB
2026/08/23 01:17:48.550, 333.86 W, 90 %, 20468 MiB
2026/08/23 01:17:49.558, 335.47 W, 88 %, 20468 MiB
2026/08/23 01:17:50.560, 336.23 W, 87 %, 20468 MiB
2026/08/23 01:17:51.572, 335.13 W, 82 %, 20468 MiB
2026/08/23 01:17:52.585, 335.25 W, 90 %, 20468 MiB
2026/08/23 01:17:53.598, 337.84 W, 86 %, 20468 MiB
2026/08/23 01:17:54.612, 335.52 W, 89 %, 20468 MiB
2026/08/23 01:17:55.622, 336.40 W, 88 %, 20468 MiB
2026/08/23 01:17:56.635, 334.88 W, 89 %, 20468 MiB
2026/08/23 01:17:57.648, 333.55 W, 89 %, 20468 MiB
2026/08/23 01:17:58.659, 335.38 W, 93 %, 20468 MiB
2026/08/23 01:17:59.675, 333.74 W, 88 %, 20468 MiB
2026/08/23 01:18:00.686, 334.86 W, 91 %, 20468 MiB
2026/08/23 01:18:01.695, 335.62 W, 94 %, 20468 MiB
2026/08/23 01:18:02.705, 335.39 W, 87 %, 20468 MiB
2026/08/23 01:18:03.715, 334.73 W, 88 %, 20468 MiB
2026/08/23 01:18:04.725, 335.14 W, 82 %, 20468 MiB
2026/08/23 01:18:05.737, 336.19 W, 89 %, 20468 MiB
2026/08/23 01:18:06.748, 335.35 W, 93 %, 20468 MiB
2026/08/23 01:18:07.758, 338.93 W, 86 %, 20468 MiB
2026/08/23 01:18:08.770, 338.63 W, 90 %, 20468 MiB
2026/08/23 01:18:09.781, 335.28 W, 88 %, 20468 MiB
2026/08/23 01:18:10.786, 333.55 W, 81 %, 20468 MiB
2026/08/23 01:18:11.792, 336.08 W, 89 %, 20468 MiB
2026/08/23 01:18:12.804, 335.86 W, 90 %, 20468 MiB
2026/08/23 01:18:13.817, 335.11 W, 89 %, 20468 MiB
2026/08/23 01:18:14.827, 337.82 W, 86 %, 20468 MiB
2026/08/23 01:18:15.829, 336.60 W, 90 %, 20468 MiB
2026/08/23 01:18:16.843, 334.91 W, 85 %, 20468 MiB
2026/08/23 01:18:17.847, 334.80 W, 87 %, 20468 MiB
2026/08/23 01:18:18.855, 336.65 W, 89 %, 20468 MiB
2026/08/23 01:18:19.860, 334.88 W, 85 %, 20468 MiB
2026/08/23 01:18:20.861, 332.97 W, 90 %, 20468 MiB
2026/08/23 01:18:21.876, 333.97 W, 88 %, 20468 MiB
2026/08/23 01:18:22.885, 335.54 W, 88 %, 20468 MiB
2026/08/23 01:18:23.900, 334.88 W, 94 %, 20468 MiB
2026/08/23 01:18:24.911, 336.13 W, 87 %, 20468 MiB
2026/08/23 01:18:25.923, 337.80 W, 88 %, 20468 MiB
2026/08/23 01:18:26.933, 338.37 W, 88 %, 20468 MiB
2026/08/23 01:18:27.944, 335.22 W, 92 %, 20468 MiB
2026/08/23 01:18:28.947, 333.97 W, 88 %, 20468 MiB
2026/08/23 01:18:29.952, 335.67 W, 82 %, 20468 MiB
2026/08/23 01:18:30.964, 335.12 W, 90 %, 20468 MiB
2026/08/23 01:18:31.976, 340.21 W, 90 %, 20468 MiB
2026/08/23 01:18:32.987, 334.77 W, 88 %, 20468 MiB
2026/08/23 01:18:34.000, 336.89 W, 87 %, 20468 MiB
2026/08/23 01:18:35.013, 332.56 W, 85 %, 20468 MiB
2026/08/23 01:18:36.023, 335.70 W, 95 %, 20468 MiB
2026/08/23 01:18:37.030, 335.38 W, 88 %, 20468 MiB
2026/08/23 01:18:38.039, 337.89 W, 95 %, 20468 MiB
2026/08/23 01:18:39.051, 336.59 W, 90 %, 20468 MiB
2026/08/23 01:18:40.055, 336.95 W, 92 %, 20468 MiB
2026/08/23 01:18:41.061, 335.77 W, 83 %, 20468 MiB
2026/08/23 01:18:42.074, 336.52 W, 87 %, 20468 MiB
2026/08/23 01:18:43.084, 338.23 W, 91 %, 20468 MiB
2026/08/23 01:18:44.097, 339.46 W, 97 %, 20468 MiB
2026/08/23 01:18:45.106, 333.95 W, 86 %, 20468 MiB
2026/08/23 01:18:46.117, 333.75 W, 90 %, 20468 MiB
2026/08/23 01:18:47.126, 336.13 W, 89 %, 20468 MiB
2026/08/23 01:18:48.138, 335.15 W, 87 %, 20468 MiB
2026/08/23 01:18:49.151, 334.68 W, 86 %, 20468 MiB
2026/08/23 01:18:50.166, 336.83 W, 92 %, 20468 MiB
2026/08/23 01:18:51.173, 337.96 W, 96 %, 20468 MiB
2026/08/23 01:18:52.184, 336.98 W, 91 %, 20468 MiB
2026/08/23 01:18:53.196, 333.88 W, 93 %, 20468 MiB
2026/08/23 01:18:54.207, 337.46 W, 90 %, 20468 MiB
2026/08/23 01:18:55.213, 334.34 W, 91 %, 20468 MiB
2026/08/23 01:18:56.227, 338.26 W, 90 %, 20468 MiB
2026/08/23 01:18:57.232, 336.31 W, 83 %, 20468 MiB
2026/08/23 01:18:58.234, 334.76 W, 87 %, 20468 MiB
2026/08/23 01:18:59.248, 335.64 W, 89 %, 20468 MiB
2026/08/23 01:19:00.252, 336.17 W, 86 %, 20468 MiB
2026/08/23 01:19:01.258, 333.16 W, 88 %, 20468 MiB
2026/08/23 01:19:02.270, 336.60 W, 89 %, 20468 MiB
2026/08/23 01:19:03.277, 337.51 W, 91 %, 20468 MiB
2026/08/23 01:19:04.290, 332.92 W, 94 %, 20468 MiB
2026/08/23 01:19:05.305, 336.34 W, 92 %, 20468 MiB
2026/08/23 01:19:06.321, 334.80 W, 90 %, 20468 MiB
2026/08/23 01:19:07.332, 335.21 W, 88 %, 20468 MiB
2026/08/23 01:19:08.348, 335.77 W, 88 %, 20468 MiB
2026/08/23 01:19:09.360, 335.74 W, 90 %, 20468 MiB
2026/08/23 01:19:10.368, 334.80 W, 85 %, 20468 MiB
2026/08/23 01:19:11.374, 336.27 W, 89 %, 20468 MiB
2026/08/23 01:19:12.386, 334.41 W, 87 %, 20468 MiB
2026/08/23 01:19:13.402, 332.93 W, 89 %, 20468 MiB
2026/08/23 01:19:14.418, 334.71 W, 90 %, 20468 MiB
2026/08/23 01:19:15.420, 335.67 W, 89 %, 20468 MiB
2026/08/23 01:19:16.434, 337.86 W, 90 %, 20468 MiB
2026/08/23 01:19:17.445, 338.41 W, 89 %, 20468 MiB
2026/08/23 01:19:18.459, 338.75 W, 97 %, 20468 MiB
2026/08/23 01:19:19.468, 336.20 W, 86 %, 20468 MiB
2026/08/23 01:19:20.485, 336.38 W, 92 %, 20468 MiB
2026/08/23 01:19:21.493, 333.75 W, 84 %, 20468 MiB
2026/08/23 01:19:22.503, 337.04 W, 85 %, 20468 MiB
2026/08/23 01:19:23.516, 333.46 W, 87 %, 20468 MiB
2026/08/23 01:19:24.524, 331.73 W, 88 %, 20468 MiB
2026/08/23 01:19:25.536, 335.01 W, 89 %, 20468 MiB
2026/08/23 01:19:26.545, 335.42 W, 94 %, 20468 MiB
2026/08/23 01:19:27.552, 335.09 W, 88 %, 20468 MiB
2026/08/23 01:19:28.564, 336.78 W, 86 %, 20468 MiB
2026/08/23 01:19:29.579, 335.56 W, 83 %, 20468 MiB
2026/08/23 01:19:30.583, 333.12 W, 91 %, 20468 MiB
2026/08/23 01:19:31.593, 334.25 W, 90 %, 20468 MiB
2026/08/23 01:19:32.607, 335.85 W, 88 %, 20468 MiB
2026/08/23 01:19:33.622, 337.61 W, 95 %, 20468 MiB
2026/08/23 01:19:34.634, 335.44 W, 87 %, 20468 MiB
2026/08/23 01:19:35.648, 336.87 W, 90 %, 20468 MiB
2026/08/23 01:19:36.653, 334.97 W, 86 %, 20468 MiB
2026/08/23 01:19:37.665, 335.11 W, 86 %, 20468 MiB
2026/08/23 01:19:38.678, 333.43 W, 86 %, 20468 MiB
2026/08/23 01:19:39.689, 336.96 W, 92 %, 20468 MiB
2026/08/23 01:19:40.704, 334.97 W, 89 %, 20468 MiB
2026/08/23 01:19:41.718, 333.37 W, 83 %, 20468 MiB
2026/08/23 01:19:42.729, 335.90 W, 86 %, 20468 MiB
2026/08/23 01:19:43.741, 334.04 W, 89 %, 20515 MiB
2026/08/23 01:19:44.750, 336.55 W, 83 %, 20515 MiB
2026/08/23 01:19:45.759, 332.42 W, 84 %, 20517 MiB
2026/08/23 01:19:46.765, 336.19 W, 82 %, 20517 MiB
2026/08/23 01:19:47.776, 336.08 W, 88 %, 20518 MiB
2026/08/23 01:19:48.789, 336.34 W, 93 %, 20518 MiB
2026/08/23 01:19:49.799, 339.93 W, 96 %, 20518 MiB
2026/08/23 01:19:50.805, 334.77 W, 88 %, 20519 MiB
2026/08/23 01:19:51.819, 335.47 W, 88 %, 20519 MiB
2026/08/23 01:19:52.820, 335.28 W, 87 %, 20519 MiB
2026/08/23 01:19:53.834, 304.38 W, 87 %, 20545 MiB
2026/08/23 01:19:54.836, 336.01 W, 85 %, 20545 MiB
2026/08/23 01:19:55.844, 337.52 W, 83 %, 20545 MiB
2026/08/23 01:19:56.851, 340.48 W, 88 %, 20545 MiB
2026/08/23 01:19:57.858, 342.47 W, 85 %, 20545 MiB
2026/08/23 01:19:58.870, 340.11 W, 88 %, 20545 MiB
2026/08/23 01:19:59.881, 340.92 W, 88 %, 20545 MiB
2026/08/23 01:20:00.897, 341.52 W, 85 %, 20545 MiB
2026/08/23 01:20:01.909, 340.56 W, 87 %, 20545 MiB
2026/08/23 01:20:02.916, 339.53 W, 85 %, 20545 MiB
2026/08/23 01:20:03.926, 341.09 W, 88 %, 20554 MiB
2026/08/23 01:20:04.938, 341.57 W, 88 %, 20554 MiB
2026/08/23 01:20:05.953, 339.51 W, 92 %, 20554 MiB
2026/08/23 01:20:06.962, 340.20 W, 89 %, 20554 MiB
2026/08/23 01:20:07.967, 340.15 W, 88 %, 20554 MiB
2026/08/23 01:20:08.972, 340.75 W, 90 %, 20554 MiB
2026/08/23 01:20:09.987, 342.03 W, 81 %, 20554 MiB
2026/08/23 01:20:10.994, 339.86 W, 90 %, 20554 MiB
2026/08/23 01:20:12.009, 343.21 W, 92 %, 20554 MiB
2026/08/23 01:20:13.022, 341.67 W, 92 %, 20554 MiB
2026/08/23 01:20:14.037, 337.14 W, 88 %, 20554 MiB
2026/08/23 01:20:15.047, 341.02 W, 89 %, 20554 MiB
2026/08/23 01:20:16.060, 339.67 W, 90 %, 20554 MiB
2026/08/23 01:20:17.068, 340.39 W, 89 %, 20554 MiB
2026/08/23 01:20:18.080, 342.48 W, 88 %, 20554 MiB
2026/08/23 01:20:19.091, 343.51 W, 87 %, 20554 MiB
2026/08/23 01:20:20.093, 342.28 W, 87 %, 20554 MiB
2026/08/23 01:20:21.104, 341.24 W, 88 %, 20603 MiB
2026/08/23 01:20:22.113, 340.75 W, 89 %, 20603 MiB
2026/08/23 01:20:23.121, 340.75 W, 89 %, 20603 MiB
2026/08/23 01:20:24.130, 337.94 W, 87 %, 20605 MiB
2026/08/23 01:20:25.133, 333.84 W, 92 %, 20605 MiB
2026/08/23 01:20:26.144, 338.00 W, 84 %, 20649 MiB
2026/08/23 01:20:27.159, 337.95 W, 84 %, 20626 MiB
2026/08/23 01:20:28.174, 340.64 W, 88 %, 20626 MiB
2026/08/23 01:20:29.178, 337.90 W, 84 %, 20629 MiB
2026/08/23 01:20:30.191, 333.72 W, 86 %, 20635 MiB
2026/08/23 01:20:31.207, 334.48 W, 90 %, 20636 MiB
2026/08/23 01:20:32.221, 335.88 W, 90 %, 20636 MiB
2026/08/23 01:20:33.234, 340.65 W, 86 %, 20636 MiB
2026/08/23 01:20:34.247, 340.88 W, 89 %, 20636 MiB
2026/08/23 01:20:35.257, 340.72 W, 90 %, 20636 MiB
2026/08/23 01:20:36.269, 338.73 W, 80 %, 20636 MiB
2026/08/23 01:20:37.282, 341.31 W, 82 %, 20636 MiB
2026/08/23 01:20:38.295, 341.59 W, 96 %, 20636 MiB
2026/08/23 01:20:39.307, 339.01 W, 86 %, 20636 MiB
2026/08/23 01:20:40.319, 338.38 W, 83 %, 20636 MiB
2026/08/23 01:20:41.326, 342.75 W, 85 %, 20636 MiB
2026/08/23 01:20:42.338, 342.52 W, 94 %, 20637 MiB
2026/08/23 01:20:43.349, 341.96 W, 87 %, 20637 MiB
2026/08/23 01:20:44.363, 342.65 W, 93 %, 20637 MiB
2026/08/23 01:20:45.376, 338.01 W, 90 %, 20637 MiB
2026/08/23 01:20:46.389, 338.40 W, 75 %, 20637 MiB
2026/08/23 01:20:47.404, 332.82 W, 76 %, 20701 MiB
2026/08/23 01:20:48.409, 333.89 W, 87 %, 20716 MiB
2026/08/23 01:20:49.419, 333.64 W, 86 %, 20729 MiB
2026/08/23 01:20:50.423, 335.98 W, 87 %, 20729 MiB
2026/08/23 01:20:51.438, 337.01 W, 78 %, 20729 MiB
2026/08/23 01:20:52.454, 335.75 W, 82 %, 20745 MiB
2026/08/23 01:20:53.459, 338.10 W, 88 %, 20731 MiB
2026/08/23 01:20:54.474, 337.28 W, 81 %, 20741 MiB
2026/08/23 01:20:55.487, 330.76 W, 68 %, 20748 MiB
2026/08/23 01:20:56.500, 335.44 W, 89 %, 20750 MiB
2026/08/23 01:20:57.506, 340.91 W, 86 %, 20747 MiB
2026/08/23 01:20:58.512, 340.09 W, 87 %, 20746 MiB
2026/08/23 01:20:59.527, 342.71 W, 89 %, 20739 MiB
2026/08/23 01:21:00.535, 340.19 W, 83 %, 20740 MiB
2026/08/23 01:21:01.549, 339.82 W, 92 %, 20722 MiB
2026/08/23 01:21:02.554, 336.99 W, 90 %, 20720 MiB
2026/08/23 01:21:03.559, 337.96 W, 92 %, 20740 MiB
2026/08/23 01:21:04.568, 334.18 W, 84 %, 20735 MiB
2026/08/23 01:21:05.574, 335.98 W, 90 %, 20734 MiB
2026/08/23 01:21:06.578, 339.47 W, 87 %, 20730 MiB
2026/08/23 01:21:07.589, 338.25 W, 88 %, 20726 MiB
2026/08/23 01:21:08.591, 336.71 W, 83 %, 20729 MiB
2026/08/23 01:21:09.594, 338.98 W, 87 %, 20728 MiB
2026/08/23 01:21:10.607, 339.83 W, 92 %, 20722 MiB
2026/08/23 01:21:11.620, 340.35 W, 89 %, 20719 MiB
2026/08/23 01:21:12.628, 340.96 W, 89 %, 20723 MiB
2026/08/23 01:21:13.639, 341.44 W, 96 %, 20723 MiB
2026/08/23 01:21:14.649, 339.62 W, 89 %, 20723 MiB
2026/08/23 01:21:15.666, 343.19 W, 87 %, 20723 MiB
2026/08/23 01:21:16.670, 340.12 W, 90 %, 20719 MiB
2026/08/23 01:21:17.673, 342.76 W, 89 %, 20710 MiB
2026/08/23 01:21:18.677, 344.32 W, 92 %, 20710 MiB
2026/08/23 01:21:19.680, 343.08 W, 94 %, 20710 MiB
2026/08/23 01:21:20.684, 340.38 W, 86 %, 20716 MiB
2026/08/23 01:21:21.696, 341.20 W, 90 %, 20716 MiB
2026/08/23 01:21:22.711, 343.99 W, 93 %, 20716 MiB
2026/08/23 01:21:23.723, 343.64 W, 93 %, 20716 MiB
2026/08/23 01:21:24.736, 342.47 W, 85 %, 20716 MiB
2026/08/23 01:21:25.751, 340.81 W, 92 %, 20716 MiB
2026/08/23 01:21:26.754, 342.72 W, 93 %, 20716 MiB
2026/08/23 01:21:27.759, 343.33 W, 85 %, 20716 MiB
2026/08/23 01:21:28.761, 341.24 W, 85 %, 20716 MiB
2026/08/23 01:21:29.776, 340.79 W, 91 %, 20716 MiB
2026/08/23 01:21:30.790, 341.81 W, 88 %, 20716 MiB
2026/08/23 01:21:31.801, 341.32 W, 92 %, 20716 MiB
2026/08/23 01:21:32.809, 341.67 W, 90 %, 20716 MiB
2026/08/23 01:21:33.816, 342.72 W, 93 %, 20716 MiB
2026/08/23 01:21:34.828, 341.93 W, 93 %, 20716 MiB
2026/08/23 01:21:35.836, 339.47 W, 88 %, 20716 MiB
2026/08/23 01:21:36.851, 343.00 W, 90 %, 20716 MiB
2026/08/23 01:21:37.864, 344.00 W, 90 %, 20717 MiB
2026/08/23 01:21:38.875, 342.66 W, 91 %, 20717 MiB
2026/08/23 01:21:39.882, 344.24 W, 92 %, 20717 MiB
2026/08/23 01:21:40.891, 341.47 W, 93 %, 20717 MiB
2026/08/23 01:21:41.905, 342.61 W, 94 %, 20717 MiB
2026/08/23 01:21:42.911, 341.94 W, 69 %, 20717 MiB
2026/08/23 01:21:43.924, 341.58 W, 88 %, 20717 MiB
2026/08/23 01:21:44.935, 340.30 W, 90 %, 20717 MiB
2026/08/23 01:21:45.950, 339.91 W, 89 %, 20717 MiB
2026/08/23 01:21:46.964, 341.50 W, 88 %, 20717 MiB
2026/08/23 01:21:47.975, 343.27 W, 94 %, 20717 MiB
2026/08/23 01:21:48.977, 341.11 W, 91 %, 20725 MiB
2026/08/23 01:21:49.990, 338.94 W, 89 %, 20726 MiB
2026/08/23 01:21:51.002, 342.22 W, 91 %, 20726 MiB
2026/08/23 01:21:52.017, 340.29 W, 74 %, 20751 MiB
2026/08/23 01:21:53.019, 336.69 W, 89 %, 20725 MiB
2026/08/23 01:21:54.026, 341.20 W, 89 %, 20725 MiB
2026/08/23 01:21:55.039, 344.34 W, 91 %, 20724 MiB
2026/08/23 01:21:56.051, 340.33 W, 88 %, 20724 MiB
2026/08/23 01:21:57.064, 337.76 W, 88 %, 20659 MiB
2026/08/23 01:21:58.079, 343.48 W, 89 %, 20659 MiB
2026/08/23 01:21:59.089, 344.69 W, 92 %, 20661 MiB
2026/08/23 01:22:00.096, 340.69 W, 85 %, 20661 MiB
2026/08/23 01:22:01.107, 341.95 W, 88 %, 20661 MiB
2026/08/23 01:22:02.119, 342.21 W, 94 %, 20661 MiB
2026/08/23 01:22:03.129, 343.71 W, 97 %, 20661 MiB
2026/08/23 01:22:04.141, 343.94 W, 96 %, 20661 MiB
2026/08/23 01:22:05.147, 343.27 W, 89 %, 20661 MiB
2026/08/23 01:22:06.161, 342.32 W, 83 %, 20661 MiB
2026/08/23 01:22:07.172, 344.22 W, 92 %, 20661 MiB
2026/08/23 01:22:08.178, 342.93 W, 91 %, 20661 MiB
2026/08/23 01:22:09.182, 342.62 W, 92 %, 20661 MiB
2026/08/23 01:22:10.192, 338.12 W, 84 %, 20661 MiB
2026/08/23 01:22:11.198, 338.67 W, 88 %, 20661 MiB
2026/08/23 01:22:12.208, 337.48 W, 91 %, 20661 MiB
2026/08/23 01:22:13.214, 340.80 W, 91 %, 20662 MiB
2026/08/23 01:22:14.227, 340.36 W, 89 %, 20662 MiB
2026/08/23 01:22:15.239, 340.56 W, 85 %, 20662 MiB
2026/08/23 01:22:16.252, 344.20 W, 93 %, 20662 MiB
2026/08/23 01:22:17.267, 339.49 W, 83 %, 20662 MiB
2026/08/23 01:22:18.270, 343.65 W, 94 %, 20662 MiB
2026/08/23 01:22:19.279, 344.57 W, 93 %, 20662 MiB
2026/08/23 01:22:20.289, 341.24 W, 90 %, 20662 MiB
2026/08/23 01:22:21.297, 344.37 W, 89 %, 20662 MiB
2026/08/23 01:22:22.302, 339.90 W, 89 %, 20662 MiB
2026/08/23 01:22:23.307, 338.68 W, 90 %, 20662 MiB
2026/08/23 01:22:24.311, 342.74 W, 95 %, 20662 MiB
2026/08/23 01:22:25.325, 340.78 W, 92 %, 20662 MiB
2026/08/23 01:22:26.340, 341.97 W, 91 %, 20662 MiB
2026/08/23 01:22:27.349, 342.06 W, 85 %, 20662 MiB
2026/08/23 01:22:28.355, 340.65 W, 92 %, 20662 MiB
2026/08/23 01:22:29.368, 342.79 W, 89 %, 20662 MiB
2026/08/23 01:22:30.379, 340.71 W, 93 %, 20662 MiB
2026/08/23 01:22:31.391, 341.31 W, 96 %, 20662 MiB
2026/08/23 01:22:32.393, 342.89 W, 96 %, 20662 MiB
2026/08/23 01:22:33.398, 344.22 W, 94 %, 20662 MiB
2026/08/23 01:22:34.413, 340.24 W, 91 %, 20662 MiB
2026/08/23 01:22:35.417, 340.71 W, 89 %, 20662 MiB
2026/08/23 01:22:36.428, 341.66 W, 88 %, 20662 MiB
2026/08/23 01:22:37.437, 342.52 W, 91 %, 20662 MiB
2026/08/23 01:22:38.449, 342.69 W, 92 %, 20662 MiB
2026/08/23 01:22:39.451, 343.22 W, 86 %, 20662 MiB
2026/08/23 01:22:40.460, 341.28 W, 89 %, 20662 MiB
2026/08/23 01:22:41.473, 342.65 W, 88 %, 20662 MiB
2026/08/23 01:22:42.481, 343.54 W, 91 %, 20662 MiB
2026/08/23 01:22:43.492, 342.44 W, 86 %, 20662 MiB
2026/08/23 01:22:44.502, 342.88 W, 90 %, 20662 MiB
2026/08/23 01:22:45.516, 344.10 W, 90 %, 20662 MiB
2026/08/23 01:22:46.524, 340.47 W, 88 %, 20662 MiB
2026/08/23 01:22:47.539, 342.02 W, 88 %, 20662 MiB
2026/08/23 01:22:48.547, 339.18 W, 86 %, 20662 MiB
2026/08/23 01:22:49.560, 342.02 W, 87 %, 20662 MiB
2026/08/23 01:22:50.573, 342.72 W, 91 %, 20662 MiB
2026/08/23 01:22:51.585, 344.09 W, 91 %, 20662 MiB
2026/08/23 01:22:52.589, 342.03 W, 94 %, 20662 MiB
2026/08/23 01:22:53.601, 344.72 W, 94 %, 20662 MiB
2026/08/23 01:22:54.617, 339.45 W, 81 %, 20662 MiB
2026/08/23 01:22:55.628, 344.14 W, 89 %, 20662 MiB
2026/08/23 01:22:56.637, 341.60 W, 91 %, 20662 MiB
2026/08/23 01:22:57.649, 339.91 W, 91 %, 20662 MiB
2026/08/23 01:22:58.650, 340.62 W, 89 %, 20662 MiB
2026/08/23 01:22:59.663, 340.74 W, 89 %, 20662 MiB
2026/08/23 01:23:00.677, 340.63 W, 88 %, 20662 MiB
2026/08/23 01:23:01.688, 341.41 W, 90 %, 20662 MiB
2026/08/23 01:23:02.699, 344.54 W, 91 %, 20662 MiB
2026/08/23 01:23:03.712, 342.01 W, 88 %, 20662 MiB
2026/08/23 01:23:04.728, 343.30 W, 86 %, 20662 MiB
2026/08/23 01:23:05.742, 339.75 W, 88 %, 20662 MiB
2026/08/23 01:23:06.754, 345.35 W, 92 %, 20662 MiB
2026/08/23 01:23:07.769, 335.67 W, 83 %, 20662 MiB
2026/08/23 01:23:08.785, 339.81 W, 87 %, 20662 MiB
2026/08/23 01:23:09.789, 342.58 W, 88 %, 20662 MiB
2026/08/23 01:23:10.801, 343.40 W, 87 %, 20662 MiB
2026/08/23 01:23:11.813, 340.65 W, 86 %, 20662 MiB
2026/08/23 01:23:12.825, 342.39 W, 89 %, 20662 MiB
2026/08/23 01:23:13.834, 344.39 W, 91 %, 20662 MiB
2026/08/23 01:23:14.850, 341.31 W, 90 %, 20662 MiB
2026/08/23 01:23:15.858, 341.69 W, 87 %, 20662 MiB
2026/08/23 01:23:16.864, 342.17 W, 88 %, 20662 MiB
2026/08/23 01:23:17.874, 341.90 W, 88 %, 20662 MiB
2026/08/23 01:23:18.886, 339.29 W, 85 %, 20662 MiB
2026/08/23 01:23:19.894, 339.24 W, 90 %, 20662 MiB
2026/08/23 01:23:20.903, 338.64 W, 84 %, 20662 MiB
2026/08/23 01:23:21.913, 337.52 W, 90 %, 20662 MiB
2026/08/23 01:23:22.928, 339.14 W, 87 %, 20662 MiB
2026/08/23 01:23:23.936, 339.79 W, 88 %, 20662 MiB
2026/08/23 01:23:24.947, 342.45 W, 89 %, 20662 MiB
2026/08/23 01:23:25.955, 340.35 W, 92 %, 20662 MiB
2026/08/23 01:23:26.968, 343.09 W, 94 %, 20662 MiB
2026/08/23 01:23:27.980, 343.45 W, 91 %, 20662 MiB
2026/08/23 01:23:28.989, 343.44 W, 87 %, 20662 MiB
2026/08/23 01:23:30.000, 342.69 W, 87 %, 20662 MiB
2026/08/23 01:23:31.006, 342.99 W, 94 %, 20662 MiB
2026/08/23 01:23:32.018, 338.11 W, 90 %, 20662 MiB
2026/08/23 01:23:33.032, 345.47 W, 93 %, 20662 MiB
2026/08/23 01:23:34.042, 343.07 W, 89 %, 20662 MiB
2026/08/23 01:23:35.053, 345.23 W, 92 %, 20662 MiB
2026/08/23 01:23:36.062, 343.52 W, 88 %, 20662 MiB
2026/08/23 01:23:37.070, 342.05 W, 88 %, 20662 MiB
2026/08/23 01:23:38.083, 341.01 W, 93 %, 20662 MiB
2026/08/23 01:23:39.094, 344.52 W, 93 %, 20662 MiB
2026/08/23 01:23:40.105, 343.58 W, 91 %, 20662 MiB
2026/08/23 01:23:41.107, 342.98 W, 94 %, 20662 MiB
2026/08/23 01:23:42.121, 341.87 W, 89 %, 20662 MiB
2026/08/23 01:23:43.132, 342.98 W, 91 %, 20662 MiB
2026/08/23 01:23:44.146, 341.28 W, 90 %, 20662 MiB
2026/08/23 01:23:45.156, 341.09 W, 89 %, 20662 MiB
2026/08/23 01:23:46.170, 343.82 W, 91 %, 20662 MiB
2026/08/23 01:23:47.184, 343.04 W, 88 %, 20662 MiB
2026/08/23 01:23:48.199, 344.30 W, 87 %, 20662 MiB
2026/08/23 01:23:49.211, 342.92 W, 90 %, 20662 MiB
2026/08/23 01:23:50.226, 340.70 W, 81 %, 20662 MiB
2026/08/23 01:23:51.238, 340.59 W, 89 %, 20661 MiB
2026/08/23 01:23:52.251, 344.03 W, 89 %, 20661 MiB
2026/08/23 01:23:53.260, 345.72 W, 94 %, 20661 MiB
2026/08/23 01:23:54.263, 342.15 W, 92 %, 20661 MiB
2026/08/23 01:23:55.272, 343.65 W, 93 %, 20661 MiB
2026/08/23 01:23:56.286, 341.19 W, 88 %, 20661 MiB
2026/08/23 01:23:57.295, 341.30 W, 93 %, 20661 MiB
2026/08/23 01:23:58.301, 343.67 W, 90 %, 20661 MiB
2026/08/23 01:23:59.309, 343.32 W, 89 %, 20661 MiB
2026/08/23 01:24:00.325, 341.93 W, 91 %, 20661 MiB
2026/08/23 01:24:01.337, 342.96 W, 90 %, 20661 MiB
2026/08/23 01:24:02.348, 343.04 W, 96 %, 20661 MiB
2026/08/23 01:24:03.360, 344.10 W, 94 %, 20661 MiB
2026/08/23 01:24:04.370, 342.04 W, 96 %, 20661 MiB
2026/08/23 01:24:05.383, 343.60 W, 90 %, 20661 MiB
2026/08/23 01:24:06.396, 345.11 W, 93 %, 20661 MiB
2026/08/23 01:24:07.411, 343.53 W, 91 %, 20661 MiB
2026/08/23 01:24:08.423, 342.97 W, 97 %, 20661 MiB
2026/08/23 01:24:09.439, 343.83 W, 95 %, 20661 MiB
2026/08/23 01:24:10.453, 344.51 W, 95 %, 20661 MiB
2026/08/23 01:24:11.466, 343.63 W, 97 %, 20661 MiB
2026/08/23 01:24:12.479, 343.21 W, 87 %, 20661 MiB
2026/08/23 01:24:13.490, 338.80 W, 88 %, 20661 MiB
2026/08/23 01:24:14.495, 343.80 W, 92 %, 20661 MiB
2026/08/23 01:24:15.507, 344.20 W, 90 %, 20661 MiB
2026/08/23 01:24:16.509, 345.39 W, 94 %, 20661 MiB
2026/08/23 01:24:17.523, 342.01 W, 90 %, 20661 MiB
2026/08/23 01:24:18.536, 343.30 W, 94 %, 20661 MiB
2026/08/23 01:24:19.542, 338.41 W, 85 %, 20661 MiB
2026/08/23 01:24:20.555, 345.11 W, 93 %, 20661 MiB
2026/08/23 01:24:21.569, 345.19 W, 92 %, 20661 MiB
2026/08/23 01:24:22.584, 343.63 W, 85 %, 20661 MiB
2026/08/23 01:24:23.587, 343.57 W, 88 %, 20661 MiB
2026/08/23 01:24:24.598, 344.93 W, 90 %, 20661 MiB
2026/08/23 01:24:25.612, 345.35 W, 95 %, 20661 MiB
2026/08/23 01:24:26.622, 343.67 W, 93 %, 20661 MiB
2026/08/23 01:24:27.633, 343.93 W, 88 %, 20661 MiB
2026/08/23 01:24:28.645, 344.77 W, 89 %, 20661 MiB
2026/08/23 01:24:29.650, 341.67 W, 83 %, 20661 MiB
2026/08/23 01:24:30.665, 341.73 W, 85 %, 20660 MiB
2026/08/23 01:24:31.678, 341.06 W, 93 %, 20660 MiB
2026/08/23 01:24:32.690, 337.72 W, 84 %, 20660 MiB
2026/08/23 01:24:33.704, 344.09 W, 91 %, 20661 MiB
2026/08/23 01:24:34.706, 346.31 W, 93 %, 20661 MiB
2026/08/23 01:24:35.712, 343.20 W, 88 %, 20661 MiB
2026/08/23 01:24:36.728, 344.24 W, 94 %, 20661 MiB
2026/08/23 01:24:37.730, 346.27 W, 94 %, 20661 MiB
2026/08/23 01:24:38.737, 345.70 W, 89 %, 20661 MiB
2026/08/23 01:24:39.749, 343.01 W, 96 %, 20661 MiB
2026/08/23 01:24:40.760, 343.11 W, 89 %, 20661 MiB
2026/08/23 01:24:41.772, 340.94 W, 82 %, 20714 MiB
2026/08/23 01:24:42.786, 333.26 W, 87 %, 20711 MiB
2026/08/23 01:24:43.797, 345.60 W, 93 %, 20709 MiB
2026/08/23 01:24:44.808, 344.12 W, 91 %, 20712 MiB
2026/08/23 01:24:45.812, 343.16 W, 89 %, 20712 MiB
2026/08/23 01:24:46.824, 343.64 W, 92 %, 20712 MiB
2026/08/23 01:24:47.838, 340.90 W, 90 %, 20712 MiB
2026/08/23 01:24:48.851, 338.62 W, 90 %, 20712 MiB
2026/08/23 01:24:49.855, 342.13 W, 87 %, 20712 MiB
2026/08/23 01:24:50.869, 343.64 W, 91 %, 20712 MiB
2026/08/23 01:24:51.877, 342.24 W, 87 %, 20711 MiB
2026/08/23 01:24:52.890, 345.81 W, 92 %, 20711 MiB
2026/08/23 01:24:53.901, 341.41 W, 85 %, 20711 MiB
2026/08/23 01:24:54.911, 341.60 W, 85 %, 20711 MiB
2026/08/23 01:24:55.926, 344.02 W, 96 %, 20711 MiB
2026/08/23 01:24:56.938, 341.16 W, 86 %, 20711 MiB
2026/08/23 01:24:57.947, 340.70 W, 91 %, 20711 MiB
2026/08/23 01:24:58.960, 344.89 W, 89 %, 20711 MiB
2026/08/23 01:24:59.977, 343.15 W, 92 %, 20711 MiB
2026/08/23 01:25:00.981, 341.28 W, 91 %, 20711 MiB
2026/08/23 01:25:01.993, 342.42 W, 87 %, 20711 MiB
2026/08/23 01:25:03.005, 344.60 W, 83 %, 20712 MiB
2026/08/23 01:25:04.018, 338.73 W, 81 %, 20751 MiB
2026/08/23 01:25:05.031, 325.51 W, 38 %, 20751 MiB
2026/08/23 01:25:06.035, 326.73 W, 82 %, 20751 MiB
2026/08/23 01:25:07.047, 339.22 W, 91 %, 20737 MiB
2026/08/23 01:25:08.153, 335.48 W, 84 %, 20737 MiB
2026/08/23 01:25:09.166, 332.12 W, 81 %, 20737 MiB
2026/08/23 01:25:10.176, 340.63 W, 79 %, 20737 MiB
2026/08/23 01:25:11.190, 330.68 W, 74 %, 20737 MiB
2026/08/23 01:25:12.203, 337.56 W, 73 %, 20737 MiB
2026/08/23 01:25:13.213, 328.04 W, 58 %, 20737 MiB
2026/08/23 01:25:14.224, 332.71 W, 71 %, 20737 MiB
2026/08/23 01:25:15.239, 341.62 W, 89 %, 20737 MiB
2026/08/23 01:25:16.245, 339.70 W, 74 %, 20737 MiB
2026/08/23 01:25:17.258, 344.84 W, 86 %, 20737 MiB
2026/08/23 01:25:18.271, 338.17 W, 73 %, 20737 MiB
2026/08/23 01:25:19.277, 329.91 W, 82 %, 20737 MiB
2026/08/23 01:25:20.286, 341.05 W, 87 %, 20737 MiB
2026/08/23 01:25:21.293, 339.55 W, 88 %, 20747 MiB
2026/08/23 01:25:22.305, 337.51 W, 75 %, 20747 MiB
2026/08/23 01:25:23.317, 336.60 W, 80 %, 20747 MiB
2026/08/23 01:25:24.328, 332.84 W, 93 %, 20747 MiB
2026/08/23 01:25:25.341, 335.47 W, 89 %, 20748 MiB
2026/08/23 01:25:26.350, 335.24 W, 77 %, 20748 MiB
2026/08/23 01:25:27.359, 334.15 W, 93 %, 20748 MiB
2026/08/23 01:25:28.365, 345.96 W, 79 %, 20738 MiB
2026/08/23 01:25:29.375, 340.17 W, 87 %, 20738 MiB
2026/08/23 01:25:30.382, 347.73 W, 92 %, 20752 MiB
2026/08/23 01:25:31.392, 347.77 W, 86 %, 20752 MiB
2026/08/23 01:25:32.406, 344.44 W, 92 %, 20773 MiB
2026/08/23 01:25:33.408, 338.59 W, 93 %, 20773 MiB
2026/08/23 01:25:34.421, 328.57 W, 79 %, 20773 MiB
2026/08/23 01:25:35.434, 331.92 W, 93 %, 20773 MiB
2026/08/23 01:25:36.448, 338.74 W, 81 %, 20773 MiB
2026/08/23 01:25:37.458, 336.82 W, 91 %, 20802 MiB
2026/08/23 01:25:38.465, 343.47 W, 81 %, 20884 MiB
2026/08/23 01:25:39.469, 340.24 W, 86 %, 20901 MiB
2026/08/23 01:25:40.478, 344.58 W, 90 %, 20893 MiB
2026/08/23 01:25:41.484, 344.61 W, 81 %, 20884 MiB
2026/08/23 01:25:42.493, 341.15 W, 80 %, 20884 MiB
2026/08/23 01:25:43.496, 338.10 W, 80 %, 20880 MiB
2026/08/23 01:25:44.505, 340.44 W, 87 %, 20880 MiB
2026/08/23 01:25:45.516, 338.74 W, 82 %, 20871 MiB
2026/08/23 01:25:46.520, 334.51 W, 60 %, 20871 MiB
2026/08/23 01:25:47.525, 331.32 W, 86 %, 20871 MiB
2026/08/23 01:25:48.538, 345.27 W, 91 %, 20868 MiB
2026/08/23 01:25:49.547, 337.55 W, 90 %, 20868 MiB
2026/08/23 01:25:50.560, 335.86 W, 88 %, 20904 MiB
2026/08/23 01:25:51.566, 340.77 W, 84 %, 20899 MiB
2026/08/23 01:25:52.577, 337.43 W, 82 %, 20890 MiB
2026/08/23 01:25:53.584, 331.04 W, 81 %, 20890 MiB
2026/08/23 01:25:54.600, 336.88 W, 84 %, 20901 MiB
2026/08/23 01:25:55.615, 337.16 W, 75 %, 20967 MiB
2026/08/23 01:25:56.618, 336.48 W, 87 %, 20955 MiB
2026/08/23 01:25:57.626, 340.54 W, 89 %, 20969 MiB
2026/08/23 01:25:58.633, 337.87 W, 79 %, 20942 MiB
2026/08/23 01:25:59.645, 337.66 W, 80 %, 20941 MiB
2026/08/23 01:26:00.656, 334.77 W, 78 %, 20930 MiB
2026/08/23 01:26:01.668, 332.56 W, 83 %, 20930 MiB
2026/08/23 01:26:02.675, 334.61 W, 76 %, 20929 MiB
2026/08/23 01:26:03.687, 338.68 W, 80 %, 20920 MiB
2026/08/23 01:26:04.696, 335.47 W, 75 %, 20929 MiB
2026/08/23 01:26:05.709, 340.17 W, 78 %, 20926 MiB
2026/08/23 01:26:06.713, 332.74 W, 79 %, 20917 MiB
2026/08/23 01:26:07.722, 334.35 W, 78 %, 20917 MiB
2026/08/23 01:26:08.736, 333.51 W, 76 %, 20917 MiB
2026/08/23 01:26:09.748, 341.50 W, 90 %, 20910 MiB
2026/08/23 01:26:10.755, 329.70 W, 89 %, 20906 MiB
2026/08/23 01:26:11.761, 335.25 W, 86 %, 20925 MiB
2026/08/23 01:26:12.768, 338.40 W, 91 %, 20924 MiB
2026/08/23 01:26:13.773, 336.62 W, 93 %, 20920 MiB
2026/08/23 01:26:14.788, 338.62 W, 82 %, 20915 MiB
2026/08/23 01:26:15.801, 338.79 W, 75 %, 20915 MiB
2026/08/23 01:26:16.809, 327.12 W, 82 %, 20910 MiB
2026/08/23 01:26:17.822, 339.30 W, 82 %, 20910 MiB
2026/08/23 01:26:18.833, 333.53 W, 76 %, 20910 MiB
2026/08/23 01:26:19.847, 343.31 W, 86 %, 20942 MiB
2026/08/23 01:26:20.857, 334.96 W, 71 %, 20972 MiB
2026/08/23 01:26:21.867, 336.08 W, 84 %, 21041 MiB
2026/08/23 01:26:22.870, 339.38 W, 87 %, 21018 MiB
2026/08/23 01:26:23.883, 346.49 W, 89 %, 21005 MiB
2026/08/23 01:26:24.893, 345.44 W, 89 %, 21004 MiB
2026/08/23 01:26:25.905, 346.87 W, 88 %, 20996 MiB
2026/08/23 01:26:26.919, 344.69 W, 83 %, 20959 MiB
2026/08/23 01:26:27.930, 345.47 W, 87 %, 20959 MiB
2026/08/23 01:26:28.938, 345.89 W, 94 %, 20959 MiB
2026/08/23 01:26:29.943, 346.59 W, 89 %, 20959 MiB
2026/08/23 01:26:30.946, 348.83 W, 95 %, 20969 MiB
2026/08/23 01:26:31.957, 348.65 W, 96 %, 20974 MiB
2026/08/23 01:26:32.959, 348.93 W, 91 %, 20964 MiB
2026/08/23 01:26:33.966, 348.59 W, 97 %, 20956 MiB
2026/08/23 01:26:34.977, 348.06 W, 90 %, 20956 MiB
2026/08/23 01:26:35.985, 347.40 W, 90 %, 20956 MiB
2026/08/23 01:26:37.001, 346.00 W, 88 %, 20956 MiB
2026/08/23 01:26:38.013, 347.55 W, 93 %, 20967 MiB
2026/08/23 01:26:39.028, 348.49 W, 96 %, 20967 MiB
2026/08/23 01:26:40.035, 348.06 W, 93 %, 20967 MiB
2026/08/23 01:26:41.052, 347.38 W, 92 %, 20966 MiB
2026/08/23 01:26:42.062, 345.98 W, 86 %, 20966 MiB
2026/08/23 01:26:43.073, 349.34 W, 95 %, 20965 MiB
2026/08/23 01:26:44.087, 347.71 W, 94 %, 20965 MiB
2026/08/23 01:26:45.100, 346.75 W, 92 %, 20965 MiB
2026/08/23 01:26:46.109, 349.11 W, 95 %, 20965 MiB
2026/08/23 01:26:47.123, 346.96 W, 90 %, 20965 MiB
2026/08/23 01:26:48.139, 347.89 W, 93 %, 20965 MiB
2026/08/23 01:26:49.150, 348.68 W, 92 %, 20962 MiB
2026/08/23 01:26:50.163, 346.87 W, 95 %, 20954 MiB
2026/08/23 01:26:51.168, 344.76 W, 86 %, 20966 MiB
2026/08/23 01:26:52.181, 346.06 W, 93 %, 20966 MiB
2026/08/23 01:26:53.195, 347.22 W, 92 %, 20957 MiB
2026/08/23 01:26:54.207, 346.83 W, 94 %, 20957 MiB
2026/08/23 01:26:55.223, 347.90 W, 95 %, 20957 MiB
2026/08/23 01:26:56.238, 347.71 W, 93 %, 20965 MiB
2026/08/23 01:26:57.243, 347.87 W, 95 %, 20965 MiB
2026/08/23 01:26:58.251, 347.72 W, 89 %, 20965 MiB
2026/08/23 01:26:59.265, 348.76 W, 93 %, 20965 MiB
2026/08/23 01:27:00.277, 347.89 W, 91 %, 20965 MiB
2026/08/23 01:27:01.289, 347.38 W, 90 %, 20965 MiB
2026/08/23 01:27:02.293, 348.08 W, 95 %, 20965 MiB
2026/08/23 01:27:03.302, 342.55 W, 92 %, 20817 MiB
2026/08/23 01:27:04.311, 345.58 W, 86 %, 20817 MiB
2026/08/23 01:27:05.313, 342.71 W, 81 %, 20808 MiB
2026/08/23 01:27:06.317, 338.18 W, 80 %, 20808 MiB
2026/08/23 01:27:07.328, 338.74 W, 88 %, 20808 MiB
2026/08/23 01:27:08.343, 344.13 W, 78 %, 20808 MiB
2026/08/23 01:27:09.357, 337.48 W, 91 %, 20808 MiB
2026/08/23 01:27:10.365, 337.58 W, 84 %, 20808 MiB
2026/08/23 01:27:11.372, 344.27 W, 91 %, 20808 MiB
2026/08/23 01:27:12.384, 343.02 W, 88 %, 20808 MiB
2026/08/23 01:27:13.395, 344.26 W, 86 %, 20808 MiB
2026/08/23 01:27:14.403, 340.19 W, 83 %, 20808 MiB
2026/08/23 01:27:15.411, 342.46 W, 89 %, 20808 MiB
2026/08/23 01:27:16.422, 344.44 W, 93 %, 20808 MiB
2026/08/23 01:27:17.432, 337.09 W, 88 %, 20808 MiB
2026/08/23 01:27:18.446, 285.68 W, 1 %, 908 MiB
2026/08/23 01:27:19.461, 167.67 W, 1 %, 908 MiB
2026/08/23 01:27:20.478, 141.98 W, 4 %, 908 MiB
2026/08/23 01:27:21.485, 92.41 W, 2 %, 908 MiB
2026/08/23 01:27:22.499, 90.57 W, 5 %, 908 MiB
2026/08/23 01:27:23.504, 89.81 W, 3 %, 908 MiB
2026/08/23 01:27:24.518, 80.57 W, 4 %, 908 MiB
2026/08/23 01:27:25.531, 43.34 W, 8 %, 908 MiB
2026/08/23 01:27:26.539, 40.40 W, 3 %, 908 MiB
2026/08/23 01:27:27.544, 35.35 W, 19 %, 908 MiB
2026/08/23 01:27:28.554, 35.64 W, 9 %, 910 MiB
2026/08/23 01:27:29.566, 35.47 W, 5 %, 909 MiB
2026/08/23 01:27:30.577, 35.29 W, 10 %, 919 MiB
2026/08/23 01:27:31.585, 34.92 W, 5 %, 909 MiB
2026/08/23 01:27:32.589, 40.72 W, 36 %, 916 MiB
2026/08/23 01:27:33.604, 39.93 W, 24 %, 926 MiB
