timestamp, power.draw [W], power.draw.instant [W], clocks.current.sm [MHz], clocks.current.memory [MHz], utilization.gpu [%], utilization.memory [%], memory.used [MiB], memory.reserved [MiB], temperature.gpu, pstate, clocks_event_reasons.active
2026/08/31 22:45:07.576, 37.69, 37.67, 210, 405, 1, 0, 454, 455, 55, P8, 0x0000000000000001
2026/08/31 22:45:08.089, 37.69, 37.67, 210, 405, 1, 0, 454, 455, 55, P8, 0x0000000000000001
2026/08/31 22:45:08.589, 37.67, 37.48, 210, 405, 1, 0, 454, 455, 56, P8, 0x0000000000000001
2026/08/31 22:45:09.090, 37.67, 37.72, 210, 405, 1, 0, 454, 455, 55, P8, 0x0000000000000001
2026/08/31 22:45:09.590, 37.67, 37.78, 210, 405, 1, 0, 454, 455, 55, P8, 0x0000000000000001
2026/08/31 22:45:10.090, 37.66, 37.62, 210, 405, 1, 0, 454, 455, 56, P8, 0x0000000000000001
2026/08/31 22:45:10.591, 37.61, 37.65, 210, 405, 1, 0, 454, 455, 55, P8, 0x0000000000000001
2026/08/31 22:45:11.091, 37.53, 37.51, 210, 405, 1, 0, 454, 455, 56, P8, 0x0000000000000001
2026/08/31 22:45:11.591, 37.55, 37.63, 210, 405, 1, 0, 454, 455, 56, P8, 0x0000000000000001
2026/08/31 22:45:12.091, 37.64, 37.67, 210, 405, 1, 0, 454, 455, 55, P8, 0x0000000000000001
2026/08/31 22:45:12.592, 37.68, 37.70, 210, 405, 1, 0, 454, 455, 56, P8, 0x0000000000000001
2026/08/31 22:45:13.092, 37.72, 37.57, 210, 405, 1, 0, 454, 455, 56, P8, 0x0000000000000001
2026/08/31 22:45:13.592, 37.69, 37.59, 210, 405, 1, 0, 454, 455, 56, P8, 0x0000000000000001
2026/08/31 22:45:14.093, 37.65, 37.74, 210, 405, 1, 0, 454, 455, 56, P8, 0x0000000000000001
2026/08/31 22:45:14.594, 37.76, 37.79, 210, 405, 1, 0, 454, 455, 56, P8, 0x0000000000000001
2026/08/31 22:45:15.095, 37.78, 37.65, 210, 405, 1, 0, 454, 455, 56, P8, 0x0000000000000001
2026/08/31 22:45:15.595, 37.78, 37.84, 210, 405, 1, 0, 454, 455, 56, P8, 0x0000000000000001
2026/08/31 22:45:16.095, 37.79, 37.92, 210, 405, 1, 0, 454, 455, 56, P8, 0x0000000000000001
2026/08/31 22:45:16.595, 37.75, 37.74, 210, 405, 1, 0, 454, 455, 56, P8, 0x0000000000000001
2026/08/31 22:45:17.096, 37.69, 37.56, 210, 405, 0, 0, 454, 455, 56, P8, 0x0000000000000001
2026/08/31 22:45:17.596, 37.67, 37.73, 210, 405, 0, 0, 454, 455, 56, P8, 0x0000000000000001
2026/08/31 22:45:18.096, 37.64, 37.69, 210, 405, 0, 0, 454, 455, 56, P8, 0x0000000000000001
2026/08/31 22:45:18.597, 37.71, 37.78, 210, 405, 0, 0, 454, 455, 56, P8, 0x0000000000000001
2026/08/31 22:45:19.097, 37.81, 37.82, 210, 405, 0, 0, 454, 455, 56, P8, 0x0000000000000001
2026/08/31 22:45:19.597, 37.82, 37.85, 210, 405, 0, 0, 454, 455, 56, P8, 0x0000000000000001
2026/08/31 22:45:20.098, 37.85, 37.79, 210, 405, 0, 0, 454, 455, 56, P8, 0x0000000000000001
2026/08/31 22:45:20.598, 37.83, 37.67, 210, 405, 0, 0, 454, 455, 56, P8, 0x0000000000000001
2026/08/31 22:45:21.098, 37.74, 37.71, 210, 405, 1, 0, 454, 455, 56, P8, 0x0000000000000001
2026/08/31 22:45:21.599, 37.65, 37.65, 210, 405, 1, 0, 454, 455, 56, P8, 0x0000000000000001
2026/08/31 22:45:22.099, 37.59, 37.51, 210, 405, 0, 0, 454, 455, 56, P8, 0x0000000000000001
2026/08/31 22:45:22.599, 37.56, 37.53, 210, 405, 0, 0, 454, 455, 56, P8, 0x0000000000000001
2026/08/31 22:45:23.100, 37.57, 37.56, 210, 405, 1, 0, 454, 455, 56, P8, 0x0000000000000001
2026/08/31 22:45:23.600, 37.58, 37.58, 210, 405, 1, 0, 454, 455, 56, P8, 0x0000000000000001
2026/08/31 22:45:24.100, 37.57, 37.83, 210, 405, 2, 0, 454, 455, 56, P8, 0x0000000000000001
2026/08/31 22:45:24.601, 37.63, 37.74, 210, 405, 2, 0, 454, 455, 56, P8, 0x0000000000000001
2026/08/31 22:45:25.101, 37.72, 37.88, 210, 405, 2, 0, 454, 455, 56, P8, 0x0000000000000001
2026/08/31 22:45:25.602, 37.66, 37.68, 210, 405, 2, 0, 454, 455, 56, P8, 0x0000000000000001
2026/08/31 22:45:26.102, 37.65, 37.85, 210, 405, 2, 0, 454, 455, 56, P8, 0x0000000000000001
2026/08/31 22:45:26.602, 37.67, 37.84, 210, 405, 2, 0, 454, 455, 56, P8, 0x0000000000000001
2026/08/31 22:45:27.103, 37.73, 37.94, 210, 405, 2, 0, 454, 455, 56, P8, 0x0000000000000001
2026/08/31 22:45:27.603, 37.74, 37.74, 210, 405, 2, 0, 454, 455, 56, P8, 0x0000000000000001
2026/08/31 22:45:28.103, 37.85, 38.09, 210, 405, 2, 0, 454, 455, 56, P8, 0x0000000000000001
2026/08/31 22:45:28.604, 37.92, 37.85, 210, 405, 2, 0, 454, 455, 56, P8, 0x0000000000000001
2026/08/31 22:45:29.104, 37.92, 37.94, 210, 405, 2, 0, 454, 455, 56, P8, 0x0000000000000001
2026/08/31 22:45:29.604, 37.83, 37.78, 210, 405, 2, 0, 454, 455, 56, P8, 0x0000000000000001
2026/08/31 22:45:30.105, 37.83, 38.09, 210, 405, 2, 0, 454, 455, 56, P8, 0x0000000000000001
2026/08/31 22:45:30.605, 37.85, 37.89, 210, 405, 2, 0, 454, 455, 56, P8, 0x0000000000000001
2026/08/31 22:45:31.105, 37.84, 37.87, 210, 405, 2, 0, 454, 455, 56, P8, 0x0000000000000001
2026/08/31 22:45:31.606, 37.90, 37.87, 210, 405, 2, 0, 454, 455, 56, P8, 0x0000000000000001
2026/08/31 22:45:32.106, 37.85, 37.91, 210, 405, 2, 0, 454, 455, 56, P8, 0x0000000000000001
2026/08/31 22:45:32.606, 37.87, 37.96, 210, 405, 2, 0, 454, 455, 56, P8, 0x0000000000000001
2026/08/31 22:45:33.107, 38.00, 38.08, 210, 405, 1, 0, 454, 455, 56, P8, 0x0000000000000001
2026/08/31 22:45:33.607, 38.04, 37.95, 210, 405, 1, 0, 454, 455, 56, P8, 0x0000000000000001
2026/08/31 22:45:34.107, 38.00, 37.92, 210, 405, 1, 0, 454, 455, 56, P8, 0x0000000000000001
2026/08/31 22:45:34.608, 37.92, 37.88, 210, 405, 1, 0, 454, 455, 56, P8, 0x0000000000000001
2026/08/31 22:45:35.108, 37.91, 37.88, 210, 405, 0, 0, 454, 455, 56, P8, 0x0000000000000001
2026/08/31 22:45:35.609, 37.91, 37.89, 210, 405, 0, 0, 454, 455, 56, P8, 0x0000000000000001
2026/08/31 22:45:36.109, 37.95, 37.94, 210, 405, 1, 0, 454, 455, 56, P8, 0x0000000000000001
2026/08/31 22:45:36.609, 37.93, 37.81, 210, 405, 1, 0, 454, 455, 56, P8, 0x0000000000000001
2026/08/31 22:45:37.110, 37.92, 37.92, 210, 405, 1, 0, 454, 455, 56, P8, 0x0000000000000001
2026/08/31 22:45:37.610, 37.94, 37.98, 210, 405, 1, 0, 454, 455, 56, P8, 0x0000000000000001
2026/08/31 22:45:38.110, 37.97, 38.02, 210, 405, 1, 0, 454, 455, 56, P8, 0x0000000000000001
2026/08/31 22:45:38.611, 37.96, 37.78, 210, 405, 1, 0, 454, 455, 56, P8, 0x0000000000000001
2026/08/31 22:45:39.111, 37.92, 37.83, 210, 405, 1, 0, 454, 455, 56, P8, 0x0000000000000001
2026/08/31 22:45:39.611, 37.89, 37.84, 210, 405, 1, 0, 454, 455, 56, P8, 0x0000000000000001
2026/08/31 22:45:40.112, 37.83, 37.89, 210, 405, 1, 0, 454, 455, 56, P8, 0x0000000000000001
2026/08/31 22:45:40.612, 37.81, 37.76, 210, 405, 1, 0, 454, 455, 56, P8, 0x0000000000000001
2026/08/31 22:45:41.112, 37.87, 37.93, 210, 405, 1, 0, 454, 455, 56, P8, 0x0000000000000001
2026/08/31 22:45:41.613, 37.88, 37.90, 210, 405, 1, 0, 454, 455, 56, P8, 0x0000000000000001
2026/08/31 22:45:42.113, 37.87, 37.71, 210, 405, 1, 0, 454, 455, 56, P8, 0x0000000000000001
2026/08/31 22:45:42.613, 37.76, 37.53, 210, 405, 1, 0, 454, 455, 56, P8, 0x0000000000000001
2026/08/31 22:45:43.114, 37.72, 37.78, 210, 405, 1, 0, 454, 455, 56, P8, 0x0000000000000001
2026/08/31 22:45:43.614, 37.71, 37.77, 210, 405, 1, 0, 454, 455, 56, P8, 0x0000000000000001
2026/08/31 22:45:44.114, 37.76, 37.65, 210, 405, 0, 0, 454, 455, 56, P8, 0x0000000000000001
2026/08/31 22:45:44.615, 37.79, 37.69, 210, 405, 0, 0, 454, 455, 56, P8, 0x0000000000000001
2026/08/31 22:45:45.115, 37.74, 37.82, 210, 405, 1, 0, 454, 455, 56, P8, 0x0000000000000001
2026/08/31 22:45:45.615, 37.74, 37.55, 210, 405, 1, 0, 454, 455, 56, P8, 0x0000000000000001
2026/08/31 22:45:46.116, 37.76, 37.83, 210, 405, 1, 0, 454, 455, 56, P8, 0x0000000000000001
2026/08/31 22:45:46.616, 37.75, 37.70, 210, 405, 1, 0, 454, 455, 56, P8, 0x0000000000000001
2026/08/31 22:45:47.116, 37.78, 37.72, 210, 405, 1, 0, 454, 455, 56, P8, 0x0000000000000001
2026/08/31 22:45:47.617, 37.75, 37.78, 210, 405, 1, 0, 454, 455, 56, P8, 0x0000000000000001
2026/08/31 22:45:48.117, 37.82, 37.88, 210, 405, 1, 0, 454, 455, 56, P8, 0x0000000000000001
2026/08/31 22:45:48.617, 37.89, 37.71, 210, 405, 1, 0, 454, 455, 56, P8, 0x0000000000000001
2026/08/31 22:45:49.118, 37.83, 37.84, 210, 405, 1, 0, 454, 455, 56, P8, 0x0000000000000001
2026/08/31 22:45:49.618, 37.77, 37.71, 210, 405, 1, 0, 454, 455, 56, P8, 0x0000000000000001
2026/08/31 22:45:50.118, 37.77, 37.85, 210, 405, 1, 0, 454, 455, 56, P8, 0x0000000000000001
2026/08/31 22:45:50.619, 37.71, 37.67, 210, 405, 1, 0, 454, 455, 56, P8, 0x0000000000000001
2026/08/31 22:45:51.119, 37.74, 37.81, 210, 405, 1, 0, 454, 455, 56, P8, 0x0000000000000001
2026/08/31 22:45:51.619, 37.75, 37.84, 210, 405, 1, 0, 454, 455, 56, P8, 0x0000000000000001
2026/08/31 22:45:52.120, 37.78, 37.83, 210, 405, 1, 0, 454, 455, 56, P8, 0x0000000000000001
2026/08/31 22:45:52.620, 37.83, 37.77, 210, 405, 1, 0, 454, 455, 56, P8, 0x0000000000000001
2026/08/31 22:45:53.120, 37.83, 37.86, 210, 405, 1, 0, 454, 455, 56, P8, 0x0000000000000001
2026/08/31 22:45:53.621, 37.79, 37.71, 210, 405, 1, 0, 454, 455, 56, P8, 0x0000000000000001
2026/08/31 22:45:54.121, 37.74, 37.86, 210, 405, 1, 0, 454, 455, 56, P8, 0x0000000000000001
2026/08/31 22:45:54.621, 37.79, 38.08, 210, 405, 1, 0, 454, 455, 56, P8, 0x0000000000000001
2026/08/31 22:45:55.122, 37.98, 38.02, 210, 405, 1, 0, 454, 455, 56, P8, 0x0000000000000001
2026/08/31 22:45:55.622, 38.01, 37.90, 210, 405, 1, 0, 454, 455, 56, P8, 0x0000000000000001
2026/08/31 22:45:56.122, 37.96, 38.03, 210, 405, 1, 0, 454, 455, 56, P8, 0x0000000000000001
2026/08/31 22:45:56.623, 38.02, 38.06, 210, 405, 1, 0, 454, 455, 56, P8, 0x0000000000000001
2026/08/31 22:45:57.123, 38.08, 38.03, 210, 405, 1, 0, 454, 455, 56, P8, 0x0000000000000001
2026/08/31 22:45:57.623, 38.06, 37.93, 210, 405, 1, 0, 454, 455, 56, P8, 0x0000000000000001
2026/08/31 22:45:58.124, 37.99, 37.94, 210, 405, 0, 0, 454, 455, 56, P8, 0x0000000000000001
2026/08/31 22:45:58.624, 37.94, 37.90, 210, 405, 0, 0, 454, 455, 56, P8, 0x0000000000000001
2026/08/31 22:45:59.124, 37.94, 38.10, 210, 405, 0, 0, 454, 455, 56, P8, 0x0000000000000001
2026/08/31 22:45:59.625, 38.03, 38.08, 210, 405, 0, 0, 454, 455, 56, P8, 0x0000000000000001
2026/08/31 22:46:00.125, 38.10, 38.08, 210, 405, 1, 0, 454, 455, 56, P8, 0x0000000000000001
2026/08/31 22:46:00.625, 38.02, 37.99, 210, 405, 1, 0, 454, 455, 56, P8, 0x0000000000000001
2026/08/31 22:46:01.126, 38.06, 38.22, 210, 405, 1, 0, 454, 455, 56, P8, 0x0000000000000001
2026/08/31 22:46:01.626, 38.06, 37.98, 210, 405, 1, 0, 454, 455, 56, P8, 0x0000000000000001
2026/08/31 22:46:02.126, 38.07, 38.17, 210, 405, 1, 0, 454, 455, 56, P8, 0x0000000000000001
2026/08/31 22:46:02.627, 38.09, 38.03, 210, 405, 1, 0, 454, 455, 56, P8, 0x0000000000000001
2026/08/31 22:46:03.127, 38.11, 38.15, 210, 405, 1, 0, 454, 455, 56, P8, 0x0000000000000001
2026/08/31 22:46:03.628, 38.05, 37.84, 210, 405, 1, 0, 454, 455, 56, P8, 0x0000000000000001
2026/08/31 22:46:04.128, 38.01, 38.16, 210, 405, 1, 0, 454, 455, 56, P8, 0x0000000000000001
2026/08/31 22:46:04.628, 38.00, 38.04, 210, 405, 1, 0, 454, 455, 56, P8, 0x0000000000000001
2026/08/31 22:46:05.129, 38.04, 38.05, 210, 405, 1, 0, 454, 455, 56, P8, 0x0000000000000001
2026/08/31 22:46:05.629, 38.00, 37.95, 210, 405, 1, 0, 454, 455, 56, P8, 0x0000000000000001
2026/08/31 22:46:06.129, 38.06, 38.31, 210, 405, 1, 0, 454, 455, 56, P8, 0x0000000000000001
2026/08/31 22:46:06.630, 38.16, 38.11, 210, 405, 1, 0, 454, 455, 56, P8, 0x0000000000000001
2026/08/31 22:46:07.130, 38.19, 38.20, 210, 405, 1, 0, 454, 455, 56, P8, 0x0000000000000001
2026/08/31 22:46:07.630, 38.20, 38.31, 210, 405, 1, 0, 454, 455, 56, P8, 0x0000000000000001
2026/08/31 22:46:08.131, 38.24, 38.21, 210, 405, 1, 0, 454, 455, 56, P8, 0x0000000000000001
2026/08/31 22:46:08.631, 38.13, 38.03, 210, 405, 1, 0, 454, 455, 56, P8, 0x0000000000000001
2026/08/31 22:46:09.131, 38.06, 38.11, 210, 405, 0, 0, 454, 455, 56, P8, 0x0000000000000001
2026/08/31 22:46:09.632, 38.05, 38.01, 210, 405, 0, 0, 454, 455, 56, P8, 0x0000000000000001
2026/08/31 22:46:10.132, 38.05, 37.98, 210, 405, 0, 0, 454, 455, 56, P8, 0x0000000000000001
2026/08/31 22:46:10.633, 38.03, 38.02, 210, 405, 0, 0, 454, 455, 56, P8, 0x0000000000000001
2026/08/31 22:46:11.133, 38.01, 37.99, 210, 405, 0, 0, 454, 455, 56, P8, 0x0000000000000001
2026/08/31 22:46:11.633, 38.08, 38.06, 210, 405, 0, 0, 454, 455, 56, P8, 0x0000000000000001
2026/08/31 22:46:12.134, 38.08, 37.96, 210, 405, 0, 0, 454, 455, 56, P8, 0x0000000000000001
2026/08/31 22:46:12.634, 38.03, 38.04, 210, 405, 0, 0, 454, 455, 56, P8, 0x0000000000000001
2026/08/31 22:46:13.134, 38.02, 38.01, 210, 405, 1, 0, 454, 455, 56, P8, 0x0000000000000001
2026/08/31 22:46:13.635, 38.04, 37.97, 210, 405, 1, 0, 454, 455, 56, P8, 0x0000000000000001
2026/08/31 22:46:14.135, 38.02, 37.99, 210, 405, 1, 0, 454, 455, 56, P8, 0x0000000000000001
2026/08/31 22:46:14.635, 37.97, 37.98, 210, 405, 1, 0, 454, 455, 56, P8, 0x0000000000000001
2026/08/31 22:46:15.136, 37.99, 37.87, 210, 405, 1, 0, 454, 455, 56, P8, 0x0000000000000001
2026/08/31 22:46:15.636, 38.01, 37.96, 210, 405, 1, 0, 454, 455, 56, P8, 0x0000000000000001
2026/08/31 22:46:16.136, 38.04, 38.21, 210, 405, 1, 0, 454, 455, 56, P8, 0x0000000000000001
2026/08/31 22:46:16.637, 38.10, 38.09, 210, 405, 1, 0, 454, 455, 56, P8, 0x0000000000000001
2026/08/31 22:46:17.137, 38.15, 38.22, 210, 405, 1, 0, 454, 455, 56, P8, 0x0000000000000001
2026/08/31 22:46:17.638, 38.15, 38.12, 210, 405, 1, 0, 454, 455, 56, P8, 0x0000000000000001
2026/08/31 22:46:18.138, 38.15, 38.17, 210, 405, 1, 0, 454, 455, 56, P8, 0x0000000000000001
2026/08/31 22:46:18.638, 38.14, 38.12, 210, 405, 1, 0, 454, 455, 56, P8, 0x0000000000000001
2026/08/31 22:46:19.139, 38.16, 38.30, 210, 405, 1, 0, 454, 455, 56, P8, 0x0000000000000001
2026/08/31 22:46:19.639, 38.12, 38.16, 210, 405, 1, 0, 454, 455, 56, P8, 0x0000000000000001
2026/08/31 22:46:20.139, 38.11, 38.22, 210, 405, 1, 0, 454, 455, 56, P8, 0x0000000000000001
2026/08/31 22:46:20.640, 38.14, 38.19, 210, 405, 1, 0, 454, 455, 56, P8, 0x0000000000000001
2026/08/31 22:46:21.140, 38.16, 38.17, 210, 405, 1, 0, 454, 455, 56, P8, 0x0000000000000001
2026/08/31 22:46:21.640, 38.14, 38.15, 210, 405, 1, 0, 454, 455, 56, P8, 0x0000000000000001
2026/08/31 22:46:22.141, 38.14, 38.04, 210, 405, 1, 0, 454, 455, 56, P8, 0x0000000000000001
2026/08/31 22:46:22.641, 38.13, 38.06, 210, 405, 1, 0, 454, 455, 56, P8, 0x0000000000000001
2026/08/31 22:46:23.142, 38.15, 38.17, 210, 405, 0, 0, 454, 455, 56, P8, 0x0000000000000001
2026/08/31 22:46:23.642, 38.21, 38.30, 210, 405, 0, 0, 454, 455, 56, P8, 0x0000000000000001
2026/08/31 22:46:24.142, 38.24, 38.29, 210, 405, 1, 0, 454, 455, 56, P8, 0x0000000000000001
2026/08/31 22:46:24.643, 38.26, 38.20, 210, 405, 1, 0, 454, 455, 56, P8, 0x0000000000000001
2026/08/31 22:46:25.143, 38.24, 38.29, 210, 405, 1, 0, 454, 455, 56, P8, 0x0000000000000001
2026/08/31 22:46:25.643, 38.26, 38.31, 210, 405, 1, 0, 454, 455, 56, P8, 0x0000000000000001
2026/08/31 22:46:26.144, 38.31, 38.43, 210, 405, 0, 0, 454, 455, 56, P8, 0x0000000000000001
2026/08/31 22:46:26.644, 38.29, 38.04, 210, 405, 0, 0, 454, 455, 56, P8, 0x0000000000000001
2026/08/31 22:46:27.145, 38.30, 38.46, 210, 405, 1, 0, 454, 455, 56, P8, 0x0000000000000001
2026/08/31 22:46:27.645, 38.30, 38.25, 210, 405, 1, 0, 454, 455, 56, P8, 0x0000000000000001
2026/08/31 22:46:28.145, 38.37, 38.32, 210, 405, 1, 0, 454, 455, 56, P8, 0x0000000000000001
2026/08/31 22:46:28.646, 38.28, 38.07, 210, 405, 1, 0, 454, 455, 56, P8, 0x0000000000000001
2026/08/31 22:46:29.146, 38.14, 38.03, 210, 405, 1, 0, 454, 455, 56, P8, 0x0000000000000001
2026/08/31 22:46:29.647, 38.04, 38.11, 210, 405, 1, 0, 454, 455, 56, P8, 0x0000000000000001
2026/08/31 22:46:30.147, 38.07, 38.05, 210, 405, 1, 0, 454, 455, 56, P8, 0x0000000000000001
2026/08/31 22:46:30.647, 38.09, 38.10, 210, 405, 1, 0, 454, 455, 56, P8, 0x0000000000000001
2026/08/31 22:46:31.148, 38.10, 38.22, 210, 405, 1, 0, 454, 455, 56, P8, 0x0000000000000001
2026/08/31 22:46:31.648, 38.06, 37.86, 210, 405, 1, 0, 454, 455, 56, P8, 0x0000000000000001
2026/08/31 22:46:32.148, 38.08, 38.13, 210, 405, 1, 0, 454, 455, 56, P8, 0x0000000000000001
2026/08/31 22:46:32.649, 38.13, 38.13, 210, 405, 1, 0, 454, 455, 56, P8, 0x0000000000000001
2026/08/31 22:46:33.149, 38.25, 38.47, 210, 405, 1, 0, 454, 455, 56, P8, 0x0000000000000001
2026/08/31 22:46:33.650, 38.28, 38.23, 210, 405, 1, 0, 454, 455, 56, P8, 0x0000000000000001
2026/08/31 22:46:34.150, 38.26, 38.24, 210, 405, 1, 0, 454, 455, 56, P8, 0x0000000000000001
2026/08/31 22:46:34.650, 38.27, 38.42, 210, 405, 1, 0, 454, 455, 56, P8, 0x0000000000000001
2026/08/31 22:46:35.151, 38.34, 38.44, 210, 405, 1, 0, 454, 455, 56, P8, 0x0000000000000001
2026/08/31 22:46:35.651, 38.40, 38.38, 210, 405, 1, 0, 454, 455, 56, P8, 0x0000000000000001
2026/08/31 22:46:36.151, 38.35, 38.26, 210, 405, 1, 0, 454, 455, 56, P8, 0x0000000000000001
2026/08/31 22:46:36.652, 38.26, 38.27, 210, 405, 1, 0, 454, 455, 57, P8, 0x0000000000000001
2026/08/31 22:46:37.152, 38.18, 38.22, 210, 405, 0, 0, 454, 455, 56, P8, 0x0000000000000001
2026/08/31 22:46:37.652, 38.15, 38.08, 210, 405, 0, 0, 454, 455, 56, P8, 0x0000000000000001
2026/08/31 22:46:38.153, 38.26, 38.48, 210, 405, 1, 0, 454, 455, 57, P8, 0x0000000000000001
2026/08/31 22:46:38.653, 38.43, 38.58, 210, 405, 1, 0, 454, 455, 56, P8, 0x0000000000000001
2026/08/31 22:46:39.153, 38.48, 38.49, 210, 405, 0, 0, 454, 455, 56, P8, 0x0000000000000001
2026/08/31 22:46:39.654, 38.41, 38.25, 210, 405, 0, 0, 454, 455, 57, P8, 0x0000000000000001
2026/08/31 22:46:40.154, 38.32, 38.26, 210, 405, 0, 0, 454, 455, 56, P8, 0x0000000000000001
2026/08/31 22:46:40.654, 38.24, 38.28, 210, 405, 0, 0, 454, 455, 56, P8, 0x0000000000000001
2026/08/31 22:46:41.155, 38.25, 38.35, 210, 405, 1, 0, 454, 455, 57, P8, 0x0000000000000001
2026/08/31 22:46:41.655, 38.33, 38.38, 210, 405, 1, 0, 454, 455, 57, P8, 0x0000000000000001
2026/08/31 22:46:42.155, 38.38, 38.31, 210, 405, 1, 0, 454, 455, 57, P8, 0x0000000000000001
2026/08/31 22:46:42.656, 38.35, 38.23, 210, 405, 1, 0, 454, 455, 57, P8, 0x0000000000000001
2026/08/31 22:46:43.156, 38.24, 38.14, 210, 405, 1, 0, 454, 455, 57, P8, 0x0000000000000001
2026/08/31 22:46:43.657, 38.21, 38.23, 210, 405, 1, 0, 454, 455, 57, P8, 0x0000000000000001
2026/08/31 22:46:44.157, 38.28, 38.34, 210, 405, 1, 0, 454, 455, 57, P8, 0x0000000000000001
2026/08/31 22:46:44.657, 38.31, 38.38, 210, 405, 1, 0, 454, 455, 57, P8, 0x0000000000000001
2026/08/31 22:46:45.157, 38.34, 38.38, 210, 405, 1, 0, 454, 455, 57, P8, 0x0000000000000001
2026/08/31 22:46:45.658, 38.44, 38.69, 210, 405, 1, 0, 454, 455, 57, P8, 0x0000000000000001
2026/08/31 22:46:46.158, 38.54, 38.57, 210, 405, 1, 0, 454, 455, 57, P8, 0x0000000000000001
2026/08/31 22:46:46.658, 38.57, 38.53, 210, 405, 1, 0, 454, 455, 57, P8, 0x0000000000000001
2026/08/31 22:46:47.159, 38.53, 38.48, 210, 405, 1, 0, 454, 455, 57, P8, 0x0000000000000001
2026/08/31 22:46:47.659, 38.44, 38.31, 210, 405, 1, 0, 454, 455, 57, P8, 0x0000000000000001
2026/08/31 22:46:48.159, 38.35, 38.35, 210, 405, 1, 0, 454, 455, 57, P8, 0x0000000000000001
2026/08/31 22:46:48.660, 38.33, 38.41, 210, 405, 1, 0, 454, 455, 57, P8, 0x0000000000000001
2026/08/31 22:46:49.160, 38.29, 38.26, 210, 405, 1, 0, 454, 455, 57, P8, 0x0000000000000001
2026/08/31 22:46:49.660, 38.32, 38.30, 210, 405, 1, 0, 454, 455, 57, P8, 0x0000000000000001
2026/08/31 22:46:50.161, 38.35, 38.22, 210, 405, 0, 0, 454, 455, 57, P8, 0x0000000000000001
2026/08/31 22:46:50.661, 38.35, 38.32, 210, 405, 0, 0, 454, 455, 57, P8, 0x0000000000000001
2026/08/31 22:46:51.161, 38.35, 38.41, 210, 405, 0, 0, 454, 455, 57, P8, 0x0000000000000001
2026/08/31 22:46:51.662, 38.41, 38.49, 210, 405, 0, 0, 454, 455, 57, P8, 0x0000000000000001
2026/08/31 22:46:52.162, 38.40, 38.19, 210, 405, 0, 0, 454, 455, 57, P8, 0x0000000000000001
2026/08/31 22:46:52.662, 38.35, 38.40, 210, 405, 0, 0, 454, 455, 57, P8, 0x0000000000000001
2026/08/31 22:46:53.163, 38.37, 38.43, 210, 405, 0, 0, 454, 455, 57, P8, 0x0000000000000001
2026/08/31 22:46:53.663, 38.45, 38.39, 210, 405, 0, 0, 454, 455, 57, P8, 0x0000000000000001
2026/08/31 22:46:54.163, 38.44, 38.39, 210, 405, 1, 0, 454, 455, 57, P8, 0x0000000000000001
2026/08/31 22:46:54.664, 38.37, 38.25, 210, 405, 1, 0, 454, 455, 57, P8, 0x0000000000000001
2026/08/31 22:46:55.164, 38.34, 38.32, 210, 405, 1, 0, 454, 455, 57, P8, 0x0000000000000001
2026/08/31 22:46:55.664, 38.39, 38.35, 210, 405, 1, 0, 454, 455, 57, P8, 0x0000000000000001
2026/08/31 22:46:56.164, 38.41, 38.39, 210, 405, 1, 0, 454, 455, 57, P8, 0x0000000000000001
2026/08/31 22:46:56.665, 38.35, 38.29, 210, 405, 1, 0, 454, 455, 57, P8, 0x0000000000000001
2026/08/31 22:46:57.165, 38.31, 38.26, 210, 405, 1, 0, 454, 455, 57, P8, 0x0000000000000001
2026/08/31 22:46:57.666, 38.25, 38.10, 210, 405, 1, 0, 454, 455, 57, P8, 0x0000000000000001
2026/08/31 22:46:58.166, 38.28, 38.48, 210, 405, 1, 0, 454, 455, 57, P8, 0x0000000000000001
2026/08/31 22:46:58.666, 38.27, 38.43, 210, 405, 1, 0, 454, 455, 57, P8, 0x0000000000000001
2026/08/31 22:46:59.166, 38.29, 38.28, 210, 405, 1, 0, 454, 455, 57, P8, 0x0000000000000001
2026/08/31 22:46:59.667, 38.33, 38.50, 210, 405, 1, 0, 454, 455, 57, P8, 0x0000000000000001
2026/08/31 22:47:00.167, 38.32, 38.30, 210, 405, 1, 0, 454, 455, 57, P8, 0x0000000000000001
2026/08/31 22:47:00.667, 38.39, 38.50, 210, 405, 1, 0, 454, 455, 57, P8, 0x0000000000000001
2026/08/31 22:47:01.168, 38.40, 38.21, 210, 405, 1, 0, 454, 455, 57, P8, 0x0000000000000001
2026/08/31 22:47:01.668, 38.31, 38.26, 210, 405, 1, 0, 454, 455, 57, P8, 0x0000000000000001
2026/08/31 22:47:02.168, 38.23, 38.22, 210, 405, 1, 0, 454, 455, 57, P8, 0x0000000000000001
2026/08/31 22:47:02.669, 38.23, 38.20, 210, 405, 1, 0, 454, 455, 57, P8, 0x0000000000000001
2026/08/31 22:47:03.169, 38.21, 38.12, 210, 405, 1, 0, 454, 455, 57, P8, 0x0000000000000001
2026/08/31 22:47:03.669, 38.20, 38.34, 210, 405, 1, 0, 454, 455, 57, P8, 0x0000000000000001
2026/08/31 22:47:04.170, 38.25, 38.35, 210, 405, 1, 0, 454, 455, 57, P8, 0x0000000000000001
2026/08/31 22:47:04.670, 38.38, 38.49, 210, 405, 1, 0, 454, 455, 57, P8, 0x0000000000000001
2026/08/31 22:47:05.170, 38.46, 38.58, 210, 405, 0, 0, 454, 455, 57, P8, 0x0000000000000001
2026/08/31 22:47:05.671, 38.43, 38.33, 210, 405, 0, 0, 454, 455, 57, P8, 0x0000000000000001
2026/08/31 22:47:06.171, 38.36, 38.45, 210, 405, 1, 0, 454, 455, 57, P8, 0x0000000000000001
2026/08/31 22:47:06.671, 38.31, 38.18, 210, 405, 1, 0, 454, 455, 57, P8, 0x0000000000000001
2026/08/31 22:47:07.172, 38.27, 38.34, 210, 405, 1, 0, 454, 455, 57, P8, 0x0000000000000001
2026/08/31 22:47:07.672, 38.26, 38.23, 210, 405, 1, 0, 454, 455, 57, P8, 0x0000000000000001
2026/08/31 22:47:08.172, 38.31, 38.41, 210, 405, 1, 0, 454, 455, 57, P8, 0x0000000000000001
2026/08/31 22:47:08.673, 38.31, 38.23, 210, 405, 1, 0, 454, 455, 57, P8, 0x0000000000000001
2026/08/31 22:47:09.173, 38.32, 38.41, 210, 405, 1, 0, 454, 455, 57, P8, 0x0000000000000001
2026/08/31 22:47:09.673, 38.36, 38.47, 210, 405, 1, 0, 454, 455, 57, P8, 0x0000000000000001
2026/08/31 22:47:10.174, 38.53, 38.76, 210, 405, 1, 0, 454, 455, 57, P8, 0x0000000000000001
2026/08/31 22:47:10.674, 38.57, 38.37, 210, 405, 1, 0, 454, 455, 57, P8, 0x0000000000000001
2026/08/31 22:47:11.174, 38.50, 38.40, 210, 405, 1, 0, 454, 455, 57, P8, 0x0000000000000001
2026/08/31 22:47:11.675, 38.42, 38.42, 210, 405, 1, 0, 454, 455, 57, P8, 0x0000000000000001
2026/08/31 22:47:12.175, 38.38, 38.23, 210, 405, 1, 0, 454, 455, 57, P8, 0x0000000000000001
2026/08/31 22:47:12.675, 38.33, 38.33, 210, 405, 1, 0, 454, 455, 57, P8, 0x0000000000000001
2026/08/31 22:47:13.175, 38.37, 38.55, 210, 405, 1, 0, 454, 455, 57, P8, 0x0000000000000001
2026/08/31 22:47:13.676, 38.44, 38.47, 210, 405, 1, 0, 454, 455, 57, P8, 0x0000000000000001
2026/08/31 22:47:14.176, 38.36, 38.24, 210, 405, 1, 0, 454, 455, 57, P8, 0x0000000000000001
2026/08/31 22:47:14.677, 38.29, 38.41, 210, 405, 1, 0, 454, 455, 57, P8, 0x0000000000000001
2026/08/31 22:47:15.177, 38.31, 38.23, 210, 405, 1, 0, 454, 455, 57, P8, 0x0000000000000001
2026/08/31 22:47:15.677, 38.32, 38.26, 210, 405, 1, 0, 454, 455, 57, P8, 0x0000000000000001
2026/08/31 22:47:16.178, 38.23, 38.23, 210, 405, 1, 0, 454, 455, 57, P8, 0x0000000000000001
2026/08/31 22:47:16.678, 38.19, 38.30, 210, 405, 1, 0, 454, 455, 57, P8, 0x0000000000000001
2026/08/31 22:47:17.178, 38.31, 38.51, 210, 405, 1, 0, 454, 455, 57, P8, 0x0000000000000001
2026/08/31 22:47:17.679, 38.41, 38.37, 210, 405, 1, 0, 454, 455, 57, P8, 0x0000000000000001
2026/08/31 22:47:18.179, 38.43, 38.48, 210, 405, 1, 0, 454, 455, 57, P8, 0x0000000000000001
2026/08/31 22:47:18.679, 38.42, 38.33, 210, 405, 1, 0, 454, 455, 57, P8, 0x0000000000000001
2026/08/31 22:47:19.180, 38.40, 38.51, 210, 405, 0, 0, 454, 455, 57, P8, 0x0000000000000001
2026/08/31 22:47:19.680, 38.47, 38.66, 210, 405, 0, 0, 454, 455, 57, P8, 0x0000000000000001
2026/08/31 22:47:20.180, 38.53, 38.47, 210, 405, 1, 0, 454, 455, 57, P8, 0x0000000000000001
2026/08/31 22:47:20.680, 38.45, 38.42, 210, 405, 1, 0, 454, 455, 57, P8, 0x0000000000000001
2026/08/31 22:47:21.181, 38.41, 38.54, 210, 405, 1, 0, 454, 455, 57, P8, 0x0000000000000001
2026/08/31 22:47:21.681, 38.46, 38.37, 210, 405, 1, 0, 454, 455, 57, P8, 0x0000000000000001
2026/08/31 22:47:22.181, 38.49, 38.45, 210, 405, 1, 0, 454, 455, 57, P8, 0x0000000000000001
2026/08/31 22:47:22.681, 38.48, 38.51, 210, 405, 1, 0, 454, 455, 57, P8, 0x0000000000000001
2026/08/31 22:47:23.182, 38.53, 38.58, 210, 405, 1, 0, 454, 455, 57, P8, 0x0000000000000001
2026/08/31 22:47:23.682, 38.59, 38.56, 210, 405, 1, 0, 454, 455, 57, P8, 0x0000000000000001
2026/08/31 22:47:24.182, 38.54, 38.48, 210, 405, 1, 0, 454, 455, 57, P8, 0x0000000000000001
2026/08/31 22:47:24.683, 38.41, 38.36, 210, 405, 1, 0, 454, 455, 57, P8, 0x0000000000000001
2026/08/31 22:47:25.183, 38.43, 38.55, 210, 405, 0, 0, 454, 455, 57, P8, 0x0000000000000001
2026/08/31 22:47:25.683, 38.51, 38.69, 210, 405, 0, 0, 454, 455, 57, P8, 0x0000000000000001
2026/08/31 22:47:26.183, 38.52, 38.45, 210, 405, 0, 0, 454, 455, 57, P8, 0x0000000000000001
2026/08/31 22:47:26.684, 38.51, 38.35, 210, 405, 0, 0, 454, 455, 57, P8, 0x0000000000000001
2026/08/31 22:47:27.184, 38.45, 38.50, 210, 405, 0, 0, 454, 455, 57, P8, 0x0000000000000001
2026/08/31 22:47:27.684, 38.46, 38.56, 210, 405, 0, 0, 454, 455, 57, P8, 0x0000000000000001
2026/08/31 22:47:28.185, 38.53, 38.33, 210, 405, 0, 0, 454, 455, 57, P8, 0x0000000000000001
2026/08/31 22:47:28.685, 38.48, 38.33, 210, 405, 0, 0, 454, 455, 57, P8, 0x0000000000000001
2026/08/31 22:47:29.185, 38.35, 38.27, 210, 405, 0, 0, 454, 455, 57, P8, 0x0000000000000001
2026/08/31 22:47:29.686, 38.34, 38.47, 210, 405, 0, 0, 454, 455, 57, P8, 0x0000000000000001
2026/08/31 22:47:30.186, 38.46, 38.62, 210, 405, 0, 0, 454, 455, 57, P8, 0x0000000000000001
2026/08/31 22:47:30.686, 34.43, 41.22, 210, 405, 0, 0, 454, 455, 57, P8, 0x0000000000000001
2026/08/31 22:47:31.186, 34.50, 38.54, 210, 405, 0, 0, 454, 455, 57, P8, 0x0000000000000001
2026/08/31 22:47:31.687, 38.78, 38.55, 210, 405, 0, 0, 454, 455, 57, P8, 0x0000000000000001
2026/08/31 22:47:32.187, 38.47, 38.39, 210, 405, 0, 0, 454, 455, 57, P8, 0x0000000000000001
2026/08/31 22:47:32.687, 38.41, 38.41, 210, 405, 0, 0, 454, 455, 57, P8, 0x0000000000000001
2026/08/31 22:47:33.188, 38.48, 38.69, 210, 405, 0, 0, 454, 455, 57, P8, 0x0000000000000001
2026/08/31 22:47:33.688, 38.52, 38.51, 210, 405, 0, 0, 454, 455, 57, P8, 0x0000000000000001
2026/08/31 22:47:34.189, 38.60, 38.78, 210, 405, 1, 0, 454, 455, 57, P8, 0x0000000000000001
2026/08/31 22:47:34.689, 38.63, 38.55, 210, 405, 1, 0, 454, 455, 57, P8, 0x0000000000000001
2026/08/31 22:47:35.189, 38.73, 38.77, 210, 405, 0, 0, 454, 455, 57, P8, 0x0000000000000001
2026/08/31 22:47:35.690, 38.73, 38.70, 210, 405, 0, 0, 454, 455, 57, P8, 0x0000000000000001
2026/08/31 22:47:36.190, 38.68, 38.69, 210, 405, 0, 0, 454, 455, 57, P8, 0x0000000000000001
2026/08/31 22:47:36.690, 38.68, 38.69, 210, 405, 0, 0, 454, 455, 57, P8, 0x0000000000000001
2026/08/31 22:47:37.191, 27.84, 26.76, 210, 405, 0, 0, 454, 455, 57, P8, 0x0000000000000001
2026/08/31 22:47:37.691, 27.84, 26.76, 210, 405, 0, 0, 454, 455, 57, P8, 0x0000000000000001
2026/08/31 22:47:38.191, 26.37, 25.99, 210, 405, 0, 0, 454, 455, 56, P8, 0x0000000000000001
2026/08/31 22:47:38.692, 26.37, 25.99, 210, 405, 0, 0, 454, 455, 56, P8, 0x0000000000000001
2026/08/31 22:47:39.192, 25.81, 25.63, 210, 405, 0, 0, 454, 455, 56, P8, 0x0000000000000001
2026/08/31 22:47:39.693, 25.81, 25.63, 210, 405, 0, 0, 454, 455, 56, P8, 0x0000000000000001
2026/08/31 22:47:40.193, 25.74, 25.84, 210, 405, 0, 0, 454, 455, 56, P8, 0x0000000000000001
2026/08/31 22:47:40.693, 25.74, 25.84, 210, 405, 0, 0, 454, 455, 56, P8, 0x0000000000000001
2026/08/31 22:47:41.194, 25.85, 25.86, 210, 405, 0, 0, 454, 455, 56, P8, 0x0000000000000001
2026/08/31 22:47:41.694, 25.85, 25.86, 210, 405, 0, 0, 454, 455, 56, P8, 0x0000000000000001
2026/08/31 22:47:42.194, 25.69, 25.53, 210, 405, 0, 0, 454, 455, 56, P8, 0x0000000000000001
2026/08/31 22:47:42.695, 25.69, 25.53, 210, 405, 0, 0, 454, 455, 56, P8, 0x0000000000000001
2026/08/31 22:47:43.195, 25.65, 25.78, 210, 405, 0, 0, 454, 455, 56, P8, 0x0000000000000001
2026/08/31 22:47:43.695, 25.65, 25.78, 210, 405, 0, 0, 454, 455, 56, P8, 0x0000000000000001
2026/08/31 22:47:44.196, 25.76, 25.74, 210, 405, 0, 0, 454, 455, 56, P8, 0x0000000000000001
2026/08/31 22:47:44.696, 25.76, 25.74, 210, 405, 0, 0, 454, 455, 56, P8, 0x0000000000000001
2026/08/31 22:47:45.196, 25.56, 25.39, 210, 405, 0, 0, 454, 455, 56, P8, 0x0000000000000001
2026/08/31 22:47:45.697, 25.56, 25.39, 210, 405, 0, 0, 454, 455, 56, P8, 0x0000000000000001
2026/08/31 22:47:46.197, 25.58, 25.77, 210, 405, 0, 0, 454, 455, 56, P8, 0x0000000000000001
2026/08/31 22:47:46.698, 25.58, 25.77, 210, 405, 0, 0, 454, 455, 56, P8, 0x0000000000000001
2026/08/31 22:47:47.198, 25.79, 25.81, 210, 405, 0, 0, 454, 455, 56, P8, 0x0000000000000001
2026/08/31 22:47:47.698, 25.79, 25.81, 210, 405, 0, 0, 454, 455, 56, P8, 0x0000000000000001
2026/08/31 22:47:48.199, 25.62, 25.43, 210, 405, 0, 0, 454, 455, 56, P8, 0x0000000000000001
2026/08/31 22:47:48.699, 25.62, 25.43, 210, 405, 0, 0, 454, 455, 56, P8, 0x0000000000000001
2026/08/31 22:47:49.200, 25.59, 25.75, 210, 405, 0, 0, 454, 455, 56, P8, 0x0000000000000001
2026/08/31 22:47:49.700, 25.59, 25.75, 210, 405, 0, 0, 454, 455, 56, P8, 0x0000000000000001
2026/08/31 22:47:50.200, 25.74, 25.73, 210, 405, 0, 0, 454, 455, 56, P8, 0x0000000000000001
2026/08/31 22:47:50.701, 25.74, 25.73, 210, 405, 0, 0, 454, 455, 56, P8, 0x0000000000000001
2026/08/31 22:47:51.201, 25.58, 25.43, 210, 405, 0, 0, 454, 455, 56, P8, 0x0000000000000001
2026/08/31 22:47:51.701, 25.58, 25.43, 210, 405, 0, 0, 454, 455, 56, P8, 0x0000000000000001
2026/08/31 22:47:52.202, 25.56, 25.69, 210, 405, 0, 0, 454, 455, 56, P8, 0x0000000000000001
2026/08/31 22:47:52.702, 25.56, 25.69, 210, 405, 0, 0, 454, 455, 56, P8, 0x0000000000000001
2026/08/31 22:47:53.202, 25.71, 25.72, 210, 405, 0, 0, 454, 455, 56, P8, 0x0000000000000001
2026/08/31 22:47:53.703, 25.71, 25.72, 210, 405, 0, 0, 454, 455, 56, P8, 0x0000000000000001
2026/08/31 22:47:54.203, 25.60, 25.48, 210, 405, 0, 0, 454, 455, 56, P8, 0x0000000000000001
2026/08/31 22:47:54.703, 25.60, 25.48, 210, 405, 0, 0, 454, 455, 56, P8, 0x0000000000000001
2026/08/31 22:47:55.204, 25.65, 25.82, 210, 405, 0, 0, 454, 455, 56, P8, 0x0000000000000001
2026/08/31 22:47:55.704, 25.65, 25.82, 210, 405, 0, 0, 454, 455, 56, P8, 0x0000000000000001
2026/08/31 22:47:56.204, 25.77, 25.72, 210, 405, 0, 0, 454, 455, 56, P8, 0x0000000000000001
2026/08/31 22:47:56.705, 25.77, 25.72, 210, 405, 0, 0, 454, 455, 56, P8, 0x0000000000000001
2026/08/31 22:47:57.205, 25.58, 25.44, 210, 405, 0, 0, 454, 455, 56, P8, 0x0000000000000001
2026/08/31 22:47:57.705, 25.58, 25.44, 210, 405, 0, 0, 454, 455, 56, P8, 0x0000000000000001
2026/08/31 22:47:58.206, 25.54, 25.65, 210, 405, 0, 0, 454, 455, 56, P8, 0x0000000000000001
2026/08/31 22:47:58.706, 25.54, 25.65, 210, 405, 0, 0, 454, 455, 56, P8, 0x0000000000000001
2026/08/31 22:47:59.206, 25.64, 25.62, 210, 405, 0, 0, 454, 455, 56, P8, 0x0000000000000001
2026/08/31 22:47:59.707, 25.64, 25.62, 210, 405, 0, 0, 454, 455, 56, P8, 0x0000000000000001
2026/08/31 22:48:00.207, 25.51, 25.39, 210, 405, 0, 0, 454, 455, 56, P8, 0x0000000000000001
2026/08/31 22:48:00.707, 26.80, 40.44, 210, 405, 0, 0, 454, 455, 57, P8, 0x0000000000000001
2026/08/31 22:48:01.208, 29.71, 38.14, 210, 405, 0, 0, 454, 455, 57, P8, 0x0000000000000001
2026/08/31 22:48:01.708, 35.00, 38.18, 210, 405, 0, 0, 454, 455, 57, P8, 0x0000000000000001
2026/08/31 22:48:02.208, 27.45, 26.37, 210, 405, 0, 0, 454, 455, 57, P8, 0x0000000000000001
2026/08/31 22:48:02.709, 27.45, 26.37, 210, 405, 0, 0, 454, 455, 57, P8, 0x0000000000000001
2026/08/31 22:48:03.209, 26.01, 25.65, 210, 405, 0, 0, 454, 455, 56, P8, 0x0000000000000001
2026/08/31 22:48:03.709, 26.01, 25.65, 210, 405, 0, 0, 454, 455, 56, P8, 0x0000000000000001
2026/08/31 22:48:04.236, 25.49, 25.33, 210, 405, 0, 0, 454, 455, 56, P8, 0x0000000000000001
2026/08/31 22:48:04.736, 25.49, 25.33, 210, 405, 0, 0, 454, 455, 56, P8, 0x0000000000000001
2026/08/31 22:48:05.237, 25.50, 25.66, 210, 405, 0, 0, 454, 455, 56, P8, 0x0000000000000001
2026/08/31 22:48:05.737, 25.50, 25.66, 210, 405, 0, 0, 454, 455, 56, P8, 0x0000000000000001
2026/08/31 22:48:06.238, 25.65, 25.64, 210, 405, 0, 0, 454, 455, 56, P8, 0x0000000000000001
2026/08/31 22:48:06.738, 25.65, 25.64, 210, 405, 0, 0, 454, 455, 56, P8, 0x0000000000000001
2026/08/31 22:48:07.238, 25.52, 25.40, 210, 405, 0, 0, 454, 455, 56, P8, 0x0000000000000001
2026/08/31 22:48:07.739, 25.52, 25.40, 210, 405, 0, 0, 454, 455, 56, P8, 0x0000000000000001
2026/08/31 22:48:08.239, 25.53, 25.66, 210, 405, 0, 0, 454, 455, 56, P8, 0x0000000000000001
2026/08/31 22:48:08.739, 25.53, 25.66, 210, 405, 0, 0, 454, 455, 56, P8, 0x0000000000000001
2026/08/31 22:48:09.240, 25.68, 25.70, 210, 405, 0, 0, 454, 455, 56, P8, 0x0000000000000001
2026/08/31 22:48:09.740, 25.68, 25.70, 210, 405, 0, 0, 454, 455, 56, P8, 0x0000000000000001
2026/08/31 22:48:10.240, 25.54, 25.38, 210, 405, 0, 0, 454, 455, 56, P8, 0x0000000000000001
2026/08/31 22:48:10.741, 25.54, 25.38, 210, 405, 0, 0, 454, 455, 56, P8, 0x0000000000000001
2026/08/31 22:48:11.241, 25.53, 25.69, 210, 405, 0, 0, 454, 455, 56, P8, 0x0000000000000001
2026/08/31 22:48:11.742, 25.53, 25.69, 210, 405, 0, 0, 454, 455, 56, P8, 0x0000000000000001
2026/08/31 22:48:12.242, 25.62, 25.54, 210, 405, 0, 0, 454, 455, 56, P8, 0x0000000000000001
2026/08/31 22:48:12.742, 25.62, 25.54, 210, 405, 0, 0, 454, 455, 56, P8, 0x0000000000000001
2026/08/31 22:48:13.243, 25.42, 25.29, 210, 405, 0, 0, 454, 455, 56, P8, 0x0000000000000001
2026/08/31 22:48:13.743, 25.42, 25.29, 210, 405, 0, 0, 454, 455, 56, P8, 0x0000000000000001
2026/08/31 22:48:14.244, 25.48, 25.67, 210, 405, 0, 0, 454, 455, 56, P8, 0x0000000000000001
2026/08/31 22:48:14.744, 25.48, 25.67, 210, 405, 0, 0, 454, 455, 56, P8, 0x0000000000000001
2026/08/31 22:48:15.244, 25.69, 25.70, 210, 405, 0, 0, 454, 455, 56, P8, 0x0000000000000001
2026/08/31 22:48:15.745, 25.69, 25.70, 210, 405, 0, 0, 454, 455, 56, P8, 0x0000000000000001
2026/08/31 22:48:16.245, 25.56, 25.42, 210, 405, 0, 0, 454, 455, 56, P8, 0x0000000000000001
2026/08/31 22:48:16.745, 25.56, 25.42, 210, 405, 0, 0, 454, 455, 56, P8, 0x0000000000000001
2026/08/31 22:48:17.246, 25.53, 25.65, 210, 405, 0, 0, 454, 455, 56, P8, 0x0000000000000001
2026/08/31 22:48:17.746, 25.53, 25.65, 210, 405, 0, 0, 454, 455, 56, P8, 0x0000000000000001
2026/08/31 22:48:18.247, 25.72, 25.78, 210, 405, 0, 0, 454, 455, 56, P8, 0x0000000000000001
2026/08/31 22:48:18.747, 25.72, 25.78, 210, 405, 0, 0, 454, 455, 56, P8, 0x0000000000000001
2026/08/31 22:48:19.247, 25.58, 25.37, 210, 405, 0, 0, 454, 455, 56, P8, 0x0000000000000001
2026/08/31 22:48:19.748, 25.58, 25.37, 210, 405, 0, 0, 454, 455, 56, P8, 0x0000000000000001
2026/08/31 22:48:20.248, 25.50, 25.64, 210, 405, 0, 0, 454, 455, 56, P8, 0x0000000000000001
2026/08/31 22:48:20.749, 25.50, 25.64, 210, 405, 0, 0, 454, 455, 56, P8, 0x0000000000000001
2026/08/31 22:48:21.249, 25.67, 25.71, 210, 405, 0, 0, 454, 455, 56, P8, 0x0000000000000001
2026/08/31 22:48:21.749, 25.67, 25.71, 210, 405, 0, 0, 454, 455, 56, P8, 0x0000000000000001
2026/08/31 22:48:22.250, 25.56, 25.41, 210, 405, 0, 0, 454, 455, 56, P8, 0x0000000000000001
2026/08/31 22:48:22.750, 25.56, 25.41, 210, 405, 0, 0, 454, 455, 56, P8, 0x0000000000000001
2026/08/31 22:48:23.250, 25.59, 25.76, 210, 405, 0, 0, 454, 455, 56, P8, 0x0000000000000001
2026/08/31 22:48:23.751, 25.59, 25.76, 210, 405, 0, 0, 454, 455, 56, P8, 0x0000000000000001
2026/08/31 22:48:24.251, 25.72, 25.68, 210, 405, 0, 0, 454, 455, 56, P8, 0x0000000000000001
2026/08/31 22:48:24.752, 25.72, 25.68, 210, 405, 0, 0, 454, 455, 56, P8, 0x0000000000000001
2026/08/31 22:48:25.252, 25.58, 25.48, 210, 405, 0, 0, 454, 455, 56, P8, 0x0000000000000001
2026/08/31 22:48:25.752, 25.58, 25.48, 210, 405, 0, 0, 454, 455, 56, P8, 0x0000000000000001
2026/08/31 22:48:26.253, 25.60, 25.73, 210, 405, 0, 0, 454, 455, 56, P8, 0x0000000000000001
2026/08/31 22:48:26.753, 25.60, 25.73, 210, 405, 0, 0, 454, 455, 56, P8, 0x0000000000000001
2026/08/31 22:48:27.254, 25.73, 25.74, 210, 405, 0, 0, 454, 455, 56, P8, 0x0000000000000001
2026/08/31 22:48:27.754, 25.73, 25.74, 210, 405, 0, 0, 454, 455, 56, P8, 0x0000000000000001
2026/08/31 22:48:28.254, 25.64, 25.53, 210, 405, 0, 0, 454, 455, 56, P8, 0x0000000000000001
2026/08/31 22:48:28.755, 25.64, 25.53, 210, 405, 0, 0, 454, 455, 56, P8, 0x0000000000000001
2026/08/31 22:48:29.255, 25.68, 25.84, 210, 405, 0, 0, 454, 455, 56, P8, 0x0000000000000001
2026/08/31 22:48:29.755, 25.68, 25.84, 210, 405, 0, 0, 454, 455, 56, P8, 0x0000000000000001
2026/08/31 22:48:30.256, 25.81, 25.78, 210, 405, 0, 0, 454, 455, 56, P8, 0x0000000000000001
2026/08/31 22:48:30.756, 25.81, 25.78, 210, 405, 0, 0, 454, 455, 56, P8, 0x0000000000000001
2026/08/31 22:48:31.256, 25.67, 25.55, 210, 405, 0, 0, 454, 455, 56, P8, 0x0000000000000001
2026/08/31 22:48:31.757, 25.67, 25.55, 210, 405, 0, 0, 454, 455, 56, P8, 0x0000000000000001
2026/08/31 22:48:32.257, 25.68, 25.81, 210, 405, 0, 0, 454, 455, 56, P8, 0x0000000000000001
2026/08/31 22:48:32.757, 25.68, 25.81, 210, 405, 0, 0, 454, 455, 56, P8, 0x0000000000000001
2026/08/31 22:48:33.258, 25.82, 25.83, 210, 405, 0, 0, 454, 455, 56, P8, 0x0000000000000001
2026/08/31 22:48:33.758, 25.82, 25.83, 210, 405, 0, 0, 454, 455, 56, P8, 0x0000000000000001
2026/08/31 22:48:34.258, 25.70, 25.57, 210, 405, 0, 0, 454, 455, 56, P8, 0x0000000000000001
2026/08/31 22:48:34.759, 25.70, 25.57, 210, 405, 0, 0, 454, 455, 56, P8, 0x0000000000000001
2026/08/31 22:48:35.259, 25.71, 25.84, 210, 405, 0, 0, 454, 455, 56, P8, 0x0000000000000001
2026/08/31 22:48:35.759, 25.71, 25.84, 210, 405, 0, 0, 454, 455, 56, P8, 0x0000000000000001
2026/08/31 22:48:36.260, 25.59, 25.34, 210, 405, 0, 0, 454, 455, 56, P8, 0x0000000000000001
2026/08/31 22:48:36.760, 25.59, 25.34, 210, 405, 0, 0, 454, 455, 56, P8, 0x0000000000000001
2026/08/31 22:48:37.261, 25.57, 25.80, 210, 405, 0, 0, 454, 455, 56, P8, 0x0000000000000001
2026/08/31 22:48:37.761, 25.57, 25.80, 210, 405, 0, 0, 454, 455, 56, P8, 0x0000000000000001
2026/08/31 22:48:38.261, 25.81, 25.83, 210, 405, 0, 0, 454, 455, 56, P8, 0x0000000000000001
2026/08/31 22:48:38.762, 25.81, 25.83, 210, 405, 0, 0, 454, 455, 56, P8, 0x0000000000000001
2026/08/31 22:48:39.262, 25.61, 25.39, 210, 405, 0, 0, 454, 455, 56, P8, 0x0000000000000001
2026/08/31 22:48:39.763, 25.61, 25.39, 210, 405, 0, 0, 454, 455, 56, P8, 0x0000000000000001
2026/08/31 22:48:40.263, 25.55, 25.71, 210, 405, 0, 0, 454, 455, 56, P8, 0x0000000000000001
2026/08/31 22:48:40.763, 25.55, 25.71, 210, 405, 0, 0, 454, 455, 56, P8, 0x0000000000000001
2026/08/31 22:48:41.264, 25.74, 25.76, 210, 405, 0, 0, 454, 455, 56, P8, 0x0000000000000001
2026/08/31 22:48:41.764, 25.74, 25.76, 210, 405, 0, 0, 454, 455, 56, P8, 0x0000000000000001
2026/08/31 22:48:42.264, 25.54, 25.32, 210, 405, 0, 0, 454, 455, 56, P8, 0x0000000000000001
2026/08/31 22:48:42.765, 25.54, 25.32, 210, 405, 0, 0, 454, 455, 56, P8, 0x0000000000000001
2026/08/31 22:48:43.265, 25.51, 25.70, 210, 405, 0, 0, 454, 455, 56, P8, 0x0000000000000001
2026/08/31 22:48:43.766, 25.51, 25.70, 210, 405, 0, 0, 454, 455, 56, P8, 0x0000000000000001
2026/08/31 22:48:44.266, 25.68, 25.66, 210, 405, 0, 0, 454, 455, 56, P8, 0x0000000000000001
2026/08/31 22:48:44.766, 25.68, 25.66, 210, 405, 0, 0, 454, 455, 56, P8, 0x0000000000000001
2026/08/31 22:48:45.267, 25.53, 25.40, 210, 405, 0, 0, 454, 455, 56, P8, 0x0000000000000001
2026/08/31 22:48:45.767, 25.53, 25.40, 210, 405, 0, 0, 454, 455, 56, P8, 0x0000000000000001
2026/08/31 22:48:46.268, 25.53, 25.66, 210, 405, 0, 0, 454, 455, 56, P8, 0x0000000000000001
2026/08/31 22:48:46.768, 25.53, 25.66, 210, 405, 0, 0, 454, 455, 56, P8, 0x0000000000000001
2026/08/31 22:48:47.268, 25.62, 25.58, 210, 405, 0, 0, 454, 455, 56, P8, 0x0000000000000001
2026/08/31 22:48:47.769, 25.62, 25.58, 210, 405, 0, 0, 454, 455, 56, P8, 0x0000000000000001
2026/08/31 22:48:48.269, 25.38, 25.18, 210, 405, 0, 0, 454, 455, 56, P8, 0x0000000000000001
2026/08/31 22:48:48.769, 25.38, 25.18, 210, 405, 0, 0, 454, 455, 56, P8, 0x0000000000000001
2026/08/31 22:48:49.270, 25.40, 25.62, 210, 405, 0, 0, 454, 455, 56, P8, 0x0000000000000001
2026/08/31 22:48:49.770, 25.40, 25.62, 210, 405, 0, 0, 454, 455, 56, P8, 0x0000000000000001
2026/08/31 22:48:50.270, 25.64, 25.65, 210, 405, 0, 0, 454, 455, 56, P8, 0x0000000000000001
2026/08/31 22:48:50.771, 25.64, 25.65, 210, 405, 0, 0, 454, 455, 56, P8, 0x0000000000000001
2026/08/31 22:48:51.271, 25.48, 25.32, 210, 405, 0, 0, 454, 455, 56, P8, 0x0000000000000001
2026/08/31 22:48:51.771, 25.48, 25.32, 210, 405, 0, 0, 454, 455, 56, P8, 0x0000000000000001
2026/08/31 22:48:52.272, 25.45, 25.58, 210, 405, 0, 0, 454, 455, 56, P8, 0x0000000000000001
2026/08/31 22:48:52.772, 25.45, 25.58, 210, 405, 0, 0, 454, 455, 56, P8, 0x0000000000000001
2026/08/31 22:48:53.272, 25.56, 25.54, 210, 405, 0, 0, 454, 455, 56, P8, 0x0000000000000001
2026/08/31 22:48:53.773, 25.56, 25.54, 210, 405, 0, 0, 454, 455, 56, P8, 0x0000000000000001
2026/08/31 22:48:54.273, 25.39, 25.24, 210, 405, 0, 0, 454, 455, 56, P8, 0x0000000000000001
2026/08/31 22:48:54.774, 25.39, 25.24, 210, 405, 0, 0, 454, 455, 56, P8, 0x0000000000000001
2026/08/31 22:48:55.274, 25.37, 25.50, 210, 405, 0, 0, 454, 455, 56, P8, 0x0000000000000001
2026/08/31 22:48:55.774, 25.37, 25.50, 210, 405, 0, 0, 454, 455, 56, P8, 0x0000000000000001
2026/08/31 22:48:56.275, 25.49, 25.48, 210, 405, 0, 0, 454, 455, 56, P8, 0x0000000000000001
2026/08/31 22:48:56.775, 25.49, 25.48, 210, 405, 0, 0, 454, 455, 56, P8, 0x0000000000000001
2026/08/31 22:48:57.275, 25.24, 24.99, 210, 405, 0, 0, 454, 455, 56, P8, 0x0000000000000001
2026/08/31 22:48:57.776, 25.24, 24.99, 210, 405, 0, 0, 454, 455, 56, P8, 0x0000000000000001
2026/08/31 22:48:58.276, 25.18, 25.38, 210, 405, 0, 0, 454, 455, 56, P8, 0x0000000000000001
2026/08/31 22:48:58.776, 25.18, 25.38, 210, 405, 0, 0, 454, 455, 56, P8, 0x0000000000000001
2026/08/31 22:48:59.277, 25.40, 25.43, 210, 405, 0, 0, 454, 455, 56, P8, 0x0000000000000001
2026/08/31 22:48:59.777, 25.40, 25.43, 210, 405, 0, 0, 454, 455, 56, P8, 0x0000000000000001
2026/08/31 22:49:00.278, 26.63, 39.41, 210, 405, 0, 0, 454, 455, 56, P8, 0x0000000000000001
2026/08/31 22:49:00.778, 30.00, 37.92, 210, 405, 0, 0, 454, 455, 56, P8, 0x0000000000000001
2026/08/31 22:49:01.278, 31.19, 37.89, 210, 405, 0, 0, 454, 455, 56, P8, 0x0000000000000001
2026/08/31 22:49:01.779, 31.19, 37.89, 210, 405, 0, 0, 454, 455, 56, P8, 0x0000000000000001
2026/08/31 22:49:02.279, 27.46, 26.42, 210, 405, 0, 0, 454, 455, 56, P8, 0x0000000000000001
2026/08/31 22:49:02.779, 27.46, 26.42, 210, 405, 0, 0, 454, 455, 56, P8, 0x0000000000000001
2026/08/31 22:49:03.280, 25.94, 25.46, 210, 405, 0, 0, 454, 455, 56, P8, 0x0000000000000001
2026/08/31 22:49:03.780, 25.94, 25.46, 210, 405, 0, 0, 454, 455, 56, P8, 0x0000000000000001
2026/08/31 22:49:04.280, 25.28, 25.11, 210, 405, 0, 0, 454, 455, 56, P8, 0x0000000000000001
2026/08/31 22:49:04.781, 25.28, 25.11, 210, 405, 0, 0, 454, 455, 56, P8, 0x0000000000000001
2026/08/31 22:49:05.281, 25.29, 25.46, 210, 405, 0, 0, 454, 455, 56, P8, 0x0000000000000001
2026/08/31 22:49:05.781, 25.29, 25.46, 210, 405, 0, 0, 454, 455, 56, P8, 0x0000000000000001
2026/08/31 22:49:06.282, 25.47, 25.48, 210, 405, 0, 0, 454, 455, 56, P8, 0x0000000000000001
2026/08/31 22:49:06.782, 25.47, 25.48, 210, 405, 0, 0, 454, 455, 56, P8, 0x0000000000000001
2026/08/31 22:49:07.282, 25.35, 25.21, 210, 405, 0, 0, 454, 455, 56, P8, 0x0000000000000001
2026/08/31 22:49:07.783, 25.35, 25.21, 210, 405, 0, 0, 454, 455, 56, P8, 0x0000000000000001
2026/08/31 22:49:08.283, 25.45, 25.69, 210, 405, 0, 0, 454, 455, 56, P8, 0x0000000000000001
2026/08/31 22:49:08.783, 25.45, 25.69, 210, 405, 0, 0, 454, 455, 56, P8, 0x0000000000000001
2026/08/31 22:49:09.284, 25.65, 25.62, 210, 405, 0, 0, 454, 455, 56, P8, 0x0000000000000001
2026/08/31 22:49:09.784, 25.65, 25.62, 210, 405, 0, 0, 454, 455, 56, P8, 0x0000000000000001
2026/08/31 22:49:10.284, 25.43, 25.24, 210, 405, 0, 0, 454, 455, 56, P8, 0x0000000000000001
2026/08/31 22:49:10.785, 25.43, 25.24, 210, 405, 0, 0, 454, 455, 56, P8, 0x0000000000000001
2026/08/31 22:49:11.285, 25.34, 25.44, 210, 405, 0, 0, 454, 455, 56, P8, 0x0000000000000001
2026/08/31 22:49:11.785, 25.34, 25.44, 210, 405, 0, 0, 454, 455, 56, P8, 0x0000000000000001
2026/08/31 22:49:12.286, 25.43, 25.42, 210, 405, 0, 0, 454, 455, 56, P8, 0x0000000000000001
2026/08/31 22:49:12.786, 25.43, 25.42, 210, 405, 0, 0, 454, 455, 56, P8, 0x0000000000000001
2026/08/31 22:49:13.286, 25.27, 25.13, 210, 405, 0, 0, 454, 455, 56, P8, 0x0000000000000001
2026/08/31 22:49:13.786, 25.27, 25.13, 210, 405, 0, 0, 454, 455, 56, P8, 0x0000000000000001
2026/08/31 22:49:14.287, 25.39, 25.65, 210, 405, 0, 0, 454, 455, 56, P8, 0x0000000000000001
2026/08/31 22:49:14.787, 25.39, 25.65, 210, 405, 0, 0, 454, 455, 56, P8, 0x0000000000000001
2026/08/31 22:49:15.287, 25.60, 25.54, 210, 405, 0, 0, 454, 455, 56, P8, 0x0000000000000001
2026/08/31 22:49:15.788, 25.60, 25.54, 210, 405, 0, 0, 454, 455, 56, P8, 0x0000000000000001
2026/08/31 22:49:16.288, 25.39, 25.24, 210, 405, 0, 0, 454, 455, 56, P8, 0x0000000000000001
2026/08/31 22:49:16.788, 25.39, 25.24, 210, 405, 0, 0, 454, 455, 56, P8, 0x0000000000000001
2026/08/31 22:49:17.288, 25.36, 25.48, 210, 405, 0, 0, 454, 455, 56, P8, 0x0000000000000001
2026/08/31 22:49:17.789, 25.36, 25.48, 210, 405, 0, 0, 454, 455, 56, P8, 0x0000000000000001
2026/08/31 22:49:18.289, 25.46, 25.45, 210, 405, 0, 0, 454, 455, 56, P8, 0x0000000000000001
2026/08/31 22:49:18.789, 25.46, 25.45, 210, 405, 0, 0, 454, 455, 56, P8, 0x0000000000000001
2026/08/31 22:49:19.289, 25.34, 25.23, 210, 405, 0, 0, 454, 455, 56, P8, 0x0000000000000001
2026/08/31 22:49:19.790, 25.34, 25.23, 210, 405, 0, 0, 454, 455, 56, P8, 0x0000000000000001
2026/08/31 22:49:20.290, 25.34, 25.44, 210, 405, 0, 0, 454, 455, 56, P8, 0x0000000000000001
2026/08/31 22:49:20.790, 25.34, 25.44, 210, 405, 0, 0, 454, 455, 56, P8, 0x0000000000000001
2026/08/31 22:49:21.291, 25.45, 25.46, 210, 405, 0, 0, 454, 455, 56, P8, 0x0000000000000001
2026/08/31 22:49:21.791, 25.45, 25.46, 210, 405, 0, 0, 454, 455, 56, P8, 0x0000000000000001
2026/08/31 22:49:22.291, 25.31, 25.16, 210, 405, 0, 0, 454, 455, 56, P8, 0x0000000000000001
2026/08/31 22:49:22.792, 25.31, 25.16, 210, 405, 0, 0, 454, 455, 56, P8, 0x0000000000000001
2026/08/31 22:49:23.292, 25.32, 25.48, 210, 405, 0, 0, 454, 455, 56, P8, 0x0000000000000001
2026/08/31 22:49:23.792, 25.32, 25.48, 210, 405, 0, 0, 454, 455, 56, P8, 0x0000000000000001
2026/08/31 22:49:24.292, 25.51, 25.54, 210, 405, 0, 0, 454, 455, 56, P8, 0x0000000000000001
2026/08/31 22:49:24.793, 25.51, 25.54, 210, 405, 0, 0, 454, 455, 56, P8, 0x0000000000000001
2026/08/31 22:49:25.293, 25.39, 25.24, 210, 405, 0, 0, 454, 455, 56, P8, 0x0000000000000001
2026/08/31 22:49:25.793, 25.39, 25.24, 210, 405, 0, 0, 454, 455, 56, P8, 0x0000000000000001
2026/08/31 22:49:26.293, 25.36, 25.48, 210, 405, 0, 0, 454, 455, 55, P8, 0x0000000000000001
2026/08/31 22:49:26.794, 25.36, 25.48, 210, 405, 0, 0, 454, 455, 55, P8, 0x0000000000000001
2026/08/31 22:49:27.294, 25.51, 25.54, 210, 405, 0, 0, 454, 455, 55, P8, 0x0000000000000001
2026/08/31 22:49:27.794, 25.51, 25.54, 210, 405, 0, 0, 454, 455, 55, P8, 0x0000000000000001
2026/08/31 22:49:28.295, 25.43, 25.32, 210, 405, 0, 0, 454, 455, 55, P8, 0x0000000000000001
2026/08/31 22:49:28.795, 25.43, 25.32, 210, 405, 0, 0, 454, 455, 55, P8, 0x0000000000000001
2026/08/31 22:49:29.295, 25.50, 25.69, 210, 405, 0, 0, 454, 455, 55, P8, 0x0000000000000001
2026/08/31 22:49:29.795, 25.50, 25.69, 210, 405, 0, 0, 454, 455, 55, P8, 0x0000000000000001
2026/08/31 22:49:30.296, 25.65, 25.62, 210, 405, 0, 0, 454, 455, 55, P8, 0x0000000000000001
2026/08/31 22:49:30.796, 25.65, 25.62, 210, 405, 0, 0, 454, 455, 55, P8, 0x0000000000000001
2026/08/31 22:49:31.296, 25.50, 25.39, 210, 405, 0, 0, 454, 455, 55, P8, 0x0000000000000001
2026/08/31 22:49:31.797, 25.50, 25.39, 210, 405, 0, 0, 454, 455, 55, P8, 0x0000000000000001
2026/08/31 22:49:32.297, 25.48, 25.57, 210, 405, 0, 0, 454, 455, 55, P8, 0x0000000000000001
2026/08/31 22:49:32.797, 25.48, 25.57, 210, 405, 0, 0, 454, 455, 55, P8, 0x0000000000000001
2026/08/31 22:49:33.298, 25.29, 25.29, 210, 405, 0, 0, 454, 455, 55, P8, 0x0000000000000001
2026/08/31 22:49:33.798, 25.29, 25.29, 210, 405, 0, 0, 454, 455, 55, P8, 0x0000000000000001
2026/08/31 22:49:34.298, 25.37, 25.45, 210, 405, 0, 0, 454, 455, 55, P8, 0x0000000000000001
2026/08/31 22:49:34.799, 25.37, 25.45, 210, 405, 0, 0, 454, 455, 55, P8, 0x0000000000000001
2026/08/31 22:49:35.299, 25.52, 25.59, 210, 405, 0, 0, 454, 455, 55, P8, 0x0000000000000001
2026/08/31 22:49:35.800, 25.52, 25.59, 210, 405, 0, 0, 454, 455, 55, P8, 0x0000000000000001
2026/08/31 22:49:36.300, 25.37, 25.15, 210, 405, 0, 0, 454, 455, 55, P8, 0x0000000000000001
2026/08/31 22:49:36.800, 25.37, 25.15, 210, 405, 0, 0, 454, 455, 55, P8, 0x0000000000000001
2026/08/31 22:49:37.301, 25.35, 25.54, 210, 405, 0, 0, 454, 455, 55, P8, 0x0000000000000001
2026/08/31 22:49:37.801, 25.35, 25.54, 210, 405, 0, 0, 454, 455, 55, P8, 0x0000000000000001
2026/08/31 22:49:38.301, 25.56, 25.57, 210, 405, 0, 0, 454, 455, 55, P8, 0x0000000000000001
2026/08/31 22:49:38.801, 25.56, 25.57, 210, 405, 0, 0, 454, 455, 55, P8, 0x0000000000000001
2026/08/31 22:49:39.302, 25.42, 25.27, 210, 405, 0, 0, 454, 455, 55, P8, 0x0000000000000001
2026/08/31 22:49:39.802, 25.42, 25.27, 210, 405, 0, 0, 454, 455, 55, P8, 0x0000000000000001
2026/08/31 22:49:40.302, 25.40, 25.54, 210, 405, 0, 0, 454, 455, 55, P8, 0x0000000000000001
2026/08/31 22:49:40.803, 25.40, 25.54, 210, 405, 0, 0, 454, 455, 55, P8, 0x0000000000000001
2026/08/31 22:49:41.303, 25.56, 25.58, 210, 405, 0, 0, 454, 455, 55, P8, 0x0000000000000001
2026/08/31 22:49:41.803, 25.56, 25.58, 210, 405, 0, 0, 454, 455, 55, P8, 0x0000000000000001
2026/08/31 22:49:42.304, 25.44, 25.30, 210, 405, 0, 0, 454, 455, 55, P8, 0x0000000000000001
2026/08/31 22:49:42.804, 25.44, 25.30, 210, 405, 0, 0, 454, 455, 55, P8, 0x0000000000000001
2026/08/31 22:49:43.304, 25.41, 25.53, 210, 405, 0, 0, 454, 455, 55, P8, 0x0000000000000001
2026/08/31 22:49:43.805, 25.41, 25.53, 210, 405, 0, 0, 454, 455, 55, P8, 0x0000000000000001
2026/08/31 22:49:44.305, 25.53, 25.54, 210, 405, 0, 0, 454, 455, 55, P8, 0x0000000000000001
2026/08/31 22:49:44.805, 25.53, 25.54, 210, 405, 0, 0, 454, 455, 55, P8, 0x0000000000000001
2026/08/31 22:49:45.306, 25.39, 25.25, 210, 405, 0, 0, 454, 455, 55, P8, 0x0000000000000001
2026/08/31 22:49:45.806, 25.39, 25.25, 210, 405, 0, 0, 454, 455, 55, P8, 0x0000000000000001
2026/08/31 22:49:46.306, 25.41, 25.58, 210, 405, 0, 0, 454, 455, 55, P8, 0x0000000000000001
2026/08/31 22:49:46.807, 25.41, 25.58, 210, 405, 0, 0, 454, 455, 55, P8, 0x0000000000000001
2026/08/31 22:49:47.307, 25.52, 25.47, 210, 405, 0, 0, 454, 455, 55, P8, 0x0000000000000001
2026/08/31 22:49:47.807, 25.52, 25.47, 210, 405, 0, 0, 454, 455, 55, P8, 0x0000000000000001
2026/08/31 22:49:48.308, 25.29, 25.12, 210, 405, 0, 0, 454, 455, 55, P8, 0x0000000000000001
2026/08/31 22:49:48.808, 25.29, 25.12, 210, 405, 0, 0, 454, 455, 55, P8, 0x0000000000000001
2026/08/31 22:49:49.308, 25.34, 25.57, 210, 405, 0, 0, 454, 455, 55, P8, 0x0000000000000001
2026/08/31 22:49:49.808, 25.34, 25.57, 210, 405, 0, 0, 454, 455, 55, P8, 0x0000000000000001
2026/08/31 22:49:50.309, 25.51, 25.46, 210, 405, 0, 0, 454, 455, 55, P8, 0x0000000000000001
2026/08/31 22:49:50.809, 25.51, 25.46, 210, 405, 0, 0, 454, 455, 55, P8, 0x0000000000000001
2026/08/31 22:49:51.309, 25.31, 25.16, 210, 405, 0, 0, 454, 455, 55, P8, 0x0000000000000001
2026/08/31 22:49:51.810, 25.31, 25.16, 210, 405, 0, 0, 454, 455, 55, P8, 0x0000000000000001
2026/08/31 22:49:52.310, 25.37, 25.58, 210, 405, 0, 0, 454, 455, 55, P8, 0x0000000000000001
2026/08/31 22:49:52.810, 25.37, 25.58, 210, 405, 0, 0, 454, 455, 55, P8, 0x0000000000000001
2026/08/31 22:49:53.311, 25.53, 25.48, 210, 405, 0, 0, 454, 455, 55, P8, 0x0000000000000001
2026/08/31 22:49:53.811, 25.53, 25.48, 210, 405, 0, 0, 454, 455, 55, P8, 0x0000000000000001
2026/08/31 22:49:54.312, 25.31, 25.14, 210, 405, 0, 0, 454, 455, 55, P8, 0x0000000000000001
2026/08/31 22:49:54.812, 25.31, 25.14, 210, 405, 0, 0, 454, 455, 55, P8, 0x0000000000000001
2026/08/31 22:49:55.312, 25.31, 25.48, 210, 405, 0, 0, 454, 455, 55, P8, 0x0000000000000001
2026/08/31 22:49:55.813, 25.31, 25.48, 210, 405, 0, 0, 454, 455, 55, P8, 0x0000000000000001
2026/08/31 22:49:56.313, 25.49, 25.51, 210, 405, 0, 0, 454, 455, 55, P8, 0x0000000000000001
2026/08/31 22:49:56.814, 25.49, 25.51, 210, 405, 0, 0, 454, 455, 55, P8, 0x0000000000000001
2026/08/31 22:49:57.314, 25.34, 25.17, 210, 405, 0, 0, 454, 455, 55, P8, 0x0000000000000001
2026/08/31 22:49:57.814, 25.34, 25.17, 210, 405, 0, 0, 454, 455, 55, P8, 0x0000000000000001
2026/08/31 22:49:58.314, 25.38, 25.58, 210, 405, 0, 0, 454, 455, 55, P8, 0x0000000000000001
2026/08/31 22:49:58.815, 25.38, 25.58, 210, 405, 0, 0, 454, 455, 55, P8, 0x0000000000000001
2026/08/31 22:49:59.315, 25.53, 25.48, 210, 405, 0, 0, 454, 455, 55, P8, 0x0000000000000001
2026/08/31 22:49:59.815, 25.53, 25.48, 210, 405, 0, 0, 454, 455, 55, P8, 0x0000000000000001
2026/08/31 22:50:00.316, 27.38, 38.90, 210, 405, 0, 0, 454, 455, 56, P8, 0x0000000000000001
2026/08/31 22:50:00.816, 30.29, 37.87, 210, 405, 0, 0, 454, 455, 56, P8, 0x0000000000000001
2026/08/31 22:50:01.317, 37.02, 37.84, 210, 405, 0, 0, 454, 455, 56, P8, 0x0000000000000001
2026/08/31 22:50:01.817, 37.02, 37.84, 210, 405, 0, 0, 454, 455, 56, P8, 0x0000000000000001
2026/08/31 22:50:02.317, 26.52, 25.39, 210, 405, 0, 0, 454, 455, 56, P8, 0x0000000000000001
2026/08/31 22:50:02.818, 26.52, 25.39, 210, 405, 0, 0, 454, 455, 56, P8, 0x0000000000000001
2026/08/31 22:50:03.318, 25.44, 25.48, 210, 405, 0, 0, 454, 455, 55, P8, 0x0000000000000001
2026/08/31 22:50:03.818, 25.44, 25.48, 210, 405, 0, 0, 454, 455, 55, P8, 0x0000000000000001
2026/08/31 22:50:04.319, 25.31, 25.14, 210, 405, 0, 0, 454, 455, 55, P8, 0x0000000000000001
2026/08/31 22:50:04.819, 25.31, 25.14, 210, 405, 0, 0, 454, 455, 55, P8, 0x0000000000000001
2026/08/31 22:50:05.320, 25.31, 25.47, 210, 405, 0, 0, 454, 455, 55, P8, 0x0000000000000001
2026/08/31 22:50:05.820, 25.31, 25.47, 210, 405, 0, 0, 454, 455, 55, P8, 0x0000000000000001
2026/08/31 22:50:06.320, 25.48, 25.49, 210, 405, 0, 0, 454, 455, 55, P8, 0x0000000000000001
2026/08/31 22:50:06.821, 25.48, 25.49, 210, 405, 0, 0, 454, 455, 55, P8, 0x0000000000000001
2026/08/31 22:50:07.321, 25.33, 25.18, 210, 405, 0, 0, 454, 455, 55, P8, 0x0000000000000001
2026/08/31 22:50:07.821, 25.33, 25.18, 210, 405, 0, 0, 454, 455, 55, P8, 0x0000000000000001
2026/08/31 22:50:08.322, 25.38, 25.58, 210, 405, 0, 0, 454, 455, 55, P8, 0x0000000000000001
2026/08/31 22:50:08.822, 25.38, 25.58, 210, 405, 0, 0, 454, 455, 55, P8, 0x0000000000000001
2026/08/31 22:50:09.322, 25.52, 25.46, 210, 405, 0, 0, 454, 455, 55, P8, 0x0000000000000001
2026/08/31 22:50:09.823, 25.52, 25.46, 210, 405, 0, 0, 454, 455, 55, P8, 0x0000000000000001
2026/08/31 22:50:10.323, 25.32, 25.17, 210, 405, 0, 0, 454, 455, 55, P8, 0x0000000000000001
2026/08/31 22:50:10.823, 25.32, 25.17, 210, 405, 0, 0, 454, 455, 55, P8, 0x0000000000000001
2026/08/31 22:50:11.323, 25.33, 25.48, 210, 405, 0, 0, 454, 455, 55, P8, 0x0000000000000001
2026/08/31 22:50:11.824, 25.33, 25.48, 210, 405, 0, 0, 454, 455, 55, P8, 0x0000000000000001
2026/08/31 22:50:12.324, 25.44, 25.40, 210, 405, 0, 0, 454, 455, 55, P8, 0x0000000000000001
2026/08/31 22:50:12.824, 25.44, 25.40, 210, 405, 0, 0, 454, 455, 55, P8, 0x0000000000000001
2026/08/31 22:50:13.325, 25.23, 25.06, 210, 405, 0, 0, 454, 455, 55, P8, 0x0000000000000001
2026/08/31 22:50:13.825, 25.23, 25.06, 210, 405, 0, 0, 454, 455, 55, P8, 0x0000000000000001
2026/08/31 22:50:14.325, 25.24, 25.43, 210, 405, 0, 0, 454, 455, 55, P8, 0x0000000000000001
2026/08/31 22:50:14.825, 25.24, 25.43, 210, 405, 0, 0, 454, 455, 55, P8, 0x0000000000000001
2026/08/31 22:50:15.326, 25.41, 25.39, 210, 405, 0, 0, 454, 455, 55, P8, 0x0000000000000001
2026/08/31 22:50:15.826, 25.41, 25.39, 210, 405, 0, 0, 454, 455, 55, P8, 0x0000000000000001
2026/08/31 22:50:16.326, 25.26, 25.12, 210, 405, 0, 0, 454, 455, 55, P8, 0x0000000000000001
2026/08/31 22:50:16.827, 25.26, 25.12, 210, 405, 0, 0, 454, 455, 55, P8, 0x0000000000000001
2026/08/31 22:50:17.327, 25.28, 25.43, 210, 405, 0, 0, 454, 455, 55, P8, 0x0000000000000001
2026/08/31 22:50:17.827, 25.28, 25.43, 210, 405, 0, 0, 454, 455, 55, P8, 0x0000000000000001
2026/08/31 22:50:18.328, 25.43, 25.43, 210, 405, 0, 0, 454, 455, 55, P8, 0x0000000000000001
2026/08/31 22:50:18.828, 25.43, 25.43, 210, 405, 0, 0, 454, 455, 55, P8, 0x0000000000000001
2026/08/31 22:50:19.328, 25.30, 25.17, 210, 405, 0, 0, 454, 455, 55, P8, 0x0000000000000001
2026/08/31 22:50:19.829, 25.30, 25.17, 210, 405, 0, 0, 454, 455, 55, P8, 0x0000000000000001
2026/08/31 22:50:20.329, 25.27, 25.37, 210, 405, 0, 0, 454, 455, 55, P8, 0x0000000000000001
2026/08/31 22:50:20.829, 25.27, 25.37, 210, 405, 0, 0, 454, 455, 55, P8, 0x0000000000000001
2026/08/31 22:50:21.330, 25.39, 25.42, 210, 405, 0, 0, 454, 455, 55, P8, 0x0000000000000001
2026/08/31 22:50:21.830, 25.39, 25.42, 210, 405, 0, 0, 454, 455, 55, P8, 0x0000000000000001
2026/08/31 22:50:22.330, 25.26, 25.09, 210, 405, 0, 0, 454, 455, 55, P8, 0x0000000000000001
2026/08/31 22:50:22.831, 25.26, 25.09, 210, 405, 0, 0, 454, 455, 55, P8, 0x0000000000000001
2026/08/31 22:50:23.331, 25.32, 25.54, 210, 405, 0, 0, 454, 455, 55, P8, 0x0000000000000001
2026/08/31 22:50:23.831, 25.32, 25.54, 210, 405, 0, 0, 454, 455, 55, P8, 0x0000000000000001
2026/08/31 22:50:24.331, 25.49, 25.43, 210, 405, 0, 0, 454, 455, 55, P8, 0x0000000000000001
2026/08/31 22:50:24.832, 25.49, 25.43, 210, 405, 0, 0, 454, 455, 55, P8, 0x0000000000000001
2026/08/31 22:50:25.332, 25.25, 25.07, 210, 405, 0, 0, 454, 455, 55, P8, 0x0000000000000001
2026/08/31 22:50:25.832, 25.25, 25.07, 210, 405, 0, 0, 454, 455, 55, P8, 0x0000000000000001
2026/08/31 22:50:26.333, 25.20, 25.33, 210, 405, 0, 0, 454, 455, 55, P8, 0x0000000000000001
2026/08/31 22:50:26.833, 25.20, 25.33, 210, 405, 0, 0, 454, 455, 55, P8, 0x0000000000000001
2026/08/31 22:50:27.333, 25.33, 25.34, 210, 405, 0, 0, 454, 455, 55, P8, 0x0000000000000001
2026/08/31 22:50:27.834, 25.33, 25.34, 210, 405, 0, 0, 454, 455, 55, P8, 0x0000000000000001
2026/08/31 22:50:28.334, 25.20, 25.07, 210, 405, 0, 0, 454, 455, 55, P8, 0x0000000000000001
2026/08/31 22:50:28.834, 25.20, 25.07, 210, 405, 0, 0, 454, 455, 55, P8, 0x0000000000000001
2026/08/31 22:50:29.335, 25.21, 25.35, 210, 405, 0, 0, 454, 455, 55, P8, 0x0000000000000001
2026/08/31 22:50:29.835, 25.21, 25.35, 210, 405, 0, 0, 454, 455, 55, P8, 0x0000000000000001
2026/08/31 22:50:30.335, 25.34, 25.34, 210, 405, 0, 0, 454, 455, 55, P8, 0x0000000000000001
2026/08/31 22:50:30.836, 25.34, 25.34, 210, 405, 0, 0, 454, 455, 55, P8, 0x0000000000000001
2026/08/31 22:50:31.336, 25.22, 25.10, 210, 405, 0, 0, 454, 455, 55, P8, 0x0000000000000001
2026/08/31 22:50:31.836, 25.22, 25.10, 210, 405, 0, 0, 454, 455, 55, P8, 0x0000000000000001
2026/08/31 22:50:32.337, 25.24, 25.38, 210, 405, 0, 0, 454, 455, 55, P8, 0x0000000000000001
2026/08/31 22:50:32.837, 25.24, 25.38, 210, 405, 0, 0, 454, 455, 55, P8, 0x0000000000000001
2026/08/31 22:50:33.337, 25.42, 25.46, 210, 405, 0, 0, 454, 455, 55, P8, 0x0000000000000001
2026/08/31 22:50:33.838, 25.42, 25.46, 210, 405, 0, 0, 454, 455, 55, P8, 0x0000000000000001
2026/08/31 22:50:34.338, 25.29, 25.12, 210, 405, 0, 0, 454, 455, 55, P8, 0x0000000000000001
2026/08/31 22:50:34.838, 25.29, 25.12, 210, 405, 0, 0, 454, 455, 55, P8, 0x0000000000000001
2026/08/31 22:50:35.339, 25.26, 25.39, 210, 405, 0, 0, 454, 455, 55, P8, 0x0000000000000001
2026/08/31 22:50:35.839, 25.26, 25.39, 210, 405, 0, 0, 454, 455, 55, P8, 0x0000000000000001
2026/08/31 22:50:36.339, 25.40, 25.40, 210, 405, 0, 0, 454, 455, 55, P8, 0x0000000000000001
2026/08/31 22:50:36.840, 25.40, 25.40, 210, 405, 0, 0, 454, 455, 55, P8, 0x0000000000000001
2026/08/31 22:50:37.340, 25.25, 25.11, 210, 405, 0, 0, 454, 455, 55, P8, 0x0000000000000001
2026/08/31 22:50:37.840, 25.25, 25.11, 210, 405, 0, 0, 454, 455, 55, P8, 0x0000000000000001
2026/08/31 22:50:38.341, 25.76, 42.12, 210, 405, 0, 0, 454, 455, 55, P8, 0x0000000000000001
2026/08/31 22:50:38.841, 29.45, 37.58, 210, 405, 0, 0, 454, 455, 56, P8, 0x0000000000000001
2026/08/31 22:50:39.341, 38.09, 37.64, 210, 405, 0, 0, 454, 455, 56, P8, 0x0000000000000001
2026/08/31 22:50:39.842, 38.09, 37.64, 210, 405, 0, 0, 454, 455, 56, P8, 0x0000000000000001
2026/08/31 22:50:40.342, 26.39, 25.27, 210, 405, 0, 0, 454, 455, 56, P8, 0x0000000000000001
2026/08/31 22:50:40.842, 26.39, 25.27, 210, 405, 0, 0, 454, 455, 56, P8, 0x0000000000000001
2026/08/31 22:50:41.343, 25.39, 25.52, 210, 405, 0, 0, 454, 455, 55, P8, 0x0000000000000001
2026/08/31 22:50:41.843, 25.39, 25.52, 210, 405, 0, 0, 454, 455, 55, P8, 0x0000000000000001
2026/08/31 22:50:42.343, 25.39, 25.27, 210, 405, 0, 0, 454, 455, 55, P8, 0x0000000000000001
2026/08/31 22:50:42.844, 25.39, 25.27, 210, 405, 0, 0, 454, 455, 55, P8, 0x0000000000000001
2026/08/31 22:50:43.344, 25.42, 25.58, 210, 405, 0, 0, 454, 455, 55, P8, 0x0000000000000001
2026/08/31 22:50:43.844, 25.42, 25.58, 210, 405, 0, 0, 454, 455, 55, P8, 0x0000000000000001
2026/08/31 22:50:44.345, 25.53, 25.48, 210, 405, 0, 0, 454, 455, 55, P8, 0x0000000000000001
2026/08/31 22:50:44.845, 25.53, 25.48, 210, 405, 0, 0, 454, 455, 55, P8, 0x0000000000000001
2026/08/31 22:50:45.345, 25.26, 25.04, 210, 405, 0, 0, 454, 455, 55, P8, 0x0000000000000001
2026/08/31 22:50:45.846, 25.26, 25.04, 210, 405, 0, 0, 454, 455, 55, P8, 0x0000000000000001
2026/08/31 22:50:46.346, 25.20, 25.36, 210, 405, 0, 0, 454, 455, 55, P8, 0x0000000000000001
2026/08/31 22:50:46.846, 25.20, 25.36, 210, 405, 0, 0, 454, 455, 55, P8, 0x0000000000000001
2026/08/31 22:50:47.347, 25.41, 25.46, 210, 405, 0, 0, 454, 455, 55, P8, 0x0000000000000001
2026/08/31 22:50:47.847, 25.41, 25.46, 210, 405, 0, 0, 454, 455, 55, P8, 0x0000000000000001
2026/08/31 22:50:48.347, 25.33, 25.19, 210, 405, 0, 0, 454, 455, 55, P8, 0x0000000000000001
2026/08/31 22:50:48.848, 25.33, 25.19, 210, 405, 0, 0, 454, 455, 55, P8, 0x0000000000000001
2026/08/31 22:50:49.348, 25.32, 25.46, 210, 405, 0, 0, 454, 455, 55, P8, 0x0000000000000001
2026/08/31 22:50:49.848, 25.32, 25.46, 210, 405, 0, 0, 454, 455, 55, P8, 0x0000000000000001
2026/08/31 22:50:50.349, 25.43, 25.42, 210, 405, 0, 0, 454, 455, 55, P8, 0x0000000000000001
2026/08/31 22:50:50.849, 25.43, 25.42, 210, 405, 0, 0, 454, 455, 55, P8, 0x0000000000000001
2026/08/31 22:50:51.349, 25.27, 25.12, 210, 405, 0, 0, 454, 455, 55, P8, 0x0000000000000001
2026/08/31 22:50:51.850, 25.27, 25.12, 210, 405, 0, 0, 454, 455, 55, P8, 0x0000000000000001
2026/08/31 22:50:52.350, 25.27, 25.42, 210, 405, 0, 0, 454, 455, 55, P8, 0x0000000000000001
2026/08/31 22:50:52.850, 25.27, 25.42, 210, 405, 0, 0, 454, 455, 55, P8, 0x0000000000000001
2026/08/31 22:50:53.351, 25.40, 25.37, 210, 405, 0, 0, 454, 455, 55, P8, 0x0000000000000001
2026/08/31 22:50:53.851, 25.40, 25.37, 210, 405, 0, 0, 454, 455, 55, P8, 0x0000000000000001
2026/08/31 22:50:54.351, 25.24, 25.11, 210, 405, 0, 0, 454, 455, 55, P8, 0x0000000000000001
2026/08/31 22:50:54.852, 25.24, 25.11, 210, 405, 0, 0, 454, 455, 55, P8, 0x0000000000000001
2026/08/31 22:50:55.352, 25.28, 25.45, 210, 405, 0, 0, 454, 455, 55, P8, 0x0000000000000001
2026/08/31 22:50:55.853, 25.28, 25.45, 210, 405, 0, 0, 454, 455, 55, P8, 0x0000000000000001
2026/08/31 22:50:56.353, 25.44, 25.44, 210, 405, 0, 0, 454, 455, 55, P8, 0x0000000000000001
2026/08/31 22:50:56.853, 25.44, 25.44, 210, 405, 0, 0, 454, 455, 55, P8, 0x0000000000000001
2026/08/31 22:50:57.354, 25.31, 25.19, 210, 405, 0, 0, 454, 455, 55, P8, 0x0000000000000001
2026/08/31 22:50:57.854, 25.31, 25.19, 210, 405, 0, 0, 454, 455, 55, P8, 0x0000000000000001
2026/08/31 22:50:58.354, 25.31, 25.44, 210, 405, 0, 0, 454, 455, 55, P8, 0x0000000000000001
2026/08/31 22:50:58.855, 25.31, 25.44, 210, 405, 0, 0, 454, 455, 55, P8, 0x0000000000000001
2026/08/31 22:50:59.355, 25.38, 25.33, 210, 405, 0, 0, 454, 455, 55, P8, 0x0000000000000001
2026/08/31 22:50:59.855, 25.38, 25.33, 210, 405, 0, 0, 454, 455, 55, P8, 0x0000000000000001
2026/08/31 22:51:00.356, 26.54, 39.43, 210, 405, 0, 0, 454, 455, 55, P8, 0x0000000000000001
2026/08/31 22:51:00.856, 31.02, 37.55, 210, 405, 0, 0, 454, 455, 55, P8, 0x0000000000000001
2026/08/31 22:51:01.356, 32.12, 37.66, 210, 405, 0, 0, 454, 455, 56, P8, 0x0000000000000001
2026/08/31 22:51:01.856, 32.12, 37.66, 210, 405, 0, 0, 454, 455, 56, P8, 0x0000000000000001
2026/08/31 22:51:02.357, 26.55, 25.44, 210, 405, 0, 0, 454, 455, 56, P8, 0x0000000000000001
2026/08/31 22:51:02.857, 26.55, 25.44, 210, 405, 0, 0, 454, 455, 56, P8, 0x0000000000000001
2026/08/31 22:51:03.357, 25.35, 25.25, 210, 405, 0, 0, 454, 455, 55, P8, 0x0000000000000001
2026/08/31 22:51:03.858, 25.35, 25.25, 210, 405, 0, 0, 454, 455, 55, P8, 0x0000000000000001
2026/08/31 22:51:04.358, 25.13, 25.00, 210, 405, 0, 0, 454, 455, 55, P8, 0x0000000000000001
2026/08/31 22:51:04.858, 25.13, 25.00, 210, 405, 0, 0, 454, 455, 55, P8, 0x0000000000000001
2026/08/31 22:51:05.359, 25.16, 25.32, 210, 405, 0, 0, 454, 455, 55, P8, 0x0000000000000001
2026/08/31 22:51:05.859, 25.16, 25.32, 210, 405, 0, 0, 454, 455, 55, P8, 0x0000000000000001
2026/08/31 22:51:06.359, 25.37, 25.42, 210, 405, 0, 0, 454, 455, 55, P8, 0x0000000000000001
2026/08/31 22:51:06.860, 25.37, 25.42, 210, 405, 0, 0, 454, 455, 55, P8, 0x0000000000000001
2026/08/31 22:51:07.360, 25.28, 25.14, 210, 405, 0, 0, 454, 455, 55, P8, 0x0000000000000001
2026/08/31 22:51:07.860, 25.28, 25.14, 210, 405, 0, 0, 454, 455, 55, P8, 0x0000000000000001
2026/08/31 22:51:08.360, 25.27, 25.41, 210, 405, 0, 0, 454, 455, 55, P8, 0x0000000000000001
2026/08/31 22:51:08.861, 25.27, 25.41, 210, 405, 0, 0, 454, 455, 55, P8, 0x0000000000000001
2026/08/31 22:51:09.361, 25.44, 25.48, 210, 405, 0, 0, 454, 455, 55, P8, 0x0000000000000001
2026/08/31 22:51:09.861, 25.44, 25.48, 210, 405, 0, 0, 454, 455, 55, P8, 0x0000000000000001
2026/08/31 22:51:10.362, 25.25, 25.03, 210, 405, 0, 0, 454, 455, 55, P8, 0x0000000000000001
2026/08/31 22:51:10.862, 25.25, 25.03, 210, 405, 0, 0, 454, 455, 55, P8, 0x0000000000000001
2026/08/31 22:51:11.362, 25.20, 25.38, 210, 405, 0, 0, 454, 455, 55, P8, 0x0000000000000001
2026/08/31 22:51:11.863, 25.20, 25.38, 210, 405, 0, 0, 454, 455, 55, P8, 0x0000000000000001
2026/08/31 22:51:12.363, 25.31, 25.23, 210, 405, 0, 0, 454, 455, 55, P8, 0x0000000000000001
2026/08/31 22:51:12.863, 25.31, 25.23, 210, 405, 0, 0, 454, 455, 55, P8, 0x0000000000000001
2026/08/31 22:51:13.364, 25.08, 24.93, 210, 405, 0, 0, 454, 455, 55, P8, 0x0000000000000001
2026/08/31 22:51:13.864, 25.08, 24.93, 210, 405, 0, 0, 454, 455, 55, P8, 0x0000000000000001
2026/08/31 22:51:14.364, 25.13, 25.34, 210, 405, 0, 0, 454, 455, 55, P8, 0x0000000000000001
2026/08/31 22:51:14.865, 25.13, 25.34, 210, 405, 0, 0, 454, 455, 55, P8, 0x0000000000000001
2026/08/31 22:51:15.365, 25.36, 25.39, 210, 405, 0, 0, 454, 455, 55, P8, 0x0000000000000001
2026/08/31 22:51:15.865, 25.36, 25.39, 210, 405, 0, 0, 454, 455, 55, P8, 0x0000000000000001
2026/08/31 22:51:16.366, 25.22, 25.06, 210, 405, 0, 0, 454, 455, 55, P8, 0x0000000000000001
2026/08/31 22:51:16.866, 25.22, 25.06, 210, 405, 0, 0, 454, 455, 55, P8, 0x0000000000000001
2026/08/31 22:51:17.366, 25.26, 25.47, 210, 405, 0, 0, 454, 455, 55, P8, 0x0000000000000001
2026/08/31 22:51:17.867, 25.26, 25.47, 210, 405, 0, 0, 454, 455, 55, P8, 0x0000000000000001
2026/08/31 22:51:18.367, 25.48, 25.49, 210, 405, 0, 0, 454, 455, 55, P8, 0x0000000000000001
2026/08/31 22:51:18.867, 25.48, 25.49, 210, 405, 0, 0, 454, 455, 55, P8, 0x0000000000000001
2026/08/31 22:51:19.368, 25.35, 25.20, 210, 405, 0, 0, 454, 455, 55, P8, 0x0000000000000001
2026/08/31 22:51:19.868, 25.35, 25.20, 210, 405, 0, 0, 454, 455, 55, P8, 0x0000000000000001
2026/08/31 22:51:20.368, 25.36, 25.52, 210, 405, 0, 0, 454, 455, 55, P8, 0x0000000000000001
2026/08/31 22:51:20.869, 25.36, 25.52, 210, 405, 0, 0, 454, 455, 55, P8, 0x0000000000000001
2026/08/31 22:51:21.369, 25.55, 25.57, 210, 405, 0, 0, 454, 455, 55, P8, 0x0000000000000001
2026/08/31 22:51:21.869, 25.55, 25.57, 210, 405, 0, 0, 454, 455, 55, P8, 0x0000000000000001
2026/08/31 22:51:22.370, 25.38, 25.19, 210, 405, 0, 0, 454, 455, 55, P8, 0x0000000000000001
2026/08/31 22:51:22.870, 25.38, 25.19, 210, 405, 0, 0, 454, 455, 55, P8, 0x0000000000000001
2026/08/31 22:51:23.370, 25.30, 25.40, 210, 405, 0, 0, 454, 455, 55, P8, 0x0000000000000001
2026/08/31 22:51:23.870, 25.30, 25.40, 210, 405, 0, 0, 454, 455, 55, P8, 0x0000000000000001
2026/08/31 22:51:24.371, 25.45, 25.50, 210, 405, 0, 0, 454, 455, 55, P8, 0x0000000000000001
2026/08/31 22:51:24.871, 25.45, 25.50, 210, 405, 0, 0, 454, 455, 55, P8, 0x0000000000000001
2026/08/31 22:51:25.371, 25.32, 25.15, 210, 405, 0, 0, 454, 455, 55, P8, 0x0000000000000001
2026/08/31 22:51:25.872, 25.32, 25.15, 210, 405, 0, 0, 454, 455, 55, P8, 0x0000000000000001
2026/08/31 22:51:26.372, 25.31, 25.48, 210, 405, 0, 0, 454, 455, 55, P8, 0x0000000000000001
2026/08/31 22:51:26.873, 25.31, 25.48, 210, 405, 0, 0, 454, 455, 55, P8, 0x0000000000000001
2026/08/31 22:51:27.373, 25.47, 25.47, 210, 405, 0, 0, 454, 455, 55, P8, 0x0000000000000001
2026/08/31 22:51:27.873, 25.47, 25.47, 210, 405, 0, 0, 454, 455, 55, P8, 0x0000000000000001
2026/08/31 22:51:28.374, 25.31, 25.15, 210, 405, 0, 0, 454, 455, 55, P8, 0x0000000000000001
2026/08/31 22:51:28.874, 25.31, 25.15, 210, 405, 0, 0, 454, 455, 55, P8, 0x0000000000000001
2026/08/31 22:51:29.374, 25.27, 25.40, 210, 405, 0, 0, 454, 455, 55, P8, 0x0000000000000001
2026/08/31 22:51:29.875, 25.27, 25.40, 210, 405, 0, 0, 454, 455, 55, P8, 0x0000000000000001
2026/08/31 22:51:30.375, 25.37, 25.33, 210, 405, 0, 0, 454, 455, 55, P8, 0x0000000000000001
2026/08/31 22:51:30.875, 25.37, 25.33, 210, 405, 0, 0, 454, 455, 55, P8, 0x0000000000000001
2026/08/31 22:51:31.376, 25.20, 25.07, 210, 405, 0, 0, 454, 455, 55, P8, 0x0000000000000001
2026/08/31 22:51:31.876, 25.20, 25.07, 210, 405, 0, 0, 454, 455, 55, P8, 0x0000000000000001
2026/08/31 22:51:32.376, 25.19, 25.32, 210, 405, 0, 0, 454, 455, 55, P8, 0x0000000000000001
2026/08/31 22:51:32.877, 25.19, 25.32, 210, 405, 0, 0, 454, 455, 55, P8, 0x0000000000000001
2026/08/31 22:51:33.377, 25.34, 25.37, 210, 405, 0, 0, 454, 455, 55, P8, 0x0000000000000001
2026/08/31 22:51:33.877, 25.34, 25.37, 210, 405, 0, 0, 454, 455, 55, P8, 0x0000000000000001
2026/08/31 22:51:34.378, 25.22, 25.08, 210, 405, 0, 0, 454, 455, 55, P8, 0x0000000000000001
2026/08/31 22:51:34.878, 25.22, 25.08, 210, 405, 0, 0, 454, 455, 55, P8, 0x0000000000000001
2026/08/31 22:51:35.378, 25.26, 25.43, 210, 405, 0, 0, 454, 455, 55, P8, 0x0000000000000001
2026/08/31 22:51:35.879, 25.26, 25.43, 210, 405, 0, 0, 454, 455, 55, P8, 0x0000000000000001
2026/08/31 22:51:36.379, 25.45, 25.47, 210, 405, 0, 0, 454, 455, 55, P8, 0x0000000000000001
2026/08/31 22:51:36.879, 25.45, 25.47, 210, 405, 0, 0, 454, 455, 55, P8, 0x0000000000000001
2026/08/31 22:51:37.380, 25.28, 25.10, 210, 405, 0, 0, 454, 455, 55, P8, 0x0000000000000001
2026/08/31 22:51:37.880, 25.28, 25.10, 210, 405, 0, 0, 454, 455, 55, P8, 0x0000000000000001
2026/08/31 22:51:38.380, 25.26, 25.43, 210, 405, 0, 0, 454, 455, 55, P8, 0x0000000000000001
2026/08/31 22:51:38.881, 25.26, 25.43, 210, 405, 0, 0, 454, 455, 55, P8, 0x0000000000000001
2026/08/31 22:51:39.381, 25.28, 25.14, 210, 405, 0, 0, 454, 455, 55, P8, 0x0000000000000001
2026/08/31 22:51:39.881, 25.28, 25.14, 210, 405, 0, 0, 454, 455, 55, P8, 0x0000000000000001
2026/08/31 22:51:40.382, 25.25, 25.36, 210, 405, 0, 0, 454, 455, 55, P8, 0x0000000000000001
2026/08/31 22:51:40.882, 25.25, 25.36, 210, 405, 0, 0, 454, 455, 55, P8, 0x0000000000000001
2026/08/31 22:51:41.382, 25.37, 25.37, 210, 405, 0, 0, 454, 455, 55, P8, 0x0000000000000001
2026/08/31 22:51:41.883, 25.37, 25.37, 210, 405, 0, 0, 454, 455, 55, P8, 0x0000000000000001
2026/08/31 22:51:42.383, 25.22, 25.08, 210, 405, 0, 0, 454, 455, 55, P8, 0x0000000000000001
2026/08/31 22:51:42.883, 25.22, 25.08, 210, 405, 0, 0, 454, 455, 55, P8, 0x0000000000000001
2026/08/31 22:51:43.384, 25.22, 25.37, 210, 405, 0, 0, 454, 455, 55, P8, 0x0000000000000001
2026/08/31 22:51:43.884, 25.22, 25.37, 210, 405, 0, 0, 454, 455, 55, P8, 0x0000000000000001
2026/08/31 22:51:44.384, 25.35, 25.34, 210, 405, 0, 0, 454, 455, 55, P8, 0x0000000000000001
2026/08/31 22:51:44.885, 25.35, 25.34, 210, 405, 0, 0, 454, 455, 55, P8, 0x0000000000000001
2026/08/31 22:51:45.385, 25.17, 25.01, 210, 405, 0, 0, 454, 455, 55, P8, 0x0000000000000001
2026/08/31 22:51:45.885, 25.17, 25.01, 210, 405, 0, 0, 454, 455, 55, P8, 0x0000000000000001
2026/08/31 22:51:46.386, 25.20, 25.39, 210, 405, 0, 0, 454, 455, 55, P8, 0x0000000000000001
2026/08/31 22:51:46.886, 25.20, 25.39, 210, 405, 0, 0, 454, 455, 55, P8, 0x0000000000000001
2026/08/31 22:51:47.386, 25.39, 25.38, 210, 405, 0, 0, 454, 455, 55, P8, 0x0000000000000001
2026/08/31 22:51:47.887, 25.39, 25.38, 210, 405, 0, 0, 454, 455, 55, P8, 0x0000000000000001
2026/08/31 22:51:48.387, 25.23, 25.07, 210, 405, 0, 0, 454, 455, 55, P8, 0x0000000000000001
2026/08/31 22:51:48.888, 25.23, 25.07, 210, 405, 0, 0, 454, 455, 55, P8, 0x0000000000000001
2026/08/31 22:51:49.388, 25.24, 25.41, 210, 405, 0, 0, 454, 455, 55, P8, 0x0000000000000001
2026/08/31 22:51:49.888, 25.24, 25.41, 210, 405, 0, 0, 454, 455, 55, P8, 0x0000000000000001
2026/08/31 22:51:50.389, 25.36, 25.32, 210, 405, 0, 0, 454, 455, 55, P8, 0x0000000000000001
2026/08/31 22:51:50.889, 25.36, 25.32, 210, 405, 0, 0, 454, 455, 55, P8, 0x0000000000000001
2026/08/31 22:51:51.389, 25.16, 25.01, 210, 405, 0, 0, 454, 455, 55, P8, 0x0000000000000001
2026/08/31 22:51:51.890, 25.16, 25.01, 210, 405, 0, 0, 454, 455, 55, P8, 0x0000000000000001
2026/08/31 22:51:52.390, 25.19, 25.38, 210, 405, 0, 0, 454, 455, 55, P8, 0x0000000000000001
2026/08/31 22:51:52.890, 25.19, 25.38, 210, 405, 0, 0, 454, 455, 55, P8, 0x0000000000000001
2026/08/31 22:51:53.391, 25.37, 25.36, 210, 405, 0, 0, 454, 455, 55, P8, 0x0000000000000001
2026/08/31 22:51:53.891, 25.37, 25.36, 210, 405, 0, 0, 454, 455, 55, P8, 0x0000000000000001
2026/08/31 22:51:54.392, 25.23, 25.09, 210, 405, 0, 0, 454, 455, 55, P8, 0x0000000000000001
2026/08/31 22:51:54.892, 25.23, 25.09, 210, 405, 0, 0, 454, 455, 55, P8, 0x0000000000000001
2026/08/31 22:51:55.392, 25.24, 25.40, 210, 405, 0, 0, 454, 455, 55, P8, 0x0000000000000001
2026/08/31 22:51:55.893, 25.24, 25.40, 210, 405, 0, 0, 454, 455, 55, P8, 0x0000000000000001
2026/08/31 22:51:56.393, 25.36, 25.33, 210, 405, 0, 0, 454, 455, 55, P8, 0x0000000000000001
2026/08/31 22:51:56.893, 25.36, 25.33, 210, 405, 0, 0, 454, 455, 55, P8, 0x0000000000000001
2026/08/31 22:51:57.394, 25.23, 25.13, 210, 405, 0, 0, 454, 455, 55, P8, 0x0000000000000001
2026/08/31 22:51:57.894, 25.23, 25.13, 210, 405, 0, 0, 454, 455, 55, P8, 0x0000000000000001
2026/08/31 22:51:58.395, 25.25, 25.38, 210, 405, 0, 0, 454, 455, 55, P8, 0x0000000000000001
2026/08/31 22:51:58.895, 25.25, 25.38, 210, 405, 0, 0, 454, 455, 55, P8, 0x0000000000000001
2026/08/31 22:51:59.395, 25.36, 25.35, 210, 405, 0, 0, 454, 455, 55, P8, 0x0000000000000001
2026/08/31 22:51:59.896, 25.36, 25.35, 210, 405, 0, 0, 454, 455, 55, P8, 0x0000000000000001
2026/08/31 22:52:00.396, 27.04, 39.49, 210, 405, 0, 0, 454, 455, 55, P8, 0x0000000000000001
2026/08/31 22:52:00.896, 30.18, 37.46, 210, 405, 0, 0, 454, 455, 55, P8, 0x0000000000000001
2026/08/31 22:52:01.397, 31.27, 37.50, 210, 405, 0, 0, 454, 455, 55, P8, 0x0000000000000001
2026/08/31 22:52:01.897, 31.27, 37.50, 210, 405, 0, 0, 454, 455, 55, P8, 0x0000000000000001
2026/08/31 22:52:02.397, 26.76, 25.69, 210, 405, 0, 0, 454, 455, 55, P8, 0x0000000000000001
2026/08/31 22:52:02.898, 26.76, 25.69, 210, 405, 0, 0, 454, 455, 55, P8, 0x0000000000000001
2026/08/31 22:52:03.398, 25.45, 25.21, 210, 405, 0, 0, 454, 455, 55, P8, 0x0000000000000001
2026/08/31 22:52:03.898, 25.45, 25.21, 210, 405, 0, 0, 454, 455, 55, P8, 0x0000000000000001
2026/08/31 22:52:04.399, 25.13, 25.05, 210, 405, 0, 0, 454, 455, 55, P8, 0x0000000000000001
2026/08/31 22:52:04.899, 25.13, 25.05, 210, 405, 0, 0, 454, 455, 55, P8, 0x0000000000000001
2026/08/31 22:52:05.399, 25.18, 25.31, 210, 405, 0, 0, 454, 455, 55, P8, 0x0000000000000001
2026/08/31 22:52:05.900, 25.18, 25.31, 210, 405, 0, 0, 454, 455, 55, P8, 0x0000000000000001
2026/08/31 22:52:06.400, 25.29, 25.27, 210, 405, 0, 0, 454, 455, 55, P8, 0x0000000000000001
2026/08/31 22:52:06.900, 25.29, 25.27, 210, 405, 0, 0, 454, 455, 55, P8, 0x0000000000000001
2026/08/31 22:52:07.401, 25.11, 24.95, 210, 405, 0, 0, 454, 455, 55, P8, 0x0000000000000001
2026/08/31 22:52:07.901, 25.11, 24.95, 210, 405, 0, 0, 454, 455, 55, P8, 0x0000000000000001
2026/08/31 22:52:08.401, 25.12, 25.30, 210, 405, 0, 0, 454, 455, 55, P8, 0x0000000000000001
2026/08/31 22:52:08.902, 25.12, 25.30, 210, 405, 0, 0, 454, 455, 55, P8, 0x0000000000000001
2026/08/31 22:52:09.402, 25.27, 25.25, 210, 405, 0, 0, 454, 455, 55, P8, 0x0000000000000001
2026/08/31 22:52:09.902, 25.27, 25.25, 210, 405, 0, 0, 454, 455, 55, P8, 0x0000000000000001
2026/08/31 22:52:10.403, 25.14, 25.03, 210, 405, 0, 0, 454, 455, 55, P8, 0x0000000000000001
2026/08/31 22:52:10.903, 25.14, 25.03, 210, 405, 0, 0, 454, 455, 55, P8, 0x0000000000000001
2026/08/31 22:52:11.403, 25.24, 25.45, 210, 405, 0, 0, 454, 455, 54, P8, 0x0000000000000001
2026/08/31 22:52:11.903, 25.24, 25.45, 210, 405, 0, 0, 454, 455, 54, P8, 0x0000000000000001
2026/08/31 22:52:12.404, 25.42, 25.38, 210, 405, 0, 0, 454, 455, 55, P8, 0x0000000000000001
2026/08/31 22:52:12.904, 25.42, 25.38, 210, 405, 0, 0, 454, 455, 55, P8, 0x0000000000000001
2026/08/31 22:52:13.404, 25.21, 25.03, 210, 405, 0, 0, 454, 455, 55, P8, 0x0000000000000001
2026/08/31 22:52:13.905, 25.21, 25.03, 210, 405, 0, 0, 454, 455, 55, P8, 0x0000000000000001
2026/08/31 22:52:14.405, 25.15, 25.26, 210, 405, 0, 0, 454, 455, 55, P8, 0x0000000000000001
2026/08/31 22:52:14.905, 25.15, 25.26, 210, 405, 0, 0, 454, 455, 55, P8, 0x0000000000000001
2026/08/31 22:52:15.406, 25.27, 25.27, 210, 405, 0, 0, 454, 455, 54, P8, 0x0000000000000001
2026/08/31 22:52:15.906, 25.27, 25.27, 210, 405, 0, 0, 454, 455, 54, P8, 0x0000000000000001
2026/08/31 22:52:16.406, 25.12, 24.97, 210, 405, 0, 0, 454, 455, 54, P8, 0x0000000000000001
2026/08/31 22:52:16.907, 25.12, 24.97, 210, 405, 0, 0, 454, 455, 54, P8, 0x0000000000000001
2026/08/31 22:52:17.407, 25.13, 25.30, 210, 405, 0, 0, 454, 455, 54, P8, 0x0000000000000001
2026/08/31 22:52:17.907, 25.13, 25.30, 210, 405, 0, 0, 454, 455, 54, P8, 0x0000000000000001
2026/08/31 22:52:18.408, 25.27, 25.23, 210, 405, 0, 0, 454, 455, 54, P8, 0x0000000000000001
2026/08/31 22:52:18.908, 25.27, 25.23, 210, 405, 0, 0, 454, 455, 54, P8, 0x0000000000000001
2026/08/31 22:52:19.408, 25.04, 24.85, 210, 405, 0, 0, 454, 455, 54, P8, 0x0000000000000001
2026/08/31 22:52:19.909, 25.04, 24.85, 210, 405, 0, 0, 454, 455, 54, P8, 0x0000000000000001
2026/08/31 22:52:20.409, 25.03, 25.21, 210, 405, 0, 0, 454, 455, 54, P8, 0x0000000000000001
2026/08/31 22:52:20.909, 25.03, 25.21, 210, 405, 0, 0, 454, 455, 54, P8, 0x0000000000000001
2026/08/31 22:52:21.410, 25.25, 25.30, 210, 405, 0, 0, 454, 455, 54, P8, 0x0000000000000001
2026/08/31 22:52:21.910, 25.25, 25.30, 210, 405, 0, 0, 454, 455, 54, P8, 0x0000000000000001
2026/08/31 22:52:22.410, 25.15, 25.01, 210, 405, 0, 0, 454, 455, 54, P8, 0x0000000000000001
2026/08/31 22:52:22.911, 25.15, 25.01, 210, 405, 0, 0, 454, 455, 54, P8, 0x0000000000000001
2026/08/31 22:52:23.411, 25.15, 25.29, 210, 405, 0, 0, 454, 455, 54, P8, 0x0000000000000001
2026/08/31 22:52:23.911, 25.15, 25.29, 210, 405, 0, 0, 454, 455, 54, P8, 0x0000000000000001
2026/08/31 22:52:24.412, 25.28, 25.28, 210, 405, 0, 0, 454, 455, 54, P8, 0x0000000000000001
2026/08/31 22:52:24.912, 25.28, 25.28, 210, 405, 0, 0, 454, 455, 54, P8, 0x0000000000000001
2026/08/31 22:52:25.412, 25.14, 25.00, 210, 405, 0, 0, 454, 455, 54, P8, 0x0000000000000001
2026/08/31 22:52:25.913, 25.14, 25.00, 210, 405, 0, 0, 454, 455, 54, P8, 0x0000000000000001
2026/08/31 22:52:26.413, 25.18, 25.36, 210, 405, 0, 0, 454, 455, 54, P8, 0x0000000000000001
2026/08/31 22:52:26.913, 25.18, 25.36, 210, 405, 0, 0, 454, 455, 54, P8, 0x0000000000000001
2026/08/31 22:52:27.414, 25.32, 25.29, 210, 405, 0, 0, 454, 455, 54, P8, 0x0000000000000001
2026/08/31 22:52:27.914, 25.32, 25.29, 210, 405, 0, 0, 454, 455, 54, P8, 0x0000000000000001
2026/08/31 22:52:28.414, 25.16, 25.02, 210, 405, 0, 0, 454, 455, 54, P8, 0x0000000000000001
2026/08/31 22:52:28.915, 25.16, 25.02, 210, 405, 0, 0, 454, 455, 54, P8, 0x0000000000000001
2026/08/31 22:52:29.415, 25.18, 25.33, 210, 405, 0, 0, 454, 455, 54, P8, 0x0000000000000001
2026/08/31 22:52:29.915, 25.18, 25.33, 210, 405, 0, 0, 454, 455, 54, P8, 0x0000000000000001
2026/08/31 22:52:30.416, 25.29, 25.26, 210, 405, 0, 0, 454, 455, 54, P8, 0x0000000000000001
2026/08/31 22:52:30.916, 25.29, 25.26, 210, 405, 0, 0, 454, 455, 54, P8, 0x0000000000000001
2026/08/31 22:52:31.416, 25.10, 24.95, 210, 405, 0, 0, 454, 455, 54, P8, 0x0000000000000001
2026/08/31 22:52:31.917, 25.10, 24.95, 210, 405, 0, 0, 454, 455, 54, P8, 0x0000000000000001
2026/08/31 22:52:32.417, 25.08, 25.22, 210, 405, 0, 0, 454, 455, 54, P8, 0x0000000000000001
2026/08/31 22:52:32.917, 25.08, 25.22, 210, 405, 0, 0, 454, 455, 54, P8, 0x0000000000000001
2026/08/31 22:52:33.418, 25.23, 25.25, 210, 405, 0, 0, 454, 455, 54, P8, 0x0000000000000001
2026/08/31 22:52:33.918, 25.23, 25.25, 210, 405, 0, 0, 454, 455, 54, P8, 0x0000000000000001
2026/08/31 22:52:34.418, 25.12, 24.99, 210, 405, 0, 0, 454, 455, 54, P8, 0x0000000000000001
2026/08/31 22:52:34.918, 25.12, 24.99, 210, 405, 0, 0, 454, 455, 54, P8, 0x0000000000000001
2026/08/31 22:52:35.419, 25.08, 25.17, 210, 405, 0, 0, 454, 455, 54, P8, 0x0000000000000001
2026/08/31 22:52:35.919, 25.08, 25.17, 210, 405, 0, 0, 454, 455, 54, P8, 0x0000000000000001
2026/08/31 22:52:36.419, 25.06, 25.06, 210, 405, 0, 0, 454, 455, 54, P8, 0x0000000000000001
2026/08/31 22:52:36.920, 25.06, 25.06, 210, 405, 0, 0, 454, 455, 54, P8, 0x0000000000000001
2026/08/31 22:52:37.420, 25.09, 25.13, 210, 405, 0, 0, 454, 455, 54, P8, 0x0000000000000001
2026/08/31 22:52:37.920, 25.09, 25.13, 210, 405, 0, 0, 454, 455, 54, P8, 0x0000000000000001
2026/08/31 22:52:38.421, 25.19, 25.25, 210, 405, 0, 0, 454, 455, 54, P8, 0x0000000000000001
2026/08/31 22:52:38.921, 25.19, 25.25, 210, 405, 0, 0, 454, 455, 54, P8, 0x0000000000000001
2026/08/31 22:52:39.421, 25.10, 24.95, 210, 405, 0, 0, 454, 455, 54, P8, 0x0000000000000001
2026/08/31 22:52:39.922, 25.10, 24.95, 210, 405, 0, 0, 454, 455, 54, P8, 0x0000000000000001
2026/08/31 22:52:40.422, 25.11, 25.27, 210, 405, 0, 0, 454, 455, 54, P8, 0x0000000000000001
2026/08/31 22:52:40.922, 25.11, 25.27, 210, 405, 0, 0, 454, 455, 54, P8, 0x0000000000000001
2026/08/31 22:52:41.422, 25.25, 25.23, 210, 405, 0, 0, 454, 455, 54, P8, 0x0000000000000001
2026/08/31 22:52:41.923, 25.25, 25.23, 210, 405, 0, 0, 454, 455, 54, P8, 0x0000000000000001
2026/08/31 22:52:42.423, 25.02, 24.81, 210, 405, 0, 0, 454, 455, 54, P8, 0x0000000000000001
2026/08/31 22:52:42.923, 25.02, 24.81, 210, 405, 0, 0, 454, 455, 54, P8, 0x0000000000000001
2026/08/31 22:52:43.424, 25.00, 25.18, 210, 405, 0, 0, 454, 455, 54, P8, 0x0000000000000001
2026/08/31 22:52:43.924, 25.00, 25.18, 210, 405, 0, 0, 454, 455, 54, P8, 0x0000000000000001
2026/08/31 22:52:44.424, 25.17, 25.16, 210, 405, 0, 0, 454, 455, 54, P8, 0x0000000000000001
2026/08/31 22:52:44.925, 25.17, 25.16, 210, 405, 0, 0, 454, 455, 54, P8, 0x0000000000000001
2026/08/31 22:52:45.425, 24.98, 24.81, 210, 405, 0, 0, 454, 455, 54, P8, 0x0000000000000001
2026/08/31 22:52:45.925, 24.98, 24.81, 210, 405, 0, 0, 454, 455, 54, P8, 0x0000000000000001
2026/08/31 22:52:46.426, 25.03, 25.25, 210, 405, 0, 0, 454, 455, 54, P8, 0x0000000000000001
2026/08/31 22:52:46.926, 25.03, 25.25, 210, 405, 0, 0, 454, 455, 54, P8, 0x0000000000000001
2026/08/31 22:52:47.426, 25.25, 25.24, 210, 405, 0, 0, 454, 455, 54, P8, 0x0000000000000001
2026/08/31 22:52:47.927, 25.25, 25.24, 210, 405, 0, 0, 454, 455, 54, P8, 0x0000000000000001
2026/08/31 22:52:48.427, 25.05, 24.87, 210, 405, 0, 0, 454, 455, 54, P8, 0x0000000000000001
2026/08/31 22:52:48.927, 25.05, 24.87, 210, 405, 0, 0, 454, 455, 54, P8, 0x0000000000000001
2026/08/31 22:52:49.428, 25.06, 25.25, 210, 405, 0, 0, 454, 455, 54, P8, 0x0000000000000001
2026/08/31 22:52:49.928, 25.06, 25.25, 210, 405, 0, 0, 454, 455, 54, P8, 0x0000000000000001
2026/08/31 22:52:50.428, 25.25, 25.26, 210, 405, 0, 0, 454, 455, 54, P8, 0x0000000000000001
2026/08/31 22:52:50.929, 25.25, 25.26, 210, 405, 0, 0, 454, 455, 54, P8, 0x0000000000000001
2026/08/31 22:52:51.429, 25.07, 24.89, 210, 405, 0, 0, 454, 455, 54, P8, 0x0000000000000001
2026/08/31 22:52:51.929, 25.07, 24.89, 210, 405, 0, 0, 454, 455, 54, P8, 0x0000000000000001
2026/08/31 22:52:52.430, 25.08, 25.28, 210, 405, 0, 0, 454, 455, 54, P8, 0x0000000000000001
2026/08/31 22:52:52.930, 25.08, 25.28, 210, 405, 0, 0, 454, 455, 54, P8, 0x0000000000000001
2026/08/31 22:52:53.430, 25.31, 25.35, 210, 405, 0, 0, 454, 455, 54, P8, 0x0000000000000001
2026/08/31 22:52:53.931, 25.31, 25.35, 210, 405, 0, 0, 454, 455, 54, P8, 0x0000000000000001
2026/08/31 22:52:54.431, 25.18, 25.01, 210, 405, 0, 0, 454, 455, 54, P8, 0x0000000000000001
2026/08/31 22:52:54.931, 25.18, 25.01, 210, 405, 0, 0, 454, 455, 54, P8, 0x0000000000000001
2026/08/31 22:52:55.431, 25.23, 25.45, 210, 405, 0, 0, 454, 455, 54, P8, 0x0000000000000001
2026/08/31 22:52:55.932, 25.23, 25.45, 210, 405, 0, 0, 454, 455, 54, P8, 0x0000000000000001
2026/08/31 22:52:56.432, 25.32, 25.19, 210, 405, 0, 0, 454, 455, 54, P8, 0x0000000000000001
2026/08/31 22:52:56.932, 25.32, 25.19, 210, 405, 0, 0, 454, 455, 54, P8, 0x0000000000000001
2026/08/31 22:52:57.432, 25.01, 24.83, 210, 405, 0, 0, 454, 455, 54, P8, 0x0000000000000001
2026/08/31 22:52:57.933, 25.01, 24.83, 210, 405, 0, 0, 454, 455, 54, P8, 0x0000000000000001
2026/08/31 22:52:58.433, 25.01, 25.18, 210, 405, 0, 0, 454, 455, 54, P8, 0x0000000000000001
2026/08/31 22:52:58.933, 25.01, 25.18, 210, 405, 0, 0, 454, 455, 54, P8, 0x0000000000000001
2026/08/31 22:52:59.434, 25.19, 25.20, 210, 405, 0, 0, 454, 455, 54, P8, 0x0000000000000001
2026/08/31 22:52:59.934, 25.19, 25.20, 210, 405, 0, 0, 454, 455, 54, P8, 0x0000000000000001
2026/08/31 22:53:00.434, 26.69, 39.28, 210, 405, 0, 0, 454, 455, 55, P8, 0x0000000000000001
2026/08/31 22:53:00.935, 29.87, 37.32, 210, 405, 0, 0, 454, 455, 55, P8, 0x0000000000000001
2026/08/31 22:53:01.435, 30.99, 37.27, 210, 405, 0, 0, 454, 455, 55, P8, 0x0000000000000001
2026/08/31 22:53:01.935, 30.99, 37.27, 210, 405, 0, 0, 454, 455, 55, P8, 0x0000000000000001
2026/08/31 22:53:02.436, 26.83, 25.79, 210, 405, 0, 0, 454, 455, 55, P8, 0x0000000000000001
2026/08/31 22:53:02.936, 26.83, 25.79, 210, 405, 0, 0, 454, 455, 55, P8, 0x0000000000000001
2026/08/31 22:53:03.436, 25.52, 25.25, 210, 405, 0, 0, 454, 455, 54, P8, 0x0000000000000001
2026/08/31 22:53:03.937, 25.52, 25.25, 210, 405, 0, 0, 454, 455, 54, P8, 0x0000000000000001
2026/08/31 22:53:04.437, 25.12, 24.99, 210, 405, 0, 0, 454, 455, 54, P8, 0x0000000000000001
2026/08/31 22:53:04.937, 25.12, 24.99, 210, 405, 0, 0, 454, 455, 54, P8, 0x0000000000000001
2026/08/31 22:53:05.438, 25.10, 25.22, 210, 405, 0, 0, 454, 455, 54, P8, 0x0000000000000001
2026/08/31 22:53:05.938, 25.10, 25.22, 210, 405, 0, 0, 454, 455, 54, P8, 0x0000000000000001
2026/08/31 22:53:06.438, 25.23, 25.24, 210, 405, 0, 0, 454, 455, 54, P8, 0x0000000000000001
2026/08/31 22:53:06.939, 25.23, 25.24, 210, 405, 0, 0, 454, 455, 54, P8, 0x0000000000000001
2026/08/31 22:53:07.439, 25.08, 24.92, 210, 405, 0, 0, 454, 455, 54, P8, 0x0000000000000001
2026/08/31 22:53:07.939, 25.08, 24.92, 210, 405, 0, 0, 454, 455, 54, P8, 0x0000000000000001
2026/08/31 22:53:08.440, 25.07, 25.23, 210, 405, 0, 0, 454, 455, 54, P8, 0x0000000000000001
2026/08/31 22:53:08.940, 25.07, 25.23, 210, 405, 0, 0, 454, 455, 54, P8, 0x0000000000000001
2026/08/31 22:53:09.441, 25.23, 25.22, 210, 405, 0, 0, 454, 455, 54, P8, 0x0000000000000001
2026/08/31 22:53:09.941, 25.23, 25.22, 210, 405, 0, 0, 454, 455, 54, P8, 0x0000000000000001
2026/08/31 22:53:10.441, 25.05, 24.88, 210, 405, 0, 0, 454, 455, 54, P8, 0x0000000000000001
2026/08/31 22:53:10.942, 25.05, 24.88, 210, 405, 0, 0, 454, 455, 54, P8, 0x0000000000000001
2026/08/31 22:53:11.442, 25.11, 25.34, 210, 405, 0, 0, 454, 455, 54, P8, 0x0000000000000001
2026/08/31 22:53:11.942, 25.11, 25.34, 210, 405, 0, 0, 454, 455, 54, P8, 0x0000000000000001
2026/08/31 22:53:12.443, 25.33, 25.32, 210, 405, 0, 0, 454, 455, 54, P8, 0x0000000000000001
2026/08/31 22:53:12.943, 25.33, 25.32, 210, 405, 0, 0, 454, 455, 54, P8, 0x0000000000000001
2026/08/31 22:53:13.443, 25.13, 24.95, 210, 405, 0, 0, 454, 455, 54, P8, 0x0000000000000001
2026/08/31 22:53:13.944, 25.13, 24.95, 210, 405, 0, 0, 454, 455, 54, P8, 0x0000000000000001
2026/08/31 22:53:14.444, 25.09, 25.23, 210, 405, 0, 0, 454, 455, 54, P8, 0x0000000000000001
2026/08/31 22:53:14.944, 25.09, 25.23, 210, 405, 0, 0, 454, 455, 54, P8, 0x0000000000000001
2026/08/31 22:53:15.445, 25.21, 25.18, 210, 405, 0, 0, 454, 455, 54, P8, 0x0000000000000001
2026/08/31 22:53:15.945, 25.21, 25.18, 210, 405, 0, 0, 454, 455, 54, P8, 0x0000000000000001
2026/08/31 22:53:16.445, 25.06, 24.94, 210, 405, 0, 0, 454, 455, 54, P8, 0x0000000000000001
2026/08/31 22:53:16.946, 25.06, 24.94, 210, 405, 0, 0, 454, 455, 54, P8, 0x0000000000000001
2026/08/31 22:53:17.446, 25.11, 25.27, 210, 405, 0, 0, 454, 455, 54, P8, 0x0000000000000001
2026/08/31 22:53:17.946, 25.11, 25.27, 210, 405, 0, 0, 454, 455, 54, P8, 0x0000000000000001
2026/08/31 22:53:18.447, 25.28, 25.29, 210, 405, 0, 0, 454, 455, 54, P8, 0x0000000000000001
2026/08/31 22:53:18.947, 25.28, 25.29, 210, 405, 0, 0, 454, 455, 54, P8, 0x0000000000000001
2026/08/31 22:53:19.447, 25.09, 24.89, 210, 405, 0, 0, 454, 455, 54, P8, 0x0000000000000001
2026/08/31 22:53:19.948, 25.09, 24.89, 210, 405, 0, 0, 454, 455, 54, P8, 0x0000000000000001
2026/08/31 22:53:20.448, 25.09, 25.30, 210, 405, 0, 0, 454, 455, 54, P8, 0x0000000000000001
2026/08/31 22:53:20.949, 25.09, 25.30, 210, 405, 0, 0, 454, 455, 54, P8, 0x0000000000000001
2026/08/31 22:53:21.449, 25.31, 25.32, 210, 405, 0, 0, 454, 455, 54, P8, 0x0000000000000001
2026/08/31 22:53:21.949, 25.31, 25.32, 210, 405, 0, 0, 454, 455, 54, P8, 0x0000000000000001
2026/08/31 22:53:22.450, 25.12, 24.93, 210, 405, 0, 0, 454, 455, 54, P8, 0x0000000000000001
2026/08/31 22:53:22.950, 25.12, 24.93, 210, 405, 0, 0, 454, 455, 54, P8, 0x0000000000000001
2026/08/31 22:53:23.450, 25.10, 25.28, 210, 405, 0, 0, 454, 455, 54, P8, 0x0000000000000001
2026/08/31 22:53:23.951, 25.10, 25.28, 210, 405, 0, 0, 454, 455, 54, P8, 0x0000000000000001
2026/08/31 22:53:24.451, 25.27, 25.27, 210, 405, 0, 0, 454, 455, 54, P8, 0x0000000000000001
2026/08/31 22:53:24.951, 25.27, 25.27, 210, 405, 0, 0, 454, 455, 54, P8, 0x0000000000000001
2026/08/31 22:53:25.452, 25.07, 24.88, 210, 405, 0, 0, 454, 455, 54, P8, 0x0000000000000001
2026/08/31 22:53:25.952, 25.07, 24.88, 210, 405, 0, 0, 454, 455, 54, P8, 0x0000000000000001
2026/08/31 22:53:26.452, 25.06, 25.24, 210, 405, 0, 0, 454, 455, 54, P8, 0x0000000000000001
2026/08/31 22:53:26.952, 25.06, 25.24, 210, 405, 0, 0, 454, 455, 54, P8, 0x0000000000000001
2026/08/31 22:53:27.453, 25.26, 25.27, 210, 405, 0, 0, 454, 455, 54, P8, 0x0000000000000001
2026/08/31 22:53:27.953, 25.26, 25.27, 210, 405, 0, 0, 454, 455, 54, P8, 0x0000000000000001
2026/08/31 22:53:28.453, 25.07, 24.87, 210, 405, 0, 0, 454, 455, 54, P8, 0x0000000000000001
2026/08/31 22:53:28.953, 25.07, 24.87, 210, 405, 0, 0, 454, 455, 54, P8, 0x0000000000000001
2026/08/31 22:53:29.454, 25.07, 25.26, 210, 405, 0, 0, 454, 455, 54, P8, 0x0000000000000001
2026/08/31 22:53:29.954, 25.07, 25.26, 210, 405, 0, 0, 454, 455, 54, P8, 0x0000000000000001
2026/08/31 22:53:30.454, 25.22, 25.18, 210, 405, 0, 0, 454, 455, 54, P8, 0x0000000000000001
2026/08/31 22:53:30.955, 25.22, 25.18, 210, 405, 0, 0, 454, 455, 54, P8, 0x0000000000000001
2026/08/31 22:53:31.455, 25.03, 24.88, 210, 405, 0, 0, 454, 455, 54, P8, 0x0000000000000001
2026/08/31 22:53:31.955, 25.03, 24.88, 210, 405, 0, 0, 454, 455, 54, P8, 0x0000000000000001
2026/08/31 22:53:32.456, 25.08, 25.29, 210, 405, 0, 0, 454, 455, 54, P8, 0x0000000000000001
2026/08/31 22:53:32.956, 25.08, 25.29, 210, 405, 0, 0, 454, 455, 54, P8, 0x0000000000000001
2026/08/31 22:53:33.456, 25.31, 25.32, 210, 405, 0, 0, 454, 455, 54, P8, 0x0000000000000001
2026/08/31 22:53:33.957, 25.31, 25.32, 210, 405, 0, 0, 454, 455, 54, P8, 0x0000000000000001
2026/08/31 22:53:34.457, 25.17, 25.01, 210, 405, 0, 0, 454, 455, 54, P8, 0x0000000000000001
2026/08/31 22:53:34.958, 25.17, 25.01, 210, 405, 0, 0, 454, 455, 54, P8, 0x0000000000000001
2026/08/31 22:53:35.458, 25.15, 25.28, 210, 405, 0, 0, 454, 455, 54, P8, 0x0000000000000001
2026/08/31 22:53:35.959, 25.15, 25.28, 210, 405, 0, 0, 454, 455, 54, P8, 0x0000000000000001
2026/08/31 22:53:36.459, 25.15, 25.01, 210, 405, 0, 0, 454, 455, 54, P8, 0x0000000000000001
2026/08/31 22:53:36.959, 25.15, 25.01, 210, 405, 0, 0, 454, 455, 54, P8, 0x0000000000000001
2026/08/31 22:53:37.459, 25.14, 25.26, 210, 405, 0, 0, 454, 455, 54, P8, 0x0000000000000001
2026/08/31 22:53:37.960, 25.14, 25.26, 210, 405, 0, 0, 454, 455, 54, P8, 0x0000000000000001
2026/08/31 22:53:38.460, 25.28, 25.29, 210, 405, 0, 0, 454, 455, 54, P8, 0x0000000000000001
2026/08/31 22:53:38.960, 25.28, 25.29, 210, 405, 0, 0, 454, 455, 54, P8, 0x0000000000000001
2026/08/31 22:53:39.461, 25.17, 25.04, 210, 405, 0, 0, 454, 455, 54, P8, 0x0000000000000001
2026/08/31 22:53:39.961, 25.17, 25.04, 210, 405, 0, 0, 454, 455, 54, P8, 0x0000000000000001
2026/08/31 22:53:40.461, 25.14, 25.24, 210, 405, 0, 0, 454, 455, 54, P8, 0x0000000000000001
2026/08/31 22:53:40.962, 25.14, 25.24, 210, 405, 0, 0, 454, 455, 54, P8, 0x0000000000000001
2026/08/31 22:53:41.462, 25.24, 25.25, 210, 405, 0, 0, 454, 455, 54, P8, 0x0000000000000001
2026/08/31 22:53:41.962, 25.24, 25.25, 210, 405, 0, 0, 454, 455, 54, P8, 0x0000000000000001
2026/08/31 22:53:42.462, 25.03, 24.82, 210, 405, 0, 0, 454, 455, 54, P8, 0x0000000000000001
2026/08/31 22:53:42.963, 25.03, 24.82, 210, 405, 0, 0, 454, 455, 54, P8, 0x0000000000000001
2026/08/31 22:53:43.463, 25.00, 25.17, 210, 405, 0, 0, 454, 455, 54, P8, 0x0000000000000001
2026/08/31 22:53:43.963, 25.00, 25.17, 210, 405, 0, 0, 454, 455, 54, P8, 0x0000000000000001
2026/08/31 22:53:44.464, 25.20, 25.23, 210, 405, 0, 0, 454, 455, 54, P8, 0x0000000000000001
2026/08/31 22:53:44.964, 25.20, 25.23, 210, 405, 0, 0, 454, 455, 54, P8, 0x0000000000000001
2026/08/31 22:53:45.464, 25.05, 24.87, 210, 405, 0, 0, 454, 455, 54, P8, 0x0000000000000001
2026/08/31 22:53:45.964, 25.05, 24.87, 210, 405, 0, 0, 454, 455, 54, P8, 0x0000000000000001
2026/08/31 22:53:46.465, 25.02, 25.17, 210, 405, 0, 0, 454, 455, 54, P8, 0x0000000000000001
2026/08/31 22:53:46.965, 25.02, 25.17, 210, 405, 0, 0, 454, 455, 54, P8, 0x0000000000000001
2026/08/31 22:53:47.465, 25.12, 25.07, 210, 405, 0, 0, 454, 455, 54, P8, 0x0000000000000001
2026/08/31 22:53:47.966, 25.12, 25.07, 210, 405, 0, 0, 454, 455, 54, P8, 0x0000000000000001
2026/08/31 22:53:48.466, 24.93, 24.79, 210, 405, 0, 0, 454, 455, 54, P8, 0x0000000000000001
2026/08/31 22:53:48.966, 24.93, 24.79, 210, 405, 0, 0, 454, 455, 54, P8, 0x0000000000000001
2026/08/31 22:53:49.467, 24.94, 25.09, 210, 405, 0, 0, 454, 455, 54, P8, 0x0000000000000001
2026/08/31 22:53:49.967, 24.94, 25.09, 210, 405, 0, 0, 454, 455, 54, P8, 0x0000000000000001
2026/08/31 22:53:50.467, 25.11, 25.13, 210, 405, 0, 0, 454, 455, 54, P8, 0x0000000000000001
2026/08/31 22:53:50.968, 25.11, 25.13, 210, 405, 0, 0, 454, 455, 54, P8, 0x0000000000000001
2026/08/31 22:53:51.468, 24.98, 24.83, 210, 405, 0, 0, 454, 455, 54, P8, 0x0000000000000001
2026/08/31 22:53:51.968, 24.98, 24.83, 210, 405, 0, 0, 454, 455, 54, P8, 0x0000000000000001
2026/08/31 22:53:52.469, 24.99, 25.16, 210, 405, 0, 0, 454, 455, 54, P8, 0x0000000000000001
2026/08/31 22:53:52.969, 24.99, 25.16, 210, 405, 0, 0, 454, 455, 54, P8, 0x0000000000000001
2026/08/31 22:53:53.469, 25.13, 25.10, 210, 405, 0, 0, 454, 455, 54, P8, 0x0000000000000001
2026/08/31 22:53:53.969, 25.13, 25.10, 210, 405, 0, 0, 454, 455, 54, P8, 0x0000000000000001
2026/08/31 22:53:54.470, 24.95, 24.80, 210, 405, 0, 0, 454, 455, 54, P8, 0x0000000000000001
2026/08/31 22:53:54.970, 24.95, 24.80, 210, 405, 0, 0, 454, 455, 54, P8, 0x0000000000000001
2026/08/31 22:53:55.471, 24.98, 25.16, 210, 405, 0, 0, 454, 455, 54, P8, 0x0000000000000001
2026/08/31 22:53:55.971, 24.98, 25.16, 210, 405, 0, 0, 454, 455, 54, P8, 0x0000000000000001
2026/08/31 22:53:56.471, 25.13, 25.09, 210, 405, 0, 0, 454, 455, 54, P8, 0x0000000000000001
2026/08/31 22:53:56.972, 25.13, 25.09, 210, 405, 0, 0, 454, 455, 54, P8, 0x0000000000000001
2026/08/31 22:53:57.472, 24.95, 24.81, 210, 405, 0, 0, 454, 455, 54, P8, 0x0000000000000001
2026/08/31 22:53:57.972, 24.95, 24.81, 210, 405, 0, 0, 454, 455, 54, P8, 0x0000000000000001
2026/08/31 22:53:58.472, 24.95, 25.10, 210, 405, 0, 0, 454, 455, 54, P8, 0x0000000000000001
2026/08/31 22:53:58.973, 24.95, 25.10, 210, 405, 0, 0, 454, 455, 54, P8, 0x0000000000000001
2026/08/31 22:53:59.473, 25.10, 25.09, 210, 405, 0, 0, 454, 455, 54, P8, 0x0000000000000001
2026/08/31 22:53:59.973, 25.10, 25.09, 210, 405, 0, 0, 454, 455, 54, P8, 0x0000000000000001
2026/08/31 22:54:00.474, 27.17, 38.10, 210, 405, 0, 0, 454, 455, 54, P8, 0x0000000000000001
2026/08/31 22:54:00.974, 29.93, 37.16, 210, 405, 0, 0, 454, 455, 55, P8, 0x0000000000000001
2026/08/31 22:54:01.474, 30.66, 37.24, 210, 405, 0, 0, 454, 455, 55, P8, 0x0000000000000001
2026/08/31 22:54:01.975, 30.66, 37.24, 210, 405, 0, 0, 454, 455, 55, P8, 0x0000000000000001
2026/08/31 22:54:02.475, 27.07, 26.05, 210, 405, 0, 0, 454, 455, 55, P8, 0x0000000000000001
2026/08/31 22:54:02.975, 27.07, 26.05, 210, 405, 0, 0, 454, 455, 55, P8, 0x0000000000000001
2026/08/31 22:54:03.476, 25.63, 25.22, 210, 405, 0, 0, 454, 455, 54, P8, 0x0000000000000001
2026/08/31 22:54:03.976, 25.63, 25.22, 210, 405, 0, 0, 454, 455, 54, P8, 0x0000000000000001
2026/08/31 22:54:04.476, 25.06, 24.90, 210, 405, 0, 0, 454, 455, 54, P8, 0x0000000000000001
2026/08/31 22:54:04.977, 25.06, 24.90, 210, 405, 0, 0, 454, 455, 54, P8, 0x0000000000000001
2026/08/31 22:54:05.477, 25.10, 25.29, 210, 405, 0, 0, 454, 455, 54, P8, 0x0000000000000001
2026/08/31 22:54:05.977, 25.10, 25.29, 210, 405, 0, 0, 454, 455, 54, P8, 0x0000000000000001
2026/08/31 22:54:06.478, 25.26, 25.22, 210, 405, 0, 0, 454, 455, 54, P8, 0x0000000000000001
2026/08/31 22:54:06.978, 25.26, 25.22, 210, 405, 0, 0, 454, 455, 54, P8, 0x0000000000000001
2026/08/31 22:54:07.478, 25.10, 24.98, 210, 405, 0, 0, 454, 455, 54, P8, 0x0000000000000001
2026/08/31 22:54:07.979, 25.10, 24.98, 210, 405, 0, 0, 454, 455, 54, P8, 0x0000000000000001
2026/08/31 22:54:08.479, 25.12, 25.26, 210, 405, 0, 0, 454, 455, 54, P8, 0x0000000000000001
2026/08/31 22:54:08.979, 25.12, 25.26, 210, 405, 0, 0, 454, 455, 54, P8, 0x0000000000000001
2026/08/31 22:54:09.480, 25.26, 25.26, 210, 405, 0, 0, 454, 455, 54, P8, 0x0000000000000001
2026/08/31 22:54:09.980, 25.26, 25.26, 210, 405, 0, 0, 454, 455, 54, P8, 0x0000000000000001
2026/08/31 22:54:10.480, 25.09, 24.93, 210, 405, 0, 0, 454, 455, 54, P8, 0x0000000000000001
2026/08/31 22:54:10.981, 25.09, 24.93, 210, 405, 0, 0, 454, 455, 54, P8, 0x0000000000000001
2026/08/31 22:54:11.481, 25.06, 25.20, 210, 405, 0, 0, 454, 455, 54, P8, 0x0000000000000001
2026/08/31 22:54:11.981, 25.06, 25.20, 210, 405, 0, 0, 454, 455, 54, P8, 0x0000000000000001
2026/08/31 22:54:12.482, 25.19, 25.18, 210, 405, 0, 0, 454, 455, 54, P8, 0x0000000000000001
2026/08/31 22:54:12.982, 25.19, 25.18, 210, 405, 0, 0, 454, 455, 54, P8, 0x0000000000000001
2026/08/31 22:54:13.482, 25.01, 24.85, 210, 405, 0, 0, 454, 455, 54, P8, 0x0000000000000001
2026/08/31 22:54:13.983, 25.01, 24.85, 210, 405, 0, 0, 454, 455, 54, P8, 0x0000000000000001
2026/08/31 22:54:14.483, 24.99, 25.14, 210, 405, 0, 0, 454, 455, 54, P8, 0x0000000000000001
2026/08/31 22:54:14.983, 24.99, 25.14, 210, 405, 0, 0, 454, 455, 54, P8, 0x0000000000000001
2026/08/31 22:54:15.483, 25.10, 25.07, 210, 405, 0, 0, 454, 455, 54, P8, 0x0000000000000001
2026/08/31 22:54:15.984, 25.10, 25.07, 210, 405, 0, 0, 454, 455, 54, P8, 0x0000000000000001
2026/08/31 22:54:16.484, 24.94, 24.80, 210, 405, 0, 0, 454, 455, 54, P8, 0x0000000000000001
2026/08/31 22:54:16.984, 24.94, 24.80, 210, 405, 0, 0, 454, 455, 54, P8, 0x0000000000000001
2026/08/31 22:54:17.485, 24.93, 25.05, 210, 405, 0, 0, 454, 455, 54, P8, 0x0000000000000001
2026/08/31 22:54:17.985, 24.93, 25.05, 210, 405, 0, 0, 454, 455, 54, P8, 0x0000000000000001
2026/08/31 22:54:18.485, 25.07, 25.08, 210, 405, 0, 0, 454, 455, 54, P8, 0x0000000000000001
2026/08/31 22:54:18.985, 25.07, 25.08, 210, 405, 0, 0, 454, 455, 54, P8, 0x0000000000000001
2026/08/31 22:54:19.486, 24.89, 24.70, 210, 405, 0, 0, 454, 455, 54, P8, 0x0000000000000001
2026/08/31 22:54:19.986, 24.89, 24.70, 210, 405, 0, 0, 454, 455, 54, P8, 0x0000000000000001
2026/08/31 22:54:20.487, 24.87, 25.03, 210, 405, 0, 0, 454, 455, 54, P8, 0x0000000000000001
2026/08/31 22:54:20.987, 24.87, 25.03, 210, 405, 0, 0, 454, 455, 54, P8, 0x0000000000000001
2026/08/31 22:54:21.487, 25.08, 25.12, 210, 405, 0, 0, 454, 455, 54, P8, 0x0000000000000001
2026/08/31 22:54:21.988, 25.08, 25.12, 210, 405, 0, 0, 454, 455, 54, P8, 0x0000000000000001
2026/08/31 22:54:22.488, 24.96, 24.79, 210, 405, 0, 0, 454, 455, 54, P8, 0x0000000000000001
2026/08/31 22:54:22.988, 24.96, 24.79, 210, 405, 0, 0, 454, 455, 54, P8, 0x0000000000000001
2026/08/31 22:54:23.489, 24.99, 25.20, 210, 405, 0, 0, 454, 455, 54, P8, 0x0000000000000001
2026/08/31 22:54:23.989, 24.99, 25.20, 210, 405, 0, 0, 454, 455, 54, P8, 0x0000000000000001
2026/08/31 22:54:24.489, 25.21, 25.23, 210, 405, 0, 0, 454, 455, 54, P8, 0x0000000000000001
2026/08/31 22:54:24.990, 25.21, 25.23, 210, 405, 0, 0, 454, 455, 54, P8, 0x0000000000000001
2026/08/31 22:54:25.490, 25.07, 24.92, 210, 405, 0, 0, 454, 455, 54, P8, 0x0000000000000001
2026/08/31 22:54:25.990, 25.07, 24.92, 210, 405, 0, 0, 454, 455, 54, P8, 0x0000000000000001
2026/08/31 22:54:26.491, 25.03, 25.14, 210, 405, 0, 0, 454, 455, 54, P8, 0x0000000000000001
2026/08/31 22:54:26.991, 25.03, 25.14, 210, 405, 0, 0, 454, 455, 54, P8, 0x0000000000000001
2026/08/31 22:54:27.492, 25.15, 25.17, 210, 405, 0, 0, 454, 455, 54, P8, 0x0000000000000001
2026/08/31 22:54:27.992, 25.15, 25.17, 210, 405, 0, 0, 454, 455, 54, P8, 0x0000000000000001
2026/08/31 22:54:28.492, 25.01, 24.86, 210, 405, 0, 0, 454, 455, 54, P8, 0x0000000000000001
2026/08/31 22:54:28.993, 25.01, 24.86, 210, 405, 0, 0, 454, 455, 54, P8, 0x0000000000000001
2026/08/31 22:54:29.493, 24.99, 25.12, 210, 405, 0, 0, 454, 455, 54, P8, 0x0000000000000001
2026/08/31 22:54:29.993, 24.99, 25.12, 210, 405, 0, 0, 454, 455, 54, P8, 0x0000000000000001
2026/08/31 22:54:30.494, 25.11, 25.09, 210, 405, 0, 0, 454, 455, 54, P8, 0x0000000000000001
2026/08/31 22:54:30.994, 25.11, 25.09, 210, 405, 0, 0, 454, 455, 54, P8, 0x0000000000000001
2026/08/31 22:54:31.494, 24.95, 24.82, 210, 405, 0, 0, 454, 455, 54, P8, 0x0000000000000001
2026/08/31 22:54:31.995, 24.95, 24.82, 210, 405, 0, 0, 454, 455, 54, P8, 0x0000000000000001
2026/08/31 22:54:32.495, 24.96, 25.11, 210, 405, 0, 0, 454, 455, 54, P8, 0x0000000000000001
2026/08/31 22:54:32.995, 24.96, 25.11, 210, 405, 0, 0, 454, 455, 54, P8, 0x0000000000000001
2026/08/31 22:54:33.496, 25.04, 24.98, 210, 405, 0, 0, 454, 455, 54, P8, 0x0000000000000001
2026/08/31 22:54:33.996, 25.04, 24.98, 210, 405, 0, 0, 454, 455, 54, P8, 0x0000000000000001
2026/08/31 22:54:34.496, 25.02, 25.06, 210, 405, 0, 0, 454, 455, 54, P8, 0x0000000000000001
2026/08/31 22:54:34.997, 25.02, 25.06, 210, 405, 0, 0, 454, 455, 54, P8, 0x0000000000000001
2026/08/31 22:54:35.497, 25.12, 25.19, 210, 405, 0, 0, 454, 455, 54, P8, 0x0000000000000001
2026/08/31 22:54:35.997, 25.12, 25.19, 210, 405, 0, 0, 454, 455, 54, P8, 0x0000000000000001
2026/08/31 22:54:36.498, 25.05, 24.91, 210, 405, 0, 0, 454, 455, 54, P8, 0x0000000000000001
2026/08/31 22:54:36.998, 25.05, 24.91, 210, 405, 0, 0, 454, 455, 54, P8, 0x0000000000000001
2026/08/31 22:54:37.498, 25.07, 25.22, 210, 405, 0, 0, 454, 455, 54, P8, 0x0000000000000001
2026/08/31 22:54:37.999, 25.07, 25.22, 210, 405, 0, 0, 454, 455, 54, P8, 0x0000000000000001
2026/08/31 22:54:38.499, 25.20, 25.18, 210, 405, 0, 0, 454, 455, 54, P8, 0x0000000000000001
2026/08/31 22:54:38.999, 25.20, 25.18, 210, 405, 0, 0, 454, 455, 54, P8, 0x0000000000000001
2026/08/31 22:54:39.500, 25.01, 24.85, 210, 405, 0, 0, 454, 455, 54, P8, 0x0000000000000001
2026/08/31 22:54:40.000, 25.01, 24.85, 210, 405, 0, 0, 454, 455, 54, P8, 0x0000000000000001
2026/08/31 22:54:40.501, 25.01, 25.16, 210, 405, 0, 0, 454, 455, 54, P8, 0x0000000000000001
2026/08/31 22:54:41.001, 25.01, 25.16, 210, 405, 0, 0, 454, 455, 54, P8, 0x0000000000000001
2026/08/31 22:54:41.501, 25.15, 25.13, 210, 405, 0, 0, 454, 455, 54, P8, 0x0000000000000001
2026/08/31 22:54:42.001, 25.15, 25.13, 210, 405, 0, 0, 454, 455, 54, P8, 0x0000000000000001
2026/08/31 22:54:42.502, 24.98, 24.83, 210, 405, 0, 0, 454, 455, 54, P8, 0x0000000000000001
2026/08/31 22:54:43.002, 24.98, 24.83, 210, 405, 0, 0, 454, 455, 54, P8, 0x0000000000000001
2026/08/31 22:54:43.502, 25.03, 25.24, 210, 405, 0, 0, 454, 455, 54, P8, 0x0000000000000001
2026/08/31 22:54:44.003, 25.03, 25.24, 210, 405, 0, 0, 454, 455, 54, P8, 0x0000000000000001
2026/08/31 22:54:44.503, 25.20, 25.16, 210, 405, 0, 0, 454, 455, 54, P8, 0x0000000000000001
2026/08/31 22:54:45.003, 25.20, 25.16, 210, 405, 0, 0, 454, 455, 54, P8, 0x0000000000000001
2026/08/31 22:54:45.504, 25.00, 24.85, 210, 405, 0, 0, 454, 455, 54, P8, 0x0000000000000001
2026/08/31 22:54:46.004, 25.00, 24.85, 210, 405, 0, 0, 454, 455, 54, P8, 0x0000000000000001
2026/08/31 22:54:46.504, 25.02, 25.19, 210, 405, 0, 0, 454, 455, 54, P8, 0x0000000000000001
2026/08/31 22:54:47.004, 25.02, 25.19, 210, 405, 0, 0, 454, 455, 54, P8, 0x0000000000000001
2026/08/31 22:54:47.505, 25.16, 25.13, 210, 405, 0, 0, 454, 455, 54, P8, 0x0000000000000001
2026/08/31 22:54:48.005, 25.16, 25.13, 210, 405, 0, 0, 454, 455, 54, P8, 0x0000000000000001
2026/08/31 22:54:48.505, 25.04, 24.95, 210, 405, 0, 0, 454, 455, 54, P8, 0x0000000000000001
2026/08/31 22:54:49.006, 25.04, 24.95, 210, 405, 0, 0, 454, 455, 54, P8, 0x0000000000000001
2026/08/31 22:54:49.506, 25.08, 25.22, 210, 405, 0, 0, 454, 455, 54, P8, 0x0000000000000001
2026/08/31 22:54:50.006, 25.08, 25.22, 210, 405, 0, 0, 454, 455, 54, P8, 0x0000000000000001
2026/08/31 22:54:50.507, 25.15, 25.07, 210, 405, 0, 0, 454, 455, 54, P8, 0x0000000000000001
2026/08/31 22:54:51.007, 25.15, 25.07, 210, 405, 0, 0, 454, 455, 54, P8, 0x0000000000000001
2026/08/31 22:54:51.507, 24.94, 24.80, 210, 405, 0, 0, 454, 455, 54, P8, 0x0000000000000001
2026/08/31 22:54:52.008, 24.94, 24.80, 210, 405, 0, 0, 454, 455, 54, P8, 0x0000000000000001
2026/08/31 22:54:52.508, 25.01, 25.21, 210, 405, 0, 0, 454, 455, 54, P8, 0x0000000000000001
2026/08/31 22:54:53.008, 25.01, 25.21, 210, 405, 0, 0, 454, 455, 54, P8, 0x0000000000000001
2026/08/31 22:54:53.508, 25.15, 25.09, 210, 405, 0, 0, 454, 455, 54, P8, 0x0000000000000001
2026/08/31 22:54:54.009, 25.15, 25.09, 210, 405, 0, 0, 454, 455, 54, P8, 0x0000000000000001
2026/08/31 22:54:54.509, 24.94, 24.80, 210, 405, 0, 0, 454, 455, 54, P8, 0x0000000000000001
2026/08/31 22:54:55.009, 24.94, 24.80, 210, 405, 0, 0, 454, 455, 54, P8, 0x0000000000000001
2026/08/31 22:54:55.510, 24.95, 25.11, 210, 405, 0, 0, 454, 455, 54, P8, 0x0000000000000001
2026/08/31 22:54:56.010, 24.95, 25.11, 210, 405, 0, 0, 454, 455, 54, P8, 0x0000000000000001
2026/08/31 22:54:56.510, 25.14, 25.17, 210, 405, 0, 0, 454, 455, 54, P8, 0x0000000000000001
2026/08/31 22:54:57.011, 25.14, 25.17, 210, 405, 0, 0, 454, 455, 54, P8, 0x0000000000000001
2026/08/31 22:54:57.511, 25.03, 24.89, 210, 405, 0, 0, 454, 455, 54, P8, 0x0000000000000001
2026/08/31 22:54:58.011, 25.03, 24.89, 210, 405, 0, 0, 454, 455, 54, P8, 0x0000000000000001
2026/08/31 22:54:58.512, 25.00, 25.11, 210, 405, 0, 0, 454, 455, 54, P8, 0x0000000000000001
2026/08/31 22:54:59.012, 25.00, 25.11, 210, 405, 0, 0, 454, 455, 54, P8, 0x0000000000000001
2026/08/31 22:54:59.512, 25.12, 25.13, 210, 405, 0, 0, 454, 455, 54, P8, 0x0000000000000001
2026/08/31 22:55:00.013, 25.12, 25.13, 210, 405, 0, 0, 454, 455, 54, P8, 0x0000000000000001
2026/08/31 22:55:00.513, 27.03, 37.84, 210, 405, 0, 0, 454, 455, 54, P8, 0x0000000000000001
2026/08/31 22:55:01.013, 29.78, 36.99, 210, 405, 0, 0, 454, 455, 54, P8, 0x0000000000000001
2026/08/31 22:55:01.514, 36.21, 36.77, 210, 405, 0, 0, 454, 455, 54, P8, 0x0000000000000001
2026/08/31 22:55:02.014, 36.21, 36.77, 210, 405, 0, 0, 454, 455, 54, P8, 0x0000000000000001
2026/08/31 22:55:02.514, 25.91, 24.82, 210, 405, 0, 0, 454, 455, 54, P8, 0x0000000000000001
2026/08/31 22:55:03.014, 25.91, 24.82, 210, 405, 0, 0, 454, 455, 54, P8, 0x0000000000000001
2026/08/31 22:55:03.515, 24.93, 25.05, 210, 405, 0, 0, 454, 455, 54, P8, 0x0000000000000001
2026/08/31 22:55:04.015, 24.93, 25.05, 210, 405, 0, 0, 454, 455, 54, P8, 0x0000000000000001
2026/08/31 22:55:04.515, 24.89, 24.73, 210, 405, 0, 0, 454, 455, 54, P8, 0x0000000000000001
2026/08/31 22:55:05.015, 24.89, 24.73, 210, 405, 0, 0, 454, 455, 54, P8, 0x0000000000000001
2026/08/31 22:55:05.516, 24.88, 25.03, 210, 405, 0, 0, 454, 455, 54, P8, 0x0000000000000001
2026/08/31 22:55:06.016, 24.88, 25.03, 210, 405, 0, 0, 454, 455, 54, P8, 0x0000000000000001
2026/08/31 22:55:06.516, 25.01, 24.98, 210, 405, 0, 0, 454, 455, 54, P8, 0x0000000000000001
2026/08/31 22:55:07.017, 25.01, 24.98, 210, 405, 0, 0, 454, 455, 54, P8, 0x0000000000000001
2026/08/31 22:55:07.517, 24.81, 24.64, 210, 405, 0, 0, 454, 455, 54, P8, 0x0000000000000001
2026/08/31 22:55:08.017, 24.81, 24.64, 210, 405, 0, 0, 454, 455, 54, P8, 0x0000000000000001
2026/08/31 22:55:08.518, 24.79, 24.94, 210, 405, 0, 0, 454, 455, 54, P8, 0x0000000000000001
2026/08/31 22:55:09.018, 24.79, 24.94, 210, 405, 0, 0, 454, 455, 54, P8, 0x0000000000000001
2026/08/31 22:55:09.518, 25.00, 25.07, 210, 405, 0, 0, 454, 455, 54, P8, 0x0000000000000001
2026/08/31 22:55:10.019, 25.00, 25.07, 210, 405, 0, 0, 454, 455, 54, P8, 0x0000000000000001
2026/08/31 22:55:10.519, 24.92, 24.77, 210, 405, 0, 0, 454, 455, 54, P8, 0x0000000000000001
2026/08/31 22:55:11.019, 24.92, 24.77, 210, 405, 0, 0, 454, 455, 54, P8, 0x0000000000000001
2026/08/31 22:55:11.520, 24.93, 25.09, 210, 405, 0, 0, 454, 455, 54, P8, 0x0000000000000001
2026/08/31 22:55:12.020, 24.93, 25.09, 210, 405, 0, 0, 454, 455, 54, P8, 0x0000000000000001
2026/08/31 22:55:12.520, 25.07, 25.04, 210, 405, 0, 0, 454, 455, 54, P8, 0x0000000000000001
2026/08/31 22:55:13.020, 25.07, 25.04, 210, 405, 0, 0, 454, 455, 54, P8, 0x0000000000000001
2026/08/31 22:55:13.521, 24.88, 24.73, 210, 405, 0, 0, 454, 455, 54, P8, 0x0000000000000001
2026/08/31 22:55:14.021, 24.88, 24.73, 210, 405, 0, 0, 454, 455, 54, P8, 0x0000000000000001
2026/08/31 22:55:14.521, 24.90, 25.06, 210, 405, 0, 0, 454, 455, 54, P8, 0x0000000000000001
2026/08/31 22:55:15.021, 24.90, 25.06, 210, 405, 0, 0, 454, 455, 54, P8, 0x0000000000000001
2026/08/31 22:55:15.522, 25.03, 25.01, 210, 405, 0, 0, 454, 455, 54, P8, 0x0000000000000001
2026/08/31 22:55:16.022, 25.03, 25.01, 210, 405, 0, 0, 454, 455, 54, P8, 0x0000000000000001
2026/08/31 22:55:16.522, 24.86, 24.71, 210, 405, 0, 0, 454, 455, 54, P8, 0x0000000000000001
2026/08/31 22:55:17.023, 24.86, 24.71, 210, 405, 0, 0, 454, 455, 54, P8, 0x0000000000000001
2026/08/31 22:55:17.523, 24.84, 24.97, 210, 405, 0, 0, 454, 455, 54, P8, 0x0000000000000001
2026/08/31 22:55:18.023, 24.84, 24.97, 210, 405, 0, 0, 454, 455, 54, P8, 0x0000000000000001
2026/08/31 22:55:18.524, 25.00, 25.02, 210, 405, 0, 0, 454, 455, 54, P8, 0x0000000000000001
2026/08/31 22:55:19.024, 25.00, 25.02, 210, 405, 0, 0, 454, 455, 54, P8, 0x0000000000000001
2026/08/31 22:55:19.524, 24.86, 24.70, 210, 405, 0, 0, 454, 455, 54, P8, 0x0000000000000001
2026/08/31 22:55:20.025, 24.86, 24.70, 210, 405, 0, 0, 454, 455, 54, P8, 0x0000000000000001
2026/08/31 22:55:20.525, 24.89, 25.08, 210, 405, 0, 0, 454, 455, 54, P8, 0x0000000000000001
2026/08/31 22:55:21.026, 24.89, 25.08, 210, 405, 0, 0, 454, 455, 54, P8, 0x0000000000000001
2026/08/31 22:55:21.526, 25.09, 25.10, 210, 405, 0, 0, 454, 455, 54, P8, 0x0000000000000001
2026/08/31 22:55:22.026, 25.09, 25.10, 210, 405, 0, 0, 454, 455, 54, P8, 0x0000000000000001
2026/08/31 22:55:22.527, 24.95, 24.80, 210, 405, 0, 0, 454, 455, 54, P8, 0x0000000000000001
2026/08/31 22:55:23.027, 24.95, 24.80, 210, 405, 0, 0, 454, 455, 54, P8, 0x0000000000000001
2026/08/31 22:55:23.527, 24.93, 25.06, 210, 405, 0, 0, 454, 455, 54, P8, 0x0000000000000001
2026/08/31 22:55:24.027, 24.93, 25.06, 210, 405, 0, 0, 454, 455, 54, P8, 0x0000000000000001
2026/08/31 22:55:24.528, 25.03, 24.99, 210, 405, 0, 0, 454, 455, 54, P8, 0x0000000000000001
2026/08/31 22:55:25.028, 25.03, 24.99, 210, 405, 0, 0, 454, 455, 54, P8, 0x0000000000000001
2026/08/31 22:55:25.528, 24.87, 24.76, 210, 405, 0, 0, 454, 455, 54, P8, 0x0000000000000001
2026/08/31 22:55:26.029, 24.87, 24.76, 210, 405, 0, 0, 454, 455, 54, P8, 0x0000000000000001
2026/08/31 22:55:26.529, 24.91, 25.06, 210, 405, 0, 0, 454, 455, 54, P8, 0x0000000000000001
2026/08/31 22:55:27.029, 24.91, 25.06, 210, 405, 0, 0, 454, 455, 54, P8, 0x0000000000000001
2026/08/31 22:55:27.530, 25.00, 24.94, 210, 405, 0, 0, 454, 455, 54, P8, 0x0000000000000001
2026/08/31 22:55:28.030, 25.00, 24.94, 210, 405, 0, 0, 454, 455, 54, P8, 0x0000000000000001
2026/08/31 22:55:28.530, 24.83, 24.72, 210, 405, 0, 0, 454, 455, 54, P8, 0x0000000000000001
2026/08/31 22:55:29.031, 24.83, 24.72, 210, 405, 0, 0, 454, 455, 54, P8, 0x0000000000000001
2026/08/31 22:55:29.531, 24.84, 24.97, 210, 405, 0, 0, 454, 455, 54, P8, 0x0000000000000001
2026/08/31 22:55:30.031, 24.84, 24.97, 210, 405, 0, 0, 454, 455, 54, P8, 0x0000000000000001
2026/08/31 22:55:30.532, 24.95, 24.93, 210, 405, 0, 0, 454, 455, 54, P8, 0x0000000000000001
2026/08/31 22:55:31.032, 24.95, 24.93, 210, 405, 0, 0, 454, 455, 54, P8, 0x0000000000000001
2026/08/31 22:55:31.532, 24.80, 24.66, 210, 405, 0, 0, 454, 455, 54, P8, 0x0000000000000001
2026/08/31 22:55:32.032, 24.80, 24.66, 210, 405, 0, 0, 454, 455, 54, P8, 0x0000000000000001
2026/08/31 22:55:32.533, 24.80, 24.94, 210, 405, 0, 0, 454, 455, 54, P8, 0x0000000000000001
2026/08/31 22:55:33.033, 24.80, 24.94, 210, 405, 0, 0, 454, 455, 54, P8, 0x0000000000000001
2026/08/31 22:55:33.533, 24.95, 24.96, 210, 405, 0, 0, 454, 455, 54, P8, 0x0000000000000001
2026/08/31 22:55:34.034, 24.95, 24.96, 210, 405, 0, 0, 454, 455, 54, P8, 0x0000000000000001
2026/08/31 22:55:34.534, 24.76, 24.57, 210, 405, 0, 0, 454, 455, 54, P8, 0x0000000000000001
2026/08/31 22:55:35.034, 24.76, 24.57, 210, 405, 0, 0, 454, 455, 54, P8, 0x0000000000000001
2026/08/31 22:55:35.534, 24.75, 24.92, 210, 405, 0, 0, 454, 455, 54, P8, 0x0000000000000001
2026/08/31 22:55:36.035, 24.75, 24.92, 210, 405, 0, 0, 454, 455, 54, P8, 0x0000000000000001
2026/08/31 22:55:36.535, 24.95, 24.97, 210, 405, 0, 0, 454, 455, 54, P8, 0x0000000000000001
2026/08/31 22:55:37.035, 24.95, 24.97, 210, 405, 0, 0, 454, 455, 54, P8, 0x0000000000000001
2026/08/31 22:55:37.536, 24.85, 24.72, 210, 405, 0, 0, 454, 455, 54, P8, 0x0000000000000001
2026/08/31 22:55:38.036, 24.85, 24.72, 210, 405, 0, 0, 454, 455, 54, P8, 0x0000000000000001
2026/08/31 22:55:38.536, 24.86, 25.00, 210, 405, 0, 0, 454, 455, 54, P8, 0x0000000000000001
2026/08/31 22:55:39.037, 24.86, 25.00, 210, 405, 0, 0, 454, 455, 54, P8, 0x0000000000000001
2026/08/31 22:55:39.537, 24.99, 24.97, 210, 405, 0, 0, 454, 455, 54, P8, 0x0000000000000001
2026/08/31 22:55:40.037, 24.99, 24.97, 210, 405, 0, 0, 454, 455, 54, P8, 0x0000000000000001
2026/08/31 22:55:40.538, 24.89, 24.81, 210, 405, 0, 0, 454, 455, 54, P8, 0x0000000000000001
2026/08/31 22:55:41.038, 24.89, 24.81, 210, 405, 0, 0, 454, 455, 54, P8, 0x0000000000000001
2026/08/31 22:55:41.538, 24.99, 25.17, 210, 405, 0, 0, 454, 455, 54, P8, 0x0000000000000001
2026/08/31 22:55:42.039, 24.99, 25.17, 210, 405, 0, 0, 454, 455, 54, P8, 0x0000000000000001
2026/08/31 22:55:42.539, 24.99, 24.81, 210, 405, 0, 0, 454, 455, 54, P8, 0x0000000000000001
2026/08/31 22:55:43.039, 24.99, 24.81, 210, 405, 0, 0, 454, 455, 54, P8, 0x0000000000000001
2026/08/31 22:55:43.540, 24.94, 25.07, 210, 405, 0, 0, 454, 455, 54, P8, 0x0000000000000001
2026/08/31 22:55:44.040, 24.94, 25.07, 210, 405, 0, 0, 454, 455, 54, P8, 0x0000000000000001
2026/08/31 22:55:44.540, 25.06, 25.06, 210, 405, 0, 0, 454, 455, 54, P8, 0x0000000000000001
2026/08/31 22:55:45.041, 25.06, 25.06, 210, 405, 0, 0, 454, 455, 54, P8, 0x0000000000000001
2026/08/31 22:55:45.541, 24.86, 24.66, 210, 405, 0, 0, 454, 455, 54, P8, 0x0000000000000001
2026/08/31 22:55:46.041, 24.86, 24.66, 210, 405, 0, 0, 454, 455, 54, P8, 0x0000000000000001
2026/08/31 22:55:46.542, 24.82, 24.98, 210, 405, 0, 0, 454, 455, 54, P8, 0x0000000000000001
2026/08/31 22:55:47.042, 24.82, 24.98, 210, 405, 0, 0, 454, 455, 54, P8, 0x0000000000000001
2026/08/31 22:55:47.542, 24.98, 24.97, 210, 405, 0, 0, 454, 455, 54, P8, 0x0000000000000001
2026/08/31 22:55:48.043, 24.98, 24.97, 210, 405, 0, 0, 454, 455, 54, P8, 0x0000000000000001
2026/08/31 22:55:48.543, 24.85, 24.74, 210, 405, 0, 0, 454, 455, 54, P8, 0x0000000000000001
2026/08/31 22:55:49.043, 24.85, 24.74, 210, 405, 0, 0, 454, 455, 54, P8, 0x0000000000000001
2026/08/31 22:55:49.543, 24.90, 25.05, 210, 405, 0, 0, 454, 455, 54, P8, 0x0000000000000001
2026/08/31 22:55:50.044, 24.90, 25.05, 210, 405, 0, 0, 454, 455, 54, P8, 0x0000000000000001
2026/08/31 22:55:50.544, 25.09, 25.12, 210, 405, 0, 0, 454, 455, 54, P8, 0x0000000000000001
2026/08/31 22:55:51.044, 25.09, 25.12, 210, 405, 0, 0, 454, 455, 54, P8, 0x0000000000000001
2026/08/31 22:55:51.545, 24.96, 24.80, 210, 405, 0, 0, 454, 455, 54, P8, 0x0000000000000001
2026/08/31 22:55:52.045, 24.96, 24.80, 210, 405, 0, 0, 454, 455, 54, P8, 0x0000000000000001
2026/08/31 22:55:52.545, 25.01, 25.22, 210, 405, 0, 0, 454, 455, 54, P8, 0x0000000000000001
2026/08/31 22:55:53.045, 25.01, 25.22, 210, 405, 0, 0, 454, 455, 54, P8, 0x0000000000000001
2026/08/31 22:55:53.546, 25.16, 25.10, 210, 405, 0, 0, 454, 455, 54, P8, 0x0000000000000001
2026/08/31 22:55:54.046, 25.16, 25.10, 210, 405, 0, 0, 454, 455, 54, P8, 0x0000000000000001
2026/08/31 22:55:54.546, 24.93, 24.75, 210, 405, 0, 0, 454, 455, 54, P8, 0x0000000000000001
2026/08/31 22:55:55.047, 24.93, 24.75, 210, 405, 0, 0, 454, 455, 54, P8, 0x0000000000000001
2026/08/31 22:55:55.547, 24.91, 25.07, 210, 405, 0, 0, 454, 455, 54, P8, 0x0000000000000001
2026/08/31 22:55:56.047, 24.91, 25.07, 210, 405, 0, 0, 454, 455, 54, P8, 0x0000000000000001
2026/08/31 22:55:56.548, 25.08, 25.09, 210, 405, 0, 0, 454, 455, 54, P8, 0x0000000000000001
2026/08/31 22:55:57.048, 25.08, 25.09, 210, 405, 0, 0, 454, 455, 54, P8, 0x0000000000000001
2026/08/31 22:55:57.548, 24.91, 24.73, 210, 405, 0, 0, 454, 455, 54, P8, 0x0000000000000001
2026/08/31 22:55:58.049, 24.91, 24.73, 210, 405, 0, 0, 454, 455, 54, P8, 0x0000000000000001
2026/08/31 22:55:58.549, 24.84, 24.95, 210, 405, 0, 0, 454, 455, 54, P8, 0x0000000000000001
2026/08/31 22:55:59.049, 24.84, 24.95, 210, 405, 0, 0, 454, 455, 54, P8, 0x0000000000000001
2026/08/31 22:55:59.549, 24.94, 24.93, 210, 405, 0, 0, 454, 455, 54, P8, 0x0000000000000001
2026/08/31 22:56:00.050, 24.94, 24.93, 210, 405, 0, 0, 454, 455, 54, P8, 0x0000000000000001
2026/08/31 22:56:00.550, 26.80, 37.61, 210, 405, 0, 0, 454, 455, 54, P8, 0x0000000000000001
2026/08/31 22:56:01.050, 29.73, 36.76, 210, 405, 0, 0, 454, 455, 54, P8, 0x0000000000000001
2026/08/31 22:56:01.551, 30.78, 36.67, 210, 405, 0, 0, 454, 455, 54, P8, 0x0000000000000001
2026/08/31 22:56:02.051, 30.78, 36.67, 210, 405, 0, 0, 454, 455, 54, P8, 0x0000000000000001
2026/08/31 22:56:02.551, 26.09, 25.03, 210, 405, 0, 0, 454, 455, 54, P8, 0x0000000000000001
2026/08/31 22:56:03.052, 26.09, 25.03, 210, 405, 0, 0, 454, 455, 54, P8, 0x0000000000000001
2026/08/31 22:56:03.552, 25.02, 25.01, 210, 405, 0, 0, 454, 455, 54, P8, 0x0000000000000001
2026/08/31 22:56:04.052, 25.02, 25.01, 210, 405, 0, 0, 454, 455, 54, P8, 0x0000000000000001
2026/08/31 22:56:04.552, 24.87, 24.72, 210, 405, 0, 0, 454, 455, 54, P8, 0x0000000000000001
2026/08/31 22:56:05.053, 24.87, 24.72, 210, 405, 0, 0, 454, 455, 54, P8, 0x0000000000000001
2026/08/31 22:56:05.553, 24.89, 25.06, 210, 405, 0, 0, 454, 455, 54, P8, 0x0000000000000001
2026/08/31 22:56:06.053, 24.89, 25.06, 210, 405, 0, 0, 454, 455, 54, P8, 0x0000000000000001
2026/08/31 22:56:06.554, 25.02, 24.97, 210, 405, 0, 0, 454, 455, 54, P8, 0x0000000000000001
2026/08/31 22:56:07.054, 25.02, 24.97, 210, 405, 0, 0, 454, 455, 54, P8, 0x0000000000000001
2026/08/31 22:56:07.554, 24.82, 24.67, 210, 405, 0, 0, 454, 455, 54, P8, 0x0000000000000001
2026/08/31 22:56:08.054, 24.82, 24.67, 210, 405, 0, 0, 454, 455, 54, P8, 0x0000000000000001
2026/08/31 22:56:08.555, 24.90, 25.12, 210, 405, 0, 0, 454, 455, 54, P8, 0x0000000000000001
2026/08/31 22:56:09.055, 24.90, 25.12, 210, 405, 0, 0, 454, 455, 54, P8, 0x0000000000000001
2026/08/31 22:56:09.555, 25.11, 25.10, 210, 405, 0, 0, 454, 455, 54, P8, 0x0000000000000001
2026/08/31 22:56:10.055, 25.11, 25.10, 210, 405, 0, 0, 454, 455, 54, P8, 0x0000000000000001
2026/08/31 22:56:10.556, 24.91, 24.72, 210, 405, 0, 0, 454, 455, 54, P8, 0x0000000000000001
2026/08/31 22:56:11.056, 24.91, 24.72, 210, 405, 0, 0, 454, 455, 54, P8, 0x0000000000000001
2026/08/31 22:56:11.556, 24.92, 25.11, 210, 405, 0, 0, 454, 455, 54, P8, 0x0000000000000001
2026/08/31 22:56:12.057, 24.92, 25.11, 210, 405, 0, 0, 454, 455, 54, P8, 0x0000000000000001
2026/08/31 22:56:12.557, 25.10, 25.10, 210, 405, 0, 0, 454, 455, 54, P8, 0x0000000000000001
2026/08/31 22:56:13.057, 25.10, 25.10, 210, 405, 0, 0, 454, 455, 54, P8, 0x0000000000000001
2026/08/31 22:56:13.558, 24.94, 24.78, 210, 405, 0, 0, 454, 455, 54, P8, 0x0000000000000001
2026/08/31 22:56:14.058, 24.94, 24.78, 210, 405, 0, 0, 454, 455, 54, P8, 0x0000000000000001
2026/08/31 22:56:14.558, 24.89, 25.00, 210, 405, 0, 0, 454, 455, 54, P8, 0x0000000000000001
2026/08/31 22:56:15.058, 24.89, 25.00, 210, 405, 0, 0, 454, 455, 54, P8, 0x0000000000000001
2026/08/31 22:56:15.559, 24.98, 24.97, 210, 405, 0, 0, 454, 455, 54, P8, 0x0000000000000001
2026/08/31 22:56:16.059, 24.98, 24.97, 210, 405, 0, 0, 454, 455, 54, P8, 0x0000000000000001
2026/08/31 22:56:16.559, 24.88, 24.79, 210, 405, 0, 0, 454, 455, 54, P8, 0x0000000000000001
2026/08/31 22:56:17.060, 24.88, 24.79, 210, 405, 0, 0, 454, 455, 54, P8, 0x0000000000000001
2026/08/31 22:56:17.560, 24.91, 25.03, 210, 405, 0, 0, 454, 455, 54, P8, 0x0000000000000001
2026/08/31 22:56:18.060, 24.91, 25.03, 210, 405, 0, 0, 454, 455, 54, P8, 0x0000000000000001
2026/08/31 22:56:18.561, 25.02, 25.01, 210, 405, 0, 0, 454, 455, 54, P8, 0x0000000000000001
2026/08/31 22:56:19.061, 25.02, 25.01, 210, 405, 0, 0, 454, 455, 54, P8, 0x0000000000000001
2026/08/31 22:56:19.561, 24.88, 24.75, 210, 405, 0, 0, 454, 455, 54, P8, 0x0000000000000001
2026/08/31 22:56:20.062, 24.88, 24.75, 210, 405, 0, 0, 454, 455, 54, P8, 0x0000000000000001
2026/08/31 22:56:20.562, 24.90, 25.06, 210, 405, 0, 0, 454, 455, 54, P8, 0x0000000000000001
2026/08/31 22:56:21.062, 24.90, 25.06, 210, 405, 0, 0, 454, 455, 54, P8, 0x0000000000000001
2026/08/31 22:56:21.563, 25.11, 25.16, 210, 405, 0, 0, 454, 455, 54, P8, 0x0000000000000001
2026/08/31 22:56:22.063, 25.11, 25.16, 210, 405, 0, 0, 454, 455, 54, P8, 0x0000000000000001
2026/08/31 22:56:22.563, 25.02, 24.88, 210, 405, 0, 0, 454, 455, 54, P8, 0x0000000000000001
2026/08/31 22:56:23.064, 25.02, 24.88, 210, 405, 0, 0, 454, 455, 54, P8, 0x0000000000000001
2026/08/31 22:56:23.564, 24.99, 25.10, 210, 405, 0, 0, 454, 455, 54, P8, 0x0000000000000001
2026/08/31 22:56:24.064, 24.99, 25.10, 210, 405, 0, 0, 454, 455, 54, P8, 0x0000000000000001
2026/08/31 22:56:24.565, 25.12, 25.13, 210, 405, 0, 0, 454, 455, 54, P8, 0x0000000000000001
2026/08/31 22:56:25.065, 25.12, 25.13, 210, 405, 0, 0, 454, 455, 54, P8, 0x0000000000000001
2026/08/31 22:56:25.565, 25.04, 24.94, 210, 405, 0, 0, 454, 455, 54, P8, 0x0000000000000001
2026/08/31 22:56:26.066, 25.04, 24.94, 210, 405, 0, 0, 454, 455, 54, P8, 0x0000000000000001
2026/08/31 22:56:26.566, 25.08, 25.23, 210, 405, 0, 0, 454, 455, 54, P8, 0x0000000000000001
2026/08/31 22:56:27.066, 25.08, 25.23, 210, 405, 0, 0, 454, 455, 54, P8, 0x0000000000000001
2026/08/31 22:56:27.567, 25.20, 25.18, 210, 405, 0, 0, 454, 455, 53, P8, 0x0000000000000001
2026/08/31 22:56:28.067, 25.20, 25.18, 210, 405, 0, 0, 454, 455, 53, P8, 0x0000000000000001
2026/08/31 22:56:28.567, 25.01, 24.84, 210, 405, 0, 0, 454, 455, 53, P8, 0x0000000000000001
2026/08/31 22:56:29.068, 25.01, 24.84, 210, 405, 0, 0, 454, 455, 53, P8, 0x0000000000000001
2026/08/31 22:56:29.568, 25.02, 25.21, 210, 405, 0, 0, 454, 455, 54, P8, 0x0000000000000001
2026/08/31 22:56:30.068, 25.02, 25.21, 210, 405, 0, 0, 454, 455, 54, P8, 0x0000000000000001
2026/08/31 22:56:30.568, 25.20, 25.19, 210, 405, 0, 0, 454, 455, 53, P8, 0x0000000000000001
2026/08/31 22:56:31.069, 25.20, 25.19, 210, 405, 0, 0, 454, 455, 53, P8, 0x0000000000000001
2026/08/31 22:56:31.569, 25.07, 24.94, 210, 405, 0, 0, 454, 455, 53, P8, 0x0000000000000001
2026/08/31 22:56:32.069, 25.07, 24.94, 210, 405, 0, 0, 454, 455, 53, P8, 0x0000000000000001
2026/08/31 22:56:32.569, 25.10, 25.26, 210, 405, 0, 0, 454, 455, 53, P8, 0x0000000000000001
2026/08/31 22:56:33.070, 25.10, 25.26, 210, 405, 0, 0, 454, 455, 53, P8, 0x0000000000000001
2026/08/31 22:56:33.570, 25.29, 25.32, 210, 405, 0, 0, 454, 455, 53, P8, 0x0000000000000001
2026/08/31 22:56:34.070, 25.29, 25.32, 210, 405, 0, 0, 454, 455, 53, P8, 0x0000000000000001
2026/08/31 22:56:34.571, 25.11, 24.91, 210, 405, 0, 0, 454, 455, 53, P8, 0x0000000000000001
2026/08/31 22:56:35.071, 25.11, 24.91, 210, 405, 0, 0, 454, 455, 53, P8, 0x0000000000000001
2026/08/31 22:56:35.571, 25.04, 25.17, 210, 405, 0, 0, 454, 455, 54, P8, 0x0000000000000001
2026/08/31 22:56:36.071, 25.04, 25.17, 210, 405, 0, 0, 454, 455, 54, P8, 0x0000000000000001
2026/08/31 22:56:36.572, 25.14, 25.12, 210, 405, 0, 0, 454, 455, 54, P8, 0x0000000000000001
2026/08/31 22:56:37.072, 25.14, 25.12, 210, 405, 0, 0, 454, 455, 54, P8, 0x0000000000000001
2026/08/31 22:56:37.572, 24.93, 24.75, 210, 405, 0, 0, 454, 455, 53, P8, 0x0000000000000001
2026/08/31 22:56:38.073, 24.93, 24.75, 210, 405, 0, 0, 454, 455, 53, P8, 0x0000000000000001
2026/08/31 22:56:38.573, 24.97, 25.18, 210, 405, 0, 0, 454, 455, 53, P8, 0x0000000000000001
2026/08/31 22:56:39.074, 24.97, 25.18, 210, 405, 0, 0, 454, 455, 53, P8, 0x0000000000000001
2026/08/31 22:56:39.574, 25.00, 24.83, 210, 405, 0, 0, 454, 455, 53, P8, 0x0000000000000001
2026/08/31 22:56:40.074, 25.00, 24.83, 210, 405, 0, 0, 454, 455, 53, P8, 0x0000000000000001
2026/08/31 22:56:40.574, 24.99, 25.15, 210, 405, 0, 0, 454, 455, 53, P8, 0x0000000000000001
2026/08/31 22:56:41.075, 24.99, 25.15, 210, 405, 0, 0, 454, 455, 53, P8, 0x0000000000000001
2026/08/31 22:56:41.575, 25.14, 25.13, 210, 405, 0, 0, 454, 455, 53, P8, 0x0000000000000001
2026/08/31 22:56:42.075, 25.14, 25.13, 210, 405, 0, 0, 454, 455, 53, P8, 0x0000000000000001
2026/08/31 22:56:42.576, 25.02, 24.91, 210, 405, 0, 0, 454, 455, 53, P8, 0x0000000000000001
2026/08/31 22:56:43.076, 25.02, 24.91, 210, 405, 0, 0, 454, 455, 53, P8, 0x0000000000000001
2026/08/31 22:56:43.576, 25.04, 25.18, 210, 405, 0, 0, 454, 455, 53, P8, 0x0000000000000001
2026/08/31 22:56:44.077, 25.04, 25.18, 210, 405, 0, 0, 454, 455, 53, P8, 0x0000000000000001
2026/08/31 22:56:44.577, 25.17, 25.15, 210, 405, 0, 0, 454, 455, 53, P8, 0x0000000000000001
2026/08/31 22:56:45.077, 25.17, 25.15, 210, 405, 0, 0, 454, 455, 53, P8, 0x0000000000000001
2026/08/31 22:56:45.577, 24.98, 24.81, 210, 405, 0, 0, 454, 455, 53, P8, 0x0000000000000001
2026/08/31 22:56:46.078, 24.98, 24.81, 210, 405, 0, 0, 454, 455, 53, P8, 0x0000000000000001
2026/08/31 22:56:46.578, 25.05, 25.28, 210, 405, 0, 0, 454, 455, 53, P8, 0x0000000000000001
2026/08/31 22:56:47.078, 25.05, 25.28, 210, 405, 0, 0, 454, 455, 53, P8, 0x0000000000000001
2026/08/31 22:56:47.579, 25.27, 25.26, 210, 405, 0, 0, 454, 455, 53, P8, 0x0000000000000001
2026/08/31 22:56:48.079, 25.27, 25.26, 210, 405, 0, 0, 454, 455, 53, P8, 0x0000000000000001
2026/08/31 22:56:48.579, 25.08, 24.90, 210, 405, 0, 0, 454, 455, 53, P8, 0x0000000000000001
2026/08/31 22:56:49.080, 25.08, 24.90, 210, 405, 0, 0, 454, 455, 53, P8, 0x0000000000000001
2026/08/31 22:56:49.580, 25.03, 25.15, 210, 405, 0, 0, 454, 455, 53, P8, 0x0000000000000001
2026/08/31 22:56:50.080, 25.03, 25.15, 210, 405, 0, 0, 454, 455, 53, P8, 0x0000000000000001
2026/08/31 22:56:50.580, 25.16, 25.17, 210, 405, 0, 0, 454, 455, 53, P8, 0x0000000000000001
2026/08/31 22:56:51.081, 25.16, 25.17, 210, 405, 0, 0, 454, 455, 53, P8, 0x0000000000000001
2026/08/31 22:56:51.581, 24.98, 24.79, 210, 405, 0, 0, 454, 455, 53, P8, 0x0000000000000001
2026/08/31 22:56:52.081, 24.98, 24.79, 210, 405, 0, 0, 454, 455, 53, P8, 0x0000000000000001
2026/08/31 22:56:52.581, 24.95, 25.11, 210, 405, 0, 0, 454, 455, 53, P8, 0x0000000000000001
2026/08/31 22:56:53.082, 24.95, 25.11, 210, 405, 0, 0, 454, 455, 53, P8, 0x0000000000000001
2026/08/31 22:56:53.582, 25.14, 25.17, 210, 405, 0, 0, 454, 455, 53, P8, 0x0000000000000001
2026/08/31 22:56:54.082, 25.14, 25.17, 210, 405, 0, 0, 454, 455, 53, P8, 0x0000000000000001
2026/08/31 22:56:54.583, 24.98, 24.78, 210, 405, 0, 0, 454, 455, 53, P8, 0x0000000000000001
2026/08/31 22:56:55.083, 24.98, 24.78, 210, 405, 0, 0, 454, 455, 53, P8, 0x0000000000000001
2026/08/31 22:56:55.583, 24.94, 25.09, 210, 405, 0, 0, 454, 455, 53, P8, 0x0000000000000001
2026/08/31 22:56:56.084, 24.94, 25.09, 210, 405, 0, 0, 454, 455, 53, P8, 0x0000000000000001
2026/08/31 22:56:56.584, 25.10, 25.11, 210, 405, 0, 0, 454, 455, 53, P8, 0x0000000000000001
2026/08/31 22:56:57.084, 25.10, 25.11, 210, 405, 0, 0, 454, 455, 53, P8, 0x0000000000000001
2026/08/31 22:56:57.585, 24.94, 24.76, 210, 405, 0, 0, 454, 455, 53, P8, 0x0000000000000001
2026/08/31 22:56:58.085, 24.94, 24.76, 210, 405, 0, 0, 454, 455, 53, P8, 0x0000000000000001
2026/08/31 22:56:58.585, 24.93, 25.10, 210, 405, 0, 0, 454, 455, 53, P8, 0x0000000000000001
2026/08/31 22:56:59.086, 24.93, 25.10, 210, 405, 0, 0, 454, 455, 53, P8, 0x0000000000000001
2026/08/31 22:56:59.586, 25.10, 25.10, 210, 405, 0, 0, 454, 455, 53, P8, 0x0000000000000001
2026/08/31 22:57:00.086, 25.10, 25.10, 210, 405, 0, 0, 454, 455, 53, P8, 0x0000000000000001
2026/08/31 22:57:00.587, 26.88, 38.88, 210, 405, 0, 0, 454, 455, 54, P8, 0x0000000000000001
2026/08/31 22:57:01.087, 29.89, 36.85, 210, 405, 0, 0, 454, 455, 54, P8, 0x0000000000000001
2026/08/31 22:57:01.587, 30.95, 36.91, 210, 405, 0, 0, 454, 455, 54, P8, 0x0000000000000001
2026/08/31 22:57:02.088, 30.95, 36.91, 210, 405, 0, 0, 454, 455, 54, P8, 0x0000000000000001
2026/08/31 22:57:02.588, 26.40, 25.35, 210, 405, 0, 0, 454, 455, 54, P8, 0x0000000000000001
2026/08/31 22:57:03.088, 26.40, 25.35, 210, 405, 0, 0, 454, 455, 54, P8, 0x0000000000000001
2026/08/31 22:57:03.589, 25.17, 24.98, 210, 405, 0, 0, 454, 455, 53, P8, 0x0000000000000001
2026/08/31 22:57:04.089, 25.17, 24.98, 210, 405, 0, 0, 454, 455, 53, P8, 0x0000000000000001
2026/08/31 22:57:04.589, 24.90, 24.82, 210, 405, 0, 0, 454, 455, 53, P8, 0x0000000000000001
2026/08/31 22:57:05.090, 24.90, 24.82, 210, 405, 0, 0, 454, 455, 53, P8, 0x0000000000000001
2026/08/31 22:57:05.590, 24.99, 25.16, 210, 405, 0, 0, 454, 455, 53, P8, 0x0000000000000001
2026/08/31 22:57:06.090, 24.99, 25.16, 210, 405, 0, 0, 454, 455, 53, P8, 0x0000000000000001
2026/08/31 22:57:06.591, 25.07, 24.97, 210, 405, 0, 0, 454, 455, 53, P8, 0x0000000000000001
2026/08/31 22:57:07.091, 25.07, 24.97, 210, 405, 0, 0, 454, 455, 53, P8, 0x0000000000000001
2026/08/31 22:57:07.591, 24.86, 24.74, 210, 405, 0, 0, 454, 455, 53, P8, 0x0000000000000001
2026/08/31 22:57:08.092, 24.86, 24.74, 210, 405, 0, 0, 454, 455, 53, P8, 0x0000000000000001
2026/08/31 22:57:08.592, 24.90, 25.06, 210, 405, 0, 0, 454, 455, 53, P8, 0x0000000000000001
2026/08/31 22:57:09.092, 24.90, 25.06, 210, 405, 0, 0, 454, 455, 53, P8, 0x0000000000000001
2026/08/31 22:57:09.593, 25.04, 25.02, 210, 405, 0, 0, 454, 455, 53, P8, 0x0000000000000001
2026/08/31 22:57:10.093, 25.04, 25.02, 210, 405, 0, 0, 454, 455, 53, P8, 0x0000000000000001
2026/08/31 22:57:10.593, 24.83, 24.65, 210, 405, 0, 0, 454, 455, 53, P8, 0x0000000000000001
2026/08/31 22:57:11.093, 24.83, 24.65, 210, 405, 0, 0, 454, 455, 53, P8, 0x0000000000000001
2026/08/31 22:57:11.594, 24.80, 24.95, 210, 405, 0, 0, 454, 455, 53, P8, 0x0000000000000001
2026/08/31 22:57:12.094, 24.80, 24.95, 210, 405, 0, 0, 454, 455, 53, P8, 0x0000000000000001
2026/08/31 22:57:12.594, 24.95, 24.95, 210, 405, 0, 0, 454, 455, 53, P8, 0x0000000000000001
2026/08/31 22:57:13.095, 24.95, 24.95, 210, 405, 0, 0, 454, 455, 53, P8, 0x0000000000000001
2026/08/31 22:57:13.595, 24.79, 24.63, 210, 405, 0, 0, 454, 455, 53, P8, 0x0000000000000001
2026/08/31 22:57:14.095, 24.79, 24.63, 210, 405, 0, 0, 454, 455, 53, P8, 0x0000000000000001
2026/08/31 22:57:14.596, 24.79, 24.95, 210, 405, 0, 0, 454, 455, 53, P8, 0x0000000000000001
2026/08/31 22:57:15.096, 24.79, 24.95, 210, 405, 0, 0, 454, 455, 53, P8, 0x0000000000000001
2026/08/31 22:57:15.596, 24.98, 25.01, 210, 405, 0, 0, 454, 455, 53, P8, 0x0000000000000001
2026/08/31 22:57:16.097, 24.98, 25.01, 210, 405, 0, 0, 454, 455, 53, P8, 0x0000000000000001
2026/08/31 22:57:16.597, 24.87, 24.73, 210, 405, 0, 0, 454, 455, 53, P8, 0x0000000000000001
2026/08/31 22:57:17.097, 24.87, 24.73, 210, 405, 0, 0, 454, 455, 53, P8, 0x0000000000000001
2026/08/31 22:57:17.598, 24.91, 25.10, 210, 405, 0, 0, 454, 455, 53, P8, 0x0000000000000001
2026/08/31 22:57:18.098, 24.91, 25.10, 210, 405, 0, 0, 454, 455, 53, P8, 0x0000000000000001
2026/08/31 22:57:18.598, 25.13, 25.17, 210, 405, 0, 0, 454, 455, 53, P8, 0x0000000000000001
2026/08/31 22:57:19.099, 25.13, 25.17, 210, 405, 0, 0, 454, 455, 53, P8, 0x0000000000000001
2026/08/31 22:57:19.599, 25.04, 24.92, 210, 405, 0, 0, 454, 455, 53, P8, 0x0000000000000001
2026/08/31 22:57:20.099, 25.04, 24.92, 210, 405, 0, 0, 454, 455, 53, P8, 0x0000000000000001
2026/08/31 22:57:20.600, 25.05, 25.17, 210, 405, 0, 0, 454, 455, 53, P8, 0x0000000000000001
2026/08/31 22:57:21.100, 25.05, 25.17, 210, 405, 0, 0, 454, 455, 53, P8, 0x0000000000000001
2026/08/31 22:57:21.600, 25.23, 25.29, 210, 405, 0, 0, 454, 455, 53, P8, 0x0000000000000001
2026/08/31 22:57:22.101, 25.23, 25.29, 210, 405, 0, 0, 454, 455, 53, P8, 0x0000000000000001
2026/08/31 22:57:22.601, 25.11, 24.93, 210, 405, 0, 0, 454, 455, 53, P8, 0x0000000000000001
2026/08/31 22:57:23.101, 25.11, 24.93, 210, 405, 0, 0, 454, 455, 53, P8, 0x0000000000000001
2026/08/31 22:57:23.602, 25.13, 25.33, 210, 405, 0, 0, 454, 455, 53, P8, 0x0000000000000001
2026/08/31 22:57:24.102, 25.13, 25.33, 210, 405, 0, 0, 454, 455, 53, P8, 0x0000000000000001
2026/08/31 22:57:24.602, 25.29, 25.26, 210, 405, 0, 0, 454, 455, 53, P8, 0x0000000000000001
2026/08/31 22:57:25.103, 25.29, 25.26, 210, 405, 0, 0, 454, 455, 53, P8, 0x0000000000000001
2026/08/31 22:57:25.603, 25.10, 24.95, 210, 405, 0, 0, 454, 455, 53, P8, 0x0000000000000001
2026/08/31 22:57:26.103, 25.10, 24.95, 210, 405, 0, 0, 454, 455, 53, P8, 0x0000000000000001
2026/08/31 22:57:26.604, 25.10, 25.24, 210, 405, 0, 0, 454, 455, 53, P8, 0x0000000000000001
2026/08/31 22:57:27.104, 25.10, 25.24, 210, 405, 0, 0, 454, 455, 53, P8, 0x0000000000000001
2026/08/31 22:57:27.604, 25.20, 25.16, 210, 405, 0, 0, 454, 455, 53, P8, 0x0000000000000001
2026/08/31 22:57:28.104, 25.20, 25.16, 210, 405, 0, 0, 454, 455, 53, P8, 0x0000000000000001
2026/08/31 22:57:28.605, 25.01, 24.87, 210, 405, 0, 0, 454, 455, 53, P8, 0x0000000000000001
2026/08/31 22:57:29.105, 25.01, 24.87, 210, 405, 0, 0, 454, 455, 53, P8, 0x0000000000000001
2026/08/31 22:57:29.605, 25.03, 25.19, 210, 405, 0, 0, 454, 455, 53, P8, 0x0000000000000001
2026/08/31 22:57:30.106, 25.03, 25.19, 210, 405, 0, 0, 454, 455, 53, P8, 0x0000000000000001
2026/08/31 22:57:30.606, 25.26, 25.34, 210, 405, 0, 0, 454, 455, 53, P8, 0x0000000000000001
2026/08/31 22:57:31.106, 25.26, 25.34, 210, 405, 0, 0, 454, 455, 53, P8, 0x0000000000000001
2026/08/31 22:57:31.607, 25.13, 24.93, 210, 405, 0, 0, 454, 455, 53, P8, 0x0000000000000001
2026/08/31 22:57:32.107, 25.13, 24.93, 210, 405, 0, 0, 454, 455, 53, P8, 0x0000000000000001
2026/08/31 22:57:32.607, 25.09, 25.26, 210, 405, 0, 0, 454, 455, 53, P8, 0x0000000000000001
2026/08/31 22:57:33.108, 25.09, 25.26, 210, 405, 0, 0, 454, 455, 53, P8, 0x0000000000000001
2026/08/31 22:57:33.608, 25.21, 25.17, 210, 405, 0, 0, 454, 455, 53, P8, 0x0000000000000001
2026/08/31 22:57:34.108, 25.21, 25.17, 210, 405, 0, 0, 454, 455, 53, P8, 0x0000000000000001
2026/08/31 22:57:34.609, 25.07, 24.97, 210, 405, 0, 0, 454, 455, 53, P8, 0x0000000000000001
2026/08/31 22:57:35.109, 25.07, 24.97, 210, 405, 0, 0, 454, 455, 53, P8, 0x0000000000000001
2026/08/31 22:57:35.609, 25.12, 25.29, 210, 405, 0, 0, 454, 455, 53, P8, 0x0000000000000001
2026/08/31 22:57:36.110, 25.12, 25.29, 210, 405, 0, 0, 454, 455, 53, P8, 0x0000000000000001
2026/08/31 22:57:36.610, 25.28, 25.28, 210, 405, 0, 0, 454, 455, 53, P8, 0x0000000000000001
2026/08/31 22:57:37.110, 25.28, 25.28, 210, 405, 0, 0, 454, 455, 53, P8, 0x0000000000000001
2026/08/31 22:57:37.611, 25.15, 25.01, 210, 405, 0, 0, 454, 455, 53, P8, 0x0000000000000001
2026/08/31 22:57:38.111, 25.15, 25.01, 210, 405, 0, 0, 454, 455, 53, P8, 0x0000000000000001
2026/08/31 22:57:38.611, 25.10, 25.19, 210, 405, 0, 0, 454, 455, 53, P8, 0x0000000000000001
2026/08/31 22:57:39.112, 25.10, 25.19, 210, 405, 0, 0, 454, 455, 53, P8, 0x0000000000000001
2026/08/31 22:57:39.612, 25.00, 24.81, 210, 405, 0, 0, 454, 455, 53, P8, 0x0000000000000001
2026/08/31 22:57:40.112, 25.00, 24.81, 210, 405, 0, 0, 454, 455, 53, P8, 0x0000000000000001
2026/08/31 22:57:40.612, 25.03, 25.25, 210, 405, 0, 0, 454, 455, 53, P8, 0x0000000000000001
2026/08/31 22:57:41.113, 25.03, 25.25, 210, 405, 0, 0, 454, 455, 53, P8, 0x0000000000000001
2026/08/31 22:57:41.613, 25.28, 25.31, 210, 405, 0, 0, 454, 455, 53, P8, 0x0000000000000001
2026/08/31 22:57:42.113, 25.28, 25.31, 210, 405, 0, 0, 454, 455, 53, P8, 0x0000000000000001
2026/08/31 22:57:42.614, 25.10, 24.89, 210, 405, 0, 0, 454, 455, 53, P8, 0x0000000000000001
2026/08/31 22:57:43.114, 25.10, 24.89, 210, 405, 0, 0, 454, 455, 53, P8, 0x0000000000000001
2026/08/31 22:57:43.614, 24.97, 25.06, 210, 405, 0, 0, 454, 455, 53, P8, 0x0000000000000001
2026/08/31 22:57:44.115, 24.97, 25.06, 210, 405, 0, 0, 454, 455, 53, P8, 0x0000000000000001
2026/08/31 22:57:44.615, 25.08, 25.10, 210, 405, 0, 0, 454, 455, 53, P8, 0x0000000000000001
2026/08/31 22:57:45.115, 25.08, 25.10, 210, 405, 0, 0, 454, 455, 53, P8, 0x0000000000000001
2026/08/31 22:57:45.616, 24.92, 24.74, 210, 405, 0, 0, 454, 455, 53, P8, 0x0000000000000001
2026/08/31 22:57:46.116, 24.92, 24.74, 210, 405, 0, 0, 454, 455, 53, P8, 0x0000000000000001
2026/08/31 22:57:46.616, 24.88, 25.03, 210, 405, 0, 0, 454, 455, 53, P8, 0x0000000000000001
2026/08/31 22:57:47.117, 24.88, 25.03, 210, 405, 0, 0, 454, 455, 53, P8, 0x0000000000000001
2026/08/31 22:57:47.617, 25.01, 25.00, 210, 405, 0, 0, 454, 455, 53, P8, 0x0000000000000001
2026/08/31 22:57:48.117, 25.01, 25.00, 210, 405, 0, 0, 454, 455, 53, P8, 0x0000000000000001
2026/08/31 22:57:48.617, 24.91, 24.82, 210, 405, 0, 0, 454, 455, 53, P8, 0x0000000000000001
2026/08/31 22:57:49.118, 24.91, 24.82, 210, 405, 0, 0, 454, 455, 53, P8, 0x0000000000000001
2026/08/31 22:57:49.618, 24.93, 25.03, 210, 405, 0, 0, 454, 455, 53, P8, 0x0000000000000001
2026/08/31 22:57:50.118, 24.93, 25.03, 210, 405, 0, 0, 454, 455, 53, P8, 0x0000000000000001
2026/08/31 22:57:50.619, 25.05, 25.07, 210, 405, 0, 0, 454, 455, 53, P8, 0x0000000000000001
2026/08/31 22:57:51.119, 25.05, 25.07, 210, 405, 0, 0, 454, 455, 53, P8, 0x0000000000000001
2026/08/31 22:57:51.619, 24.93, 24.80, 210, 405, 0, 0, 454, 455, 53, P8, 0x0000000000000001
2026/08/31 22:57:52.120, 24.93, 24.80, 210, 405, 0, 0, 454, 455, 53, P8, 0x0000000000000001
2026/08/31 22:57:52.620, 24.95, 25.11, 210, 405, 0, 0, 454, 455, 53, P8, 0x0000000000000001
2026/08/31 22:57:53.120, 24.95, 25.11, 210, 405, 0, 0, 454, 455, 53, P8, 0x0000000000000001
2026/08/31 22:57:53.621, 25.12, 25.12, 210, 405, 0, 0, 454, 455, 53, P8, 0x0000000000000001
2026/08/31 22:57:54.121, 25.12, 25.12, 210, 405, 0, 0, 454, 455, 53, P8, 0x0000000000000001
2026/08/31 22:57:54.621, 24.97, 24.82, 210, 405, 0, 0, 454, 455, 53, P8, 0x0000000000000001
2026/08/31 22:57:55.122, 24.97, 24.82, 210, 405, 0, 0, 454, 455, 53, P8, 0x0000000000000001
2026/08/31 22:57:55.622, 24.94, 25.07, 210, 405, 0, 0, 454, 455, 53, P8, 0x0000000000000001
2026/08/31 22:57:56.122, 24.94, 25.07, 210, 405, 0, 0, 454, 455, 53, P8, 0x0000000000000001
2026/08/31 22:57:56.622, 25.07, 25.07, 210, 405, 0, 0, 454, 455, 53, P8, 0x0000000000000001
2026/08/31 22:57:57.123, 25.07, 25.07, 210, 405, 0, 0, 454, 455, 53, P8, 0x0000000000000001
2026/08/31 22:57:57.623, 24.97, 24.87, 210, 405, 0, 0, 454, 455, 53, P8, 0x0000000000000001
2026/08/31 22:57:58.123, 24.97, 24.87, 210, 405, 0, 0, 454, 455, 53, P8, 0x0000000000000001
2026/08/31 22:57:58.624, 25.02, 25.17, 210, 405, 0, 0, 454, 455, 53, P8, 0x0000000000000001
2026/08/31 22:57:59.124, 25.02, 25.17, 210, 405, 0, 0, 454, 455, 53, P8, 0x0000000000000001
2026/08/31 22:57:59.624, 25.17, 25.18, 210, 405, 0, 0, 454, 455, 53, P8, 0x0000000000000001
2026/08/31 22:58:00.124, 25.17, 25.18, 210, 405, 0, 0, 454, 455, 53, P8, 0x0000000000000001
2026/08/31 22:58:00.625, 27.53, 37.62, 210, 405, 0, 0, 454, 455, 54, P8, 0x0000000000000001
2026/08/31 22:58:01.125, 30.09, 36.77, 210, 405, 0, 0, 454, 455, 54, P8, 0x0000000000000001
2026/08/31 22:58:01.625, 30.76, 36.75, 210, 405, 0, 0, 454, 455, 54, P8, 0x0000000000000001
2026/08/31 22:58:02.126, 30.76, 36.75, 210, 405, 0, 0, 454, 455, 54, P8, 0x0000000000000001
2026/08/31 22:58:02.626, 26.58, 25.57, 210, 405, 0, 0, 454, 455, 54, P8, 0x0000000000000001
2026/08/31 22:58:03.126, 26.58, 25.57, 210, 405, 0, 0, 454, 455, 54, P8, 0x0000000000000001
2026/08/31 22:58:03.627, 25.36, 25.16, 210, 405, 0, 0, 454, 455, 53, P8, 0x0000000000000001
2026/08/31 22:58:04.127, 25.36, 25.16, 210, 405, 0, 0, 454, 455, 53, P8, 0x0000000000000001
2026/08/31 22:58:04.627, 24.99, 24.82, 210, 405, 0, 0, 454, 455, 53, P8, 0x0000000000000001
2026/08/31 22:58:05.127, 24.99, 24.82, 210, 405, 0, 0, 454, 455, 53, P8, 0x0000000000000001
2026/08/31 22:58:05.628, 24.95, 25.09, 210, 405, 0, 0, 454, 455, 53, P8, 0x0000000000000001
2026/08/31 22:58:06.128, 24.95, 25.09, 210, 405, 0, 0, 454, 455, 53, P8, 0x0000000000000001
2026/08/31 22:58:06.628, 25.13, 25.16, 210, 405, 0, 0, 454, 455, 53, P8, 0x0000000000000001
2026/08/31 22:58:07.129, 25.13, 25.16, 210, 405, 0, 0, 454, 455, 53, P8, 0x0000000000000001
2026/08/31 22:58:07.629, 25.01, 24.85, 210, 405, 0, 0, 454, 455, 53, P8, 0x0000000000000001
2026/08/31 22:58:08.129, 25.01, 24.85, 210, 405, 0, 0, 454, 455, 53, P8, 0x0000000000000001
2026/08/31 22:58:08.630, 24.99, 25.12, 210, 405, 0, 0, 454, 455, 53, P8, 0x0000000000000001
2026/08/31 22:58:09.130, 24.99, 25.12, 210, 405, 0, 0, 454, 455, 53, P8, 0x0000000000000001
2026/08/31 22:58:09.630, 25.14, 25.16, 210, 405, 0, 0, 454, 455, 53, P8, 0x0000000000000001
2026/08/31 22:58:10.131, 25.14, 25.16, 210, 405, 0, 0, 454, 455, 53, P8, 0x0000000000000001
2026/08/31 22:58:10.631, 25.03, 24.91, 210, 405, 0, 0, 454, 455, 53, P8, 0x0000000000000001
2026/08/31 22:58:11.131, 25.03, 24.91, 210, 405, 0, 0, 454, 455, 53, P8, 0x0000000000000001
2026/08/31 22:58:11.632, 25.06, 25.21, 210, 405, 0, 0, 454, 455, 53, P8, 0x0000000000000001
2026/08/31 22:58:12.132, 25.06, 25.21, 210, 405, 0, 0, 454, 455, 53, P8, 0x0000000000000001
2026/08/31 22:58:12.632, 25.18, 25.15, 210, 405, 0, 0, 454, 455, 53, P8, 0x0000000000000001
2026/08/31 22:58:13.132, 25.18, 25.15, 210, 405, 0, 0, 454, 455, 53, P8, 0x0000000000000001
2026/08/31 22:58:13.633, 25.00, 24.85, 210, 405, 0, 0, 454, 455, 53, P8, 0x0000000000000001
2026/08/31 22:58:14.133, 25.00, 24.85, 210, 405, 0, 0, 454, 455, 53, P8, 0x0000000000000001
2026/08/31 22:58:14.633, 25.00, 25.16, 210, 405, 0, 0, 454, 455, 53, P8, 0x0000000000000001
2026/08/31 22:58:15.134, 25.00, 25.16, 210, 405, 0, 0, 454, 455, 53, P8, 0x0000000000000001
2026/08/31 22:58:15.634, 25.17, 25.19, 210, 405, 0, 0, 454, 455, 53, P8, 0x0000000000000001
2026/08/31 22:58:16.134, 25.17, 25.19, 210, 405, 0, 0, 454, 455, 53, P8, 0x0000000000000001
2026/08/31 22:58:16.635, 25.04, 24.89, 210, 405, 0, 0, 454, 455, 53, P8, 0x0000000000000001
2026/08/31 22:58:17.135, 25.04, 24.89, 210, 405, 0, 0, 454, 455, 53, P8, 0x0000000000000001
2026/08/31 22:58:17.635, 25.08, 25.26, 210, 405, 0, 0, 454, 455, 53, P8, 0x0000000000000001
2026/08/31 22:58:18.136, 25.08, 25.26, 210, 405, 0, 0, 454, 455, 53, P8, 0x0000000000000001
2026/08/31 22:58:18.636, 25.26, 25.26, 210, 405, 0, 0, 454, 455, 53, P8, 0x0000000000000001
2026/08/31 22:58:19.136, 25.26, 25.26, 210, 405, 0, 0, 454, 455, 53, P8, 0x0000000000000001
2026/08/31 22:58:19.636, 25.09, 24.92, 210, 405, 0, 0, 454, 455, 53, P8, 0x0000000000000001
2026/08/31 22:58:20.137, 25.09, 24.92, 210, 405, 0, 0, 454, 455, 53, P8, 0x0000000000000001
2026/08/31 22:58:20.637, 25.09, 25.26, 210, 405, 0, 0, 454, 455, 53, P8, 0x0000000000000001
2026/08/31 22:58:21.137, 25.09, 25.26, 210, 405, 0, 0, 454, 455, 53, P8, 0x0000000000000001
2026/08/31 22:58:21.638, 25.24, 25.21, 210, 405, 0, 0, 454, 455, 53, P8, 0x0000000000000001
2026/08/31 22:58:22.138, 25.24, 25.21, 210, 405, 0, 0, 454, 455, 53, P8, 0x0000000000000001
2026/08/31 22:58:22.638, 25.03, 24.86, 210, 405, 0, 0, 454, 455, 53, P8, 0x0000000000000001
2026/08/31 22:58:23.138, 25.03, 24.86, 210, 405, 0, 0, 454, 455, 53, P8, 0x0000000000000001
2026/08/31 22:58:23.639, 25.02, 25.18, 210, 405, 0, 0, 454, 455, 53, P8, 0x0000000000000001
2026/08/31 22:58:24.139, 25.02, 25.18, 210, 405, 0, 0, 454, 455, 53, P8, 0x0000000000000001
2026/08/31 22:58:24.639, 25.21, 25.24, 210, 405, 0, 0, 454, 455, 53, P8, 0x0000000000000001
2026/08/31 22:58:25.139, 25.21, 25.24, 210, 405, 0, 0, 454, 455, 53, P8, 0x0000000000000001
2026/08/31 22:58:25.640, 25.10, 24.97, 210, 405, 0, 0, 454, 455, 53, P8, 0x0000000000000001
2026/08/31 22:58:26.140, 25.10, 24.97, 210, 405, 0, 0, 454, 455, 53, P8, 0x0000000000000001
2026/08/31 22:58:26.640, 25.12, 25.27, 210, 405, 0, 0, 454, 455, 53, P8, 0x0000000000000001
2026/08/31 22:58:27.141, 25.12, 25.27, 210, 405, 0, 0, 454, 455, 53, P8, 0x0000000000000001
2026/08/31 22:58:27.641, 25.28, 25.29, 210, 405, 0, 0, 454, 455, 53, P8, 0x0000000000000001
2026/08/31 22:58:28.141, 25.28, 25.29, 210, 405, 0, 0, 454, 455, 53, P8, 0x0000000000000001
2026/08/31 22:58:28.641, 25.13, 24.97, 210, 405, 0, 0, 454, 455, 53, P8, 0x0000000000000001
2026/08/31 22:58:29.142, 25.13, 24.97, 210, 405, 0, 0, 454, 455, 53, P8, 0x0000000000000001
2026/08/31 22:58:29.642, 25.13, 25.30, 210, 405, 0, 0, 454, 455, 53, P8, 0x0000000000000001
2026/08/31 22:58:30.142, 25.13, 25.30, 210, 405, 0, 0, 454, 455, 53, P8, 0x0000000000000001
2026/08/31 22:58:30.643, 25.32, 25.33, 210, 405, 0, 0, 454, 455, 53, P8, 0x0000000000000001
2026/08/31 22:58:31.143, 25.32, 25.33, 210, 405, 0, 0, 454, 455, 53, P8, 0x0000000000000001
2026/08/31 22:58:31.643, 25.16, 24.99, 210, 405, 0, 0, 454, 455, 53, P8, 0x0000000000000001
2026/08/31 22:58:32.143, 25.16, 24.99, 210, 405, 0, 0, 454, 455, 53, P8, 0x0000000000000001
2026/08/31 22:58:32.644, 25.17, 25.35, 210, 405, 0, 0, 454, 455, 53, P8, 0x0000000000000001
2026/08/31 22:58:33.144, 25.17, 25.35, 210, 405, 0, 0, 454, 455, 53, P8, 0x0000000000000001
2026/08/31 22:58:33.644, 25.31, 25.27, 210, 405, 0, 0, 454, 455, 53, P8, 0x0000000000000001
2026/08/31 22:58:34.145, 25.31, 25.27, 210, 405, 0, 0, 454, 455, 53, P8, 0x0000000000000001
2026/08/31 22:58:34.645, 25.13, 25.00, 210, 405, 0, 0, 454, 455, 53, P8, 0x0000000000000001
2026/08/31 22:58:35.145, 25.13, 25.00, 210, 405, 0, 0, 454, 455, 53, P8, 0x0000000000000001
2026/08/31 22:58:35.646, 25.13, 25.27, 210, 405, 0, 0, 454, 455, 53, P8, 0x0000000000000001
2026/08/31 22:58:36.146, 25.13, 25.27, 210, 405, 0, 0, 454, 455, 53, P8, 0x0000000000000001
2026/08/31 22:58:36.646, 25.11, 24.96, 210, 405, 0, 0, 454, 455, 53, P8, 0x0000000000000001
2026/08/31 22:58:37.146, 25.11, 24.96, 210, 405, 0, 0, 454, 455, 53, P8, 0x0000000000000001
2026/08/31 22:58:37.647, 25.14, 25.32, 210, 405, 0, 0, 454, 455, 53, P8, 0x0000000000000001
2026/08/31 22:58:38.147, 25.14, 25.32, 210, 405, 0, 0, 454, 455, 53, P8, 0x0000000000000001
2026/08/31 22:58:38.647, 25.28, 25.25, 210, 405, 0, 0, 454, 455, 53, P8, 0x0000000000000001
2026/08/31 22:58:39.148, 25.28, 25.25, 210, 405, 0, 0, 454, 455, 53, P8, 0x0000000000000001
2026/08/31 22:58:39.648, 25.13, 25.01, 210, 405, 0, 0, 454, 455, 53, P8, 0x0000000000000001
2026/08/31 22:58:40.148, 25.13, 25.01, 210, 405, 0, 0, 454, 455, 53, P8, 0x0000000000000001
2026/08/31 22:58:40.648, 25.18, 25.36, 210, 405, 0, 0, 454, 455, 53, P8, 0x0000000000000001
2026/08/31 22:58:41.149, 25.18, 25.36, 210, 405, 0, 0, 454, 455, 53, P8, 0x0000000000000001
2026/08/31 22:58:41.649, 25.35, 25.35, 210, 405, 0, 0, 454, 455, 53, P8, 0x0000000000000001
2026/08/31 22:58:42.149, 25.35, 25.35, 210, 405, 0, 0, 454, 455, 53, P8, 0x0000000000000001
2026/08/31 22:58:42.649, 25.21, 25.07, 210, 405, 0, 0, 454, 455, 53, P8, 0x0000000000000001
2026/08/31 22:58:43.150, 25.21, 25.07, 210, 405, 0, 0, 454, 455, 53, P8, 0x0000000000000001
2026/08/31 22:58:43.650, 25.19, 25.32, 210, 405, 0, 0, 454, 455, 53, P8, 0x0000000000000001
2026/08/31 22:58:44.150, 25.19, 25.32, 210, 405, 0, 0, 454, 455, 53, P8, 0x0000000000000001
2026/08/31 22:58:44.651, 25.29, 25.26, 210, 405, 0, 0, 454, 455, 53, P8, 0x0000000000000001
2026/08/31 22:58:45.151, 25.29, 25.26, 210, 405, 0, 0, 454, 455, 53, P8, 0x0000000000000001
2026/08/31 22:58:45.651, 25.09, 24.92, 210, 405, 0, 0, 454, 455, 53, P8, 0x0000000000000001
2026/08/31 22:58:46.152, 25.09, 24.92, 210, 405, 0, 0, 454, 455, 53, P8, 0x0000000000000001
2026/08/31 22:58:46.652, 25.08, 25.25, 210, 405, 0, 0, 454, 455, 53, P8, 0x0000000000000001
2026/08/31 22:58:47.152, 25.08, 25.25, 210, 405, 0, 0, 454, 455, 53, P8, 0x0000000000000001
2026/08/31 22:58:47.652, 25.26, 25.27, 210, 405, 0, 0, 454, 455, 53, P8, 0x0000000000000001
2026/08/31 22:58:48.153, 25.26, 25.27, 210, 405, 0, 0, 454, 455, 53, P8, 0x0000000000000001
2026/08/31 22:58:48.653, 25.12, 24.98, 210, 405, 0, 0, 454, 455, 53, P8, 0x0000000000000001
2026/08/31 22:58:49.153, 25.12, 24.98, 210, 405, 0, 0, 454, 455, 53, P8, 0x0000000000000001
2026/08/31 22:58:49.654, 25.11, 25.25, 210, 405, 0, 0, 454, 455, 53, P8, 0x0000000000000001
2026/08/31 22:58:50.154, 25.11, 25.25, 210, 405, 0, 0, 454, 455, 53, P8, 0x0000000000000001
2026/08/31 22:58:50.654, 25.25, 25.26, 210, 405, 0, 0, 454, 455, 53, P8, 0x0000000000000001
2026/08/31 22:58:51.155, 25.25, 25.26, 210, 405, 0, 0, 454, 455, 53, P8, 0x0000000000000001
2026/08/31 22:58:51.655, 25.11, 24.97, 210, 405, 0, 0, 454, 455, 53, P8, 0x0000000000000001
2026/08/31 22:58:52.155, 25.11, 24.97, 210, 405, 0, 0, 454, 455, 53, P8, 0x0000000000000001
2026/08/31 22:58:52.655, 25.09, 25.22, 210, 405, 0, 0, 454, 455, 53, P8, 0x0000000000000001
2026/08/31 22:58:53.156, 25.09, 25.22, 210, 405, 0, 0, 454, 455, 53, P8, 0x0000000000000001
2026/08/31 22:58:53.656, 25.19, 25.17, 210, 405, 0, 0, 454, 455, 53, P8, 0x0000000000000001
2026/08/31 22:58:54.157, 25.19, 25.17, 210, 405, 0, 0, 454, 455, 53, P8, 0x0000000000000001
2026/08/31 22:58:54.657, 25.02, 24.87, 210, 405, 0, 0, 454, 455, 53, P8, 0x0000000000000001
2026/08/31 22:58:55.157, 25.02, 24.87, 210, 405, 0, 0, 454, 455, 53, P8, 0x0000000000000001
2026/08/31 22:58:55.658, 25.06, 25.24, 210, 405, 0, 0, 454, 455, 53, P8, 0x0000000000000001
2026/08/31 22:58:56.158, 25.06, 25.24, 210, 405, 0, 0, 454, 455, 53, P8, 0x0000000000000001
2026/08/31 22:58:56.658, 25.23, 25.22, 210, 405, 0, 0, 454, 455, 53, P8, 0x0000000000000001
2026/08/31 22:58:57.159, 25.23, 25.22, 210, 405, 0, 0, 454, 455, 53, P8, 0x0000000000000001
2026/08/31 22:58:57.659, 25.05, 24.88, 210, 405, 0, 0, 454, 455, 53, P8, 0x0000000000000001
2026/08/31 22:58:58.159, 25.05, 24.88, 210, 405, 0, 0, 454, 455, 53, P8, 0x0000000000000001
2026/08/31 22:58:58.659, 24.98, 25.07, 210, 405, 0, 0, 454, 455, 53, P8, 0x0000000000000001
2026/08/31 22:58:59.160, 24.98, 25.07, 210, 405, 0, 0, 454, 455, 53, P8, 0x0000000000000001
2026/08/31 22:58:59.660, 25.08, 25.10, 210, 405, 0, 0, 454, 455, 53, P8, 0x0000000000000001
2026/08/31 22:59:00.160, 25.08, 25.10, 210, 405, 0, 0, 454, 455, 53, P8, 0x0000000000000001
2026/08/31 22:59:00.661, 27.06, 37.42, 210, 405, 0, 0, 454, 455, 54, P8, 0x0000000000000001
2026/08/31 22:59:01.161, 29.72, 36.62, 210, 405, 0, 0, 454, 455, 54, P8, 0x0000000000000001
2026/08/31 22:59:01.661, 30.42, 36.79, 210, 405, 0, 0, 454, 455, 54, P8, 0x0000000000000001
2026/08/31 22:59:02.162, 30.42, 36.79, 210, 405, 0, 0, 454, 455, 54, P8, 0x0000000000000001
2026/08/31 22:59:02.662, 26.72, 25.71, 210, 405, 0, 0, 454, 455, 54, P8, 0x0000000000000001
2026/08/31 22:59:03.162, 26.72, 25.71, 210, 405, 0, 0, 454, 455, 54, P8, 0x0000000000000001
2026/08/31 22:59:03.663, 25.40, 25.09, 210, 405, 0, 0, 454, 455, 53, P8, 0x0000000000000001
2026/08/31 22:59:04.163, 25.40, 25.09, 210, 405, 0, 0, 454, 455, 53, P8, 0x0000000000000001
2026/08/31 22:59:04.663, 24.93, 24.76, 210, 405, 0, 0, 454, 455, 53, P8, 0x0000000000000001
2026/08/31 22:59:05.164, 24.93, 24.76, 210, 405, 0, 0, 454, 455, 53, P8, 0x0000000000000001
2026/08/31 22:59:05.664, 24.93, 25.09, 210, 405, 0, 0, 454, 455, 53, P8, 0x0000000000000001
2026/08/31 22:59:06.164, 24.93, 25.09, 210, 405, 0, 0, 454, 455, 53, P8, 0x0000000000000001
2026/08/31 22:59:06.664, 25.11, 25.13, 210, 405, 0, 0, 454, 455, 53, P8, 0x0000000000000001
2026/08/31 22:59:07.165, 25.11, 25.13, 210, 405, 0, 0, 454, 455, 53, P8, 0x0000000000000001
2026/08/31 22:59:07.665, 24.96, 24.79, 210, 405, 0, 0, 454, 455, 53, P8, 0x0000000000000001
2026/08/31 22:59:08.165, 24.96, 24.79, 210, 405, 0, 0, 454, 455, 53, P8, 0x0000000000000001
2026/08/31 22:59:08.666, 24.92, 25.05, 210, 405, 0, 0, 454, 455, 53, P8, 0x0000000000000001
2026/08/31 22:59:09.166, 24.92, 25.05, 210, 405, 0, 0, 454, 455, 53, P8, 0x0000000000000001
2026/08/31 22:59:09.666, 25.06, 25.08, 210, 405, 0, 0, 454, 455, 53, P8, 0x0000000000000001
2026/08/31 22:59:10.167, 25.06, 25.08, 210, 405, 0, 0, 454, 455, 53, P8, 0x0000000000000001
2026/08/31 22:59:10.667, 24.93, 24.78, 210, 405, 0, 0, 454, 455, 53, P8, 0x0000000000000001
2026/08/31 22:59:11.167, 24.93, 24.78, 210, 405, 0, 0, 454, 455, 53, P8, 0x0000000000000001
2026/08/31 22:59:11.668, 24.92, 25.07, 210, 405, 0, 0, 454, 455, 53, P8, 0x0000000000000001
2026/08/31 22:59:12.168, 24.92, 25.07, 210, 405, 0, 0, 454, 455, 53, P8, 0x0000000000000001
2026/08/31 22:59:12.668, 25.07, 25.07, 210, 405, 0, 0, 454, 455, 53, P8, 0x0000000000000001
2026/08/31 22:59:13.169, 25.07, 25.07, 210, 405, 0, 0, 454, 455, 53, P8, 0x0000000000000001
2026/08/31 22:59:13.669, 24.95, 24.83, 210, 405, 0, 0, 454, 455, 53, P8, 0x0000000000000001
2026/08/31 22:59:14.169, 24.95, 24.83, 210, 405, 0, 0, 454, 455, 53, P8, 0x0000000000000001
2026/08/31 22:59:14.669, 25.00, 25.16, 210, 405, 0, 0, 454, 455, 53, P8, 0x0000000000000001
2026/08/31 22:59:15.170, 25.00, 25.16, 210, 405, 0, 0, 454, 455, 53, P8, 0x0000000000000001
2026/08/31 22:59:15.670, 25.14, 25.11, 210, 405, 0, 0, 454, 455, 53, P8, 0x0000000000000001
2026/08/31 22:59:16.170, 25.14, 25.11, 210, 405, 0, 0, 454, 455, 53, P8, 0x0000000000000001
2026/08/31 22:59:16.671, 24.99, 24.86, 210, 405, 0, 0, 454, 455, 53, P8, 0x0000000000000001
2026/08/31 22:59:17.171, 24.99, 24.86, 210, 405, 0, 0, 454, 455, 53, P8, 0x0000000000000001
2026/08/31 22:59:17.671, 25.00, 25.15, 210, 405, 0, 0, 454, 455, 53, P8, 0x0000000000000001
2026/08/31 22:59:18.172, 25.00, 25.15, 210, 405, 0, 0, 454, 455, 53, P8, 0x0000000000000001
2026/08/31 22:59:18.672, 25.15, 25.15, 210, 405, 0, 0, 454, 455, 53, P8, 0x0000000000000001
2026/08/31 22:59:19.172, 25.15, 25.15, 210, 405, 0, 0, 454, 455, 53, P8, 0x0000000000000001
2026/08/31 22:59:19.672, 25.01, 24.87, 210, 405, 0, 0, 454, 455, 53, P8, 0x0000000000000001
2026/08/31 22:59:20.173, 25.01, 24.87, 210, 405, 0, 0, 454, 455, 53, P8, 0x0000000000000001
2026/08/31 22:59:20.673, 25.04, 25.21, 210, 405, 0, 0, 454, 455, 53, P8, 0x0000000000000001
2026/08/31 22:59:21.174, 25.04, 25.21, 210, 405, 0, 0, 454, 455, 53, P8, 0x0000000000000001
2026/08/31 22:59:21.674, 25.24, 25.26, 210, 405, 0, 0, 454, 455, 53, P8, 0x0000000000000001
2026/08/31 22:59:22.175, 25.24, 25.26, 210, 405, 0, 0, 454, 455, 53, P8, 0x0000000000000001
2026/08/31 22:59:22.675, 25.10, 24.94, 210, 405, 0, 0, 454, 455, 53, P8, 0x0000000000000001
2026/08/31 22:59:23.175, 25.10, 24.94, 210, 405, 0, 0, 454, 455, 53, P8, 0x0000000000000001
2026/08/31 22:59:23.676, 25.10, 25.27, 210, 405, 0, 0, 454, 455, 53, P8, 0x0000000000000001
2026/08/31 22:59:24.176, 25.10, 25.27, 210, 405, 0, 0, 454, 455, 53, P8, 0x0000000000000001
2026/08/31 22:59:24.676, 25.26, 25.25, 210, 405, 0, 0, 454, 455, 53, P8, 0x0000000000000001
2026/08/31 22:59:25.177, 25.26, 25.25, 210, 405, 0, 0, 454, 455, 53, P8, 0x0000000000000001
2026/08/31 22:59:25.677, 25.09, 24.93, 210, 405, 0, 0, 454, 455, 53, P8, 0x0000000000000001
2026/08/31 22:59:26.178, 25.09, 24.93, 210, 405, 0, 0, 454, 455, 53, P8, 0x0000000000000001
2026/08/31 22:59:26.678, 25.06, 25.19, 210, 405, 0, 0, 454, 455, 53, P8, 0x0000000000000001
2026/08/31 22:59:27.178, 25.06, 25.19, 210, 405, 0, 0, 454, 455, 53, P8, 0x0000000000000001
2026/08/31 22:59:27.679, 25.20, 25.22, 210, 405, 0, 0, 454, 455, 53, P8, 0x0000000000000001
2026/08/31 22:59:28.179, 25.20, 25.22, 210, 405, 0, 0, 454, 455, 53, P8, 0x0000000000000001
2026/08/31 22:59:28.679, 25.00, 24.79, 210, 405, 0, 0, 454, 455, 53, P8, 0x0000000000000001
2026/08/31 22:59:29.180, 25.00, 24.79, 210, 405, 0, 0, 454, 455, 53, P8, 0x0000000000000001
2026/08/31 22:59:29.680, 24.94, 25.08, 210, 405, 0, 0, 454, 455, 53, P8, 0x0000000000000001
2026/08/31 22:59:30.180, 24.94, 25.08, 210, 405, 0, 0, 454, 455, 53, P8, 0x0000000000000001
2026/08/31 22:59:30.681, 25.12, 25.15, 210, 405, 0, 0, 454, 455, 53, P8, 0x0000000000000001
2026/08/31 22:59:31.181, 25.12, 25.15, 210, 405, 0, 0, 454, 455, 53, P8, 0x0000000000000001
2026/08/31 22:59:31.681, 25.00, 24.84, 210, 405, 0, 0, 454, 455, 53, P8, 0x0000000000000001
2026/08/31 22:59:32.182, 25.00, 24.84, 210, 405, 0, 0, 454, 455, 53, P8, 0x0000000000000001
2026/08/31 22:59:32.682, 24.98, 25.12, 210, 405, 0, 0, 454, 455, 53, P8, 0x0000000000000001
2026/08/31 22:59:33.183, 24.98, 25.12, 210, 405, 0, 0, 454, 455, 53, P8, 0x0000000000000001
2026/08/31 22:59:33.683, 25.13, 25.15, 210, 405, 0, 0, 454, 455, 53, P8, 0x0000000000000001
2026/08/31 22:59:34.184, 25.13, 25.15, 210, 405, 0, 0, 454, 455, 53, P8, 0x0000000000000001
2026/08/31 22:59:34.684, 25.03, 24.91, 210, 405, 0, 0, 454, 455, 53, P8, 0x0000000000000001
2026/08/31 22:59:35.184, 25.03, 24.91, 210, 405, 0, 0, 454, 455, 53, P8, 0x0000000000000001
2026/08/31 22:59:35.685, 25.06, 25.20, 210, 405, 0, 0, 454, 455, 53, P8, 0x0000000000000001
2026/08/31 22:59:36.185, 25.06, 25.20, 210, 405, 0, 0, 454, 455, 53, P8, 0x0000000000000001
2026/08/31 22:59:36.685, 25.03, 24.86, 210, 405, 0, 0, 454, 455, 53, P8, 0x0000000000000001
2026/08/31 22:59:37.186, 25.03, 24.86, 210, 405, 0, 0, 454, 455, 53, P8, 0x0000000000000001
2026/08/31 22:59:37.686, 25.00, 25.14, 210, 405, 0, 0, 454, 455, 53, P8, 0x0000000000000001
2026/08/31 22:59:38.186, 25.00, 25.14, 210, 405, 0, 0, 454, 455, 53, P8, 0x0000000000000001
2026/08/31 22:59:38.687, 25.12, 25.10, 210, 405, 0, 0, 454, 455, 53, P8, 0x0000000000000001
2026/08/31 22:59:39.187, 25.12, 25.10, 210, 405, 0, 0, 454, 455, 53, P8, 0x0000000000000001
2026/08/31 22:59:39.688, 24.97, 24.83, 210, 405, 0, 0, 454, 455, 53, P8, 0x0000000000000001
2026/08/31 22:59:40.188, 24.97, 24.83, 210, 405, 0, 0, 454, 455, 53, P8, 0x0000000000000001
2026/08/31 22:59:40.688, 25.00, 25.18, 210, 405, 0, 0, 454, 455, 53, P8, 0x0000000000000001
2026/08/31 22:59:41.189, 25.00, 25.18, 210, 405, 0, 0, 454, 455, 53, P8, 0x0000000000000001
2026/08/31 22:59:41.689, 25.16, 25.14, 210, 405, 0, 0, 454, 455, 53, P8, 0x0000000000000001
2026/08/31 22:59:42.189, 25.16, 25.14, 210, 405, 0, 0, 454, 455, 53, P8, 0x0000000000000001
2026/08/31 22:59:42.690, 24.97, 24.80, 210, 405, 0, 0, 454, 455, 53, P8, 0x0000000000000001
2026/08/31 22:59:43.190, 24.97, 24.80, 210, 405, 0, 0, 454, 455, 53, P8, 0x0000000000000001
2026/08/31 22:59:43.690, 24.97, 25.14, 210, 405, 0, 0, 454, 455, 53, P8, 0x0000000000000001
2026/08/31 22:59:44.191, 24.97, 25.14, 210, 405, 0, 0, 454, 455, 53, P8, 0x0000000000000001
2026/08/31 22:59:44.691, 25.15, 25.16, 210, 405, 0, 0, 454, 455, 53, P8, 0x0000000000000001
2026/08/31 22:59:45.191, 25.15, 25.16, 210, 405, 0, 0, 454, 455, 53, P8, 0x0000000000000001
2026/08/31 22:59:45.692, 25.04, 24.92, 210, 405, 0, 0, 454, 455, 53, P8, 0x0000000000000001
2026/08/31 22:59:46.192, 25.04, 24.92, 210, 405, 0, 0, 454, 455, 53, P8, 0x0000000000000001
2026/08/31 22:59:46.692, 25.05, 25.17, 210, 405, 0, 0, 454, 455, 53, P8, 0x0000000000000001
2026/08/31 22:59:47.193, 25.05, 25.17, 210, 405, 0, 0, 454, 455, 53, P8, 0x0000000000000001
2026/08/31 22:59:47.693, 25.22, 25.27, 210, 405, 0, 0, 454, 455, 53, P8, 0x0000000000000001
2026/08/31 22:59:48.193, 25.22, 25.27, 210, 405, 0, 0, 454, 455, 53, P8, 0x0000000000000001
2026/08/31 22:59:48.693, 25.10, 24.93, 210, 405, 0, 0, 454, 455, 53, P8, 0x0000000000000001
2026/08/31 22:59:49.194, 25.10, 24.93, 210, 405, 0, 0, 454, 455, 53, P8, 0x0000000000000001
2026/08/31 22:59:49.694, 25.11, 25.28, 210, 405, 0, 0, 454, 455, 53, P8, 0x0000000000000001
2026/08/31 22:59:50.195, 25.11, 25.28, 210, 405, 0, 0, 454, 455, 53, P8, 0x0000000000000001
2026/08/31 22:59:50.695, 25.26, 25.24, 210, 405, 0, 0, 454, 455, 53, P8, 0x0000000000000001
2026/08/31 22:59:51.195, 25.26, 25.24, 210, 405, 0, 0, 454, 455, 53, P8, 0x0000000000000001
2026/08/31 22:59:51.695, 25.06, 24.88, 210, 405, 0, 0, 454, 455, 53, P8, 0x0000000000000001
2026/08/31 22:59:52.196, 25.06, 24.88, 210, 405, 0, 0, 454, 455, 53, P8, 0x0000000000000001
2026/08/31 22:59:52.696, 25.01, 25.15, 210, 405, 0, 0, 454, 455, 53, P8, 0x0000000000000001
2026/08/31 22:59:53.196, 25.01, 25.15, 210, 405, 0, 0, 454, 455, 53, P8, 0x0000000000000001
2026/08/31 22:59:53.697, 25.18, 25.22, 210, 405, 0, 0, 454, 455, 53, P8, 0x0000000000000001
2026/08/31 22:59:54.197, 25.18, 25.22, 210, 405, 0, 0, 454, 455, 53, P8, 0x0000000000000001
2026/08/31 22:59:54.697, 25.03, 24.84, 210, 405, 0, 0, 454, 455, 53, P8, 0x0000000000000001
2026/08/31 22:59:55.198, 25.03, 24.84, 210, 405, 0, 0, 454, 455, 53, P8, 0x0000000000000001
2026/08/31 22:59:55.698, 24.98, 25.12, 210, 405, 0, 0, 454, 455, 53, P8, 0x0000000000000001
2026/08/31 22:59:56.199, 24.98, 25.12, 210, 405, 0, 0, 454, 455, 53, P8, 0x0000000000000001
2026/08/31 22:59:56.699, 25.12, 25.12, 210, 405, 0, 0, 454, 455, 53, P8, 0x0000000000000001
2026/08/31 22:59:57.199, 25.12, 25.12, 210, 405, 0, 0, 454, 455, 53, P8, 0x0000000000000001
2026/08/31 22:59:57.700, 24.99, 24.86, 210, 405, 0, 0, 454, 455, 53, P8, 0x0000000000000001
2026/08/31 22:59:58.200, 24.99, 24.86, 210, 405, 0, 0, 454, 455, 53, P8, 0x0000000000000001
2026/08/31 22:59:58.700, 24.99, 25.12, 210, 405, 0, 0, 454, 455, 53, P8, 0x0000000000000001
2026/08/31 22:59:59.201, 24.99, 25.12, 210, 405, 0, 0, 454, 455, 53, P8, 0x0000000000000001
2026/08/31 22:59:59.701, 25.10, 25.08, 210, 405, 0, 0, 454, 455, 53, P8, 0x0000000000000001
2026/08/31 23:00:00.201, 25.10, 25.08, 210, 405, 0, 0, 454, 455, 53, P8, 0x0000000000000001
2026/08/31 23:00:00.702, 27.04, 37.96, 210, 405, 0, 0, 454, 455, 53, P8, 0x0000000000000001
2026/08/31 23:00:01.202, 29.79, 36.88, 210, 405, 0, 0, 454, 455, 54, P8, 0x0000000000000001
2026/08/31 23:00:01.702, 30.50, 36.93, 210, 405, 0, 0, 454, 455, 54, P8, 0x0000000000000001
2026/08/31 23:00:02.202, 30.50, 36.93, 210, 405, 0, 0, 454, 455, 54, P8, 0x0000000000000001
2026/08/31 23:00:02.703, 27.00, 26.01, 210, 405, 0, 0, 454, 455, 54, P8, 0x0000000000000001
2026/08/31 23:00:03.203, 27.00, 26.01, 210, 405, 0, 0, 454, 455, 54, P8, 0x0000000000000001
2026/08/31 23:00:03.703, 25.54, 25.06, 210, 405, 0, 0, 454, 455, 53, P8, 0x0000000000000001
2026/08/31 23:00:04.203, 25.54, 25.06, 210, 405, 0, 0, 454, 455, 53, P8, 0x0000000000000001
2026/08/31 23:00:04.704, 24.94, 24.82, 210, 405, 0, 0, 454, 455, 53, P8, 0x0000000000000001
2026/08/31 23:00:05.204, 24.94, 24.82, 210, 405, 0, 0, 454, 455, 53, P8, 0x0000000000000001
2026/08/31 23:00:05.704, 24.97, 25.12, 210, 405, 0, 0, 454, 455, 53, P8, 0x0000000000000001
2026/08/31 23:00:06.205, 24.97, 25.12, 210, 405, 0, 0, 454, 455, 53, P8, 0x0000000000000001
2026/08/31 23:00:06.705, 25.13, 25.14, 210, 405, 0, 0, 454, 455, 53, P8, 0x0000000000000001
2026/08/31 23:00:07.205, 25.13, 25.14, 210, 405, 0, 0, 454, 455, 53, P8, 0x0000000000000001
2026/08/31 23:00:07.706, 24.97, 24.80, 210, 405, 0, 0, 454, 455, 53, P8, 0x0000000000000001
2026/08/31 23:00:08.206, 24.97, 24.80, 210, 405, 0, 0, 454, 455, 53, P8, 0x0000000000000001
2026/08/31 23:00:08.706, 24.94, 25.08, 210, 405, 0, 0, 454, 455, 53, P8, 0x0000000000000001
2026/08/31 23:00:09.207, 24.94, 25.08, 210, 405, 0, 0, 454, 455, 53, P8, 0x0000000000000001
2026/08/31 23:00:09.707, 25.12, 25.17, 210, 405, 0, 0, 454, 455, 53, P8, 0x0000000000000001
2026/08/31 23:00:10.207, 25.12, 25.17, 210, 405, 0, 0, 454, 455, 53, P8, 0x0000000000000001
2026/08/31 23:00:10.708, 24.97, 24.78, 210, 405, 0, 0, 454, 455, 53, P8, 0x0000000000000001
2026/08/31 23:00:11.208, 24.97, 24.78, 210, 405, 0, 0, 454, 455, 53, P8, 0x0000000000000001
2026/08/31 23:00:11.708, 24.93, 25.09, 210, 405, 0, 0, 454, 455, 53, P8, 0x0000000000000001
2026/08/31 23:00:12.209, 24.93, 25.09, 210, 405, 0, 0, 454, 455, 53, P8, 0x0000000000000001
2026/08/31 23:00:12.709, 25.08, 25.07, 210, 405, 0, 0, 454, 455, 53, P8, 0x0000000000000001
2026/08/31 23:00:13.209, 25.08, 25.07, 210, 405, 0, 0, 454, 455, 53, P8, 0x0000000000000001
2026/08/31 23:00:13.709, 24.93, 24.78, 210, 405, 0, 0, 454, 455, 53, P8, 0x0000000000000001
2026/08/31 23:00:14.210, 24.93, 24.78, 210, 405, 0, 0, 454, 455, 53, P8, 0x0000000000000001
2026/08/31 23:00:14.710, 24.97, 25.16, 210, 405, 0, 0, 454, 455, 53, P8, 0x0000000000000001
2026/08/31 23:00:15.210, 24.97, 25.16, 210, 405, 0, 0, 454, 455, 53, P8, 0x0000000000000001
2026/08/31 23:00:15.711, 25.09, 25.03, 210, 405, 0, 0, 454, 455, 53, P8, 0x0000000000000001
2026/08/31 23:00:16.211, 25.09, 25.03, 210, 405, 0, 0, 454, 455, 53, P8, 0x0000000000000001
2026/08/31 23:00:16.711, 24.85, 24.68, 210, 405, 0, 0, 454, 455, 53, P8, 0x0000000000000001
2026/08/31 23:00:17.212, 24.85, 24.68, 210, 405, 0, 0, 454, 455, 53, P8, 0x0000000000000001
2026/08/31 23:00:17.712, 24.83, 24.98, 210, 405, 0, 0, 454, 455, 53, P8, 0x0000000000000001
2026/08/31 23:00:18.212, 24.83, 24.98, 210, 405, 0, 0, 454, 455, 53, P8, 0x0000000000000001
2026/08/31 23:00:18.713, 24.96, 24.94, 210, 405, 0, 0, 454, 455, 53, P8, 0x0000000000000001
2026/08/31 23:00:19.213, 24.96, 24.94, 210, 405, 0, 0, 454, 455, 53, P8, 0x0000000000000001
2026/08/31 23:00:19.713, 24.79, 24.64, 210, 405, 0, 0, 454, 455, 53, P8, 0x0000000000000001
2026/08/31 23:00:20.214, 24.79, 24.64, 210, 405, 0, 0, 454, 455, 53, P8, 0x0000000000000001
2026/08/31 23:00:20.714, 24.81, 24.97, 210, 405, 0, 0, 454, 455, 53, P8, 0x0000000000000001
2026/08/31 23:00:21.214, 24.81, 24.97, 210, 405, 0, 0, 454, 455, 53, P8, 0x0000000000000001
2026/08/31 23:00:21.715, 24.98, 24.98, 210, 405, 0, 0, 454, 455, 53, P8, 0x0000000000000001
2026/08/31 23:00:22.215, 24.98, 24.98, 210, 405, 0, 0, 454, 455, 53, P8, 0x0000000000000001
2026/08/31 23:00:22.715, 24.84, 24.69, 210, 405, 0, 0, 454, 455, 53, P8, 0x0000000000000001
2026/08/31 23:00:23.215, 24.84, 24.69, 210, 405, 0, 0, 454, 455, 53, P8, 0x0000000000000001
2026/08/31 23:00:23.716, 24.89, 25.08, 210, 405, 0, 0, 454, 455, 53, P8, 0x0000000000000001
2026/08/31 23:00:24.216, 24.89, 25.08, 210, 405, 0, 0, 454, 455, 53, P8, 0x0000000000000001
2026/08/31 23:00:24.716, 25.12, 25.15, 210, 405, 0, 0, 454, 455, 53, P8, 0x0000000000000001
2026/08/31 23:00:25.217, 25.12, 25.15, 210, 405, 0, 0, 454, 455, 53, P8, 0x0000000000000001
2026/08/31 23:00:25.717, 24.98, 24.80, 210, 405, 0, 0, 454, 455, 53, P8, 0x0000000000000001
2026/08/31 23:00:26.217, 24.98, 24.80, 210, 405, 0, 0, 454, 455, 53, P8, 0x0000000000000001
2026/08/31 23:00:26.718, 24.96, 25.13, 210, 405, 0, 0, 454, 455, 53, P8, 0x0000000000000001
2026/08/31 23:00:27.218, 24.96, 25.13, 210, 405, 0, 0, 454, 455, 53, P8, 0x0000000000000001
2026/08/31 23:00:27.718, 25.10, 25.08, 210, 405, 0, 0, 454, 455, 53, P8, 0x0000000000000001
2026/08/31 23:00:28.218, 25.10, 25.08, 210, 405, 0, 0, 454, 455, 53, P8, 0x0000000000000001
2026/08/31 23:00:28.719, 24.92, 24.75, 210, 405, 0, 0, 454, 455, 53, P8, 0x0000000000000001
2026/08/31 23:00:29.219, 24.92, 24.75, 210, 405, 0, 0, 454, 455, 53, P8, 0x0000000000000001
2026/08/31 23:00:29.719, 24.89, 25.02, 210, 405, 0, 0, 454, 455, 53, P8, 0x0000000000000001
2026/08/31 23:00:30.220, 24.89, 25.02, 210, 405, 0, 0, 454, 455, 53, P8, 0x0000000000000001
2026/08/31 23:00:30.720, 25.04, 25.06, 210, 405, 0, 0, 454, 455, 53, P8, 0x0000000000000001
2026/08/31 23:00:31.220, 25.04, 25.06, 210, 405, 0, 0, 454, 455, 53, P8, 0x0000000000000001
2026/08/31 23:00:31.721, 24.93, 24.81, 210, 405, 0, 0, 454, 455, 53, P8, 0x0000000000000001
2026/08/31 23:00:32.221, 24.93, 24.81, 210, 405, 0, 0, 454, 455, 53, P8, 0x0000000000000001
2026/08/31 23:00:32.721, 24.97, 25.14, 210, 405, 0, 0, 454, 455, 53, P8, 0x0000000000000001
2026/08/31 23:00:33.221, 24.97, 25.14, 210, 405, 0, 0, 454, 455, 53, P8, 0x0000000000000001
2026/08/31 23:00:33.722, 24.95, 24.77, 210, 405, 0, 0, 454, 455, 53, P8, 0x0000000000000001
2026/08/31 23:00:34.222, 24.95, 24.77, 210, 405, 0, 0, 454, 455, 53, P8, 0x0000000000000001
2026/08/31 23:00:34.722, 24.91, 25.04, 210, 405, 0, 0, 454, 455, 53, P8, 0x0000000000000001
2026/08/31 23:00:35.223, 24.91, 25.04, 210, 405, 0, 0, 454, 455, 53, P8, 0x0000000000000001
2026/08/31 23:00:35.723, 25.02, 25.01, 210, 405, 0, 0, 454, 455, 53, P8, 0x0000000000000001
2026/08/31 23:00:36.223, 25.02, 25.01, 210, 405, 0, 0, 454, 455, 53, P8, 0x0000000000000001
2026/08/31 23:00:36.724, 24.89, 24.77, 210, 405, 0, 0, 454, 455, 53, P8, 0x0000000000000001
2026/08/31 23:00:37.224, 24.89, 24.77, 210, 405, 0, 0, 454, 455, 53, P8, 0x0000000000000001
2026/08/31 23:00:37.724, 24.87, 24.98, 210, 405, 0, 0, 454, 455, 53, P8, 0x0000000000000001
2026/08/31 23:00:38.225, 24.87, 24.98, 210, 405, 0, 0, 454, 455, 53, P8, 0x0000000000000001
2026/08/31 23:00:38.725, 24.97, 24.97, 210, 405, 0, 0, 454, 455, 53, P8, 0x0000000000000001
2026/08/31 23:00:39.225, 24.97, 24.97, 210, 405, 0, 0, 454, 455, 53, P8, 0x0000000000000001
2026/08/31 23:00:39.726, 24.82, 24.67, 210, 405, 0, 0, 454, 455, 53, P8, 0x0000000000000001
2026/08/31 23:00:40.226, 24.82, 24.67, 210, 405, 0, 0, 454, 455, 53, P8, 0x0000000000000001
2026/08/31 23:00:40.726, 24.85, 25.03, 210, 405, 0, 0, 454, 455, 53, P8, 0x0000000000000001
2026/08/31 23:00:41.227, 24.85, 25.03, 210, 405, 0, 0, 454, 455, 53, P8, 0x0000000000000001
2026/08/31 23:00:41.727, 25.05, 25.07, 210, 405, 0, 0, 454, 455, 53, P8, 0x0000000000000001
2026/08/31 23:00:42.227, 25.05, 25.07, 210, 405, 0, 0, 454, 455, 53, P8, 0x0000000000000001
2026/08/31 23:00:42.728, 24.94, 24.82, 210, 405, 0, 0, 454, 455, 53, P8, 0x0000000000000001
2026/08/31 23:00:43.228, 24.94, 24.82, 210, 405, 0, 0, 454, 455, 53, P8, 0x0000000000000001
2026/08/31 23:00:43.728, 24.96, 25.09, 210, 405, 0, 0, 454, 455, 53, P8, 0x0000000000000001
2026/08/31 23:00:44.229, 24.96, 25.09, 210, 405, 0, 0, 454, 455, 53, P8, 0x0000000000000001
2026/08/31 23:00:44.729, 25.07, 25.06, 210, 405, 0, 0, 454, 455, 53, P8, 0x0000000000000001
2026/08/31 23:00:45.230, 25.07, 25.06, 210, 405, 0, 0, 454, 455, 53, P8, 0x0000000000000001
2026/08/31 23:00:45.730, 24.88, 24.71, 210, 405, 0, 0, 454, 455, 53, P8, 0x0000000000000001
2026/08/31 23:00:46.230, 24.88, 24.71, 210, 405, 0, 0, 454, 455, 53, P8, 0x0000000000000001
2026/08/31 23:00:46.731, 24.87, 25.03, 210, 405, 0, 0, 454, 455, 53, P8, 0x0000000000000001
2026/08/31 23:00:47.231, 24.87, 25.03, 210, 405, 0, 0, 454, 455, 53, P8, 0x0000000000000001
2026/08/31 23:00:47.731, 25.03, 25.03, 210, 405, 0, 0, 454, 455, 53, P8, 0x0000000000000001
2026/08/31 23:00:48.232, 25.03, 25.03, 210, 405, 0, 0, 454, 455, 53, P8, 0x0000000000000001
2026/08/31 23:00:48.732, 24.90, 24.77, 210, 405, 0, 0, 454, 455, 53, P8, 0x0000000000000001
2026/08/31 23:00:49.233, 24.90, 24.77, 210, 405, 0, 0, 454, 455, 53, P8, 0x0000000000000001
2026/08/31 23:00:49.733, 24.95, 25.14, 210, 405, 0, 0, 454, 455, 53, P8, 0x0000000000000001
2026/08/31 23:00:50.233, 24.95, 25.14, 210, 405, 0, 0, 454, 455, 53, P8, 0x0000000000000001
2026/08/31 23:00:50.734, 25.10, 25.06, 210, 405, 0, 0, 454, 455, 53, P8, 0x0000000000000001
2026/08/31 23:00:51.234, 25.10, 25.06, 210, 405, 0, 0, 454, 455, 53, P8, 0x0000000000000001
2026/08/31 23:00:51.734, 24.90, 24.74, 210, 405, 0, 0, 454, 455, 53, P8, 0x0000000000000001
2026/08/31 23:00:52.235, 24.90, 24.74, 210, 405, 0, 0, 454, 455, 53, P8, 0x0000000000000001
2026/08/31 23:00:52.735, 24.92, 25.10, 210, 405, 0, 0, 454, 455, 53, P8, 0x0000000000000001
2026/08/31 23:00:53.236, 24.92, 25.10, 210, 405, 0, 0, 454, 455, 53, P8, 0x0000000000000001
2026/08/31 23:00:53.736, 25.03, 24.97, 210, 405, 0, 0, 454, 455, 53, P8, 0x0000000000000001
2026/08/31 23:00:54.236, 25.03, 24.97, 210, 405, 0, 0, 454, 455, 53, P8, 0x0000000000000001
2026/08/31 23:00:54.737, 24.86, 24.76, 210, 405, 0, 0, 454, 455, 53, P8, 0x0000000000000001
2026/08/31 23:00:55.237, 24.86, 24.76, 210, 405, 0, 0, 454, 455, 53, P8, 0x0000000000000001
2026/08/31 23:00:55.737, 24.94, 25.11, 210, 405, 0, 0, 454, 455, 53, P8, 0x0000000000000001
2026/08/31 23:00:56.238, 24.94, 25.11, 210, 405, 0, 0, 454, 455, 53, P8, 0x0000000000000001
2026/08/31 23:00:56.738, 25.10, 25.09, 210, 405, 0, 0, 454, 455, 53, P8, 0x0000000000000001
2026/08/31 23:00:57.239, 25.10, 25.09, 210, 405, 0, 0, 454, 455, 53, P8, 0x0000000000000001
2026/08/31 23:00:57.739, 24.92, 24.74, 210, 405, 0, 0, 454, 455, 53, P8, 0x0000000000000001
2026/08/31 23:00:58.239, 24.92, 24.74, 210, 405, 0, 0, 454, 455, 53, P8, 0x0000000000000001
2026/08/31 23:00:58.740, 24.90, 25.06, 210, 405, 0, 0, 454, 455, 53, P8, 0x0000000000000001
2026/08/31 23:00:59.240, 24.90, 25.06, 210, 405, 0, 0, 454, 455, 53, P8, 0x0000000000000001
2026/08/31 23:00:59.741, 25.05, 25.04, 210, 405, 0, 0, 454, 455, 53, P8, 0x0000000000000001
2026/08/31 23:01:00.241, 25.05, 25.04, 210, 405, 0, 0, 454, 455, 53, P8, 0x0000000000000001
2026/08/31 23:01:00.741, 26.80, 37.56, 210, 405, 0, 0, 454, 455, 53, P8, 0x0000000000000001
2026/08/31 23:01:01.242, 29.55, 36.71, 210, 405, 0, 0, 454, 455, 53, P8, 0x0000000000000001
2026/08/31 23:01:01.742, 35.82, 36.74, 210, 405, 0, 0, 454, 455, 53, P8, 0x0000000000000001
2026/08/31 23:01:02.242, 35.82, 36.74, 210, 405, 0, 0, 454, 455, 53, P8, 0x0000000000000001
2026/08/31 23:01:02.743, 26.06, 24.99, 210, 405, 0, 0, 454, 455, 54, P8, 0x0000000000000001
2026/08/31 23:01:03.243, 26.06, 24.99, 210, 405, 0, 0, 454, 455, 54, P8, 0x0000000000000001
2026/08/31 23:01:03.743, 25.04, 25.09, 210, 405, 0, 0, 454, 455, 53, P8, 0x0000000000000001
2026/08/31 23:01:04.244, 25.04, 25.09, 210, 405, 0, 0, 454, 455, 53, P8, 0x0000000000000001
2026/08/31 23:01:04.744, 24.96, 24.83, 210, 405, 0, 0, 454, 455, 53, P8, 0x0000000000000001
2026/08/31 23:01:05.245, 24.96, 24.83, 210, 405, 0, 0, 454, 455, 53, P8, 0x0000000000000001
2026/08/31 23:01:05.745, 24.95, 25.08, 210, 405, 0, 0, 454, 455, 53, P8, 0x0000000000000001
2026/08/31 23:01:06.245, 24.95, 25.08, 210, 405, 0, 0, 454, 455, 53, P8, 0x0000000000000001
2026/08/31 23:01:06.746, 25.08, 25.07, 210, 405, 0, 0, 454, 455, 53, P8, 0x0000000000000001
2026/08/31 23:01:07.246, 25.08, 25.07, 210, 405, 0, 0, 454, 455, 53, P8, 0x0000000000000001
2026/08/31 23:01:07.746, 24.89, 24.71, 210, 405, 0, 0, 454, 455, 53, P8, 0x0000000000000001
2026/08/31 23:01:08.247, 24.89, 24.71, 210, 405, 0, 0, 454, 455, 53, P8, 0x0000000000000001
2026/08/31 23:01:08.747, 24.87, 25.02, 210, 405, 0, 0, 454, 455, 53, P8, 0x0000000000000001
2026/08/31 23:01:09.247, 24.87, 25.02, 210, 405, 0, 0, 454, 455, 53, P8, 0x0000000000000001
2026/08/31 23:01:09.748, 25.04, 25.06, 210, 405, 0, 0, 454, 455, 53, P8, 0x0000000000000001
2026/08/31 23:01:10.248, 25.04, 25.06, 210, 405, 0, 0, 454, 455, 53, P8, 0x0000000000000001
2026/08/31 23:01:10.748, 24.87, 24.68, 210, 405, 0, 0, 454, 455, 53, P8, 0x0000000000000001
2026/08/31 23:01:11.249, 24.87, 24.68, 210, 405, 0, 0, 454, 455, 53, P8, 0x0000000000000001
2026/08/31 23:01:11.749, 24.83, 24.98, 210, 405, 0, 0, 454, 455, 53, P8, 0x0000000000000001
2026/08/31 23:01:12.249, 24.83, 24.98, 210, 405, 0, 0, 454, 455, 53, P8, 0x0000000000000001
2026/08/31 23:01:12.749, 24.99, 25.00, 210, 405, 0, 0, 454, 455, 53, P8, 0x0000000000000001
2026/08/31 23:01:13.250, 24.99, 25.00, 210, 405, 0, 0, 454, 455, 53, P8, 0x0000000000000001
2026/08/31 23:01:13.750, 24.87, 24.75, 210, 405, 0, 0, 454, 455, 53, P8, 0x0000000000000001
2026/08/31 23:01:14.250, 24.87, 24.75, 210, 405, 0, 0, 454, 455, 53, P8, 0x0000000000000001
2026/08/31 23:01:14.750, 24.87, 24.99, 210, 405, 0, 0, 454, 455, 53, P8, 0x0000000000000001
2026/08/31 23:01:15.251, 24.87, 24.99, 210, 405, 0, 0, 454, 455, 53, P8, 0x0000000000000001
2026/08/31 23:01:15.751, 25.00, 25.00, 210, 405, 0, 0, 454, 455, 53, P8, 0x0000000000000001
2026/08/31 23:01:16.251, 25.00, 25.00, 210, 405, 0, 0, 454, 455, 53, P8, 0x0000000000000001
2026/08/31 23:01:16.752, 24.85, 24.69, 210, 405, 0, 0, 454, 455, 53, P8, 0x0000000000000001
2026/08/31 23:01:17.252, 24.85, 24.69, 210, 405, 0, 0, 454, 455, 53, P8, 0x0000000000000001
2026/08/31 23:01:17.752, 24.84, 24.99, 210, 405, 0, 0, 454, 455, 53, P8, 0x0000000000000001
2026/08/31 23:01:18.253, 24.84, 24.99, 210, 405, 0, 0, 454, 455, 53, P8, 0x0000000000000001
2026/08/31 23:01:18.753, 24.95, 24.92, 210, 405, 0, 0, 454, 455, 53, P8, 0x0000000000000001
2026/08/31 23:01:19.253, 24.95, 24.92, 210, 405, 0, 0, 454, 455, 53, P8, 0x0000000000000001
2026/08/31 23:01:19.754, 24.80, 24.67, 210, 405, 0, 0, 454, 455, 53, P8, 0x0000000000000001
2026/08/31 23:01:20.254, 24.80, 24.67, 210, 405, 0, 0, 454, 455, 53, P8, 0x0000000000000001
2026/08/31 23:01:20.754, 24.83, 25.00, 210, 405, 0, 0, 454, 455, 53, P8, 0x0000000000000001
2026/08/31 23:01:21.254, 24.83, 25.00, 210, 405, 0, 0, 454, 455, 53, P8, 0x0000000000000001
2026/08/31 23:01:21.755, 25.00, 25.00, 210, 405, 0, 0, 454, 455, 53, P8, 0x0000000000000001
2026/08/31 23:01:22.255, 25.00, 25.00, 210, 405, 0, 0, 454, 455, 53, P8, 0x0000000000000001
2026/08/31 23:01:22.755, 24.86, 24.71, 210, 405, 0, 0, 454, 455, 53, P8, 0x0000000000000001
2026/08/31 23:01:23.256, 24.86, 24.71, 210, 405, 0, 0, 454, 455, 53, P8, 0x0000000000000001
2026/08/31 23:01:23.756, 24.86, 25.01, 210, 405, 0, 0, 454, 455, 53, P8, 0x0000000000000001
2026/08/31 23:01:24.256, 24.86, 25.01, 210, 405, 0, 0, 454, 455, 53, P8, 0x0000000000000001
2026/08/31 23:01:24.756, 25.02, 25.04, 210, 405, 0, 0, 454, 455, 53, P8, 0x0000000000000001
2026/08/31 23:01:25.257, 25.02, 25.04, 210, 405, 0, 0, 454, 455, 53, P8, 0x0000000000000001
2026/08/31 23:01:25.757, 24.84, 24.64, 210, 405, 0, 0, 454, 455, 53, P8, 0x0000000000000001
2026/08/31 23:01:26.257, 24.84, 24.64, 210, 405, 0, 0, 454, 455, 53, P8, 0x0000000000000001
2026/08/31 23:01:26.758, 24.75, 24.86, 210, 405, 0, 0, 454, 455, 53, P8, 0x0000000000000001
2026/08/31 23:01:27.258, 24.75, 24.86, 210, 405, 0, 0, 454, 455, 53, P8, 0x0000000000000001
2026/08/31 23:01:27.758, 24.84, 24.83, 210, 405, 0, 0, 454, 455, 53, P8, 0x0000000000000001
2026/08/31 23:01:28.258, 24.84, 24.83, 210, 405, 0, 0, 454, 455, 53, P8, 0x0000000000000001
2026/08/31 23:01:28.759, 24.70, 24.58, 210, 405, 0, 0, 454, 455, 53, P8, 0x0000000000000001
2026/08/31 23:01:29.259, 24.70, 24.58, 210, 405, 0, 0, 454, 455, 53, P8, 0x0000000000000001
2026/08/31 23:01:29.759, 24.75, 24.92, 210, 405, 0, 0, 454, 455, 53, P8, 0x0000000000000001
2026/08/31 23:01:30.260, 24.75, 24.92, 210, 405, 0, 0, 454, 455, 53, P8, 0x0000000000000001
2026/08/31 23:01:30.760, 24.98, 25.03, 210, 405, 0, 0, 454, 455, 53, P8, 0x0000000000000001
2026/08/31 23:01:31.260, 24.98, 25.03, 210, 405, 0, 0, 454, 455, 53, P8, 0x0000000000000001
2026/08/31 23:01:31.761, 24.85, 24.67, 210, 405, 0, 0, 454, 455, 53, P8, 0x0000000000000001
2026/08/31 23:01:32.261, 24.85, 24.67, 210, 405, 0, 0, 454, 455, 53, P8, 0x0000000000000001
2026/08/31 23:01:32.761, 24.85, 25.02, 210, 405, 0, 0, 454, 455, 53, P8, 0x0000000000000001
2026/08/31 23:01:33.261, 24.85, 25.02, 210, 405, 0, 0, 454, 455, 53, P8, 0x0000000000000001
2026/08/31 23:01:33.762, 25.01, 25.01, 210, 405, 0, 0, 454, 455, 53, P8, 0x0000000000000001
2026/08/31 23:01:34.262, 25.01, 25.01, 210, 405, 0, 0, 454, 455, 53, P8, 0x0000000000000001
2026/08/31 23:01:34.762, 24.87, 24.74, 210, 405, 0, 0, 454, 455, 53, P8, 0x0000000000000001
2026/08/31 23:01:35.263, 24.87, 24.74, 210, 405, 0, 0, 454, 455, 53, P8, 0x0000000000000001
2026/08/31 23:01:35.763, 24.89, 25.05, 210, 405, 0, 0, 454, 455, 53, P8, 0x0000000000000001
2026/08/31 23:01:36.263, 24.89, 25.05, 210, 405, 0, 0, 454, 455, 53, P8, 0x0000000000000001
2026/08/31 23:01:36.763, 25.04, 25.03, 210, 405, 0, 0, 454, 455, 53, P8, 0x0000000000000001
2026/08/31 23:01:37.264, 25.04, 25.03, 210, 405, 0, 0, 454, 455, 53, P8, 0x0000000000000001
2026/08/31 23:01:37.764, 24.89, 24.75, 210, 405, 0, 0, 454, 455, 53, P8, 0x0000000000000001
2026/08/31 23:01:38.264, 24.89, 24.75, 210, 405, 0, 0, 454, 455, 53, P8, 0x0000000000000001
2026/08/31 23:01:38.765, 24.92, 25.08, 210, 405, 0, 0, 454, 455, 53, P8, 0x0000000000000001
2026/08/31 23:01:39.265, 24.92, 25.08, 210, 405, 0, 0, 454, 455, 53, P8, 0x0000000000000001
2026/08/31 23:01:39.765, 24.85, 24.85, 210, 405, 0, 0, 454, 455, 53, P8, 0x0000000000000001
2026/08/31 23:01:40.266, 24.85, 24.85, 210, 405, 0, 0, 454, 455, 53, P8, 0x0000000000000001
2026/08/31 23:01:40.766, 24.93, 25.01, 210, 405, 0, 0, 454, 455, 53, P8, 0x0000000000000001
2026/08/31 23:01:41.266, 24.93, 25.01, 210, 405, 0, 0, 454, 455, 53, P8, 0x0000000000000001
2026/08/31 23:01:41.767, 25.03, 25.05, 210, 405, 0, 0, 454, 455, 53, P8, 0x0000000000000001
2026/08/31 23:01:42.267, 25.03, 25.05, 210, 405, 0, 0, 454, 455, 53, P8, 0x0000000000000001
2026/08/31 23:01:42.768, 24.91, 24.77, 210, 405, 0, 0, 454, 455, 53, P8, 0x0000000000000001
2026/08/31 23:01:43.268, 24.91, 24.77, 210, 405, 0, 0, 454, 455, 53, P8, 0x0000000000000001
2026/08/31 23:01:43.768, 24.89, 25.00, 210, 405, 0, 0, 454, 455, 53, P8, 0x0000000000000001
2026/08/31 23:01:44.269, 24.89, 25.00, 210, 405, 0, 0, 454, 455, 53, P8, 0x0000000000000001
2026/08/31 23:01:44.769, 24.99, 24.97, 210, 405, 0, 0, 454, 455, 53, P8, 0x0000000000000001
2026/08/31 23:01:45.269, 24.99, 24.97, 210, 405, 0, 0, 454, 455, 53, P8, 0x0000000000000001
2026/08/31 23:01:45.769, 24.85, 24.74, 210, 405, 0, 0, 454, 455, 53, P8, 0x0000000000000001
2026/08/31 23:01:46.270, 24.85, 24.74, 210, 405, 0, 0, 454, 455, 53, P8, 0x0000000000000001
2026/08/31 23:01:46.770, 24.90, 25.06, 210, 405, 0, 0, 454, 455, 53, P8, 0x0000000000000001
2026/08/31 23:01:47.270, 24.90, 25.06, 210, 405, 0, 0, 454, 455, 53, P8, 0x0000000000000001
2026/08/31 23:01:47.771, 25.03, 25.01, 210, 405, 0, 0, 454, 455, 53, P8, 0x0000000000000001
2026/08/31 23:01:48.271, 25.03, 25.01, 210, 405, 0, 0, 454, 455, 53, P8, 0x0000000000000001
2026/08/31 23:01:48.772, 24.85, 24.69, 210, 405, 0, 0, 454, 455, 53, P8, 0x0000000000000001
2026/08/31 23:01:49.272, 24.85, 24.69, 210, 405, 0, 0, 454, 455, 53, P8, 0x0000000000000001
2026/08/31 23:01:49.772, 24.84, 25.00, 210, 405, 0, 0, 454, 455, 53, P8, 0x0000000000000001
2026/08/31 23:01:50.272, 25.03, 25.06, 210, 405, 0, 0, 454, 455, 53, P8, 0x0000000000000001
2026/08/31 23:01:50.773, 25.03, 25.06, 210, 405, 0, 0, 454, 455, 53, P8, 0x0000000000000001
2026/08/31 23:01:51.273, 24.93, 24.80, 210, 405, 0, 0, 454, 455, 53, P8, 0x0000000000000001
2026/08/31 23:01:51.773, 24.93, 24.80, 210, 405, 0, 0, 454, 455, 53, P8, 0x0000000000000001
2026/08/31 23:01:52.274, 24.92, 25.04, 210, 405, 0, 0, 454, 455, 53, P8, 0x0000000000000001
2026/08/31 23:01:52.774, 24.92, 25.04, 210, 405, 0, 0, 454, 455, 53, P8, 0x0000000000000001
2026/08/31 23:01:53.301, 25.05, 25.06, 210, 405, 0, 0, 454, 455, 53, P8, 0x0000000000000001
2026/08/31 23:01:53.802, 25.05, 25.06, 210, 405, 0, 0, 454, 455, 53, P8, 0x0000000000000001
2026/08/31 23:01:54.302, 24.86, 24.67, 210, 405, 0, 0, 454, 455, 53, P8, 0x0000000000000001
2026/08/31 23:01:54.802, 24.86, 24.67, 210, 405, 0, 0, 454, 455, 53, P8, 0x0000000000000001
2026/08/31 23:01:55.302, 24.85, 25.03, 210, 405, 0, 0, 454, 455, 53, P8, 0x0000000000000001
2026/08/31 23:01:55.803, 24.85, 25.03, 210, 405, 0, 0, 454, 455, 53, P8, 0x0000000000000001
2026/08/31 23:01:56.303, 25.01, 25.00, 210, 405, 0, 0, 454, 455, 53, P8, 0x0000000000000001
2026/08/31 23:01:56.803, 25.01, 25.00, 210, 405, 0, 0, 454, 455, 53, P8, 0x0000000000000001
2026/08/31 23:01:57.304, 24.82, 24.65, 210, 405, 0, 0, 454, 455, 53, P8, 0x0000000000000001
2026/08/31 23:01:57.804, 24.82, 24.65, 210, 405, 0, 0, 454, 455, 53, P8, 0x0000000000000001
2026/08/31 23:01:58.304, 24.76, 24.88, 210, 405, 0, 0, 454, 455, 53, P8, 0x0000000000000001
2026/08/31 23:01:58.805, 24.76, 24.88, 210, 405, 0, 0, 454, 455, 53, P8, 0x0000000000000001
2026/08/31 23:01:59.305, 24.89, 24.90, 210, 405, 0, 0, 454, 455, 53, P8, 0x0000000000000001
2026/08/31 23:01:59.805, 24.89, 24.90, 210, 405, 0, 0, 454, 455, 53, P8, 0x0000000000000001
2026/08/31 23:02:00.306, 26.62, 37.37, 210, 405, 0, 0, 454, 455, 53, P8, 0x0000000000000001
2026/08/31 23:02:00.806, 29.50, 36.41, 210, 405, 0, 0, 454, 455, 53, P8, 0x0000000000000001
2026/08/31 23:02:01.306, 30.54, 36.53, 210, 405, 0, 0, 454, 455, 53, P8, 0x0000000000000001
2026/08/31 23:02:01.806, 30.54, 36.53, 210, 405, 0, 0, 454, 455, 53, P8, 0x0000000000000001
2026/08/31 23:02:02.307, 26.14, 25.10, 210, 405, 0, 0, 454, 455, 53, P8, 0x0000000000000001
2026/08/31 23:02:02.807, 26.14, 25.10, 210, 405, 0, 0, 454, 455, 53, P8, 0x0000000000000001
2026/08/31 23:02:03.307, 25.02, 24.94, 210, 405, 0, 0, 454, 455, 53, P8, 0x0000000000000001
2026/08/31 23:02:03.808, 25.02, 24.94, 210, 405, 0, 0, 454, 455, 53, P8, 0x0000000000000001
2026/08/31 23:02:04.308, 24.80, 24.66, 210, 405, 0, 0, 454, 455, 53, P8, 0x0000000000000001
2026/08/31 23:02:04.809, 24.80, 24.66, 210, 405, 0, 0, 454, 455, 53, P8, 0x0000000000000001
2026/08/31 23:02:05.309, 24.79, 24.92, 210, 405, 0, 0, 454, 455, 53, P8, 0x0000000000000001
2026/08/31 23:02:05.809, 24.79, 24.92, 210, 405, 0, 0, 454, 455, 53, P8, 0x0000000000000001
2026/08/31 23:02:06.310, 24.93, 24.95, 210, 405, 0, 0, 454, 455, 53, P8, 0x0000000000000001
2026/08/31 23:02:06.810, 24.93, 24.95, 210, 405, 0, 0, 454, 455, 53, P8, 0x0000000000000001
2026/08/31 23:02:07.311, 24.77, 24.60, 210, 405, 0, 0, 454, 455, 53, P8, 0x0000000000000001
2026/08/31 23:02:07.811, 24.77, 24.60, 210, 405, 0, 0, 454, 455, 53, P8, 0x0000000000000001
2026/08/31 23:02:08.311, 24.75, 24.91, 210, 405, 0, 0, 454, 455, 53, P8, 0x0000000000000001
2026/08/31 23:02:08.812, 24.75, 24.91, 210, 405, 0, 0, 454, 455, 53, P8, 0x0000000000000001
2026/08/31 23:02:09.312, 24.92, 24.92, 210, 405, 0, 0, 454, 455, 53, P8, 0x0000000000000001
2026/08/31 23:02:09.812, 24.92, 24.92, 210, 405, 0, 0, 454, 455, 53, P8, 0x0000000000000001
2026/08/31 23:02:10.313, 24.79, 24.66, 210, 405, 0, 0, 454, 455, 53, P8, 0x0000000000000001
2026/08/31 23:02:10.813, 24.79, 24.66, 210, 405, 0, 0, 454, 455, 53, P8, 0x0000000000000001
2026/08/31 23:02:11.313, 24.83, 25.00, 210, 405, 0, 0, 454, 455, 53, P8, 0x0000000000000001
2026/08/31 23:02:11.814, 24.83, 25.00, 210, 405, 0, 0, 454, 455, 53, P8, 0x0000000000000001
2026/08/31 23:02:12.314, 24.96, 24.92, 210, 405, 0, 0, 454, 455, 53, P8, 0x0000000000000001
2026/08/31 23:02:12.814, 24.96, 24.92, 210, 405, 0, 0, 454, 455, 53, P8, 0x0000000000000001
2026/08/31 23:02:13.315, 24.76, 24.60, 210, 405, 0, 0, 454, 455, 53, P8, 0x0000000000000001
2026/08/31 23:02:13.815, 24.76, 24.60, 210, 405, 0, 0, 454, 455, 53, P8, 0x0000000000000001
2026/08/31 23:02:14.315, 24.77, 24.95, 210, 405, 0, 0, 454, 455, 53, P8, 0x0000000000000001
2026/08/31 23:02:14.816, 24.77, 24.95, 210, 405, 0, 0, 454, 455, 53, P8, 0x0000000000000001
2026/08/31 23:02:15.316, 24.96, 24.98, 210, 405, 0, 0, 454, 455, 53, P8, 0x0000000000000001
2026/08/31 23:02:15.816, 24.96, 24.98, 210, 405, 0, 0, 454, 455, 53, P8, 0x0000000000000001
2026/08/31 23:02:16.317, 24.87, 24.76, 210, 405, 0, 0, 454, 455, 53, P8, 0x0000000000000001
2026/08/31 23:02:16.817, 24.87, 24.76, 210, 405, 0, 0, 454, 455, 53, P8, 0x0000000000000001
2026/08/31 23:02:17.318, 24.89, 25.02, 210, 405, 0, 0, 454, 455, 53, P8, 0x0000000000000001
2026/08/31 23:02:17.818, 24.89, 25.02, 210, 405, 0, 0, 454, 455, 53, P8, 0x0000000000000001
2026/08/31 23:02:18.318, 24.98, 24.94, 210, 405, 0, 0, 454, 455, 53, P8, 0x0000000000000001
2026/08/31 23:02:18.819, 24.98, 24.94, 210, 405, 0, 0, 454, 455, 53, P8, 0x0000000000000001
2026/08/31 23:02:19.319, 24.78, 24.62, 210, 405, 0, 0, 454, 455, 53, P8, 0x0000000000000001
2026/08/31 23:02:19.820, 24.78, 24.62, 210, 405, 0, 0, 454, 455, 53, P8, 0x0000000000000001
2026/08/31 23:02:20.320, 24.79, 24.95, 210, 405, 0, 0, 454, 455, 53, P8, 0x0000000000000001
2026/08/31 23:02:20.820, 24.79, 24.95, 210, 405, 0, 0, 454, 455, 53, P8, 0x0000000000000001
2026/08/31 23:02:21.321, 24.93, 24.91, 210, 405, 0, 0, 454, 455, 53, P8, 0x0000000000000001
2026/08/31 23:02:21.821, 24.93, 24.91, 210, 405, 0, 0, 454, 455, 53, P8, 0x0000000000000001
2026/08/31 23:02:22.321, 24.78, 24.66, 210, 405, 0, 0, 454, 455, 53, P8, 0x0000000000000001
2026/08/31 23:02:22.822, 24.78, 24.66, 210, 405, 0, 0, 454, 455, 53, P8, 0x0000000000000001
2026/08/31 23:02:23.322, 24.83, 25.00, 210, 405, 0, 0, 454, 455, 53, P8, 0x0000000000000001
2026/08/31 23:02:23.823, 24.83, 25.00, 210, 405, 0, 0, 454, 455, 53, P8, 0x0000000000000001
2026/08/31 23:02:24.323, 25.01, 25.02, 210, 405, 0, 0, 454, 455, 53, P8, 0x0000000000000001
2026/08/31 23:02:24.823, 25.01, 25.02, 210, 405, 0, 0, 454, 455, 53, P8, 0x0000000000000001
2026/08/31 23:02:25.324, 24.88, 24.73, 210, 405, 0, 0, 454, 455, 53, P8, 0x0000000000000001
2026/08/31 23:02:25.824, 24.88, 24.73, 210, 405, 0, 0, 454, 455, 53, P8, 0x0000000000000001
2026/08/31 23:02:26.325, 24.86, 24.99, 210, 405, 0, 0, 454, 455, 53, P8, 0x0000000000000001
2026/08/31 23:02:26.825, 24.86, 24.99, 210, 405, 0, 0, 454, 455, 53, P8, 0x0000000000000001
2026/08/31 23:02:27.325, 24.97, 24.95, 210, 405, 0, 0, 454, 455, 53, P8, 0x0000000000000001
2026/08/31 23:02:27.826, 24.97, 24.95, 210, 405, 0, 0, 454, 455, 53, P8, 0x0000000000000001
2026/08/31 23:02:28.326, 24.84, 24.72, 210, 405, 0, 0, 454, 455, 53, P8, 0x0000000000000001
2026/08/31 23:02:28.827, 24.84, 24.72, 210, 405, 0, 0, 454, 455, 53, P8, 0x0000000000000001
2026/08/31 23:02:29.327, 24.91, 25.10, 210, 405, 0, 0, 454, 455, 53, P8, 0x0000000000000001
2026/08/31 23:02:29.827, 24.91, 25.10, 210, 405, 0, 0, 454, 455, 53, P8, 0x0000000000000001
2026/08/31 23:02:30.327, 25.06, 25.01, 210, 405, 0, 0, 454, 455, 53, P8, 0x0000000000000001
2026/08/31 23:02:30.828, 25.06, 25.01, 210, 405, 0, 0, 454, 455, 53, P8, 0x0000000000000001
2026/08/31 23:02:31.328, 24.84, 24.68, 210, 405, 0, 0, 454, 455, 53, P8, 0x0000000000000001
2026/08/31 23:02:31.828, 24.84, 24.68, 210, 405, 0, 0, 454, 455, 53, P8, 0x0000000000000001
2026/08/31 23:02:32.329, 24.83, 24.99, 210, 405, 0, 0, 454, 455, 53, P8, 0x0000000000000001
2026/08/31 23:02:32.829, 24.83, 24.99, 210, 405, 0, 0, 454, 455, 53, P8, 0x0000000000000001
2026/08/31 23:02:33.330, 25.01, 25.04, 210, 405, 0, 0, 454, 455, 53, P8, 0x0000000000000001
2026/08/31 23:02:33.830, 25.01, 25.04, 210, 405, 0, 0, 454, 455, 53, P8, 0x0000000000000001
2026/08/31 23:02:34.330, 24.87, 24.70, 210, 405, 0, 0, 454, 455, 53, P8, 0x0000000000000001
2026/08/31 23:02:34.831, 24.87, 24.70, 210, 405, 0, 0, 454, 455, 53, P8, 0x0000000000000001
2026/08/31 23:02:35.331, 24.84, 24.99, 210, 405, 0, 0, 454, 455, 53, P8, 0x0000000000000001
2026/08/31 23:02:35.831, 24.84, 24.99, 210, 405, 0, 0, 454, 455, 53, P8, 0x0000000000000001
2026/08/31 23:02:36.332, 25.02, 25.02, 210, 405, 0, 0, 454, 455, 53, P8, 0x0000000000000001
2026/08/31 23:02:36.832, 25.02, 25.02, 210, 405, 0, 0, 454, 455, 53, P8, 0x0000000000000001
2026/08/31 23:02:37.332, 24.85, 24.68, 210, 405, 0, 0, 454, 455, 53, P8, 0x0000000000000001
2026/08/31 23:02:37.833, 24.85, 24.68, 210, 405, 0, 0, 454, 455, 53, P8, 0x0000000000000001
2026/08/31 23:02:38.333, 24.85, 25.02, 210, 405, 0, 0, 454, 455, 53, P8, 0x0000000000000001
2026/08/31 23:02:38.833, 24.85, 25.02, 210, 405, 0, 0, 454, 455, 53, P8, 0x0000000000000001
2026/08/31 23:02:39.334, 24.92, 24.83, 210, 405, 0, 0, 454, 455, 53, P8, 0x0000000000000001
2026/08/31 23:02:39.834, 24.92, 24.83, 210, 405, 0, 0, 454, 455, 53, P8, 0x0000000000000001
2026/08/31 23:02:40.334, 24.95, 25.08, 210, 405, 0, 0, 454, 455, 53, P8, 0x0000000000000001
2026/08/31 23:02:40.835, 24.95, 25.08, 210, 405, 0, 0, 454, 455, 53, P8, 0x0000000000000001
2026/08/31 23:02:41.335, 25.08, 25.07, 210, 405, 0, 0, 454, 455, 53, P8, 0x0000000000000001
2026/08/31 23:02:41.835, 25.08, 25.07, 210, 405, 0, 0, 454, 455, 53, P8, 0x0000000000000001
2026/08/31 23:02:42.336, 24.90, 24.73, 210, 405, 0, 0, 454, 455, 53, P8, 0x0000000000000001
2026/08/31 23:02:42.836, 24.90, 24.73, 210, 405, 0, 0, 454, 455, 53, P8, 0x0000000000000001
2026/08/31 23:02:43.336, 24.85, 24.98, 210, 405, 0, 0, 454, 455, 53, P8, 0x0000000000000001
2026/08/31 23:02:43.837, 24.85, 24.98, 210, 405, 0, 0, 454, 455, 53, P8, 0x0000000000000001
2026/08/31 23:02:44.337, 24.98, 24.98, 210, 405, 0, 0, 454, 455, 53, P8, 0x0000000000000001
2026/08/31 23:02:44.837, 24.98, 24.98, 210, 405, 0, 0, 454, 455, 53, P8, 0x0000000000000001
2026/08/31 23:02:45.338, 24.84, 24.70, 210, 405, 0, 0, 454, 455, 53, P8, 0x0000000000000001
2026/08/31 23:02:45.838, 24.84, 24.70, 210, 405, 0, 0, 454, 455, 53, P8, 0x0000000000000001
2026/08/31 23:02:46.338, 24.85, 25.00, 210, 405, 0, 0, 454, 455, 53, P8, 0x0000000000000001
2026/08/31 23:02:46.839, 24.85, 25.00, 210, 405, 0, 0, 454, 455, 53, P8, 0x0000000000000001
2026/08/31 23:02:47.339, 24.99, 24.98, 210, 405, 0, 0, 454, 455, 53, P8, 0x0000000000000001
2026/08/31 23:02:47.839, 24.99, 24.98, 210, 405, 0, 0, 454, 455, 53, P8, 0x0000000000000001
2026/08/31 23:02:48.340, 24.81, 24.64, 210, 405, 0, 0, 454, 455, 53, P8, 0x0000000000000001
2026/08/31 23:02:48.840, 24.81, 24.64, 210, 405, 0, 0, 454, 455, 53, P8, 0x0000000000000001
2026/08/31 23:02:49.340, 24.83, 25.02, 210, 405, 0, 0, 454, 455, 53, P8, 0x0000000000000001
2026/08/31 23:02:49.841, 24.83, 25.02, 210, 405, 0, 0, 454, 455, 53, P8, 0x0000000000000001
2026/08/31 23:02:50.341, 24.98, 24.93, 210, 405, 0, 0, 454, 455, 53, P8, 0x0000000000000001
2026/08/31 23:02:50.841, 24.98, 24.93, 210, 405, 0, 0, 454, 455, 53, P8, 0x0000000000000001
2026/08/31 23:02:51.342, 24.82, 24.71, 210, 405, 0, 0, 454, 455, 53, P8, 0x0000000000000001
2026/08/31 23:02:51.842, 24.82, 24.71, 210, 405, 0, 0, 454, 455, 53, P8, 0x0000000000000001
2026/08/31 23:02:52.342, 24.86, 25.01, 210, 405, 0, 0, 454, 455, 53, P8, 0x0000000000000001
2026/08/31 23:02:52.843, 24.86, 25.01, 210, 405, 0, 0, 454, 455, 53, P8, 0x0000000000000001
2026/08/31 23:02:53.343, 24.99, 24.98, 210, 405, 0, 0, 454, 455, 53, P8, 0x0000000000000001
2026/08/31 23:02:53.843, 24.99, 24.98, 210, 405, 0, 0, 454, 455, 53, P8, 0x0000000000000001
2026/08/31 23:02:54.344, 24.85, 24.73, 210, 405, 0, 0, 454, 455, 53, P8, 0x0000000000000001
2026/08/31 23:02:54.844, 24.85, 24.73, 210, 405, 0, 0, 454, 455, 53, P8, 0x0000000000000001
2026/08/31 23:02:55.344, 24.86, 24.98, 210, 405, 0, 0, 454, 455, 53, P8, 0x0000000000000001
2026/08/31 23:02:55.845, 24.86, 24.98, 210, 405, 0, 0, 454, 455, 53, P8, 0x0000000000000001
2026/08/31 23:02:56.345, 24.97, 24.96, 210, 405, 0, 0, 454, 455, 53, P8, 0x0000000000000001
2026/08/31 23:02:56.845, 24.97, 24.96, 210, 405, 0, 0, 454, 455, 53, P8, 0x0000000000000001
2026/08/31 23:02:57.345, 24.79, 24.62, 210, 405, 0, 0, 454, 455, 53, P8, 0x0000000000000001
2026/08/31 23:02:57.846, 24.79, 24.62, 210, 405, 0, 0, 454, 455, 53, P8, 0x0000000000000001
2026/08/31 23:02:58.346, 24.80, 24.98, 210, 405, 0, 0, 454, 455, 53, P8, 0x0000000000000001
2026/08/31 23:02:58.846, 24.80, 24.98, 210, 405, 0, 0, 454, 455, 53, P8, 0x0000000000000001
2026/08/31 23:02:59.347, 24.98, 24.97, 210, 405, 0, 0, 454, 455, 53, P8, 0x0000000000000001
2026/08/31 23:02:59.847, 24.98, 24.97, 210, 405, 0, 0, 454, 455, 53, P8, 0x0000000000000001
2026/08/31 23:03:00.347, 27.40, 37.58, 210, 405, 0, 0, 454, 455, 53, P8, 0x0000000000000001
2026/08/31 23:03:00.848, 29.97, 36.80, 210, 405, 0, 0, 454, 455, 53, P8, 0x0000000000000001
2026/08/31 23:03:01.348, 30.65, 36.74, 210, 405, 0, 0, 454, 455, 53, P8, 0x0000000000000001
2026/08/31 23:03:01.848, 30.65, 36.74, 210, 405, 0, 0, 454, 455, 53, P8, 0x0000000000000001
2026/08/31 23:03:02.348, 26.48, 25.45, 210, 405, 0, 0, 454, 455, 53, P8, 0x0000000000000001
2026/08/31 23:03:02.849, 26.48, 25.45, 210, 405, 0, 0, 454, 455, 53, P8, 0x0000000000000001
2026/08/31 23:03:03.349, 25.27, 25.10, 210, 405, 0, 0, 454, 455, 53, P8, 0x0000000000000001
2026/08/31 23:03:03.849, 25.27, 25.10, 210, 405, 0, 0, 454, 455, 53, P8, 0x0000000000000001
2026/08/31 23:03:04.350, 24.92, 24.73, 210, 405, 0, 0, 454, 455, 53, P8, 0x0000000000000001
2026/08/31 23:03:04.850, 24.92, 24.73, 210, 405, 0, 0, 454, 455, 53, P8, 0x0000000000000001
2026/08/31 23:03:05.350, 24.92, 25.10, 210, 405, 0, 0, 454, 455, 53, P8, 0x0000000000000001
2026/08/31 23:03:05.851, 24.92, 25.10, 210, 405, 0, 0, 454, 455, 53, P8, 0x0000000000000001
2026/08/31 23:03:06.351, 25.07, 25.03, 210, 405, 0, 0, 454, 455, 53, P8, 0x0000000000000001
2026/08/31 23:03:06.851, 25.07, 25.03, 210, 405, 0, 0, 454, 455, 53, P8, 0x0000000000000001
2026/08/31 23:03:07.352, 24.85, 24.67, 210, 405, 0, 0, 454, 455, 53, P8, 0x0000000000000001
2026/08/31 23:03:07.852, 24.85, 24.67, 210, 405, 0, 0, 454, 455, 53, P8, 0x0000000000000001
2026/08/31 23:03:08.352, 24.84, 25.01, 210, 405, 0, 0, 454, 455, 53, P8, 0x0000000000000001
2026/08/31 23:03:08.853, 24.84, 25.01, 210, 405, 0, 0, 454, 455, 53, P8, 0x0000000000000001
2026/08/31 23:03:09.353, 25.01, 25.01, 210, 405, 0, 0, 454, 455, 53, P8, 0x0000000000000001
2026/08/31 23:03:09.853, 25.01, 25.01, 210, 405, 0, 0, 454, 455, 53, P8, 0x0000000000000001
2026/08/31 23:03:10.354, 24.83, 24.65, 210, 405, 0, 0, 454, 455, 53, P8, 0x0000000000000001
2026/08/31 23:03:10.854, 24.83, 24.65, 210, 405, 0, 0, 454, 455, 53, P8, 0x0000000000000001
2026/08/31 23:03:11.354, 24.79, 24.93, 210, 405, 0, 0, 454, 455, 53, P8, 0x0000000000000001
2026/08/31 23:03:11.855, 24.79, 24.93, 210, 405, 0, 0, 454, 455, 53, P8, 0x0000000000000001
2026/08/31 23:03:12.355, 24.93, 24.93, 210, 405, 0, 0, 454, 455, 53, P8, 0x0000000000000001
2026/08/31 23:03:12.855, 24.93, 24.93, 210, 405, 0, 0, 454, 455, 53, P8, 0x0000000000000001
2026/08/31 23:03:13.356, 24.77, 24.61, 210, 405, 0, 0, 454, 455, 53, P8, 0x0000000000000001
2026/08/31 23:03:13.856, 24.77, 24.61, 210, 405, 0, 0, 454, 455, 53, P8, 0x0000000000000001
2026/08/31 23:03:14.356, 24.78, 24.96, 210, 405, 0, 0, 454, 455, 53, P8, 0x0000000000000001
2026/08/31 23:03:14.857, 24.78, 24.96, 210, 405, 0, 0, 454, 455, 53, P8, 0x0000000000000001
2026/08/31 23:03:15.357, 24.98, 24.99, 210, 405, 0, 0, 454, 455, 53, P8, 0x0000000000000001
2026/08/31 23:03:15.857, 24.98, 24.99, 210, 405, 0, 0, 454, 455, 53, P8, 0x0000000000000001
2026/08/31 23:03:16.358, 24.83, 24.67, 210, 405, 0, 0, 454, 455, 53, P8, 0x0000000000000001
2026/08/31 23:03:16.858, 24.83, 24.67, 210, 405, 0, 0, 454, 455, 53, P8, 0x0000000000000001
2026/08/31 23:03:17.358, 24.87, 25.08, 210, 405, 0, 0, 454, 455, 53, P8, 0x0000000000000001
2026/08/31 23:03:17.859, 24.87, 25.08, 210, 405, 0, 0, 454, 455, 53, P8, 0x0000000000000001
2026/08/31 23:03:18.359, 25.02, 24.97, 210, 405, 0, 0, 454, 455, 53, P8, 0x0000000000000001
2026/08/31 23:03:18.859, 25.02, 24.97, 210, 405, 0, 0, 454, 455, 53, P8, 0x0000000000000001
2026/08/31 23:03:19.360, 24.84, 24.71, 210, 405, 0, 0, 454, 455, 53, P8, 0x0000000000000001
2026/08/31 23:03:19.860, 24.84, 24.71, 210, 405, 0, 0, 454, 455, 53, P8, 0x0000000000000001
2026/08/31 23:03:20.360, 24.87, 25.03, 210, 405, 0, 0, 454, 455, 53, P8, 0x0000000000000001
2026/08/31 23:03:20.861, 24.87, 25.03, 210, 405, 0, 0, 454, 455, 53, P8, 0x0000000000000001
2026/08/31 23:03:21.361, 25.00, 24.98, 210, 405, 0, 0, 454, 455, 53, P8, 0x0000000000000001
2026/08/31 23:03:21.861, 25.00, 24.98, 210, 405, 0, 0, 454, 455, 53, P8, 0x0000000000000001
2026/08/31 23:03:22.361, 24.82, 24.66, 210, 405, 0, 0, 454, 455, 53, P8, 0x0000000000000001
2026/08/31 23:03:22.862, 24.82, 24.66, 210, 405, 0, 0, 454, 455, 53, P8, 0x0000000000000001
2026/08/31 23:03:23.362, 24.82, 24.97, 210, 405, 0, 0, 454, 455, 53, P8, 0x0000000000000001
2026/08/31 23:03:23.863, 24.82, 24.97, 210, 405, 0, 0, 454, 455, 53, P8, 0x0000000000000001
2026/08/31 23:03:24.363, 24.96, 24.96, 210, 405, 0, 0, 454, 455, 53, P8, 0x0000000000000001
2026/08/31 23:03:24.863, 24.96, 24.96, 210, 405, 0, 0, 454, 455, 53, P8, 0x0000000000000001
2026/08/31 23:03:25.364, 24.84, 24.72, 210, 405, 0, 0, 454, 455, 53, P8, 0x0000000000000001
2026/08/31 23:03:25.864, 24.84, 24.72, 210, 405, 0, 0, 454, 455, 53, P8, 0x0000000000000001
2026/08/31 23:03:26.364, 24.90, 25.07, 210, 405, 0, 0, 454, 455, 53, P8, 0x0000000000000001
2026/08/31 23:03:26.865, 24.90, 25.07, 210, 405, 0, 0, 454, 455, 53, P8, 0x0000000000000001
2026/08/31 23:03:27.365, 25.09, 25.10, 210, 405, 0, 0, 454, 455, 53, P8, 0x0000000000000001
2026/08/31 23:03:27.866, 25.09, 25.10, 210, 405, 0, 0, 454, 455, 53, P8, 0x0000000000000001
2026/08/31 23:03:28.366, 24.96, 24.82, 210, 405, 0, 0, 454, 455, 53, P8, 0x0000000000000001
2026/08/31 23:03:28.866, 24.96, 24.82, 210, 405, 0, 0, 454, 455, 53, P8, 0x0000000000000001
2026/08/31 23:03:29.367, 24.94, 25.06, 210, 405, 0, 0, 454, 455, 53, P8, 0x0000000000000001
2026/08/31 23:03:29.867, 24.94, 25.06, 210, 405, 0, 0, 454, 455, 53, P8, 0x0000000000000001
2026/08/31 23:03:30.367, 25.01, 24.96, 210, 405, 0, 0, 454, 455, 53, P8, 0x0000000000000001
2026/08/31 23:03:30.868, 25.01, 24.96, 210, 405, 0, 0, 454, 455, 53, P8, 0x0000000000000001
2026/08/31 23:03:31.368, 24.83, 24.69, 210, 405, 0, 0, 454, 455, 53, P8, 0x0000000000000001
2026/08/31 23:03:31.868, 24.83, 24.69, 210, 405, 0, 0, 454, 455, 53, P8, 0x0000000000000001
2026/08/31 23:03:32.369, 24.85, 25.00, 210, 405, 0, 0, 454, 455, 53, P8, 0x0000000000000001
2026/08/31 23:03:32.869, 24.85, 25.00, 210, 405, 0, 0, 454, 455, 53, P8, 0x0000000000000001
2026/08/31 23:03:33.370, 25.04, 25.08, 210, 405, 0, 0, 454, 455, 53, P8, 0x0000000000000001
2026/08/31 23:03:33.870, 25.04, 25.08, 210, 405, 0, 0, 454, 455, 53, P8, 0x0000000000000001
2026/08/31 23:03:34.370, 24.91, 24.74, 210, 405, 0, 0, 454, 455, 53, P8, 0x0000000000000001
2026/08/31 23:03:34.871, 24.91, 24.74, 210, 405, 0, 0, 454, 455, 53, P8, 0x0000000000000001
2026/08/31 23:03:35.371, 24.92, 25.10, 210, 405, 0, 0, 454, 455, 53, P8, 0x0000000000000001
2026/08/31 23:03:35.871, 24.92, 25.10, 210, 405, 0, 0, 454, 455, 53, P8, 0x0000000000000001
2026/08/31 23:03:36.372, 24.94, 24.80, 210, 405, 0, 0, 454, 455, 53, P8, 0x0000000000000001
2026/08/31 23:03:36.872, 24.94, 24.80, 210, 405, 0, 0, 454, 455, 53, P8, 0x0000000000000001
2026/08/31 23:03:37.372, 24.91, 25.03, 210, 405, 0, 0, 454, 455, 53, P8, 0x0000000000000001
2026/08/31 23:03:37.873, 24.91, 25.03, 210, 405, 0, 0, 454, 455, 53, P8, 0x0000000000000001
2026/08/31 23:03:38.373, 25.05, 25.07, 210, 405, 0, 0, 454, 455, 53, P8, 0x0000000000000001
2026/08/31 23:03:38.874, 25.05, 25.07, 210, 405, 0, 0, 454, 455, 53, P8, 0x0000000000000001
2026/08/31 23:03:39.374, 24.93, 24.78, 210, 405, 0, 0, 454, 455, 53, P8, 0x0000000000000001
2026/08/31 23:03:39.874, 24.93, 24.78, 210, 405, 0, 0, 454, 455, 53, P8, 0x0000000000000001
2026/08/31 23:03:40.375, 24.93, 25.08, 210, 405, 0, 0, 454, 455, 53, P8, 0x0000000000000001
2026/08/31 23:03:40.875, 24.93, 25.08, 210, 405, 0, 0, 454, 455, 53, P8, 0x0000000000000001
2026/08/31 23:03:41.376, 25.06, 25.05, 210, 405, 0, 0, 454, 455, 53, P8, 0x0000000000000001
2026/08/31 23:03:41.876, 25.06, 25.05, 210, 405, 0, 0, 454, 455, 53, P8, 0x0000000000000001
2026/08/31 23:03:42.376, 24.94, 24.82, 210, 405, 0, 0, 454, 455, 53, P8, 0x0000000000000001
2026/08/31 23:03:42.877, 24.94, 24.82, 210, 405, 0, 0, 454, 455, 53, P8, 0x0000000000000001
2026/08/31 23:03:43.377, 24.96, 25.11, 210, 405, 0, 0, 454, 455, 53, P8, 0x0000000000000001
2026/08/31 23:03:43.877, 24.96, 25.11, 210, 405, 0, 0, 454, 455, 53, P8, 0x0000000000000001
2026/08/31 23:03:44.378, 25.10, 25.09, 210, 405, 0, 0, 454, 455, 53, P8, 0x0000000000000001
2026/08/31 23:03:44.878, 25.10, 25.09, 210, 405, 0, 0, 454, 455, 53, P8, 0x0000000000000001
2026/08/31 23:03:45.378, 24.95, 24.82, 210, 405, 0, 0, 454, 455, 53, P8, 0x0000000000000001
2026/08/31 23:03:45.879, 24.95, 24.82, 210, 405, 0, 0, 454, 455, 53, P8, 0x0000000000000001
2026/08/31 23:03:46.379, 24.95, 25.08, 210, 405, 0, 0, 454, 455, 53, P8, 0x0000000000000001
2026/08/31 23:03:46.880, 24.95, 25.08, 210, 405, 0, 0, 454, 455, 53, P8, 0x0000000000000001
2026/08/31 23:03:47.380, 25.07, 25.05, 210, 405, 0, 0, 454, 455, 53, P8, 0x0000000000000001
2026/08/31 23:03:47.880, 25.07, 25.05, 210, 405, 0, 0, 454, 455, 53, P8, 0x0000000000000001
2026/08/31 23:03:48.381, 24.91, 24.77, 210, 405, 0, 0, 454, 455, 53, P8, 0x0000000000000001
2026/08/31 23:03:48.881, 24.91, 24.77, 210, 405, 0, 0, 454, 455, 53, P8, 0x0000000000000001
2026/08/31 23:03:49.381, 24.90, 25.03, 210, 405, 0, 0, 454, 455, 53, P8, 0x0000000000000001
2026/08/31 23:03:49.882, 24.90, 25.03, 210, 405, 0, 0, 454, 455, 53, P8, 0x0000000000000001
2026/08/31 23:03:50.382, 25.06, 25.09, 210, 405, 0, 0, 454, 455, 53, P8, 0x0000000000000001
2026/08/31 23:03:50.883, 25.06, 25.09, 210, 405, 0, 0, 454, 455, 53, P8, 0x0000000000000001
2026/08/31 23:03:51.383, 24.93, 24.78, 210, 405, 0, 0, 454, 455, 53, P8, 0x0000000000000001
2026/08/31 23:03:51.883, 24.93, 24.78, 210, 405, 0, 0, 454, 455, 53, P8, 0x0000000000000001
2026/08/31 23:03:52.384, 24.87, 24.96, 210, 405, 0, 0, 454, 455, 53, P8, 0x0000000000000001
2026/08/31 23:03:52.884, 24.87, 24.96, 210, 405, 0, 0, 454, 455, 53, P8, 0x0000000000000001
2026/08/31 23:03:53.384, 24.99, 25.02, 210, 405, 0, 0, 454, 455, 53, P8, 0x0000000000000001
2026/08/31 23:03:53.885, 24.99, 25.02, 210, 405, 0, 0, 454, 455, 53, P8, 0x0000000000000001
2026/08/31 23:03:54.385, 24.86, 24.70, 210, 405, 0, 0, 454, 455, 53, P8, 0x0000000000000001
2026/08/31 23:03:54.885, 24.86, 24.70, 210, 405, 0, 0, 454, 455, 53, P8, 0x0000000000000001
2026/08/31 23:03:55.386, 24.89, 25.08, 210, 405, 0, 0, 454, 455, 53, P8, 0x0000000000000001
2026/08/31 23:03:55.886, 24.89, 25.08, 210, 405, 0, 0, 454, 455, 53, P8, 0x0000000000000001
2026/08/31 23:03:56.387, 25.02, 24.96, 210, 405, 0, 0, 454, 455, 53, P8, 0x0000000000000001
2026/08/31 23:03:56.887, 25.02, 24.96, 210, 405, 0, 0, 454, 455, 53, P8, 0x0000000000000001
2026/08/31 23:03:57.387, 24.85, 24.75, 210, 405, 0, 0, 454, 455, 53, P8, 0x0000000000000001
2026/08/31 23:03:57.888, 24.85, 24.75, 210, 405, 0, 0, 454, 455, 53, P8, 0x0000000000000001
2026/08/31 23:03:58.388, 24.86, 24.98, 210, 405, 0, 0, 454, 455, 53, P8, 0x0000000000000001
2026/08/31 23:03:58.888, 24.86, 24.98, 210, 405, 0, 0, 454, 455, 53, P8, 0x0000000000000001
2026/08/31 23:03:59.389, 24.97, 24.95, 210, 405, 0, 0, 454, 455, 53, P8, 0x0000000000000001
2026/08/31 23:03:59.889, 24.97, 24.95, 210, 405, 0, 0, 454, 455, 53, P8, 0x0000000000000001
2026/08/31 23:04:00.390, 27.16, 37.48, 210, 405, 0, 0, 454, 455, 53, P8, 0x0000000000000001
2026/08/31 23:04:00.890, 29.81, 36.75, 210, 405, 0, 0, 454, 455, 53, P8, 0x0000000000000001
2026/08/31 23:04:01.390, 30.50, 36.62, 210, 405, 0, 0, 454, 455, 53, P8, 0x0000000000000001
2026/08/31 23:04:01.891, 30.50, 36.62, 210, 405, 0, 0, 454, 455, 53, P8, 0x0000000000000001
2026/08/31 23:04:02.391, 26.62, 25.62, 210, 405, 0, 0, 454, 455, 53, P8, 0x0000000000000001
2026/08/31 23:04:02.891, 26.62, 25.62, 210, 405, 0, 0, 454, 455, 53, P8, 0x0000000000000001
2026/08/31 23:04:03.392, 25.27, 24.92, 210, 405, 0, 0, 454, 455, 53, P8, 0x0000000000000001
2026/08/31 23:04:03.892, 25.27, 24.92, 210, 405, 0, 0, 454, 455, 53, P8, 0x0000000000000001
2026/08/31 23:04:04.392, 24.79, 24.66, 210, 405, 0, 0, 454, 455, 53, P8, 0x0000000000000001
2026/08/31 23:04:04.893, 24.79, 24.66, 210, 405, 0, 0, 454, 455, 53, P8, 0x0000000000000001
2026/08/31 23:04:05.393, 24.85, 25.04, 210, 405, 0, 0, 454, 455, 53, P8, 0x0000000000000001
2026/08/31 23:04:05.893, 24.85, 25.04, 210, 405, 0, 0, 454, 455, 53, P8, 0x0000000000000001
2026/08/31 23:04:06.394, 25.04, 25.05, 210, 405, 0, 0, 454, 455, 53, P8, 0x0000000000000001
2026/08/31 23:04:06.894, 25.04, 25.05, 210, 405, 0, 0, 454, 455, 53, P8, 0x0000000000000001
2026/08/31 23:04:07.394, 24.85, 24.66, 210, 405, 0, 0, 454, 455, 53, P8, 0x0000000000000001
2026/08/31 23:04:07.895, 24.85, 24.66, 210, 405, 0, 0, 454, 455, 53, P8, 0x0000000000000001
2026/08/31 23:04:08.395, 24.82, 24.99, 210, 405, 0, 0, 454, 455, 53, P8, 0x0000000000000001
2026/08/31 23:04:08.895, 24.82, 24.99, 210, 405, 0, 0, 454, 455, 53, P8, 0x0000000000000001
2026/08/31 23:04:09.396, 24.98, 24.98, 210, 405, 0, 0, 454, 455, 53, P8, 0x0000000000000001
2026/08/31 23:04:09.896, 24.98, 24.98, 210, 405, 0, 0, 454, 455, 53, P8, 0x0000000000000001
2026/08/31 23:04:10.396, 24.81, 24.64, 210, 405, 0, 0, 454, 455, 53, P8, 0x0000000000000001
2026/08/31 23:04:10.896, 24.81, 24.64, 210, 405, 0, 0, 454, 455, 53, P8, 0x0000000000000001
2026/08/31 23:04:11.397, 24.81, 24.99, 210, 405, 0, 0, 454, 455, 53, P8, 0x0000000000000001
2026/08/31 23:04:11.897, 24.81, 24.99, 210, 405, 0, 0, 454, 455, 53, P8, 0x0000000000000001
2026/08/31 23:04:12.397, 24.98, 24.97, 210, 405, 0, 0, 454, 455, 53, P8, 0x0000000000000001
2026/08/31 23:04:12.898, 24.98, 24.97, 210, 405, 0, 0, 454, 455, 53, P8, 0x0000000000000001
2026/08/31 23:04:13.398, 24.82, 24.66, 210, 405, 0, 0, 454, 455, 53, P8, 0x0000000000000001
2026/08/31 23:04:13.898, 24.82, 24.66, 210, 405, 0, 0, 454, 455, 53, P8, 0x0000000000000001
2026/08/31 23:04:14.399, 24.85, 25.03, 210, 405, 0, 0, 454, 455, 53, P8, 0x0000000000000001
2026/08/31 23:04:14.899, 24.85, 25.03, 210, 405, 0, 0, 454, 455, 53, P8, 0x0000000000000001
2026/08/31 23:04:15.399, 25.00, 24.97, 210, 405, 0, 0, 454, 455, 53, P8, 0x0000000000000001
2026/08/31 23:04:15.900, 25.00, 24.97, 210, 405, 0, 0, 454, 455, 53, P8, 0x0000000000000001
2026/08/31 23:04:16.400, 24.82, 24.68, 210, 405, 0, 0, 454, 455, 53, P8, 0x0000000000000001
2026/08/31 23:04:16.900, 24.82, 24.68, 210, 405, 0, 0, 454, 455, 53, P8, 0x0000000000000001
2026/08/31 23:04:17.401, 24.82, 24.96, 210, 405, 0, 0, 454, 455, 53, P8, 0x0000000000000001
2026/08/31 23:04:17.901, 24.82, 24.96, 210, 405, 0, 0, 454, 455, 53, P8, 0x0000000000000001
2026/08/31 23:04:18.401, 24.96, 24.96, 210, 405, 0, 0, 454, 455, 53, P8, 0x0000000000000001
2026/08/31 23:04:18.902, 24.96, 24.96, 210, 405, 0, 0, 454, 455, 53, P8, 0x0000000000000001
2026/08/31 23:04:19.402, 24.78, 24.61, 210, 405, 0, 0, 454, 455, 53, P8, 0x0000000000000001
2026/08/31 23:04:19.902, 24.78, 24.61, 210, 405, 0, 0, 454, 455, 53, P8, 0x0000000000000001
2026/08/31 23:04:20.403, 24.76, 24.92, 210, 405, 0, 0, 454, 455, 53, P8, 0x0000000000000001
2026/08/31 23:04:20.903, 24.76, 24.92, 210, 405, 0, 0, 454, 455, 53, P8, 0x0000000000000001
2026/08/31 23:04:21.403, 24.90, 24.88, 210, 405, 0, 0, 454, 455, 53, P8, 0x0000000000000001
2026/08/31 23:04:21.904, 24.90, 24.88, 210, 405, 0, 0, 454, 455, 53, P8, 0x0000000000000001
2026/08/31 23:04:22.404, 24.75, 24.62, 210, 405, 0, 0, 454, 455, 53, P8, 0x0000000000000001
2026/08/31 23:04:22.904, 24.75, 24.62, 210, 405, 0, 0, 454, 455, 53, P8, 0x0000000000000001
2026/08/31 23:04:23.405, 24.79, 24.96, 210, 405, 0, 0, 454, 455, 53, P8, 0x0000000000000001
2026/08/31 23:04:23.905, 24.79, 24.96, 210, 405, 0, 0, 454, 455, 53, P8, 0x0000000000000001
2026/08/31 23:04:24.405, 24.96, 24.97, 210, 405, 0, 0, 454, 455, 53, P8, 0x0000000000000001
2026/08/31 23:04:24.906, 24.96, 24.97, 210, 405, 0, 0, 454, 455, 53, P8, 0x0000000000000001
2026/08/31 23:04:25.406, 24.82, 24.68, 210, 405, 0, 0, 454, 455, 53, P8, 0x0000000000000001
2026/08/31 23:04:25.906, 24.82, 24.68, 210, 405, 0, 0, 454, 455, 53, P8, 0x0000000000000001
2026/08/31 23:04:26.407, 24.81, 24.94, 210, 405, 0, 0, 454, 455, 53, P8, 0x0000000000000001
2026/08/31 23:04:26.907, 24.81, 24.94, 210, 405, 0, 0, 454, 455, 53, P8, 0x0000000000000001
2026/08/31 23:04:27.407, 24.94, 24.95, 210, 405, 0, 0, 454, 455, 53, P8, 0x0000000000000001
2026/08/31 23:04:27.908, 24.94, 24.95, 210, 405, 0, 0, 454, 455, 53, P8, 0x0000000000000001
2026/08/31 23:04:28.408, 24.81, 24.66, 210, 405, 0, 0, 454, 455, 53, P8, 0x0000000000000001
2026/08/31 23:04:28.908, 24.81, 24.66, 210, 405, 0, 0, 454, 455, 53, P8, 0x0000000000000001
2026/08/31 23:04:29.409, 24.76, 24.87, 210, 405, 0, 0, 454, 455, 53, P8, 0x0000000000000001
2026/08/31 23:04:29.909, 24.76, 24.87, 210, 405, 0, 0, 454, 455, 53, P8, 0x0000000000000001
2026/08/31 23:04:30.409, 24.89, 24.90, 210, 405, 0, 0, 454, 455, 53, P8, 0x0000000000000001
2026/08/31 23:04:30.910, 24.89, 24.90, 210, 405, 0, 0, 454, 455, 53, P8, 0x0000000000000001
2026/08/31 23:04:31.410, 24.76, 24.62, 210, 405, 0, 0, 454, 455, 53, P8, 0x0000000000000001
2026/08/31 23:04:31.910, 24.76, 24.62, 210, 405, 0, 0, 454, 455, 53, P8, 0x0000000000000001
2026/08/31 23:04:32.411, 24.82, 25.03, 210, 405, 0, 0, 454, 455, 53, P8, 0x0000000000000001
2026/08/31 23:04:32.911, 24.82, 25.03, 210, 405, 0, 0, 454, 455, 53, P8, 0x0000000000000001
2026/08/31 23:04:33.411, 25.01, 25.00, 210, 405, 0, 0, 454, 455, 53, P8, 0x0000000000000001
2026/08/31 23:04:33.912, 25.01, 25.00, 210, 405, 0, 0, 454, 455, 53, P8, 0x0000000000000001
2026/08/31 23:04:34.412, 24.80, 24.60, 210, 405, 0, 0, 454, 455, 53, P8, 0x0000000000000001
2026/08/31 23:04:34.912, 24.80, 24.60, 210, 405, 0, 0, 454, 455, 53, P8, 0x0000000000000001
2026/08/31 23:04:35.413, 24.75, 24.90, 210, 405, 0, 0, 454, 455, 53, P8, 0x0000000000000001
2026/08/31 23:04:35.913, 24.75, 24.90, 210, 405, 0, 0, 454, 455, 53, P8, 0x0000000000000001
2026/08/31 23:04:36.413, 24.74, 24.58, 210, 405, 0, 0, 454, 455, 53, P8, 0x0000000000000001
2026/08/31 23:04:36.914, 24.74, 24.58, 210, 405, 0, 0, 454, 455, 53, P8, 0x0000000000000001
2026/08/31 23:04:37.414, 24.74, 24.90, 210, 405, 0, 0, 454, 455, 53, P8, 0x0000000000000001
2026/08/31 23:04:37.914, 24.74, 24.90, 210, 405, 0, 0, 454, 455, 53, P8, 0x0000000000000001
2026/08/31 23:04:38.415, 24.91, 24.93, 210, 405, 0, 0, 454, 455, 53, P8, 0x0000000000000001
2026/08/31 23:04:38.915, 24.91, 24.93, 210, 405, 0, 0, 454, 455, 53, P8, 0x0000000000000001
2026/08/31 23:04:39.415, 24.78, 24.64, 210, 405, 0, 0, 454, 455, 53, P8, 0x0000000000000001
2026/08/31 23:04:39.916, 24.78, 24.64, 210, 405, 0, 0, 454, 455, 53, P8, 0x0000000000000001
2026/08/31 23:04:40.416, 24.80, 24.96, 210, 405, 0, 0, 454, 455, 53, P8, 0x0000000000000001
2026/08/31 23:04:40.916, 24.80, 24.96, 210, 405, 0, 0, 454, 455, 53, P8, 0x0000000000000001
2026/08/31 23:04:41.416, 25.00, 25.05, 210, 405, 0, 0, 454, 455, 53, P8, 0x0000000000000001
2026/08/31 23:04:41.917, 25.00, 25.05, 210, 405, 0, 0, 454, 455, 53, P8, 0x0000000000000001
2026/08/31 23:04:42.417, 24.88, 24.70, 210, 405, 0, 0, 454, 455, 53, P8, 0x0000000000000001
2026/08/31 23:04:42.918, 24.88, 24.70, 210, 405, 0, 0, 454, 455, 53, P8, 0x0000000000000001
2026/08/31 23:04:43.418, 24.81, 24.91, 210, 405, 0, 0, 454, 455, 53, P8, 0x0000000000000001
2026/08/31 23:04:43.918, 24.81, 24.91, 210, 405, 0, 0, 454, 455, 53, P8, 0x0000000000000001
2026/08/31 23:04:44.419, 24.91, 24.91, 210, 405, 0, 0, 454, 455, 53, P8, 0x0000000000000001
2026/08/31 23:04:44.919, 24.91, 24.91, 210, 405, 0, 0, 454, 455, 53, P8, 0x0000000000000001
2026/08/31 23:04:45.419, 24.77, 24.64, 210, 405, 0, 0, 454, 455, 53, P8, 0x0000000000000001
2026/08/31 23:04:45.920, 24.77, 24.64, 210, 405, 0, 0, 454, 455, 53, P8, 0x0000000000000001
2026/08/31 23:04:46.420, 24.79, 24.95, 210, 405, 0, 0, 454, 455, 53, P8, 0x0000000000000001
2026/08/31 23:04:46.920, 24.79, 24.95, 210, 405, 0, 0, 454, 455, 53, P8, 0x0000000000000001
2026/08/31 23:04:47.421, 24.94, 24.95, 210, 405, 0, 0, 454, 455, 53, P8, 0x0000000000000001
2026/08/31 23:04:47.921, 24.94, 24.95, 210, 405, 0, 0, 454, 455, 53, P8, 0x0000000000000001
2026/08/31 23:04:48.421, 24.83, 24.71, 210, 405, 0, 0, 454, 455, 53, P8, 0x0000000000000001
2026/08/31 23:04:48.922, 24.83, 24.71, 210, 405, 0, 0, 454, 455, 53, P8, 0x0000000000000001
2026/08/31 23:04:49.422, 24.83, 24.94, 210, 405, 0, 0, 454, 455, 53, P8, 0x0000000000000001
2026/08/31 23:04:49.922, 24.83, 24.94, 210, 405, 0, 0, 454, 455, 53, P8, 0x0000000000000001
2026/08/31 23:04:50.423, 24.99, 25.03, 210, 405, 0, 0, 454, 455, 53, P8, 0x0000000000000001
2026/08/31 23:04:50.923, 24.99, 25.03, 210, 405, 0, 0, 454, 455, 53, P8, 0x0000000000000001
2026/08/31 23:04:51.423, 24.86, 24.69, 210, 405, 0, 0, 454, 455, 53, P8, 0x0000000000000001
2026/08/31 23:04:51.924, 24.86, 24.69, 210, 405, 0, 0, 454, 455, 53, P8, 0x0000000000000001
2026/08/31 23:04:52.424, 24.82, 24.96, 210, 405, 0, 0, 454, 455, 53, P8, 0x0000000000000001
2026/08/31 23:04:52.924, 24.82, 24.96, 210, 405, 0, 0, 454, 455, 53, P8, 0x0000000000000001
2026/08/31 23:04:53.425, 24.97, 24.98, 210, 405, 0, 0, 454, 455, 53, P8, 0x0000000000000001
2026/08/31 23:04:53.925, 24.97, 24.98, 210, 405, 0, 0, 454, 455, 53, P8, 0x0000000000000001
2026/08/31 23:04:54.425, 24.83, 24.69, 210, 405, 0, 0, 454, 455, 53, P8, 0x0000000000000001
2026/08/31 23:04:54.926, 24.83, 24.69, 210, 405, 0, 0, 454, 455, 53, P8, 0x0000000000000001
2026/08/31 23:04:55.426, 24.85, 25.01, 210, 405, 0, 0, 454, 455, 53, P8, 0x0000000000000001
2026/08/31 23:04:55.926, 24.85, 25.01, 210, 405, 0, 0, 454, 455, 53, P8, 0x0000000000000001
2026/08/31 23:04:56.427, 25.00, 24.99, 210, 405, 0, 0, 454, 455, 53, P8, 0x0000000000000001
2026/08/31 23:04:56.927, 25.00, 24.99, 210, 405, 0, 0, 454, 455, 53, P8, 0x0000000000000001
2026/08/31 23:04:57.427, 24.85, 24.72, 210, 405, 0, 0, 454, 455, 53, P8, 0x0000000000000001
2026/08/31 23:04:57.928, 24.85, 24.72, 210, 405, 0, 0, 454, 455, 53, P8, 0x0000000000000001
2026/08/31 23:04:58.428, 24.88, 25.04, 210, 405, 0, 0, 454, 455, 53, P8, 0x0000000000000001
2026/08/31 23:04:58.928, 24.88, 25.04, 210, 405, 0, 0, 454, 455, 53, P8, 0x0000000000000001
2026/08/31 23:04:59.429, 25.00, 24.96, 210, 405, 0, 0, 454, 455, 53, P8, 0x0000000000000001
2026/08/31 23:04:59.929, 25.00, 24.96, 210, 405, 0, 0, 454, 455, 53, P8, 0x0000000000000001
2026/08/31 23:05:00.429, 26.91, 37.43, 210, 405, 0, 0, 454, 455, 53, P8, 0x0000000000000001
2026/08/31 23:05:00.930, 29.59, 36.65, 210, 405, 0, 0, 454, 455, 53, P8, 0x0000000000000001
2026/08/31 23:05:01.430, 30.29, 36.71, 210, 405, 0, 0, 454, 455, 53, P8, 0x0000000000000001
2026/08/31 23:05:01.930, 30.29, 36.71, 210, 405, 0, 0, 454, 455, 53, P8, 0x0000000000000001
2026/08/31 23:05:02.431, 26.95, 25.97, 210, 405, 0, 0, 454, 455, 53, P8, 0x0000000000000001
2026/08/31 23:05:02.931, 26.95, 25.97, 210, 405, 0, 0, 454, 455, 53, P8, 0x0000000000000001
2026/08/31 23:05:03.432, 25.52, 25.07, 210, 405, 0, 0, 454, 455, 53, P8, 0x0000000000000001
2026/08/31 23:05:03.932, 25.52, 25.07, 210, 405, 0, 0, 454, 455, 53, P8, 0x0000000000000001
2026/08/31 23:05:04.432, 24.93, 24.80, 210, 405, 0, 0, 454, 455, 53, P8, 0x0000000000000001
2026/08/31 23:05:04.933, 24.93, 24.80, 210, 405, 0, 0, 454, 455, 53, P8, 0x0000000000000001
2026/08/31 23:05:05.433, 24.92, 25.03, 210, 405, 0, 0, 454, 455, 53, P8, 0x0000000000000001
2026/08/31 23:05:05.933, 24.92, 25.03, 210, 405, 0, 0, 454, 455, 53, P8, 0x0000000000000001
2026/08/31 23:05:06.434, 25.02, 25.00, 210, 405, 0, 0, 454, 455, 53, P8, 0x0000000000000001
2026/08/31 23:05:06.934, 25.02, 25.00, 210, 405, 0, 0, 454, 455, 53, P8, 0x0000000000000001
2026/08/31 23:05:07.434, 24.83, 24.67, 210, 405, 0, 0, 454, 455, 53, P8, 0x0000000000000001
2026/08/31 23:05:07.935, 24.83, 24.67, 210, 405, 0, 0, 454, 455, 53, P8, 0x0000000000000001
2026/08/31 23:05:08.435, 24.80, 24.93, 210, 405, 0, 0, 454, 455, 53, P8, 0x0000000000000001
2026/08/31 23:05:08.935, 24.80, 24.93, 210, 405, 0, 0, 454, 455, 53, P8, 0x0000000000000001
2026/08/31 23:05:09.435, 24.99, 25.05, 210, 405, 0, 0, 454, 455, 53, P8, 0x0000000000000001
2026/08/31 23:05:09.936, 24.99, 25.05, 210, 405, 0, 0, 454, 455, 53, P8, 0x0000000000000001
2026/08/31 23:05:10.436, 24.89, 24.74, 210, 405, 0, 0, 454, 455, 53, P8, 0x0000000000000001
2026/08/31 23:05:10.936, 24.89, 24.74, 210, 405, 0, 0, 454, 455, 53, P8, 0x0000000000000001
2026/08/31 23:05:11.437, 24.91, 25.08, 210, 405, 0, 0, 454, 455, 53, P8, 0x0000000000000001
2026/08/31 23:05:11.937, 24.91, 25.08, 210, 405, 0, 0, 454, 455, 53, P8, 0x0000000000000001
2026/08/31 23:05:12.437, 25.08, 25.09, 210, 405, 0, 0, 454, 455, 53, P8, 0x0000000000000001
2026/08/31 23:05:12.937, 25.08, 25.09, 210, 405, 0, 0, 454, 455, 53, P8, 0x0000000000000001
2026/08/31 23:05:13.438, 24.96, 24.83, 210, 405, 0, 0, 454, 455, 53, P8, 0x0000000000000001
2026/08/31 23:05:13.938, 24.96, 24.83, 210, 405, 0, 0, 454, 455, 53, P8, 0x0000000000000001
2026/08/31 23:05:14.438, 25.02, 25.21, 210, 405, 0, 0, 454, 455, 53, P8, 0x0000000000000001
2026/08/31 23:05:14.939, 25.02, 25.21, 210, 405, 0, 0, 454, 455, 53, P8, 0x0000000000000001
2026/08/31 23:05:15.439, 25.14, 25.06, 210, 405, 0, 0, 454, 455, 53, P8, 0x0000000000000001
2026/08/31 23:05:15.939, 25.14, 25.06, 210, 405, 0, 0, 454, 455, 53, P8, 0x0000000000000001
2026/08/31 23:05:16.439, 24.89, 24.72, 210, 405, 0, 0, 454, 455, 53, P8, 0x0000000000000001
2026/08/31 23:05:16.940, 24.89, 24.72, 210, 405, 0, 0, 454, 455, 53, P8, 0x0000000000000001
2026/08/31 23:05:17.440, 24.89, 25.07, 210, 405, 0, 0, 454, 455, 53, P8, 0x0000000000000001
2026/08/31 23:05:17.940, 24.89, 25.07, 210, 405, 0, 0, 454, 455, 53, P8, 0x0000000000000001
2026/08/31 23:05:18.441, 25.06, 25.05, 210, 405, 0, 0, 454, 455, 53, P8, 0x0000000000000001
2026/08/31 23:05:18.941, 25.06, 25.05, 210, 405, 0, 0, 454, 455, 53, P8, 0x0000000000000001
2026/08/31 23:05:19.441, 24.90, 24.74, 210, 405, 0, 0, 454, 455, 53, P8, 0x0000000000000001
2026/08/31 23:05:19.941, 24.90, 24.74, 210, 405, 0, 0, 454, 455, 53, P8, 0x0000000000000001
2026/08/31 23:05:20.442, 24.86, 24.98, 210, 405, 0, 0, 454, 455, 53, P8, 0x0000000000000001
2026/08/31 23:05:20.942, 24.86, 24.98, 210, 405, 0, 0, 454, 455, 53, P8, 0x0000000000000001
2026/08/31 23:05:21.442, 24.97, 24.96, 210, 405, 0, 0, 454, 455, 53, P8, 0x0000000000000001
2026/08/31 23:05:21.943, 24.97, 24.96, 210, 405, 0, 0, 454, 455, 53, P8, 0x0000000000000001
2026/08/31 23:05:22.443, 24.85, 24.74, 210, 405, 0, 0, 454, 455, 53, P8, 0x0000000000000001
2026/08/31 23:05:22.943, 24.85, 24.74, 210, 405, 0, 0, 454, 455, 53, P8, 0x0000000000000001
2026/08/31 23:05:23.443, 24.87, 25.00, 210, 405, 0, 0, 454, 455, 53, P8, 0x0000000000000001
2026/08/31 23:05:23.944, 24.87, 25.00, 210, 405, 0, 0, 454, 455, 53, P8, 0x0000000000000001
2026/08/31 23:05:24.444, 25.01, 25.02, 210, 405, 0, 0, 454, 455, 53, P8, 0x0000000000000001
2026/08/31 23:05:24.944, 25.01, 25.02, 210, 405, 0, 0, 454, 455, 53, P8, 0x0000000000000001
2026/08/31 23:05:25.445, 24.84, 24.66, 210, 405, 0, 0, 454, 455, 53, P8, 0x0000000000000001
2026/08/31 23:05:25.945, 24.84, 24.66, 210, 405, 0, 0, 454, 455, 53, P8, 0x0000000000000001
2026/08/31 23:05:26.445, 24.83, 25.00, 210, 405, 0, 0, 454, 455, 53, P8, 0x0000000000000001
2026/08/31 23:05:26.945, 24.83, 25.00, 210, 405, 0, 0, 454, 455, 53, P8, 0x0000000000000001
2026/08/31 23:05:27.446, 25.01, 25.02, 210, 405, 0, 0, 454, 455, 53, P8, 0x0000000000000001
2026/08/31 23:05:27.946, 25.01, 25.02, 210, 405, 0, 0, 454, 455, 53, P8, 0x0000000000000001
2026/08/31 23:05:28.446, 24.83, 24.64, 210, 405, 0, 0, 454, 455, 53, P8, 0x0000000000000001
2026/08/31 23:05:28.947, 24.83, 24.64, 210, 405, 0, 0, 454, 455, 53, P8, 0x0000000000000001
2026/08/31 23:05:29.447, 24.82, 24.99, 210, 405, 0, 0, 454, 455, 53, P8, 0x0000000000000001
2026/08/31 23:05:29.947, 24.82, 24.99, 210, 405, 0, 0, 454, 455, 53, P8, 0x0000000000000001
2026/08/31 23:05:30.448, 24.91, 24.84, 210, 405, 0, 0, 454, 455, 53, P8, 0x0000000000000001
2026/08/31 23:05:30.948, 24.91, 24.84, 210, 405, 0, 0, 454, 455, 53, P8, 0x0000000000000001
2026/08/31 23:05:31.449, 24.73, 24.62, 210, 405, 0, 0, 454, 455, 53, P8, 0x0000000000000001
2026/08/31 23:05:31.949, 24.73, 24.62, 210, 405, 0, 0, 454, 455, 53, P8, 0x0000000000000001
2026/08/31 23:05:32.449, 24.79, 24.96, 210, 405, 0, 0, 454, 455, 53, P8, 0x0000000000000001
2026/08/31 23:05:32.950, 24.79, 24.96, 210, 405, 0, 0, 454, 455, 53, P8, 0x0000000000000001
2026/08/31 23:05:33.450, 24.81, 24.67, 210, 405, 0, 0, 454, 455, 53, P8, 0x0000000000000001
2026/08/31 23:05:33.951, 24.81, 24.67, 210, 405, 0, 0, 454, 455, 53, P8, 0x0000000000000001
2026/08/31 23:05:34.451, 24.81, 24.96, 210, 405, 0, 0, 454, 455, 53, P8, 0x0000000000000001
2026/08/31 23:05:34.951, 24.81, 24.96, 210, 405, 0, 0, 454, 455, 53, P8, 0x0000000000000001
2026/08/31 23:05:35.452, 24.99, 25.02, 210, 405, 0, 0, 454, 455, 53, P8, 0x0000000000000001
2026/08/31 23:05:35.952, 24.99, 25.02, 210, 405, 0, 0, 454, 455, 53, P8, 0x0000000000000001
2026/08/31 23:05:36.452, 24.89, 24.75, 210, 405, 0, 0, 454, 455, 53, P8, 0x0000000000000001
2026/08/31 23:05:36.953, 24.89, 24.75, 210, 405, 0, 0, 454, 455, 53, P8, 0x0000000000000001
2026/08/31 23:05:37.453, 24.92, 25.08, 210, 405, 0, 0, 454, 455, 53, P8, 0x0000000000000001
2026/08/31 23:05:37.954, 24.92, 25.08, 210, 405, 0, 0, 454, 455, 53, P8, 0x0000000000000001
2026/08/31 23:05:38.454, 25.06, 25.04, 210, 405, 0, 0, 454, 455, 53, P8, 0x0000000000000001
2026/08/31 23:05:38.954, 25.06, 25.04, 210, 405, 0, 0, 454, 455, 53, P8, 0x0000000000000001
2026/08/31 23:05:39.455, 24.90, 24.75, 210, 405, 0, 0, 454, 455, 53, P8, 0x0000000000000001
2026/08/31 23:05:39.955, 24.90, 24.75, 210, 405, 0, 0, 454, 455, 53, P8, 0x0000000000000001
2026/08/31 23:05:40.456, 24.90, 25.05, 210, 405, 0, 0, 454, 455, 53, P8, 0x0000000000000001
2026/08/31 23:05:40.956, 24.90, 25.05, 210, 405, 0, 0, 454, 455, 53, P8, 0x0000000000000001
2026/08/31 23:05:41.456, 25.04, 25.03, 210, 405, 0, 0, 454, 455, 52, P8, 0x0000000000000001
2026/08/31 23:05:41.957, 25.04, 25.03, 210, 405, 0, 0, 454, 455, 52, P8, 0x0000000000000001
2026/08/31 23:05:42.457, 24.87, 24.70, 210, 405, 0, 0, 454, 455, 52, P8, 0x0000000000000001
2026/08/31 23:05:42.957, 24.87, 24.70, 210, 405, 0, 0, 454, 455, 52, P8, 0x0000000000000001
2026/08/31 23:05:43.458, 24.85, 24.99, 210, 405, 0, 0, 454, 455, 53, P8, 0x0000000000000001
2026/08/31 23:05:43.958, 24.85, 24.99, 210, 405, 0, 0, 454, 455, 53, P8, 0x0000000000000001
2026/08/31 23:05:44.458, 25.01, 25.03, 210, 405, 0, 0, 454, 455, 52, P8, 0x0000000000000001
2026/08/31 23:05:44.958, 25.01, 25.03, 210, 405, 0, 0, 454, 455, 52, P8, 0x0000000000000001
2026/08/31 23:05:45.459, 24.87, 24.72, 210, 405, 0, 0, 454, 455, 52, P8, 0x0000000000000001
2026/08/31 23:05:45.959, 24.87, 24.72, 210, 405, 0, 0, 454, 455, 52, P8, 0x0000000000000001
2026/08/31 23:05:46.460, 24.88, 25.03, 210, 405, 0, 0, 454, 455, 53, P8, 0x0000000000000001
2026/08/31 23:05:46.960, 24.88, 25.03, 210, 405, 0, 0, 454, 455, 53, P8, 0x0000000000000001
2026/08/31 23:05:47.460, 25.01, 24.98, 210, 405, 0, 0, 454, 455, 53, P8, 0x0000000000000001
2026/08/31 23:05:47.961, 25.01, 24.98, 210, 405, 0, 0, 454, 455, 53, P8, 0x0000000000000001
2026/08/31 23:05:48.461, 24.83, 24.69, 210, 405, 0, 0, 454, 455, 53, P8, 0x0000000000000001
2026/08/31 23:05:48.961, 24.83, 24.69, 210, 405, 0, 0, 454, 455, 53, P8, 0x0000000000000001
2026/08/31 23:05:49.462, 24.83, 24.97, 210, 405, 0, 0, 454, 455, 53, P8, 0x0000000000000001
2026/08/31 23:05:49.963, 24.83, 24.97, 210, 405, 0, 0, 454, 455, 53, P8, 0x0000000000000001
2026/08/31 23:05:50.463, 24.97, 24.97, 210, 405, 0, 0, 454, 455, 53, P8, 0x0000000000000001
2026/08/31 23:05:50.963, 24.97, 24.97, 210, 405, 0, 0, 454, 455, 53, P8, 0x0000000000000001
2026/08/31 23:05:51.464, 24.85, 24.73, 210, 405, 0, 0, 454, 455, 53, P8, 0x0000000000000001
2026/08/31 23:05:51.964, 24.85, 24.73, 210, 405, 0, 0, 454, 455, 53, P8, 0x0000000000000001
2026/08/31 23:05:52.464, 24.93, 25.14, 210, 405, 0, 0, 454, 455, 53, P8, 0x0000000000000001
2026/08/31 23:05:52.965, 24.93, 25.14, 210, 405, 0, 0, 454, 455, 53, P8, 0x0000000000000001
2026/08/31 23:05:53.465, 25.08, 25.02, 210, 405, 0, 0, 454, 455, 53, P8, 0x0000000000000001
2026/08/31 23:05:53.965, 25.08, 25.02, 210, 405, 0, 0, 454, 455, 53, P8, 0x0000000000000001
2026/08/31 23:05:54.466, 24.89, 24.76, 210, 405, 0, 0, 454, 455, 53, P8, 0x0000000000000001
2026/08/31 23:05:54.966, 24.89, 24.76, 210, 405, 0, 0, 454, 455, 53, P8, 0x0000000000000001
2026/08/31 23:05:55.466, 24.91, 25.05, 210, 405, 0, 0, 454, 455, 53, P8, 0x0000000000000001
2026/08/31 23:05:55.967, 24.91, 25.05, 210, 405, 0, 0, 454, 455, 53, P8, 0x0000000000000001
2026/08/31 23:05:56.467, 25.05, 25.04, 210, 405, 0, 0, 454, 455, 53, P8, 0x0000000000000001
2026/08/31 23:05:56.967, 25.05, 25.04, 210, 405, 0, 0, 454, 455, 53, P8, 0x0000000000000001
2026/08/31 23:05:57.468, 24.91, 24.78, 210, 405, 0, 0, 454, 455, 53, P8, 0x0000000000000001
2026/08/31 23:05:57.968, 24.91, 24.78, 210, 405, 0, 0, 454, 455, 53, P8, 0x0000000000000001
2026/08/31 23:05:58.468, 24.92, 25.06, 210, 405, 0, 0, 454, 455, 52, P8, 0x0000000000000001
2026/08/31 23:05:58.969, 24.92, 25.06, 210, 405, 0, 0, 454, 455, 52, P8, 0x0000000000000001
2026/08/31 23:05:59.469, 25.08, 25.10, 210, 405, 0, 0, 454, 455, 53, P8, 0x0000000000000001
2026/08/31 23:05:59.969, 25.08, 25.10, 210, 405, 0, 0, 454, 455, 53, P8, 0x0000000000000001
2026/08/31 23:06:00.469, 26.87, 37.64, 210, 405, 0, 0, 454, 455, 53, P8, 0x0000000000000001
2026/08/31 23:06:00.970, 29.60, 36.77, 210, 405, 0, 0, 454, 455, 53, P8, 0x0000000000000001
2026/08/31 23:06:01.470, 35.90, 36.71, 210, 405, 0, 0, 454, 455, 53, P8, 0x0000000000000001
2026/08/31 23:06:01.970, 35.90, 36.71, 210, 405, 0, 0, 454, 455, 53, P8, 0x0000000000000001
2026/08/31 23:06:02.471, 25.94, 24.86, 210, 405, 0, 0, 454, 455, 53, P8, 0x0000000000000001
2026/08/31 23:06:02.971, 25.94, 24.86, 210, 405, 0, 0, 454, 455, 53, P8, 0x0000000000000001
2026/08/31 23:06:03.471, 24.92, 24.98, 210, 405, 0, 0, 454, 455, 53, P8, 0x0000000000000001
2026/08/31 23:06:03.972, 24.92, 24.98, 210, 405, 0, 0, 454, 455, 53, P8, 0x0000000000000001
2026/08/31 23:06:04.472, 24.87, 24.76, 210, 405, 0, 0, 454, 455, 53, P8, 0x0000000000000001
2026/08/31 23:06:04.972, 24.87, 24.76, 210, 405, 0, 0, 454, 455, 53, P8, 0x0000000000000001
2026/08/31 23:06:05.473, 24.89, 25.02, 210, 405, 0, 0, 454, 455, 53, P8, 0x0000000000000001
2026/08/31 23:06:05.973, 24.89, 25.02, 210, 405, 0, 0, 454, 455, 53, P8, 0x0000000000000001
2026/08/31 23:06:06.473, 25.04, 25.05, 210, 405, 0, 0, 454, 455, 53, P8, 0x0000000000000001
2026/08/31 23:06:06.974, 25.04, 25.05, 210, 405, 0, 0, 454, 455, 53, P8, 0x0000000000000001
2026/08/31 23:06:07.474, 24.87, 24.70, 210, 405, 0, 0, 454, 455, 53, P8, 0x0000000000000001
2026/08/31 23:06:07.975, 24.87, 24.70, 210, 405, 0, 0, 454, 455, 53, P8, 0x0000000000000001
2026/08/31 23:06:08.475, 24.83, 24.97, 210, 405, 0, 0, 454, 455, 53, P8, 0x0000000000000001
2026/08/31 23:06:08.975, 24.83, 24.97, 210, 405, 0, 0, 454, 455, 53, P8, 0x0000000000000001
2026/08/31 23:06:09.476, 25.02, 25.07, 210, 405, 0, 0, 454, 455, 53, P8, 0x0000000000000001
2026/08/31 23:06:09.976, 25.02, 25.07, 210, 405, 0, 0, 454, 455, 53, P8, 0x0000000000000001
2026/08/31 23:06:10.476, 24.89, 24.71, 210, 405, 0, 0, 454, 455, 53, P8, 0x0000000000000001
2026/08/31 23:06:10.977, 24.89, 24.71, 210, 405, 0, 0, 454, 455, 53, P8, 0x0000000000000001
2026/08/31 23:06:11.477, 24.88, 25.04, 210, 405, 0, 0, 454, 455, 53, P8, 0x0000000000000001
2026/08/31 23:06:11.977, 24.88, 25.04, 210, 405, 0, 0, 454, 455, 53, P8, 0x0000000000000001
2026/08/31 23:06:12.478, 25.05, 25.06, 210, 405, 0, 0, 454, 455, 52, P8, 0x0000000000000001
2026/08/31 23:06:12.978, 25.05, 25.06, 210, 405, 0, 0, 454, 455, 52, P8, 0x0000000000000001
2026/08/31 23:06:13.479, 24.90, 24.74, 210, 405, 0, 0, 454, 455, 52, P8, 0x0000000000000001
2026/08/31 23:06:13.979, 24.90, 24.74, 210, 405, 0, 0, 454, 455, 52, P8, 0x0000000000000001
2026/08/31 23:06:14.479, 24.88, 25.03, 210, 405, 0, 0, 454, 455, 52, P8, 0x0000000000000001
2026/08/31 23:06:14.980, 24.88, 25.03, 210, 405, 0, 0, 454, 455, 52, P8, 0x0000000000000001
2026/08/31 23:06:15.480, 25.02, 25.02, 210, 405, 0, 0, 454, 455, 52, P8, 0x0000000000000001
2026/08/31 23:06:15.981, 25.02, 25.02, 210, 405, 0, 0, 454, 455, 52, P8, 0x0000000000000001
2026/08/31 23:06:16.481, 24.84, 24.65, 210, 405, 0, 0, 454, 455, 52, P8, 0x0000000000000001
2026/08/31 23:06:16.981, 24.84, 24.65, 210, 405, 0, 0, 454, 455, 52, P8, 0x0000000000000001
2026/08/31 23:06:17.482, 24.79, 24.93, 210, 405, 0, 0, 454, 455, 53, P8, 0x0000000000000001
2026/08/31 23:06:17.982, 24.79, 24.93, 210, 405, 0, 0, 454, 455, 53, P8, 0x0000000000000001
2026/08/31 23:06:18.483, 24.95, 24.96, 210, 405, 0, 0, 454, 455, 52, P8, 0x0000000000000001
2026/08/31 23:06:18.983, 24.95, 24.96, 210, 405, 0, 0, 454, 455, 52, P8, 0x0000000000000001
2026/08/31 23:06:19.483, 24.85, 24.75, 210, 405, 0, 0, 454, 455, 52, P8, 0x0000000000000001
2026/08/31 23:06:19.984, 24.85, 24.75, 210, 405, 0, 0, 454, 455, 52, P8, 0x0000000000000001
2026/08/31 23:06:20.484, 24.90, 25.05, 210, 405, 0, 0, 454, 455, 53, P8, 0x0000000000000001
2026/08/31 23:06:20.984, 24.90, 25.05, 210, 405, 0, 0, 454, 455, 53, P8, 0x0000000000000001
2026/08/31 23:06:21.485, 25.03, 25.01, 210, 405, 0, 0, 454, 455, 52, P8, 0x0000000000000001
2026/08/31 23:06:21.985, 25.03, 25.01, 210, 405, 0, 0, 454, 455, 52, P8, 0x0000000000000001
2026/08/31 23:06:22.485, 24.85, 24.69, 210, 405, 0, 0, 454, 455, 52, P8, 0x0000000000000001
2026/08/31 23:06:22.986, 24.85, 24.69, 210, 405, 0, 0, 454, 455, 52, P8, 0x0000000000000001
2026/08/31 23:06:23.486, 24.83, 24.97, 210, 405, 0, 0, 454, 455, 52, P8, 0x0000000000000001
2026/08/31 23:06:23.987, 24.83, 24.97, 210, 405, 0, 0, 454, 455, 52, P8, 0x0000000000000001
2026/08/31 23:06:24.487, 24.99, 25.01, 210, 405, 0, 0, 454, 455, 52, P8, 0x0000000000000001
2026/08/31 23:06:24.987, 24.99, 25.01, 210, 405, 0, 0, 454, 455, 52, P8, 0x0000000000000001
2026/08/31 23:06:25.487, 24.85, 24.69, 210, 405, 0, 0, 454, 455, 52, P8, 0x0000000000000001
2026/08/31 23:06:25.988, 24.85, 24.69, 210, 405, 0, 0, 454, 455, 52, P8, 0x0000000000000001
2026/08/31 23:06:26.488, 24.85, 25.02, 210, 405, 0, 0, 454, 455, 52, P8, 0x0000000000000001
2026/08/31 23:06:26.988, 24.85, 25.02, 210, 405, 0, 0, 454, 455, 52, P8, 0x0000000000000001
2026/08/31 23:06:27.489, 25.01, 25.00, 210, 405, 0, 0, 454, 455, 52, P8, 0x0000000000000001
2026/08/31 23:06:27.989, 25.01, 25.00, 210, 405, 0, 0, 454, 455, 52, P8, 0x0000000000000001
2026/08/31 23:06:28.489, 24.81, 24.62, 210, 405, 0, 0, 454, 455, 52, P8, 0x0000000000000001
2026/08/31 23:06:28.989, 24.81, 24.62, 210, 405, 0, 0, 454, 455, 52, P8, 0x0000000000000001
2026/08/31 23:06:29.490, 24.79, 24.96, 210, 405, 0, 0, 454, 455, 52, P8, 0x0000000000000001
2026/08/31 23:06:29.990, 24.79, 24.96, 210, 405, 0, 0, 454, 455, 52, P8, 0x0000000000000001
2026/08/31 23:06:30.490, 24.96, 24.96, 210, 405, 0, 0, 454, 455, 52, P8, 0x0000000000000001
2026/08/31 23:06:30.990, 24.96, 24.96, 210, 405, 0, 0, 454, 455, 52, P8, 0x0000000000000001
2026/08/31 23:06:31.491, 24.82, 24.68, 210, 405, 0, 0, 454, 455, 52, P8, 0x0000000000000001
2026/08/31 23:06:31.991, 24.82, 24.68, 210, 405, 0, 0, 454, 455, 52, P8, 0x0000000000000001
2026/08/31 23:06:32.491, 24.87, 25.05, 210, 405, 0, 0, 454, 455, 52, P8, 0x0000000000000001
2026/08/31 23:06:32.992, 24.87, 25.05, 210, 405, 0, 0, 454, 455, 52, P8, 0x0000000000000001
2026/08/31 23:06:33.492, 25.02, 25.00, 210, 405, 0, 0, 454, 455, 52, P8, 0x0000000000000001
2026/08/31 23:06:33.992, 25.02, 25.00, 210, 405, 0, 0, 454, 455, 52, P8, 0x0000000000000001
2026/08/31 23:06:34.492, 24.89, 24.79, 210, 405, 0, 0, 454, 455, 52, P8, 0x0000000000000001
2026/08/31 23:06:34.993, 24.89, 24.79, 210, 405, 0, 0, 454, 455, 52, P8, 0x0000000000000001
2026/08/31 23:06:35.493, 24.90, 25.00, 210, 405, 0, 0, 454, 455, 52, P8, 0x0000000000000001
2026/08/31 23:06:35.993, 24.90, 25.00, 210, 405, 0, 0, 454, 455, 52, P8, 0x0000000000000001
2026/08/31 23:06:36.494, 24.98, 24.96, 210, 405, 0, 0, 454, 455, 52, P8, 0x0000000000000001
2026/08/31 23:06:36.994, 24.98, 24.96, 210, 405, 0, 0, 454, 455, 52, P8, 0x0000000000000001
2026/08/31 23:06:37.494, 24.81, 24.66, 210, 405, 0, 0, 454, 455, 52, P8, 0x0000000000000001
2026/08/31 23:06:37.995, 24.81, 24.66, 210, 405, 0, 0, 454, 455, 52, P8, 0x0000000000000001
2026/08/31 23:06:38.495, 24.81, 24.96, 210, 405, 0, 0, 454, 455, 52, P8, 0x0000000000000001
2026/08/31 23:06:38.995, 24.81, 24.96, 210, 405, 0, 0, 454, 455, 52, P8, 0x0000000000000001
2026/08/31 23:06:39.496, 24.86, 24.77, 210, 405, 0, 0, 454, 455, 52, P8, 0x0000000000000001
2026/08/31 23:06:39.996, 24.86, 24.77, 210, 405, 0, 0, 454, 455, 52, P8, 0x0000000000000001
2026/08/31 23:06:40.496, 24.80, 24.83, 210, 405, 0, 0, 454, 455, 52, P8, 0x0000000000000001
2026/08/31 23:06:40.997, 24.80, 24.83, 210, 405, 0, 0, 454, 455, 52, P8, 0x0000000000000001
2026/08/31 23:06:41.497, 24.88, 24.94, 210, 405, 0, 0, 454, 455, 53, P8, 0x0000000000000001
2026/08/31 23:06:41.997, 24.88, 24.94, 210, 405, 0, 0, 454, 455, 53, P8, 0x0000000000000001
2026/08/31 23:06:42.498, 24.81, 24.68, 210, 405, 0, 0, 454, 455, 53, P8, 0x0000000000000001
2026/08/31 23:06:42.998, 24.81, 24.68, 210, 405, 0, 0, 454, 455, 53, P8, 0x0000000000000001
2026/08/31 23:06:43.498, 24.84, 25.00, 210, 405, 0, 0, 454, 455, 52, P8, 0x0000000000000001
2026/08/31 23:06:43.999, 24.84, 25.00, 210, 405, 0, 0, 454, 455, 52, P8, 0x0000000000000001
2026/08/31 23:06:44.499, 24.99, 24.98, 210, 405, 0, 0, 454, 455, 52, P8, 0x0000000000000001
2026/08/31 23:06:44.999, 24.99, 24.98, 210, 405, 0, 0, 454, 455, 52, P8, 0x0000000000000001
2026/08/31 23:06:45.500, 24.85, 24.72, 210, 405, 0, 0, 454, 455, 52, P8, 0x0000000000000001
2026/08/31 23:06:46.000, 24.85, 24.72, 210, 405, 0, 0, 454, 455, 52, P8, 0x0000000000000001
2026/08/31 23:06:46.500, 24.85, 24.99, 210, 405, 0, 0, 454, 455, 52, P8, 0x0000000000000001
2026/08/31 23:06:47.001, 24.85, 24.99, 210, 405, 0, 0, 454, 455, 52, P8, 0x0000000000000001
2026/08/31 23:06:47.501, 25.00, 25.01, 210, 405, 0, 0, 454, 455, 52, P8, 0x0000000000000001
2026/08/31 23:06:48.001, 25.00, 25.01, 210, 405, 0, 0, 454, 455, 52, P8, 0x0000000000000001
2026/08/31 23:06:48.502, 24.87, 24.74, 210, 405, 0, 0, 454, 455, 52, P8, 0x0000000000000001
2026/08/31 23:06:49.002, 24.87, 24.74, 210, 405, 0, 0, 454, 455, 52, P8, 0x0000000000000001
2026/08/31 23:06:49.502, 24.87, 25.00, 210, 405, 0, 0, 454, 455, 52, P8, 0x0000000000000001
2026/08/31 23:06:50.002, 24.87, 25.00, 210, 405, 0, 0, 454, 455, 52, P8, 0x0000000000000001
2026/08/31 23:06:50.503, 25.02, 25.03, 210, 405, 0, 0, 454, 455, 52, P8, 0x0000000000000001
2026/08/31 23:06:51.003, 25.02, 25.03, 210, 405, 0, 0, 454, 455, 52, P8, 0x0000000000000001
2026/08/31 23:06:51.503, 24.92, 24.80, 210, 405, 0, 0, 454, 455, 52, P8, 0x0000000000000001
2026/08/31 23:06:52.004, 24.92, 24.80, 210, 405, 0, 0, 454, 455, 52, P8, 0x0000000000000001
2026/08/31 23:06:52.504, 24.98, 25.15, 210, 405, 0, 0, 454, 455, 52, P8, 0x0000000000000001
2026/08/31 23:06:53.004, 24.98, 25.15, 210, 405, 0, 0, 454, 455, 52, P8, 0x0000000000000001
2026/08/31 23:06:53.504, 25.15, 25.15, 210, 405, 0, 0, 454, 455, 52, P8, 0x0000000000000001
2026/08/31 23:06:54.005, 25.15, 25.15, 210, 405, 0, 0, 454, 455, 52, P8, 0x0000000000000001
2026/08/31 23:06:54.505, 24.98, 24.81, 210, 405, 0, 0, 454, 455, 52, P8, 0x0000000000000001
2026/08/31 23:06:55.005, 24.98, 24.81, 210, 405, 0, 0, 454, 455, 52, P8, 0x0000000000000001
2026/08/31 23:06:55.506, 24.97, 25.14, 210, 405, 0, 0, 454, 455, 52, P8, 0x0000000000000001
2026/08/31 23:06:56.006, 24.97, 25.14, 210, 405, 0, 0, 454, 455, 52, P8, 0x0000000000000001
2026/08/31 23:06:56.506, 25.11, 25.08, 210, 405, 0, 0, 454, 455, 52, P8, 0x0000000000000001
2026/08/31 23:06:57.007, 25.11, 25.08, 210, 405, 0, 0, 454, 455, 52, P8, 0x0000000000000001
2026/08/31 23:06:57.507, 24.89, 24.69, 210, 405, 0, 0, 454, 455, 52, P8, 0x0000000000000001
2026/08/31 23:06:58.007, 24.89, 24.69, 210, 405, 0, 0, 454, 455, 52, P8, 0x0000000000000001
2026/08/31 23:06:58.507, 24.85, 25.01, 210, 405, 0, 0, 454, 455, 52, P8, 0x0000000000000001
2026/08/31 23:06:59.008, 24.85, 25.01, 210, 405, 0, 0, 454, 455, 52, P8, 0x0000000000000001
2026/08/31 23:06:59.508, 25.01, 25.00, 210, 405, 0, 0, 454, 455, 52, P8, 0x0000000000000001
2026/08/31 23:07:00.008, 25.01, 25.00, 210, 405, 0, 0, 454, 455, 52, P8, 0x0000000000000001
2026/08/31 23:07:00.509, 27.55, 36.74, 210, 405, 0, 0, 454, 455, 53, P8, 0x0000000000000001
2026/08/31 23:07:01.009, 30.07, 36.61, 210, 405, 0, 0, 454, 455, 53, P8, 0x0000000000000001
2026/08/31 23:07:01.509, 30.74, 36.89, 210, 405, 0, 0, 454, 455, 53, P8, 0x0000000000000001
2026/08/31 23:07:02.010, 30.74, 36.89, 210, 405, 0, 0, 454, 455, 53, P8, 0x0000000000000001
2026/08/31 23:07:02.510, 26.22, 25.16, 210, 405, 0, 0, 454, 455, 53, P8, 0x0000000000000001
2026/08/31 23:07:03.010, 26.22, 25.16, 210, 405, 0, 0, 454, 455, 53, P8, 0x0000000000000001
2026/08/31 23:07:03.511, 25.11, 25.06, 210, 405, 0, 0, 454, 455, 52, P8, 0x0000000000000001
2026/08/31 23:07:04.011, 25.11, 25.06, 210, 405, 0, 0, 454, 455, 52, P8, 0x0000000000000001
2026/08/31 23:07:04.511, 24.92, 24.78, 210, 405, 0, 0, 454, 455, 52, P8, 0x0000000000000001
2026/08/31 23:07:05.012, 24.92, 24.78, 210, 405, 0, 0, 454, 455, 52, P8, 0x0000000000000001
2026/08/31 23:07:05.512, 24.93, 25.08, 210, 405, 0, 0, 454, 455, 53, P8, 0x0000000000000001
2026/08/31 23:07:06.012, 24.93, 25.08, 210, 405, 0, 0, 454, 455, 53, P8, 0x0000000000000001
2026/08/31 23:07:06.513, 25.09, 25.10, 210, 405, 0, 0, 454, 455, 53, P8, 0x0000000000000001
2026/08/31 23:07:07.013, 25.09, 25.10, 210, 405, 0, 0, 454, 455, 53, P8, 0x0000000000000001
2026/08/31 23:07:07.513, 24.89, 24.67, 210, 405, 0, 0, 454, 455, 53, P8, 0x0000000000000001
2026/08/31 23:07:08.014, 24.89, 24.67, 210, 405, 0, 0, 454, 455, 53, P8, 0x0000000000000001
2026/08/31 23:07:08.514, 24.83, 24.99, 210, 405, 0, 0, 454, 455, 52, P8, 0x0000000000000001
2026/08/31 23:07:09.014, 24.83, 24.99, 210, 405, 0, 0, 454, 455, 52, P8, 0x0000000000000001
2026/08/31 23:07:09.515, 25.00, 25.01, 210, 405, 0, 0, 454, 455, 52, P8, 0x0000000000000001
2026/08/31 23:07:10.015, 25.00, 25.01, 210, 405, 0, 0, 454, 455, 52, P8, 0x0000000000000001
2026/08/31 23:07:10.516, 24.82, 24.62, 210, 405, 0, 0, 454, 455, 52, P8, 0x0000000000000001
2026/08/31 23:07:11.016, 24.82, 24.62, 210, 405, 0, 0, 454, 455, 52, P8, 0x0000000000000001
2026/08/31 23:07:11.516, 24.81, 24.99, 210, 405, 0, 0, 454, 455, 52, P8, 0x0000000000000001
2026/08/31 23:07:12.017, 24.81, 24.99, 210, 405, 0, 0, 454, 455, 52, P8, 0x0000000000000001
2026/08/31 23:07:12.517, 24.99, 24.99, 210, 405, 0, 0, 454, 455, 52, P8, 0x0000000000000001
2026/08/31 23:07:13.017, 24.99, 24.99, 210, 405, 0, 0, 454, 455, 52, P8, 0x0000000000000001
2026/08/31 23:07:13.518, 24.84, 24.69, 210, 405, 0, 0, 454, 455, 52, P8, 0x0000000000000001
2026/08/31 23:07:14.018, 24.84, 24.69, 210, 405, 0, 0, 454, 455, 52, P8, 0x0000000000000001
2026/08/31 23:07:14.518, 24.83, 24.97, 210, 405, 0, 0, 454, 455, 52, P8, 0x0000000000000001
2026/08/31 23:07:15.019, 24.83, 24.97, 210, 405, 0, 0, 454, 455, 52, P8, 0x0000000000000001
2026/08/31 23:07:15.519, 24.95, 24.94, 210, 405, 0, 0, 454, 455, 52, P8, 0x0000000000000001
2026/08/31 23:07:16.020, 24.95, 24.94, 210, 405, 0, 0, 454, 455, 52, P8, 0x0000000000000001
2026/08/31 23:07:16.520, 24.77, 24.61, 210, 405, 0, 0, 454, 455, 52, P8, 0x0000000000000001
2026/08/31 23:07:17.020, 24.77, 24.61, 210, 405, 0, 0, 454, 455, 52, P8, 0x0000000000000001
2026/08/31 23:07:17.521, 24.77, 24.92, 210, 405, 0, 0, 454, 455, 52, P8, 0x0000000000000001
2026/08/31 23:07:18.021, 24.77, 24.92, 210, 405, 0, 0, 454, 455, 52, P8, 0x0000000000000001
2026/08/31 23:07:18.521, 24.92, 24.92, 210, 405, 0, 0, 454, 455, 52, P8, 0x0000000000000001
2026/08/31 23:07:19.022, 24.92, 24.92, 210, 405, 0, 0, 454, 455, 52, P8, 0x0000000000000001
2026/08/31 23:07:19.522, 24.80, 24.67, 210, 405, 0, 0, 454, 455, 52, P8, 0x0000000000000001
2026/08/31 23:07:20.023, 24.80, 24.67, 210, 405, 0, 0, 454, 455, 52, P8, 0x0000000000000001
2026/08/31 23:07:20.523, 24.83, 25.00, 210, 405, 0, 0, 454, 455, 52, P8, 0x0000000000000001
2026/08/31 23:07:21.023, 24.83, 25.00, 210, 405, 0, 0, 454, 455, 52, P8, 0x0000000000000001
2026/08/31 23:07:21.524, 24.97, 24.95, 210, 405, 0, 0, 454, 455, 52, P8, 0x0000000000000001
2026/08/31 23:07:22.024, 24.97, 24.95, 210, 405, 0, 0, 454, 455, 52, P8, 0x0000000000000001
2026/08/31 23:07:22.525, 24.74, 24.54, 210, 405, 0, 0, 454, 455, 52, P8, 0x0000000000000001
2026/08/31 23:07:23.025, 24.74, 24.54, 210, 405, 0, 0, 454, 455, 52, P8, 0x0000000000000001
2026/08/31 23:07:23.525, 24.75, 24.95, 210, 405, 0, 0, 454, 455, 52, P8, 0x0000000000000001
2026/08/31 23:07:24.026, 24.75, 24.95, 210, 405, 0, 0, 454, 455, 52, P8, 0x0000000000000001
2026/08/31 23:07:24.526, 24.99, 25.02, 210, 405, 0, 0, 454, 455, 52, P8, 0x0000000000000001
2026/08/31 23:07:25.026, 24.99, 25.02, 210, 405, 0, 0, 454, 455, 52, P8, 0x0000000000000001
2026/08/31 23:07:25.527, 24.86, 24.71, 210, 405, 0, 0, 454, 455, 52, P8, 0x0000000000000001
2026/08/31 23:07:26.028, 24.86, 24.71, 210, 405, 0, 0, 454, 455, 52, P8, 0x0000000000000001
2026/08/31 23:07:26.528, 24.85, 25.00, 210, 405, 0, 0, 454, 455, 52, P8, 0x0000000000000001
2026/08/31 23:07:27.028, 24.85, 25.00, 210, 405, 0, 0, 454, 455, 52, P8, 0x0000000000000001
2026/08/31 23:07:27.529, 25.02, 25.05, 210, 405, 0, 0, 454, 455, 52, P8, 0x0000000000000001
2026/08/31 23:07:28.029, 25.02, 25.05, 210, 405, 0, 0, 454, 455, 52, P8, 0x0000000000000001
2026/08/31 23:07:28.529, 24.90, 24.75, 210, 405, 0, 0, 454, 455, 52, P8, 0x0000000000000001
2026/08/31 23:07:29.030, 24.90, 24.75, 210, 405, 0, 0, 454, 455, 52, P8, 0x0000000000000001
2026/08/31 23:07:29.530, 24.87, 24.99, 210, 405, 0, 0, 454, 455, 52, P8, 0x0000000000000001
2026/08/31 23:07:30.030, 24.87, 24.99, 210, 405, 0, 0, 454, 455, 52, P8, 0x0000000000000001
2026/08/31 23:07:30.531, 24.98, 24.99, 210, 405, 0, 0, 454, 455, 52, P8, 0x0000000000000001
2026/08/31 23:07:31.031, 24.98, 24.99, 210, 405, 0, 0, 454, 455, 52, P8, 0x0000000000000001
2026/08/31 23:07:31.532, 24.83, 24.68, 210, 405, 0, 0, 454, 455, 52, P8, 0x0000000000000001
2026/08/31 23:07:32.032, 24.83, 24.68, 210, 405, 0, 0, 454, 455, 52, P8, 0x0000000000000001
2026/08/31 23:07:32.532, 24.79, 24.89, 210, 405, 0, 0, 454, 455, 52, P8, 0x0000000000000001
2026/08/31 23:07:33.033, 24.79, 24.89, 210, 405, 0, 0, 454, 455, 52, P8, 0x0000000000000001
2026/08/31 23:07:33.533, 24.89, 24.88, 210, 405, 0, 0, 454, 455, 52, P8, 0x0000000000000001
2026/08/31 23:07:34.033, 24.89, 24.88, 210, 405, 0, 0, 454, 455, 52, P8, 0x0000000000000001
2026/08/31 23:07:34.534, 24.75, 24.62, 210, 405, 0, 0, 454, 455, 52, P8, 0x0000000000000001
2026/08/31 23:07:35.034, 24.75, 24.62, 210, 405, 0, 0, 454, 455, 52, P8, 0x0000000000000001
2026/08/31 23:07:35.534, 24.76, 24.89, 210, 405, 0, 0, 454, 455, 52, P8, 0x0000000000000001
2026/08/31 23:07:36.035, 24.76, 24.89, 210, 405, 0, 0, 454, 455, 52, P8, 0x0000000000000001
2026/08/31 23:07:36.535, 24.93, 24.98, 210, 405, 0, 0, 454, 455, 52, P8, 0x0000000000000001
2026/08/31 23:07:37.035, 24.93, 24.98, 210, 405, 0, 0, 454, 455, 52, P8, 0x0000000000000001
2026/08/31 23:07:37.536, 24.82, 24.66, 210, 405, 0, 0, 454, 455, 52, P8, 0x0000000000000001
2026/08/31 23:07:38.036, 24.82, 24.66, 210, 405, 0, 0, 454, 455, 52, P8, 0x0000000000000001
2026/08/31 23:07:38.536, 24.80, 24.94, 210, 405, 0, 0, 454, 455, 52, P8, 0x0000000000000001
2026/08/31 23:07:39.037, 24.80, 24.94, 210, 405, 0, 0, 454, 455, 52, P8, 0x0000000000000001
2026/08/31 23:07:39.537, 24.80, 24.66, 210, 405, 0, 0, 454, 455, 52, P8, 0x0000000000000001
2026/08/31 23:07:40.037, 24.80, 24.66, 210, 405, 0, 0, 454, 455, 52, P8, 0x0000000000000001
2026/08/31 23:07:40.538, 24.81, 24.96, 210, 405, 0, 0, 454, 455, 52, P8, 0x0000000000000001
2026/08/31 23:07:41.038, 24.81, 24.96, 210, 405, 0, 0, 454, 455, 52, P8, 0x0000000000000001
2026/08/31 23:07:41.539, 24.99, 25.03, 210, 405, 0, 0, 454, 455, 52, P8, 0x0000000000000001
2026/08/31 23:07:42.039, 24.99, 25.03, 210, 405, 0, 0, 454, 455, 52, P8, 0x0000000000000001
2026/08/31 23:07:42.539, 24.84, 24.65, 210, 405, 0, 0, 454, 455, 52, P8, 0x0000000000000001
2026/08/31 23:07:43.040, 24.84, 24.65, 210, 405, 0, 0, 454, 455, 52, P8, 0x0000000000000001
2026/08/31 23:07:43.540, 24.83, 25.02, 210, 405, 0, 0, 454, 455, 52, P8, 0x0000000000000001
2026/08/31 23:07:44.041, 24.83, 25.02, 210, 405, 0, 0, 454, 455, 52, P8, 0x0000000000000001
2026/08/31 23:07:44.541, 25.03, 25.04, 210, 405, 0, 0, 454, 455, 52, P8, 0x0000000000000001
2026/08/31 23:07:45.041, 25.03, 25.04, 210, 405, 0, 0, 454, 455, 52, P8, 0x0000000000000001
2026/08/31 23:07:45.542, 24.88, 24.72, 210, 405, 0, 0, 454, 455, 52, P8, 0x0000000000000001
2026/08/31 23:07:46.042, 24.88, 24.72, 210, 405, 0, 0, 454, 455, 52, P8, 0x0000000000000001
2026/08/31 23:07:46.542, 24.91, 25.10, 210, 405, 0, 0, 454, 455, 52, P8, 0x0000000000000001
2026/08/31 23:07:47.043, 24.91, 25.10, 210, 405, 0, 0, 454, 455, 52, P8, 0x0000000000000001
2026/08/31 23:07:47.543, 25.10, 25.11, 210, 405, 0, 0, 454, 455, 52, P8, 0x0000000000000001
2026/08/31 23:07:48.043, 25.10, 25.11, 210, 405, 0, 0, 454, 455, 52, P8, 0x0000000000000001
2026/08/31 23:07:48.543, 24.94, 24.76, 210, 405, 0, 0, 454, 455, 52, P8, 0x0000000000000001
2026/08/31 23:07:49.044, 24.94, 24.76, 210, 405, 0, 0, 454, 455, 52, P8, 0x0000000000000001
2026/08/31 23:07:49.544, 24.95, 25.15, 210, 405, 0, 0, 454, 455, 52, P8, 0x0000000000000001
2026/08/31 23:07:50.044, 24.95, 25.15, 210, 405, 0, 0, 454, 455, 52, P8, 0x0000000000000001
2026/08/31 23:07:50.545, 25.08, 25.02, 210, 405, 0, 0, 454, 455, 52, P8, 0x0000000000000001
2026/08/31 23:07:51.045, 25.08, 25.02, 210, 405, 0, 0, 454, 455, 52, P8, 0x0000000000000001
2026/08/31 23:07:51.545, 24.88, 24.74, 210, 405, 0, 0, 454, 455, 52, P8, 0x0000000000000001
2026/08/31 23:07:52.046, 24.88, 24.74, 210, 405, 0, 0, 454, 455, 52, P8, 0x0000000000000001
2026/08/31 23:07:52.546, 24.88, 25.01, 210, 405, 0, 0, 454, 455, 52, P8, 0x0000000000000001
2026/08/31 23:07:53.046, 24.88, 25.01, 210, 405, 0, 0, 454, 455, 52, P8, 0x0000000000000001
2026/08/31 23:07:53.547, 25.01, 25.02, 210, 405, 0, 0, 454, 455, 52, P8, 0x0000000000000001
2026/08/31 23:07:54.047, 25.01, 25.02, 210, 405, 0, 0, 454, 455, 52, P8, 0x0000000000000001
2026/08/31 23:07:54.547, 24.85, 24.69, 210, 405, 0, 0, 454, 455, 52, P8, 0x0000000000000001
2026/08/31 23:07:55.047, 24.85, 24.69, 210, 405, 0, 0, 454, 455, 52, P8, 0x0000000000000001
2026/08/31 23:07:55.548, 24.86, 25.03, 210, 405, 0, 0, 454, 455, 52, P8, 0x0000000000000001
2026/08/31 23:07:56.048, 24.86, 25.03, 210, 405, 0, 0, 454, 455, 52, P8, 0x0000000000000001
2026/08/31 23:07:56.548, 24.99, 24.95, 210, 405, 0, 0, 454, 455, 52, P8, 0x0000000000000001
2026/08/31 23:07:57.049, 24.99, 24.95, 210, 405, 0, 0, 454, 455, 52, P8, 0x0000000000000001
2026/08/31 23:07:57.549, 24.85, 24.75, 210, 405, 0, 0, 454, 455, 52, P8, 0x0000000000000001
2026/08/31 23:07:58.049, 24.85, 24.75, 210, 405, 0, 0, 454, 455, 52, P8, 0x0000000000000001
2026/08/31 23:07:58.550, 24.89, 25.03, 210, 405, 0, 0, 454, 455, 52, P8, 0x0000000000000001
2026/08/31 23:07:59.050, 24.89, 25.03, 210, 405, 0, 0, 454, 455, 52, P8, 0x0000000000000001
2026/08/31 23:07:59.550, 25.05, 25.06, 210, 405, 0, 0, 454, 455, 52, P8, 0x0000000000000001
2026/08/31 23:08:00.050, 25.05, 25.06, 210, 405, 0, 0, 454, 455, 52, P8, 0x0000000000000001
2026/08/31 23:08:00.551, 27.52, 37.52, 210, 405, 0, 0, 454, 455, 53, P8, 0x0000000000000001
2026/08/31 23:08:01.051, 30.05, 36.62, 210, 405, 0, 0, 454, 455, 53, P8, 0x0000000000000001
2026/08/31 23:08:01.551, 30.71, 36.59, 210, 405, 0, 0, 454, 455, 53, P8, 0x0000000000000001
2026/08/31 23:08:02.052, 30.71, 36.59, 210, 405, 0, 0, 454, 455, 53, P8, 0x0000000000000001
2026/08/31 23:08:02.552, 26.35, 25.33, 210, 405, 0, 0, 454, 455, 53, P8, 0x0000000000000001
2026/08/31 23:08:03.052, 26.35, 25.33, 210, 405, 0, 0, 454, 455, 53, P8, 0x0000000000000001
2026/08/31 23:08:03.553, 25.17, 25.01, 210, 405, 0, 0, 454, 455, 52, P8, 0x0000000000000001
2026/08/31 23:08:04.053, 25.17, 25.01, 210, 405, 0, 0, 454, 455, 52, P8, 0x0000000000000001
2026/08/31 23:08:04.553, 24.84, 24.67, 210, 405, 0, 0, 454, 455, 52, P8, 0x0000000000000001
2026/08/31 23:08:05.053, 24.84, 24.67, 210, 405, 0, 0, 454, 455, 52, P8, 0x0000000000000001
2026/08/31 23:08:05.554, 24.86, 25.04, 210, 405, 0, 0, 454, 455, 52, P8, 0x0000000000000001
2026/08/31 23:08:06.054, 24.86, 25.04, 210, 405, 0, 0, 454, 455, 52, P8, 0x0000000000000001
2026/08/31 23:08:06.554, 25.05, 25.06, 210, 405, 0, 0, 454, 455, 52, P8, 0x0000000000000001
2026/08/31 23:08:07.055, 25.05, 25.06, 210, 405, 0, 0, 454, 455, 52, P8, 0x0000000000000001
2026/08/31 23:08:07.555, 24.90, 24.75, 210, 405, 0, 0, 454, 455, 52, P8, 0x0000000000000001
2026/08/31 23:08:08.055, 24.90, 24.75, 210, 405, 0, 0, 454, 455, 52, P8, 0x0000000000000001
2026/08/31 23:08:08.555, 24.89, 25.04, 210, 405, 0, 0, 454, 455, 52, P8, 0x0000000000000001
2026/08/31 23:08:09.056, 24.89, 25.04, 210, 405, 0, 0, 454, 455, 52, P8, 0x0000000000000001
2026/08/31 23:08:09.556, 25.05, 25.06, 210, 405, 0, 0, 454, 455, 52, P8, 0x0000000000000001
2026/08/31 23:08:10.056, 25.05, 25.06, 210, 405, 0, 0, 454, 455, 52, P8, 0x0000000000000001
2026/08/31 23:08:10.557, 24.88, 24.71, 210, 405, 0, 0, 454, 455, 52, P8, 0x0000000000000001
2026/08/31 23:08:11.057, 24.88, 24.71, 210, 405, 0, 0, 454, 455, 52, P8, 0x0000000000000001
2026/08/31 23:08:11.557, 24.87, 25.03, 210, 405, 0, 0, 454, 455, 52, P8, 0x0000000000000001
2026/08/31 23:08:12.058, 24.87, 25.03, 210, 405, 0, 0, 454, 455, 52, P8, 0x0000000000000001
2026/08/31 23:08:12.558, 25.01, 24.99, 210, 405, 0, 0, 454, 455, 52, P8, 0x0000000000000001
2026/08/31 23:08:13.058, 25.01, 24.99, 210, 405, 0, 0, 454, 455, 52, P8, 0x0000000000000001
2026/08/31 23:08:13.559, 24.83, 24.67, 210, 405, 0, 0, 454, 455, 52, P8, 0x0000000000000001
2026/08/31 23:08:14.059, 24.83, 24.67, 210, 405, 0, 0, 454, 455, 52, P8, 0x0000000000000001
2026/08/31 23:08:14.559, 24.83, 25.00, 210, 405, 0, 0, 454, 455, 52, P8, 0x0000000000000001
2026/08/31 23:08:15.059, 24.83, 25.00, 210, 405, 0, 0, 454, 455, 52, P8, 0x0000000000000001
2026/08/31 23:08:15.560, 24.96, 24.92, 210, 405, 0, 0, 454, 455, 52, P8, 0x0000000000000001
2026/08/31 23:08:16.060, 24.96, 24.92, 210, 405, 0, 0, 454, 455, 52, P8, 0x0000000000000001
2026/08/31 23:08:16.560, 24.81, 24.69, 210, 405, 0, 0, 454, 455, 52, P8, 0x0000000000000001
2026/08/31 23:08:17.061, 24.81, 24.69, 210, 405, 0, 0, 454, 455, 52, P8, 0x0000000000000001
2026/08/31 23:08:17.561, 24.83, 24.98, 210, 405, 0, 0, 454, 455, 52, P8, 0x0000000000000001
2026/08/31 23:08:18.062, 24.83, 24.98, 210, 405, 0, 0, 454, 455, 52, P8, 0x0000000000000001
2026/08/31 23:08:18.562, 24.96, 24.93, 210, 405, 0, 0, 454, 455, 52, P8, 0x0000000000000001
2026/08/31 23:08:19.062, 24.96, 24.93, 210, 405, 0, 0, 454, 455, 52, P8, 0x0000000000000001
2026/08/31 23:08:19.563, 24.77, 24.60, 210, 405, 0, 0, 454, 455, 52, P8, 0x0000000000000001
2026/08/31 23:08:20.063, 24.77, 24.60, 210, 405, 0, 0, 454, 455, 52, P8, 0x0000000000000001
2026/08/31 23:08:20.563, 24.75, 24.91, 210, 405, 0, 0, 454, 455, 52, P8, 0x0000000000000001
2026/08/31 23:08:21.064, 24.75, 24.91, 210, 405, 0, 0, 454, 455, 52, P8, 0x0000000000000001
2026/08/31 23:08:21.564, 24.96, 25.01, 210, 405, 0, 0, 454, 455, 52, P8, 0x0000000000000001
2026/08/31 23:08:22.064, 24.96, 25.01, 210, 405, 0, 0, 454, 455, 52, P8, 0x0000000000000001
2026/08/31 23:08:22.565, 24.88, 24.75, 210, 405, 0, 0, 454, 455, 52, P8, 0x0000000000000001
2026/08/31 23:08:23.065, 24.88, 24.75, 210, 405, 0, 0, 454, 455, 52, P8, 0x0000000000000001
2026/08/31 23:08:23.565, 24.91, 25.07, 210, 405, 0, 0, 454, 455, 52, P8, 0x0000000000000001
2026/08/31 23:08:24.066, 24.91, 25.07, 210, 405, 0, 0, 454, 455, 52, P8, 0x0000000000000001
2026/08/31 23:08:24.566, 25.05, 25.04, 210, 405, 0, 0, 454, 455, 52, P8, 0x0000000000000001
2026/08/31 23:08:25.066, 25.05, 25.04, 210, 405, 0, 0, 454, 455, 52, P8, 0x0000000000000001
2026/08/31 23:08:25.567, 24.87, 24.70, 210, 405, 0, 0, 454, 455, 52, P8, 0x0000000000000001
2026/08/31 23:08:26.067, 24.87, 24.70, 210, 405, 0, 0, 454, 455, 52, P8, 0x0000000000000001
2026/08/31 23:08:26.568, 24.84, 24.99, 210, 405, 0, 0, 454, 455, 52, P8, 0x0000000000000001
2026/08/31 23:08:27.068, 24.84, 24.99, 210, 405, 0, 0, 454, 455, 52, P8, 0x0000000000000001
2026/08/31 23:08:27.568, 25.00, 25.00, 210, 405, 0, 0, 454, 455, 52, P8, 0x0000000000000001
2026/08/31 23:08:28.069, 25.00, 25.00, 210, 405, 0, 0, 454, 455, 52, P8, 0x0000000000000001
2026/08/31 23:08:28.569, 24.87, 24.75, 210, 405, 0, 0, 454, 455, 52, P8, 0x0000000000000001
2026/08/31 23:08:29.069, 24.87, 24.75, 210, 405, 0, 0, 454, 455, 52, P8, 0x0000000000000001
2026/08/31 23:08:29.570, 24.90, 25.04, 210, 405, 0, 0, 454, 455, 52, P8, 0x0000000000000001
2026/08/31 23:08:30.070, 24.90, 25.04, 210, 405, 0, 0, 454, 455, 52, P8, 0x0000000000000001
2026/08/31 23:08:30.571, 25.04, 25.05, 210, 405, 0, 0, 454, 455, 52, P8, 0x0000000000000001
2026/08/31 23:08:31.071, 25.04, 25.05, 210, 405, 0, 0, 454, 455, 52, P8, 0x0000000000000001
2026/08/31 23:08:31.571, 24.86, 24.67, 210, 405, 0, 0, 454, 455, 52, P8, 0x0000000000000001
2026/08/31 23:08:32.072, 24.86, 24.67, 210, 405, 0, 0, 454, 455, 52, P8, 0x0000000000000001
2026/08/31 23:08:32.572, 24.84, 25.01, 210, 405, 0, 0, 454, 455, 52, P8, 0x0000000000000001
2026/08/31 23:08:33.072, 24.84, 25.01, 210, 405, 0, 0, 454, 455, 52, P8, 0x0000000000000001
2026/08/31 23:08:33.573, 25.00, 24.99, 210, 405, 0, 0, 454, 455, 52, P8, 0x0000000000000001
2026/08/31 23:08:34.073, 25.00, 24.99, 210, 405, 0, 0, 454, 455, 52, P8, 0x0000000000000001
2026/08/31 23:08:34.573, 24.82, 24.65, 210, 405, 0, 0, 454, 455, 52, P8, 0x0000000000000001
2026/08/31 23:08:35.074, 24.82, 24.65, 210, 405, 0, 0, 454, 455, 52, P8, 0x0000000000000001
2026/08/31 23:08:35.574, 24.80, 24.95, 210, 405, 0, 0, 454, 455, 52, P8, 0x0000000000000001
2026/08/31 23:08:36.074, 24.80, 24.95, 210, 405, 0, 0, 454, 455, 52, P8, 0x0000000000000001
2026/08/31 23:08:36.575, 24.88, 24.81, 210, 405, 0, 0, 454, 455, 52, P8, 0x0000000000000001
2026/08/31 23:08:37.075, 24.88, 24.81, 210, 405, 0, 0, 454, 455, 52, P8, 0x0000000000000001
2026/08/31 23:08:37.575, 24.81, 24.82, 210, 405, 0, 0, 454, 455, 52, P8, 0x0000000000000001
2026/08/31 23:08:38.076, 24.81, 24.82, 210, 405, 0, 0, 454, 455, 52, P8, 0x0000000000000001
2026/08/31 23:08:38.576, 24.93, 25.06, 210, 405, 0, 0, 454, 455, 52, P8, 0x0000000000000001
2026/08/31 23:08:39.076, 24.93, 25.06, 210, 405, 0, 0, 454, 455, 52, P8, 0x0000000000000001
2026/08/31 23:08:39.577, 24.90, 24.75, 210, 405, 0, 0, 454, 455, 52, P8, 0x0000000000000001
2026/08/31 23:08:40.077, 24.90, 24.75, 210, 405, 0, 0, 454, 455, 52, P8, 0x0000000000000001
2026/08/31 23:08:40.577, 24.91, 25.06, 210, 405, 0, 0, 454, 455, 52, P8, 0x0000000000000001
2026/08/31 23:08:41.077, 24.91, 25.06, 210, 405, 0, 0, 454, 455, 52, P8, 0x0000000000000001
2026/08/31 23:08:41.578, 25.02, 24.99, 210, 405, 0, 0, 454, 455, 52, P8, 0x0000000000000001
2026/08/31 23:08:42.078, 25.02, 24.99, 210, 405, 0, 0, 454, 455, 52, P8, 0x0000000000000001
2026/08/31 23:08:42.578, 24.83, 24.67, 210, 405, 0, 0, 454, 455, 52, P8, 0x0000000000000001
2026/08/31 23:08:43.079, 24.83, 24.67, 210, 405, 0, 0, 454, 455, 52, P8, 0x0000000000000001
2026/08/31 23:08:43.579, 24.82, 24.97, 210, 405, 0, 0, 454, 455, 52, P8, 0x0000000000000001
2026/08/31 23:08:44.079, 24.82, 24.97, 210, 405, 0, 0, 454, 455, 52, P8, 0x0000000000000001
2026/08/31 23:08:44.580, 24.95, 24.94, 210, 405, 0, 0, 454, 455, 52, P8, 0x0000000000000001
2026/08/31 23:08:45.080, 24.95, 24.94, 210, 405, 0, 0, 454, 455, 52, P8, 0x0000000000000001
2026/08/31 23:08:45.580, 24.78, 24.63, 210, 405, 0, 0, 454, 455, 52, P8, 0x0000000000000001
2026/08/31 23:08:46.081, 24.78, 24.63, 210, 405, 0, 0, 454, 455, 52, P8, 0x0000000000000001
2026/08/31 23:08:46.581, 24.78, 24.92, 210, 405, 0, 0, 454, 455, 52, P8, 0x0000000000000001
2026/08/31 23:08:47.081, 24.78, 24.92, 210, 405, 0, 0, 454, 455, 52, P8, 0x0000000000000001
2026/08/31 23:08:47.582, 24.94, 24.95, 210, 405, 0, 0, 454, 455, 52, P8, 0x0000000000000001
2026/08/31 23:08:48.082, 24.94, 24.95, 210, 405, 0, 0, 454, 455, 52, P8, 0x0000000000000001
2026/08/31 23:08:48.582, 24.81, 24.67, 210, 405, 0, 0, 454, 455, 52, P8, 0x0000000000000001
2026/08/31 23:08:49.082, 24.81, 24.67, 210, 405, 0, 0, 454, 455, 52, P8, 0x0000000000000001
2026/08/31 23:08:49.583, 24.80, 24.94, 210, 405, 0, 0, 454, 455, 52, P8, 0x0000000000000001
2026/08/31 23:08:50.083, 24.80, 24.94, 210, 405, 0, 0, 454, 455, 52, P8, 0x0000000000000001
2026/08/31 23:08:50.583, 24.93, 24.92, 210, 405, 0, 0, 454, 455, 52, P8, 0x0000000000000001
2026/08/31 23:08:51.084, 24.93, 24.92, 210, 405, 0, 0, 454, 455, 52, P8, 0x0000000000000001
2026/08/31 23:08:51.584, 24.78, 24.63, 210, 405, 0, 0, 454, 455, 52, P8, 0x0000000000000001
2026/08/31 23:08:52.084, 24.78, 24.63, 210, 405, 0, 0, 454, 455, 52, P8, 0x0000000000000001
2026/08/31 23:08:52.584, 24.78, 24.93, 210, 405, 0, 0, 454, 455, 52, P8, 0x0000000000000001
2026/08/31 23:08:53.085, 24.78, 24.93, 210, 405, 0, 0, 454, 455, 52, P8, 0x0000000000000001
2026/08/31 23:08:53.585, 24.90, 24.88, 210, 405, 0, 0, 454, 455, 52, P8, 0x0000000000000001
2026/08/31 23:08:54.085, 24.90, 24.88, 210, 405, 0, 0, 454, 455, 52, P8, 0x0000000000000001
2026/08/31 23:08:54.586, 24.76, 24.65, 210, 405, 0, 0, 454, 455, 52, P8, 0x0000000000000001
2026/08/31 23:08:55.086, 24.76, 24.65, 210, 405, 0, 0, 454, 455, 52, P8, 0x0000000000000001
2026/08/31 23:08:55.586, 24.78, 24.91, 210, 405, 0, 0, 454, 455, 52, P8, 0x0000000000000001
2026/08/31 23:08:56.087, 24.78, 24.91, 210, 405, 0, 0, 454, 455, 52, P8, 0x0000000000000001
2026/08/31 23:08:56.587, 24.91, 24.91, 210, 405, 0, 0, 454, 455, 52, P8, 0x0000000000000001
2026/08/31 23:08:57.087, 24.91, 24.91, 210, 405, 0, 0, 454, 455, 52, P8, 0x0000000000000001
2026/08/31 23:08:57.587, 24.76, 24.62, 210, 405, 0, 0, 454, 455, 52, P8, 0x0000000000000001
2026/08/31 23:08:58.088, 24.76, 24.62, 210, 405, 0, 0, 454, 455, 52, P8, 0x0000000000000001
2026/08/31 23:08:58.588, 24.79, 24.95, 210, 405, 0, 0, 454, 455, 52, P8, 0x0000000000000001
2026/08/31 23:08:59.088, 24.79, 24.95, 210, 405, 0, 0, 454, 455, 52, P8, 0x0000000000000001
2026/08/31 23:08:59.589, 24.97, 24.99, 210, 405, 0, 0, 454, 455, 52, P8, 0x0000000000000001
2026/08/31 23:09:00.089, 24.97, 24.99, 210, 405, 0, 0, 454, 455, 52, P8, 0x0000000000000001
2026/08/31 23:09:00.589, 27.19, 37.40, 210, 405, 0, 0, 454, 455, 53, P8, 0x0000000000000001
2026/08/31 23:09:01.090, 29.77, 36.35, 210, 405, 0, 0, 454, 455, 53, P8, 0x0000000000000001
2026/08/31 23:09:01.590, 30.43, 36.31, 210, 405, 0, 0, 454, 455, 53, P8, 0x0000000000000001
2026/08/31 23:09:02.090, 30.43, 36.31, 210, 405, 0, 0, 454, 455, 53, P8, 0x0000000000000001
2026/08/31 23:09:02.591, 26.41, 25.42, 210, 405, 0, 0, 454, 455, 53, P8, 0x0000000000000001
2026/08/31 23:09:03.091, 26.41, 25.42, 210, 405, 0, 0, 454, 455, 53, P8, 0x0000000000000001
2026/08/31 23:09:03.591, 25.14, 24.85, 210, 405, 0, 0, 454, 455, 52, P8, 0x0000000000000001
2026/08/31 23:09:04.092, 25.14, 24.85, 210, 405, 0, 0, 454, 455, 52, P8, 0x0000000000000001
2026/08/31 23:09:04.592, 24.68, 24.50, 210, 405, 0, 0, 454, 455, 52, P8, 0x0000000000000001
2026/08/31 23:09:05.092, 24.68, 24.50, 210, 405, 0, 0, 454, 455, 52, P8, 0x0000000000000001
2026/08/31 23:09:05.593, 24.69, 24.88, 210, 405, 0, 0, 454, 455, 52, P8, 0x0000000000000001
2026/08/31 23:09:06.093, 24.69, 24.88, 210, 405, 0, 0, 454, 455, 52, P8, 0x0000000000000001
2026/08/31 23:09:06.593, 24.91, 24.93, 210, 405, 0, 0, 454, 455, 52, P8, 0x0000000000000001
2026/08/31 23:09:07.094, 24.91, 24.93, 210, 405, 0, 0, 454, 455, 52, P8, 0x0000000000000001
2026/08/31 23:09:07.594, 24.78, 24.62, 210, 405, 0, 0, 454, 455, 52, P8, 0x0000000000000001
2026/08/31 23:09:08.094, 24.78, 24.62, 210, 405, 0, 0, 454, 455, 52, P8, 0x0000000000000001
2026/08/31 23:09:08.594, 24.76, 24.90, 210, 405, 0, 0, 454, 455, 52, P8, 0x0000000000000001
2026/08/31 23:09:09.095, 24.76, 24.90, 210, 405, 0, 0, 454, 455, 52, P8, 0x0000000000000001
2026/08/31 23:09:09.595, 24.88, 24.85, 210, 405, 0, 0, 454, 455, 52, P8, 0x0000000000000001
2026/08/31 23:09:10.095, 24.88, 24.85, 210, 405, 0, 0, 454, 455, 52, P8, 0x0000000000000001
2026/08/31 23:09:10.596, 24.74, 24.63, 210, 405, 0, 0, 454, 455, 52, P8, 0x0000000000000001
2026/08/31 23:09:11.096, 24.74, 24.63, 210, 405, 0, 0, 454, 455, 52, P8, 0x0000000000000001
2026/08/31 23:09:11.596, 24.75, 24.88, 210, 405, 0, 0, 454, 455, 52, P8, 0x0000000000000001
2026/08/31 23:09:12.096, 24.75, 24.88, 210, 405, 0, 0, 454, 455, 52, P8, 0x0000000000000001
2026/08/31 23:09:12.597, 24.89, 24.90, 210, 405, 0, 0, 454, 455, 52, P8, 0x0000000000000001
2026/08/31 23:09:13.097, 24.89, 24.90, 210, 405, 0, 0, 454, 455, 52, P8, 0x0000000000000001
2026/08/31 23:09:13.598, 24.75, 24.59, 210, 405, 0, 0, 454, 455, 52, P8, 0x0000000000000001
2026/08/31 23:09:14.098, 24.75, 24.59, 210, 405, 0, 0, 454, 455, 52, P8, 0x0000000000000001
2026/08/31 23:09:14.599, 24.73, 24.87, 210, 405, 0, 0, 454, 455, 52, P8, 0x0000000000000001
2026/08/31 23:09:15.099, 24.73, 24.87, 210, 405, 0, 0, 454, 455, 52, P8, 0x0000000000000001
2026/08/31 23:09:15.599, 24.88, 24.89, 210, 405, 0, 0, 454, 455, 52, P8, 0x0000000000000001
2026/08/31 23:09:16.100, 24.88, 24.89, 210, 405, 0, 0, 454, 455, 52, P8, 0x0000000000000001
2026/08/31 23:09:16.600, 24.74, 24.59, 210, 405, 0, 0, 454, 455, 52, P8, 0x0000000000000001
2026/08/31 23:09:17.100, 24.74, 24.59, 210, 405, 0, 0, 454, 455, 52, P8, 0x0000000000000001
2026/08/31 23:09:17.601, 24.76, 24.93, 210, 405, 0, 0, 454, 455, 52, P8, 0x0000000000000001
2026/08/31 23:09:18.101, 24.76, 24.93, 210, 405, 0, 0, 454, 455, 52, P8, 0x0000000000000001
2026/08/31 23:09:18.601, 24.93, 24.93, 210, 405, 0, 0, 454, 455, 52, P8, 0x0000000000000001
2026/08/31 23:09:19.102, 24.93, 24.93, 210, 405, 0, 0, 454, 455, 52, P8, 0x0000000000000001
2026/08/31 23:09:19.602, 24.81, 24.68, 210, 405, 0, 0, 454, 455, 52, P8, 0x0000000000000001
2026/08/31 23:09:20.102, 24.81, 24.68, 210, 405, 0, 0, 454, 455, 52, P8, 0x0000000000000001
2026/08/31 23:09:20.603, 24.81, 24.94, 210, 405, 0, 0, 454, 455, 52, P8, 0x0000000000000001
2026/08/31 23:09:21.103, 24.81, 24.94, 210, 405, 0, 0, 454, 455, 52, P8, 0x0000000000000001
2026/08/31 23:09:21.603, 24.95, 24.96, 210, 405, 0, 0, 454, 455, 52, P8, 0x0000000000000001
2026/08/31 23:09:22.104, 24.95, 24.96, 210, 405, 0, 0, 454, 455, 52, P8, 0x0000000000000001
2026/08/31 23:09:22.604, 24.78, 24.61, 210, 405, 0, 0, 454, 455, 52, P8, 0x0000000000000001
2026/08/31 23:09:23.105, 24.78, 24.61, 210, 405, 0, 0, 454, 455, 52, P8, 0x0000000000000001
2026/08/31 23:09:23.605, 24.72, 24.83, 210, 405, 0, 0, 454, 455, 52, P8, 0x0000000000000001
2026/08/31 23:09:24.105, 24.72, 24.83, 210, 405, 0, 0, 454, 455, 52, P8, 0x0000000000000001
2026/08/31 23:09:24.606, 24.84, 24.84, 210, 405, 0, 0, 454, 455, 52, P8, 0x0000000000000001
2026/08/31 23:09:25.106, 24.84, 24.84, 210, 405, 0, 0, 454, 455, 52, P8, 0x0000000000000001
2026/08/31 23:09:25.606, 24.74, 24.62, 210, 405, 0, 0, 454, 455, 52, P8, 0x0000000000000001
2026/08/31 23:09:26.107, 24.74, 24.62, 210, 405, 0, 0, 454, 455, 52, P8, 0x0000000000000001
2026/08/31 23:09:26.607, 24.76, 24.89, 210, 405, 0, 0, 454, 455, 52, P8, 0x0000000000000001
2026/08/31 23:09:27.108, 24.76, 24.89, 210, 405, 0, 0, 454, 455, 52, P8, 0x0000000000000001
2026/08/31 23:09:27.608, 24.86, 24.84, 210, 405, 0, 0, 454, 455, 52, P8, 0x0000000000000001
2026/08/31 23:09:28.108, 24.86, 24.84, 210, 405, 0, 0, 454, 455, 52, P8, 0x0000000000000001
2026/08/31 23:09:28.609, 24.71, 24.59, 210, 405, 0, 0, 454, 455, 52, P8, 0x0000000000000001
2026/08/31 23:09:29.109, 24.71, 24.59, 210, 405, 0, 0, 454, 455, 52, P8, 0x0000000000000001
2026/08/31 23:09:29.609, 24.74, 24.90, 210, 405, 0, 0, 454, 455, 52, P8, 0x0000000000000001
2026/08/31 23:09:30.109, 24.74, 24.90, 210, 405, 0, 0, 454, 455, 52, P8, 0x0000000000000001
2026/08/31 23:09:30.610, 24.91, 24.93, 210, 405, 0, 0, 454, 455, 52, P8, 0x0000000000000001
2026/08/31 23:09:31.110, 24.91, 24.93, 210, 405, 0, 0, 454, 455, 52, P8, 0x0000000000000001
2026/08/31 23:09:31.611, 24.77, 24.62, 210, 405, 0, 0, 454, 455, 52, P8, 0x0000000000000001
2026/08/31 23:09:32.111, 24.77, 24.62, 210, 405, 0, 0, 454, 455, 52, P8, 0x0000000000000001
2026/08/31 23:09:32.611, 24.81, 25.00, 210, 405, 0, 0, 454, 455, 52, P8, 0x0000000000000001
2026/08/31 23:09:33.112, 24.81, 25.00, 210, 405, 0, 0, 454, 455, 52, P8, 0x0000000000000001
2026/08/31 23:09:33.612, 24.99, 24.97, 210, 405, 0, 0, 454, 455, 52, P8, 0x0000000000000001
2026/08/31 23:09:34.112, 24.99, 24.97, 210, 405, 0, 0, 454, 455, 52, P8, 0x0000000000000001
2026/08/31 23:09:34.613, 24.80, 24.63, 210, 405, 0, 0, 454, 455, 52, P8, 0x0000000000000001
2026/08/31 23:09:35.113, 24.80, 24.63, 210, 405, 0, 0, 454, 455, 52, P8, 0x0000000000000001
2026/08/31 23:09:35.613, 24.80, 24.97, 210, 405, 0, 0, 454, 455, 52, P8, 0x0000000000000001
2026/08/31 23:09:36.114, 24.80, 24.97, 210, 405, 0, 0, 454, 455, 52, P8, 0x0000000000000001
2026/08/31 23:09:36.614, 24.82, 24.67, 210, 405, 0, 0, 454, 455, 52, P8, 0x0000000000000001
2026/08/31 23:09:37.114, 24.82, 24.67, 210, 405, 0, 0, 454, 455, 52, P8, 0x0000000000000001
2026/08/31 23:09:37.615, 24.84, 25.01, 210, 405, 0, 0, 454, 455, 52, P8, 0x0000000000000001
2026/08/31 23:09:38.115, 24.84, 25.01, 210, 405, 0, 0, 454, 455, 52, P8, 0x0000000000000001
2026/08/31 23:09:38.615, 24.99, 24.97, 210, 405, 0, 0, 454, 455, 52, P8, 0x0000000000000001
2026/08/31 23:09:39.116, 24.99, 24.97, 210, 405, 0, 0, 454, 455, 52, P8, 0x0000000000000001
2026/08/31 23:09:39.616, 24.80, 24.64, 210, 405, 0, 0, 454, 455, 52, P8, 0x0000000000000001
2026/08/31 23:09:40.116, 24.80, 24.64, 210, 405, 0, 0, 454, 455, 52, P8, 0x0000000000000001
2026/08/31 23:09:40.617, 24.78, 24.92, 210, 405, 0, 0, 454, 455, 52, P8, 0x0000000000000001
2026/08/31 23:09:41.117, 24.78, 24.92, 210, 405, 0, 0, 454, 455, 52, P8, 0x0000000000000001
2026/08/31 23:09:41.617, 24.93, 24.95, 210, 405, 0, 0, 454, 455, 52, P8, 0x0000000000000001
2026/08/31 23:09:42.117, 24.93, 24.95, 210, 405, 0, 0, 454, 455, 52, P8, 0x0000000000000001
2026/08/31 23:09:42.618, 24.79, 24.63, 210, 405, 0, 0, 454, 455, 52, P8, 0x0000000000000001
2026/08/31 23:09:43.118, 24.79, 24.63, 210, 405, 0, 0, 454, 455, 52, P8, 0x0000000000000001
2026/08/31 23:09:43.618, 24.81, 25.00, 210, 405, 0, 0, 454, 455, 52, P8, 0x0000000000000001
2026/08/31 23:09:44.118, 24.81, 25.00, 210, 405, 0, 0, 454, 455, 52, P8, 0x0000000000000001
2026/08/31 23:09:44.619, 24.96, 24.92, 210, 405, 0, 0, 454, 455, 52, P8, 0x0000000000000001
2026/08/31 23:09:45.119, 24.96, 24.92, 210, 405, 0, 0, 454, 455, 52, P8, 0x0000000000000001
2026/08/31 23:09:45.619, 24.77, 24.62, 210, 405, 0, 0, 454, 455, 52, P8, 0x0000000000000001
2026/08/31 23:09:46.119, 24.77, 24.62, 210, 405, 0, 0, 454, 455, 52, P8, 0x0000000000000001
2026/08/31 23:09:46.619, 24.76, 24.90, 210, 405, 0, 0, 454, 455, 52, P8, 0x0000000000000001
2026/08/31 23:09:47.120, 24.76, 24.90, 210, 405, 0, 0, 454, 455, 52, P8, 0x0000000000000001
2026/08/31 23:09:47.620, 24.89, 24.87, 210, 405, 0, 0, 454, 455, 52, P8, 0x0000000000000001
2026/08/31 23:09:48.121, 24.89, 24.87, 210, 405, 0, 0, 454, 455, 52, P8, 0x0000000000000001
2026/08/31 23:09:48.621, 24.73, 24.59, 210, 405, 0, 0, 454, 455, 52, P8, 0x0000000000000001
2026/08/31 23:09:49.121, 24.73, 24.59, 210, 405, 0, 0, 454, 455, 52, P8, 0x0000000000000001
2026/08/31 23:09:49.622, 24.71, 24.83, 210, 405, 0, 0, 454, 455, 52, P8, 0x0000000000000001
2026/08/31 23:09:50.122, 24.71, 24.83, 210, 405, 0, 0, 454, 455, 52, P8, 0x0000000000000001
2026/08/31 23:09:50.622, 24.84, 24.86, 210, 405, 0, 0, 454, 455, 52, P8, 0x0000000000000001
2026/08/31 23:09:51.123, 24.84, 24.86, 210, 405, 0, 0, 454, 455, 52, P8, 0x0000000000000001
2026/08/31 23:09:51.623, 24.70, 24.54, 210, 405, 0, 0, 454, 455, 52, P8, 0x0000000000000001
2026/08/31 23:09:52.123, 24.70, 24.54, 210, 405, 0, 0, 454, 455, 52, P8, 0x0000000000000001
2026/08/31 23:09:52.624, 24.66, 24.77, 210, 405, 0, 0, 454, 455, 52, P8, 0x0000000000000001
2026/08/31 23:09:53.124, 24.66, 24.77, 210, 405, 0, 0, 454, 455, 52, P8, 0x0000000000000001
2026/08/31 23:09:53.624, 24.79, 24.81, 210, 405, 0, 0, 454, 455, 52, P8, 0x0000000000000001
2026/08/31 23:09:54.125, 24.79, 24.81, 210, 405, 0, 0, 454, 455, 52, P8, 0x0000000000000001
2026/08/31 23:09:54.625, 24.67, 24.54, 210, 405, 0, 0, 454, 455, 52, P8, 0x0000000000000001
2026/08/31 23:09:55.125, 24.67, 24.54, 210, 405, 0, 0, 454, 455, 52, P8, 0x0000000000000001
2026/08/31 23:09:55.626, 24.70, 24.87, 210, 405, 0, 0, 454, 455, 52, P8, 0x0000000000000001
2026/08/31 23:09:56.126, 24.70, 24.87, 210, 405, 0, 0, 454, 455, 52, P8, 0x0000000000000001
2026/08/31 23:09:56.626, 24.85, 24.83, 210, 405, 0, 0, 454, 455, 52, P8, 0x0000000000000001
2026/08/31 23:09:57.127, 24.85, 24.83, 210, 405, 0, 0, 454, 455, 52, P8, 0x0000000000000001
2026/08/31 23:09:57.627, 24.68, 24.54, 210, 405, 0, 0, 454, 455, 52, P8, 0x0000000000000001
2026/08/31 23:09:58.127, 24.68, 24.54, 210, 405, 0, 0, 454, 455, 52, P8, 0x0000000000000001
2026/08/31 23:09:58.628, 24.73, 24.92, 210, 405, 0, 0, 454, 455, 52, P8, 0x0000000000000001
2026/08/31 23:09:59.128, 24.73, 24.92, 210, 405, 0, 0, 454, 455, 52, P8, 0x0000000000000001
2026/08/31 23:09:59.628, 24.95, 24.99, 210, 405, 0, 0, 454, 455, 52, P8, 0x0000000000000001
2026/08/31 23:10:00.128, 24.95, 24.99, 210, 405, 0, 0, 454, 455, 52, P8, 0x0000000000000001
2026/08/31 23:10:00.629, 26.82, 37.17, 210, 405, 0, 0, 454, 455, 53, P8, 0x0000000000000001
2026/08/31 23:10:01.129, 29.44, 36.32, 210, 405, 0, 0, 454, 455, 53, P8, 0x0000000000000001
2026/08/31 23:10:01.629, 30.14, 36.45, 210, 405, 0, 0, 454, 455, 53, P8, 0x0000000000000001
2026/08/31 23:10:02.129, 30.14, 36.45, 210, 405, 0, 0, 454, 455, 53, P8, 0x0000000000000001
2026/08/31 23:10:02.630, 26.67, 25.69, 210, 405, 0, 0, 454, 455, 53, P8, 0x0000000000000001
2026/08/31 23:10:03.130, 26.67, 25.69, 210, 405, 0, 0, 454, 455, 53, P8, 0x0000000000000001
2026/08/31 23:10:03.630, 25.28, 24.86, 210, 405, 0, 0, 454, 455, 52, P8, 0x0000000000000001
2026/08/31 23:10:04.131, 25.28, 24.86, 210, 405, 0, 0, 454, 455, 52, P8, 0x0000000000000001
2026/08/31 23:10:04.631, 24.74, 24.62, 210, 405, 0, 0, 454, 455, 52, P8, 0x0000000000000001
2026/08/31 23:10:05.131, 24.74, 24.62, 210, 405, 0, 0, 454, 455, 52, P8, 0x0000000000000001
2026/08/31 23:10:05.631, 24.75, 24.88, 210, 405, 0, 0, 454, 455, 52, P8, 0x0000000000000001
2026/08/31 23:10:06.132, 24.75, 24.88, 210, 405, 0, 0, 454, 455, 52, P8, 0x0000000000000001
2026/08/31 23:10:06.632, 24.86, 24.84, 210, 405, 0, 0, 454, 455, 52, P8, 0x0000000000000001
2026/08/31 23:10:07.132, 24.86, 24.84, 210, 405, 0, 0, 454, 455, 52, P8, 0x0000000000000001
2026/08/31 23:10:07.633, 24.66, 24.49, 210, 405, 0, 0, 454, 455, 52, P8, 0x0000000000000001
2026/08/31 23:10:08.133, 24.66, 24.49, 210, 405, 0, 0, 454, 455, 52, P8, 0x0000000000000001
2026/08/31 23:10:08.633, 24.65, 24.82, 210, 405, 0, 0, 454, 455, 52, P8, 0x0000000000000001
2026/08/31 23:10:09.133, 24.65, 24.82, 210, 405, 0, 0, 454, 455, 52, P8, 0x0000000000000001
2026/08/31 23:10:09.634, 24.83, 24.85, 210, 405, 0, 0, 454, 455, 52, P8, 0x0000000000000001
2026/08/31 23:10:10.134, 24.83, 24.85, 210, 405, 0, 0, 454, 455, 52, P8, 0x0000000000000001
2026/08/31 23:10:10.634, 24.67, 24.50, 210, 405, 0, 0, 454, 455, 52, P8, 0x0000000000000001
2026/08/31 23:10:11.135, 24.67, 24.50, 210, 405, 0, 0, 454, 455, 52, P8, 0x0000000000000001
2026/08/31 23:10:11.635, 24.65, 24.81, 210, 405, 0, 0, 454, 455, 52, P8, 0x0000000000000001
2026/08/31 23:10:12.135, 24.65, 24.81, 210, 405, 0, 0, 454, 455, 52, P8, 0x0000000000000001
2026/08/31 23:10:12.636, 24.82, 24.84, 210, 405, 0, 0, 454, 455, 52, P8, 0x0000000000000001
2026/08/31 23:10:13.136, 24.82, 24.84, 210, 405, 0, 0, 454, 455, 52, P8, 0x0000000000000001
2026/08/31 23:10:13.636, 24.69, 24.55, 210, 405, 0, 0, 454, 455, 52, P8, 0x0000000000000001
2026/08/31 23:10:14.137, 24.69, 24.55, 210, 405, 0, 0, 454, 455, 52, P8, 0x0000000000000001
2026/08/31 23:10:14.637, 24.74, 24.92, 210, 405, 0, 0, 454, 455, 52, P8, 0x0000000000000001
2026/08/31 23:10:15.137, 24.74, 24.92, 210, 405, 0, 0, 454, 455, 52, P8, 0x0000000000000001
2026/08/31 23:10:15.638, 24.90, 24.87, 210, 405, 0, 0, 454, 455, 52, P8, 0x0000000000000001
2026/08/31 23:10:16.138, 24.90, 24.87, 210, 405, 0, 0, 454, 455, 52, P8, 0x0000000000000001
2026/08/31 23:10:16.638, 24.70, 24.53, 210, 405, 0, 0, 454, 455, 52, P8, 0x0000000000000001
2026/08/31 23:10:17.139, 24.70, 24.53, 210, 405, 0, 0, 454, 455, 52, P8, 0x0000000000000001
2026/08/31 23:10:17.639, 24.70, 24.87, 210, 405, 0, 0, 454, 455, 52, P8, 0x0000000000000001
2026/08/31 23:10:18.139, 24.70, 24.87, 210, 405, 0, 0, 454, 455, 52, P8, 0x0000000000000001
2026/08/31 23:10:18.639, 24.87, 24.87, 210, 405, 0, 0, 454, 455, 52, P8, 0x0000000000000001
2026/08/31 23:10:19.140, 24.87, 24.87, 210, 405, 0, 0, 454, 455, 52, P8, 0x0000000000000001
2026/08/31 23:10:19.640, 24.68, 24.49, 210, 405, 0, 0, 454, 455, 52, P8, 0x0000000000000001
2026/08/31 23:10:20.140, 24.68, 24.49, 210, 405, 0, 0, 454, 455, 52, P8, 0x0000000000000001
2026/08/31 23:10:20.641, 24.65, 24.81, 210, 405, 0, 0, 454, 455, 52, P8, 0x0000000000000001
2026/08/31 23:10:21.141, 24.65, 24.81, 210, 405, 0, 0, 454, 455, 52, P8, 0x0000000000000001
2026/08/31 23:10:21.641, 24.81, 24.81, 210, 405, 0, 0, 454, 455, 52, P8, 0x0000000000000001
2026/08/31 23:10:22.142, 24.81, 24.81, 210, 405, 0, 0, 454, 455, 52, P8, 0x0000000000000001
2026/08/31 23:10:22.642, 24.70, 24.59, 210, 405, 0, 0, 454, 455, 52, P8, 0x0000000000000001
2026/08/31 23:10:23.142, 24.70, 24.59, 210, 405, 0, 0, 454, 455, 52, P8, 0x0000000000000001
2026/08/31 23:10:23.643, 24.72, 24.85, 210, 405, 0, 0, 454, 455, 52, P8, 0x0000000000000001
2026/08/31 23:10:24.143, 24.72, 24.85, 210, 405, 0, 0, 454, 455, 52, P8, 0x0000000000000001
2026/08/31 23:10:24.643, 24.84, 24.83, 210, 405, 0, 0, 454, 455, 52, P8, 0x0000000000000001
2026/08/31 23:10:25.144, 24.84, 24.83, 210, 405, 0, 0, 454, 455, 52, P8, 0x0000000000000001
2026/08/31 23:10:25.644, 24.70, 24.57, 210, 405, 0, 0, 454, 455, 52, P8, 0x0000000000000001
2026/08/31 23:10:26.144, 24.70, 24.57, 210, 405, 0, 0, 454, 455, 52, P8, 0x0000000000000001
2026/08/31 23:10:26.645, 24.70, 24.83, 210, 405, 0, 0, 454, 455, 52, P8, 0x0000000000000001
2026/08/31 23:10:27.145, 24.70, 24.83, 210, 405, 0, 0, 454, 455, 52, P8, 0x0000000000000001
2026/08/31 23:10:27.645, 24.81, 24.80, 210, 405, 0, 0, 454, 455, 52, P8, 0x0000000000000001
2026/08/31 23:10:28.145, 24.81, 24.80, 210, 405, 0, 0, 454, 455, 52, P8, 0x0000000000000001
2026/08/31 23:10:28.646, 24.66, 24.51, 210, 405, 0, 0, 454, 455, 52, P8, 0x0000000000000001
2026/08/31 23:10:29.146, 24.66, 24.51, 210, 405, 0, 0, 454, 455, 52, P8, 0x0000000000000001
2026/08/31 23:10:29.646, 24.68, 24.84, 210, 405, 0, 0, 454, 455, 52, P8, 0x0000000000000001
2026/08/31 23:10:30.147, 24.68, 24.84, 210, 405, 0, 0, 454, 455, 52, P8, 0x0000000000000001
2026/08/31 23:10:30.647, 24.81, 24.77, 210, 405, 0, 0, 454, 455, 52, P8, 0x0000000000000001
2026/08/31 23:10:31.147, 24.81, 24.77, 210, 405, 0, 0, 454, 455, 52, P8, 0x0000000000000001
2026/08/31 23:10:31.648, 24.65, 24.53, 210, 405, 0, 0, 454, 455, 52, P8, 0x0000000000000001
2026/08/31 23:10:32.148, 24.65, 24.53, 210, 405, 0, 0, 454, 455, 52, P8, 0x0000000000000001
2026/08/31 23:10:32.648, 24.65, 24.77, 210, 405, 0, 0, 454, 455, 52, P8, 0x0000000000000001
2026/08/31 23:10:33.149, 24.65, 24.77, 210, 405, 0, 0, 454, 455, 52, P8, 0x0000000000000001
2026/08/31 23:10:33.649, 24.73, 24.70, 210, 405, 0, 0, 454, 455, 52, P8, 0x0000000000000001
2026/08/31 23:10:34.149, 24.73, 24.70, 210, 405, 0, 0, 454, 455, 52, P8, 0x0000000000000001
2026/08/31 23:10:34.650, 24.63, 24.56, 210, 405, 0, 0, 454, 455, 52, P8, 0x0000000000000001
2026/08/31 23:10:35.150, 24.63, 24.56, 210, 405, 0, 0, 454, 455, 52, P8, 0x0000000000000001
2026/08/31 23:10:35.650, 24.64, 24.72, 210, 405, 0, 0, 454, 455, 52, P8, 0x0000000000000001
2026/08/31 23:10:36.151, 24.64, 24.72, 210, 405, 0, 0, 454, 455, 52, P8, 0x0000000000000001
2026/08/31 23:10:36.651, 24.59, 24.46, 210, 405, 0, 0, 454, 455, 52, P8, 0x0000000000000001
2026/08/31 23:10:37.151, 24.59, 24.46, 210, 405, 0, 0, 454, 455, 52, P8, 0x0000000000000001
2026/08/31 23:10:37.651, 24.66, 24.86, 210, 405, 0, 0, 454, 455, 52, P8, 0x0000000000000001
2026/08/31 23:10:38.152, 24.66, 24.86, 210, 405, 0, 0, 454, 455, 52, P8, 0x0000000000000001
2026/08/31 23:10:38.652, 24.84, 24.82, 210, 405, 0, 0, 454, 455, 52, P8, 0x0000000000000001
2026/08/31 23:10:39.152, 24.84, 24.82, 210, 405, 0, 0, 454, 455, 52, P8, 0x0000000000000001
2026/08/31 23:10:39.653, 24.64, 24.47, 210, 405, 0, 0, 454, 455, 52, P8, 0x0000000000000001
2026/08/31 23:10:40.153, 24.64, 24.47, 210, 405, 0, 0, 454, 455, 52, P8, 0x0000000000000001
2026/08/31 23:10:40.653, 24.61, 24.74, 210, 405, 0, 0, 454, 455, 52, P8, 0x0000000000000001
2026/08/31 23:10:41.153, 24.61, 24.74, 210, 405, 0, 0, 454, 455, 52, P8, 0x0000000000000001
2026/08/31 23:10:41.654, 24.77, 24.81, 210, 405, 0, 0, 454, 455, 52, P8, 0x0000000000000001
2026/08/31 23:10:42.154, 24.77, 24.81, 210, 405, 0, 0, 454, 455, 52, P8, 0x0000000000000001
2026/08/31 23:10:42.654, 24.67, 24.53, 210, 405, 0, 0, 454, 455, 52, P8, 0x0000000000000001
2026/08/31 23:10:43.155, 24.67, 24.53, 210, 405, 0, 0, 454, 455, 52, P8, 0x0000000000000001
2026/08/31 23:10:43.655, 24.70, 24.86, 210, 405, 0, 0, 454, 455, 52, P8, 0x0000000000000001
2026/08/31 23:10:44.155, 24.70, 24.86, 210, 405, 0, 0, 454, 455, 52, P8, 0x0000000000000001
2026/08/31 23:10:44.656, 24.87, 24.89, 210, 405, 0, 0, 454, 455, 52, P8, 0x0000000000000001
2026/08/31 23:10:45.156, 24.87, 24.89, 210, 405, 0, 0, 454, 455, 52, P8, 0x0000000000000001
2026/08/31 23:10:45.656, 24.71, 24.54, 210, 405, 0, 0, 454, 455, 52, P8, 0x0000000000000001
2026/08/31 23:10:46.157, 24.71, 24.54, 210, 405, 0, 0, 454, 455, 52, P8, 0x0000000000000001
2026/08/31 23:10:46.657, 24.70, 24.87, 210, 405, 0, 0, 454, 455, 52, P8, 0x0000000000000001
2026/08/31 23:10:47.157, 24.70, 24.87, 210, 405, 0, 0, 454, 455, 52, P8, 0x0000000000000001
2026/08/31 23:10:47.657, 24.85, 24.83, 210, 405, 0, 0, 454, 455, 52, P8, 0x0000000000000001
2026/08/31 23:10:48.158, 24.85, 24.83, 210, 405, 0, 0, 454, 455, 52, P8, 0x0000000000000001
2026/08/31 23:10:48.658, 24.68, 24.53, 210, 405, 0, 0, 454, 455, 52, P8, 0x0000000000000001
2026/08/31 23:10:49.158, 24.68, 24.53, 210, 405, 0, 0, 454, 455, 52, P8, 0x0000000000000001
2026/08/31 23:10:49.659, 24.68, 24.84, 210, 405, 0, 0, 454, 455, 52, P8, 0x0000000000000001
2026/08/31 23:10:50.159, 24.68, 24.84, 210, 405, 0, 0, 454, 455, 52, P8, 0x0000000000000001
2026/08/31 23:10:50.659, 24.85, 24.86, 210, 405, 0, 0, 454, 455, 52, P8, 0x0000000000000001
2026/08/31 23:10:51.160, 24.85, 24.86, 210, 405, 0, 0, 454, 455, 52, P8, 0x0000000000000001
2026/08/31 23:10:51.660, 24.70, 24.54, 210, 405, 0, 0, 454, 455, 52, P8, 0x0000000000000001
2026/08/31 23:10:52.160, 24.70, 24.54, 210, 405, 0, 0, 454, 455, 52, P8, 0x0000000000000001
2026/08/31 23:10:52.661, 24.67, 24.81, 210, 405, 0, 0, 454, 455, 52, P8, 0x0000000000000001
2026/08/31 23:10:53.161, 24.67, 24.81, 210, 405, 0, 0, 454, 455, 52, P8, 0x0000000000000001
2026/08/31 23:10:53.661, 24.79, 24.77, 210, 405, 0, 0, 454, 455, 52, P8, 0x0000000000000001
2026/08/31 23:10:54.162, 24.79, 24.77, 210, 405, 0, 0, 454, 455, 52, P8, 0x0000000000000001
2026/08/31 23:10:54.662, 24.63, 24.48, 210, 405, 0, 0, 454, 455, 52, P8, 0x0000000000000001
2026/08/31 23:10:55.162, 24.63, 24.48, 210, 405, 0, 0, 454, 455, 52, P8, 0x0000000000000001
2026/08/31 23:10:55.663, 24.70, 24.91, 210, 405, 0, 0, 454, 455, 52, P8, 0x0000000000000001
2026/08/31 23:10:56.163, 24.70, 24.91, 210, 405, 0, 0, 454, 455, 52, P8, 0x0000000000000001
2026/08/31 23:10:56.663, 24.90, 24.88, 210, 405, 0, 0, 454, 455, 52, P8, 0x0000000000000001
2026/08/31 23:10:57.164, 24.90, 24.88, 210, 405, 0, 0, 454, 455, 52, P8, 0x0000000000000001
2026/08/31 23:10:57.664, 24.73, 24.57, 210, 405, 0, 0, 454, 455, 52, P8, 0x0000000000000001
2026/08/31 23:10:58.164, 24.73, 24.57, 210, 405, 0, 0, 454, 455, 52, P8, 0x0000000000000001
2026/08/31 23:10:58.665, 24.77, 24.96, 210, 405, 0, 0, 454, 455, 52, P8, 0x0000000000000001
2026/08/31 23:10:59.165, 24.77, 24.96, 210, 405, 0, 0, 454, 455, 52, P8, 0x0000000000000001
2026/08/31 23:10:59.665, 24.98, 25.00, 210, 405, 0, 0, 454, 455, 52, P8, 0x0000000000000001
2026/08/31 23:11:00.166, 24.98, 25.00, 210, 405, 0, 0, 454, 455, 52, P8, 0x0000000000000001
2026/08/31 23:11:00.666, 27.52, 36.47, 210, 405, 0, 0, 454, 455, 53, P8, 0x0000000000000001
2026/08/31 23:11:01.166, 29.90, 36.40, 210, 405, 0, 0, 454, 455, 53, P8, 0x0000000000000001
2026/08/31 23:11:01.667, 35.82, 36.48, 210, 405, 0, 0, 454, 455, 53, P8, 0x0000000000000001
2026/08/31 23:11:02.167, 35.82, 36.48, 210, 405, 0, 0, 454, 455, 53, P8, 0x0000000000000001
2026/08/31 23:11:02.667, 25.74, 24.67, 210, 405, 0, 0, 454, 455, 53, P8, 0x0000000000000001
2026/08/31 23:11:03.168, 25.74, 24.67, 210, 405, 0, 0, 454, 455, 53, P8, 0x0000000000000001
2026/08/31 23:11:03.668, 24.79, 24.90, 210, 405, 0, 0, 454, 455, 52, P8, 0x0000000000000001
2026/08/31 23:11:04.168, 24.79, 24.90, 210, 405, 0, 0, 454, 455, 52, P8, 0x0000000000000001
2026/08/31 23:11:04.669, 24.76, 24.63, 210, 405, 0, 0, 454, 455, 52, P8, 0x0000000000000001
2026/08/31 23:11:05.169, 24.76, 24.63, 210, 405, 0, 0, 454, 455, 52, P8, 0x0000000000000001
2026/08/31 23:11:05.669, 24.80, 24.98, 210, 405, 0, 0, 454, 455, 52, P8, 0x0000000000000001
2026/08/31 23:11:06.170, 24.80, 24.98, 210, 405, 0, 0, 454, 455, 52, P8, 0x0000000000000001
2026/08/31 23:11:06.670, 24.98, 24.98, 210, 405, 0, 0, 454, 455, 52, P8, 0x0000000000000001
2026/08/31 23:11:07.170, 24.98, 24.98, 210, 405, 0, 0, 454, 455, 52, P8, 0x0000000000000001
2026/08/31 23:11:07.671, 24.83, 24.68, 210, 405, 0, 0, 454, 455, 52, P8, 0x0000000000000001
2026/08/31 23:11:08.171, 24.83, 24.68, 210, 405, 0, 0, 454, 455, 52, P8, 0x0000000000000001
2026/08/31 23:11:08.672, 24.84, 25.00, 210, 405, 0, 0, 454, 455, 52, P8, 0x0000000000000001
2026/08/31 23:11:09.172, 24.84, 25.00, 210, 405, 0, 0, 454, 455, 52, P8, 0x0000000000000001
2026/08/31 23:11:09.672, 24.99, 24.98, 210, 405, 0, 0, 454, 455, 52, P8, 0x0000000000000001
2026/08/31 23:11:10.173, 24.99, 24.98, 210, 405, 0, 0, 454, 455, 52, P8, 0x0000000000000001
2026/08/31 23:11:10.673, 24.80, 24.62, 210, 405, 0, 0, 454, 455, 52, P8, 0x0000000000000001
2026/08/31 23:11:11.173, 24.80, 24.62, 210, 405, 0, 0, 454, 455, 52, P8, 0x0000000000000001
2026/08/31 23:11:11.674, 24.78, 24.95, 210, 405, 0, 0, 454, 455, 52, P8, 0x0000000000000001
2026/08/31 23:11:12.174, 24.78, 24.95, 210, 405, 0, 0, 454, 455, 52, P8, 0x0000000000000001
2026/08/31 23:11:12.674, 24.97, 24.99, 210, 405, 0, 0, 454, 455, 52, P8, 0x0000000000000001
2026/08/31 23:11:13.175, 24.97, 24.99, 210, 405, 0, 0, 454, 455, 52, P8, 0x0000000000000001
2026/08/31 23:11:13.675, 24.85, 24.71, 210, 405, 0, 0, 454, 455, 52, P8, 0x0000000000000001
2026/08/31 23:11:14.175, 24.85, 24.71, 210, 405, 0, 0, 454, 455, 52, P8, 0x0000000000000001
2026/08/31 23:11:14.676, 24.86, 25.02, 210, 405, 0, 0, 454, 455, 52, P8, 0x0000000000000001
2026/08/31 23:11:15.176, 24.86, 25.02, 210, 405, 0, 0, 454, 455, 52, P8, 0x0000000000000001
2026/08/31 23:11:15.676, 25.02, 25.02, 210, 405, 0, 0, 454, 455, 52, P8, 0x0000000000000001
2026/08/31 23:11:16.177, 25.02, 25.02, 210, 405, 0, 0, 454, 455, 52, P8, 0x0000000000000001
2026/08/31 23:11:16.677, 24.83, 24.64, 210, 405, 0, 0, 454, 455, 52, P8, 0x0000000000000001
2026/08/31 23:11:17.177, 24.83, 24.64, 210, 405, 0, 0, 454, 455, 52, P8, 0x0000000000000001
2026/08/31 23:11:17.678, 24.79, 24.94, 210, 405, 0, 0, 454, 455, 52, P8, 0x0000000000000001
2026/08/31 23:11:18.178, 24.79, 24.94, 210, 405, 0, 0, 454, 455, 52, P8, 0x0000000000000001
2026/08/31 23:11:18.678, 24.97, 25.00, 210, 405, 0, 0, 454, 455, 52, P8, 0x0000000000000001
2026/08/31 23:11:19.179, 24.97, 25.00, 210, 405, 0, 0, 454, 455, 52, P8, 0x0000000000000001
2026/08/31 23:11:19.679, 24.82, 24.63, 210, 405, 0, 0, 454, 455, 52, P8, 0x0000000000000001
2026/08/31 23:11:20.179, 24.82, 24.63, 210, 405, 0, 0, 454, 455, 52, P8, 0x0000000000000001
2026/08/31 23:11:20.680, 24.76, 24.90, 210, 405, 0, 0, 454, 455, 52, P8, 0x0000000000000001
2026/08/31 23:11:21.180, 24.76, 24.90, 210, 405, 0, 0, 454, 455, 52, P8, 0x0000000000000001
2026/08/31 23:11:21.680, 24.92, 24.93, 210, 405, 0, 0, 454, 455, 52, P8, 0x0000000000000001
2026/08/31 23:11:22.181, 24.92, 24.93, 210, 405, 0, 0, 454, 455, 52, P8, 0x0000000000000001
2026/08/31 23:11:22.681, 24.77, 24.60, 210, 405, 0, 0, 454, 455, 52, P8, 0x0000000000000001
2026/08/31 23:11:23.181, 24.77, 24.60, 210, 405, 0, 0, 454, 455, 52, P8, 0x0000000000000001
2026/08/31 23:11:23.682, 24.81, 25.01, 210, 405, 0, 0, 454, 455, 52, P8, 0x0000000000000001
2026/08/31 23:11:24.182, 24.81, 25.01, 210, 405, 0, 0, 454, 455, 52, P8, 0x0000000000000001
2026/08/31 23:11:24.682, 24.99, 24.98, 210, 405, 0, 0, 454, 455, 52, P8, 0x0000000000000001
2026/08/31 23:11:25.183, 24.99, 24.98, 210, 405, 0, 0, 454, 455, 52, P8, 0x0000000000000001
2026/08/31 23:11:25.683, 24.83, 24.69, 210, 405, 0, 0, 454, 455, 52, P8, 0x0000000000000001
2026/08/31 23:11:26.183, 24.83, 24.69, 210, 405, 0, 0, 454, 455, 52, P8, 0x0000000000000001
2026/08/31 23:11:26.684, 24.86, 25.03, 210, 405, 0, 0, 454, 455, 52, P8, 0x0000000000000001
2026/08/31 23:11:27.184, 24.86, 25.03, 210, 405, 0, 0, 454, 455, 52, P8, 0x0000000000000001
2026/08/31 23:11:27.684, 25.05, 25.07, 210, 405, 0, 0, 454, 455, 52, P8, 0x0000000000000001
2026/08/31 23:11:28.185, 25.05, 25.07, 210, 405, 0, 0, 454, 455, 52, P8, 0x0000000000000001
2026/08/31 23:11:28.685, 24.88, 24.69, 210, 405, 0, 0, 454, 455, 52, P8, 0x0000000000000001
2026/08/31 23:11:29.185, 24.88, 24.69, 210, 405, 0, 0, 454, 455, 52, P8, 0x0000000000000001
2026/08/31 23:11:29.686, 24.80, 24.91, 210, 405, 0, 0, 454, 455, 52, P8, 0x0000000000000001
2026/08/31 23:11:30.186, 24.80, 24.91, 210, 405, 0, 0, 454, 455, 52, P8, 0x0000000000000001
2026/08/31 23:11:30.686, 24.94, 24.98, 210, 405, 0, 0, 454, 455, 52, P8, 0x0000000000000001
2026/08/31 23:11:31.187, 24.94, 24.98, 210, 405, 0, 0, 454, 455, 52, P8, 0x0000000000000001
2026/08/31 23:11:31.687, 24.78, 24.59, 210, 405, 0, 0, 454, 455, 52, P8, 0x0000000000000001
2026/08/31 23:11:32.187, 24.78, 24.59, 210, 405, 0, 0, 454, 455, 52, P8, 0x0000000000000001
2026/08/31 23:11:32.688, 24.79, 24.99, 210, 405, 0, 0, 454, 455, 52, P8, 0x0000000000000001
2026/08/31 23:11:33.188, 24.79, 24.99, 210, 405, 0, 0, 454, 455, 52, P8, 0x0000000000000001
2026/08/31 23:11:33.688, 24.96, 24.92, 210, 405, 0, 0, 454, 455, 52, P8, 0x0000000000000001
2026/08/31 23:11:34.189, 24.96, 24.92, 210, 405, 0, 0, 454, 455, 52, P8, 0x0000000000000001
2026/08/31 23:11:34.689, 24.76, 24.60, 210, 405, 0, 0, 454, 455, 52, P8, 0x0000000000000001
2026/08/31 23:11:35.189, 24.76, 24.60, 210, 405, 0, 0, 454, 455, 52, P8, 0x0000000000000001
2026/08/31 23:11:35.690, 24.77, 24.93, 210, 405, 0, 0, 454, 455, 52, P8, 0x0000000000000001
2026/08/31 23:11:36.190, 24.77, 24.93, 210, 405, 0, 0, 454, 455, 52, P8, 0x0000000000000001
2026/08/31 23:11:36.690, 24.92, 24.91, 210, 405, 0, 0, 454, 455, 52, P8, 0x0000000000000001
2026/08/31 23:11:37.191, 24.92, 24.91, 210, 405, 0, 0, 454, 455, 52, P8, 0x0000000000000001
2026/08/31 23:11:37.691, 24.77, 24.64, 210, 405, 0, 0, 454, 455, 52, P8, 0x0000000000000001
2026/08/31 23:11:38.191, 24.77, 24.64, 210, 405, 0, 0, 454, 455, 52, P8, 0x0000000000000001
2026/08/31 23:11:38.691, 24.80, 24.95, 210, 405, 0, 0, 454, 455, 52, P8, 0x0000000000000001
2026/08/31 23:11:39.192, 24.80, 24.95, 210, 405, 0, 0, 454, 455, 52, P8, 0x0000000000000001
2026/08/31 23:11:39.692, 24.90, 24.85, 210, 405, 0, 0, 454, 455, 52, P8, 0x0000000000000001
2026/08/31 23:11:40.192, 24.90, 24.85, 210, 405, 0, 0, 454, 455, 52, P8, 0x0000000000000001
2026/08/31 23:11:40.693, 24.75, 24.65, 210, 405, 0, 0, 454, 455, 52, P8, 0x0000000000000001
2026/08/31 23:11:41.193, 24.75, 24.65, 210, 405, 0, 0, 454, 455, 52, P8, 0x0000000000000001
2026/08/31 23:11:41.693, 24.79, 24.93, 210, 405, 0, 0, 454, 455, 52, P8, 0x0000000000000001
2026/08/31 23:11:42.193, 24.79, 24.93, 210, 405, 0, 0, 454, 455, 52, P8, 0x0000000000000001
2026/08/31 23:11:42.694, 24.78, 24.64, 210, 405, 0, 0, 454, 455, 52, P8, 0x0000000000000001
2026/08/31 23:11:43.194, 24.78, 24.64, 210, 405, 0, 0, 454, 455, 52, P8, 0x0000000000000001
2026/08/31 23:11:43.694, 24.78, 24.93, 210, 405, 0, 0, 454, 455, 52, P8, 0x0000000000000001
2026/08/31 23:11:44.195, 24.78, 24.93, 210, 405, 0, 0, 454, 455, 52, P8, 0x0000000000000001
2026/08/31 23:11:44.695, 24.94, 24.95, 210, 405, 0, 0, 454, 455, 52, P8, 0x0000000000000001
2026/08/31 23:11:45.195, 24.94, 24.95, 210, 405, 0, 0, 454, 455, 52, P8, 0x0000000000000001
2026/08/31 23:11:45.696, 24.82, 24.70, 210, 405, 0, 0, 454, 455, 52, P8, 0x0000000000000001
2026/08/31 23:11:46.196, 24.82, 24.70, 210, 405, 0, 0, 454, 455, 52, P8, 0x0000000000000001
2026/08/31 23:11:46.696, 24.82, 24.94, 210, 405, 0, 0, 454, 455, 52, P8, 0x0000000000000001
2026/08/31 23:11:47.197, 24.82, 24.94, 210, 405, 0, 0, 454, 455, 52, P8, 0x0000000000000001
2026/08/31 23:11:47.697, 24.98, 25.02, 210, 405, 0, 0, 454, 455, 52, P8, 0x0000000000000001
2026/08/31 23:11:48.197, 24.98, 25.02, 210, 405, 0, 0, 454, 455, 52, P8, 0x0000000000000001
2026/08/31 23:11:48.697, 24.89, 24.75, 210, 405, 0, 0, 454, 455, 52, P8, 0x0000000000000001
2026/08/31 23:11:49.198, 24.89, 24.75, 210, 405, 0, 0, 454, 455, 52, P8, 0x0000000000000001
2026/08/31 23:11:49.698, 24.89, 25.02, 210, 405, 0, 0, 454, 455, 52, P8, 0x0000000000000001
2026/08/31 23:11:50.198, 24.89, 25.02, 210, 405, 0, 0, 454, 455, 52, P8, 0x0000000000000001
2026/08/31 23:11:50.699, 25.05, 25.07, 210, 405, 0, 0, 454, 455, 52, P8, 0x0000000000000001
2026/08/31 23:11:51.199, 25.05, 25.07, 210, 405, 0, 0, 454, 455, 52, P8, 0x0000000000000001
2026/08/31 23:11:51.699, 24.93, 24.78, 210, 405, 0, 0, 454, 455, 52, P8, 0x0000000000000001
2026/08/31 23:11:52.200, 24.93, 24.78, 210, 405, 0, 0, 454, 455, 52, P8, 0x0000000000000001
2026/08/31 23:11:52.700, 24.94, 25.10, 210, 405, 0, 0, 454, 455, 52, P8, 0x0000000000000001
2026/08/31 23:11:53.200, 24.94, 25.10, 210, 405, 0, 0, 454, 455, 52, P8, 0x0000000000000001
2026/08/31 23:11:53.701, 25.05, 25.00, 210, 405, 0, 0, 454, 455, 52, P8, 0x0000000000000001
2026/08/31 23:11:54.201, 25.05, 25.00, 210, 405, 0, 0, 454, 455, 52, P8, 0x0000000000000001
2026/08/31 23:11:54.701, 24.86, 24.72, 210, 405, 0, 0, 454, 455, 52, P8, 0x0000000000000001
2026/08/31 23:11:55.201, 24.86, 24.72, 210, 405, 0, 0, 454, 455, 52, P8, 0x0000000000000001
2026/08/31 23:11:55.702, 24.86, 24.99, 210, 405, 0, 0, 454, 455, 52, P8, 0x0000000000000001
2026/08/31 23:11:56.202, 24.86, 24.99, 210, 405, 0, 0, 454, 455, 52, P8, 0x0000000000000001
2026/08/31 23:11:56.703, 24.99, 24.98, 210, 405, 0, 0, 454, 455, 52, P8, 0x0000000000000001
2026/08/31 23:11:57.203, 24.99, 24.98, 210, 405, 0, 0, 454, 455, 52, P8, 0x0000000000000001
2026/08/31 23:11:57.703, 24.82, 24.66, 210, 405, 0, 0, 454, 455, 52, P8, 0x0000000000000001
2026/08/31 23:11:58.204, 24.82, 24.66, 210, 405, 0, 0, 454, 455, 52, P8, 0x0000000000000001
2026/08/31 23:11:58.704, 24.78, 24.91, 210, 405, 0, 0, 454, 455, 52, P8, 0x0000000000000001
2026/08/31 23:11:59.204, 24.78, 24.91, 210, 405, 0, 0, 454, 455, 52, P8, 0x0000000000000001
2026/08/31 23:11:59.705, 24.91, 24.92, 210, 405, 0, 0, 454, 455, 52, P8, 0x0000000000000001
2026/08/31 23:12:00.205, 24.91, 24.92, 210, 405, 0, 0, 454, 455, 52, P8, 0x0000000000000001
2026/08/31 23:12:00.705, 27.56, 36.60, 210, 405, 0, 0, 454, 455, 53, P8, 0x0000000000000001
2026/08/31 23:12:01.206, 30.07, 36.71, 210, 405, 0, 0, 454, 455, 53, P8, 0x0000000000000001
2026/08/31 23:12:01.706, 30.73, 36.58, 210, 405, 0, 0, 454, 455, 53, P8, 0x0000000000000001
2026/08/31 23:12:02.206, 30.73, 36.58, 210, 405, 0, 0, 454, 455, 53, P8, 0x0000000000000001
2026/08/31 23:12:02.706, 26.06, 25.01, 210, 405, 0, 0, 454, 455, 53, P8, 0x0000000000000001
2026/08/31 23:12:03.207, 26.06, 25.01, 210, 405, 0, 0, 454, 455, 53, P8, 0x0000000000000001
2026/08/31 23:12:03.707, 25.02, 25.03, 210, 405, 0, 0, 454, 455, 52, P8, 0x0000000000000001
2026/08/31 23:12:04.207, 25.02, 25.03, 210, 405, 0, 0, 454, 455, 52, P8, 0x0000000000000001
2026/08/31 23:12:04.708, 24.86, 24.69, 210, 405, 0, 0, 454, 455, 52, P8, 0x0000000000000001
2026/08/31 23:12:05.208, 24.86, 24.69, 210, 405, 0, 0, 454, 455, 52, P8, 0x0000000000000001
2026/08/31 23:12:05.708, 24.83, 24.98, 210, 405, 0, 0, 454, 455, 52, P8, 0x0000000000000001
2026/08/31 23:12:06.209, 24.83, 24.98, 210, 405, 0, 0, 454, 455, 52, P8, 0x0000000000000001
2026/08/31 23:12:06.709, 24.96, 24.95, 210, 405, 0, 0, 454, 455, 52, P8, 0x0000000000000001
2026/08/31 23:12:07.209, 24.96, 24.95, 210, 405, 0, 0, 454, 455, 52, P8, 0x0000000000000001
2026/08/31 23:12:07.710, 24.77, 24.59, 210, 405, 0, 0, 454, 455, 52, P8, 0x0000000000000001
2026/08/31 23:12:08.210, 24.77, 24.59, 210, 405, 0, 0, 454, 455, 52, P8, 0x0000000000000001
2026/08/31 23:12:08.710, 24.76, 24.92, 210, 405, 0, 0, 454, 455, 52, P8, 0x0000000000000001
2026/08/31 23:12:09.211, 24.76, 24.92, 210, 405, 0, 0, 454, 455, 52, P8, 0x0000000000000001
2026/08/31 23:12:09.711, 24.95, 24.98, 210, 405, 0, 0, 454, 455, 52, P8, 0x0000000000000001
2026/08/31 23:12:10.211, 24.95, 24.98, 210, 405, 0, 0, 454, 455, 52, P8, 0x0000000000000001
2026/08/31 23:12:10.712, 24.84, 24.70, 210, 405, 0, 0, 454, 455, 52, P8, 0x0000000000000001
2026/08/31 23:12:11.212, 24.84, 24.70, 210, 405, 0, 0, 454, 455, 52, P8, 0x0000000000000001
2026/08/31 23:12:11.712, 24.83, 24.95, 210, 405, 0, 0, 454, 455, 52, P8, 0x0000000000000001
2026/08/31 23:12:12.212, 24.83, 24.95, 210, 405, 0, 0, 454, 455, 52, P8, 0x0000000000000001
2026/08/31 23:12:12.713, 24.96, 24.98, 210, 405, 0, 0, 454, 455, 52, P8, 0x0000000000000001
2026/08/31 23:12:13.213, 24.96, 24.98, 210, 405, 0, 0, 454, 455, 52, P8, 0x0000000000000001
2026/08/31 23:12:13.713, 24.86, 24.74, 210, 405, 0, 0, 454, 455, 52, P8, 0x0000000000000001
2026/08/31 23:12:14.213, 24.86, 24.74, 210, 405, 0, 0, 454, 455, 52, P8, 0x0000000000000001
2026/08/31 23:12:14.714, 24.88, 25.03, 210, 405, 0, 0, 454, 455, 52, P8, 0x0000000000000001
2026/08/31 23:12:15.214, 24.88, 25.03, 210, 405, 0, 0, 454, 455, 52, P8, 0x0000000000000001
2026/08/31 23:12:15.714, 25.02, 25.01, 210, 405, 0, 0, 454, 455, 52, P8, 0x0000000000000001
2026/08/31 23:12:16.214, 25.02, 25.01, 210, 405, 0, 0, 454, 455, 52, P8, 0x0000000000000001
2026/08/31 23:12:16.715, 24.85, 24.69, 210, 405, 0, 0, 454, 455, 52, P8, 0x0000000000000001
2026/08/31 23:12:17.215, 24.85, 24.69, 210, 405, 0, 0, 454, 455, 52, P8, 0x0000000000000001
2026/08/31 23:12:17.715, 24.80, 24.91, 210, 405, 0, 0, 454, 455, 52, P8, 0x0000000000000001
2026/08/31 23:12:18.216, 24.80, 24.91, 210, 405, 0, 0, 454, 455, 52, P8, 0x0000000000000001
2026/08/31 23:12:18.716, 24.96, 25.00, 210, 405, 0, 0, 454, 455, 52, P8, 0x0000000000000001
2026/08/31 23:12:19.216, 24.96, 25.00, 210, 405, 0, 0, 454, 455, 52, P8, 0x0000000000000001
2026/08/31 23:12:19.716, 24.88, 24.76, 210, 405, 0, 0, 454, 455, 52, P8, 0x0000000000000001
2026/08/31 23:12:20.217, 24.88, 24.76, 210, 405, 0, 0, 454, 455, 52, P8, 0x0000000000000001
2026/08/31 23:12:20.717, 24.90, 25.04, 210, 405, 0, 0, 454, 455, 52, P8, 0x0000000000000001
2026/08/31 23:12:21.217, 24.90, 25.04, 210, 405, 0, 0, 454, 455, 52, P8, 0x0000000000000001
2026/08/31 23:12:21.718, 25.02, 25.00, 210, 405, 0, 0, 454, 455, 52, P8, 0x0000000000000001
2026/08/31 23:12:22.218, 25.02, 25.00, 210, 405, 0, 0, 454, 455, 52, P8, 0x0000000000000001
2026/08/31 23:12:22.718, 24.87, 24.74, 210, 405, 0, 0, 454, 455, 52, P8, 0x0000000000000001
2026/08/31 23:12:23.218, 24.87, 24.74, 210, 405, 0, 0, 454, 455, 52, P8, 0x0000000000000001
2026/08/31 23:12:23.719, 24.87, 25.00, 210, 405, 0, 0, 454, 455, 52, P8, 0x0000000000000001
2026/08/31 23:12:24.219, 24.87, 25.00, 210, 405, 0, 0, 454, 455, 52, P8, 0x0000000000000001
2026/08/31 23:12:24.719, 25.01, 25.02, 210, 405, 0, 0, 454, 455, 52, P8, 0x0000000000000001
2026/08/31 23:12:25.220, 25.01, 25.02, 210, 405, 0, 0, 454, 455, 52, P8, 0x0000000000000001
2026/08/31 23:12:25.720, 24.88, 24.74, 210, 405, 0, 0, 454, 455, 52, P8, 0x0000000000000001
2026/08/31 23:12:26.220, 24.88, 24.74, 210, 405, 0, 0, 454, 455, 52, P8, 0x0000000000000001
2026/08/31 23:12:26.721, 24.86, 24.98, 210, 405, 0, 0, 454, 455, 52, P8, 0x0000000000000001
2026/08/31 23:12:27.221, 24.86, 24.98, 210, 405, 0, 0, 454, 455, 52, P8, 0x0000000000000001
2026/08/31 23:12:27.721, 24.96, 24.94, 210, 405, 0, 0, 454, 455, 52, P8, 0x0000000000000001
2026/08/31 23:12:28.222, 24.96, 24.94, 210, 405, 0, 0, 454, 455, 52, P8, 0x0000000000000001
2026/08/31 23:12:28.722, 24.85, 24.77, 210, 405, 0, 0, 454, 455, 52, P8, 0x0000000000000001
2026/08/31 23:12:29.222, 24.85, 24.77, 210, 405, 0, 0, 454, 455, 52, P8, 0x0000000000000001
2026/08/31 23:12:29.723, 24.93, 25.10, 210, 405, 0, 0, 454, 455, 52, P8, 0x0000000000000001
2026/08/31 23:12:30.223, 24.93, 25.10, 210, 405, 0, 0, 454, 455, 52, P8, 0x0000000000000001
2026/08/31 23:12:30.723, 25.06, 25.02, 210, 405, 0, 0, 454, 455, 52, P8, 0x0000000000000001
2026/08/31 23:12:31.223, 25.06, 25.02, 210, 405, 0, 0, 454, 455, 52, P8, 0x0000000000000001
2026/08/31 23:12:31.724, 24.88, 24.73, 210, 405, 0, 0, 454, 455, 52, P8, 0x0000000000000001
2026/08/31 23:12:32.224, 24.88, 24.73, 210, 405, 0, 0, 454, 455, 52, P8, 0x0000000000000001
2026/08/31 23:12:32.724, 24.90, 25.06, 210, 405, 0, 0, 454, 455, 52, P8, 0x0000000000000001
2026/08/31 23:12:33.225, 24.90, 25.06, 210, 405, 0, 0, 454, 455, 52, P8, 0x0000000000000001
2026/08/31 23:12:33.725, 25.19, 25.31, 210, 405, 0, 0, 454, 455, 52, P8, 0x0000000000000001
2026/08/31 23:12:34.225, 25.19, 25.31, 210, 405, 0, 0, 454, 455, 52, P8, 0x0000000000000001
2026/08/31 23:12:34.726, 25.02, 24.73, 210, 405, 0, 0, 454, 455, 52, P8, 0x0000000000000001
2026/08/31 23:12:35.226, 25.02, 24.73, 210, 405, 0, 0, 454, 455, 52, P8, 0x0000000000000001
2026/08/31 23:12:35.727, 24.86, 25.00, 210, 405, 0, 0, 454, 455, 52, P8, 0x0000000000000001
2026/08/31 23:12:36.227, 24.86, 25.00, 210, 405, 0, 0, 454, 455, 52, P8, 0x0000000000000001
2026/08/31 23:12:36.727, 27.78, 36.58, 210, 405, 0, 0, 454, 455, 53, P8, 0x0000000000000001
2026/08/31 23:12:37.228, 30.22, 36.54, 210, 405, 0, 0, 454, 455, 53, P8, 0x0000000000000001
2026/08/31 23:12:37.728, 36.55, 36.49, 210, 405, 0, 0, 454, 455, 53, P8, 0x0000000000000001
2026/08/31 23:12:38.228, 36.54, 36.58, 210, 405, 0, 0, 454, 455, 53, P8, 0x0000000000000001
2026/08/31 23:12:38.729, 36.54, 36.58, 210, 405, 0, 0, 454, 455, 53, P8, 0x0000000000000001
2026/08/31 23:12:39.229, 26.80, 25.82, 210, 405, 0, 0, 454, 455, 53, P8, 0x0000000000000001
2026/08/31 23:12:39.729, 26.80, 25.82, 210, 405, 0, 0, 454, 455, 53, P8, 0x0000000000000001
2026/08/31 23:12:40.229, 25.40, 24.97, 210, 405, 0, 0, 454, 455, 52, P8, 0x0000000000000001
2026/08/31 23:12:40.730, 25.40, 24.97, 210, 405, 0, 0, 454, 455, 52, P8, 0x0000000000000001
2026/08/31 23:12:41.230, 24.80, 24.63, 210, 405, 0, 0, 454, 455, 52, P8, 0x0000000000000001
2026/08/31 23:12:41.730, 24.80, 24.63, 210, 405, 0, 0, 454, 455, 52, P8, 0x0000000000000001
2026/08/31 23:12:42.231, 24.80, 24.97, 210, 405, 0, 0, 454, 455, 52, P8, 0x0000000000000001
2026/08/31 23:12:42.731, 24.80, 24.97, 210, 405, 0, 0, 454, 455, 52, P8, 0x0000000000000001
2026/08/31 23:12:43.231, 24.96, 24.94, 210, 405, 0, 0, 454, 455, 52, P8, 0x0000000000000001
2026/08/31 23:12:43.732, 24.96, 24.94, 210, 405, 0, 0, 454, 455, 52, P8, 0x0000000000000001
2026/08/31 23:12:44.232, 24.80, 24.65, 210, 405, 0, 0, 454, 455, 52, P8, 0x0000000000000001
2026/08/31 23:12:44.732, 24.80, 24.65, 210, 405, 0, 0, 454, 455, 52, P8, 0x0000000000000001
2026/08/31 23:12:45.232, 24.82, 25.00, 210, 405, 0, 0, 454, 455, 52, P8, 0x0000000000000001
2026/08/31 23:12:45.733, 24.82, 25.00, 210, 405, 0, 0, 454, 455, 52, P8, 0x0000000000000001
2026/08/31 23:12:46.233, 25.03, 25.06, 210, 405, 0, 0, 454, 455, 52, P8, 0x0000000000000001
2026/08/31 23:12:46.733, 25.03, 25.06, 210, 405, 0, 0, 454, 455, 52, P8, 0x0000000000000001
2026/08/31 23:12:47.234, 24.93, 24.79, 210, 405, 0, 0, 454, 455, 52, P8, 0x0000000000000001
2026/08/31 23:12:47.734, 24.93, 24.79, 210, 405, 0, 0, 454, 455, 52, P8, 0x0000000000000001
2026/08/31 23:12:48.234, 24.92, 25.05, 210, 405, 0, 0, 454, 455, 52, P8, 0x0000000000000001
2026/08/31 23:12:48.735, 24.92, 25.05, 210, 405, 0, 0, 454, 455, 52, P8, 0x0000000000000001
2026/08/31 23:12:49.235, 25.04, 25.03, 210, 405, 0, 0, 454, 455, 52, P8, 0x0000000000000001
2026/08/31 23:12:49.736, 25.04, 25.03, 210, 405, 0, 0, 454, 455, 52, P8, 0x0000000000000001
2026/08/31 23:12:50.236, 24.88, 24.73, 210, 405, 0, 0, 454, 455, 52, P8, 0x0000000000000001
2026/08/31 23:12:50.736, 24.88, 24.73, 210, 405, 0, 0, 454, 455, 52, P8, 0x0000000000000001
2026/08/31 23:12:51.236, 24.90, 25.06, 210, 405, 0, 0, 454, 455, 52, P8, 0x0000000000000001
2026/08/31 23:12:51.737, 24.90, 25.06, 210, 405, 0, 0, 454, 455, 52, P8, 0x0000000000000001
2026/08/31 23:12:52.237, 25.08, 25.09, 210, 405, 0, 0, 454, 455, 52, P8, 0x0000000000000001
2026/08/31 23:12:52.737, 25.08, 25.09, 210, 405, 0, 0, 454, 455, 52, P8, 0x0000000000000001
2026/08/31 23:12:53.238, 24.87, 24.66, 210, 405, 0, 0, 454, 455, 52, P8, 0x0000000000000001
2026/08/31 23:12:53.738, 24.87, 24.66, 210, 405, 0, 0, 454, 455, 52, P8, 0x0000000000000001
2026/08/31 23:12:54.238, 24.81, 24.96, 210, 405, 0, 0, 454, 455, 52, P8, 0x0000000000000001
2026/08/31 23:12:54.739, 24.81, 24.96, 210, 405, 0, 0, 454, 455, 52, P8, 0x0000000000000001
2026/08/31 23:12:55.239, 24.97, 24.98, 210, 405, 0, 0, 454, 455, 52, P8, 0x0000000000000001
2026/08/31 23:12:55.739, 24.97, 24.98, 210, 405, 0, 0, 454, 455, 52, P8, 0x0000000000000001
2026/08/31 23:12:56.239, 24.84, 24.69, 210, 405, 0, 0, 454, 455, 52, P8, 0x0000000000000001
2026/08/31 23:12:56.740, 24.84, 24.69, 210, 405, 0, 0, 454, 455, 52, P8, 0x0000000000000001
2026/08/31 23:12:57.240, 24.84, 24.99, 210, 405, 0, 0, 454, 455, 52, P8, 0x0000000000000001
2026/08/31 23:12:57.740, 24.84, 24.99, 210, 405, 0, 0, 454, 455, 52, P8, 0x0000000000000001
2026/08/31 23:12:58.241, 24.98, 24.98, 210, 405, 0, 0, 454, 455, 52, P8, 0x0000000000000001
2026/08/31 23:12:58.741, 24.98, 24.98, 210, 405, 0, 0, 454, 455, 52, P8, 0x0000000000000001
2026/08/31 23:12:59.241, 24.84, 24.71, 210, 405, 0, 0, 454, 455, 52, P8, 0x0000000000000001
2026/08/31 23:12:59.742, 24.84, 24.71, 210, 405, 0, 0, 454, 455, 52, P8, 0x0000000000000001
2026/08/31 23:13:00.242, 24.87, 25.04, 210, 405, 0, 0, 454, 455, 52, P8, 0x0000000000000001
2026/08/31 23:13:00.742, 27.20, 37.47, 210, 405, 0, 0, 454, 455, 53, P8, 0x0000000000000001
2026/08/31 23:13:01.242, 32.98, 36.72, 210, 405, 0, 0, 454, 455, 53, P8, 0x0000000000000001
2026/08/31 23:13:01.743, 33.53, 36.75, 210, 405, 0, 0, 454, 455, 53, P8, 0x0000000000000001
2026/08/31 23:13:02.243, 33.53, 36.75, 210, 405, 0, 0, 454, 455, 53, P8, 0x0000000000000001
2026/08/31 23:13:02.743, 26.34, 25.30, 210, 405, 0, 0, 454, 455, 53, P8, 0x0000000000000001
2026/08/31 23:13:03.244, 26.34, 25.30, 210, 405, 0, 0, 454, 455, 53, P8, 0x0000000000000001
2026/08/31 23:13:03.744, 25.19, 25.07, 210, 405, 0, 0, 454, 455, 52, P8, 0x0000000000000001
2026/08/31 23:13:04.244, 25.19, 25.07, 210, 405, 0, 0, 454, 455, 52, P8, 0x0000000000000001
2026/08/31 23:13:04.745, 24.90, 24.73, 210, 405, 0, 0, 454, 455, 52, P8, 0x0000000000000001
2026/08/31 23:13:05.245, 24.90, 24.73, 210, 405, 0, 0, 454, 455, 52, P8, 0x0000000000000001
2026/08/31 23:13:05.745, 24.90, 25.08, 210, 405, 0, 0, 454, 455, 52, P8, 0x0000000000000001
2026/08/31 23:13:06.246, 24.90, 25.08, 210, 405, 0, 0, 454, 455, 52, P8, 0x0000000000000001
2026/08/31 23:13:06.746, 25.10, 25.12, 210, 405, 0, 0, 454, 455, 52, P8, 0x0000000000000001
2026/08/31 23:13:07.246, 25.10, 25.12, 210, 405, 0, 0, 454, 455, 52, P8, 0x0000000000000001
2026/08/31 23:13:07.747, 24.99, 24.86, 210, 405, 0, 0, 454, 455, 52, P8, 0x0000000000000001
2026/08/31 23:13:08.247, 24.99, 24.86, 210, 405, 0, 0, 454, 455, 52, P8, 0x0000000000000001
2026/08/31 23:13:08.748, 24.99, 25.12, 210, 405, 0, 0, 454, 455, 52, P8, 0x0000000000000001
2026/08/31 23:13:09.248, 24.99, 25.12, 210, 405, 0, 0, 454, 455, 52, P8, 0x0000000000000001
2026/08/31 23:13:09.748, 25.13, 25.15, 210, 405, 0, 0, 454, 455, 52, P8, 0x0000000000000001
2026/08/31 23:13:10.249, 25.13, 25.15, 210, 405, 0, 0, 454, 455, 52, P8, 0x0000000000000001
2026/08/31 23:13:10.749, 24.99, 24.83, 210, 405, 0, 0, 454, 455, 52, P8, 0x0000000000000001
2026/08/31 23:13:11.249, 24.99, 24.83, 210, 405, 0, 0, 454, 455, 52, P8, 0x0000000000000001
2026/08/31 23:13:11.750, 25.01, 25.19, 210, 405, 0, 0, 454, 455, 52, P8, 0x0000000000000001
2026/08/31 23:13:12.250, 25.01, 25.19, 210, 405, 0, 0, 454, 455, 52, P8, 0x0000000000000001
2026/08/31 23:13:12.750, 25.15, 25.12, 210, 405, 0, 0, 454, 455, 52, P8, 0x0000000000000001
2026/08/31 23:13:13.251, 25.15, 25.12, 210, 405, 0, 0, 454, 455, 52, P8, 0x0000000000000001
2026/08/31 23:13:13.751, 24.98, 24.84, 210, 405, 0, 0, 454, 455, 52, P8, 0x0000000000000001
2026/08/31 23:13:14.251, 24.98, 24.84, 210, 405, 0, 0, 454, 455, 52, P8, 0x0000000000000001
2026/08/31 23:13:14.752, 24.99, 25.15, 210, 405, 0, 0, 454, 455, 52, P8, 0x0000000000000001
2026/08/31 23:13:15.252, 24.99, 25.15, 210, 405, 0, 0, 454, 455, 52, P8, 0x0000000000000001
2026/08/31 23:13:15.752, 25.10, 25.06, 210, 405, 0, 0, 454, 455, 52, P8, 0x0000000000000001
2026/08/31 23:13:16.252, 25.10, 25.06, 210, 405, 0, 0, 454, 455, 52, P8, 0x0000000000000001
2026/08/31 23:13:16.753, 24.91, 24.76, 210, 405, 0, 0, 454, 455, 52, P8, 0x0000000000000001
2026/08/31 23:13:17.253, 24.91, 24.76, 210, 405, 0, 0, 454, 455, 52, P8, 0x0000000000000001
2026/08/31 23:13:17.753, 24.87, 24.98, 210, 405, 0, 0, 454, 455, 52, P8, 0x0000000000000001
2026/08/31 23:13:18.254, 24.87, 24.98, 210, 405, 0, 0, 454, 455, 52, P8, 0x0000000000000001
2026/08/31 23:13:18.754, 24.99, 24.99, 210, 405, 0, 0, 454, 455, 52, P8, 0x0000000000000001
2026/08/31 23:13:19.254, 24.99, 24.99, 210, 405, 0, 0, 454, 455, 52, P8, 0x0000000000000001
2026/08/31 23:13:19.754, 24.88, 24.77, 210, 405, 0, 0, 454, 455, 52, P8, 0x0000000000000001
2026/08/31 23:13:20.255, 24.88, 24.77, 210, 405, 0, 0, 454, 455, 52, P8, 0x0000000000000001
2026/08/31 23:13:20.755, 24.94, 25.12, 210, 405, 0, 0, 454, 455, 52, P8, 0x0000000000000001
2026/08/31 23:13:21.255, 24.94, 25.12, 210, 405, 0, 0, 454, 455, 52, P8, 0x0000000000000001
2026/08/31 23:13:21.756, 25.11, 25.11, 210, 405, 0, 0, 454, 455, 52, P8, 0x0000000000000001
2026/08/31 23:13:22.256, 25.11, 25.11, 210, 405, 0, 0, 454, 455, 52, P8, 0x0000000000000001
2026/08/31 23:13:22.756, 25.01, 24.92, 210, 405, 0, 0, 454, 455, 52, P8, 0x0000000000000001
2026/08/31 23:13:23.257, 25.01, 24.92, 210, 405, 0, 0, 454, 455, 52, P8, 0x0000000000000001
2026/08/31 23:13:23.757, 25.04, 25.16, 210, 405, 0, 0, 454, 455, 52, P8, 0x0000000000000001
2026/08/31 23:13:24.257, 25.04, 25.16, 210, 405, 0, 0, 454, 455, 52, P8, 0x0000000000000001
2026/08/31 23:13:24.757, 25.13, 25.09, 210, 405, 0, 0, 454, 455, 52, P8, 0x0000000000000001
2026/08/31 23:13:25.258, 25.13, 25.09, 210, 405, 0, 0, 454, 455, 52, P8, 0x0000000000000001
2026/08/31 23:13:25.758, 24.89, 24.69, 210, 405, 0, 0, 454, 455, 52, P8, 0x0000000000000001
2026/08/31 23:13:26.258, 24.89, 24.69, 210, 405, 0, 0, 454, 455, 52, P8, 0x0000000000000001
2026/08/31 23:13:26.759, 24.86, 25.02, 210, 405, 0, 0, 454, 455, 52, P8, 0x0000000000000001
2026/08/31 23:13:27.259, 24.86, 25.02, 210, 405, 0, 0, 454, 455, 52, P8, 0x0000000000000001
2026/08/31 23:13:27.759, 25.02, 25.03, 210, 405, 0, 0, 454, 455, 52, P8, 0x0000000000000001
2026/08/31 23:13:28.260, 25.02, 25.03, 210, 405, 0, 0, 454, 455, 52, P8, 0x0000000000000001
2026/08/31 23:13:28.760, 24.90, 24.77, 210, 405, 0, 0, 454, 455, 52, P8, 0x0000000000000001
2026/08/31 23:13:29.260, 24.90, 24.77, 210, 405, 0, 0, 454, 455, 52, P8, 0x0000000000000001
2026/08/31 23:13:29.760, 24.94, 25.12, 210, 405, 0, 0, 454, 455, 52, P8, 0x0000000000000001
2026/08/31 23:13:30.261, 24.94, 25.12, 210, 405, 0, 0, 454, 455, 52, P8, 0x0000000000000001
2026/08/31 23:13:30.761, 25.10, 25.08, 210, 405, 0, 0, 454, 455, 52, P8, 0x0000000000000001
2026/08/31 23:13:31.261, 25.10, 25.08, 210, 405, 0, 0, 454, 455, 52, P8, 0x0000000000000001
2026/08/31 23:13:31.762, 24.94, 24.80, 210, 405, 0, 0, 454, 455, 52, P8, 0x0000000000000001
2026/08/31 23:13:32.262, 24.94, 24.80, 210, 405, 0, 0, 454, 455, 52, P8, 0x0000000000000001
2026/08/31 23:13:32.762, 24.93, 25.07, 210, 405, 0, 0, 454, 455, 52, P8, 0x0000000000000001
2026/08/31 23:13:33.263, 24.93, 25.07, 210, 405, 0, 0, 454, 455, 52, P8, 0x0000000000000001
2026/08/31 23:13:33.763, 25.05, 25.02, 210, 405, 0, 0, 454, 455, 52, P8, 0x0000000000000001
2026/08/31 23:13:34.263, 25.05, 25.02, 210, 405, 0, 0, 454, 455, 52, P8, 0x0000000000000001
2026/08/31 23:13:34.763, 24.88, 24.73, 210, 405, 0, 0, 454, 455, 52, P8, 0x0000000000000001
2026/08/31 23:13:35.264, 24.88, 24.73, 210, 405, 0, 0, 454, 455, 52, P8, 0x0000000000000001
2026/08/31 23:13:35.764, 24.81, 24.89, 210, 405, 0, 0, 454, 455, 52, P8, 0x0000000000000001
2026/08/31 23:13:36.265, 24.81, 24.89, 210, 405, 0, 0, 454, 455, 52, P8, 0x0000000000000001
2026/08/31 23:13:36.765, 24.89, 24.89, 210, 405, 0, 0, 454, 455, 52, P8, 0x0000000000000001
2026/08/31 23:13:37.265, 24.89, 24.89, 210, 405, 0, 0, 454, 455, 52, P8, 0x0000000000000001
2026/08/31 23:13:37.766, 24.74, 24.58, 210, 405, 0, 0, 454, 455, 52, P8, 0x0000000000000001
2026/08/31 23:13:38.266, 24.74, 24.58, 210, 405, 0, 0, 454, 455, 52, P8, 0x0000000000000001
2026/08/31 23:13:38.766, 24.73, 24.87, 210, 405, 0, 0, 454, 455, 52, P8, 0x0000000000000001
2026/08/31 23:13:39.267, 24.73, 24.87, 210, 405, 0, 0, 454, 455, 52, P8, 0x0000000000000001
2026/08/31 23:13:39.767, 24.72, 24.57, 210, 405, 0, 0, 454, 455, 52, P8, 0x0000000000000001
2026/08/31 23:13:40.267, 24.72, 24.57, 210, 405, 0, 0, 454, 455, 52, P8, 0x0000000000000001
2026/08/31 23:13:40.768, 24.72, 24.88, 210, 405, 0, 0, 454, 455, 52, P8, 0x0000000000000001
2026/08/31 23:13:41.268, 24.72, 24.88, 210, 405, 0, 0, 454, 455, 52, P8, 0x0000000000000001
2026/08/31 23:13:41.768, 24.92, 24.97, 210, 405, 0, 0, 454, 455, 52, P8, 0x0000000000000001
2026/08/31 23:13:42.269, 24.92, 24.97, 210, 405, 0, 0, 454, 455, 52, P8, 0x0000000000000001
2026/08/31 23:13:42.769, 24.81, 24.66, 210, 405, 0, 0, 454, 455, 52, P8, 0x0000000000000001
2026/08/31 23:13:43.269, 24.81, 24.66, 210, 405, 0, 0, 454, 455, 52, P8, 0x0000000000000001
2026/08/31 23:13:43.770, 24.83, 25.00, 210, 405, 0, 0, 454, 455, 52, P8, 0x0000000000000001
2026/08/31 23:13:44.270, 24.83, 25.00, 210, 405, 0, 0, 454, 455, 52, P8, 0x0000000000000001
2026/08/31 23:13:44.770, 25.01, 25.01, 210, 405, 0, 0, 454, 455, 52, P8, 0x0000000000000001
2026/08/31 23:13:45.271, 25.01, 25.01, 210, 405, 0, 0, 454, 455, 52, P8, 0x0000000000000001
2026/08/31 23:13:45.771, 24.86, 24.70, 210, 405, 0, 0, 454, 455, 52, P8, 0x0000000000000001
2026/08/31 23:13:46.271, 24.86, 24.70, 210, 405, 0, 0, 454, 455, 52, P8, 0x0000000000000001
2026/08/31 23:13:46.771, 24.88, 25.05, 210, 405, 0, 0, 454, 455, 52, P8, 0x0000000000000001
2026/08/31 23:13:47.272, 24.88, 25.05, 210, 405, 0, 0, 454, 455, 52, P8, 0x0000000000000001
2026/08/31 23:13:47.772, 25.03, 25.03, 210, 405, 0, 0, 454, 455, 52, P8, 0x0000000000000001
2026/08/31 23:13:48.272, 25.03, 25.03, 210, 405, 0, 0, 454, 455, 52, P8, 0x0000000000000001
2026/08/31 23:13:48.773, 24.84, 24.66, 210, 405, 0, 0, 454, 455, 52, P8, 0x0000000000000001
2026/08/31 23:13:49.273, 24.84, 24.66, 210, 405, 0, 0, 454, 455, 52, P8, 0x0000000000000001
2026/08/31 23:13:49.773, 24.84, 25.01, 210, 405, 0, 0, 454, 455, 52, P8, 0x0000000000000001
2026/08/31 23:13:50.274, 24.84, 25.01, 210, 405, 0, 0, 454, 455, 52, P8, 0x0000000000000001
2026/08/31 23:13:50.774, 25.05, 25.08, 210, 405, 0, 0, 454, 455, 52, P8, 0x0000000000000001
2026/08/31 23:13:51.274, 25.05, 25.08, 210, 405, 0, 0, 454, 455, 52, P8, 0x0000000000000001
2026/08/31 23:13:51.775, 24.92, 24.76, 210, 405, 0, 0, 454, 455, 52, P8, 0x0000000000000001
2026/08/31 23:13:52.275, 24.92, 24.76, 210, 405, 0, 0, 454, 455, 52, P8, 0x0000000000000001
2026/08/31 23:13:52.775, 24.94, 25.12, 210, 405, 0, 0, 454, 455, 52, P8, 0x0000000000000001
2026/08/31 23:13:53.276, 24.94, 25.12, 210, 405, 0, 0, 454, 455, 52, P8, 0x0000000000000001
2026/08/31 23:13:53.776, 25.06, 25.01, 210, 405, 0, 0, 454, 455, 52, P8, 0x0000000000000001
2026/08/31 23:13:54.276, 25.06, 25.01, 210, 405, 0, 0, 454, 455, 52, P8, 0x0000000000000001
2026/08/31 23:13:54.777, 24.83, 24.66, 210, 405, 0, 0, 454, 455, 52, P8, 0x0000000000000001
2026/08/31 23:13:55.277, 24.83, 24.66, 210, 405, 0, 0, 454, 455, 52, P8, 0x0000000000000001
2026/08/31 23:13:55.777, 24.83, 25.01, 210, 405, 0, 0, 454, 455, 52, P8, 0x0000000000000001
2026/08/31 23:13:56.278, 24.83, 25.01, 210, 405, 0, 0, 454, 455, 52, P8, 0x0000000000000001
2026/08/31 23:13:56.778, 25.01, 25.02, 210, 405, 0, 0, 454, 455, 52, P8, 0x0000000000000001
2026/08/31 23:13:57.278, 25.01, 25.02, 210, 405, 0, 0, 454, 455, 52, P8, 0x0000000000000001
2026/08/31 23:13:57.778, 24.86, 24.70, 210, 405, 0, 0, 454, 455, 52, P8, 0x0000000000000001
2026/08/31 23:13:58.279, 24.86, 24.70, 210, 405, 0, 0, 454, 455, 52, P8, 0x0000000000000001
2026/08/31 23:13:58.779, 24.83, 24.96, 210, 405, 0, 0, 454, 455, 52, P8, 0x0000000000000001
2026/08/31 23:13:59.279, 24.83, 24.96, 210, 405, 0, 0, 454, 455, 52, P8, 0x0000000000000001
2026/08/31 23:13:59.780, 24.97, 24.98, 210, 405, 0, 0, 454, 455, 52, P8, 0x0000000000000001
2026/08/31 23:14:00.280, 24.97, 24.98, 210, 405, 0, 0, 454, 455, 52, P8, 0x0000000000000001
2026/08/31 23:14:00.780, 27.33, 37.52, 210, 405, 0, 0, 454, 455, 53, P8, 0x0000000000000001
2026/08/31 23:14:01.281, 29.88, 36.47, 210, 405, 0, 0, 454, 455, 53, P8, 0x0000000000000001
2026/08/31 23:14:01.781, 30.54, 36.41, 210, 405, 0, 0, 454, 455, 53, P8, 0x0000000000000001
2026/08/31 23:14:02.281, 30.54, 36.41, 210, 405, 0, 0, 454, 455, 53, P8, 0x0000000000000001
2026/08/31 23:14:02.782, 26.46, 25.46, 210, 405, 0, 0, 454, 455, 53, P8, 0x0000000000000001
2026/08/31 23:14:03.282, 26.46, 25.46, 210, 405, 0, 0, 454, 455, 53, P8, 0x0000000000000001
2026/08/31 23:14:03.782, 25.29, 25.12, 210, 405, 0, 0, 454, 455, 52, P8, 0x0000000000000001
2026/08/31 23:14:04.283, 25.29, 25.12, 210, 405, 0, 0, 454, 455, 52, P8, 0x0000000000000001
2026/08/31 23:14:04.783, 24.97, 24.82, 210, 405, 0, 0, 454, 455, 52, P8, 0x0000000000000001
2026/08/31 23:14:05.283, 24.97, 24.82, 210, 405, 0, 0, 454, 455, 52, P8, 0x0000000000000001
2026/08/31 23:14:05.783, 24.95, 25.07, 210, 405, 0, 0, 454, 455, 52, P8, 0x0000000000000001
2026/08/31 23:14:06.284, 24.95, 25.07, 210, 405, 0, 0, 454, 455, 52, P8, 0x0000000000000001
2026/08/31 23:14:06.784, 25.08, 25.08, 210, 405, 0, 0, 454, 455, 52, P8, 0x0000000000000001
2026/08/31 23:14:07.284, 25.08, 25.08, 210, 405, 0, 0, 454, 455, 52, P8, 0x0000000000000001
2026/08/31 23:14:07.785, 24.92, 24.76, 210, 405, 0, 0, 454, 455, 52, P8, 0x0000000000000001
2026/08/31 23:14:08.285, 24.92, 24.76, 210, 405, 0, 0, 454, 455, 52, P8, 0x0000000000000001
2026/08/31 23:14:08.785, 24.87, 24.99, 210, 405, 0, 0, 454, 455, 52, P8, 0x0000000000000001
2026/08/31 23:14:09.286, 24.87, 24.99, 210, 405, 0, 0, 454, 455, 52, P8, 0x0000000000000001
2026/08/31 23:14:09.786, 24.99, 25.00, 210, 405, 0, 0, 454, 455, 52, P8, 0x0000000000000001
2026/08/31 23:14:10.286, 24.99, 25.00, 210, 405, 0, 0, 454, 455, 52, P8, 0x0000000000000001
2026/08/31 23:14:10.787, 24.86, 24.71, 210, 405, 0, 0, 454, 455, 52, P8, 0x0000000000000001
2026/08/31 23:14:11.287, 24.86, 24.71, 210, 405, 0, 0, 454, 455, 52, P8, 0x0000000000000001
2026/08/31 23:14:11.787, 24.91, 25.10, 210, 405, 0, 0, 454, 455, 52, P8, 0x0000000000000001
2026/08/31 23:14:12.287, 24.91, 25.10, 210, 405, 0, 0, 454, 455, 52, P8, 0x0000000000000001
2026/08/31 23:14:12.788, 25.12, 25.15, 210, 405, 0, 0, 454, 455, 52, P8, 0x0000000000000001
2026/08/31 23:14:13.288, 25.12, 25.15, 210, 405, 0, 0, 454, 455, 52, P8, 0x0000000000000001
2026/08/31 23:14:13.788, 25.03, 24.92, 210, 405, 0, 0, 454, 455, 52, P8, 0x0000000000000001
2026/08/31 23:14:14.289, 25.03, 24.92, 210, 405, 0, 0, 454, 455, 52, P8, 0x0000000000000001
2026/08/31 23:14:14.789, 25.08, 25.25, 210, 405, 0, 0, 454, 455, 52, P8, 0x0000000000000001
2026/08/31 23:14:15.289, 25.08, 25.25, 210, 405, 0, 0, 454, 455, 52, P8, 0x0000000000000001
2026/08/31 23:14:15.789, 25.17, 25.08, 210, 405, 0, 0, 454, 455, 52, P8, 0x0000000000000001
2026/08/31 23:14:16.290, 25.17, 25.08, 210, 405, 0, 0, 454, 455, 52, P8, 0x0000000000000001
2026/08/31 23:14:16.790, 24.88, 24.68, 210, 405, 0, 0, 454, 455, 52, P8, 0x0000000000000001
2026/08/31 23:14:17.290, 24.88, 24.68, 210, 405, 0, 0, 454, 455, 52, P8, 0x0000000000000001
2026/08/31 23:14:17.790, 24.88, 25.07, 210, 405, 0, 0, 454, 455, 52, P8, 0x0000000000000001
2026/08/31 23:14:18.291, 24.88, 25.07, 210, 405, 0, 0, 454, 455, 52, P8, 0x0000000000000001
2026/08/31 23:14:18.791, 25.04, 25.01, 210, 405, 0, 0, 454, 455, 52, P8, 0x0000000000000001
2026/08/31 23:14:19.291, 25.04, 25.01, 210, 405, 0, 0, 454, 455, 52, P8, 0x0000000000000001
2026/08/31 23:14:19.792, 24.84, 24.67, 210, 405, 0, 0, 454, 455, 52, P8, 0x0000000000000001
2026/08/31 23:14:20.292, 24.84, 24.67, 210, 405, 0, 0, 454, 455, 52, P8, 0x0000000000000001
2026/08/31 23:14:20.792, 24.81, 24.94, 210, 405, 0, 0, 454, 455, 52, P8, 0x0000000000000001
2026/08/31 23:14:21.292, 24.81, 24.94, 210, 405, 0, 0, 454, 455, 52, P8, 0x0000000000000001
2026/08/31 23:14:21.793, 25.00, 25.06, 210, 405, 0, 0, 454, 455, 52, P8, 0x0000000000000001
2026/08/31 23:14:22.293, 25.00, 25.06, 210, 405, 0, 0, 454, 455, 52, P8, 0x0000000000000001
2026/08/31 23:14:22.793, 24.92, 24.77, 210, 405, 0, 0, 454, 455, 52, P8, 0x0000000000000001
2026/08/31 23:14:23.294, 24.92, 24.77, 210, 405, 0, 0, 454, 455, 52, P8, 0x0000000000000001
2026/08/31 23:14:23.794, 24.91, 25.05, 210, 405, 0, 0, 454, 455, 52, P8, 0x0000000000000001
2026/08/31 23:14:24.294, 24.91, 25.05, 210, 405, 0, 0, 454, 455, 52, P8, 0x0000000000000001
2026/08/31 23:14:24.795, 25.10, 25.14, 210, 405, 0, 0, 454, 455, 52, P8, 0x0000000000000001
2026/08/31 23:14:25.295, 25.10, 25.14, 210, 405, 0, 0, 454, 455, 52, P8, 0x0000000000000001
2026/08/31 23:14:25.795, 25.04, 24.94, 210, 405, 0, 0, 454, 455, 52, P8, 0x0000000000000001
2026/08/31 23:14:26.295, 25.04, 24.94, 210, 405, 0, 0, 454, 455, 52, P8, 0x0000000000000001
2026/08/31 23:14:26.796, 25.02, 25.11, 210, 405, 0, 0, 454, 455, 52, P8, 0x0000000000000001
2026/08/31 23:14:27.296, 25.02, 25.11, 210, 405, 0, 0, 454, 455, 52, P8, 0x0000000000000001
2026/08/31 23:14:27.796, 25.11, 25.10, 210, 405, 0, 0, 454, 455, 52, P8, 0x0000000000000001
2026/08/31 23:14:28.297, 25.11, 25.10, 210, 405, 0, 0, 454, 455, 52, P8, 0x0000000000000001
2026/08/31 23:14:28.797, 24.94, 24.78, 210, 405, 0, 0, 454, 455, 52, P8, 0x0000000000000001
2026/08/31 23:14:29.297, 24.94, 24.78, 210, 405, 0, 0, 454, 455, 52, P8, 0x0000000000000001
2026/08/31 23:14:29.798, 24.92, 25.07, 210, 405, 0, 0, 454, 455, 52, P8, 0x0000000000000001
2026/08/31 23:14:30.298, 24.92, 25.07, 210, 405, 0, 0, 454, 455, 52, P8, 0x0000000000000001
2026/08/31 23:14:30.799, 25.07, 25.08, 210, 405, 0, 0, 454, 455, 52, P8, 0x0000000000000001
2026/08/31 23:14:31.299, 25.07, 25.08, 210, 405, 0, 0, 454, 455, 52, P8, 0x0000000000000001
2026/08/31 23:14:31.799, 24.96, 24.84, 210, 405, 0, 0, 454, 455, 52, P8, 0x0000000000000001
2026/08/31 23:14:32.300, 24.96, 24.84, 210, 405, 0, 0, 454, 455, 52, P8, 0x0000000000000001
2026/08/31 23:14:32.800, 25.00, 25.17, 210, 405, 0, 0, 454, 455, 52, P8, 0x0000000000000001
2026/08/31 23:14:33.300, 25.00, 25.17, 210, 405, 0, 0, 454, 455, 52, P8, 0x0000000000000001
2026/08/31 23:14:33.801, 25.14, 25.11, 210, 405, 0, 0, 454, 455, 52, P8, 0x0000000000000001
2026/08/31 23:14:34.301, 25.14, 25.11, 210, 405, 0, 0, 454, 455, 52, P8, 0x0000000000000001
2026/08/31 23:14:34.801, 24.98, 24.84, 210, 405, 0, 0, 454, 455, 52, P8, 0x0000000000000001
2026/08/31 23:14:35.302, 24.98, 24.84, 210, 405, 0, 0, 454, 455, 52, P8, 0x0000000000000001
2026/08/31 23:14:35.802, 24.96, 25.08, 210, 405, 0, 0, 454, 455, 52, P8, 0x0000000000000001
2026/08/31 23:14:36.302, 24.96, 25.08, 210, 405, 0, 0, 454, 455, 52, P8, 0x0000000000000001
2026/08/31 23:14:36.803, 24.96, 24.83, 210, 405, 0, 0, 454, 455, 52, P8, 0x0000000000000001
2026/08/31 23:14:37.303, 24.96, 24.83, 210, 405, 0, 0, 454, 455, 52, P8, 0x0000000000000001
2026/08/31 23:14:37.803, 24.99, 25.14, 210, 405, 0, 0, 454, 455, 52, P8, 0x0000000000000001
2026/08/31 23:14:38.304, 24.99, 25.14, 210, 405, 0, 0, 454, 455, 52, P8, 0x0000000000000001
2026/08/31 23:14:38.804, 25.18, 25.21, 210, 405, 0, 0, 454, 455, 52, P8, 0x0000000000000001
2026/08/31 23:14:39.304, 25.18, 25.21, 210, 405, 0, 0, 454, 455, 52, P8, 0x0000000000000001
2026/08/31 23:14:39.805, 25.07, 24.92, 210, 405, 0, 0, 454, 455, 52, P8, 0x0000000000000001
2026/08/31 23:14:40.305, 25.07, 24.92, 210, 405, 0, 0, 454, 455, 52, P8, 0x0000000000000001
2026/08/31 23:14:40.805, 25.05, 25.17, 210, 405, 0, 0, 454, 455, 52, P8, 0x0000000000000001
2026/08/31 23:14:41.306, 25.05, 25.17, 210, 405, 0, 0, 454, 455, 52, P8, 0x0000000000000001
2026/08/31 23:14:41.806, 25.12, 25.07, 210, 405, 0, 0, 454, 455, 52, P8, 0x0000000000000001
2026/08/31 23:14:42.306, 25.12, 25.07, 210, 405, 0, 0, 454, 455, 52, P8, 0x0000000000000001
2026/08/31 23:14:42.806, 24.96, 24.84, 210, 405, 0, 0, 454, 455, 52, P8, 0x0000000000000001
2026/08/31 23:14:43.307, 24.96, 24.84, 210, 405, 0, 0, 454, 455, 52, P8, 0x0000000000000001
2026/08/31 23:14:43.807, 24.93, 25.02, 210, 405, 0, 0, 454, 455, 52, P8, 0x0000000000000001
2026/08/31 23:14:44.307, 24.93, 25.02, 210, 405, 0, 0, 454, 455, 52, P8, 0x0000000000000001
2026/08/31 23:14:44.807, 25.03, 25.04, 210, 405, 0, 0, 454, 455, 52, P8, 0x0000000000000001
2026/08/31 23:14:45.308, 25.03, 25.04, 210, 405, 0, 0, 454, 455, 52, P8, 0x0000000000000001
2026/08/31 23:14:45.808, 24.97, 24.89, 210, 405, 0, 0, 454, 455, 52, P8, 0x0000000000000001
2026/08/31 23:14:46.308, 24.97, 24.89, 210, 405, 0, 0, 454, 455, 52, P8, 0x0000000000000001
2026/08/31 23:14:46.809, 25.02, 25.15, 210, 405, 0, 0, 454, 455, 52, P8, 0x0000000000000001
2026/08/31 23:14:47.309, 25.02, 25.15, 210, 405, 0, 0, 454, 455, 52, P8, 0x0000000000000001
2026/08/31 23:14:47.809, 25.12, 25.09, 210, 405, 0, 0, 454, 455, 52, P8, 0x0000000000000001
2026/08/31 23:14:48.310, 25.12, 25.09, 210, 405, 0, 0, 454, 455, 52, P8, 0x0000000000000001
2026/08/31 23:14:48.810, 24.93, 24.77, 210, 405, 0, 0, 454, 455, 52, P8, 0x0000000000000001
2026/08/31 23:14:49.310, 24.93, 24.77, 210, 405, 0, 0, 454, 455, 52, P8, 0x0000000000000001
2026/08/31 23:14:49.811, 24.89, 25.01, 210, 405, 0, 0, 454, 455, 52, P8, 0x0000000000000001
2026/08/31 23:14:50.311, 24.89, 25.01, 210, 405, 0, 0, 454, 455, 52, P8, 0x0000000000000001
2026/08/31 23:14:50.811, 25.01, 25.01, 210, 405, 0, 0, 454, 455, 52, P8, 0x0000000000000001
2026/08/31 23:14:51.312, 25.01, 25.01, 210, 405, 0, 0, 454, 455, 52, P8, 0x0000000000000001
2026/08/31 23:14:51.812, 24.85, 24.69, 210, 405, 0, 0, 454, 455, 52, P8, 0x0000000000000001
2026/08/31 23:14:52.312, 24.85, 24.69, 210, 405, 0, 0, 454, 455, 52, P8, 0x0000000000000001
2026/08/31 23:14:52.812, 24.83, 24.98, 210, 405, 0, 0, 454, 455, 52, P8, 0x0000000000000001
2026/08/31 23:14:53.313, 24.83, 24.98, 210, 405, 0, 0, 454, 455, 52, P8, 0x0000000000000001
2026/08/31 23:14:53.813, 25.00, 25.01, 210, 405, 0, 0, 454, 455, 52, P8, 0x0000000000000001
2026/08/31 23:14:54.313, 25.00, 25.01, 210, 405, 0, 0, 454, 455, 52, P8, 0x0000000000000001
2026/08/31 23:14:54.814, 24.88, 24.75, 210, 405, 0, 0, 454, 455, 52, P8, 0x0000000000000001
2026/08/31 23:14:55.314, 24.88, 24.75, 210, 405, 0, 0, 454, 455, 52, P8, 0x0000000000000001
2026/08/31 23:14:55.814, 24.91, 25.07, 210, 405, 0, 0, 454, 455, 52, P8, 0x0000000000000001
2026/08/31 23:14:56.315, 24.91, 25.07, 210, 405, 0, 0, 454, 455, 52, P8, 0x0000000000000001
2026/08/31 23:14:56.815, 25.05, 25.04, 210, 405, 0, 0, 454, 455, 52, P8, 0x0000000000000001
2026/08/31 23:14:57.315, 25.05, 25.04, 210, 405, 0, 0, 454, 455, 52, P8, 0x0000000000000001
2026/08/31 23:14:57.816, 24.90, 24.77, 210, 405, 0, 0, 454, 455, 52, P8, 0x0000000000000001
2026/08/31 23:14:58.316, 24.90, 24.77, 210, 405, 0, 0, 454, 455, 52, P8, 0x0000000000000001
2026/08/31 23:14:58.816, 24.95, 25.14, 210, 405, 0, 0, 454, 455, 52, P8, 0x0000000000000001
2026/08/31 23:14:59.317, 24.95, 25.14, 210, 405, 0, 0, 454, 455, 52, P8, 0x0000000000000001
2026/08/31 23:14:59.817, 25.14, 25.13, 210, 405, 0, 0, 454, 455, 52, P8, 0x0000000000000001
2026/08/31 23:15:00.317, 25.14, 25.13, 210, 405, 0, 0, 454, 455, 52, P8, 0x0000000000000001
2026/08/31 23:15:00.818, 27.10, 37.73, 210, 405, 0, 0, 454, 455, 53, P8, 0x0000000000000001
2026/08/31 23:15:01.318, 29.77, 36.65, 210, 405, 0, 0, 454, 455, 53, P8, 0x0000000000000001
2026/08/31 23:15:01.819, 30.46, 36.73, 210, 405, 0, 0, 454, 455, 53, P8, 0x0000000000000001
2026/08/31 23:15:02.319, 30.46, 36.73, 210, 405, 0, 0, 454, 455, 53, P8, 0x0000000000000001
2026/08/31 23:15:02.819, 26.86, 25.87, 210, 405, 0, 0, 454, 455, 53, P8, 0x0000000000000001
2026/08/31 23:15:03.320, 26.86, 25.87, 210, 405, 0, 0, 454, 455, 53, P8, 0x0000000000000001
2026/08/31 23:15:03.820, 25.49, 25.10, 210, 405, 0, 0, 454, 455, 52, P8, 0x0000000000000001
2026/08/31 23:15:04.320, 25.49, 25.10, 210, 405, 0, 0, 454, 455, 52, P8, 0x0000000000000001
2026/08/31 23:15:04.821, 24.98, 24.85, 210, 405, 0, 0, 454, 455, 52, P8, 0x0000000000000001
2026/08/31 23:15:05.321, 24.98, 24.85, 210, 405, 0, 0, 454, 455, 52, P8, 0x0000000000000001
2026/08/31 23:15:05.821, 24.99, 25.13, 210, 405, 0, 0, 454, 455, 52, P8, 0x0000000000000001
2026/08/31 23:15:06.322, 24.99, 25.13, 210, 405, 0, 0, 454, 455, 52, P8, 0x0000000000000001
2026/08/31 23:15:06.822, 25.16, 25.19, 210, 405, 0, 0, 454, 455, 52, P8, 0x0000000000000001
2026/08/31 23:15:07.323, 25.16, 25.19, 210, 405, 0, 0, 454, 455, 52, P8, 0x0000000000000001
2026/08/31 23:15:07.823, 25.03, 24.87, 210, 405, 0, 0, 454, 455, 52, P8, 0x0000000000000001
2026/08/31 23:15:08.323, 25.03, 24.87, 210, 405, 0, 0, 454, 455, 52, P8, 0x0000000000000001
2026/08/31 23:15:08.824, 25.04, 25.22, 210, 405, 0, 0, 454, 455, 52, P8, 0x0000000000000001
2026/08/31 23:15:09.324, 25.04, 25.22, 210, 405, 0, 0, 454, 455, 52, P8, 0x0000000000000001
2026/08/31 23:15:09.824, 25.18, 25.15, 210, 405, 0, 0, 454, 455, 52, P8, 0x0000000000000001
2026/08/31 23:15:10.325, 25.18, 25.15, 210, 405, 0, 0, 454, 455, 52, P8, 0x0000000000000001
2026/08/31 23:15:10.825, 24.95, 24.76, 210, 405, 0, 0, 454, 455, 52, P8, 0x0000000000000001
2026/08/31 23:15:11.326, 24.95, 24.76, 210, 405, 0, 0, 454, 455, 52, P8, 0x0000000000000001
2026/08/31 23:15:11.826, 24.91, 25.07, 210, 405, 0, 0, 454, 455, 52, P8, 0x0000000000000001
2026/08/31 23:15:12.326, 24.91, 25.07, 210, 405, 0, 0, 454, 455, 52, P8, 0x0000000000000001
2026/08/31 23:15:12.826, 25.07, 25.07, 210, 405, 0, 0, 454, 455, 52, P8, 0x0000000000000001
2026/08/31 23:15:13.327, 25.07, 25.07, 210, 405, 0, 0, 454, 455, 52, P8, 0x0000000000000001
2026/08/31 23:15:13.827, 24.88, 24.68, 210, 405, 0, 0, 454, 455, 52, P8, 0x0000000000000001
2026/08/31 23:15:14.327, 24.88, 24.68, 210, 405, 0, 0, 454, 455, 52, P8, 0x0000000000000001
2026/08/31 23:15:14.828, 24.81, 24.94, 210, 405, 0, 0, 454, 455, 52, P8, 0x0000000000000001
2026/08/31 23:15:15.328, 24.81, 24.94, 210, 405, 0, 0, 454, 455, 52, P8, 0x0000000000000001
2026/08/31 23:15:15.828, 24.98, 25.02, 210, 405, 0, 0, 454, 455, 52, P8, 0x0000000000000001
2026/08/31 23:15:16.329, 24.98, 25.02, 210, 405, 0, 0, 454, 455, 52, P8, 0x0000000000000001
2026/08/31 23:15:16.829, 24.84, 24.66, 210, 405, 0, 0, 454, 455, 52, P8, 0x0000000000000001
2026/08/31 23:15:17.329, 24.84, 24.66, 210, 405, 0, 0, 454, 455, 52, P8, 0x0000000000000001
2026/08/31 23:15:17.830, 24.81, 24.96, 210, 405, 0, 0, 454, 455, 52, P8, 0x0000000000000001
2026/08/31 23:15:18.330, 24.81, 24.96, 210, 405, 0, 0, 454, 455, 52, P8, 0x0000000000000001
2026/08/31 23:15:18.830, 24.94, 24.92, 210, 405, 0, 0, 454, 455, 52, P8, 0x0000000000000001
2026/08/31 23:15:19.331, 24.94, 24.92, 210, 405, 0, 0, 454, 455, 52, P8, 0x0000000000000001
2026/08/31 23:15:19.831, 24.76, 24.59, 210, 405, 0, 0, 454, 455, 52, P8, 0x0000000000000001
2026/08/31 23:15:20.332, 24.76, 24.59, 210, 405, 0, 0, 454, 455, 52, P8, 0x0000000000000001
2026/08/31 23:15:20.832, 24.75, 24.92, 210, 405, 0, 0, 454, 455, 52, P8, 0x0000000000000001
2026/08/31 23:15:21.332, 24.75, 24.92, 210, 405, 0, 0, 454, 455, 52, P8, 0x0000000000000001
2026/08/31 23:15:21.833, 24.94, 24.96, 210, 405, 0, 0, 454, 455, 52, P8, 0x0000000000000001
2026/08/31 23:15:22.333, 24.94, 24.96, 210, 405, 0, 0, 454, 455, 52, P8, 0x0000000000000001
2026/08/31 23:15:22.833, 24.82, 24.68, 210, 405, 0, 0, 454, 455, 52, P8, 0x0000000000000001
2026/08/31 23:15:23.334, 24.82, 24.68, 210, 405, 0, 0, 454, 455, 52, P8, 0x0000000000000001
2026/08/31 23:15:23.834, 24.81, 24.95, 210, 405, 0, 0, 454, 455, 52, P8, 0x0000000000000001
2026/08/31 23:15:24.334, 24.99, 25.03, 210, 405, 0, 0, 454, 455, 52, P8, 0x0000000000000001
2026/08/31 23:15:24.835, 24.99, 25.03, 210, 405, 0, 0, 454, 455, 52, P8, 0x0000000000000001
2026/08/31 23:15:25.335, 24.86, 24.69, 210, 405, 0, 0, 454, 455, 52, P8, 0x0000000000000001
2026/08/31 23:15:25.836, 24.86, 24.69, 210, 405, 0, 0, 454, 455, 52, P8, 0x0000000000000001
2026/08/31 23:15:26.336, 24.84, 24.98, 210, 405, 0, 0, 454, 455, 52, P8, 0x0000000000000001
2026/08/31 23:15:26.836, 24.84, 24.98, 210, 405, 0, 0, 454, 455, 52, P8, 0x0000000000000001
2026/08/31 23:15:27.337, 25.00, 25.02, 210, 405, 0, 0, 454, 455, 52, P8, 0x0000000000000001
2026/08/31 23:15:27.837, 25.00, 25.02, 210, 405, 0, 0, 454, 455, 52, P8, 0x0000000000000001
2026/08/31 23:15:28.337, 24.84, 24.66, 210, 405, 0, 0, 454, 455, 52, P8, 0x0000000000000001
2026/08/31 23:15:28.838, 24.84, 24.66, 210, 405, 0, 0, 454, 455, 52, P8, 0x0000000000000001
2026/08/31 23:15:29.338, 24.79, 24.92, 210, 405, 0, 0, 454, 455, 52, P8, 0x0000000000000001
2026/08/31 23:15:29.838, 24.79, 24.92, 210, 405, 0, 0, 454, 455, 52, P8, 0x0000000000000001
2026/08/31 23:15:30.339, 24.92, 24.93, 210, 405, 0, 0, 454, 455, 52, P8, 0x0000000000000001
2026/08/31 23:15:30.839, 24.92, 24.93, 210, 405, 0, 0, 454, 455, 52, P8, 0x0000000000000001
2026/08/31 23:15:31.339, 24.80, 24.66, 210, 405, 0, 0, 454, 455, 52, P8, 0x0000000000000001
2026/08/31 23:15:31.840, 24.80, 24.66, 210, 405, 0, 0, 454, 455, 52, P8, 0x0000000000000001
2026/08/31 23:15:32.340, 24.79, 24.91, 210, 405, 0, 0, 454, 455, 52, P8, 0x0000000000000001
2026/08/31 23:15:32.841, 24.79, 24.91, 210, 405, 0, 0, 454, 455, 52, P8, 0x0000000000000001
2026/08/31 23:15:33.341, 24.91, 24.90, 210, 405, 0, 0, 454, 455, 52, P8, 0x0000000000000001
2026/08/31 23:15:33.841, 24.91, 24.90, 210, 405, 0, 0, 454, 455, 52, P8, 0x0000000000000001
2026/08/31 23:15:34.342, 24.77, 24.64, 210, 405, 0, 0, 454, 455, 52, P8, 0x0000000000000001
2026/08/31 23:15:34.842, 24.77, 24.64, 210, 405, 0, 0, 454, 455, 52, P8, 0x0000000000000001
2026/08/31 23:15:35.342, 24.78, 24.92, 210, 405, 0, 0, 454, 455, 52, P8, 0x0000000000000001
2026/08/31 23:15:35.842, 24.78, 24.92, 210, 405, 0, 0, 454, 455, 52, P8, 0x0000000000000001
2026/08/31 23:15:36.343, 24.73, 24.55, 210, 405, 0, 0, 454, 455, 52, P8, 0x0000000000000001
2026/08/31 23:15:36.843, 24.73, 24.55, 210, 405, 0, 0, 454, 455, 52, P8, 0x0000000000000001
2026/08/31 23:15:37.343, 24.70, 24.86, 210, 405, 0, 0, 454, 455, 52, P8, 0x0000000000000001
2026/08/31 23:15:37.844, 24.70, 24.86, 210, 405, 0, 0, 454, 455, 52, P8, 0x0000000000000001
2026/08/31 23:15:38.344, 24.87, 24.88, 210, 405, 0, 0, 454, 455, 52, P8, 0x0000000000000001
2026/08/31 23:15:38.844, 24.87, 24.88, 210, 405, 0, 0, 454, 455, 52, P8, 0x0000000000000001
2026/08/31 23:15:39.345, 24.76, 24.64, 210, 405, 0, 0, 454, 455, 52, P8, 0x0000000000000001
2026/08/31 23:15:39.845, 24.76, 24.64, 210, 405, 0, 0, 454, 455, 52, P8, 0x0000000000000001
2026/08/31 23:15:40.345, 24.77, 24.91, 210, 405, 0, 0, 454, 455, 52, P8, 0x0000000000000001
2026/08/31 23:15:40.846, 24.77, 24.91, 210, 405, 0, 0, 454, 455, 52, P8, 0x0000000000000001
2026/08/31 23:15:41.346, 24.92, 24.94, 210, 405, 0, 0, 454, 455, 52, P8, 0x0000000000000001
2026/08/31 23:15:41.846, 24.92, 24.94, 210, 405, 0, 0, 454, 455, 52, P8, 0x0000000000000001
2026/08/31 23:15:42.346, 24.80, 24.66, 210, 405, 0, 0, 454, 455, 52, P8, 0x0000000000000001
2026/08/31 23:15:42.847, 24.80, 24.66, 210, 405, 0, 0, 454, 455, 52, P8, 0x0000000000000001
2026/08/31 23:15:43.347, 24.81, 24.95, 210, 405, 0, 0, 454, 455, 52, P8, 0x0000000000000001
2026/08/31 23:15:43.847, 24.81, 24.95, 210, 405, 0, 0, 454, 455, 52, P8, 0x0000000000000001
2026/08/31 23:15:44.348, 24.93, 24.92, 210, 405, 0, 0, 454, 455, 52, P8, 0x0000000000000001
2026/08/31 23:15:44.848, 24.93, 24.92, 210, 405, 0, 0, 454, 455, 52, P8, 0x0000000000000001
2026/08/31 23:15:45.348, 24.74, 24.57, 210, 405, 0, 0, 454, 455, 52, P8, 0x0000000000000001
2026/08/31 23:15:45.848, 24.74, 24.57, 210, 405, 0, 0, 454, 455, 52, P8, 0x0000000000000001
2026/08/31 23:15:46.349, 24.74, 24.91, 210, 405, 0, 0, 454, 455, 52, P8, 0x0000000000000001
2026/08/31 23:15:46.849, 24.74, 24.91, 210, 405, 0, 0, 454, 455, 52, P8, 0x0000000000000001
2026/08/31 23:15:47.349, 24.92, 24.92, 210, 405, 0, 0, 454, 455, 52, P8, 0x0000000000000001
2026/08/31 23:15:47.850, 24.92, 24.92, 210, 405, 0, 0, 454, 455, 52, P8, 0x0000000000000001
2026/08/31 23:15:48.350, 24.79, 24.65, 210, 405, 0, 0, 454, 455, 52, P8, 0x0000000000000001
2026/08/31 23:15:48.850, 24.79, 24.65, 210, 405, 0, 0, 454, 455, 52, P8, 0x0000000000000001
2026/08/31 23:15:49.351, 24.82, 24.99, 210, 405, 0, 0, 454, 455, 52, P8, 0x0000000000000001
2026/08/31 23:15:49.851, 24.82, 24.99, 210, 405, 0, 0, 454, 455, 52, P8, 0x0000000000000001
2026/08/31 23:15:50.351, 25.00, 25.01, 210, 405, 0, 0, 454, 455, 52, P8, 0x0000000000000001
2026/08/31 23:15:50.852, 25.00, 25.01, 210, 405, 0, 0, 454, 455, 52, P8, 0x0000000000000001
2026/08/31 23:15:51.352, 24.88, 24.74, 210, 405, 0, 0, 454, 455, 52, P8, 0x0000000000000001
2026/08/31 23:15:51.852, 24.88, 24.74, 210, 405, 0, 0, 454, 455, 52, P8, 0x0000000000000001
2026/08/31 23:15:52.353, 24.88, 25.02, 210, 405, 0, 0, 454, 455, 52, P8, 0x0000000000000001
2026/08/31 23:15:52.853, 24.88, 25.02, 210, 405, 0, 0, 454, 455, 52, P8, 0x0000000000000001
2026/08/31 23:15:53.353, 25.03, 25.04, 210, 405, 0, 0, 454, 455, 52, P8, 0x0000000000000001
2026/08/31 23:15:53.854, 25.03, 25.04, 210, 405, 0, 0, 454, 455, 52, P8, 0x0000000000000001
2026/08/31 23:15:54.354, 24.89, 24.74, 210, 405, 0, 0, 454, 455, 52, P8, 0x0000000000000001
2026/08/31 23:15:54.854, 24.89, 24.74, 210, 405, 0, 0, 454, 455, 52, P8, 0x0000000000000001
2026/08/31 23:15:55.355, 24.87, 25.01, 210, 405, 0, 0, 454, 455, 52, P8, 0x0000000000000001
2026/08/31 23:15:55.855, 24.87, 25.01, 210, 405, 0, 0, 454, 455, 52, P8, 0x0000000000000001
2026/08/31 23:15:56.356, 24.99, 24.98, 210, 405, 0, 0, 454, 455, 52, P8, 0x0000000000000001
2026/08/31 23:15:56.856, 24.99, 24.98, 210, 405, 0, 0, 454, 455, 52, P8, 0x0000000000000001
2026/08/31 23:15:57.356, 24.85, 24.72, 210, 405, 0, 0, 454, 455, 52, P8, 0x0000000000000001
2026/08/31 23:15:57.857, 24.85, 24.72, 210, 405, 0, 0, 454, 455, 52, P8, 0x0000000000000001
2026/08/31 23:15:58.357, 24.89, 25.05, 210, 405, 0, 0, 454, 455, 52, P8, 0x0000000000000001
2026/08/31 23:15:58.857, 24.89, 25.05, 210, 405, 0, 0, 454, 455, 52, P8, 0x0000000000000001
2026/08/31 23:15:59.358, 25.07, 25.08, 210, 405, 0, 0, 454, 455, 52, P8, 0x0000000000000001
2026/08/31 23:15:59.858, 25.07, 25.08, 210, 405, 0, 0, 454, 455, 52, P8, 0x0000000000000001
2026/08/31 23:16:00.359, 27.65, 36.78, 210, 405, 0, 0, 454, 455, 53, P8, 0x0000000000000001
2026/08/31 23:16:00.859, 30.07, 36.78, 210, 405, 0, 0, 454, 455, 53, P8, 0x0000000000000001
2026/08/31 23:16:01.359, 30.41, 36.77, 210, 405, 0, 0, 454, 455, 53, P8, 0x0000000000000001
2026/08/31 23:16:01.860, 30.41, 36.77, 210, 405, 0, 0, 454, 455, 53, P8, 0x0000000000000001
2026/08/31 23:16:02.360, 27.06, 26.09, 210, 405, 0, 0, 454, 455, 53, P8, 0x0000000000000001
2026/08/31 23:16:02.860, 27.06, 26.09, 210, 405, 0, 0, 454, 455, 53, P8, 0x0000000000000001
2026/08/31 23:16:03.361, 25.59, 25.10, 210, 405, 0, 0, 454, 455, 52, P8, 0x0000000000000001
2026/08/31 23:16:03.861, 25.59, 25.10, 210, 405, 0, 0, 454, 455, 52, P8, 0x0000000000000001
2026/08/31 23:16:04.362, 24.95, 24.81, 210, 405, 0, 0, 454, 455, 52, P8, 0x0000000000000001
2026/08/31 23:16:04.862, 24.95, 24.81, 210, 405, 0, 0, 454, 455, 52, P8, 0x0000000000000001
2026/08/31 23:16:05.362, 24.94, 25.08, 210, 405, 0, 0, 454, 455, 52, P8, 0x0000000000000001
2026/08/31 23:16:05.863, 24.94, 25.08, 210, 405, 0, 0, 454, 455, 52, P8, 0x0000000000000001
2026/08/31 23:16:06.363, 25.10, 25.13, 210, 405, 0, 0, 454, 455, 52, P8, 0x0000000000000001
2026/08/31 23:16:06.864, 25.10, 25.13, 210, 405, 0, 0, 454, 455, 52, P8, 0x0000000000000001
2026/08/31 23:16:07.364, 25.01, 24.89, 210, 405, 0, 0, 454, 455, 52, P8, 0x0000000000000001
2026/08/31 23:16:07.864, 25.01, 24.89, 210, 405, 0, 0, 454, 455, 52, P8, 0x0000000000000001
2026/08/31 23:16:08.365, 25.03, 25.17, 210, 405, 0, 0, 454, 455, 52, P8, 0x0000000000000001
2026/08/31 23:16:08.865, 25.03, 25.17, 210, 405, 0, 0, 454, 455, 52, P8, 0x0000000000000001
2026/08/31 23:16:09.365, 25.16, 25.16, 210, 405, 0, 0, 454, 455, 52, P8, 0x0000000000000001
2026/08/31 23:16:09.866, 25.16, 25.16, 210, 405, 0, 0, 454, 455, 52, P8, 0x0000000000000001
2026/08/31 23:16:10.366, 25.00, 24.84, 210, 405, 0, 0, 454, 455, 52, P8, 0x0000000000000001
2026/08/31 23:16:10.867, 25.00, 24.84, 210, 405, 0, 0, 454, 455, 52, P8, 0x0000000000000001
2026/08/31 23:16:11.367, 24.94, 25.04, 210, 405, 0, 0, 454, 455, 52, P8, 0x0000000000000001
2026/08/31 23:16:11.867, 24.94, 25.04, 210, 405, 0, 0, 454, 455, 52, P8, 0x0000000000000001
2026/08/31 23:16:12.368, 25.01, 24.98, 210, 405, 0, 0, 454, 455, 52, P8, 0x0000000000000001
2026/08/31 23:16:12.868, 25.01, 24.98, 210, 405, 0, 0, 454, 455, 52, P8, 0x0000000000000001
2026/08/31 23:16:13.368, 24.88, 24.78, 210, 405, 0, 0, 454, 455, 52, P8, 0x0000000000000001
2026/08/31 23:16:13.869, 24.88, 24.78, 210, 405, 0, 0, 454, 455, 52, P8, 0x0000000000000001
2026/08/31 23:16:14.369, 25.02, 25.27, 210, 405, 0, 0, 454, 455, 52, P8, 0x0000000000000001
2026/08/31 23:16:14.869, 25.02, 25.27, 210, 405, 0, 0, 454, 455, 52, P8, 0x0000000000000001
2026/08/31 23:16:15.370, 25.20, 25.13, 210, 405, 0, 0, 454, 455, 52, P8, 0x0000000000000001
2026/08/31 23:16:15.870, 25.20, 25.13, 210, 405, 0, 0, 454, 455, 52, P8, 0x0000000000000001
2026/08/31 23:16:16.370, 25.00, 24.86, 210, 405, 0, 0, 454, 455, 52, P8, 0x0000000000000001
2026/08/31 23:16:16.870, 25.00, 24.86, 210, 405, 0, 0, 454, 455, 52, P8, 0x0000000000000001
2026/08/31 23:16:17.371, 25.00, 25.15, 210, 405, 0, 0, 454, 455, 52, P8, 0x0000000000000001
2026/08/31 23:16:17.871, 25.00, 25.15, 210, 405, 0, 0, 454, 455, 52, P8, 0x0000000000000001
2026/08/31 23:16:18.371, 25.16, 25.17, 210, 405, 0, 0, 454, 455, 52, P8, 0x0000000000000001
2026/08/31 23:16:18.872, 25.16, 25.17, 210, 405, 0, 0, 454, 455, 52, P8, 0x0000000000000001
2026/08/31 23:16:19.372, 24.99, 24.82, 210, 405, 0, 0, 454, 455, 52, P8, 0x0000000000000001
2026/08/31 23:16:19.872, 24.99, 24.82, 210, 405, 0, 0, 454, 455, 52, P8, 0x0000000000000001
2026/08/31 23:16:20.372, 24.98, 25.13, 210, 405, 0, 0, 454, 455, 52, P8, 0x0000000000000001
2026/08/31 23:16:20.873, 24.98, 25.13, 210, 405, 0, 0, 454, 455, 52, P8, 0x0000000000000001
2026/08/31 23:16:21.373, 25.16, 25.19, 210, 405, 0, 0, 454, 455, 52, P8, 0x0000000000000001
2026/08/31 23:16:21.873, 25.16, 25.19, 210, 405, 0, 0, 454, 455, 52, P8, 0x0000000000000001
2026/08/31 23:16:22.374, 25.02, 24.86, 210, 405, 0, 0, 454, 455, 52, P8, 0x0000000000000001
2026/08/31 23:16:22.874, 25.02, 24.86, 210, 405, 0, 0, 454, 455, 52, P8, 0x0000000000000001
2026/08/31 23:16:23.375, 24.99, 25.13, 210, 405, 0, 0, 454, 455, 52, P8, 0x0000000000000001
2026/08/31 23:16:23.875, 24.99, 25.13, 210, 405, 0, 0, 454, 455, 52, P8, 0x0000000000000001
2026/08/31 23:16:24.375, 25.11, 25.10, 210, 405, 0, 0, 454, 455, 52, P8, 0x0000000000000001
2026/08/31 23:16:24.876, 25.11, 25.10, 210, 405, 0, 0, 454, 455, 52, P8, 0x0000000000000001
2026/08/31 23:16:25.376, 24.93, 24.75, 210, 405, 0, 0, 454, 455, 52, P8, 0x0000000000000001
2026/08/31 23:16:25.876, 24.93, 24.75, 210, 405, 0, 0, 454, 455, 52, P8, 0x0000000000000001
2026/08/31 23:16:26.377, 24.88, 25.00, 210, 405, 0, 0, 454, 455, 52, P8, 0x0000000000000001
2026/08/31 23:16:26.877, 24.88, 25.00, 210, 405, 0, 0, 454, 455, 52, P8, 0x0000000000000001
2026/08/31 23:16:27.377, 25.00, 25.00, 210, 405, 0, 0, 454, 455, 52, P8, 0x0000000000000001
2026/08/31 23:16:27.877, 25.00, 25.00, 210, 405, 0, 0, 454, 455, 52, P8, 0x0000000000000001
2026/08/31 23:16:28.378, 24.81, 24.62, 210, 405, 0, 0, 454, 455, 52, P8, 0x0000000000000001
2026/08/31 23:16:28.878, 24.81, 24.62, 210, 405, 0, 0, 454, 455, 52, P8, 0x0000000000000001
2026/08/31 23:16:29.378, 24.86, 25.10, 210, 405, 0, 0, 454, 455, 52, P8, 0x0000000000000001
2026/08/31 23:16:29.878, 24.86, 25.10, 210, 405, 0, 0, 454, 455, 52, P8, 0x0000000000000001
2026/08/31 23:16:30.379, 25.06, 25.01, 210, 405, 0, 0, 454, 455, 52, P8, 0x0000000000000001
2026/08/31 23:16:30.879, 25.06, 25.01, 210, 405, 0, 0, 454, 455, 52, P8, 0x0000000000000001
2026/08/31 23:16:31.379, 24.88, 24.74, 210, 405, 0, 0, 454, 455, 52, P8, 0x0000000000000001
2026/08/31 23:16:31.880, 24.88, 24.74, 210, 405, 0, 0, 454, 455, 52, P8, 0x0000000000000001
2026/08/31 23:16:32.380, 24.91, 25.07, 210, 405, 0, 0, 454, 455, 52, P8, 0x0000000000000001
2026/08/31 23:16:32.880, 24.91, 25.07, 210, 405, 0, 0, 454, 455, 52, P8, 0x0000000000000001
2026/08/31 23:16:33.380, 24.94, 24.82, 210, 405, 0, 0, 454, 455, 52, P8, 0x0000000000000001
2026/08/31 23:16:33.881, 24.94, 24.82, 210, 405, 0, 0, 454, 455, 52, P8, 0x0000000000000001
2026/08/31 23:16:34.381, 24.93, 25.05, 210, 405, 0, 0, 454, 455, 52, P8, 0x0000000000000001
2026/08/31 23:16:34.881, 24.93, 25.05, 210, 405, 0, 0, 454, 455, 52, P8, 0x0000000000000001
2026/08/31 23:16:35.381, 25.02, 24.98, 210, 405, 0, 0, 454, 455, 52, P8, 0x0000000000000001
2026/08/31 23:16:35.882, 25.02, 24.98, 210, 405, 0, 0, 454, 455, 52, P8, 0x0000000000000001
2026/08/31 23:16:36.382, 24.88, 24.78, 210, 405, 0, 0, 454, 455, 52, P8, 0x0000000000000001
2026/08/31 23:16:36.882, 24.88, 24.78, 210, 405, 0, 0, 454, 455, 52, P8, 0x0000000000000001
2026/08/31 23:16:37.383, 24.91, 25.05, 210, 405, 0, 0, 454, 455, 52, P8, 0x0000000000000001
2026/08/31 23:16:37.883, 24.91, 25.05, 210, 405, 0, 0, 454, 455, 52, P8, 0x0000000000000001
2026/08/31 23:16:38.383, 25.01, 24.97, 210, 405, 0, 0, 454, 455, 52, P8, 0x0000000000000001
2026/08/31 23:16:38.884, 25.01, 24.97, 210, 405, 0, 0, 454, 455, 52, P8, 0x0000000000000001
2026/08/31 23:16:39.384, 24.85, 24.74, 210, 405, 0, 0, 454, 455, 52, P8, 0x0000000000000001
2026/08/31 23:16:39.884, 24.85, 24.74, 210, 405, 0, 0, 454, 455, 52, P8, 0x0000000000000001
2026/08/31 23:16:40.384, 24.91, 25.08, 210, 405, 0, 0, 454, 455, 52, P8, 0x0000000000000001
2026/08/31 23:16:40.885, 24.91, 25.08, 210, 405, 0, 0, 454, 455, 52, P8, 0x0000000000000001
2026/08/31 23:16:41.385, 25.05, 25.02, 210, 405, 0, 0, 454, 455, 52, P8, 0x0000000000000001
2026/08/31 23:16:41.885, 25.05, 25.02, 210, 405, 0, 0, 454, 455, 52, P8, 0x0000000000000001
2026/08/31 23:16:42.385, 24.92, 24.81, 210, 405, 0, 0, 454, 455, 52, P8, 0x0000000000000001
2026/08/31 23:16:42.886, 24.92, 24.81, 210, 405, 0, 0, 454, 455, 52, P8, 0x0000000000000001
2026/08/31 23:16:43.386, 24.93, 25.04, 210, 405, 0, 0, 454, 455, 52, P8, 0x0000000000000001
2026/08/31 23:16:43.886, 24.93, 25.04, 210, 405, 0, 0, 454, 455, 52, P8, 0x0000000000000001
2026/08/31 23:16:44.387, 25.04, 25.05, 210, 405, 0, 0, 454, 455, 52, P8, 0x0000000000000001
2026/08/31 23:16:44.887, 25.04, 25.05, 210, 405, 0, 0, 454, 455, 52, P8, 0x0000000000000001
2026/08/31 23:16:45.387, 24.91, 24.77, 210, 405, 0, 0, 454, 455, 52, P8, 0x0000000000000001
2026/08/31 23:16:45.887, 24.91, 24.77, 210, 405, 0, 0, 454, 455, 52, P8, 0x0000000000000001
2026/08/31 23:16:46.388, 24.95, 25.13, 210, 405, 0, 0, 454, 455, 52, P8, 0x0000000000000001
2026/08/31 23:16:46.888, 24.95, 25.13, 210, 405, 0, 0, 454, 455, 52, P8, 0x0000000000000001
2026/08/31 23:16:47.388, 25.14, 25.14, 210, 405, 0, 0, 454, 455, 52, P8, 0x0000000000000001
2026/08/31 23:16:47.889, 25.14, 25.14, 210, 405, 0, 0, 454, 455, 52, P8, 0x0000000000000001
2026/08/31 23:16:48.389, 25.00, 24.87, 210, 405, 0, 0, 454, 455, 52, P8, 0x0000000000000001
2026/08/31 23:16:48.889, 25.00, 24.87, 210, 405, 0, 0, 454, 455, 52, P8, 0x0000000000000001
2026/08/31 23:16:49.389, 25.02, 25.17, 210, 405, 0, 0, 454, 455, 52, P8, 0x0000000000000001
2026/08/31 23:16:49.890, 25.02, 25.17, 210, 405, 0, 0, 454, 455, 52, P8, 0x0000000000000001
2026/08/31 23:16:50.390, 25.15, 25.13, 210, 405, 0, 0, 454, 455, 52, P8, 0x0000000000000001
2026/08/31 23:16:50.890, 25.15, 25.13, 210, 405, 0, 0, 454, 455, 52, P8, 0x0000000000000001
2026/08/31 23:16:51.391, 24.97, 24.81, 210, 405, 0, 0, 454, 455, 52, P8, 0x0000000000000001
2026/08/31 23:16:51.891, 24.97, 24.81, 210, 405, 0, 0, 454, 455, 52, P8, 0x0000000000000001
2026/08/31 23:16:52.391, 24.99, 25.17, 210, 405, 0, 0, 454, 455, 52, P8, 0x0000000000000001
2026/08/31 23:16:52.891, 24.99, 25.17, 210, 405, 0, 0, 454, 455, 52, P8, 0x0000000000000001
2026/08/31 23:16:53.392, 25.12, 25.08, 210, 405, 0, 0, 454, 455, 52, P8, 0x0000000000000001
2026/08/31 23:16:53.892, 25.12, 25.08, 210, 405, 0, 0, 454, 455, 52, P8, 0x0000000000000001
2026/08/31 23:16:54.392, 24.99, 24.89, 210, 405, 0, 0, 454, 455, 52, P8, 0x0000000000000001
2026/08/31 23:16:54.893, 24.99, 24.89, 210, 405, 0, 0, 454, 455, 52, P8, 0x0000000000000001
2026/08/31 23:16:55.393, 25.00, 25.12, 210, 405, 0, 0, 454, 455, 52, P8, 0x0000000000000001
2026/08/31 23:16:55.893, 25.00, 25.12, 210, 405, 0, 0, 454, 455, 52, P8, 0x0000000000000001
2026/08/31 23:16:56.393, 25.11, 25.10, 210, 405, 0, 0, 454, 455, 52, P8, 0x0000000000000001
2026/08/31 23:16:56.894, 25.11, 25.10, 210, 405, 0, 0, 454, 455, 52, P8, 0x0000000000000001
2026/08/31 23:16:57.394, 24.94, 24.78, 210, 405, 0, 0, 454, 455, 52, P8, 0x0000000000000001
2026/08/31 23:16:57.894, 24.94, 24.78, 210, 405, 0, 0, 454, 455, 52, P8, 0x0000000000000001
2026/08/31 23:16:58.395, 24.96, 25.14, 210, 405, 0, 0, 454, 455, 52, P8, 0x0000000000000001
2026/08/31 23:16:58.895, 24.96, 25.14, 210, 405, 0, 0, 454, 455, 52, P8, 0x0000000000000001
2026/08/31 23:16:59.396, 25.14, 25.14, 210, 405, 0, 0, 454, 455, 52, P8, 0x0000000000000001
2026/08/31 23:16:59.896, 25.14, 25.14, 210, 405, 0, 0, 454, 455, 52, P8, 0x0000000000000001
2026/08/31 23:17:00.396, 27.53, 36.63, 210, 405, 0, 0, 454, 455, 53, P8, 0x0000000000000001
2026/08/31 23:17:00.897, 29.91, 36.52, 210, 405, 0, 0, 454, 455, 53, P8, 0x0000000000000001
2026/08/31 23:17:01.397, 35.71, 36.42, 210, 405, 0, 0, 454, 455, 53, P8, 0x0000000000000001
2026/08/31 23:17:01.897, 35.71, 36.42, 210, 405, 0, 0, 454, 455, 53, P8, 0x0000000000000001
2026/08/31 23:17:02.398, 25.98, 24.94, 210, 405, 0, 0, 454, 455, 53, P8, 0x0000000000000001
2026/08/31 23:17:02.898, 25.98, 24.94, 210, 405, 0, 0, 454, 455, 53, P8, 0x0000000000000001
2026/08/31 23:17:03.398, 25.03, 25.14, 210, 405, 0, 0, 454, 455, 52, P8, 0x0000000000000001
2026/08/31 23:17:03.899, 28.27, 36.64, 210, 405, 1, 0, 454, 455, 53, P8, 0x0000000000000001
2026/08/31 23:17:04.399, 33.99, 36.49, 210, 405, 1, 0, 454, 455, 53, P8, 0x0000000000000001
2026/08/31 23:17:04.899, 36.59, 36.66, 210, 405, 1, 0, 454, 455, 53, P8, 0x0000000000000001
2026/08/31 23:17:05.400, 36.54, 36.51, 210, 405, 1, 0, 454, 455, 53, P8, 0x0000000000000001
2026/08/31 23:17:05.900, 36.53, 36.54, 210, 405, 1, 0, 454, 455, 53, P8, 0x0000000000000001
2026/08/31 23:17:06.400, 36.57, 36.49, 210, 405, 1, 0, 454, 455, 53, P8, 0x0000000000000001
2026/08/31 23:17:06.901, 36.51, 36.53, 210, 405, 1, 0, 454, 455, 53, P8, 0x0000000000000001
2026/08/31 23:17:07.401, 36.46, 36.44, 210, 405, 1, 0, 454, 455, 53, P8, 0x0000000000000001
2026/08/31 23:17:07.901, 36.48, 36.61, 210, 405, 1, 0, 454, 455, 53, P8, 0x0000000000000001
2026/08/31 23:17:08.402, 36.52, 36.51, 210, 405, 1, 0, 454, 455, 53, P8, 0x0000000000000001
2026/08/31 23:17:08.902, 36.59, 36.69, 210, 405, 1, 0, 454, 455, 53, P8, 0x0000000000000001
2026/08/31 23:17:09.402, 36.62, 36.72, 210, 405, 1, 0, 454, 455, 53, P8, 0x0000000000000001
2026/08/31 23:17:09.903, 36.67, 36.64, 210, 405, 1, 0, 454, 455, 53, P8, 0x0000000000000001
2026/08/31 23:17:10.403, 36.71, 36.70, 210, 405, 1, 0, 454, 455, 53, P8, 0x0000000000000001
2026/08/31 23:17:10.903, 36.66, 36.65, 210, 405, 1, 0, 454, 455, 53, P8, 0x0000000000000001
2026/08/31 23:17:11.404, 36.57, 36.49, 210, 405, 1, 0, 454, 455, 53, P8, 0x0000000000000001
2026/08/31 23:17:11.904, 36.55, 36.51, 210, 405, 1, 0, 454, 455, 53, P8, 0x0000000000000001
2026/08/31 23:17:12.405, 36.56, 36.50, 210, 405, 1, 0, 454, 455, 53, P8, 0x0000000000000001
2026/08/31 23:17:12.905, 36.53, 36.46, 210, 405, 1, 0, 454, 455, 53, P8, 0x0000000000000001
2026/08/31 23:17:13.405, 36.48, 36.44, 210, 405, 1, 0, 454, 455, 53, P8, 0x0000000000000001
2026/08/31 23:17:13.906, 36.52, 36.62, 210, 405, 0, 0, 454, 455, 53, P8, 0x0000000000000001
2026/08/31 23:17:14.406, 36.62, 36.64, 210, 405, 0, 0, 454, 455, 53, P8, 0x0000000000000001
2026/08/31 23:17:14.906, 36.66, 36.60, 210, 405, 0, 0, 454, 455, 53, P8, 0x0000000000000001
2026/08/31 23:17:15.407, 36.59, 36.61, 210, 405, 0, 0, 454, 455, 53, P8, 0x0000000000000001
2026/08/31 23:17:15.907, 36.62, 36.66, 210, 405, 1, 0, 454, 455, 53, P8, 0x0000000000000001
2026/08/31 23:17:16.407, 36.65, 36.59, 210, 405, 1, 0, 454, 455, 53, P8, 0x0000000000000001
2026/08/31 23:17:16.908, 36.63, 36.54, 210, 405, 1, 0, 454, 455, 53, P8, 0x0000000000000001
2026/08/31 23:17:17.408, 36.62, 36.60, 210, 405, 1, 0, 454, 455, 53, P8, 0x0000000000000001
2026/08/31 23:17:17.908, 36.63, 36.64, 210, 405, 1, 0, 454, 455, 53, P8, 0x0000000000000001
2026/08/31 23:17:18.409, 36.65, 36.63, 210, 405, 1, 0, 454, 455, 53, P8, 0x0000000000000001
2026/08/31 23:17:18.909, 36.57, 36.58, 210, 405, 1, 0, 454, 455, 53, P8, 0x0000000000000001
2026/08/31 23:17:19.409, 36.65, 36.83, 210, 405, 1, 0, 454, 455, 53, P8, 0x0000000000000001
2026/08/31 23:17:19.910, 36.71, 36.62, 210, 405, 1, 0, 454, 455, 53, P8, 0x0000000000000001
2026/08/31 23:17:20.410, 36.71, 36.83, 210, 405, 1, 0, 454, 455, 53, P8, 0x0000000000000001
2026/08/31 23:17:20.910, 36.73, 36.78, 210, 405, 1, 0, 454, 455, 53, P8, 0x0000000000000001
2026/08/31 23:17:21.411, 36.74, 36.81, 210, 405, 1, 0, 454, 455, 53, P8, 0x0000000000000001
2026/08/31 23:17:21.911, 36.76, 36.78, 210, 405, 1, 0, 454, 455, 53, P8, 0x0000000000000001
2026/08/31 23:17:22.412, 36.77, 36.69, 210, 405, 1, 0, 454, 455, 53, P8, 0x0000000000000001
2026/08/31 23:17:22.912, 36.72, 36.76, 210, 405, 1, 0, 454, 455, 53, P8, 0x0000000000000001
2026/08/31 23:17:23.412, 36.70, 36.73, 210, 405, 1, 0, 454, 455, 53, P8, 0x0000000000000001
2026/08/31 23:17:23.913, 36.70, 36.73, 210, 405, 1, 0, 454, 455, 53, P8, 0x0000000000000001
2026/08/31 23:17:24.413, 36.75, 36.81, 210, 405, 1, 0, 454, 455, 53, P8, 0x0000000000000001
2026/08/31 23:17:24.914, 36.78, 36.68, 210, 405, 1, 0, 454, 455, 53, P8, 0x0000000000000001
2026/08/31 23:17:25.414, 36.75, 36.62, 210, 405, 1, 0, 454, 455, 53, P8, 0x0000000000000001
2026/08/31 23:17:25.915, 36.73, 36.71, 210, 405, 1, 0, 454, 455, 53, P8, 0x0000000000000001
2026/08/31 23:17:26.415, 36.74, 36.81, 210, 405, 1, 0, 454, 455, 53, P8, 0x0000000000000001
2026/08/31 23:17:26.915, 36.77, 36.86, 210, 405, 1, 0, 454, 455, 53, P8, 0x0000000000000001
2026/08/31 23:17:27.415, 36.77, 36.86, 210, 405, 1, 0, 454, 455, 53, P8, 0x0000000000000001
2026/08/31 23:17:27.916, 36.75, 36.76, 210, 405, 1, 0, 454, 455, 53, P8, 0x0000000000000001
2026/08/31 23:17:28.416, 36.73, 36.66, 210, 405, 1, 0, 454, 455, 53, P8, 0x0000000000000001
2026/08/31 23:17:28.916, 36.66, 36.49, 210, 405, 1, 0, 454, 455, 53, P8, 0x0000000000000001
2026/08/31 23:17:29.417, 36.63, 36.68, 210, 405, 1, 0, 454, 455, 53, P8, 0x0000000000000001
2026/08/31 23:17:29.917, 36.72, 36.88, 210, 405, 1, 0, 454, 455, 53, P8, 0x0000000000000001
2026/08/31 23:17:30.417, 36.83, 36.87, 210, 405, 1, 0, 454, 455, 53, P8, 0x0000000000000001
2026/08/31 23:17:30.918, 36.83, 36.76, 210, 405, 1, 0, 454, 455, 53, P8, 0x0000000000000001
2026/08/31 23:17:31.418, 36.82, 36.89, 210, 405, 1, 0, 454, 455, 53, P8, 0x0000000000000001
2026/08/31 23:17:31.918, 36.89, 36.96, 210, 405, 1, 0, 454, 455, 53, P8, 0x0000000000000001
2026/08/31 23:17:32.419, 36.94, 36.87, 210, 405, 1, 0, 454, 455, 53, P8, 0x0000000000000001
2026/08/31 23:17:32.919, 36.90, 36.79, 210, 405, 1, 0, 454, 455, 53, P8, 0x0000000000000001
2026/08/31 23:17:33.419, 36.88, 36.91, 210, 405, 1, 0, 454, 455, 53, P8, 0x0000000000000001
2026/08/31 23:17:33.920, 36.94, 37.03, 210, 405, 1, 0, 454, 455, 53, P8, 0x0000000000000001
2026/08/31 23:17:34.420, 36.99, 37.11, 210, 405, 1, 0, 454, 455, 53, P8, 0x0000000000000001
2026/08/31 23:17:34.921, 36.97, 36.91, 210, 405, 1, 0, 454, 455, 53, P8, 0x0000000000000001
2026/08/31 23:17:35.421, 36.88, 36.71, 210, 405, 1, 0, 454, 455, 53, P8, 0x0000000000000001
2026/08/31 23:17:35.922, 36.79, 36.84, 210, 405, 1, 0, 454, 455, 53, P8, 0x0000000000000001
2026/08/31 23:17:36.422, 36.80, 36.82, 210, 405, 1, 0, 454, 455, 53, P8, 0x0000000000000001
2026/08/31 23:17:36.922, 36.83, 36.79, 210, 405, 1, 0, 454, 455, 53, P8, 0x0000000000000001
2026/08/31 23:17:37.423, 36.88, 36.91, 210, 405, 1, 0, 454, 455, 53, P8, 0x0000000000000001
2026/08/31 23:17:37.923, 36.86, 36.75, 210, 405, 1, 0, 454, 455, 53, P8, 0x0000000000000001
2026/08/31 23:17:38.424, 36.78, 36.67, 210, 405, 1, 0, 454, 455, 53, P8, 0x0000000000000001
2026/08/31 23:17:38.924, 36.80, 36.79, 210, 405, 1, 0, 454, 455, 53, P8, 0x0000000000000001
2026/08/31 23:17:39.424, 36.85, 36.83, 210, 405, 1, 0, 454, 455, 54, P8, 0x0000000000000001
2026/08/31 23:17:39.925, 36.83, 36.83, 210, 405, 0, 0, 454, 455, 53, P8, 0x0000000000000001
2026/08/31 23:17:40.425, 36.84, 36.87, 210, 405, 0, 0, 454, 455, 53, P8, 0x0000000000000001
2026/08/31 23:17:40.926, 36.88, 37.00, 210, 405, 1, 0, 454, 455, 54, P8, 0x0000000000000001
2026/08/31 23:17:41.426, 36.94, 37.12, 210, 405, 1, 0, 454, 455, 53, P8, 0x0000000000000001
2026/08/31 23:17:41.926, 36.99, 36.97, 210, 405, 1, 0, 454, 455, 53, P8, 0x0000000000000001
2026/08/31 23:17:42.427, 36.99, 37.07, 210, 405, 1, 0, 454, 455, 54, P8, 0x0000000000000001
2026/08/31 23:17:42.927, 37.00, 37.00, 210, 405, 1, 0, 454, 455, 53, P8, 0x0000000000000001
2026/08/31 23:17:43.428, 37.01, 36.93, 210, 405, 1, 0, 454, 455, 53, P8, 0x0000000000000001
2026/08/31 23:17:43.928, 37.03, 37.13, 210, 405, 1, 0, 454, 455, 54, P8, 0x0000000000000001
2026/08/31 23:17:44.428, 37.13, 37.13, 210, 405, 1, 0, 454, 455, 53, P8, 0x0000000000000001
2026/08/31 23:17:44.929, 37.22, 37.28, 210, 405, 1, 0, 454, 455, 53, P8, 0x0000000000000001
2026/08/31 23:17:45.429, 37.23, 37.22, 210, 405, 1, 0, 454, 455, 54, P8, 0x0000000000000001
2026/08/31 23:17:45.929, 37.24, 37.29, 210, 405, 1, 0, 454, 455, 54, P8, 0x0000000000000001
2026/08/31 23:17:46.430, 37.20, 37.09, 210, 405, 1, 0, 454, 455, 54, P8, 0x0000000000000001
2026/08/31 23:17:46.930, 37.17, 37.19, 210, 405, 1, 0, 454, 455, 54, P8, 0x0000000000000001
2026/08/31 23:17:47.430, 37.19, 37.40, 210, 405, 1, 0, 454, 455, 54, P8, 0x0000000000000001
2026/08/31 23:17:47.931, 37.21, 37.24, 210, 405, 1, 0, 454, 455, 54, P8, 0x0000000000000001
2026/08/31 23:17:48.431, 37.26, 37.31, 210, 405, 1, 0, 454, 455, 54, P8, 0x0000000000000001
2026/08/31 23:17:48.931, 37.29, 37.38, 210, 405, 1, 0, 454, 455, 54, P8, 0x0000000000000001
2026/08/31 23:17:49.432, 37.22, 37.07, 210, 405, 1, 0, 454, 455, 54, P8, 0x0000000000000001
2026/08/31 23:17:49.932, 37.12, 37.08, 210, 405, 1, 0, 454, 455, 54, P8, 0x0000000000000001
2026/08/31 23:17:50.432, 37.11, 37.06, 210, 405, 1, 0, 454, 455, 54, P8, 0x0000000000000001
2026/08/31 23:17:50.933, 37.12, 37.06, 210, 405, 1, 0, 454, 455, 54, P8, 0x0000000000000001
2026/08/31 23:17:51.433, 37.09, 37.22, 210, 405, 1, 0, 454, 455, 54, P8, 0x0000000000000001
2026/08/31 23:17:51.933, 37.13, 37.08, 210, 405, 1, 0, 454, 455, 54, P8, 0x0000000000000001
2026/08/31 23:17:52.434, 37.15, 37.08, 210, 405, 1, 0, 454, 455, 54, P8, 0x0000000000000001
2026/08/31 23:17:52.934, 37.20, 37.17, 210, 405, 1, 0, 454, 455, 54, P8, 0x0000000000000001
2026/08/31 23:17:53.434, 37.18, 37.03, 210, 405, 1, 0, 454, 455, 54, P8, 0x0000000000000001
2026/08/31 23:17:53.935, 37.09, 36.99, 210, 405, 1, 0, 454, 455, 54, P8, 0x0000000000000001
2026/08/31 23:17:54.435, 37.04, 37.06, 210, 405, 1, 0, 454, 455, 54, P8, 0x0000000000000001
2026/08/31 23:17:54.935, 37.13, 37.22, 210, 405, 1, 0, 454, 455, 54, P8, 0x0000000000000001
2026/08/31 23:17:55.436, 37.17, 37.07, 210, 405, 1, 0, 454, 455, 54, P8, 0x0000000000000001
2026/08/31 23:17:55.936, 37.07, 36.98, 210, 405, 1, 0, 454, 455, 54, P8, 0x0000000000000001
2026/08/31 23:17:56.436, 36.96, 36.87, 210, 405, 1, 0, 454, 455, 54, P8, 0x0000000000000001
2026/08/31 23:17:56.937, 36.92, 36.95, 210, 405, 1, 0, 454, 455, 54, P8, 0x0000000000000001
2026/08/31 23:17:57.437, 36.93, 37.11, 210, 405, 1, 0, 454, 455, 54, P8, 0x0000000000000001
2026/08/31 23:17:57.937, 37.03, 37.14, 210, 405, 1, 0, 454, 455, 54, P8, 0x0000000000000001
2026/08/31 23:17:58.438, 37.06, 36.93, 210, 405, 1, 0, 454, 455, 54, P8, 0x0000000000000001
2026/08/31 23:17:58.938, 36.99, 36.83, 210, 405, 1, 0, 454, 455, 54, P8, 0x0000000000000001
2026/08/31 23:17:59.438, 36.92, 36.97, 210, 405, 1, 0, 454, 455, 54, P8, 0x0000000000000001
2026/08/31 23:17:59.939, 36.94, 37.18, 210, 405, 1, 0, 454, 455, 54, P8, 0x0000000000000001
2026/08/31 23:18:00.439, 37.08, 37.10, 210, 405, 1, 0, 454, 455, 54, P8, 0x0000000000000001
2026/08/31 23:18:00.939, 37.15, 37.06, 210, 405, 1, 0, 454, 455, 54, P8, 0x0000000000000001
2026/08/31 23:18:01.440, 37.14, 37.24, 210, 405, 1, 0, 454, 455, 54, P8, 0x0000000000000001
2026/08/31 23:18:01.940, 37.16, 37.02, 210, 405, 1, 0, 454, 455, 54, P8, 0x0000000000000001
2026/08/31 23:18:02.440, 37.09, 37.01, 210, 405, 1, 0, 454, 455, 54, P8, 0x0000000000000001
2026/08/31 23:18:02.941, 37.01, 36.99, 210, 405, 1, 0, 454, 455, 54, P8, 0x0000000000000001
2026/08/31 23:18:03.441, 37.06, 37.15, 210, 405, 1, 0, 454, 455, 54, P8, 0x0000000000000001
2026/08/31 23:18:03.942, 37.15, 37.14, 210, 405, 1, 0, 454, 455, 54, P8, 0x0000000000000001
2026/08/31 23:18:04.442, 37.22, 37.29, 210, 405, 1, 0, 454, 455, 54, P8, 0x0000000000000001
2026/08/31 23:18:04.942, 37.27, 37.31, 210, 405, 1, 0, 454, 455, 54, P8, 0x0000000000000001
2026/08/31 23:18:05.443, 37.29, 37.22, 210, 405, 1, 0, 454, 455, 54, P8, 0x0000000000000001
2026/08/31 23:18:05.943, 37.26, 37.38, 210, 405, 1, 0, 454, 455, 54, P8, 0x0000000000000001
2026/08/31 23:18:06.443, 37.25, 37.38, 210, 405, 1, 0, 454, 455, 54, P8, 0x0000000000000001
2026/08/31 23:18:06.944, 37.32, 37.48, 210, 405, 1, 0, 454, 455, 54, P8, 0x0000000000000001
2026/08/31 23:18:07.444, 37.40, 37.38, 210, 405, 1, 0, 454, 455, 54, P8, 0x0000000000000001
2026/08/31 23:18:07.944, 37.41, 37.42, 210, 405, 1, 0, 454, 455, 54, P8, 0x0000000000000001
2026/08/31 23:18:08.445, 37.36, 37.37, 210, 405, 1, 0, 454, 455, 54, P8, 0x0000000000000001
2026/08/31 23:18:08.945, 37.34, 37.34, 210, 405, 0, 0, 454, 455, 54, P8, 0x0000000000000001
2026/08/31 23:18:09.445, 37.35, 37.28, 210, 405, 0, 0, 454, 455, 54, P8, 0x0000000000000001
2026/08/31 23:18:09.946, 37.36, 37.32, 210, 405, 1, 0, 454, 455, 54, P8, 0x0000000000000001
2026/08/31 23:18:10.446, 37.33, 37.28, 210, 405, 1, 0, 454, 455, 54, P8, 0x0000000000000001
2026/08/31 23:18:10.946, 37.32, 37.52, 210, 405, 1, 0, 454, 455, 54, P8, 0x0000000000000001
2026/08/31 23:18:11.447, 37.34, 37.37, 210, 405, 1, 0, 454, 455, 54, P8, 0x0000000000000001
2026/08/31 23:18:11.947, 37.38, 37.36, 210, 405, 1, 0, 454, 455, 54, P8, 0x0000000000000001
2026/08/31 23:18:12.448, 37.30, 37.13, 210, 405, 1, 0, 454, 455, 54, P8, 0x0000000000000001
2026/08/31 23:18:12.948, 37.21, 37.24, 210, 405, 1, 0, 454, 455, 54, P8, 0x0000000000000001
2026/08/31 23:18:13.448, 37.14, 37.08, 210, 405, 1, 0, 454, 455, 54, P8, 0x0000000000000001
2026/08/31 23:18:13.949, 37.12, 37.05, 210, 405, 1, 0, 454, 455, 54, P8, 0x0000000000000001
2026/08/31 23:18:14.449, 37.10, 37.05, 210, 405, 1, 0, 454, 455, 54, P8, 0x0000000000000001
2026/08/31 23:18:14.949, 37.08, 37.11, 210, 405, 1, 0, 454, 455, 54, P8, 0x0000000000000001
2026/08/31 23:18:15.450, 37.08, 37.19, 210, 405, 1, 0, 454, 455, 54, P8, 0x0000000000000001
2026/08/31 23:18:15.950, 37.15, 37.26, 210, 405, 1, 0, 454, 455, 54, P8, 0x0000000000000001
2026/08/31 23:18:16.450, 37.18, 37.16, 210, 405, 1, 0, 454, 455, 54, P8, 0x0000000000000001
2026/08/31 23:18:16.951, 37.20, 37.34, 210, 405, 1, 0, 454, 455, 54, P8, 0x0000000000000001
2026/08/31 23:18:17.451, 37.26, 37.37, 210, 405, 1, 0, 454, 455, 54, P8, 0x0000000000000001
2026/08/31 23:18:17.951, 37.31, 37.39, 210, 405, 1, 0, 454, 455, 54, P8, 0x0000000000000001
2026/08/31 23:18:18.451, 37.27, 37.16, 210, 405, 1, 0, 454, 455, 54, P8, 0x0000000000000001
2026/08/31 23:18:18.952, 37.25, 37.20, 210, 405, 1, 0, 454, 455, 54, P8, 0x0000000000000001
2026/08/31 23:18:19.452, 37.23, 37.21, 210, 405, 1, 0, 454, 455, 54, P8, 0x0000000000000001
2026/08/31 23:18:19.952, 37.20, 37.19, 210, 405, 1, 0, 454, 455, 54, P8, 0x0000000000000001
2026/08/31 23:18:20.453, 37.18, 37.11, 210, 405, 1, 0, 454, 455, 54, P8, 0x0000000000000001
2026/08/31 23:18:20.953, 37.15, 37.13, 210, 405, 0, 0, 454, 455, 54, P8, 0x0000000000000001
2026/08/31 23:18:21.453, 37.18, 37.20, 210, 405, 0, 0, 454, 455, 54, P8, 0x0000000000000001
2026/08/31 23:18:21.954, 37.20, 37.12, 210, 405, 0, 0, 454, 455, 54, P8, 0x0000000000000001
2026/08/31 23:18:22.454, 37.19, 37.27, 210, 405, 0, 0, 454, 455, 54, P8, 0x0000000000000001
2026/08/31 23:18:22.954, 37.23, 37.33, 210, 405, 1, 0, 454, 455, 54, P8, 0x0000000000000001
2026/08/31 23:18:23.455, 37.26, 37.21, 210, 405, 1, 0, 454, 455, 54, P8, 0x0000000000000001
2026/08/31 23:18:23.955, 37.30, 37.42, 210, 405, 1, 0, 454, 455, 54, P8, 0x0000000000000001
2026/08/31 23:18:24.455, 37.35, 37.41, 210, 405, 1, 0, 454, 455, 54, P8, 0x0000000000000001
2026/08/31 23:18:24.956, 37.36, 37.34, 210, 405, 1, 0, 454, 455, 54, P8, 0x0000000000000001
2026/08/31 23:18:25.456, 37.32, 37.21, 210, 405, 1, 0, 454, 455, 54, P8, 0x0000000000000001
2026/08/31 23:18:25.956, 37.26, 37.23, 210, 405, 1, 0, 454, 455, 54, P8, 0x0000000000000001
2026/08/31 23:18:26.457, 37.16, 36.93, 210, 405, 1, 0, 454, 455, 54, P8, 0x0000000000000001
2026/08/31 23:18:26.957, 37.14, 37.20, 210, 405, 1, 0, 454, 455, 54, P8, 0x0000000000000001
2026/08/31 23:18:27.457, 37.07, 37.08, 210, 405, 1, 0, 454, 455, 54, P8, 0x0000000000000001
2026/08/31 23:18:27.957, 37.15, 37.38, 210, 405, 1, 0, 454, 455, 54, P8, 0x0000000000000001
2026/08/31 23:18:28.458, 37.20, 37.04, 210, 405, 1, 0, 454, 455, 54, P8, 0x0000000000000001
2026/08/31 23:18:28.958, 37.22, 37.42, 210, 405, 1, 0, 454, 455, 54, P8, 0x0000000000000001
2026/08/31 23:18:29.459, 37.25, 37.12, 210, 405, 1, 0, 454, 455, 54, P8, 0x0000000000000001
2026/08/31 23:18:29.959, 37.19, 36.99, 210, 405, 1, 0, 454, 455, 54, P8, 0x0000000000000001
2026/08/31 23:18:30.459, 37.10, 37.06, 210, 405, 1, 0, 454, 455, 54, P8, 0x0000000000000001
2026/08/31 23:18:30.960, 37.12, 37.08, 210, 405, 1, 0, 454, 455, 54, P8, 0x0000000000000001
2026/08/31 23:18:31.460, 37.09, 37.09, 210, 405, 1, 0, 454, 455, 54, P8, 0x0000000000000001
2026/08/31 23:18:31.960, 37.12, 37.23, 210, 405, 1, 0, 454, 455, 54, P8, 0x0000000000000001
2026/08/31 23:18:32.461, 37.20, 37.21, 210, 405, 1, 0, 454, 455, 54, P8, 0x0000000000000001
2026/08/31 23:18:32.961, 37.20, 37.27, 210, 405, 0, 0, 454, 455, 54, P8, 0x0000000000000001
2026/08/31 23:18:33.461, 37.23, 37.34, 210, 405, 0, 0, 454, 455, 54, P8, 0x0000000000000001
2026/08/31 23:18:33.961, 37.33, 37.35, 210, 405, 0, 0, 454, 455, 54, P8, 0x0000000000000001
2026/08/31 23:18:34.462, 37.37, 37.32, 210, 405, 0, 0, 454, 455, 54, P8, 0x0000000000000001
2026/08/31 23:18:34.962, 37.32, 37.31, 210, 405, 0, 0, 454, 455, 54, P8, 0x0000000000000001
2026/08/31 23:18:35.462, 37.33, 37.39, 210, 405, 0, 0, 454, 455, 54, P8, 0x0000000000000001
2026/08/31 23:18:35.963, 37.38, 37.27, 210, 405, 0, 0, 454, 455, 54, P8, 0x0000000000000001
2026/08/31 23:18:36.463, 37.40, 37.34, 210, 405, 0, 0, 454, 455, 54, P8, 0x0000000000000001
2026/08/31 23:18:36.963, 37.40, 37.40, 210, 405, 0, 0, 454, 455, 54, P8, 0x0000000000000001
2026/08/31 23:18:37.464, 37.40, 37.27, 210, 405, 0, 0, 454, 455, 54, P8, 0x0000000000000001
2026/08/31 23:18:37.964, 37.38, 37.33, 210, 405, 1, 0, 454, 455, 54, P8, 0x0000000000000001
2026/08/31 23:18:38.464, 37.32, 37.28, 210, 405, 1, 0, 454, 455, 54, P8, 0x0000000000000001
2026/08/31 23:18:38.965, 37.32, 37.33, 210, 405, 1, 0, 454, 455, 54, P8, 0x0000000000000001
2026/08/31 23:18:39.465, 37.32, 37.22, 210, 405, 1, 0, 454, 455, 54, P8, 0x0000000000000001
2026/08/31 23:18:39.965, 37.27, 37.11, 210, 405, 1, 0, 454, 455, 54, P8, 0x0000000000000001
2026/08/31 23:18:40.466, 37.23, 37.26, 210, 405, 1, 0, 454, 455, 54, P8, 0x0000000000000001
2026/08/31 23:18:40.966, 37.20, 37.28, 210, 405, 1, 0, 454, 455, 54, P8, 0x0000000000000001
2026/08/31 23:18:41.466, 37.20, 37.22, 210, 405, 1, 0, 454, 455, 54, P8, 0x0000000000000001
2026/08/31 23:18:41.967, 37.21, 37.24, 210, 405, 1, 0, 454, 455, 54, P8, 0x0000000000000001
2026/08/31 23:18:42.467, 37.17, 36.97, 210, 405, 1, 0, 454, 455, 54, P8, 0x0000000000000001
2026/08/31 23:18:42.967, 37.12, 37.16, 210, 405, 1, 0, 454, 455, 54, P8, 0x0000000000000001
2026/08/31 23:18:43.468, 37.08, 37.06, 210, 405, 1, 0, 454, 455, 54, P8, 0x0000000000000001
2026/08/31 23:18:43.968, 37.15, 37.22, 210, 405, 1, 0, 454, 455, 54, P8, 0x0000000000000001
2026/08/31 23:18:44.469, 37.17, 37.03, 210, 405, 1, 0, 454, 455, 54, P8, 0x0000000000000001
2026/08/31 23:18:44.969, 37.17, 37.15, 210, 405, 1, 0, 454, 455, 54, P8, 0x0000000000000001
2026/08/31 23:18:45.469, 37.17, 37.36, 210, 405, 1, 0, 454, 455, 54, P8, 0x0000000000000001
2026/08/31 23:18:45.970, 37.23, 37.28, 210, 405, 1, 0, 454, 455, 54, P8, 0x0000000000000001
2026/08/31 23:18:46.470, 37.26, 37.25, 210, 405, 1, 0, 454, 455, 54, P8, 0x0000000000000001
2026/08/31 23:18:46.971, 37.25, 37.30, 210, 405, 1, 0, 454, 455, 55, P8, 0x0000000000000001
2026/08/31 23:18:47.472, 37.28, 37.43, 210, 405, 1, 0, 454, 455, 54, P8, 0x0000000000000001
2026/08/31 23:18:47.972, 37.32, 37.44, 210, 405, 1, 0, 454, 455, 54, P8, 0x0000000000000001
2026/08/31 23:18:48.472, 37.31, 37.25, 210, 405, 1, 0, 454, 455, 55, P8, 0x0000000000000001
2026/08/31 23:18:48.973, 37.21, 37.06, 210, 405, 0, 0, 454, 455, 54, P8, 0x0000000000000001
2026/08/31 23:18:49.473, 37.19, 37.21, 210, 405, 0, 0, 454, 455, 54, P8, 0x0000000000000001
2026/08/31 23:18:49.973, 37.21, 37.19, 210, 405, 0, 0, 454, 455, 55, P8, 0x0000000000000001
2026/08/31 23:18:50.474, 37.22, 37.24, 210, 405, 0, 0, 454, 455, 54, P8, 0x0000000000000001
2026/08/31 23:18:50.974, 37.22, 37.09, 210, 405, 1, 0, 454, 455, 54, P8, 0x0000000000000001
2026/08/31 23:18:51.475, 37.20, 37.23, 210, 405, 1, 0, 454, 455, 55, P8, 0x0000000000000001
2026/08/31 23:18:51.975, 37.21, 37.22, 210, 405, 1, 0, 454, 455, 55, P8, 0x0000000000000001
2026/08/31 23:18:52.475, 37.26, 37.25, 210, 405, 1, 0, 454, 455, 55, P8, 0x0000000000000001
2026/08/31 23:18:52.976, 37.20, 37.20, 210, 405, 1, 0, 454, 455, 55, P8, 0x0000000000000001
2026/08/31 23:18:53.476, 37.19, 37.28, 210, 405, 1, 0, 454, 455, 55, P8, 0x0000000000000001
2026/08/31 23:18:53.976, 37.27, 37.32, 210, 405, 1, 0, 454, 455, 55, P8, 0x0000000000000001
2026/08/31 23:18:54.477, 37.31, 37.32, 210, 405, 1, 0, 454, 455, 55, P8, 0x0000000000000001
2026/08/31 23:18:54.977, 37.33, 37.33, 210, 405, 1, 0, 454, 455, 55, P8, 0x0000000000000001
2026/08/31 23:18:55.477, 37.37, 37.27, 210, 405, 1, 0, 454, 455, 55, P8, 0x0000000000000001
2026/08/31 23:18:55.978, 37.34, 37.42, 210, 405, 1, 0, 454, 455, 55, P8, 0x0000000000000001
2026/08/31 23:18:56.478, 37.29, 37.11, 210, 405, 1, 0, 454, 455, 55, P8, 0x0000000000000001
2026/08/31 23:18:56.979, 37.31, 37.34, 210, 405, 1, 0, 454, 455, 55, P8, 0x0000000000000001
2026/08/31 23:18:57.479, 37.35, 37.48, 210, 405, 1, 0, 454, 455, 55, P8, 0x0000000000000001
2026/08/31 23:18:57.979, 37.35, 37.19, 210, 405, 1, 0, 454, 455, 55, P8, 0x0000000000000001
2026/08/31 23:18:58.480, 37.31, 37.46, 210, 405, 1, 0, 454, 455, 55, P8, 0x0000000000000001
2026/08/31 23:18:58.980, 37.27, 37.24, 210, 405, 1, 0, 454, 455, 55, P8, 0x0000000000000001
2026/08/31 23:18:59.480, 37.29, 37.45, 210, 405, 1, 0, 454, 455, 55, P8, 0x0000000000000001
2026/08/31 23:18:59.981, 37.36, 37.57, 210, 405, 1, 0, 454, 455, 55, P8, 0x0000000000000001
2026/08/31 23:19:00.481, 37.47, 37.37, 210, 405, 1, 0, 454, 455, 55, P8, 0x0000000000000001
2026/08/31 23:19:00.981, 37.42, 37.30, 210, 405, 0, 0, 454, 455, 55, P8, 0x0000000000000001
2026/08/31 23:19:01.482, 37.35, 37.43, 210, 405, 0, 0, 454, 455, 55, P8, 0x0000000000000001
2026/08/31 23:19:01.982, 37.34, 37.36, 210, 405, 0, 0, 454, 455, 55, P8, 0x0000000000000001
2026/08/31 23:19:02.482, 37.28, 37.06, 210, 405, 0, 0, 454, 455, 55, P8, 0x0000000000000001
2026/08/31 23:19:02.983, 37.20, 37.11, 210, 405, 0, 0, 454, 455, 55, P8, 0x0000000000000001
2026/08/31 23:19:03.483, 37.15, 37.19, 210, 405, 0, 0, 454, 455, 55, P8, 0x0000000000000001
2026/08/31 23:19:03.983, 37.15, 37.22, 210, 405, 1, 0, 454, 455, 55, P8, 0x0000000000000001
2026/08/31 23:19:04.484, 37.21, 37.21, 210, 405, 1, 0, 454, 455, 55, P8, 0x0000000000000001
2026/08/31 23:19:04.984, 37.23, 37.24, 210, 405, 1, 0, 454, 455, 55, P8, 0x0000000000000001
2026/08/31 23:19:05.484, 37.24, 37.33, 210, 405, 1, 0, 454, 455, 55, P8, 0x0000000000000001
2026/08/31 23:19:05.985, 37.29, 37.24, 210, 405, 1, 0, 454, 455, 55, P8, 0x0000000000000001
2026/08/31 23:19:06.485, 37.29, 37.38, 210, 405, 1, 0, 454, 455, 55, P8, 0x0000000000000001
2026/08/31 23:19:06.986, 37.26, 37.19, 210, 405, 1, 0, 454, 455, 55, P8, 0x0000000000000001
2026/08/31 23:19:07.486, 37.31, 37.34, 210, 405, 1, 0, 454, 455, 55, P8, 0x0000000000000001
2026/08/31 23:19:07.986, 37.28, 37.13, 210, 405, 1, 0, 454, 455, 55, P8, 0x0000000000000001
2026/08/31 23:19:08.487, 37.24, 37.25, 210, 405, 1, 0, 454, 455, 55, P8, 0x0000000000000001
2026/08/31 23:19:08.987, 37.21, 37.25, 210, 405, 1, 0, 454, 455, 55, P8, 0x0000000000000001
2026/08/31 23:19:09.487, 37.26, 37.27, 210, 405, 1, 0, 454, 455, 55, P8, 0x0000000000000001
2026/08/31 23:19:09.988, 37.32, 37.34, 210, 405, 1, 0, 454, 455, 55, P8, 0x0000000000000001
2026/08/31 23:19:10.488, 37.34, 37.43, 210, 405, 1, 0, 454, 455, 55, P8, 0x0000000000000001
2026/08/31 23:19:10.988, 37.32, 37.24, 210, 405, 1, 0, 454, 455, 55, P8, 0x0000000000000001
2026/08/31 23:19:11.489, 37.32, 37.21, 210, 405, 1, 0, 454, 455, 55, P8, 0x0000000000000001
2026/08/31 23:19:11.989, 37.25, 37.18, 210, 405, 1, 0, 454, 455, 55, P8, 0x0000000000000001
2026/08/31 23:19:12.489, 37.28, 37.51, 210, 405, 1, 0, 454, 455, 55, P8, 0x0000000000000001
2026/08/31 23:19:12.990, 37.34, 37.45, 210, 405, 1, 0, 454, 455, 55, P8, 0x0000000000000001
2026/08/31 23:19:13.490, 37.37, 37.35, 210, 405, 1, 0, 454, 455, 55, P8, 0x0000000000000001
2026/08/31 23:19:13.990, 37.38, 37.44, 210, 405, 1, 0, 454, 455, 55, P8, 0x0000000000000001
2026/08/31 23:19:14.491, 37.37, 37.46, 210, 405, 1, 0, 454, 455, 55, P8, 0x0000000000000001
2026/08/31 23:19:14.991, 37.44, 37.47, 210, 405, 0, 0, 454, 455, 55, P8, 0x0000000000000001
2026/08/31 23:19:15.491, 37.46, 37.40, 210, 405, 0, 0, 454, 455, 55, P8, 0x0000000000000001
2026/08/31 23:19:15.992, 37.41, 37.39, 210, 405, 1, 0, 454, 455, 55, P8, 0x0000000000000001
2026/08/31 23:19:16.492, 37.39, 37.41, 210, 405, 1, 0, 454, 455, 55, P8, 0x0000000000000001
2026/08/31 23:19:16.992, 37.33, 37.12, 210, 405, 1, 0, 454, 455, 55, P8, 0x0000000000000001
2026/08/31 23:19:17.493, 37.28, 37.29, 210, 405, 1, 0, 454, 455, 55, P8, 0x0000000000000001
2026/08/31 23:19:17.993, 37.28, 37.42, 210, 405, 1, 0, 454, 455, 55, P8, 0x0000000000000001
2026/08/31 23:19:18.495, 37.30, 37.20, 210, 405, 1, 0, 454, 455, 55, P8, 0x0000000000000001
2026/08/31 23:19:18.996, 37.25, 37.15, 210, 405, 0, 0, 454, 455, 55, P8, 0x0000000000000001
2026/08/31 23:19:19.496, 37.19, 37.16, 210, 405, 0, 0, 454, 455, 55, P8, 0x0000000000000001
2026/08/31 23:19:19.996, 37.24, 37.21, 210, 405, 0, 0, 454, 455, 55, P8, 0x0000000000000001
2026/08/31 23:19:20.497, 37.23, 37.18, 210, 405, 0, 0, 454, 455, 55, P8, 0x0000000000000001
2026/08/31 23:19:20.997, 37.30, 37.60, 210, 405, 1, 0, 454, 455, 55, P8, 0x0000000000000001
2026/08/31 23:19:21.497, 37.49, 37.58, 210, 405, 1, 0, 454, 455, 55, P8, 0x0000000000000001
2026/08/31 23:19:21.998, 37.55, 37.53, 210, 405, 0, 0, 454, 455, 55, P8, 0x0000000000000001
2026/08/31 23:19:22.498, 37.54, 37.44, 210, 405, 0, 0, 454, 455, 55, P8, 0x0000000000000001
2026/08/31 23:19:22.998, 37.54, 37.44, 210, 405, 0, 0, 454, 455, 55, P8, 0x0000000000000001
2026/08/31 23:19:23.499, 26.35, 25.24, 210, 405, 0, 0, 454, 455, 55, P8, 0x0000000000000001
2026/08/31 23:19:23.999, 26.61, 37.63, 210, 405, 1, 0, 454, 455, 55, P8, 0x0000000000000001
2026/08/31 23:19:24.500, 32.58, 36.99, 210, 405, 1, 0, 454, 455, 55, P8, 0x0000000000000001
2026/08/31 23:19:25.000, 37.14, 37.16, 210, 405, 1, 0, 454, 455, 55, P8, 0x0000000000000001
2026/08/31 23:19:25.500, 43.84, 108.92, 1725, 9501, 1, 0, 718, 455, 55, P2, 0x0000000000000000
2026/08/31 23:19:26.001, 81.65, 120.59, 1725, 9501, 0, 0, 718, 455, 58, P2, 0x0000000000000000
2026/08/31 23:19:26.501, 119.12, 119.98, 1725, 9501, 0, 0, 718, 455, 59, P2, 0x0000000000000000
2026/08/31 23:19:27.001, 120.09, 120.14, 1725, 9501, 0, 0, 718, 455, 59, P2, 0x0000000000000000
2026/08/31 23:19:27.501, 120.08, 120.04, 1725, 9501, 0, 0, 718, 455, 59, P2, 0x0000000000000000
2026/08/31 23:19:28.002, 120.13, 120.26, 1725, 9501, 0, 0, 718, 455, 59, P2, 0x0000000000000000
2026/08/31 23:19:28.502, 120.21, 120.26, 1725, 9501, 0, 0, 718, 455, 59, P2, 0x0000000000000000
2026/08/31 23:19:29.002, 120.31, 120.37, 1725, 9501, 0, 0, 718, 455, 60, P2, 0x0000000000000000
2026/08/31 23:19:29.503, 120.36, 120.44, 1725, 9501, 0, 0, 718, 455, 60, P2, 0x0000000000000000
2026/08/31 23:19:30.003, 120.43, 120.44, 1725, 9501, 0, 0, 718, 455, 60, P2, 0x0000000000000000
2026/08/31 23:19:30.503, 120.42, 120.39, 1725, 9501, 0, 0, 718, 455, 60, P2, 0x0000000000000000
2026/08/31 23:19:31.004, 120.43, 120.41, 1725, 9501, 0, 0, 718, 455, 60, P2, 0x0000000000000000
2026/08/31 23:19:31.504, 120.49, 120.58, 1725, 9501, 0, 0, 718, 455, 60, P2, 0x0000000000000000
2026/08/31 23:19:32.004, 120.58, 120.80, 1725, 9501, 0, 0, 718, 455, 60, P2, 0x0000000000000000
2026/08/31 23:19:32.505, 120.67, 120.75, 1725, 9501, 0, 0, 718, 455, 60, P2, 0x0000000000000000
2026/08/31 23:19:33.005, 120.72, 120.74, 1725, 9501, 0, 0, 718, 455, 60, P2, 0x0000000000000000
2026/08/31 23:19:33.505, 120.72, 120.61, 1725, 9501, 0, 0, 718, 455, 60, P2, 0x0000000000000000
2026/08/31 23:19:34.005, 120.73, 120.80, 1725, 9501, 0, 0, 718, 455, 60, P2, 0x0000000000000000
2026/08/31 23:19:34.506, 120.76, 120.76, 1725, 9501, 0, 0, 718, 455, 61, P2, 0x0000000000000000
2026/08/31 23:19:35.006, 120.83, 120.84, 1725, 9501, 0, 0, 718, 455, 61, P2, 0x0000000000000000
2026/08/31 23:19:35.507, 120.87, 120.82, 1725, 9501, 0, 0, 718, 455, 61, P2, 0x0000000000000000
2026/08/31 23:19:36.007, 120.86, 120.87, 1725, 9501, 0, 0, 718, 455, 61, P2, 0x0000000000000000
2026/08/31 23:19:36.507, 120.89, 120.95, 1725, 9501, 0, 0, 718, 455, 61, P2, 0x0000000000000000
2026/08/31 23:19:37.008, 120.95, 120.98, 1725, 9501, 0, 0, 718, 455, 61, P2, 0x0000000000000000
2026/08/31 23:19:37.508, 120.95, 120.95, 1725, 9501, 0, 0, 718, 455, 61, P2, 0x0000000000000000
2026/08/31 23:19:38.008, 120.99, 121.07, 1725, 9501, 0, 0, 718, 455, 61, P2, 0x0000000000000000
2026/08/31 23:19:38.508, 121.06, 121.07, 1725, 9501, 0, 0, 718, 455, 61, P2, 0x0000000000000000
2026/08/31 23:19:39.009, 121.09, 121.01, 1725, 9501, 0, 0, 718, 455, 61, P2, 0x0000000000000000
2026/08/31 23:19:39.509, 121.14, 121.23, 1725, 9501, 0, 0, 718, 455, 61, P2, 0x0000000000000000
2026/08/31 23:19:40.009, 121.21, 121.20, 1725, 9501, 0, 0, 718, 455, 61, P2, 0x0000000000000000
2026/08/31 23:19:40.510, 121.21, 121.11, 1725, 9501, 0, 0, 718, 455, 61, P2, 0x0000000000000000
2026/08/31 23:19:41.010, 121.14, 121.18, 1725, 9501, 0, 0, 718, 455, 62, P2, 0x0000000000000000
2026/08/31 23:19:41.510, 121.15, 121.14, 1725, 9501, 0, 0, 718, 455, 62, P2, 0x0000000000000000
2026/08/31 23:19:42.011, 121.18, 121.19, 1725, 9501, 0, 0, 718, 455, 62, P2, 0x0000000000000000
2026/08/31 23:19:42.511, 96.69, 46.26, 315, 810, 0, 0, 718, 455, 59, P5, 0x0000000000000001
2026/08/31 23:19:43.011, 62.06, 44.63, 255, 810, 0, 0, 718, 455, 59, P8, 0x0000000000000001
2026/08/31 23:19:43.513, 42.58, 39.14, 210, 405, 0, 0, 718, 455, 58, P8, 0x0000000000000001
2026/08/31 23:19:44.013, 39.70, 38.90, 210, 405, 1, 0, 718, 455, 58, P8, 0x0000000000000001
2026/08/31 23:19:44.513, 38.97, 38.87, 210, 405, 1, 0, 718, 455, 58, P8, 0x0000000000000001
2026/08/31 23:19:45.014, 38.85, 38.81, 210, 405, 1, 0, 718, 455, 58, P8, 0x0000000000000001
2026/08/31 23:19:45.514, 38.85, 38.82, 210, 405, 1, 0, 718, 455, 58, P8, 0x0000000000000001
2026/08/31 23:19:46.014, 38.87, 38.85, 210, 405, 1, 0, 718, 455, 58, P8, 0x0000000000000001
2026/08/31 23:19:46.515, 38.82, 38.81, 210, 405, 1, 0, 718, 455, 58, P8, 0x0000000000000001
2026/08/31 23:19:47.015, 38.78, 38.74, 210, 405, 0, 0, 718, 455, 58, P8, 0x0000000000000001
2026/08/31 23:19:47.515, 38.83, 38.89, 210, 405, 0, 0, 718, 455, 58, P8, 0x0000000000000001
2026/08/31 23:19:48.015, 38.85, 38.74, 210, 405, 0, 0, 718, 455, 58, P8, 0x0000000000000001
2026/08/31 23:19:48.516, 38.82, 38.99, 210, 405, 0, 0, 718, 455, 58, P8, 0x0000000000000001
2026/08/31 23:19:49.016, 38.79, 38.76, 210, 405, 1, 0, 718, 455, 58, P8, 0x0000000000000001
2026/08/31 23:19:49.516, 38.78, 38.87, 210, 405, 1, 0, 718, 455, 58, P8, 0x0000000000000001
2026/08/31 23:19:50.017, 38.81, 38.78, 210, 405, 1, 0, 718, 455, 58, P8, 0x0000000000000001
2026/08/31 23:19:50.517, 38.88, 38.79, 210, 405, 1, 0, 718, 455, 58, P8, 0x0000000000000001
2026/08/31 23:19:51.017, 38.89, 38.86, 210, 405, 1, 0, 718, 455, 58, P8, 0x0000000000000001
2026/08/31 23:19:51.518, 38.87, 38.77, 210, 405, 1, 0, 718, 455, 58, P8, 0x0000000000000001
2026/08/31 23:19:52.018, 38.79, 38.67, 210, 405, 0, 0, 718, 455, 58, P8, 0x0000000000000001
2026/08/31 23:19:52.518, 38.71, 38.73, 210, 405, 0, 0, 718, 455, 58, P8, 0x0000000000000001
2026/08/31 23:19:53.019, 38.67, 38.77, 210, 405, 0, 0, 718, 455, 58, P8, 0x0000000000000001
2026/08/31 23:19:53.519, 38.72, 38.71, 210, 405, 0, 0, 718, 455, 58, P8, 0x0000000000000001
2026/08/31 23:19:54.019, 38.73, 38.85, 210, 405, 1, 0, 718, 455, 58, P8, 0x0000000000000001
2026/08/31 23:19:54.520, 38.72, 38.67, 210, 405, 1, 0, 718, 455, 58, P8, 0x0000000000000001
2026/08/31 23:19:55.020, 38.76, 38.68, 210, 405, 1, 0, 718, 455, 58, P8, 0x0000000000000001
2026/08/31 23:19:55.520, 47.49, 122.41, 1725, 9501, 1, 0, 8764, 455, 59, P2, 0x0000000000000000
2026/08/31 23:19:56.020, 96.37, 153.26, 1965, 9501, 90, 2, 8764, 455, 62, P2, 0x0000000000000000
2026/08/31 23:19:56.521, 146.87, 150.47, 1965, 9501, 90, 2, 8764, 455, 63, P2, 0x0000000000000000
2026/08/31 23:19:57.021, 152.75, 159.79, 1965, 9501, 10, 8, 10002, 455, 63, P2, 0x0000000000000000
2026/08/31 23:19:57.521, 158.28, 150.61, 1965, 9501, 10, 8, 10002, 455, 64, P2, 0x0000000000000000
2026/08/31 23:19:58.022, 158.00, 150.55, 1965, 9501, 0, 0, 10002, 455, 64, P2, 0x0000000000000000
2026/08/31 23:19:58.522, 137.73, 121.68, 1725, 9501, 0, 0, 10002, 455, 63, P2, 0x0000000000000000
2026/08/31 23:19:59.022, 124.59, 121.58, 1725, 9501, 0, 0, 10002, 455, 63, P2, 0x0000000000000000
2026/08/31 23:19:59.523, 121.74, 122.58, 1725, 9501, 0, 0, 10002, 455, 63, P2, 0x0000000000000000
2026/08/31 23:20:00.023, 123.05, 124.28, 1725, 9501, 0, 0, 10002, 455, 63, P2, 0x0000000000000000
2026/08/31 23:20:00.523, 124.12, 124.77, 1725, 9501, 0, 0, 10002, 455, 63, P2, 0x0000000000000000
2026/08/31 23:20:01.024, 124.21, 124.20, 1725, 9501, 0, 0, 10002, 455, 63, P2, 0x0000000000000000
2026/08/31 23:20:01.524, 123.47, 122.09, 1725, 9501, 0, 0, 10002, 455, 63, P2, 0x0000000000000000
2026/08/31 23:20:02.024, 122.32, 121.95, 1725, 9501, 0, 0, 10002, 455, 63, P2, 0x0000000000000000
2026/08/31 23:20:02.525, 122.03, 121.99, 1725, 9501, 0, 0, 10002, 455, 63, P2, 0x0000000000000000
2026/08/31 23:20:03.025, 122.13, 122.30, 1725, 9501, 0, 0, 10002, 455, 63, P2, 0x0000000000000000
2026/08/31 23:20:03.525, 122.25, 122.18, 1725, 9501, 0, 0, 10002, 455, 63, P2, 0x0000000000000000
2026/08/31 23:20:04.026, 122.29, 122.79, 1725, 9501, 0, 0, 10002, 455, 63, P2, 0x0000000000000000
2026/08/31 23:20:04.526, 122.41, 122.90, 1725, 9501, 0, 0, 10002, 455, 63, P2, 0x0000000000000000
2026/08/31 23:20:05.026, 122.62, 123.03, 1725, 9501, 0, 0, 10002, 455, 63, P2, 0x0000000000000000
2026/08/31 23:20:05.527, 122.73, 123.23, 1725, 9501, 0, 0, 10002, 455, 63, P2, 0x0000000000000000
2026/08/31 23:20:06.027, 122.77, 122.71, 1725, 9501, 0, 0, 10002, 455, 63, P2, 0x0000000000000000
2026/08/31 23:20:06.527, 122.78, 122.74, 1725, 9501, 0, 0, 10002, 455, 63, P2, 0x0000000000000000
2026/08/31 23:20:07.028, 122.81, 122.83, 1725, 9501, 0, 0, 10002, 455, 63, P2, 0x0000000000000000
2026/08/31 23:20:07.528, 122.91, 122.89, 1725, 9501, 0, 0, 10002, 455, 63, P2, 0x0000000000000000
2026/08/31 23:20:08.028, 122.95, 122.78, 1725, 9501, 0, 0, 10002, 455, 63, P2, 0x0000000000000000
2026/08/31 23:20:08.529, 122.92, 122.86, 1725, 9501, 0, 0, 10002, 455, 63, P2, 0x0000000000000000
2026/08/31 23:20:09.029, 122.96, 122.85, 1725, 9501, 0, 0, 10002, 455, 63, P2, 0x0000000000000000
2026/08/31 23:20:09.529, 123.01, 122.79, 1725, 9501, 0, 0, 10002, 455, 63, P2, 0x0000000000000000
2026/08/31 23:20:10.029, 122.94, 122.96, 1725, 9501, 0, 0, 10002, 455, 63, P2, 0x0000000000000000
2026/08/31 23:20:10.530, 122.86, 122.84, 1725, 9501, 0, 0, 10002, 455, 63, P2, 0x0000000000000000
2026/08/31 23:20:11.030, 122.89, 122.83, 1725, 9501, 0, 0, 10002, 455, 63, P2, 0x0000000000000000
2026/08/31 23:20:11.530, 122.88, 123.01, 1725, 9501, 0, 0, 10006, 455, 63, P2, 0x0000000000000000
2026/08/31 23:20:12.030, 161.48, 289.41, 1725, 9501, 82, 84, 10006, 455, 66, P2, 0x0000000000000000
2026/08/31 23:20:12.531, 261.57, 350.67, 1800, 9501, 82, 84, 10006, 455, 72, P2, 0x0000000000000004
2026/08/31 23:20:13.031, 341.45, 332.84, 1755, 9501, 94, 97, 10006, 455, 73, P2, 0x0000000000000004
2026/08/31 23:20:13.531, 348.14, 352.67, 1800, 9501, 94, 97, 10006, 455, 73, P2, 0x0000000000000004
2026/08/31 23:20:14.031, 346.81, 336.30, 1755, 9501, 95, 98, 10006, 455, 73, P2, 0x0000000000000004
2026/08/31 23:20:14.531, 348.86, 348.42, 1800, 9501, 95, 98, 10006, 455, 74, P2, 0x0000000000000004
2026/08/31 23:20:15.031, 347.14, 348.72, 1770, 9501, 97, 100, 10006, 455, 74, P2, 0x0000000000000004
2026/08/31 23:20:15.532, 343.08, 289.13, 1905, 9501, 97, 100, 756, 455, 74, P2, 0x0000000000000004
2026/08/31 23:20:16.032, 255.87, 151.71, 1935, 9501, 0, 0, 756, 455, 67, P2, 0x0000000000000000
2026/08/31 23:20:16.532, 167.23, 151.91, 1950, 9501, 0, 0, 756, 455, 67, P2, 0x0000000000000024
2026/08/31 23:20:17.032, 152.19, 155.93, 1950, 9501, 0, 0, 457, 455, 67, P0, 0x0000000000000000
2026/08/31 23:20:17.533, 154.88, 155.49, 1950, 9501, 0, 0, 718, 455, 67, P2, 0x0000000000000000
2026/08/31 23:20:18.033, 146.89, 130.48, 1950, 9501, 95, 2, 8764, 455, 66, P2, 0x0000000000000000
2026/08/31 23:20:18.533, 148.95, 171.17, 1950, 9501, 95, 2, 9386, 455, 67, P2, 0x0000000000000000
2026/08/31 23:20:19.033, 241.86, 295.91, 1845, 9501, 90, 46, 8992, 455, 72, P2, 0x0000000000000004
2026/08/31 23:20:19.533, 332.53, 351.64, 1770, 9501, 90, 46, 8992, 455, 74, P2, 0x0000000000000004
2026/08/31 23:20:20.034, 344.94, 329.90, 1740, 9501, 100, 100, 8992, 455, 73, P2, 0x0000000000000004
2026/08/31 23:20:20.534, 347.50, 350.63, 1785, 9501, 100, 100, 8992, 455, 74, P2, 0x0000000000000004
2026/08/31 23:20:21.034, 347.77, 343.57, 1740, 9501, 100, 100, 8992, 455, 74, P2, 0x0000000000000004
2026/08/31 23:20:21.534, 348.86, 348.37, 1755, 9501, 100, 100, 8992, 455, 74, P2, 0x0000000000000004
2026/08/31 23:20:22.034, 347.80, 345.94, 1770, 9501, 99, 100, 8992, 455, 74, P2, 0x0000000000000004
2026/08/31 23:20:22.534, 349.37, 347.94, 1755, 9501, 99, 100, 8992, 455, 75, P2, 0x0000000000000004
2026/08/31 23:20:23.035, 348.39, 349.13, 1755, 9501, 100, 100, 8992, 455, 75, P2, 0x0000000000000004
2026/08/31 23:20:23.535, 343.18, 282.52, 1890, 9501, 100, 100, 454, 455, 72, P2, 0x0000000000000004
2026/08/31 23:20:24.035, 259.82, 156.29, 1935, 9501, 2, 0, 718, 455, 69, P2, 0x0000000000000000
2026/08/31 23:20:24.535, 170.60, 152.70, 1935, 9501, 2, 0, 718, 455, 68, P2, 0x0000000000000000
2026/08/31 23:20:25.035, 153.31, 151.96, 1935, 9501, 0, 0, 718, 455, 68, P2, 0x0000000000000000
2026/08/31 23:20:25.536, 150.19, 130.58, 1725, 9501, 0, 0, 718, 455, 67, P2, 0x0000000000000000
2026/08/31 23:20:26.036, 138.79, 127.18, 1725, 9501, 0, 0, 718, 455, 66, P2, 0x0000000000000000
2026/08/31 23:20:26.536, 127.44, 127.04, 1725, 9501, 0, 0, 718, 455, 66, P2, 0x0000000000000000
2026/08/31 23:20:27.037, 127.00, 127.03, 1725, 9501, 0, 0, 718, 455, 65, P2, 0x0000000000000000
2026/08/31 23:20:27.537, 126.96, 126.93, 1725, 9501, 0, 0, 718, 455, 65, P2, 0x0000000000000000
2026/08/31 23:20:28.037, 126.88, 126.61, 1725, 9501, 0, 0, 718, 455, 65, P2, 0x0000000000000000
2026/08/31 23:20:28.537, 126.71, 126.67, 1725, 9501, 0, 0, 718, 455, 65, P2, 0x0000000000000000
2026/08/31 23:20:29.038, 126.61, 126.64, 1725, 9501, 0, 0, 718, 455, 65, P2, 0x0000000000000000
2026/08/31 23:20:29.538, 126.62, 126.69, 1725, 9501, 0, 0, 718, 455, 65, P2, 0x0000000000000000
2026/08/31 23:20:30.038, 126.60, 126.60, 1725, 9501, 0, 0, 718, 455, 65, P2, 0x0000000000000000
2026/08/31 23:20:30.539, 126.59, 126.59, 1725, 9501, 0, 0, 718, 455, 65, P2, 0x0000000000000000
2026/08/31 23:20:31.039, 126.48, 126.28, 1725, 9501, 0, 0, 718, 455, 65, P2, 0x0000000000000000
2026/08/31 23:20:31.539, 126.45, 126.60, 1725, 9501, 0, 0, 718, 455, 64, P2, 0x0000000000000000
2026/08/31 23:20:32.040, 126.42, 126.39, 1725, 9501, 0, 0, 718, 455, 64, P2, 0x0000000000000000
2026/08/31 23:20:32.540, 126.40, 126.30, 1725, 9501, 0, 0, 718, 455, 64, P2, 0x0000000000000000
2026/08/31 23:20:33.040, 126.33, 126.24, 1725, 9501, 0, 0, 718, 455, 64, P2, 0x0000000000000000
2026/08/31 23:20:33.541, 126.19, 125.98, 1725, 9501, 0, 0, 718, 455, 64, P2, 0x0000000000000000
2026/08/31 23:20:34.041, 126.11, 125.99, 1725, 9501, 0, 0, 718, 455, 64, P2, 0x0000000000000000
2026/08/31 23:20:34.541, 129.16, 155.15, 1950, 9501, 0, 0, 6762, 455, 65, P2, 0x0000000000000000
2026/08/31 23:20:35.042, 148.77, 151.64, 1950, 9501, 0, 0, 6770, 455, 66, P2, 0x0000000000000004
2026/08/31 23:20:35.542, 159.95, 151.57, 1950, 9501, 0, 0, 6770, 455, 65, P2, 0x0000000000000000
2026/08/31 23:20:36.042, 201.58, 350.66, 1680, 9501, 95, 87, 6774, 455, 71, P2, 0x0000000000000004
2026/08/31 23:20:36.543, 290.51, 345.11, 1650, 9501, 95, 87, 6774, 455, 72, P2, 0x0000000000000004
2026/08/31 23:20:37.043, 344.67, 347.96, 1635, 9501, 95, 86, 6774, 455, 73, P2, 0x0000000000000004
2026/08/31 23:20:37.543, 345.21, 349.90, 1650, 9501, 95, 86, 6774, 455, 73, P2, 0x0000000000000004
2026/08/31 23:20:38.043, 346.37, 346.04, 1635, 9501, 94, 86, 6774, 455, 73, P2, 0x0000000000000004
2026/08/31 23:20:38.543, 313.47, 167.74, 1935, 9751, 94, 86, 472, 455, 69, P0, 0x0000000000000004
2026/08/31 23:20:39.044, 229.15, 160.44, 1935, 9501, 78, 2, 5532, 455, 67, P2, 0x0000000000000000
2026/08/31 23:20:39.544, 187.86, 332.06, 1695, 9501, 78, 2, 6154, 455, 72, P2, 0x0000000000000004
2026/08/31 23:20:40.045, 273.05, 374.46, 1620, 9501, 98, 90, 5760, 455, 74, P2, 0x0000000000000004
2026/08/31 23:20:40.545, 344.20, 340.35, 1605, 9501, 98, 90, 5760, 455, 73, P2, 0x0000000000000004
2026/08/31 23:20:41.045, 346.25, 342.52, 1620, 9501, 97, 87, 5760, 455, 74, P2, 0x0000000000000004
2026/08/31 23:20:41.545, 345.08, 341.22, 1590, 9501, 97, 87, 5760, 455, 74, P2, 0x0000000000000004
2026/08/31 23:20:42.045, 344.17, 335.89, 1635, 9501, 97, 86, 5760, 455, 74, P2, 0x0000000000000004
2026/08/31 23:20:42.545, 344.89, 342.89, 1590, 9501, 97, 86, 5760, 455, 74, P2, 0x0000000000000004
2026/08/31 23:20:43.046, 344.74, 338.26, 1605, 9501, 98, 85, 454, 455, 72, P2, 0x0000000000000004
2026/08/31 23:20:43.546, 259.62, 159.27, 1935, 9501, 98, 85, 718, 455, 68, P2, 0x0000000000000000
2026/08/31 23:20:44.046, 174.17, 153.55, 1950, 9501, 0, 0, 718, 455, 68, P2, 0x0000000000000024
2026/08/31 23:20:44.546, 154.38, 153.51, 1950, 9501, 0, 0, 718, 455, 67, P2, 0x0000000000000000
2026/08/31 23:20:45.046, 153.47, 153.31, 1725, 9501, 0, 0, 718, 455, 67, P2, 0x0000000000000000
2026/08/31 23:20:45.547, 141.88, 127.31, 1725, 9501, 0, 0, 718, 455, 66, P2, 0x0000000000000000
2026/08/31 23:20:46.047, 129.96, 127.17, 1725, 9501, 0, 0, 718, 455, 65, P2, 0x0000000000000000
2026/08/31 23:20:46.547, 127.20, 127.23, 1725, 9501, 0, 0, 718, 455, 65, P2, 0x0000000000000000
2026/08/31 23:20:47.048, 127.12, 127.03, 1725, 9501, 0, 0, 718, 455, 65, P2, 0x0000000000000000
2026/08/31 23:20:47.548, 127.07, 127.02, 1725, 9501, 0, 0, 718, 455, 65, P2, 0x0000000000000000
2026/08/31 23:20:48.048, 126.98, 126.97, 1725, 9501, 0, 0, 718, 455, 65, P2, 0x0000000000000000
2026/08/31 23:20:48.548, 126.94, 126.90, 1725, 9501, 0, 0, 718, 455, 65, P2, 0x0000000000000000
2026/08/31 23:20:49.049, 126.89, 126.76, 1725, 9501, 0, 0, 718, 455, 65, P2, 0x0000000000000000
2026/08/31 23:20:49.549, 126.79, 126.64, 1725, 9501, 0, 0, 718, 455, 65, P2, 0x0000000000000000
2026/08/31 23:20:50.049, 126.67, 126.50, 1725, 9501, 0, 0, 718, 455, 64, P2, 0x0000000000000000
2026/08/31 23:20:50.550, 126.61, 126.63, 1725, 9501, 0, 0, 3732, 455, 64, P2, 0x0000000000000000
2026/08/31 23:20:51.050, 137.90, 181.44, 1950, 9501, 9, 6, 4970, 455, 66, P2, 0x0000000000000000
2026/08/31 23:20:51.550, 195.70, 348.43, 1725, 9501, 9, 6, 4974, 455, 72, P2, 0x0000000000000004
2026/08/31 23:20:52.050, 291.30, 346.70, 1710, 9501, 94, 61, 4974, 455, 73, P2, 0x0000000000000004
2026/08/31 23:20:52.550, 345.15, 344.84, 1695, 9501, 94, 61, 4974, 455, 74, P2, 0x0000000000000004
2026/08/31 23:20:53.051, 343.37, 345.57, 1725, 9501, 92, 60, 4974, 455, 74, P2, 0x0000000000000004
2026/08/31 23:20:53.551, 344.92, 340.81, 1695, 9501, 92, 60, 754, 455, 74, P2, 0x0000000000000004
2026/08/31 23:20:54.051, 272.95, 154.67, 1935, 9751, 0, 0, 454, 455, 68, P0, 0x0000000000000000
2026/08/31 23:20:54.551, 188.31, 162.07, 1950, 9501, 0, 0, 3732, 455, 67, P2, 0x0000000000000000
2026/08/31 23:20:55.052, 160.68, 188.87, 1950, 9501, 65, 7, 4354, 455, 70, P2, 0x0000000000000000
2026/08/31 23:20:55.552, 251.32, 350.31, 1695, 9501, 65, 7, 3960, 455, 75, P2, 0x0000000000000004
2026/08/31 23:20:56.052, 334.18, 335.60, 1635, 9501, 99, 64, 3960, 455, 74, P2, 0x0000000000000004
2026/08/31 23:20:56.552, 342.90, 340.44, 1665, 9501, 99, 64, 3960, 455, 74, P2, 0x0000000000000004
2026/08/31 23:20:57.052, 343.87, 339.45, 1650, 9501, 99, 64, 3960, 455, 75, P2, 0x0000000000000004
2026/08/31 23:20:57.553, 343.59, 342.95, 1680, 9501, 99, 64, 3960, 455, 75, P2, 0x0000000000000004
2026/08/31 23:20:58.053, 344.40, 340.64, 1650, 9501, 99, 65, 3960, 455, 75, P2, 0x0000000000000004
2026/08/31 23:20:58.553, 319.19, 166.84, 1935, 9751, 99, 65, 454, 455, 71, P0, 0x0000000000000004
2026/08/31 23:20:59.053, 231.91, 157.03, 1935, 9751, 0, 0, 454, 455, 68, P0, 0x0000000000000000
2026/08/31 23:20:59.554, 158.01, 156.48, 1950, 9751, 0, 0, 454, 455, 68, P0, 0x0000000000000024
2026/08/31 23:21:00.054, 156.36, 155.83, 1950, 9751, 0, 0, 454, 455, 68, P0, 0x0000000000000000
2026/08/31 23:21:00.554, 142.17, 88.65, 420, 5001, 0, 0, 454, 455, 65, P3, 0x0000000000000001
2026/08/31 23:21:01.055, 109.83, 84.74, 315, 5001, 0, 0, 454, 455, 64, P3, 0x0000000000000001
2026/08/31 23:21:01.555, 85.09, 83.81, 270, 5001, 0, 0, 454, 455, 64, P3, 0x0000000000000001
2026/08/31 23:21:02.056, 84.12, 83.58, 240, 5001, 0, 0, 454, 455, 63, P3, 0x0000000000000001
2026/08/31 23:21:02.556, 83.60, 83.50, 240, 5001, 0, 0, 454, 455, 63, P3, 0x0000000000000001
2026/08/31 23:21:03.056, 83.47, 83.49, 240, 5001, 0, 0, 454, 455, 63, P3, 0x0000000000000001
2026/08/31 23:21:03.557, 83.54, 83.62, 240, 5001, 0, 0, 454, 455, 63, P3, 0x0000000000000001
2026/08/31 23:21:04.057, 83.66, 83.72, 240, 5001, 0, 0, 454, 455, 63, P3, 0x0000000000000001
2026/08/31 23:21:04.557, 83.63, 83.54, 240, 5001, 0, 0, 454, 455, 63, P3, 0x0000000000000001
2026/08/31 23:21:05.058, 70.20, 45.55, 210, 810, 0, 0, 454, 455, 61, P5, 0x0000000000000001
2026/08/31 23:21:05.558, 52.89, 45.45, 210, 810, 0, 0, 454, 455, 61, P5, 0x0000000000000001
2026/08/31 23:21:06.058, 45.49, 45.45, 210, 810, 0, 0, 454, 455, 61, P5, 0x0000000000000001
2026/08/31 23:21:06.559, 45.14, 42.16, 210, 405, 0, 0, 454, 455, 60, P8, 0x0000000000000001
2026/08/31 23:21:07.059, 43.41, 41.58, 210, 405, 1, 0, 454, 455, 60, P8, 0x0000000000000001
2026/08/31 23:21:07.560, 41.58, 41.27, 210, 405, 1, 0, 454, 455, 60, P8, 0x0000000000000001
2026/08/31 23:21:08.060, 41.39, 41.24, 210, 405, 1, 0, 454, 455, 60, P8, 0x0000000000000001
2026/08/31 23:21:08.560, 41.25, 41.13, 210, 405, 1, 0, 454, 455, 60, P8, 0x0000000000000001
2026/08/31 23:21:09.060, 41.21, 41.25, 210, 405, 1, 0, 454, 455, 59, P8, 0x0000000000000001
2026/08/31 23:21:09.561, 41.20, 41.11, 210, 405, 1, 0, 454, 455, 59, P8, 0x0000000000000001
2026/08/31 23:21:10.061, 41.15, 41.11, 210, 405, 1, 0, 454, 455, 59, P8, 0x0000000000000001
2026/08/31 23:21:10.561, 41.03, 40.84, 210, 405, 1, 0, 454, 455, 59, P8, 0x0000000000000001
2026/08/31 23:21:11.062, 40.90, 40.60, 210, 405, 0, 0, 454, 455, 59, P8, 0x0000000000000001
2026/08/31 23:21:11.562, 40.71, 40.50, 210, 405, 0, 0, 454, 455, 59, P8, 0x0000000000000001
2026/08/31 23:21:12.062, 40.59, 40.63, 210, 405, 0, 0, 454, 455, 59, P8, 0x0000000000000001
2026/08/31 23:21:12.563, 40.55, 40.46, 210, 405, 0, 0, 454, 455, 58, P8, 0x0000000000000001
2026/08/31 23:21:13.063, 40.47, 40.32, 210, 405, 0, 0, 454, 455, 58, P8, 0x0000000000000001
2026/08/31 23:21:13.563, 40.35, 40.22, 210, 405, 0, 0, 454, 455, 58, P8, 0x0000000000000001
2026/08/31 23:21:14.064, 40.26, 40.21, 210, 405, 0, 0, 454, 455, 58, P8, 0x0000000000000001
2026/08/31 23:21:14.564, 40.17, 39.96, 210, 405, 0, 0, 454, 455, 58, P8, 0x0000000000000001
2026/08/31 23:21:15.064, 40.09, 40.08, 210, 405, 0, 0, 454, 455, 58, P8, 0x0000000000000001
2026/08/31 23:21:15.565, 40.08, 40.21, 210, 405, 0, 0, 454, 455, 58, P8, 0x0000000000000001
2026/08/31 23:21:16.065, 40.09, 40.00, 210, 405, 0, 0, 454, 455, 58, P8, 0x0000000000000001
2026/08/31 23:21:16.565, 40.05, 40.05, 210, 405, 0, 0, 454, 455, 57, P8, 0x0000000000000001
2026/08/31 23:21:17.066, 39.96, 39.87, 210, 405, 0, 0, 454, 455, 57, P8, 0x0000000000000001
2026/08/31 23:21:17.566, 39.91, 39.90, 210, 405, 0, 0, 454, 455, 57, P8, 0x0000000000000001
2026/08/31 23:21:18.067, 39.92, 39.99, 210, 405, 1, 0, 454, 455, 57, P8, 0x0000000000000001
2026/08/31 23:21:18.567, 39.85, 39.60, 210, 405, 1, 0, 454, 455, 57, P8, 0x0000000000000001
2026/08/31 23:21:19.067, 39.72, 39.63, 210, 405, 1, 0, 454, 455, 57, P8, 0x0000000000000001
2026/08/31 23:21:19.568, 39.63, 39.53, 210, 405, 1, 0, 454, 455, 57, P8, 0x0000000000000001
2026/08/31 23:21:20.068, 39.61, 39.62, 210, 405, 1, 0, 454, 455, 57, P8, 0x0000000000000001
2026/08/31 23:21:20.568, 39.55, 39.58, 210, 405, 1, 0, 454, 455, 57, P8, 0x0000000000000001
2026/08/31 23:21:21.069, 39.54, 39.53, 210, 405, 1, 0, 454, 455, 57, P8, 0x0000000000000001
2026/08/31 23:21:21.569, 39.54, 39.53, 210, 405, 1, 0, 454, 455, 57, P8, 0x0000000000000001
2026/08/31 23:21:22.069, 39.51, 39.37, 210, 405, 1, 0, 454, 455, 56, P8, 0x0000000000000001
2026/08/31 23:21:22.570, 39.38, 39.20, 210, 405, 1, 0, 454, 455, 56, P8, 0x0000000000000001
2026/08/31 23:21:23.070, 39.27, 39.20, 210, 405, 1, 0, 454, 455, 56, P8, 0x0000000000000001
2026/08/31 23:21:23.570, 39.26, 39.20, 210, 405, 1, 0, 454, 455, 56, P8, 0x0000000000000001
2026/08/31 23:21:24.071, 39.22, 39.24, 210, 405, 1, 0, 454, 455, 56, P8, 0x0000000000000001
2026/08/31 23:21:24.571, 39.13, 39.06, 210, 405, 1, 0, 454, 455, 56, P8, 0x0000000000000001
2026/08/31 23:21:25.071, 39.08, 39.09, 210, 405, 0, 0, 454, 455, 56, P8, 0x0000000000000001
2026/08/31 23:21:25.572, 39.05, 39.06, 210, 405, 0, 0, 454, 455, 56, P8, 0x0000000000000001
2026/08/31 23:21:26.072, 38.96, 38.70, 210, 405, 0, 0, 454, 455, 56, P8, 0x0000000000000001
2026/08/31 23:21:26.572, 38.90, 38.98, 210, 405, 0, 0, 454, 455, 56, P8, 0x0000000000000001
2026/08/31 23:21:27.073, 38.94, 39.00, 210, 405, 0, 0, 454, 455, 56, P8, 0x0000000000000001
2026/08/31 23:21:27.573, 38.98, 38.99, 210, 405, 0, 0, 454, 455, 55, P8, 0x0000000000000001
2026/08/31 23:21:28.074, 38.89, 38.68, 210, 405, 1, 0, 454, 455, 55, P8, 0x0000000000000001
2026/08/31 23:21:28.574, 38.84, 38.75, 210, 405, 1, 0, 454, 455, 55, P8, 0x0000000000000001
2026/08/31 23:21:29.074, 38.77, 38.80, 210, 405, 0, 0, 454, 455, 55, P8, 0x0000000000000001
2026/08/31 23:21:29.575, 38.76, 38.64, 210, 405, 0, 0, 454, 455, 55, P8, 0x0000000000000001
2026/08/31 23:21:30.075, 38.71, 38.61, 210, 405, 1, 0, 454, 455, 55, P8, 0x0000000000000001
2026/08/31 23:21:30.575, 38.61, 38.63, 210, 405, 1, 0, 454, 455, 55, P8, 0x0000000000000001
2026/08/31 23:21:31.076, 38.64, 38.74, 210, 405, 1, 0, 454, 455, 55, P8, 0x0000000000000001
2026/08/31 23:21:31.576, 38.65, 38.56, 210, 405, 1, 0, 454, 455, 55, P8, 0x0000000000000001
2026/08/31 23:21:32.077, 38.59, 38.55, 210, 405, 1, 0, 454, 455, 55, P8, 0x0000000000000001
2026/08/31 23:21:32.577, 38.52, 38.49, 210, 405, 1, 0, 454, 455, 55, P8, 0x0000000000000001
2026/08/31 23:21:33.077, 38.48, 38.51, 210, 405, 1, 0, 454, 455, 55, P8, 0x0000000000000001
2026/08/31 23:21:33.578, 38.50, 38.83, 210, 405, 1, 0, 454, 455, 55, P8, 0x0000000000000001
2026/08/31 23:21:34.078, 38.56, 38.54, 210, 405, 1, 0, 454, 455, 55, P8, 0x0000000000000001
2026/08/31 23:21:34.578, 38.51, 38.20, 210, 405, 1, 0, 454, 455, 54, P8, 0x0000000000000001
2026/08/31 23:21:35.079, 38.34, 38.30, 210, 405, 1, 0, 454, 455, 54, P8, 0x0000000000000001
2026/08/31 23:21:35.579, 38.28, 38.31, 210, 405, 1, 0, 454, 455, 54, P8, 0x0000000000000001
2026/08/31 23:21:36.079, 38.25, 38.27, 210, 405, 1, 0, 454, 455, 54, P8, 0x0000000000000001
2026/08/31 23:21:36.580, 38.21, 38.16, 210, 405, 1, 0, 454, 455, 54, P8, 0x0000000000000001
2026/08/31 23:21:37.080, 38.21, 38.23, 210, 405, 1, 0, 454, 455, 54, P8, 0x0000000000000001
2026/08/31 23:21:37.581, 38.18, 38.10, 210, 405, 1, 0, 454, 455, 54, P8, 0x0000000000000001
2026/08/31 23:21:38.081, 38.15, 38.15, 210, 405, 1, 0, 454, 455, 54, P8, 0x0000000000000001
2026/08/31 23:21:38.582, 38.09, 38.06, 210, 405, 1, 0, 454, 455, 54, P8, 0x0000000000000001
2026/08/31 23:21:39.083, 38.09, 38.22, 210, 405, 1, 0, 454, 455, 54, P8, 0x0000000000000001
2026/08/31 23:21:39.583, 38.09, 38.01, 210, 405, 1, 0, 454, 455, 54, P8, 0x0000000000000001
2026/08/31 23:21:40.084, 38.06, 37.91, 210, 405, 1, 0, 454, 455, 54, P8, 0x0000000000000001
2026/08/31 23:21:40.584, 37.89, 37.84, 210, 405, 1, 0, 454, 455, 54, P8, 0x0000000000000001
2026/08/31 23:21:41.084, 37.81, 37.79, 210, 405, 0, 0, 454, 455, 54, P8, 0x0000000000000001
2026/08/31 23:21:41.585, 37.83, 37.83, 210, 405, 0, 0, 454, 455, 54, P8, 0x0000000000000001
2026/08/31 23:21:42.085, 37.87, 37.96, 210, 405, 1, 0, 454, 455, 53, P8, 0x0000000000000001
2026/08/31 23:21:42.585, 37.91, 37.92, 210, 405, 1, 0, 454, 455, 53, P8, 0x0000000000000001
2026/08/31 23:21:43.086, 37.95, 38.04, 210, 405, 1, 0, 454, 455, 53, P8, 0x0000000000000001
2026/08/31 23:21:43.586, 37.93, 37.85, 210, 405, 1, 0, 454, 455, 53, P8, 0x0000000000000001
2026/08/31 23:21:44.087, 37.80, 37.71, 210, 405, 1, 0, 454, 455, 53, P8, 0x0000000000000001
2026/08/31 23:21:44.587, 37.66, 37.60, 210, 405, 1, 0, 454, 455, 53, P8, 0x0000000000000001
2026/08/31 23:21:45.087, 37.61, 37.60, 210, 405, 1, 0, 454, 455, 53, P8, 0x0000000000000001
2026/08/31 23:21:45.588, 37.59, 37.53, 210, 405, 1, 0, 454, 455, 53, P8, 0x0000000000000001
2026/08/31 23:21:46.088, 37.53, 37.36, 210, 405, 1, 0, 454, 455, 53, P8, 0x0000000000000001
2026/08/31 23:21:46.589, 37.51, 37.53, 210, 405, 1, 0, 454, 455, 53, P8, 0x0000000000000001
2026/08/31 23:21:47.089, 37.73, 37.96, 210, 405, 1, 0, 454, 455, 53, P8, 0x0000000000000001
2026/08/31 23:21:47.589, 37.87, 37.65, 210, 405, 1, 0, 454, 455, 53, P8, 0x0000000000000001
2026/08/31 23:21:48.089, 37.83, 37.81, 210, 405, 1, 0, 454, 455, 53, P8, 0x0000000000000001
2026/08/31 23:21:48.590, 37.80, 37.78, 210, 405, 1, 0, 454, 455, 53, P8, 0x0000000000000001
2026/08/31 23:21:49.092, 37.81, 37.77, 210, 405, 1, 0, 454, 455, 53, P8, 0x0000000000000001
2026/08/31 23:21:49.593, 37.77, 37.78, 210, 405, 1, 0, 454, 455, 53, P8, 0x0000000000000001
2026/08/31 23:21:50.093, 37.72, 37.72, 210, 405, 1, 0, 454, 455, 53, P8, 0x0000000000000001
2026/08/31 23:21:50.593, 37.70, 37.78, 210, 405, 1, 0, 454, 455, 53, P8, 0x0000000000000001
2026/08/31 23:21:51.093, 37.73, 37.78, 210, 405, 1, 0, 454, 455, 53, P8, 0x0000000000000001
2026/08/31 23:21:51.594, 37.75, 37.63, 210, 405, 1, 0, 454, 455, 53, P8, 0x0000000000000001
2026/08/31 23:21:52.094, 37.76, 37.74, 210, 405, 0, 0, 454, 455, 52, P8, 0x0000000000000001
2026/08/31 23:21:52.594, 37.75, 37.85, 210, 405, 0, 0, 454, 455, 52, P8, 0x0000000000000001
2026/08/31 23:21:53.095, 37.69, 37.48, 210, 405, 0, 0, 454, 455, 52, P8, 0x0000000000000001
2026/08/31 23:21:53.595, 37.60, 37.47, 210, 405, 0, 0, 454, 455, 52, P8, 0x0000000000000001
2026/08/31 23:21:54.096, 37.50, 37.54, 210, 405, 0, 0, 454, 455, 52, P8, 0x0000000000000001
2026/08/31 23:21:54.596, 37.47, 37.46, 210, 405, 0, 0, 454, 455, 52, P8, 0x0000000000000001
2026/08/31 23:21:55.096, 37.47, 37.41, 210, 405, 1, 0, 454, 455, 52, P8, 0x0000000000000001
2026/08/31 23:21:55.597, 37.47, 37.50, 210, 405, 1, 0, 454, 455, 52, P8, 0x0000000000000001
2026/08/31 23:21:56.097, 37.42, 37.38, 210, 405, 0, 0, 454, 455, 52, P8, 0x0000000000000001
2026/08/31 23:21:56.597, 37.36, 37.21, 210, 405, 0, 0, 454, 455, 52, P8, 0x0000000000000001
2026/08/31 23:21:57.098, 37.27, 37.18, 210, 405, 0, 0, 454, 455, 52, P8, 0x0000000000000001
2026/08/31 23:21:57.598, 37.22, 37.12, 210, 405, 0, 0, 454, 455, 52, P8, 0x0000000000000001
2026/08/31 23:21:58.099, 37.18, 37.07, 210, 405, 1, 0, 454, 455, 52, P8, 0x0000000000000001
2026/08/31 23:21:58.599, 37.09, 37.12, 210, 405, 1, 0, 454, 455, 52, P8, 0x0000000000000001
2026/08/31 23:21:59.099, 37.06, 37.09, 210, 405, 1, 0, 454, 455, 52, P8, 0x0000000000000001
2026/08/31 23:21:59.600, 37.10, 37.16, 210, 405, 1, 0, 454, 455, 52, P8, 0x0000000000000001
2026/08/31 23:22:00.100, 37.05, 36.91, 210, 405, 1, 0, 454, 455, 52, P8, 0x0000000000000001
2026/08/31 23:22:00.600, 36.97, 36.91, 210, 405, 1, 0, 454, 455, 52, P8, 0x0000000000000001
2026/08/31 23:22:01.101, 36.90, 36.89, 210, 405, 1, 0, 454, 455, 52, P8, 0x0000000000000001
2026/08/31 23:22:01.601, 36.83, 36.66, 210, 405, 1, 0, 454, 455, 52, P8, 0x0000000000000001
2026/08/31 23:22:02.101, 36.79, 36.79, 210, 405, 1, 0, 454, 455, 52, P8, 0x0000000000000001
2026/08/31 23:22:02.602, 36.71, 36.59, 210, 405, 1, 0, 454, 455, 52, P8, 0x0000000000000001
2026/08/31 23:22:03.102, 36.65, 36.59, 210, 405, 1, 0, 454, 455, 52, P8, 0x0000000000000001
2026/08/31 23:22:03.602, 36.64, 36.63, 210, 405, 1, 0, 454, 455, 52, P8, 0x0000000000000001
2026/08/31 23:22:04.103, 36.67, 36.68, 210, 405, 1, 0, 454, 455, 52, P8, 0x0000000000000001
2026/08/31 23:22:04.603, 36.67, 36.56, 210, 405, 1, 0, 454, 455, 52, P8, 0x0000000000000001
2026/08/31 23:22:05.104, 36.68, 36.75, 210, 405, 1, 0, 454, 455, 52, P8, 0x0000000000000001
2026/08/31 23:22:05.604, 36.64, 36.71, 210, 405, 1, 0, 454, 455, 52, P8, 0x0000000000000001
2026/08/31 23:22:06.104, 36.66, 36.71, 210, 405, 1, 0, 454, 455, 52, P8, 0x0000000000000001
2026/08/31 23:22:06.605, 36.62, 36.49, 210, 405, 1, 0, 454, 455, 52, P8, 0x0000000000000001
2026/08/31 23:22:07.105, 36.56, 36.45, 210, 405, 0, 0, 454, 455, 52, P8, 0x0000000000000001
2026/08/31 23:22:07.605, 36.54, 36.63, 210, 405, 0, 0, 454, 455, 52, P8, 0x0000000000000001
2026/08/31 23:22:08.106, 36.59, 36.71, 210, 405, 0, 0, 454, 455, 52, P8, 0x0000000000000001
2026/08/31 23:22:08.606, 36.71, 36.70, 210, 405, 0, 0, 454, 455, 52, P8, 0x0000000000000001
2026/08/31 23:22:09.107, 36.75, 36.71, 210, 405, 0, 0, 454, 455, 52, P8, 0x0000000000000001
2026/08/31 23:22:09.607, 36.73, 36.71, 210, 405, 0, 0, 454, 455, 52, P8, 0x0000000000000001
2026/08/31 23:22:10.107, 36.72, 36.84, 210, 405, 1, 0, 454, 455, 52, P8, 0x0000000000000001
2026/08/31 23:22:10.607, 36.79, 37.02, 210, 405, 1, 0, 454, 455, 52, P8, 0x0000000000000001
2026/08/31 23:22:11.108, 36.91, 37.03, 210, 405, 1, 0, 454, 455, 52, P8, 0x0000000000000001
2026/08/31 23:22:11.608, 36.95, 36.77, 210, 405, 1, 0, 454, 455, 52, P8, 0x0000000000000001
2026/08/31 23:22:12.109, 36.89, 36.81, 210, 405, 1, 0, 454, 455, 52, P8, 0x0000000000000001
2026/08/31 23:22:12.609, 36.80, 36.80, 210, 405, 1, 0, 454, 455, 52, P8, 0x0000000000000001
2026/08/31 23:22:13.109, 36.83, 36.97, 210, 405, 1, 0, 454, 455, 53, P8, 0x0000000000000001
2026/08/31 23:22:13.609, 36.85, 36.74, 210, 405, 1, 0, 454, 455, 52, P8, 0x0000000000000001
2026/08/31 23:22:14.110, 38.16, 43.51, 795, 810, 0, 0, 454, 455, 53, P5, 0x0000000000000001
2026/08/31 23:22:14.610, 41.65, 43.56, 795, 810, 0, 0, 454, 455, 53, P5, 0x0000000000000001
2026/08/31 23:22:15.111, 43.59, 43.56, 795, 810, 0, 0, 454, 455, 53, P5, 0x0000000000000001
2026/08/31 23:22:15.611, 43.58, 43.56, 795, 810, 0, 0, 454, 455, 53, P5, 0x0000000000000001
2026/08/31 23:22:16.111, 41.26, 37.02, 210, 405, 1, 0, 454, 455, 53, P8, 0x0000000000000001
2026/08/31 23:22:16.612, 38.26, 36.90, 210, 405, 1, 0, 454, 455, 53, P8, 0x0000000000000001
2026/08/31 23:22:17.112, 36.92, 37.01, 210, 405, 1, 0, 454, 455, 53, P8, 0x0000000000000001
2026/08/31 23:22:17.613, 36.97, 37.15, 210, 405, 1, 0, 454, 455, 53, P8, 0x0000000000000001
2026/08/31 23:22:18.113, 37.06, 37.06, 210, 405, 1, 0, 454, 455, 53, P8, 0x0000000000000001
2026/08/31 23:22:18.613, 37.08, 37.27, 210, 405, 1, 0, 454, 455, 53, P8, 0x0000000000000001
2026/08/31 23:22:19.114, 37.13, 37.24, 210, 405, 1, 0, 454, 455, 53, P8, 0x0000000000000001
2026/08/31 23:22:19.614, 37.15, 37.08, 210, 405, 1, 0, 454, 455, 53, P8, 0x0000000000000001
2026/08/31 23:22:20.114, 37.14, 37.06, 210, 405, 1, 0, 454, 455, 53, P8, 0x0000000000000001
2026/08/31 23:22:20.615, 37.16, 37.16, 210, 405, 1, 0, 454, 455, 53, P8, 0x0000000000000001
2026/08/31 23:22:21.115, 37.25, 38.04, 210, 405, 1, 1, 454, 455, 53, P8, 0x0000000000000001
2026/08/31 23:22:21.615, 39.72, 43.75, 795, 810, 1, 1, 454, 455, 53, P5, 0x0000000000000001
2026/08/31 23:22:22.116, 42.69, 43.64, 795, 810, 0, 0, 454, 455, 53, P5, 0x0000000000000001
2026/08/31 23:22:22.616, 43.68, 43.60, 795, 810, 0, 0, 454, 455, 53, P5, 0x0000000000000001
2026/08/31 23:22:23.116, 43.10, 37.85, 210, 405, 1, 0, 454, 455, 53, P8, 0x0000000000000001
2026/08/31 23:22:23.617, 40.06, 36.93, 210, 405, 1, 0, 454, 455, 53, P8, 0x0000000000000001
2026/08/31 23:22:24.117, 37.09, 37.21, 210, 405, 1, 0, 454, 455, 53, P8, 0x0000000000000001
2026/08/31 23:22:24.618, 37.08, 37.10, 210, 405, 1, 0, 454, 455, 53, P8, 0x0000000000000001
2026/08/31 23:22:25.118, 37.12, 37.17, 210, 405, 1, 0, 454, 455, 53, P8, 0x0000000000000001
2026/08/31 23:22:25.618, 37.15, 37.70, 210, 405, 1, 0, 454, 455, 53, P8, 0x0000000000000001
2026/08/31 23:22:26.118, 37.28, 37.17, 210, 405, 1, 0, 454, 455, 53, P8, 0x0000000000000001
2026/08/31 23:22:26.619, 37.32, 37.14, 210, 405, 1, 0, 454, 455, 53, P8, 0x0000000000000001
2026/08/31 23:22:27.119, 37.17, 37.20, 210, 405, 1, 0, 454, 455, 53, P8, 0x0000000000000001
2026/08/31 23:22:27.619, 37.17, 37.19, 210, 405, 1, 0, 454, 455, 53, P8, 0x0000000000000001
2026/08/31 23:22:28.120, 37.20, 37.10, 210, 405, 1, 0, 454, 455, 53, P8, 0x0000000000000001
2026/08/31 23:22:28.620, 37.16, 37.04, 210, 405, 1, 0, 454, 455, 53, P8, 0x0000000000000001
2026/08/31 23:22:29.120, 37.15, 37.14, 210, 405, 1, 0, 454, 455, 53, P8, 0x0000000000000001
2026/08/31 23:22:29.621, 37.14, 37.19, 210, 405, 1, 0, 454, 455, 53, P8, 0x0000000000000001
2026/08/31 23:22:30.121, 37.17, 37.23, 210, 405, 1, 0, 454, 455, 53, P8, 0x0000000000000001
2026/08/31 23:22:30.622, 37.23, 37.22, 210, 405, 1, 0, 454, 455, 53, P8, 0x0000000000000001
2026/08/31 23:22:31.122, 37.24, 37.13, 210, 405, 1, 0, 454, 455, 53, P8, 0x0000000000000001
2026/08/31 23:22:31.622, 37.18, 37.08, 210, 405, 1, 0, 454, 455, 53, P8, 0x0000000000000001
2026/08/31 23:22:32.122, 37.19, 37.28, 210, 405, 1, 0, 454, 455, 53, P8, 0x0000000000000001
2026/08/31 23:22:32.623, 37.24, 37.30, 210, 405, 1, 0, 454, 455, 53, P8, 0x0000000000000001
2026/08/31 23:22:33.123, 37.24, 37.23, 210, 405, 1, 0, 454, 455, 53, P8, 0x0000000000000001
2026/08/31 23:22:33.623, 37.27, 37.35, 210, 405, 1, 0, 454, 455, 53, P8, 0x0000000000000001
2026/08/31 23:22:34.124, 37.31, 37.25, 210, 405, 1, 0, 454, 455, 53, P8, 0x0000000000000001
2026/08/31 23:22:34.624, 37.31, 37.34, 210, 405, 1, 0, 454, 455, 53, P8, 0x0000000000000001
2026/08/31 23:22:35.125, 37.34, 37.46, 210, 405, 1, 0, 454, 455, 53, P8, 0x0000000000000001
2026/08/31 23:22:35.625, 37.39, 37.48, 210, 405, 1, 0, 454, 455, 53, P8, 0x0000000000000001
2026/08/31 23:22:36.125, 37.41, 37.34, 210, 405, 0, 0, 454, 455, 53, P8, 0x0000000000000001
2026/08/31 23:22:36.626, 37.39, 37.37, 210, 405, 0, 0, 454, 455, 54, P8, 0x0000000000000001
2026/08/31 23:22:37.126, 37.39, 37.37, 210, 405, 1, 0, 454, 455, 54, P8, 0x0000000000000001
2026/08/31 23:22:37.626, 37.56, 37.49, 210, 405, 1, 0, 718, 455, 53, P8, 0x0000000000000001
2026/08/31 23:22:38.126, 71.84, 119.78, 1725, 9501, 0, 0, 718, 455, 57, P2, 0x0000000000000000
2026/08/31 23:22:38.627, 109.19, 119.50, 1725, 9501, 0, 0, 718, 455, 57, P2, 0x0000000000000000
2026/08/31 23:22:39.127, 120.07, 123.69, 1725, 9501, 98, 2, 9010, 455, 58, P2, 0x0000000000000000
2026/08/31 23:22:39.627, 131.74, 152.20, 1965, 9501, 98, 2, 9956, 455, 59, P2, 0x0000000000000000
2026/08/31 23:22:40.127, 148.66, 148.17, 1965, 9501, 0, 0, 9956, 455, 60, P2, 0x0000000000000000
2026/08/31 23:22:40.628, 151.89, 146.84, 1965, 9501, 0, 0, 9956, 455, 60, P2, 0x0000000000000000
2026/08/31 23:22:41.128, 147.05, 147.02, 1965, 9501, 0, 0, 9956, 455, 60, P2, 0x0000000000000000
2026/08/31 23:22:41.628, 147.09, 147.37, 1725, 9501, 0, 0, 9956, 455, 60, P2, 0x0000000000000000
2026/08/31 23:22:42.129, 135.25, 120.23, 1725, 9501, 0, 0, 9956, 455, 59, P2, 0x0000000000000000
2026/08/31 23:22:42.629, 122.96, 120.22, 1725, 9501, 0, 0, 9956, 455, 59, P2, 0x0000000000000000
2026/08/31 23:22:43.129, 120.21, 120.24, 1725, 9501, 0, 0, 9956, 455, 59, P2, 0x0000000000000000
2026/08/31 23:22:43.630, 120.21, 120.13, 1725, 9501, 0, 0, 9956, 455, 59, P2, 0x0000000000000000
2026/08/31 23:22:44.130, 120.17, 120.25, 1725, 9501, 0, 0, 11234, 455, 59, P2, 0x0000000000000000
2026/08/31 23:22:44.630, 128.99, 147.94, 1965, 9501, 0, 0, 11380, 455, 60, P2, 0x0000000000000004
2026/08/31 23:22:45.130, 141.53, 147.65, 1965, 9501, 0, 0, 11380, 455, 61, P2, 0x0000000000000000
2026/08/31 23:22:45.631, 184.95, 337.29, 1830, 9501, 0, 0, 11384, 455, 66, P2, 0x0000000000000004
2026/08/31 23:22:46.131, 273.26, 347.68, 1830, 9501, 93, 87, 11384, 455, 69, P2, 0x0000000000000004
2026/08/31 23:22:46.631, 342.21, 327.40, 1830, 9501, 93, 87, 11384, 455, 70, P2, 0x0000000000000004
2026/08/31 23:22:47.131, 346.81, 358.91, 1740, 9501, 92, 86, 756, 455, 70, P2, 0x0000000000000004
2026/08/31 23:22:47.631, 269.94, 151.22, 1950, 9751, 92, 86, 454, 455, 63, P0, 0x0000000000000024
2026/08/31 23:22:48.132, 182.15, 150.44, 1950, 9751, 0, 0, 454, 455, 63, P0, 0x0000000000000000
2026/08/31 23:22:48.632, 150.58, 150.44, 1950, 9751, 0, 0, 454, 455, 63, P0, 0x0000000000000000
2026/08/31 23:22:49.133, 150.37, 150.22, 1950, 9751, 0, 0, 454, 455, 62, P0, 0x0000000000000000
2026/08/31 23:22:49.633, 136.40, 109.90, 360, 810, 0, 0, 454, 455, 61, P5, 0x0000000000000001
2026/08/31 23:22:50.133, 89.68, 45.64, 300, 810, 0, 0, 454, 455, 58, P5, 0x0000000000000001
2026/08/31 23:22:50.634, 51.96, 44.16, 225, 810, 0, 0, 454, 455, 57, P5, 0x0000000000000001
2026/08/31 23:22:51.134, 43.36, 39.56, 210, 405, 1, 0, 454, 455, 57, P8, 0x0000000000000001
2026/08/31 23:22:51.634, 40.71, 39.28, 210, 405, 1, 0, 454, 455, 57, P8, 0x0000000000000001
2026/08/31 23:22:52.135, 39.24, 39.19, 210, 405, 1, 0, 454, 455, 57, P8, 0x0000000000000001
2026/08/31 23:22:52.635, 39.19, 39.11, 210, 405, 1, 0, 454, 455, 57, P8, 0x0000000000000001
2026/08/31 23:22:53.135, 39.21, 39.17, 210, 405, 1, 0, 454, 455, 56, P8, 0x0000000000000001
2026/08/31 23:22:53.636, 39.19, 39.09, 210, 405, 1, 0, 454, 455, 56, P8, 0x0000000000000001
2026/08/31 23:22:54.136, 39.06, 38.94, 210, 405, 1, 0, 454, 455, 56, P8, 0x0000000000000001
2026/08/31 23:22:54.637, 38.92, 38.80, 210, 405, 1, 0, 454, 455, 56, P8, 0x0000000000000001
2026/08/31 23:22:55.137, 38.88, 38.91, 210, 405, 1, 0, 454, 455, 56, P8, 0x0000000000000001
2026/08/31 23:22:55.637, 38.88, 38.88, 210, 405, 1, 0, 454, 455, 56, P8, 0x0000000000000001
2026/08/31 23:22:56.137, 38.88, 38.73, 210, 405, 1, 0, 454, 455, 56, P8, 0x0000000000000001
2026/08/31 23:22:56.638, 38.82, 38.73, 210, 405, 1, 0, 454, 455, 56, P8, 0x0000000000000001
2026/08/31 23:22:57.138, 38.76, 38.81, 210, 405, 1, 0, 454, 455, 56, P8, 0x0000000000000001
2026/08/31 23:22:57.638, 38.76, 38.78, 210, 405, 1, 0, 454, 455, 55, P8, 0x0000000000000001
2026/08/31 23:22:58.139, 38.79, 38.73, 210, 405, 1, 0, 454, 455, 55, P8, 0x0000000000000001
2026/08/31 23:22:58.639, 38.73, 38.61, 210, 405, 1, 0, 454, 455, 55, P8, 0x0000000000000001
2026/08/31 23:22:59.139, 38.63, 38.63, 210, 405, 1, 0, 454, 455, 55, P8, 0x0000000000000001
2026/08/31 23:22:59.640, 38.56, 38.38, 210, 405, 1, 0, 454, 455, 55, P8, 0x0000000000000001
2026/08/31 23:23:00.140, 38.51, 38.52, 210, 405, 1, 0, 454, 455, 55, P8, 0x0000000000000001
2026/08/31 23:23:00.640, 38.53, 38.51, 210, 405, 1, 0, 454, 455, 55, P8, 0x0000000000000001
2026/08/31 23:23:01.141, 38.47, 38.26, 210, 405, 0, 0, 454, 455, 55, P8, 0x0000000000000001
2026/08/31 23:23:01.641, 38.38, 38.42, 210, 405, 0, 0, 454, 455, 55, P8, 0x0000000000000001
2026/08/31 23:23:02.141, 38.32, 38.17, 210, 405, 0, 0, 454, 455, 55, P8, 0x0000000000000001
2026/08/31 23:23:02.641, 38.24, 38.24, 210, 405, 0, 0, 454, 455, 55, P8, 0x0000000000000001
2026/08/31 23:23:03.142, 38.22, 38.30, 210, 405, 0, 0, 454, 455, 55, P8, 0x0000000000000001
2026/08/31 23:23:03.642, 38.26, 38.13, 210, 405, 0, 0, 454, 455, 54, P8, 0x0000000000000001
2026/08/31 23:23:04.142, 38.18, 38.20, 210, 405, 0, 0, 454, 455, 54, P8, 0x0000000000000001
2026/08/31 23:23:04.643, 38.10, 38.10, 210, 405, 0, 0, 454, 455, 54, P8, 0x0000000000000001
2026/08/31 23:23:05.143, 38.14, 38.32, 210, 405, 1, 0, 454, 455, 54, P8, 0x0000000000000001
2026/08/31 23:23:05.643, 38.08, 37.77, 210, 405, 1, 0, 454, 455, 54, P8, 0x0000000000000001
2026/08/31 23:23:06.144, 38.08, 38.11, 210, 405, 1, 0, 454, 455, 54, P8, 0x0000000000000001
2026/08/31 23:23:06.644, 38.00, 37.96, 210, 405, 1, 0, 454, 455, 54, P8, 0x0000000000000001
2026/08/31 23:23:07.144, 37.92, 37.89, 210, 405, 1, 0, 454, 455, 54, P8, 0x0000000000000001
2026/08/31 23:23:07.645, 37.89, 37.92, 210, 405, 1, 0, 454, 455, 54, P8, 0x0000000000000001
2026/08/31 23:23:08.145, 37.97, 38.05, 210, 405, 1, 0, 454, 455, 54, P8, 0x0000000000000001
2026/08/31 23:23:08.645, 37.95, 37.90, 210, 405, 1, 0, 454, 455, 54, P8, 0x0000000000000001
2026/08/31 23:23:09.146, 37.94, 37.99, 210, 405, 1, 0, 454, 455, 54, P8, 0x0000000000000001
2026/08/31 23:23:09.646, 37.90, 37.81, 210, 405, 1, 0, 454, 455, 54, P8, 0x0000000000000001
2026/08/31 23:23:10.146, 37.92, 38.31, 210, 405, 1, 0, 454, 455, 54, P8, 0x0000000000000001
2026/08/31 23:23:10.647, 38.05, 38.21, 210, 405, 1, 0, 454, 455, 53, P8, 0x0000000000000001
2026/08/31 23:23:11.147, 38.18, 38.12, 210, 405, 1, 0, 454, 455, 53, P8, 0x0000000000000001
2026/08/31 23:23:11.647, 38.11, 38.10, 210, 405, 1, 0, 454, 455, 53, P8, 0x0000000000000001
2026/08/31 23:23:12.148, 38.01, 38.04, 210, 405, 1, 0, 454, 455, 53, P8, 0x0000000000000001
2026/08/31 23:23:12.648, 37.95, 37.81, 210, 405, 1, 0, 454, 455, 53, P8, 0x0000000000000001
2026/08/31 23:23:13.148, 37.90, 37.91, 210, 405, 1, 0, 454, 455, 53, P8, 0x0000000000000001
2026/08/31 23:23:13.649, 37.89, 37.88, 210, 405, 1, 0, 454, 455, 53, P8, 0x0000000000000001
2026/08/31 23:23:14.149, 37.84, 37.84, 210, 405, 0, 0, 454, 455, 53, P8, 0x0000000000000001
2026/08/31 23:23:14.649, 37.94, 38.59, 720, 810, 0, 0, 718, 455, 53, P5, 0x0000000000000001
2026/08/31 23:23:15.149, 71.04, 119.58, 1725, 9501, 0, 0, 718, 455, 56, P2, 0x0000000000000000
2026/08/31 23:23:15.650, 108.05, 119.35, 1725, 9501, 0, 0, 718, 455, 57, P2, 0x0000000000000000
2026/08/31 23:23:16.150, 119.40, 119.29, 1725, 9501, 0, 0, 718, 455, 57, P2, 0x0000000000000000
2026/08/31 23:23:16.650, 119.37, 119.37, 1725, 9501, 0, 0, 718, 455, 57, P2, 0x0000000000000000
2026/08/31 23:23:17.151, 119.36, 119.37, 1725, 9501, 0, 0, 718, 455, 57, P2, 0x0000000000000000
2026/08/31 23:23:17.651, 119.43, 119.56, 1725, 9501, 0, 0, 8764, 455, 57, P2, 0x0000000000000000
2026/08/31 23:23:18.151, 123.09, 147.92, 1980, 9501, 95, 2, 8764, 455, 58, P2, 0x0000000000000000
2026/08/31 23:23:18.651, 144.06, 227.81, 1965, 9501, 95, 2, 10002, 455, 60, P2, 0x0000000000000004
2026/08/31 23:23:19.152, 154.30, 143.63, 1965, 9501, 0, 0, 10002, 455, 59, P2, 0x0000000000000000
2026/08/31 23:23:19.652, 151.73, 143.92, 1965, 9501, 0, 0, 10002, 455, 59, P2, 0x0000000000000000
2026/08/31 23:23:20.152, 143.87, 143.83, 1965, 9501, 0, 0, 10002, 455, 59, P2, 0x0000000000000000
2026/08/31 23:23:20.653, 135.44, 119.85, 1725, 9501, 0, 0, 10002, 455, 58, P2, 0x0000000000000000
2026/08/31 23:23:21.153, 124.50, 119.62, 1725, 9501, 0, 0, 10002, 455, 58, P2, 0x0000000000000000
2026/08/31 23:23:21.654, 119.82, 120.10, 1725, 9501, 0, 0, 10002, 455, 58, P2, 0x0000000000000000
2026/08/31 23:23:22.154, 119.85, 120.08, 1725, 9501, 0, 0, 10002, 455, 58, P2, 0x0000000000000000
2026/08/31 23:23:22.654, 119.86, 119.95, 1725, 9501, 0, 0, 10002, 455, 58, P2, 0x0000000000000000
2026/08/31 23:23:23.155, 119.76, 120.00, 1725, 9501, 0, 0, 10002, 455, 58, P2, 0x0000000000000000
2026/08/31 23:23:23.655, 119.73, 119.80, 1725, 9501, 0, 0, 10002, 455, 58, P2, 0x0000000000000000
2026/08/31 23:23:24.155, 119.80, 119.74, 1725, 9501, 0, 0, 10002, 455, 58, P2, 0x0000000000000000
2026/08/31 23:23:24.656, 119.88, 119.91, 1725, 9501, 0, 0, 10002, 455, 58, P2, 0x0000000000000000
2026/08/31 23:23:25.156, 119.88, 119.78, 1725, 9501, 0, 0, 10002, 455, 58, P2, 0x0000000000000000
2026/08/31 23:23:25.656, 119.90, 119.94, 1725, 9501, 0, 0, 10002, 455, 58, P2, 0x0000000000000000
2026/08/31 23:23:26.157, 119.91, 119.86, 1725, 9501, 0, 0, 10002, 455, 58, P2, 0x0000000000000000
2026/08/31 23:23:26.657, 119.87, 119.76, 1725, 9501, 0, 0, 10002, 455, 58, P2, 0x0000000000000000
2026/08/31 23:23:27.157, 119.84, 119.82, 1725, 9501, 0, 0, 10002, 455, 58, P2, 0x0000000000000000
2026/08/31 23:23:27.658, 119.87, 119.92, 1725, 9501, 0, 0, 10002, 455, 58, P2, 0x0000000000000000
2026/08/31 23:23:28.158, 119.91, 119.91, 1725, 9501, 0, 0, 10002, 455, 58, P2, 0x0000000000000000
2026/08/31 23:23:28.658, 119.95, 119.97, 1725, 9501, 0, 0, 10002, 455, 58, P2, 0x0000000000000000
2026/08/31 23:23:29.159, 119.97, 119.99, 1725, 9501, 0, 0, 10002, 455, 58, P2, 0x0000000000000000
2026/08/31 23:23:29.659, 119.99, 119.95, 1725, 9501, 0, 0, 10002, 455, 58, P2, 0x0000000000000000
2026/08/31 23:23:30.159, 120.02, 120.10, 1725, 9501, 0, 0, 10002, 455, 58, P2, 0x0000000000000000
2026/08/31 23:23:30.660, 120.05, 120.04, 1725, 9501, 0, 0, 10002, 455, 58, P2, 0x0000000000000000
2026/08/31 23:23:31.160, 120.05, 119.96, 1725, 9501, 0, 0, 10002, 455, 58, P2, 0x0000000000000000
2026/08/31 23:23:31.661, 120.00, 119.97, 1725, 9501, 0, 0, 10002, 455, 58, P2, 0x0000000000000000
2026/08/31 23:23:32.161, 120.00, 119.99, 1725, 9501, 0, 0, 10002, 455, 58, P2, 0x0000000000000000
2026/08/31 23:23:32.661, 120.07, 120.09, 1725, 9501, 0, 0, 10002, 455, 58, P2, 0x0000000000000000
2026/08/31 23:23:33.162, 120.11, 120.14, 1725, 9501, 0, 0, 10002, 455, 58, P2, 0x0000000000000000
2026/08/31 23:23:33.662, 120.13, 120.11, 1725, 9501, 0, 0, 10002, 455, 58, P2, 0x0000000000000000
2026/08/31 23:23:34.162, 120.11, 120.01, 1725, 9501, 0, 0, 10002, 455, 58, P2, 0x0000000000000000
2026/08/31 23:23:34.663, 120.09, 120.14, 1725, 9501, 0, 0, 10002, 455, 58, P2, 0x0000000000000000
2026/08/31 23:23:35.163, 120.10, 120.10, 1725, 9501, 0, 0, 10002, 455, 58, P2, 0x0000000000000000
2026/08/31 23:23:35.664, 95.12, 45.16, 300, 810, 0, 0, 10002, 455, 55, P5, 0x0000000000000001
2026/08/31 23:23:36.164, 60.67, 43.66, 255, 810, 0, 0, 10002, 455, 55, P5, 0x0000000000000001
2026/08/31 23:23:36.664, 43.15, 38.31, 210, 405, 0, 0, 10002, 455, 54, P8, 0x0000000000000001
2026/08/31 23:23:37.165, 40.27, 38.18, 210, 405, 1, 0, 10002, 455, 54, P8, 0x0000000000000001
2026/08/31 23:23:37.665, 38.22, 38.04, 210, 405, 1, 0, 10002, 455, 54, P8, 0x0000000000000001
2026/08/31 23:23:38.165, 38.05, 37.83, 210, 405, 1, 0, 10002, 455, 54, P8, 0x0000000000000001
2026/08/31 23:23:38.666, 37.91, 37.77, 210, 405, 1, 0, 10002, 455, 54, P8, 0x0000000000000001
2026/08/31 23:23:39.166, 37.84, 37.72, 210, 405, 1, 0, 10002, 455, 54, P8, 0x0000000000000001
2026/08/31 23:23:39.666, 37.80, 37.75, 210, 405, 1, 0, 10002, 455, 54, P8, 0x0000000000000001
2026/08/31 23:23:40.167, 37.74, 37.73, 210, 405, 1, 0, 10002, 455, 54, P8, 0x0000000000000001
2026/08/31 23:23:40.667, 37.70, 37.70, 210, 405, 1, 0, 10002, 455, 54, P8, 0x0000000000000001
2026/08/31 23:23:41.168, 37.79, 37.93, 210, 405, 1, 0, 10002, 455, 54, P8, 0x0000000000000001
2026/08/31 23:23:41.668, 37.90, 37.97, 210, 405, 1, 0, 10002, 455, 54, P8, 0x0000000000000001
2026/08/31 23:23:42.168, 37.90, 37.85, 210, 405, 0, 0, 10002, 455, 53, P8, 0x0000000000000001
2026/08/31 23:23:42.669, 37.87, 37.88, 210, 405, 0, 0, 10002, 455, 53, P8, 0x0000000000000001
2026/08/31 23:23:43.169, 37.89, 37.99, 210, 405, 1, 0, 10002, 455, 53, P8, 0x0000000000000001
2026/08/31 23:23:43.669, 37.91, 37.77, 210, 405, 1, 0, 10002, 455, 53, P8, 0x0000000000000001
2026/08/31 23:23:44.170, 37.87, 37.82, 210, 405, 1, 0, 10002, 455, 53, P8, 0x0000000000000001
2026/08/31 23:23:44.670, 37.85, 37.87, 210, 405, 1, 0, 10002, 455, 53, P8, 0x0000000000000001
2026/08/31 23:23:45.171, 37.90, 37.84, 210, 405, 0, 0, 10002, 455, 53, P8, 0x0000000000000001
2026/08/31 23:23:45.671, 37.85, 37.71, 210, 405, 0, 0, 10002, 455, 53, P8, 0x0000000000000001
2026/08/31 23:23:46.171, 37.76, 37.72, 210, 405, 0, 0, 10002, 455, 53, P8, 0x0000000000000001
2026/08/31 23:23:46.672, 37.75, 37.59, 210, 405, 0, 0, 10002, 455, 53, P8, 0x0000000000000001
2026/08/31 23:23:47.172, 37.68, 37.47, 210, 405, 1, 0, 10002, 455, 53, P8, 0x0000000000000001
2026/08/31 23:23:47.672, 37.54, 37.53, 210, 405, 1, 0, 10002, 455, 53, P8, 0x0000000000000001
2026/08/31 23:23:48.173, 37.46, 37.44, 210, 405, 1, 0, 10002, 455, 53, P8, 0x0000000000000001
2026/08/31 23:23:48.673, 37.45, 37.36, 210, 405, 1, 0, 10002, 455, 53, P8, 0x0000000000000001
2026/08/31 23:23:49.173, 37.43, 37.47, 210, 405, 1, 0, 10002, 455, 53, P8, 0x0000000000000001
2026/08/31 23:23:49.674, 37.41, 37.32, 210, 405, 1, 0, 10002, 455, 53, P8, 0x0000000000000001
2026/08/31 23:23:50.174, 37.38, 37.33, 210, 405, 1, 0, 10002, 455, 53, P8, 0x0000000000000001
2026/08/31 23:23:50.675, 37.35, 37.44, 210, 405, 1, 0, 10002, 455, 53, P8, 0x0000000000000001
2026/08/31 23:23:51.175, 37.37, 37.32, 210, 405, 1, 0, 10002, 455, 52, P8, 0x0000000000000001
2026/08/31 23:23:51.675, 37.31, 37.28, 210, 405, 1, 0, 10002, 455, 53, P8, 0x0000000000000001
2026/08/31 23:23:52.176, 37.23, 37.16, 210, 405, 1, 0, 10002, 455, 52, P8, 0x0000000000000001
2026/08/31 23:23:52.676, 37.17, 37.15, 210, 405, 1, 0, 10002, 455, 52, P8, 0x0000000000000001
2026/08/31 23:23:53.176, 37.12, 37.17, 210, 405, 1, 0, 10002, 455, 52, P8, 0x0000000000000001
2026/08/31 23:23:53.677, 37.15, 37.23, 210, 405, 1, 0, 10002, 455, 52, P8, 0x0000000000000001
2026/08/31 23:23:54.177, 37.21, 37.05, 210, 405, 1, 0, 10002, 455, 52, P8, 0x0000000000000001
2026/08/31 23:23:54.677, 37.20, 37.06, 210, 405, 1, 0, 10002, 455, 52, P8, 0x0000000000000001
2026/08/31 23:23:55.178, 37.15, 37.25, 210, 405, 0, 0, 10002, 455, 52, P8, 0x0000000000000001
2026/08/31 23:23:55.678, 37.18, 37.12, 210, 405, 0, 0, 10002, 455, 52, P8, 0x0000000000000001
2026/08/31 23:23:56.178, 37.20, 37.19, 210, 405, 0, 0, 10002, 455, 52, P8, 0x0000000000000001
2026/08/31 23:23:56.679, 37.21, 37.22, 210, 405, 0, 0, 10002, 455, 52, P8, 0x0000000000000001
2026/08/31 23:23:57.179, 37.19, 37.03, 210, 405, 0, 0, 10002, 455, 52, P8, 0x0000000000000001
2026/08/31 23:23:57.680, 37.12, 37.12, 210, 405, 0, 0, 10002, 455, 52, P8, 0x0000000000000001
2026/08/31 23:23:58.180, 37.08, 37.12, 210, 405, 1, 0, 10002, 455, 52, P8, 0x0000000000000001
2026/08/31 23:23:58.680, 37.10, 36.96, 210, 405, 1, 0, 10002, 455, 53, P8, 0x0000000000000001
2026/08/31 23:23:59.181, 37.08, 37.00, 210, 405, 0, 0, 10002, 455, 52, P8, 0x0000000000000001
2026/08/31 23:23:59.681, 37.02, 36.95, 210, 405, 0, 0, 10002, 455, 52, P8, 0x0000000000000001
2026/08/31 23:24:00.182, 36.97, 36.94, 210, 405, 0, 0, 10002, 455, 53, P8, 0x0000000000000001
2026/08/31 23:24:00.682, 37.02, 37.09, 210, 405, 0, 0, 10002, 455, 53, P8, 0x0000000000000001
2026/08/31 23:24:01.182, 37.13, 37.03, 210, 405, 1, 0, 10002, 455, 52, P8, 0x0000000000000001
2026/08/31 23:24:01.683, 37.14, 37.07, 210, 405, 1, 0, 10002, 455, 53, P8, 0x0000000000000001
2026/08/31 23:24:02.183, 37.08, 36.96, 210, 405, 1, 0, 10002, 455, 53, P8, 0x0000000000000001
2026/08/31 23:24:02.684, 37.03, 36.95, 210, 405, 1, 0, 10002, 455, 53, P8, 0x0000000000000001
2026/08/31 23:24:03.184, 37.02, 37.16, 210, 405, 1, 0, 10002, 455, 53, P8, 0x0000000000000001
2026/08/31 23:24:03.684, 37.03, 37.04, 210, 405, 1, 0, 10002, 455, 53, P8, 0x0000000000000001
2026/08/31 23:24:04.185, 37.01, 36.85, 210, 405, 1, 0, 10002, 455, 53, P8, 0x0000000000000001
2026/08/31 23:24:04.685, 36.96, 37.02, 210, 405, 1, 0, 10002, 455, 53, P8, 0x0000000000000001
2026/08/31 23:24:05.185, 36.98, 37.07, 210, 405, 1, 0, 10002, 455, 53, P8, 0x0000000000000001
2026/08/31 23:24:05.686, 37.06, 37.16, 210, 405, 1, 0, 10002, 455, 53, P8, 0x0000000000000001
2026/08/31 23:24:06.186, 37.04, 37.07, 210, 405, 1, 0, 10002, 455, 53, P8, 0x0000000000000001
2026/08/31 23:24:06.687, 37.03, 37.08, 210, 405, 1, 0, 10002, 455, 53, P8, 0x0000000000000001
2026/08/31 23:24:07.187, 37.08, 37.19, 210, 405, 0, 0, 10002, 455, 53, P8, 0x0000000000000001
2026/08/31 23:24:07.687, 37.13, 37.04, 210, 405, 0, 0, 10002, 455, 53, P8, 0x0000000000000001
2026/08/31 23:24:08.188, 37.11, 37.10, 210, 405, 1, 0, 10002, 455, 53, P8, 0x0000000000000001
2026/08/31 23:24:08.688, 37.08, 37.05, 210, 405, 1, 0, 10002, 455, 53, P8, 0x0000000000000001
2026/08/31 23:24:09.188, 37.06, 37.09, 210, 405, 1, 0, 10002, 455, 53, P8, 0x0000000000000001
2026/08/31 23:24:09.689, 37.04, 37.04, 210, 405, 1, 0, 10002, 455, 53, P8, 0x0000000000000001
2026/08/31 23:24:10.189, 37.10, 37.15, 210, 405, 1, 0, 10002, 455, 53, P8, 0x0000000000000001
2026/08/31 23:24:10.689, 37.16, 37.17, 210, 405, 1, 0, 10002, 455, 53, P8, 0x0000000000000001
2026/08/31 23:24:11.190, 37.18, 37.14, 210, 405, 0, 0, 10002, 455, 53, P8, 0x0000000000000001
2026/08/31 23:24:11.690, 37.17, 37.14, 210, 405, 0, 0, 10002, 455, 53, P8, 0x0000000000000001
2026/08/31 23:24:12.190, 37.17, 37.16, 210, 405, 1, 0, 10002, 455, 53, P8, 0x0000000000000001
2026/08/31 23:24:12.691, 37.15, 37.14, 210, 405, 1, 0, 10002, 455, 53, P8, 0x0000000000000001
2026/08/31 23:24:13.191, 37.14, 37.17, 210, 405, 0, 0, 10002, 455, 53, P8, 0x0000000000000001
2026/08/31 23:24:13.693, 37.16, 37.13, 210, 405, 0, 0, 10002, 455, 53, P8, 0x0000000000000001
2026/08/31 23:24:14.193, 37.16, 37.12, 210, 405, 0, 0, 10002, 455, 53, P8, 0x0000000000000001
2026/08/31 23:24:14.693, 37.13, 37.06, 210, 405, 0, 0, 10002, 455, 53, P8, 0x0000000000000001
2026/08/31 23:24:15.193, 37.10, 37.04, 210, 405, 1, 0, 10002, 455, 53, P8, 0x0000000000000001
2026/08/31 23:24:15.694, 37.02, 37.01, 210, 405, 1, 0, 10002, 455, 53, P8, 0x0000000000000001
2026/08/31 23:24:16.194, 36.96, 36.85, 210, 405, 1, 0, 10002, 455, 53, P8, 0x0000000000000001
2026/08/31 23:24:16.694, 36.88, 36.73, 210, 405, 1, 0, 10002, 455, 53, P8, 0x0000000000000001
2026/08/31 23:24:17.195, 36.84, 36.75, 210, 405, 1, 0, 10002, 455, 53, P8, 0x0000000000000001
2026/08/31 23:24:17.695, 36.84, 36.77, 210, 405, 1, 0, 10002, 455, 53, P8, 0x0000000000000001
2026/08/31 23:24:18.195, 36.86, 36.90, 210, 405, 1, 0, 10002, 455, 53, P8, 0x0000000000000001
2026/08/31 23:24:18.695, 36.90, 36.96, 210, 405, 1, 0, 10002, 455, 53, P8, 0x0000000000000001
2026/08/31 23:24:19.196, 36.89, 36.91, 210, 405, 1, 0, 10002, 455, 53, P8, 0x0000000000000001
2026/08/31 23:24:19.696, 36.91, 36.94, 210, 405, 1, 0, 10002, 455, 53, P8, 0x0000000000000001
2026/08/31 23:24:20.196, 36.97, 37.08, 210, 405, 0, 0, 10002, 455, 53, P8, 0x0000000000000001
2026/08/31 23:24:20.697, 37.04, 37.08, 210, 405, 0, 0, 10002, 455, 53, P8, 0x0000000000000001
2026/08/31 23:24:21.197, 37.13, 37.12, 210, 405, 0, 0, 10002, 455, 53, P8, 0x0000000000000001
2026/08/31 23:24:21.697, 37.17, 37.13, 210, 405, 0, 0, 10002, 455, 53, P8, 0x0000000000000001
2026/08/31 23:24:22.198, 37.16, 37.03, 210, 405, 0, 0, 10002, 455, 53, P8, 0x0000000000000001
2026/08/31 23:24:22.698, 37.07, 37.02, 210, 405, 0, 0, 10002, 455, 53, P8, 0x0000000000000001
2026/08/31 23:24:23.198, 37.05, 36.99, 210, 405, 0, 0, 10002, 455, 53, P8, 0x0000000000000001
2026/08/31 23:24:23.699, 37.12, 37.22, 210, 405, 0, 0, 10002, 455, 53, P8, 0x0000000000000001
2026/08/31 23:24:24.199, 37.18, 37.25, 210, 405, 0, 0, 10002, 455, 53, P8, 0x0000000000000001
2026/08/31 23:24:24.699, 37.21, 37.18, 210, 405, 0, 0, 10002, 455, 53, P8, 0x0000000000000001
2026/08/31 23:24:25.199, 37.15, 37.10, 210, 405, 1, 0, 10002, 455, 53, P8, 0x0000000000000001
2026/08/31 23:24:25.700, 37.14, 37.10, 210, 405, 1, 0, 10002, 455, 53, P8, 0x0000000000000001
2026/08/31 23:24:26.200, 37.13, 37.11, 210, 405, 1, 0, 10002, 455, 53, P8, 0x0000000000000001
2026/08/31 23:24:26.700, 37.10, 37.04, 210, 405, 1, 0, 10002, 455, 53, P8, 0x0000000000000001
2026/08/31 23:24:27.201, 37.10, 36.93, 210, 405, 0, 0, 10002, 455, 53, P8, 0x0000000000000001
2026/08/31 23:24:27.701, 37.11, 37.14, 210, 405, 0, 0, 10002, 455, 54, P8, 0x0000000000000001
2026/08/31 23:24:28.201, 37.12, 37.08, 210, 405, 0, 0, 10002, 455, 53, P8, 0x0000000000000001
2026/08/31 23:24:28.702, 37.12, 37.09, 210, 405, 0, 0, 10002, 455, 54, P8, 0x0000000000000001
2026/08/31 23:24:29.202, 37.09, 37.13, 210, 405, 1, 0, 10002, 455, 54, P8, 0x0000000000000001
2026/08/31 23:24:29.702, 37.17, 37.20, 210, 405, 1, 0, 10002, 455, 54, P8, 0x0000000000000001
2026/08/31 23:24:30.203, 37.14, 37.20, 210, 405, 1, 0, 10002, 455, 54, P8, 0x0000000000000001
2026/08/31 23:24:30.703, 37.12, 37.07, 210, 405, 1, 0, 10002, 455, 54, P8, 0x0000000000000001
2026/08/31 23:24:31.203, 37.17, 37.04, 210, 405, 1, 0, 10002, 455, 54, P8, 0x0000000000000001
2026/08/31 23:24:31.703, 37.12, 37.05, 210, 405, 1, 0, 10002, 455, 54, P8, 0x0000000000000001
2026/08/31 23:24:32.204, 37.08, 37.04, 210, 405, 1, 0, 10002, 455, 54, P8, 0x0000000000000001
2026/08/31 23:24:32.704, 37.09, 37.09, 210, 405, 1, 0, 10002, 455, 54, P8, 0x0000000000000001
2026/08/31 23:24:33.204, 37.10, 37.07, 210, 405, 1, 0, 10002, 455, 54, P8, 0x0000000000000001
2026/08/31 23:24:33.705, 37.06, 36.99, 210, 405, 1, 0, 10002, 455, 54, P8, 0x0000000000000001
2026/08/31 23:24:34.205, 37.04, 36.97, 210, 405, 0, 0, 10002, 455, 54, P8, 0x0000000000000001
2026/08/31 23:24:34.705, 37.03, 37.01, 210, 405, 0, 0, 10002, 455, 54, P8, 0x0000000000000001
2026/08/31 23:24:35.206, 36.99, 36.99, 210, 405, 0, 0, 10002, 455, 54, P8, 0x0000000000000001
2026/08/31 23:24:35.706, 37.02, 36.97, 210, 405, 0, 0, 10002, 455, 54, P8, 0x0000000000000001
2026/08/31 23:24:36.206, 37.00, 36.88, 210, 405, 0, 0, 10002, 455, 54, P8, 0x0000000000000001
2026/08/31 23:24:36.707, 37.01, 37.14, 210, 405, 0, 0, 10002, 455, 54, P8, 0x0000000000000001
2026/08/31 23:24:37.207, 37.09, 37.13, 210, 405, 1, 0, 10002, 455, 54, P8, 0x0000000000000001
2026/08/31 23:24:37.708, 37.16, 37.07, 210, 405, 1, 0, 10002, 455, 54, P8, 0x0000000000000001
2026/08/31 23:24:38.208, 37.15, 37.17, 210, 405, 1, 0, 10002, 455, 54, P8, 0x0000000000000001
2026/08/31 23:24:38.708, 37.10, 37.09, 210, 405, 1, 0, 10002, 455, 54, P8, 0x0000000000000001
2026/08/31 23:24:39.209, 37.08, 37.02, 210, 405, 1, 0, 10002, 455, 54, P8, 0x0000000000000001
2026/08/31 23:24:39.709, 37.10, 37.24, 210, 405, 1, 0, 10002, 455, 54, P8, 0x0000000000000001
2026/08/31 23:24:40.209, 37.18, 37.27, 210, 405, 1, 0, 10002, 455, 54, P8, 0x0000000000000001
2026/08/31 23:24:40.710, 37.27, 37.26, 210, 405, 1, 0, 10002, 455, 54, P8, 0x0000000000000001
2026/08/31 23:24:41.210, 37.28, 37.15, 210, 405, 0, 0, 10002, 455, 54, P8, 0x0000000000000001
2026/08/31 23:24:41.711, 37.26, 37.18, 210, 405, 0, 0, 10002, 455, 54, P8, 0x0000000000000001
2026/08/31 23:24:42.211, 37.24, 37.35, 210, 405, 0, 0, 10002, 455, 54, P8, 0x0000000000000001
2026/08/31 23:24:42.711, 37.29, 37.34, 210, 405, 0, 0, 10002, 455, 54, P8, 0x0000000000000001
2026/08/31 23:24:43.212, 37.35, 37.17, 210, 405, 1, 0, 10002, 455, 54, P8, 0x0000000000000001
2026/08/31 23:24:43.712, 37.30, 37.26, 210, 405, 1, 0, 10002, 455, 54, P8, 0x0000000000000001
2026/08/31 23:24:44.212, 37.24, 37.41, 210, 405, 1, 0, 10002, 455, 54, P8, 0x0000000000000001
2026/08/31 23:24:44.713, 37.28, 37.32, 210, 405, 1, 0, 10002, 455, 54, P8, 0x0000000000000001
2026/08/31 23:24:45.213, 37.29, 37.28, 210, 405, 1, 0, 10002, 455, 54, P8, 0x0000000000000001
2026/08/31 23:24:45.713, 37.26, 37.34, 210, 405, 1, 0, 10002, 455, 54, P8, 0x0000000000000001
2026/08/31 23:24:46.214, 37.34, 37.50, 210, 405, 1, 0, 10002, 455, 54, P8, 0x0000000000000001
2026/08/31 23:24:46.714, 37.41, 37.36, 210, 405, 1, 0, 10002, 455, 54, P8, 0x0000000000000001
2026/08/31 23:24:47.214, 37.34, 37.22, 210, 405, 1, 0, 10002, 455, 54, P8, 0x0000000000000001
2026/08/31 23:24:47.715, 37.31, 37.27, 210, 405, 1, 0, 10002, 455, 54, P8, 0x0000000000000001
2026/08/31 23:24:48.215, 37.33, 37.40, 210, 405, 1, 0, 10002, 455, 54, P8, 0x0000000000000001
2026/08/31 23:24:48.715, 37.33, 37.46, 210, 405, 1, 0, 10002, 455, 54, P8, 0x0000000000000001
2026/08/31 23:24:49.216, 37.36, 37.39, 210, 405, 0, 0, 10002, 455, 54, P8, 0x0000000000000001
2026/08/31 23:24:49.716, 37.35, 37.32, 210, 405, 0, 0, 10002, 455, 54, P8, 0x0000000000000001
2026/08/31 23:24:50.216, 37.33, 37.26, 210, 405, 0, 0, 10002, 455, 54, P8, 0x0000000000000001
2026/08/31 23:24:50.717, 37.33, 37.24, 210, 405, 0, 0, 10002, 455, 54, P8, 0x0000000000000001
2026/08/31 23:24:51.217, 37.30, 37.31, 210, 405, 0, 0, 10002, 455, 54, P8, 0x0000000000000001
2026/08/31 23:24:51.717, 37.31, 37.32, 210, 405, 0, 0, 10002, 455, 54, P8, 0x0000000000000001
2026/08/31 23:24:52.218, 37.31, 37.26, 210, 405, 1, 0, 10002, 455, 54, P8, 0x0000000000000001
2026/08/31 23:24:52.718, 37.37, 37.61, 210, 405, 1, 0, 10002, 455, 54, P8, 0x0000000000000001
2026/08/31 23:24:53.218, 37.45, 37.55, 210, 405, 1, 0, 10002, 455, 54, P8, 0x0000000000000001
2026/08/31 23:24:53.719, 37.47, 37.35, 210, 405, 1, 0, 10002, 455, 54, P8, 0x0000000000000001
2026/08/31 23:24:54.219, 37.38, 37.29, 210, 405, 1, 0, 10002, 455, 54, P8, 0x0000000000000001
2026/08/31 23:24:54.720, 37.34, 37.43, 210, 405, 1, 0, 10002, 455, 54, P8, 0x0000000000000001
2026/08/31 23:24:55.220, 37.42, 37.45, 210, 405, 0, 0, 10002, 455, 54, P8, 0x0000000000000001
2026/08/31 23:24:55.720, 37.50, 37.47, 210, 405, 0, 0, 10002, 455, 54, P8, 0x0000000000000001
2026/08/31 23:24:56.221, 37.55, 37.68, 210, 405, 0, 0, 10002, 455, 54, P8, 0x0000000000000001
2026/08/31 23:24:56.721, 37.62, 37.74, 210, 405, 0, 0, 10002, 455, 54, P8, 0x0000000000000001
2026/08/31 23:24:57.221, 37.68, 37.70, 210, 405, 1, 0, 10002, 455, 54, P8, 0x0000000000000001
2026/08/31 23:24:57.722, 37.66, 37.63, 210, 405, 1, 0, 10002, 455, 54, P8, 0x0000000000000001
2026/08/31 23:24:58.222, 37.59, 37.43, 210, 405, 1, 0, 10002, 455, 54, P8, 0x0000000000000001
2026/08/31 23:24:58.722, 37.51, 37.49, 210, 405, 1, 0, 10002, 455, 54, P8, 0x0000000000000001
2026/08/31 23:24:59.223, 37.52, 37.61, 210, 405, 1, 0, 10002, 455, 54, P8, 0x0000000000000001
2026/08/31 23:24:59.723, 37.54, 37.51, 210, 405, 1, 0, 10002, 455, 54, P8, 0x0000000000000001
2026/08/31 23:25:00.223, 37.56, 37.45, 210, 405, 1, 0, 10002, 455, 54, P8, 0x0000000000000001
2026/08/31 23:25:00.723, 37.56, 37.52, 210, 405, 1, 0, 10002, 455, 54, P8, 0x0000000000000001
2026/08/31 23:25:01.224, 37.58, 37.78, 210, 405, 1, 0, 10002, 455, 54, P8, 0x0000000000000001
2026/08/31 23:25:01.724, 37.67, 37.64, 210, 405, 1, 0, 10002, 455, 54, P8, 0x0000000000000001
2026/08/31 23:25:02.224, 37.70, 37.55, 210, 405, 1, 0, 10002, 455, 54, P8, 0x0000000000000001
2026/08/31 23:25:02.725, 37.70, 37.65, 210, 405, 1, 0, 10002, 455, 54, P8, 0x0000000000000001
2026/08/31 23:25:03.225, 37.62, 37.46, 210, 405, 0, 0, 10002, 455, 54, P8, 0x0000000000000001
2026/08/31 23:25:03.726, 37.52, 37.52, 210, 405, 0, 0, 10002, 455, 55, P8, 0x0000000000000001
2026/08/31 23:25:04.226, 37.52, 37.53, 210, 405, 0, 0, 10002, 455, 54, P8, 0x0000000000000001
2026/08/31 23:25:04.726, 37.54, 37.47, 210, 405, 0, 0, 10002, 455, 54, P8, 0x0000000000000001
2026/08/31 23:25:05.226, 37.50, 37.51, 210, 405, 1, 0, 10002, 455, 55, P8, 0x0000000000000001
2026/08/31 23:25:05.727, 37.46, 37.55, 210, 405, 1, 0, 10002, 455, 54, P8, 0x0000000000000001
2026/08/31 23:25:06.227, 37.53, 37.59, 210, 405, 1, 0, 10002, 455, 55, P8, 0x0000000000000001
2026/08/31 23:25:06.727, 37.61, 37.63, 210, 405, 1, 0, 10002, 455, 55, P8, 0x0000000000000001
2026/08/31 23:25:07.228, 37.62, 37.67, 210, 405, 1, 0, 10002, 455, 54, P8, 0x0000000000000001
2026/08/31 23:25:07.728, 37.58, 37.63, 210, 405, 1, 0, 10002, 455, 55, P8, 0x0000000000000001
2026/08/31 23:25:08.228, 37.57, 37.62, 210, 405, 1, 0, 10002, 455, 55, P8, 0x0000000000000001
2026/08/31 23:25:08.729, 37.59, 37.64, 210, 405, 1, 0, 10002, 455, 54, P8, 0x0000000000000001
2026/08/31 23:25:09.229, 37.54, 37.40, 210, 405, 0, 0, 10002, 455, 55, P8, 0x0000000000000001
2026/08/31 23:25:09.730, 37.51, 37.65, 210, 405, 0, 0, 10002, 455, 55, P8, 0x0000000000000001
2026/08/31 23:25:10.230, 37.49, 37.43, 210, 405, 0, 0, 10002, 455, 55, P8, 0x0000000000000001
2026/08/31 23:25:10.730, 37.45, 37.35, 210, 405, 0, 0, 10002, 455, 55, P8, 0x0000000000000001
2026/08/31 23:25:11.231, 37.43, 37.59, 210, 405, 1, 0, 10002, 455, 55, P8, 0x0000000000000001
2026/08/31 23:25:11.731, 37.53, 37.58, 210, 405, 1, 0, 10002, 455, 55, P8, 0x0000000000000001
2026/08/31 23:25:12.231, 37.53, 37.41, 210, 405, 1, 0, 10002, 455, 55, P8, 0x0000000000000001
2026/08/31 23:25:12.732, 37.49, 37.57, 210, 405, 1, 0, 10002, 455, 55, P8, 0x0000000000000001
2026/08/31 23:25:13.232, 37.53, 37.59, 210, 405, 1, 0, 10002, 455, 55, P8, 0x0000000000000001
2026/08/31 23:25:13.733, 37.60, 37.57, 210, 405, 1, 0, 10002, 455, 55, P8, 0x0000000000000001
2026/08/31 23:25:14.233, 37.60, 37.44, 210, 405, 0, 0, 756, 455, 55, P8, 0x0000000000000001
2026/08/31 23:25:14.741, 38.47, 43.15, 1725, 9501, 0, 0, 454, 455, 55, P2, 0x0000000000000001
2026/08/31 23:25:15.242, 83.06, 146.38, 1965, 9751, 0, 0, 454, 455, 59, P0, 0x0000000000000000
2026/08/31 23:25:15.742, 132.50, 147.51, 1965, 9751, 0, 0, 454, 455, 60, P0, 0x0000000000000000
2026/08/31 23:25:16.242, 147.45, 147.98, 1965, 9751, 0, 0, 454, 455, 60, P0, 0x0000000000000000
2026/08/31 23:25:16.743, 148.04, 148.40, 405, 810, 0, 0, 454, 455, 60, P5, 0x0000000000000001
2026/08/31 23:25:17.243, 102.62, 45.13, 330, 810, 0, 0, 454, 455, 56, P5, 0x0000000000000001
2026/08/31 23:25:17.743, 55.23, 43.20, 255, 810, 0, 0, 454, 455, 56, P5, 0x0000000000000001
2026/08/31 23:25:18.244, 43.67, 43.10, 210, 810, 1, 0, 454, 455, 56, P5, 0x0000000000000001
2026/08/31 23:25:18.744, 42.14, 37.55, 210, 405, 1, 0, 454, 455, 55, P8, 0x0000000000000001
2026/08/31 23:25:19.245, 39.60, 37.44, 210, 405, 1, 0, 454, 455, 55, P8, 0x0000000000000001
2026/08/31 23:25:19.745, 37.56, 37.60, 210, 405, 1, 0, 454, 455, 55, P8, 0x0000000000000001
2026/08/31 23:25:20.245, 37.56, 37.54, 210, 405, 1, 0, 454, 455, 55, P8, 0x0000000000000001
2026/08/31 23:25:20.746, 37.48, 37.41, 210, 405, 1, 0, 454, 455, 55, P8, 0x0000000000000001
2026/08/31 23:25:21.246, 37.44, 37.48, 210, 405, 1, 0, 454, 455, 55, P8, 0x0000000000000001
2026/08/31 23:25:21.746, 37.43, 37.32, 210, 405, 1, 0, 454, 455, 55, P8, 0x0000000000000001
2026/08/31 23:25:22.247, 37.46, 37.45, 210, 405, 1, 0, 454, 455, 55, P8, 0x0000000000000001
2026/08/31 23:25:22.747, 37.49, 37.56, 210, 405, 1, 0, 454, 455, 55, P8, 0x0000000000000001
2026/08/31 23:25:23.247, 37.54, 37.64, 210, 405, 1, 0, 454, 455, 55, P8, 0x0000000000000001
2026/08/31 23:25:23.747, 37.60, 37.56, 210, 405, 1, 0, 454, 455, 55, P8, 0x0000000000000001
2026/08/31 23:25:24.248, 37.65, 37.68, 210, 405, 1, 0, 454, 455, 55, P8, 0x0000000000000001
2026/08/31 23:25:24.748, 37.65, 37.74, 210, 405, 1, 0, 454, 455, 55, P8, 0x0000000000000001
2026/08/31 23:25:25.248, 37.63, 37.52, 210, 405, 1, 0, 454, 455, 55, P8, 0x0000000000000001
2026/08/31 23:25:25.749, 37.65, 37.63, 210, 405, 1, 0, 454, 455, 55, P8, 0x0000000000000001
2026/08/31 23:25:26.249, 37.64, 37.55, 210, 405, 1, 0, 454, 455, 55, P8, 0x0000000000000001
2026/08/31 23:25:26.749, 37.58, 37.55, 210, 405, 1, 0, 454, 455, 55, P8, 0x0000000000000001
2026/08/31 23:25:27.250, 37.56, 37.46, 210, 405, 0, 0, 454, 455, 55, P8, 0x0000000000000001
2026/08/31 23:25:27.750, 37.56, 37.62, 210, 405, 0, 0, 454, 455, 55, P8, 0x0000000000000001
2026/08/31 23:25:28.250, 37.59, 37.73, 210, 405, 1, 0, 454, 455, 55, P8, 0x0000000000000001
2026/08/31 23:25:28.751, 37.67, 37.73, 210, 405, 1, 0, 454, 455, 55, P8, 0x0000000000000001
2026/08/31 23:25:29.251, 37.68, 37.70, 210, 405, 1, 0, 454, 455, 55, P8, 0x0000000000000001
2026/08/31 23:25:29.751, 37.65, 37.71, 210, 405, 1, 0, 454, 455, 55, P8, 0x0000000000000001
2026/08/31 23:25:30.252, 37.63, 37.70, 210, 405, 1, 0, 454, 455, 55, P8, 0x0000000000000001
2026/08/31 23:25:30.752, 37.72, 37.80, 210, 405, 1, 0, 454, 455, 55, P8, 0x0000000000000001
2026/08/31 23:25:31.252, 37.79, 37.86, 210, 405, 1, 0, 454, 455, 55, P8, 0x0000000000000001
2026/08/31 23:25:31.753, 37.73, 37.67, 210, 405, 1, 0, 454, 455, 55, P8, 0x0000000000000001
2026/08/31 23:25:32.253, 37.66, 37.65, 210, 405, 1, 0, 454, 455, 56, P8, 0x0000000000000001
2026/08/31 23:25:32.754, 37.63, 37.62, 210, 405, 1, 0, 454, 455, 55, P8, 0x0000000000000001
2026/08/31 23:25:33.254, 37.59, 37.56, 210, 405, 1, 0, 454, 455, 55, P8, 0x0000000000000001
2026/08/31 23:25:33.754, 37.58, 37.80, 210, 405, 1, 0, 454, 455, 56, P8, 0x0000000000000001
2026/08/31 23:25:34.255, 37.62, 37.67, 210, 405, 1, 0, 454, 455, 55, P8, 0x0000000000000001
2026/08/31 23:25:34.755, 37.70, 37.54, 210, 405, 1, 0, 454, 455, 55, P8, 0x0000000000000001
2026/08/31 23:25:35.255, 37.62, 37.45, 210, 405, 1, 0, 454, 455, 56, P8, 0x0000000000000001
2026/08/31 23:25:35.756, 37.50, 37.52, 210, 405, 1, 0, 454, 455, 55, P8, 0x0000000000000001
2026/08/31 23:25:36.256, 37.53, 37.65, 210, 405, 1, 0, 454, 455, 56, P8, 0x0000000000000001
2026/08/31 23:25:36.757, 37.68, 38.32, 210, 405, 1, 0, 718, 455, 55, P8, 0x0000000000000001
2026/08/31 23:25:37.257, 62.07, 121.56, 1725, 9501, 1, 0, 718, 455, 59, P2, 0x0000000000000000
2026/08/31 23:25:37.757, 100.24, 124.62, 1725, 9501, 1, 0, 8764, 455, 59, P2, 0x0000000000000000
2026/08/31 23:25:38.257, 132.62, 151.96, 1965, 9501, 89, 2, 10002, 455, 61, P2, 0x0000000000000000
2026/08/31 23:25:38.757, 152.63, 148.62, 1965, 9501, 89, 2, 10002, 455, 61, P2, 0x0000000000000000
2026/08/31 23:25:39.258, 156.26, 148.51, 1965, 9501, 0, 0, 10002, 455, 61, P2, 0x0000000000000000
2026/08/31 23:25:39.758, 148.28, 148.25, 1965, 9501, 0, 0, 10002, 455, 62, P2, 0x0000000000000000
2026/08/31 23:25:40.259, 143.70, 121.03, 1725, 9501, 0, 0, 10002, 455, 61, P2, 0x0000000000000000
2026/08/31 23:25:40.759, 131.28, 120.88, 1725, 9501, 0, 0, 10002, 455, 61, P2, 0x0000000000000000
2026/08/31 23:25:41.260, 126.27, 120.92, 1725, 9501, 0, 0, 10002, 455, 61, P2, 0x0000000000000000
2026/08/31 23:25:41.760, 120.94, 120.88, 1725, 9501, 0, 0, 10002, 455, 61, P2, 0x0000000000000000
2026/08/31 23:25:42.260, 120.96, 120.96, 1725, 9501, 0, 0, 10002, 455, 61, P2, 0x0000000000000000
2026/08/31 23:25:42.761, 121.04, 121.05, 1725, 9501, 0, 0, 10002, 455, 61, P2, 0x0000000000000000
2026/08/31 23:25:43.261, 121.08, 121.03, 1725, 9501, 0, 0, 10002, 455, 61, P2, 0x0000000000000000
2026/08/31 23:25:43.762, 121.07, 120.91, 1725, 9501, 0, 0, 10002, 455, 61, P2, 0x0000000000000000
2026/08/31 23:25:44.262, 121.00, 120.99, 1725, 9501, 0, 0, 10002, 455, 61, P2, 0x0000000000000000
2026/08/31 23:25:44.762, 120.96, 120.87, 1725, 9501, 0, 0, 10002, 455, 61, P2, 0x0000000000000000
2026/08/31 23:25:45.263, 121.00, 121.04, 1725, 9501, 0, 0, 10002, 455, 61, P2, 0x0000000000000000
2026/08/31 23:25:45.763, 121.04, 121.06, 1725, 9501, 0, 0, 10002, 455, 61, P2, 0x0000000000000000
2026/08/31 23:25:46.264, 121.09, 121.09, 1725, 9501, 0, 0, 10002, 455, 61, P2, 0x0000000000000000
2026/08/31 23:25:46.764, 121.14, 121.19, 1725, 9501, 0, 0, 10002, 455, 61, P2, 0x0000000000000000
2026/08/31 23:25:47.264, 121.25, 121.31, 1725, 9501, 0, 0, 10002, 455, 62, P2, 0x0000000000000000
2026/08/31 23:25:47.765, 121.31, 121.39, 1725, 9501, 0, 0, 10002, 455, 62, P2, 0x0000000000000000
2026/08/31 23:25:48.265, 121.38, 121.41, 1725, 9501, 0, 0, 10002, 455, 62, P2, 0x0000000000000000
2026/08/31 23:25:48.765, 121.43, 121.49, 1725, 9501, 0, 0, 10002, 455, 62, P2, 0x0000000000000000
2026/08/31 23:25:49.266, 121.43, 121.44, 1725, 9501, 0, 0, 10002, 455, 62, P2, 0x0000000000000000
2026/08/31 23:25:49.767, 121.48, 121.49, 1725, 9501, 0, 0, 10002, 455, 62, P2, 0x0000000000000000
2026/08/31 23:25:50.267, 121.53, 121.58, 1725, 9501, 0, 0, 10002, 455, 62, P2, 0x0000000000000000
2026/08/31 23:25:50.768, 121.60, 121.69, 1725, 9501, 0, 0, 10002, 455, 62, P2, 0x0000000000000000
2026/08/31 23:25:51.268, 121.67, 121.72, 1725, 9501, 0, 0, 10002, 455, 62, P2, 0x0000000000000000
2026/08/31 23:25:51.769, 121.72, 121.69, 1725, 9501, 0, 0, 10002, 455, 62, P2, 0x0000000000000000
2026/08/31 23:25:52.269, 121.73, 121.80, 1725, 9501, 0, 0, 10002, 455, 62, P2, 0x0000000000000000
2026/08/31 23:25:52.769, 121.76, 121.78, 1725, 9501, 0, 0, 10002, 455, 62, P2, 0x0000000000000000
2026/08/31 23:25:53.270, 121.82, 121.92, 1725, 9501, 0, 0, 10002, 455, 63, P2, 0x0000000000000000
2026/08/31 23:25:53.770, 121.87, 121.88, 1725, 9501, 0, 0, 10002, 455, 63, P2, 0x0000000000000000
2026/08/31 23:25:54.270, 121.91, 121.90, 1725, 9501, 0, 0, 10002, 455, 63, P2, 0x0000000000000000
2026/08/31 23:25:54.771, 121.91, 121.87, 1725, 9501, 0, 0, 10002, 455, 63, P2, 0x0000000000000000
2026/08/31 23:25:55.271, 121.96, 122.08, 1725, 9501, 0, 0, 10002, 455, 63, P2, 0x0000000000000000
2026/08/31 23:25:55.771, 99.77, 46.06, 300, 810, 0, 0, 10002, 455, 60, P5, 0x0000000000000001
2026/08/31 23:25:56.272, 58.90, 44.86, 240, 405, 0, 0, 10002, 455, 60, P8, 0x0000000000000001
2026/08/31 23:25:56.772, 43.18, 39.53, 210, 405, 0, 0, 10002, 455, 59, P8, 0x0000000000000001
2026/08/31 23:25:57.272, 40.44, 39.55, 210, 405, 0, 0, 10002, 455, 59, P8, 0x0000000000000001
2026/08/31 23:25:57.773, 39.54, 39.46, 210, 405, 0, 0, 10002, 455, 59, P8, 0x0000000000000001
2026/08/31 23:25:58.273, 39.54, 39.60, 210, 405, 0, 0, 10002, 455, 59, P8, 0x0000000000000001
2026/08/31 23:25:58.774, 34.96, 40.89, 210, 405, 0, 0, 10002, 455, 59, P8, 0x0000000000000001
2026/08/31 23:25:59.274, 36.46, 40.90, 210, 405, 1, 0, 10002, 455, 59, P8, 0x0000000000000001
2026/08/31 23:25:59.774, 40.84, 41.01, 210, 405, 1, 0, 10002, 455, 59, P8, 0x0000000000000001
2026/08/31 23:26:00.274, 40.73, 40.61, 210, 405, 0, 0, 10002, 455, 59, P8, 0x0000000000000001
2026/08/31 23:26:00.775, 38.42, 39.36, 210, 405, 0, 0, 10002, 455, 59, P8, 0x0000000000000001
2026/08/31 23:26:01.275, 37.72, 39.09, 210, 405, 0, 0, 10002, 455, 59, P8, 0x0000000000000001
2026/08/31 23:26:01.775, 37.72, 39.09, 210, 405, 0, 0, 10002, 455, 59, P8, 0x0000000000000001
2026/08/31 23:26:02.276, 27.78, 26.65, 210, 405, 0, 0, 10002, 455, 59, P8, 0x0000000000000001
2026/08/31 23:26:02.776, 27.78, 26.65, 210, 405, 0, 0, 10002, 455, 59, P8, 0x0000000000000001
2026/08/31 23:26:03.277, 26.13, 25.61, 210, 405, 0, 0, 10002, 455, 58, P8, 0x0000000000000001
2026/08/31 23:26:03.777, 26.13, 25.61, 210, 405, 0, 0, 10002, 455, 58, P8, 0x0000000000000001
2026/08/31 23:26:04.277, 25.48, 25.36, 210, 405, 0, 0, 10002, 455, 58, P8, 0x0000000000000001
2026/08/31 23:26:04.778, 25.48, 25.36, 210, 405, 0, 0, 10002, 455, 58, P8, 0x0000000000000001
2026/08/31 23:26:05.278, 25.51, 25.67, 210, 405, 0, 0, 10002, 455, 58, P8, 0x0000000000000001
2026/08/31 23:26:05.778, 25.51, 25.67, 210, 405, 0, 0, 10002, 455, 58, P8, 0x0000000000000001
2026/08/31 23:26:06.279, 25.77, 25.87, 210, 405, 0, 0, 10002, 455, 58, P8, 0x0000000000000001
2026/08/31 23:26:06.779, 25.77, 25.87, 210, 405, 0, 0, 10002, 455, 58, P8, 0x0000000000000001
2026/08/31 23:26:07.280, 25.68, 25.50, 210, 405, 0, 0, 10002, 455, 58, P8, 0x0000000000000001
2026/08/31 23:26:07.780, 25.68, 25.50, 210, 405, 0, 0, 10002, 455, 58, P8, 0x0000000000000001
2026/08/31 23:26:08.280, 25.66, 25.83, 210, 405, 0, 0, 10002, 455, 58, P8, 0x0000000000000001
2026/08/31 23:26:08.781, 25.66, 25.83, 210, 405, 0, 0, 10002, 455, 58, P8, 0x0000000000000001
2026/08/31 23:26:09.281, 25.84, 25.85, 210, 405, 0, 0, 10002, 455, 58, P8, 0x0000000000000001
2026/08/31 23:26:09.781, 25.84, 25.85, 210, 405, 0, 0, 10002, 455, 58, P8, 0x0000000000000001
2026/08/31 23:26:10.282, 26.68, 27.52, 210, 405, 0, 0, 10002, 455, 58, P8, 0x0000000000000001
2026/08/31 23:26:10.782, 26.68, 27.52, 210, 405, 0, 0, 10002, 455, 58, P8, 0x0000000000000001
2026/08/31 23:26:11.283, 26.68, 25.85, 210, 405, 0, 0, 10002, 455, 58, P8, 0x0000000000000001
2026/08/31 23:26:11.783, 26.68, 25.85, 210, 405, 0, 0, 10002, 455, 58, P8, 0x0000000000000001
2026/08/31 23:26:12.283, 25.86, 25.87, 210, 405, 0, 0, 10002, 455, 58, P8, 0x0000000000000001
2026/08/31 23:26:12.784, 25.86, 25.87, 210, 405, 0, 0, 10002, 455, 58, P8, 0x0000000000000001
2026/08/31 23:26:13.284, 26.74, 27.60, 210, 405, 0, 0, 10002, 455, 58, P8, 0x0000000000000001
2026/08/31 23:26:13.785, 26.74, 27.60, 210, 405, 0, 0, 10002, 455, 58, P8, 0x0000000000000001
2026/08/31 23:26:14.285, 26.73, 25.86, 210, 405, 0, 0, 10002, 455, 57, P8, 0x0000000000000001
2026/08/31 23:26:14.786, 26.73, 25.86, 210, 405, 0, 0, 10002, 455, 57, P8, 0x0000000000000001
2026/08/31 23:26:15.286, 25.80, 25.74, 210, 405, 0, 0, 10002, 455, 57, P8, 0x0000000000000001
2026/08/31 23:26:15.786, 25.80, 25.74, 210, 405, 0, 0, 10002, 455, 57, P8, 0x0000000000000001
2026/08/31 23:26:16.287, 25.59, 25.43, 210, 405, 0, 0, 10002, 455, 57, P8, 0x0000000000000001
2026/08/31 23:26:16.787, 25.59, 25.43, 210, 405, 0, 0, 10002, 455, 57, P8, 0x0000000000000001
2026/08/31 23:26:17.288, 25.53, 25.63, 210, 405, 0, 0, 10002, 455, 57, P8, 0x0000000000000001
2026/08/31 23:26:17.788, 25.53, 25.63, 210, 405, 0, 0, 10002, 455, 57, P8, 0x0000000000000001
2026/08/31 23:26:18.288, 25.65, 25.67, 210, 405, 0, 0, 10002, 455, 57, P8, 0x0000000000000001
2026/08/31 23:26:18.789, 25.65, 25.67, 210, 405, 0, 0, 10002, 455, 57, P8, 0x0000000000000001
2026/08/31 23:26:19.289, 25.48, 25.30, 210, 405, 0, 0, 10002, 455, 57, P8, 0x0000000000000001
2026/08/31 23:26:19.789, 25.48, 25.30, 210, 405, 0, 0, 10002, 455, 57, P8, 0x0000000000000001
2026/08/31 23:26:20.290, 25.48, 25.66, 210, 405, 0, 0, 10002, 455, 57, P8, 0x0000000000000001
2026/08/31 23:26:20.790, 25.48, 25.66, 210, 405, 0, 0, 10002, 455, 57, P8, 0x0000000000000001
2026/08/31 23:26:21.291, 25.63, 25.60, 210, 405, 0, 0, 10002, 455, 57, P8, 0x0000000000000001
2026/08/31 23:26:21.791, 25.63, 25.60, 210, 405, 0, 0, 10002, 455, 57, P8, 0x0000000000000001
2026/08/31 23:26:22.291, 25.48, 25.37, 210, 405, 0, 0, 10002, 455, 57, P8, 0x0000000000000001
2026/08/31 23:26:22.792, 25.48, 25.37, 210, 405, 0, 0, 10002, 455, 57, P8, 0x0000000000000001
2026/08/31 23:26:23.292, 25.50, 25.64, 210, 405, 0, 0, 10002, 455, 57, P8, 0x0000000000000001
2026/08/31 23:26:23.792, 25.50, 25.64, 210, 405, 0, 0, 10002, 455, 57, P8, 0x0000000000000001
2026/08/31 23:26:24.293, 25.70, 25.75, 210, 405, 0, 0, 10002, 455, 57, P8, 0x0000000000000001
2026/08/31 23:26:24.793, 25.70, 25.75, 210, 405, 0, 0, 10002, 455, 57, P8, 0x0000000000000001
2026/08/31 23:26:25.293, 25.55, 25.34, 210, 405, 0, 0, 10002, 455, 57, P8, 0x0000000000000001
2026/08/31 23:26:25.794, 25.55, 25.34, 210, 405, 0, 0, 10002, 455, 57, P8, 0x0000000000000001
2026/08/31 23:26:26.294, 25.52, 25.70, 210, 405, 0, 0, 10002, 455, 57, P8, 0x0000000000000001
2026/08/31 23:26:26.795, 25.52, 25.70, 210, 405, 0, 0, 10002, 455, 57, P8, 0x0000000000000001
2026/08/31 23:26:27.295, 25.73, 25.76, 210, 405, 0, 0, 10002, 455, 57, P8, 0x0000000000000001
2026/08/31 23:26:27.795, 25.73, 25.76, 210, 405, 0, 0, 10002, 455, 57, P8, 0x0000000000000001
2026/08/31 23:26:28.296, 25.60, 25.44, 210, 405, 0, 0, 10002, 455, 57, P8, 0x0000000000000001
2026/08/31 23:26:28.796, 25.60, 25.44, 210, 405, 0, 0, 10002, 455, 57, P8, 0x0000000000000001
2026/08/31 23:26:29.297, 25.60, 25.77, 210, 405, 0, 0, 10002, 455, 57, P8, 0x0000000000000001
2026/08/31 23:26:29.797, 25.60, 25.77, 210, 405, 0, 0, 10002, 455, 57, P8, 0x0000000000000001
2026/08/31 23:26:30.297, 25.76, 25.74, 210, 405, 0, 0, 10002, 455, 57, P8, 0x0000000000000001
2026/08/31 23:26:30.798, 25.76, 25.74, 210, 405, 0, 0, 10002, 455, 57, P8, 0x0000000000000001
2026/08/31 23:26:31.298, 25.54, 25.34, 210, 405, 0, 0, 10002, 455, 57, P8, 0x0000000000000001
2026/08/31 23:26:31.798, 25.54, 25.34, 210, 405, 0, 0, 10002, 455, 57, P8, 0x0000000000000001
2026/08/31 23:26:32.298, 25.47, 25.60, 210, 405, 0, 0, 10002, 455, 57, P8, 0x0000000000000001
2026/08/31 23:26:32.799, 25.47, 25.60, 210, 405, 0, 0, 10002, 455, 57, P8, 0x0000000000000001
2026/08/31 23:26:33.299, 25.55, 25.50, 210, 405, 0, 0, 10002, 455, 57, P8, 0x0000000000000001
2026/08/31 23:26:33.799, 25.55, 25.50, 210, 405, 0, 0, 10002, 455, 57, P8, 0x0000000000000001
2026/08/31 23:26:34.300, 25.47, 25.43, 210, 405, 0, 0, 10002, 455, 57, P8, 0x0000000000000001
2026/08/31 23:26:34.800, 25.47, 25.43, 210, 405, 0, 0, 10002, 455, 57, P8, 0x0000000000000001
2026/08/31 23:26:35.301, 25.49, 25.55, 210, 405, 0, 0, 10002, 455, 57, P8, 0x0000000000000001
2026/08/31 23:26:35.801, 25.49, 25.55, 210, 405, 0, 0, 10002, 455, 57, P8, 0x0000000000000001
2026/08/31 23:26:36.301, 25.41, 25.28, 210, 405, 0, 0, 10002, 455, 57, P8, 0x0000000000000001
2026/08/31 23:26:36.802, 25.41, 25.28, 210, 405, 0, 0, 10002, 455, 57, P8, 0x0000000000000001
2026/08/31 23:26:37.302, 25.53, 25.79, 210, 405, 0, 0, 10002, 455, 57, P8, 0x0000000000000001
2026/08/31 23:26:37.802, 25.53, 25.79, 210, 405, 0, 0, 10002, 455, 57, P8, 0x0000000000000001
2026/08/31 23:26:38.303, 25.73, 25.67, 210, 405, 0, 0, 10002, 455, 57, P8, 0x0000000000000001
2026/08/31 23:26:38.803, 25.73, 25.67, 210, 405, 0, 0, 10002, 455, 57, P8, 0x0000000000000001
2026/08/31 23:26:39.304, 25.51, 25.36, 210, 405, 0, 0, 10002, 455, 57, P8, 0x0000000000000001
2026/08/31 23:26:39.804, 25.51, 25.36, 210, 405, 0, 0, 10002, 455, 57, P8, 0x0000000000000001
2026/08/31 23:26:40.304, 25.50, 25.65, 210, 405, 0, 0, 10002, 455, 57, P8, 0x0000000000000001
2026/08/31 23:26:40.805, 25.50, 25.65, 210, 405, 0, 0, 10002, 455, 57, P8, 0x0000000000000001
2026/08/31 23:26:41.305, 25.71, 25.77, 210, 405, 0, 0, 10002, 455, 57, P8, 0x0000000000000001
2026/08/31 23:26:41.806, 25.71, 25.77, 210, 405, 0, 0, 10002, 455, 57, P8, 0x0000000000000001
2026/08/31 23:26:42.306, 25.60, 25.42, 210, 405, 0, 0, 10002, 455, 57, P8, 0x0000000000000001
2026/08/31 23:26:42.806, 25.60, 25.42, 210, 405, 0, 0, 10002, 455, 57, P8, 0x0000000000000001
2026/08/31 23:26:43.307, 25.59, 25.76, 210, 405, 0, 0, 10002, 455, 57, P8, 0x0000000000000001
2026/08/31 23:26:43.807, 25.59, 25.76, 210, 405, 0, 0, 10002, 455, 57, P8, 0x0000000000000001
2026/08/31 23:26:44.307, 25.73, 25.70, 210, 405, 0, 0, 10002, 455, 57, P8, 0x0000000000000001
2026/08/31 23:26:44.808, 25.73, 25.70, 210, 405, 0, 0, 10002, 455, 57, P8, 0x0000000000000001
2026/08/31 23:26:45.308, 25.51, 25.32, 210, 405, 0, 0, 10002, 455, 57, P8, 0x0000000000000001
2026/08/31 23:26:45.808, 25.51, 25.32, 210, 405, 0, 0, 10002, 455, 57, P8, 0x0000000000000001
2026/08/31 23:26:46.309, 25.56, 25.81, 210, 405, 0, 0, 10002, 455, 57, P8, 0x0000000000000001
2026/08/31 23:26:46.809, 25.56, 25.81, 210, 405, 0, 0, 10002, 455, 57, P8, 0x0000000000000001
2026/08/31 23:26:47.309, 25.84, 25.88, 210, 405, 0, 0, 10002, 455, 57, P8, 0x0000000000000001
2026/08/31 23:26:47.810, 25.84, 25.88, 210, 405, 0, 0, 10002, 455, 57, P8, 0x0000000000000001
2026/08/31 23:26:48.310, 25.65, 25.43, 210, 405, 0, 0, 10002, 455, 57, P8, 0x0000000000000001
2026/08/31 23:26:48.810, 25.65, 25.43, 210, 405, 0, 0, 10002, 455, 57, P8, 0x0000000000000001
2026/08/31 23:26:49.311, 25.59, 25.76, 210, 405, 0, 0, 10002, 455, 57, P8, 0x0000000000000001
2026/08/31 23:26:49.811, 25.59, 25.76, 210, 405, 0, 0, 10002, 455, 57, P8, 0x0000000000000001
2026/08/31 23:26:50.312, 25.81, 25.85, 210, 405, 0, 0, 10002, 455, 57, P8, 0x0000000000000001
2026/08/31 23:26:50.812, 25.81, 25.85, 210, 405, 0, 0, 10002, 455, 57, P8, 0x0000000000000001
2026/08/31 23:26:51.312, 25.67, 25.49, 210, 405, 0, 0, 10002, 455, 57, P8, 0x0000000000000001
2026/08/31 23:26:51.813, 25.67, 25.49, 210, 405, 0, 0, 10002, 455, 57, P8, 0x0000000000000001
2026/08/31 23:26:52.313, 25.69, 25.89, 210, 405, 0, 0, 10002, 455, 57, P8, 0x0000000000000001
2026/08/31 23:26:52.814, 25.69, 25.89, 210, 405, 0, 0, 10002, 455, 57, P8, 0x0000000000000001
2026/08/31 23:26:53.314, 25.81, 25.73, 210, 405, 0, 0, 10002, 455, 57, P8, 0x0000000000000001
2026/08/31 23:26:53.815, 25.81, 25.73, 210, 405, 0, 0, 10002, 455, 57, P8, 0x0000000000000001
2026/08/31 23:26:54.315, 25.58, 25.43, 210, 405, 0, 0, 10002, 455, 57, P8, 0x0000000000000001
2026/08/31 23:26:54.815, 25.58, 25.43, 210, 405, 0, 0, 10002, 455, 57, P8, 0x0000000000000001
2026/08/31 23:26:55.316, 25.58, 25.72, 210, 405, 0, 0, 10002, 455, 57, P8, 0x0000000000000001
2026/08/31 23:26:55.816, 25.58, 25.72, 210, 405, 0, 0, 10002, 455, 57, P8, 0x0000000000000001
2026/08/31 23:26:56.317, 25.77, 25.83, 210, 405, 0, 0, 10002, 455, 57, P8, 0x0000000000000001
2026/08/31 23:26:56.817, 25.77, 25.83, 210, 405, 0, 0, 10002, 455, 57, P8, 0x0000000000000001
2026/08/31 23:26:57.317, 25.66, 25.50, 210, 405, 0, 0, 10002, 455, 57, P8, 0x0000000000000001
2026/08/31 23:26:57.818, 25.66, 25.50, 210, 405, 0, 0, 10002, 455, 57, P8, 0x0000000000000001
2026/08/31 23:26:58.318, 25.62, 25.74, 210, 405, 0, 0, 10002, 455, 57, P8, 0x0000000000000001
2026/08/31 23:26:58.818, 25.62, 25.74, 210, 405, 0, 0, 10002, 455, 57, P8, 0x0000000000000001
2026/08/31 23:26:59.319, 25.72, 25.70, 210, 405, 0, 0, 10002, 455, 57, P8, 0x0000000000000001
2026/08/31 23:26:59.819, 25.72, 25.70, 210, 405, 0, 0, 10002, 455, 57, P8, 0x0000000000000001
2026/08/31 23:27:00.319, 25.50, 25.31, 210, 405, 0, 0, 10002, 455, 57, P8, 0x0000000000000001
2026/08/31 23:27:00.820, 29.07, 38.35, 210, 405, 0, 0, 10002, 455, 57, P8, 0x0000000000000001
2026/08/31 23:27:01.320, 31.42, 38.53, 210, 405, 0, 0, 10002, 455, 57, P8, 0x0000000000000001
2026/08/31 23:27:01.821, 37.63, 38.51, 210, 405, 0, 0, 10002, 455, 57, P8, 0x0000000000000001
2026/08/31 23:27:02.321, 37.63, 38.51, 210, 405, 0, 0, 10002, 455, 57, P8, 0x0000000000000001
2026/08/31 23:27:02.821, 26.77, 25.60, 210, 405, 0, 0, 10002, 455, 57, P8, 0x0000000000000001
2026/08/31 23:27:03.322, 26.77, 25.60, 210, 405, 0, 0, 10002, 455, 57, P8, 0x0000000000000001
2026/08/31 23:27:03.822, 25.75, 25.90, 210, 405, 0, 0, 10002, 455, 57, P8, 0x0000000000000001
2026/08/31 23:27:04.322, 25.75, 25.90, 210, 405, 0, 0, 10002, 455, 57, P8, 0x0000000000000001
2026/08/31 23:27:04.823, 25.70, 25.51, 210, 405, 0, 0, 10002, 455, 57, P8, 0x0000000000000001
2026/08/31 23:27:05.323, 25.70, 25.51, 210, 405, 0, 0, 10002, 455, 57, P8, 0x0000000000000001
2026/08/31 23:27:05.823, 25.61, 25.72, 210, 405, 0, 0, 10002, 455, 57, P8, 0x0000000000000001
2026/08/31 23:27:06.324, 25.61, 25.72, 210, 405, 0, 0, 10002, 455, 57, P8, 0x0000000000000001
2026/08/31 23:27:06.824, 25.68, 25.64, 210, 405, 0, 0, 10002, 455, 57, P8, 0x0000000000000001
2026/08/31 23:27:07.325, 25.68, 25.64, 210, 405, 0, 0, 10002, 455, 57, P8, 0x0000000000000001
2026/08/31 23:27:07.825, 25.50, 25.36, 210, 405, 0, 0, 10002, 455, 57, P8, 0x0000000000000001
2026/08/31 23:27:08.325, 25.50, 25.36, 210, 405, 0, 0, 10002, 455, 57, P8, 0x0000000000000001
2026/08/31 23:27:08.826, 25.51, 25.66, 210, 405, 0, 0, 10002, 455, 57, P8, 0x0000000000000001
2026/08/31 23:27:09.326, 25.51, 25.66, 210, 405, 0, 0, 10002, 455, 57, P8, 0x0000000000000001
2026/08/31 23:27:09.827, 25.67, 25.68, 210, 405, 0, 0, 10002, 455, 57, P8, 0x0000000000000001
2026/08/31 23:27:10.327, 25.67, 25.68, 210, 405, 0, 0, 10002, 455, 57, P8, 0x0000000000000001
2026/08/31 23:27:10.828, 25.53, 25.37, 210, 405, 0, 0, 10002, 455, 57, P8, 0x0000000000000001
2026/08/31 23:27:11.328, 25.53, 25.37, 210, 405, 0, 0, 10002, 455, 57, P8, 0x0000000000000001
2026/08/31 23:27:11.828, 25.52, 25.67, 210, 405, 0, 0, 10002, 455, 57, P8, 0x0000000000000001
2026/08/31 23:27:12.329, 25.52, 25.67, 210, 405, 0, 0, 10002, 455, 57, P8, 0x0000000000000001
2026/08/31 23:27:12.829, 25.70, 25.73, 210, 405, 0, 0, 10002, 455, 57, P8, 0x0000000000000001
2026/08/31 23:27:13.330, 25.70, 25.73, 210, 405, 0, 0, 10002, 455, 57, P8, 0x0000000000000001
2026/08/31 23:27:13.830, 25.58, 25.43, 210, 405, 0, 0, 10002, 455, 57, P8, 0x0000000000000001
2026/08/31 23:27:14.330, 25.58, 25.43, 210, 405, 0, 0, 10002, 455, 57, P8, 0x0000000000000001
2026/08/31 23:27:14.831, 25.55, 25.66, 210, 405, 0, 0, 10002, 455, 57, P8, 0x0000000000000001
2026/08/31 23:27:15.331, 25.55, 25.66, 210, 405, 0, 0, 10002, 455, 57, P8, 0x0000000000000001
2026/08/31 23:27:15.831, 25.62, 25.59, 210, 405, 0, 0, 10002, 455, 57, P8, 0x0000000000000001
2026/08/31 23:27:16.332, 25.62, 25.59, 210, 405, 0, 0, 10002, 455, 57, P8, 0x0000000000000001
2026/08/31 23:27:16.832, 25.45, 25.32, 210, 405, 0, 0, 10002, 455, 57, P8, 0x0000000000000001
2026/08/31 23:27:17.332, 25.45, 25.32, 210, 405, 0, 0, 10002, 455, 57, P8, 0x0000000000000001
2026/08/31 23:27:17.833, 25.41, 25.50, 210, 405, 0, 0, 10002, 455, 57, P8, 0x0000000000000001
2026/08/31 23:27:18.333, 25.41, 25.50, 210, 405, 0, 0, 10002, 455, 57, P8, 0x0000000000000001
2026/08/31 23:27:18.833, 25.49, 25.48, 210, 405, 0, 0, 10002, 455, 57, P8, 0x0000000000000001
2026/08/31 23:27:19.334, 25.49, 25.48, 210, 405, 0, 0, 10002, 455, 57, P8, 0x0000000000000001
2026/08/31 23:27:19.834, 25.37, 25.25, 210, 405, 0, 0, 10002, 455, 57, P8, 0x0000000000000001
2026/08/31 23:27:20.335, 25.37, 25.25, 210, 405, 0, 0, 10002, 455, 57, P8, 0x0000000000000001
2026/08/31 23:27:20.835, 25.40, 25.54, 210, 405, 0, 0, 10002, 455, 57, P8, 0x0000000000000001
2026/08/31 23:27:21.335, 25.40, 25.54, 210, 405, 0, 0, 10002, 455, 57, P8, 0x0000000000000001
2026/08/31 23:27:21.836, 25.52, 25.50, 210, 405, 0, 0, 10002, 455, 57, P8, 0x0000000000000001
2026/08/31 23:27:22.336, 25.52, 25.50, 210, 405, 0, 0, 10002, 455, 57, P8, 0x0000000000000001
2026/08/31 23:27:22.836, 25.35, 25.20, 210, 405, 0, 0, 10002, 455, 57, P8, 0x0000000000000001
2026/08/31 23:27:23.337, 25.35, 25.20, 210, 405, 0, 0, 10002, 455, 57, P8, 0x0000000000000001
2026/08/31 23:27:23.837, 25.30, 25.40, 210, 405, 0, 0, 10002, 455, 57, P8, 0x0000000000000001
2026/08/31 23:27:24.337, 25.30, 25.40, 210, 405, 0, 0, 10002, 455, 57, P8, 0x0000000000000001
2026/08/31 23:27:24.838, 25.43, 25.47, 210, 405, 0, 0, 10002, 455, 57, P8, 0x0000000000000001
2026/08/31 23:27:25.338, 25.43, 25.47, 210, 405, 0, 0, 10002, 455, 57, P8, 0x0000000000000001
2026/08/31 23:27:25.839, 25.36, 25.26, 210, 405, 0, 0, 10002, 455, 57, P8, 0x0000000000000001
2026/08/31 23:27:26.339, 25.36, 25.26, 210, 405, 0, 0, 10002, 455, 57, P8, 0x0000000000000001
2026/08/31 23:27:26.839, 25.45, 25.65, 210, 405, 0, 0, 10002, 455, 57, P8, 0x0000000000000001
2026/08/31 23:27:27.340, 25.45, 25.65, 210, 405, 0, 0, 10002, 455, 57, P8, 0x0000000000000001
2026/08/31 23:27:27.840, 25.64, 25.64, 210, 405, 0, 0, 10002, 455, 57, P8, 0x0000000000000001
2026/08/31 23:27:28.341, 25.64, 25.64, 210, 405, 0, 0, 10002, 455, 57, P8, 0x0000000000000001
2026/08/31 23:27:28.841, 25.43, 25.22, 210, 405, 0, 0, 10002, 455, 57, P8, 0x0000000000000001
2026/08/31 23:27:29.341, 25.43, 25.22, 210, 405, 0, 0, 10002, 455, 57, P8, 0x0000000000000001
2026/08/31 23:27:29.842, 25.31, 25.41, 210, 405, 0, 0, 10002, 455, 57, P8, 0x0000000000000001
2026/08/31 23:27:30.342, 25.31, 25.41, 210, 405, 0, 0, 10002, 455, 56, P8, 0x0000000000000001
2026/08/31 23:27:30.842, 25.44, 25.47, 210, 405, 0, 0, 10002, 455, 56, P8, 0x0000000000000001
2026/08/31 23:27:31.343, 25.44, 25.47, 210, 405, 0, 0, 10002, 455, 56, P8, 0x0000000000000001
2026/08/31 23:27:31.843, 25.29, 25.11, 210, 405, 0, 0, 10002, 455, 56, P8, 0x0000000000000001
2026/08/31 23:27:32.344, 25.29, 25.11, 210, 405, 0, 0, 10002, 455, 57, P8, 0x0000000000000001
2026/08/31 23:27:32.844, 25.31, 25.51, 210, 405, 0, 0, 10002, 455, 57, P8, 0x0000000000000001
2026/08/31 23:27:33.345, 25.31, 25.51, 210, 405, 0, 0, 10002, 455, 57, P8, 0x0000000000000001
2026/08/31 23:27:33.845, 25.52, 25.52, 210, 405, 0, 0, 10002, 455, 57, P8, 0x0000000000000001
2026/08/31 23:27:34.345, 25.52, 25.52, 210, 405, 0, 0, 10002, 455, 57, P8, 0x0000000000000001
2026/08/31 23:27:34.846, 25.38, 25.25, 210, 405, 0, 0, 10002, 455, 57, P8, 0x0000000000000001
2026/08/31 23:27:35.346, 25.38, 25.25, 210, 405, 0, 0, 10002, 455, 56, P8, 0x0000000000000001
2026/08/31 23:27:35.846, 25.46, 25.67, 210, 405, 0, 0, 10002, 455, 56, P8, 0x0000000000000001
2026/08/31 23:27:36.347, 25.46, 25.67, 210, 405, 0, 0, 10002, 455, 56, P8, 0x0000000000000001
2026/08/31 23:27:36.847, 25.66, 25.65, 210, 405, 0, 0, 10002, 455, 56, P8, 0x0000000000000001
2026/08/31 23:27:37.348, 25.66, 25.65, 210, 405, 0, 0, 10002, 455, 56, P8, 0x0000000000000001
2026/08/31 23:27:37.848, 25.48, 25.31, 210, 405, 0, 0, 10002, 455, 56, P8, 0x0000000000000001
2026/08/31 23:27:38.348, 25.48, 25.31, 210, 405, 0, 0, 10002, 455, 56, P8, 0x0000000000000001
2026/08/31 23:27:38.849, 25.51, 25.72, 210, 405, 0, 0, 10002, 455, 56, P8, 0x0000000000000001
2026/08/31 23:27:39.349, 25.51, 25.72, 210, 405, 0, 0, 10002, 455, 56, P8, 0x0000000000000001
2026/08/31 23:27:39.850, 25.67, 25.61, 210, 405, 0, 0, 10002, 455, 56, P8, 0x0000000000000001
2026/08/31 23:27:40.350, 25.67, 25.61, 210, 405, 0, 0, 10002, 455, 56, P8, 0x0000000000000001
2026/08/31 23:27:40.850, 25.48, 25.35, 210, 405, 0, 0, 10002, 455, 56, P8, 0x0000000000000001
2026/08/31 23:27:41.351, 25.48, 25.35, 210, 405, 0, 0, 10002, 455, 56, P8, 0x0000000000000001
2026/08/31 23:27:41.851, 25.51, 25.66, 210, 405, 0, 0, 10002, 455, 56, P8, 0x0000000000000001
2026/08/31 23:27:42.352, 25.51, 25.66, 210, 405, 0, 0, 10002, 455, 56, P8, 0x0000000000000001
2026/08/31 23:27:42.852, 25.50, 25.35, 210, 405, 0, 0, 10002, 455, 56, P8, 0x0000000000000001
2026/08/31 23:27:43.353, 25.50, 25.35, 210, 405, 0, 0, 10002, 455, 56, P8, 0x0000000000000001
2026/08/31 23:27:43.853, 25.47, 25.59, 210, 405, 0, 0, 10002, 455, 56, P8, 0x0000000000000001
2026/08/31 23:27:44.353, 25.47, 25.59, 210, 405, 0, 0, 10002, 455, 56, P8, 0x0000000000000001
2026/08/31 23:27:44.854, 25.58, 25.58, 210, 405, 0, 0, 10002, 455, 56, P8, 0x0000000000000001
2026/08/31 23:27:45.354, 25.58, 25.58, 210, 405, 0, 0, 10002, 455, 56, P8, 0x0000000000000001
2026/08/31 23:27:45.854, 25.38, 25.18, 210, 405, 0, 0, 10002, 455, 56, P8, 0x0000000000000001
2026/08/31 23:27:46.355, 25.38, 25.18, 210, 405, 0, 0, 10002, 455, 56, P8, 0x0000000000000001
2026/08/31 23:27:46.855, 25.35, 25.53, 210, 405, 0, 0, 10002, 455, 56, P8, 0x0000000000000001
2026/08/31 23:27:47.356, 25.35, 25.53, 210, 405, 0, 0, 10002, 455, 56, P8, 0x0000000000000001
2026/08/31 23:27:47.856, 25.58, 25.64, 210, 405, 0, 0, 10002, 455, 56, P8, 0x0000000000000001
2026/08/31 23:27:48.357, 25.58, 25.64, 210, 405, 0, 0, 10002, 455, 56, P8, 0x0000000000000001
2026/08/31 23:27:48.857, 25.50, 25.35, 210, 405, 0, 0, 10002, 455, 56, P8, 0x0000000000000001
2026/08/31 23:27:49.358, 25.50, 25.35, 210, 405, 0, 0, 10002, 455, 56, P8, 0x0000000000000001
2026/08/31 23:27:49.858, 25.46, 25.57, 210, 405, 0, 0, 10002, 455, 56, P8, 0x0000000000000001
2026/08/31 23:27:50.358, 25.46, 25.57, 210, 405, 0, 0, 10002, 455, 56, P8, 0x0000000000000001
2026/08/31 23:27:50.859, 25.58, 25.60, 210, 405, 0, 0, 10002, 455, 56, P8, 0x0000000000000001
2026/08/31 23:27:51.359, 25.58, 25.60, 210, 405, 0, 0, 10002, 455, 56, P8, 0x0000000000000001
2026/08/31 23:27:51.859, 25.38, 25.16, 210, 405, 0, 0, 10002, 455, 56, P8, 0x0000000000000001
2026/08/31 23:27:52.359, 25.38, 25.16, 210, 405, 0, 0, 10002, 455, 56, P8, 0x0000000000000001
2026/08/31 23:27:52.860, 25.38, 25.60, 210, 405, 0, 0, 10002, 455, 56, P8, 0x0000000000000001
2026/08/31 23:27:53.360, 25.38, 25.60, 210, 405, 0, 0, 10002, 455, 56, P8, 0x0000000000000001
2026/08/31 23:27:53.861, 25.57, 25.53, 210, 405, 0, 0, 10002, 455, 56, P8, 0x0000000000000001
2026/08/31 23:27:54.361, 25.57, 25.53, 210, 405, 0, 0, 10002, 455, 56, P8, 0x0000000000000001
2026/08/31 23:27:54.861, 25.34, 25.15, 210, 405, 0, 0, 10002, 455, 56, P8, 0x0000000000000001
2026/08/31 23:27:55.362, 25.29, 25.43, 210, 405, 0, 0, 10002, 455, 56, P8, 0x0000000000000001
2026/08/31 23:27:55.862, 25.29, 25.43, 210, 405, 0, 0, 10002, 455, 56, P8, 0x0000000000000001
2026/08/31 23:27:56.362, 25.38, 25.33, 210, 405, 0, 0, 10002, 455, 56, P8, 0x0000000000000001
2026/08/31 23:27:56.863, 25.38, 25.33, 210, 405, 0, 0, 10002, 455, 56, P8, 0x0000000000000001
2026/08/31 23:27:57.363, 25.24, 25.14, 210, 405, 0, 0, 10002, 455, 56, P8, 0x0000000000000001
2026/08/31 23:27:57.863, 25.24, 25.14, 210, 405, 0, 0, 10002, 455, 56, P8, 0x0000000000000001
2026/08/31 23:27:58.364, 25.37, 25.59, 210, 405, 0, 0, 10002, 455, 56, P8, 0x0000000000000001
2026/08/31 23:27:58.864, 25.37, 25.59, 210, 405, 0, 0, 10002, 455, 56, P8, 0x0000000000000001
2026/08/31 23:27:59.365, 25.54, 25.49, 210, 405, 0, 0, 10002, 455, 56, P8, 0x0000000000000001
2026/08/31 23:27:59.865, 25.54, 25.49, 210, 405, 0, 0, 10002, 455, 56, P8, 0x0000000000000001
2026/08/31 23:28:00.366, 25.35, 25.22, 210, 405, 0, 0, 10002, 455, 56, P8, 0x0000000000000001
2026/08/31 23:28:00.866, 29.56, 37.90, 210, 405, 0, 0, 10002, 455, 57, P8, 0x0000000000000001
2026/08/31 23:28:01.367, 31.66, 37.83, 210, 405, 0, 0, 10002, 455, 57, P8, 0x0000000000000001
2026/08/31 23:28:01.867, 31.66, 37.83, 210, 405, 0, 0, 10002, 455, 57, P8, 0x0000000000000001
2026/08/31 23:28:02.368, 26.58, 25.45, 210, 405, 0, 0, 10002, 455, 57, P8, 0x0000000000000001
2026/08/31 23:28:02.868, 26.58, 25.45, 210, 405, 0, 0, 10002, 455, 57, P8, 0x0000000000000001
2026/08/31 23:28:03.368, 25.44, 25.43, 210, 405, 0, 0, 10002, 455, 56, P8, 0x0000000000000001
2026/08/31 23:28:03.869, 25.44, 25.43, 210, 405, 0, 0, 10002, 455, 56, P8, 0x0000000000000001
2026/08/31 23:28:04.369, 25.26, 25.10, 210, 405, 0, 0, 10002, 455, 56, P8, 0x0000000000000001
2026/08/31 23:28:04.869, 25.26, 25.10, 210, 405, 0, 0, 10002, 455, 56, P8, 0x0000000000000001
2026/08/31 23:28:05.370, 25.25, 25.40, 210, 405, 0, 0, 10002, 455, 56, P8, 0x0000000000000001
2026/08/31 23:28:05.870, 25.25, 25.40, 210, 405, 0, 0, 10002, 455, 56, P8, 0x0000000000000001
2026/08/31 23:28:06.370, 25.43, 25.46, 210, 405, 0, 0, 10002, 455, 56, P8, 0x0000000000000001
2026/08/31 23:28:06.871, 25.43, 25.46, 210, 405, 0, 0, 10002, 455, 56, P8, 0x0000000000000001
2026/08/31 23:28:07.371, 25.20, 24.95, 210, 405, 0, 0, 10002, 455, 56, P8, 0x0000000000000001
2026/08/31 23:28:07.872, 25.20, 24.95, 210, 405, 0, 0, 754, 455, 56, P8, 0x0000000000000001
2026/08/31 23:28:08.372, 29.30, 45.89, 285, 405, 100, 48, 454, 455, 57, P8, 0x0000000000000001
2026/08/31 23:28:08.872, 60.20, 121.18, 1725, 9751, 100, 48, 454, 455, 60, P0, 0x0000000000000001
2026/08/31 23:28:09.373, 110.81, 121.41, 1725, 9751, 0, 0, 454, 455, 61, P0, 0x0000000000000001
2026/08/31 23:28:09.873, 121.34, 121.46, 1725, 9751, 0, 0, 454, 455, 61, P0, 0x0000000000000001
2026/08/31 23:28:10.374, 118.42, 88.26, 405, 5001, 0, 0, 454, 455, 61, P3, 0x0000000000000001
2026/08/31 23:28:10.874, 101.01, 82.90, 330, 5001, 0, 0, 454, 455, 60, P3, 0x0000000000000001
2026/08/31 23:28:11.374, 82.70, 81.08, 255, 5001, 0, 0, 454, 455, 59, P3, 0x0000000000000001
2026/08/31 23:28:11.874, 81.22, 81.02, 240, 5001, 0, 0, 454, 455, 59, P3, 0x0000000000000001
2026/08/31 23:28:12.375, 64.57, 43.95, 210, 810, 0, 0, 454, 455, 58, P5, 0x0000000000000001
2026/08/31 23:28:12.875, 47.74, 44.01, 210, 810, 0, 0, 454, 455, 58, P5, 0x0000000000000001
2026/08/31 23:28:13.376, 43.88, 43.82, 210, 810, 1, 0, 454, 455, 58, P5, 0x0000000000000001
2026/08/31 23:28:13.876, 42.95, 38.44, 210, 405, 1, 0, 454, 455, 58, P8, 0x0000000000000001
2026/08/31 23:28:14.376, 40.50, 38.55, 210, 405, 1, 0, 454, 455, 58, P8, 0x0000000000000001
2026/08/31 23:28:14.877, 38.42, 38.24, 210, 405, 1, 0, 454, 455, 58, P8, 0x0000000000000001
2026/08/31 23:28:15.377, 38.38, 38.48, 210, 405, 1, 0, 454, 455, 58, P8, 0x0000000000000001
2026/08/31 23:28:15.878, 38.38, 38.39, 210, 405, 1, 0, 454, 455, 57, P8, 0x0000000000000001
2026/08/31 23:28:16.378, 38.41, 38.47, 210, 405, 1, 0, 454, 455, 58, P8, 0x0000000000000001
2026/08/31 23:28:16.878, 38.45, 38.49, 210, 405, 1, 0, 454, 455, 58, P8, 0x0000000000000001
2026/08/31 23:28:17.379, 38.53, 38.56, 210, 405, 0, 0, 454, 455, 57, P8, 0x0000000000000001
2026/08/31 23:28:17.879, 38.49, 38.48, 210, 405, 0, 0, 454, 455, 57, P8, 0x0000000000000001
2026/08/31 23:28:18.379, 38.54, 38.63, 210, 405, 0, 0, 454, 455, 58, P8, 0x0000000000000001
2026/08/31 23:28:18.880, 38.55, 38.45, 210, 405, 0, 0, 454, 455, 57, P8, 0x0000000000000001
2026/08/31 23:28:19.380, 38.45, 38.38, 210, 405, 1, 0, 454, 455, 58, P8, 0x0000000000000001
2026/08/31 23:28:19.880, 38.31, 38.28, 210, 405, 1, 0, 454, 455, 58, P8, 0x0000000000000001
2026/08/31 23:28:20.381, 38.27, 38.26, 210, 405, 0, 0, 454, 455, 58, P8, 0x0000000000000001
2026/08/31 23:28:20.881, 38.31, 38.38, 210, 405, 0, 0, 454, 455, 58, P8, 0x0000000000000001
2026/08/31 23:28:21.381, 38.35, 38.43, 210, 405, 0, 0, 454, 455, 57, P8, 0x0000000000000001
2026/08/31 23:28:21.882, 38.46, 38.61, 210, 405, 0, 0, 454, 455, 57, P8, 0x0000000000000001
2026/08/31 23:28:22.382, 38.50, 38.42, 210, 405, 0, 0, 454, 455, 58, P8, 0x0000000000000001
2026/08/31 23:28:22.882, 38.46, 38.24, 210, 405, 0, 0, 454, 455, 57, P8, 0x0000000000000001
2026/08/31 23:28:23.383, 38.36, 38.43, 210, 405, 1, 0, 454, 455, 58, P8, 0x0000000000000001
2026/08/31 23:28:23.883, 38.27, 38.25, 210, 405, 1, 0, 454, 455, 58, P8, 0x0000000000000001
2026/08/31 23:28:24.383, 38.29, 38.36, 210, 405, 1, 0, 454, 455, 57, P8, 0x0000000000000001
2026/08/31 23:28:24.884, 38.28, 38.26, 210, 405, 1, 0, 454, 455, 58, P8, 0x0000000000000001
2026/08/31 23:28:25.384, 38.28, 38.34, 210, 405, 1, 0, 454, 455, 58, P8, 0x0000000000000001
2026/08/31 23:28:25.885, 38.30, 38.19, 210, 405, 1, 0, 454, 455, 57, P8, 0x0000000000000001
2026/08/31 23:28:26.385, 38.31, 38.52, 210, 405, 1, 0, 454, 455, 58, P8, 0x0000000000000001
2026/08/31 23:28:26.885, 38.32, 38.41, 210, 405, 1, 0, 454, 455, 58, P8, 0x0000000000000001
2026/08/31 23:28:27.386, 38.35, 38.33, 210, 405, 1, 0, 454, 455, 57, P8, 0x0000000000000001
2026/08/31 23:28:27.886, 38.30, 38.19, 210, 405, 1, 0, 454, 455, 58, P8, 0x0000000000000001
2026/08/31 23:28:28.386, 38.29, 38.29, 210, 405, 1, 0, 454, 455, 58, P8, 0x0000000000000001
2026/08/31 23:28:28.886, 38.28, 38.27, 210, 405, 1, 0, 454, 455, 58, P8, 0x0000000000000001
2026/08/31 23:28:29.387, 38.28, 38.38, 210, 405, 1, 0, 454, 455, 58, P8, 0x0000000000000001
2026/08/31 23:28:29.887, 38.35, 38.41, 210, 405, 1, 0, 454, 455, 58, P8, 0x0000000000000001
2026/08/31 23:28:30.387, 38.42, 38.39, 210, 405, 1, 0, 454, 455, 58, P8, 0x0000000000000001
2026/08/31 23:28:30.888, 38.34, 38.22, 210, 405, 1, 0, 454, 455, 58, P8, 0x0000000000000001
2026/08/31 23:28:31.388, 38.23, 38.18, 210, 405, 0, 0, 454, 455, 58, P8, 0x0000000000000001
2026/08/31 23:28:31.889, 38.25, 38.28, 210, 405, 0, 0, 454, 455, 58, P8, 0x0000000000000001
2026/08/31 23:28:32.389, 38.29, 38.23, 210, 405, 0, 0, 454, 455, 58, P8, 0x0000000000000001
2026/08/31 23:28:32.889, 38.29, 38.26, 210, 405, 0, 0, 454, 455, 58, P8, 0x0000000000000001
2026/08/31 23:28:33.390, 38.35, 38.43, 210, 405, 1, 0, 454, 455, 58, P8, 0x0000000000000001
2026/08/31 23:28:33.890, 38.41, 38.42, 210, 405, 1, 0, 454, 455, 58, P8, 0x0000000000000001
2026/08/31 23:28:34.393, 38.41, 38.42, 210, 405, 0, 0, 454, 455, 58, P8, 0x0000000000000001
2026/08/31 23:28:34.893, 38.42, 38.52, 210, 405, 0, 0, 454, 455, 58, P8, 0x0000000000000001
2026/08/31 23:28:35.393, 38.40, 38.44, 210, 405, 0, 0, 454, 455, 58, P8, 0x0000000000000001
2026/08/31 23:28:35.894, 38.38, 38.46, 210, 405, 0, 0, 454, 455, 58, P8, 0x0000000000000001
2026/08/31 23:28:36.394, 38.42, 38.46, 210, 405, 1, 0, 454, 455, 58, P8, 0x0000000000000001
2026/08/31 23:28:36.894, 38.46, 38.48, 210, 405, 1, 0, 454, 455, 58, P8, 0x0000000000000001
2026/08/31 23:28:37.395, 38.47, 38.43, 210, 405, 1, 0, 454, 455, 58, P8, 0x0000000000000001
2026/08/31 23:28:37.895, 38.48, 38.57, 210, 405, 1, 0, 454, 455, 58, P8, 0x0000000000000001
2026/08/31 23:28:38.395, 38.50, 38.51, 210, 405, 1, 0, 454, 455, 58, P8, 0x0000000000000001
2026/08/31 23:28:38.896, 38.52, 38.45, 210, 405, 1, 0, 454, 455, 58, P8, 0x0000000000000001
2026/08/31 23:28:39.396, 38.48, 38.61, 210, 405, 1, 0, 454, 455, 58, P8, 0x0000000000000001
2026/08/31 23:28:39.897, 38.51, 38.62, 210, 405, 1, 0, 454, 455, 58, P8, 0x0000000000000001
2026/08/31 23:28:40.397, 38.56, 38.48, 210, 405, 1, 0, 454, 455, 58, P8, 0x0000000000000001
2026/08/31 23:28:40.897, 38.55, 38.27, 210, 405, 1, 0, 454, 455, 58, P8, 0x0000000000000001
2026/08/31 23:28:41.398, 38.50, 38.40, 210, 405, 1, 0, 454, 455, 58, P8, 0x0000000000000001
2026/08/31 23:28:41.898, 38.44, 38.43, 210, 405, 1, 0, 454, 455, 58, P8, 0x0000000000000001
2026/08/31 23:28:42.398, 38.43, 38.53, 210, 405, 1, 0, 454, 455, 58, P8, 0x0000000000000001
2026/08/31 23:28:42.898, 38.40, 38.44, 210, 405, 1, 0, 454, 455, 58, P8, 0x0000000000000001
2026/08/31 23:28:43.399, 38.40, 38.42, 210, 405, 1, 0, 454, 455, 58, P8, 0x0000000000000001
2026/08/31 23:28:43.899, 38.42, 38.25, 210, 405, 1, 0, 454, 455, 58, P8, 0x0000000000000001
2026/08/31 23:28:44.400, 38.47, 38.40, 210, 405, 1, 0, 454, 455, 58, P8, 0x0000000000000001
2026/08/31 23:28:44.900, 38.47, 38.44, 210, 405, 1, 0, 454, 455, 58, P8, 0x0000000000000001
2026/08/31 23:28:45.400, 38.56, 38.59, 210, 405, 0, 0, 454, 455, 58, P8, 0x0000000000000001
2026/08/31 23:28:45.900, 38.67, 38.72, 210, 405, 0, 0, 454, 455, 58, P8, 0x0000000000000001
2026/08/31 23:28:46.401, 38.69, 38.50, 210, 405, 0, 0, 454, 455, 58, P8, 0x0000000000000001
2026/08/31 23:28:46.901, 38.61, 38.51, 210, 405, 0, 0, 454, 455, 58, P8, 0x0000000000000001
2026/08/31 23:28:47.401, 38.52, 38.53, 210, 405, 0, 0, 454, 455, 58, P8, 0x0000000000000001
2026/08/31 23:28:47.902, 38.50, 38.35, 210, 405, 0, 0, 454, 455, 58, P8, 0x0000000000000001
2026/08/31 23:28:48.402, 38.47, 38.49, 210, 405, 0, 0, 454, 455, 58, P8, 0x0000000000000001
2026/08/31 23:28:48.902, 38.49, 38.62, 210, 405, 0, 0, 454, 455, 58, P8, 0x0000000000000001
2026/08/31 23:28:49.403, 38.51, 38.36, 210, 405, 1, 0, 454, 455, 58, P8, 0x0000000000000001
2026/08/31 23:28:49.903, 38.50, 38.56, 210, 405, 1, 0, 454, 455, 58, P8, 0x0000000000000001
2026/08/31 23:28:50.403, 38.52, 38.64, 210, 405, 1, 0, 454, 455, 58, P8, 0x0000000000000001
2026/08/31 23:28:50.904, 38.48, 38.39, 210, 405, 1, 0, 454, 455, 58, P8, 0x0000000000000001
2026/08/31 23:28:51.404, 38.46, 38.52, 210, 405, 1, 0, 454, 455, 58, P8, 0x0000000000000001
2026/08/31 23:28:51.904, 38.47, 38.40, 210, 405, 1, 0, 454, 455, 58, P8, 0x0000000000000001
2026/08/31 23:28:52.405, 38.43, 38.42, 210, 405, 1, 0, 454, 455, 58, P8, 0x0000000000000001
2026/08/31 23:28:52.905, 38.41, 38.48, 210, 405, 1, 0, 454, 455, 58, P8, 0x0000000000000001
2026/08/31 23:28:53.405, 38.49, 38.59, 210, 405, 1, 0, 454, 455, 58, P8, 0x0000000000000001
2026/08/31 23:28:53.906, 38.57, 38.49, 210, 405, 1, 0, 454, 455, 58, P8, 0x0000000000000001
2026/08/31 23:28:54.406, 38.58, 38.47, 210, 405, 1, 0, 454, 455, 58, P8, 0x0000000000000001
2026/08/31 23:28:54.906, 38.51, 38.39, 210, 405, 1, 0, 454, 455, 58, P8, 0x0000000000000001
2026/08/31 23:28:55.407, 38.45, 38.58, 210, 405, 1, 0, 454, 455, 58, P8, 0x0000000000000001
2026/08/31 23:28:55.907, 38.56, 38.65, 210, 405, 1, 0, 454, 455, 58, P8, 0x0000000000000001
2026/08/31 23:28:56.407, 38.69, 38.63, 210, 405, 1, 0, 454, 455, 58, P8, 0x0000000000000001
2026/08/31 23:28:56.907, 38.69, 38.72, 210, 405, 1, 0, 454, 455, 58, P8, 0x0000000000000001
2026/08/31 23:28:57.408, 38.73, 38.60, 210, 405, 1, 0, 454, 455, 58, P8, 0x0000000000000001
2026/08/31 23:28:57.908, 38.71, 38.62, 210, 405, 1, 0, 454, 455, 58, P8, 0x0000000000000001
2026/08/31 23:28:58.408, 38.64, 38.61, 210, 405, 1, 0, 454, 455, 58, P8, 0x0000000000000001
2026/08/31 23:28:58.909, 38.69, 38.81, 210, 405, 1, 0, 454, 455, 58, P8, 0x0000000000000001
2026/08/31 23:28:59.409, 38.74, 38.62, 210, 405, 0, 0, 454, 455, 58, P8, 0x0000000000000001
2026/08/31 23:28:59.909, 38.77, 38.82, 210, 405, 0, 0, 454, 455, 58, P8, 0x0000000000000001
2026/08/31 23:29:00.410, 38.71, 38.71, 210, 405, 0, 0, 454, 455, 58, P8, 0x0000000000000001
2026/08/31 23:29:00.910, 38.73, 38.85, 210, 405, 0, 0, 454, 455, 58, P8, 0x0000000000000001
2026/08/31 23:29:01.410, 38.73, 38.60, 210, 405, 1, 0, 454, 455, 58, P8, 0x0000000000000001
2026/08/31 23:29:01.911, 38.69, 38.59, 210, 405, 1, 0, 454, 455, 58, P8, 0x0000000000000001
2026/08/31 23:29:02.411, 38.67, 38.74, 210, 405, 0, 0, 454, 455, 58, P8, 0x0000000000000001
2026/08/31 23:29:02.911, 38.68, 38.67, 210, 405, 0, 0, 454, 455, 58, P8, 0x0000000000000001
2026/08/31 23:29:03.412, 38.70, 38.66, 210, 405, 0, 0, 454, 455, 58, P8, 0x0000000000000001
2026/08/31 23:29:03.912, 38.71, 38.68, 210, 405, 0, 0, 454, 455, 58, P8, 0x0000000000000001
2026/08/31 23:29:04.412, 38.70, 38.70, 210, 405, 1, 0, 454, 455, 58, P8, 0x0000000000000001
2026/08/31 23:29:04.913, 38.68, 38.51, 210, 405, 1, 0, 454, 455, 58, P8, 0x0000000000000001
2026/08/31 23:29:05.413, 38.67, 38.63, 210, 405, 1, 0, 454, 455, 58, P8, 0x0000000000000001
2026/08/31 23:29:05.913, 38.62, 38.55, 210, 405, 1, 0, 454, 455, 58, P8, 0x0000000000000001
2026/08/31 23:29:06.414, 38.56, 38.59, 210, 405, 1, 0, 454, 455, 58, P8, 0x0000000000000001
2026/08/31 23:29:06.914, 38.62, 38.76, 210, 405, 1, 0, 454, 455, 58, P8, 0x0000000000000001
2026/08/31 23:29:07.414, 38.67, 38.57, 210, 405, 1, 0, 454, 455, 58, P8, 0x0000000000000001
2026/08/31 23:29:07.915, 38.63, 38.55, 210, 405, 1, 0, 454, 455, 58, P8, 0x0000000000000001
2026/08/31 23:29:08.415, 38.57, 38.58, 210, 405, 1, 0, 454, 455, 58, P8, 0x0000000000000001
2026/08/31 23:29:08.915, 38.53, 38.55, 210, 405, 1, 0, 454, 455, 58, P8, 0x0000000000000001
2026/08/31 23:29:09.416, 38.54, 38.45, 210, 405, 0, 0, 454, 455, 58, P8, 0x0000000000000001
2026/08/31 23:29:09.916, 38.57, 38.52, 210, 405, 0, 0, 454, 455, 58, P8, 0x0000000000000001
2026/08/31 23:29:10.417, 38.62, 38.53, 210, 405, 0, 0, 454, 455, 58, P8, 0x0000000000000001
2026/08/31 23:29:10.917, 38.67, 38.55, 210, 405, 0, 0, 454, 455, 58, P8, 0x0000000000000001
2026/08/31 23:29:11.417, 38.63, 38.55, 210, 405, 0, 0, 454, 455, 58, P8, 0x0000000000000001
2026/08/31 23:29:11.918, 38.62, 38.44, 210, 405, 0, 0, 454, 455, 58, P8, 0x0000000000000001
2026/08/31 23:29:12.418, 38.59, 38.56, 210, 405, 1, 0, 454, 455, 58, P8, 0x0000000000000001
2026/08/31 23:29:12.918, 38.55, 38.63, 210, 405, 1, 0, 454, 455, 58, P8, 0x0000000000000001
2026/08/31 23:29:13.419, 38.58, 38.54, 210, 405, 0, 0, 454, 455, 58, P8, 0x0000000000000001
2026/08/31 23:29:13.919, 38.58, 38.53, 210, 405, 0, 0, 454, 455, 58, P8, 0x0000000000000001
2026/08/31 23:29:14.420, 38.52, 38.37, 210, 405, 0, 0, 454, 455, 58, P8, 0x0000000000000001
2026/08/31 23:29:14.920, 38.54, 38.56, 210, 405, 0, 0, 454, 455, 58, P8, 0x0000000000000001
2026/08/31 23:29:15.420, 38.56, 38.65, 210, 405, 0, 0, 454, 455, 58, P8, 0x0000000000000001
2026/08/31 23:29:15.921, 38.65, 38.71, 210, 405, 0, 0, 454, 455, 58, P8, 0x0000000000000001
2026/08/31 23:29:16.421, 38.71, 38.73, 210, 405, 1, 0, 454, 455, 58, P8, 0x0000000000000001
2026/08/31 23:29:16.922, 38.69, 38.72, 210, 405, 1, 0, 454, 455, 58, P8, 0x0000000000000001
2026/08/31 23:29:17.422, 38.64, 38.49, 210, 405, 1, 0, 454, 455, 58, P8, 0x0000000000000001
2026/08/31 23:29:17.922, 38.56, 38.54, 210, 405, 1, 0, 454, 455, 58, P8, 0x0000000000000001
2026/08/31 23:29:18.423, 38.57, 38.52, 210, 405, 1, 0, 454, 455, 58, P8, 0x0000000000000001
2026/08/31 23:29:18.923, 38.55, 38.64, 210, 405, 1, 0, 454, 455, 58, P8, 0x0000000000000001
2026/08/31 23:29:19.423, 38.58, 38.77, 210, 405, 1, 0, 454, 455, 58, P8, 0x0000000000000001
2026/08/31 23:29:19.924, 38.66, 38.54, 210, 405, 1, 0, 454, 455, 58, P8, 0x0000000000000001
2026/08/31 23:29:20.424, 38.62, 38.69, 210, 405, 1, 0, 454, 455, 58, P8, 0x0000000000000001
2026/08/31 23:29:20.924, 38.61, 38.76, 210, 405, 1, 0, 454, 455, 58, P8, 0x0000000000000001
2026/08/31 23:29:21.425, 38.71, 38.74, 210, 405, 1, 0, 454, 455, 58, P8, 0x0000000000000001
2026/08/31 23:29:21.925, 38.77, 38.62, 210, 405, 1, 0, 454, 455, 58, P8, 0x0000000000000001
2026/08/31 23:29:22.425, 38.81, 39.10, 210, 405, 1, 0, 454, 455, 58, P8, 0x0000000000000001
2026/08/31 23:29:22.926, 38.88, 38.91, 210, 405, 1, 0, 454, 455, 58, P8, 0x0000000000000001
2026/08/31 23:29:23.426, 38.89, 38.76, 210, 405, 1, 0, 454, 455, 58, P8, 0x0000000000000001
2026/08/31 23:29:23.926, 38.79, 38.81, 210, 405, 1, 0, 454, 455, 58, P8, 0x0000000000000001
2026/08/31 23:29:24.427, 38.86, 39.04, 210, 405, 1, 0, 454, 455, 58, P8, 0x0000000000000001
2026/08/31 23:29:24.927, 38.93, 38.82, 210, 405, 1, 0, 454, 455, 58, P8, 0x0000000000000001
2026/08/31 23:29:25.429, 38.91, 38.88, 210, 405, 0, 0, 454, 455, 58, P8, 0x0000000000000001
2026/08/31 23:29:25.929, 38.87, 38.95, 210, 405, 0, 0, 454, 455, 58, P8, 0x0000000000000001
2026/08/31 23:29:26.430, 38.85, 38.82, 210, 405, 0, 0, 454, 455, 58, P8, 0x0000000000000001
2026/08/31 23:29:26.930, 38.82, 38.76, 210, 405, 0, 0, 454, 455, 58, P8, 0x0000000000000001
2026/08/31 23:29:27.430, 38.73, 38.56, 210, 405, 1, 0, 454, 455, 58, P8, 0x0000000000000001
2026/08/31 23:29:27.931, 38.67, 38.59, 210, 405, 1, 0, 454, 455, 58, P8, 0x0000000000000001
2026/08/31 23:29:28.431, 38.66, 38.66, 210, 405, 0, 0, 454, 455, 58, P8, 0x0000000000000001
2026/08/31 23:29:28.931, 38.70, 38.71, 210, 405, 0, 0, 454, 455, 58, P8, 0x0000000000000001
2026/08/31 23:29:29.432, 38.76, 38.86, 210, 405, 0, 0, 454, 455, 58, P8, 0x0000000000000001
2026/08/31 23:29:29.932, 38.87, 39.06, 210, 405, 0, 0, 454, 455, 58, P8, 0x0000000000000001
2026/08/31 23:29:30.432, 39.08, 39.46, 210, 405, 2, 0, 454, 455, 58, P8, 0x0000000000000001
2026/08/31 23:29:30.933, 39.19, 39.02, 210, 405, 2, 0, 454, 455, 58, P8, 0x0000000000000001
2026/08/31 23:29:31.433, 39.15, 38.98, 210, 405, 1, 0, 454, 455, 58, P8, 0x0000000000000001
2026/08/31 23:29:31.933, 39.05, 38.94, 210, 405, 1, 0, 454, 455, 58, P8, 0x0000000000000001
2026/08/31 23:29:32.434, 39.03, 39.08, 210, 405, 1, 0, 454, 455, 58, P8, 0x0000000000000001
2026/08/31 23:29:32.934, 39.01, 38.99, 210, 405, 1, 0, 454, 455, 58, P8, 0x0000000000000001
2026/08/31 23:29:33.435, 38.99, 38.97, 210, 405, 1, 0, 454, 455, 58, P8, 0x0000000000000001
2026/08/31 23:29:33.935, 38.97, 38.92, 210, 405, 1, 0, 454, 455, 58, P8, 0x0000000000000001
2026/08/31 23:29:34.435, 39.03, 39.06, 210, 405, 1, 0, 454, 455, 58, P8, 0x0000000000000001
2026/08/31 23:29:34.935, 39.01, 38.80, 210, 405, 1, 0, 454, 455, 58, P8, 0x0000000000000001
2026/08/31 23:29:35.436, 38.99, 39.01, 210, 405, 1, 0, 454, 455, 58, P8, 0x0000000000000001
2026/08/31 23:29:35.936, 39.01, 39.00, 210, 405, 1, 0, 454, 455, 58, P8, 0x0000000000000001
2026/08/31 23:29:36.436, 39.01, 39.09, 210, 405, 1, 0, 454, 455, 58, P8, 0x0000000000000001
2026/08/31 23:29:36.937, 39.02, 39.06, 210, 405, 1, 0, 454, 455, 58, P8, 0x0000000000000001
2026/08/31 23:29:37.437, 39.12, 39.28, 210, 405, 1, 0, 454, 455, 58, P8, 0x0000000000000001
2026/08/31 23:29:37.937, 39.21, 39.24, 210, 405, 1, 0, 454, 455, 58, P8, 0x0000000000000001
2026/08/31 23:29:38.438, 39.24, 39.13, 210, 405, 1, 0, 454, 455, 58, P8, 0x0000000000000001
2026/08/31 23:29:38.938, 39.16, 39.15, 210, 405, 1, 0, 454, 455, 58, P8, 0x0000000000000001
2026/08/31 23:29:39.438, 39.14, 39.15, 210, 405, 1, 0, 454, 455, 58, P8, 0x0000000000000001
2026/08/31 23:29:39.939, 39.19, 39.34, 210, 405, 1, 0, 454, 455, 58, P8, 0x0000000000000001
2026/08/31 23:29:40.439, 39.22, 39.00, 210, 405, 1, 0, 454, 455, 58, P8, 0x0000000000000001
2026/08/31 23:29:40.940, 39.14, 39.00, 210, 405, 1, 0, 454, 455, 58, P8, 0x0000000000000001
2026/08/31 23:29:41.440, 39.04, 39.15, 210, 405, 0, 0, 454, 455, 58, P8, 0x0000000000000001
2026/08/31 23:29:41.940, 39.10, 39.23, 210, 405, 0, 0, 454, 455, 58, P8, 0x0000000000000001
2026/08/31 23:29:42.441, 39.06, 38.76, 210, 405, 0, 0, 454, 455, 58, P8, 0x0000000000000001
2026/08/31 23:29:42.941, 38.99, 39.20, 210, 405, 0, 0, 454, 455, 58, P8, 0x0000000000000001
2026/08/31 23:29:43.442, 39.04, 39.01, 210, 405, 0, 0, 454, 455, 58, P8, 0x0000000000000001
2026/08/31 23:29:43.942, 39.16, 39.03, 210, 405, 0, 0, 454, 455, 58, P8, 0x0000000000000001
2026/08/31 23:29:44.442, 39.11, 39.04, 210, 405, 0, 0, 454, 455, 58, P8, 0x0000000000000001
2026/08/31 23:29:44.943, 39.11, 39.11, 210, 405, 0, 0, 454, 455, 58, P8, 0x0000000000000001
2026/08/31 23:29:45.443, 39.14, 39.22, 210, 405, 1, 0, 454, 455, 58, P8, 0x0000000000000001
2026/08/31 23:29:45.943, 39.17, 39.32, 210, 405, 1, 0, 454, 455, 58, P8, 0x0000000000000001
2026/08/31 23:29:46.444, 39.25, 39.25, 210, 405, 1, 0, 454, 455, 58, P8, 0x0000000000000001
2026/08/31 23:29:46.944, 39.27, 39.04, 210, 405, 1, 0, 454, 455, 58, P8, 0x0000000000000001
2026/08/31 23:29:47.445, 39.17, 39.18, 210, 405, 1, 0, 454, 455, 58, P8, 0x0000000000000001
2026/08/31 23:29:47.945, 39.06, 39.10, 210, 405, 1, 0, 454, 455, 58, P8, 0x0000000000000001
2026/08/31 23:29:48.445, 39.00, 39.14, 210, 405, 1, 0, 454, 455, 58, P8, 0x0000000000000001
2026/08/31 23:29:48.946, 39.02, 39.11, 210, 405, 1, 0, 454, 455, 58, P8, 0x0000000000000001
2026/08/31 23:29:49.446, 39.08, 39.13, 210, 405, 1, 0, 454, 455, 58, P8, 0x0000000000000001
2026/08/31 23:29:49.946, 39.06, 39.05, 210, 405, 1, 0, 454, 455, 58, P8, 0x0000000000000001
2026/08/31 23:29:50.447, 39.06, 39.12, 210, 405, 1, 0, 454, 455, 58, P8, 0x0000000000000001
2026/08/31 23:29:50.947, 39.06, 39.03, 210, 405, 1, 0, 454, 455, 58, P8, 0x0000000000000001
2026/08/31 23:29:51.447, 39.08, 39.10, 210, 405, 1, 0, 454, 455, 58, P8, 0x0000000000000001
2026/08/31 23:29:51.948, 39.07, 39.09, 210, 405, 1, 0, 454, 455, 58, P8, 0x0000000000000001
2026/08/31 23:29:52.448, 39.03, 38.86, 210, 405, 1, 0, 454, 455, 58, P8, 0x0000000000000001
2026/08/31 23:29:52.948, 38.98, 39.02, 210, 405, 1, 0, 454, 455, 58, P8, 0x0000000000000001
2026/08/31 23:29:53.449, 38.96, 38.97, 210, 405, 0, 0, 454, 455, 58, P8, 0x0000000000000001
2026/08/31 23:29:53.949, 38.94, 38.93, 210, 405, 0, 0, 454, 455, 58, P8, 0x0000000000000001
2026/08/31 23:29:54.449, 38.87, 38.86, 210, 405, 0, 0, 454, 455, 58, P8, 0x0000000000000001
2026/08/31 23:29:54.950, 38.84, 38.89, 210, 405, 0, 0, 454, 455, 58, P8, 0x0000000000000001
2026/08/31 23:29:55.450, 38.90, 38.86, 210, 405, 0, 0, 454, 455, 58, P8, 0x0000000000000001
2026/08/31 23:29:55.951, 39.02, 39.19, 210, 405, 0, 0, 454, 455, 58, P8, 0x0000000000000001
2026/08/31 23:29:56.451, 39.13, 39.15, 210, 405, 0, 0, 454, 455, 58, P8, 0x0000000000000001
2026/08/31 23:29:56.951, 39.17, 39.17, 210, 405, 0, 0, 454, 455, 58, P8, 0x0000000000000001
2026/08/31 23:29:57.452, 39.10, 38.98, 210, 405, 0, 0, 454, 455, 58, P8, 0x0000000000000001
2026/08/31 23:29:57.952, 39.03, 39.04, 210, 405, 0, 0, 454, 455, 58, P8, 0x0000000000000001
2026/08/31 23:29:58.452, 38.99, 39.28, 210, 405, 1, 0, 454, 455, 58, P8, 0x0000000000000001
2026/08/31 23:29:58.953, 39.08, 39.24, 210, 405, 1, 0, 454, 455, 58, P8, 0x0000000000000001
2026/08/31 23:29:59.453, 39.14, 39.21, 210, 405, 1, 0, 454, 455, 58, P8, 0x0000000000000001
2026/08/31 23:29:59.953, 39.12, 38.96, 210, 405, 1, 0, 454, 455, 58, P8, 0x0000000000000001
2026/08/31 23:30:00.454, 39.14, 39.17, 210, 405, 1, 0, 454, 455, 58, P8, 0x0000000000000001
2026/08/31 23:30:00.954, 39.15, 39.02, 210, 405, 1, 0, 454, 455, 58, P8, 0x0000000000000001
2026/08/31 23:30:01.454, 39.19, 39.13, 210, 405, 1, 0, 454, 455, 58, P8, 0x0000000000000001
2026/08/31 23:30:01.955, 39.13, 38.94, 210, 405, 1, 0, 454, 455, 58, P8, 0x0000000000000001
2026/08/31 23:30:02.455, 39.06, 39.04, 210, 405, 1, 0, 454, 455, 58, P8, 0x0000000000000001
2026/08/31 23:30:02.955, 39.07, 39.02, 210, 405, 1, 0, 454, 455, 58, P8, 0x0000000000000001
2026/08/31 23:30:03.456, 39.14, 39.35, 210, 405, 1, 0, 454, 455, 58, P8, 0x0000000000000001
2026/08/31 23:30:03.956, 39.13, 39.05, 210, 405, 1, 0, 454, 455, 58, P8, 0x0000000000000001
2026/08/31 23:30:04.457, 39.10, 39.05, 210, 405, 1, 0, 454, 455, 58, P8, 0x0000000000000001
2026/08/31 23:30:04.957, 39.01, 39.03, 210, 405, 1, 0, 454, 455, 58, P8, 0x0000000000000001
2026/08/31 23:30:05.457, 38.95, 38.98, 210, 405, 1, 0, 454, 455, 58, P8, 0x0000000000000001
2026/08/31 23:30:05.958, 38.92, 38.98, 210, 405, 1, 0, 454, 455, 58, P8, 0x0000000000000001
2026/08/31 23:30:06.458, 38.98, 39.01, 210, 405, 1, 0, 454, 455, 58, P8, 0x0000000000000001
2026/08/31 23:30:06.958, 39.01, 38.98, 210, 405, 1, 0, 454, 455, 58, P8, 0x0000000000000001
2026/08/31 23:30:07.459, 39.01, 39.03, 210, 405, 0, 0, 454, 455, 58, P8, 0x0000000000000001
2026/08/31 23:30:07.959, 39.02, 39.10, 210, 405, 0, 0, 454, 455, 58, P8, 0x0000000000000001
2026/08/31 23:30:08.459, 39.04, 39.04, 210, 405, 0, 0, 454, 455, 58, P8, 0x0000000000000001
2026/08/31 23:30:08.959, 39.07, 39.06, 210, 405, 0, 0, 454, 455, 58, P8, 0x0000000000000001
2026/08/31 23:30:09.460, 39.12, 39.15, 210, 405, 1, 0, 454, 455, 58, P8, 0x0000000000000001
2026/08/31 23:30:09.960, 39.16, 39.26, 210, 405, 1, 0, 454, 455, 58, P8, 0x0000000000000001
2026/08/31 23:30:10.461, 39.22, 39.18, 210, 405, 1, 0, 454, 455, 58, P8, 0x0000000000000001
2026/08/31 23:30:10.961, 39.20, 39.01, 210, 405, 1, 0, 454, 455, 58, P8, 0x0000000000000001
2026/08/31 23:30:11.461, 39.11, 39.14, 210, 405, 1, 0, 454, 455, 58, P8, 0x0000000000000001
2026/08/31 23:30:11.962, 39.11, 39.06, 210, 405, 1, 0, 454, 455, 58, P8, 0x0000000000000001
2026/08/31 23:30:12.462, 39.17, 39.31, 210, 405, 1, 0, 454, 455, 58, P8, 0x0000000000000001
2026/08/31 23:30:12.962, 39.15, 39.03, 210, 405, 1, 0, 454, 455, 58, P8, 0x0000000000000001
2026/08/31 23:30:13.463, 39.08, 38.93, 210, 405, 0, 0, 454, 455, 58, P8, 0x0000000000000001
2026/08/31 23:30:13.963, 39.01, 39.17, 210, 405, 0, 0, 454, 455, 58, P8, 0x0000000000000001
2026/08/31 23:30:14.463, 39.05, 39.13, 210, 405, 0, 0, 454, 455, 58, P8, 0x0000000000000001
2026/08/31 23:30:14.964, 39.10, 39.21, 210, 405, 0, 0, 454, 455, 58, P8, 0x0000000000000001
2026/08/31 23:30:15.464, 39.17, 39.28, 210, 405, 1, 0, 454, 455, 58, P8, 0x0000000000000001
2026/08/31 23:30:15.965, 39.15, 38.89, 210, 405, 1, 0, 454, 455, 58, P8, 0x0000000000000001
2026/08/31 23:30:16.465, 39.08, 39.15, 210, 405, 1, 0, 454, 455, 58, P8, 0x0000000000000001
2026/08/31 23:30:16.965, 39.10, 39.19, 210, 405, 1, 0, 454, 455, 58, P8, 0x0000000000000001
2026/08/31 23:30:17.466, 39.21, 39.34, 210, 405, 1, 0, 454, 455, 58, P8, 0x0000000000000001
2026/08/31 23:30:17.966, 39.23, 39.11, 210, 405, 1, 0, 454, 455, 58, P8, 0x0000000000000001
2026/08/31 23:30:18.466, 39.19, 39.12, 210, 405, 1, 0, 454, 455, 58, P8, 0x0000000000000001
2026/08/31 23:30:18.966, 39.09, 39.11, 210, 405, 1, 0, 454, 455, 58, P8, 0x0000000000000001
2026/08/31 23:30:19.467, 39.14, 39.21, 210, 405, 0, 0, 454, 455, 58, P8, 0x0000000000000001
2026/08/31 23:30:19.967, 39.20, 39.12, 210, 405, 0, 0, 454, 455, 58, P8, 0x0000000000000001
2026/08/31 23:30:20.467, 39.17, 39.10, 210, 405, 0, 0, 454, 455, 58, P8, 0x0000000000000001
2026/08/31 23:30:20.968, 39.11, 39.12, 210, 405, 0, 0, 454, 455, 58, P8, 0x0000000000000001
2026/08/31 23:30:21.468, 39.07, 39.04, 210, 405, 0, 0, 454, 455, 58, P8, 0x0000000000000001
2026/08/31 23:30:21.968, 39.07, 39.05, 210, 405, 0, 0, 454, 455, 58, P8, 0x0000000000000001
2026/08/31 23:30:22.469, 39.11, 39.15, 210, 405, 0, 0, 454, 455, 58, P8, 0x0000000000000001
2026/08/31 23:30:22.969, 39.18, 39.23, 210, 405, 0, 0, 454, 455, 58, P8, 0x0000000000000001
2026/08/31 23:30:23.469, 39.16, 38.98, 210, 405, 0, 0, 454, 455, 58, P8, 0x0000000000000001
2026/08/31 23:30:23.970, 39.12, 39.17, 210, 405, 0, 0, 454, 455, 58, P8, 0x0000000000000001
2026/08/31 23:30:24.470, 39.08, 39.06, 210, 405, 1, 0, 454, 455, 58, P8, 0x0000000000000001
2026/08/31 23:30:24.970, 39.05, 39.06, 210, 405, 1, 0, 454, 455, 58, P8, 0x0000000000000001
2026/08/31 23:30:25.471, 39.07, 39.13, 210, 405, 0, 0, 454, 455, 58, P8, 0x0000000000000001
2026/08/31 23:30:25.971, 39.04, 38.79, 210, 405, 0, 0, 454, 455, 58, P8, 0x0000000000000001
2026/08/31 23:30:26.472, 38.95, 38.94, 210, 405, 1, 0, 454, 455, 58, P8, 0x0000000000000001
2026/08/31 23:30:26.972, 38.91, 39.02, 210, 405, 1, 0, 454, 455, 58, P8, 0x0000000000000001
2026/08/31 23:30:27.472, 38.97, 39.01, 210, 405, 1, 0, 454, 455, 58, P8, 0x0000000000000001
2026/08/31 23:30:27.972, 39.06, 39.15, 210, 405, 1, 0, 454, 455, 58, P8, 0x0000000000000001
2026/08/31 23:30:28.473, 39.05, 38.91, 210, 405, 1, 0, 454, 455, 59, P8, 0x0000000000000001
2026/08/31 23:30:28.973, 39.03, 39.21, 210, 405, 1, 0, 454, 455, 58, P8, 0x0000000000000001
2026/08/31 23:30:29.474, 39.02, 39.03, 210, 405, 1, 0, 454, 455, 59, P8, 0x0000000000000001
2026/08/31 23:30:29.974, 39.04, 39.03, 210, 405, 1, 0, 454, 455, 59, P8, 0x0000000000000001
2026/08/31 23:30:30.474, 38.97, 38.90, 210, 405, 1, 0, 454, 455, 58, P8, 0x0000000000000001
2026/08/31 23:30:30.975, 38.98, 38.99, 210, 405, 1, 0, 454, 455, 59, P8, 0x0000000000000001
2026/08/31 23:30:31.475, 39.03, 39.01, 210, 405, 1, 0, 454, 455, 59, P8, 0x0000000000000001
2026/08/31 23:30:31.975, 39.04, 39.08, 210, 405, 1, 0, 454, 455, 59, P8, 0x0000000000000001
2026/08/31 23:30:32.476, 39.04, 39.09, 210, 405, 1, 0, 454, 455, 59, P8, 0x0000000000000001
2026/08/31 23:30:32.976, 39.09, 39.05, 210, 405, 1, 0, 454, 455, 59, P8, 0x0000000000000001
2026/08/31 23:30:33.476, 39.13, 39.10, 210, 405, 0, 0, 454, 455, 59, P8, 0x0000000000000001
2026/08/31 23:30:33.977, 39.10, 38.99, 210, 405, 0, 0, 454, 455, 59, P8, 0x0000000000000001
2026/08/31 23:30:34.477, 38.96, 38.97, 210, 405, 0, 0, 454, 455, 59, P8, 0x0000000000000001
2026/08/31 23:30:34.978, 38.92, 39.02, 210, 405, 0, 0, 454, 455, 59, P8, 0x0000000000000001
2026/08/31 23:30:35.478, 38.97, 38.99, 210, 405, 0, 0, 454, 455, 59, P8, 0x0000000000000001
2026/08/31 23:30:35.978, 38.94, 38.93, 210, 405, 0, 0, 454, 455, 59, P8, 0x0000000000000001
2026/08/31 23:30:36.479, 38.92, 38.81, 210, 405, 0, 0, 454, 455, 59, P8, 0x0000000000000001
2026/08/31 23:30:36.979, 38.88, 38.99, 210, 405, 0, 0, 454, 455, 59, P8, 0x0000000000000001
2026/08/31 23:30:37.480, 38.87, 39.03, 210, 405, 0, 0, 454, 455, 59, P8, 0x0000000000000001
2026/08/31 23:30:37.980, 38.93, 38.94, 210, 405, 0, 0, 454, 455, 59, P8, 0x0000000000000001
2026/08/31 23:30:38.480, 38.94, 39.06, 210, 405, 1, 0, 454, 455, 59, P8, 0x0000000000000001
2026/08/31 23:30:38.981, 38.92, 38.80, 210, 405, 1, 0, 454, 455, 59, P8, 0x0000000000000001
2026/08/31 23:30:39.481, 38.85, 38.74, 210, 405, 1, 0, 454, 455, 59, P8, 0x0000000000000001
2026/08/31 23:30:39.981, 38.87, 39.09, 210, 405, 1, 0, 454, 455, 59, P8, 0x0000000000000001
2026/08/31 23:30:40.482, 38.91, 38.83, 210, 405, 1, 0, 454, 455, 59, P8, 0x0000000000000001
2026/08/31 23:30:40.982, 38.98, 39.16, 210, 405, 1, 0, 454, 455, 59, P8, 0x0000000000000001
2026/08/31 23:30:41.483, 38.98, 38.91, 210, 405, 1, 0, 454, 455, 59, P8, 0x0000000000000001
2026/08/31 23:30:41.983, 38.96, 38.94, 210, 405, 1, 0, 454, 455, 59, P8, 0x0000000000000001
2026/08/31 23:30:42.483, 38.91, 38.81, 210, 405, 1, 0, 454, 455, 59, P8, 0x0000000000000001
2026/08/31 23:30:42.984, 38.94, 38.96, 210, 405, 1, 0, 454, 455, 59, P8, 0x0000000000000001
2026/08/31 23:30:43.484, 38.94, 38.95, 210, 405, 1, 0, 454, 455, 59, P8, 0x0000000000000001
2026/08/31 23:30:43.985, 38.92, 38.87, 210, 405, 1, 0, 454, 455, 59, P8, 0x0000000000000001
2026/08/31 23:30:44.485, 38.93, 38.92, 210, 405, 1, 0, 454, 455, 59, P8, 0x0000000000000001
2026/08/31 23:30:44.985, 38.89, 38.75, 210, 405, 1, 0, 454, 455, 59, P8, 0x0000000000000001
2026/08/31 23:30:45.486, 38.83, 38.78, 210, 405, 1, 0, 454, 455, 59, P8, 0x0000000000000001
2026/08/31 23:30:45.986, 38.81, 38.74, 210, 405, 1, 0, 454, 455, 59, P8, 0x0000000000000001
2026/08/31 23:30:46.487, 38.78, 38.81, 210, 405, 1, 0, 454, 455, 59, P8, 0x0000000000000001
2026/08/31 23:30:46.987, 38.82, 39.02, 210, 405, 1, 0, 454, 455, 59, P8, 0x0000000000000001
2026/08/31 23:30:47.488, 38.89, 38.94, 210, 405, 0, 0, 454, 455, 59, P8, 0x0000000000000001
2026/08/31 23:30:47.988, 38.93, 38.89, 210, 405, 0, 0, 454, 455, 59, P8, 0x0000000000000001
2026/08/31 23:30:48.488, 38.92, 38.84, 210, 405, 0, 0, 454, 455, 59, P8, 0x0000000000000001
2026/08/31 23:30:48.989, 38.95, 38.88, 210, 405, 0, 0, 454, 455, 59, P8, 0x0000000000000001
2026/08/31 23:30:49.489, 38.96, 38.92, 210, 405, 0, 0, 454, 455, 59, P8, 0x0000000000000001
2026/08/31 23:30:49.989, 38.96, 39.03, 210, 405, 0, 0, 454, 455, 59, P8, 0x0000000000000001
2026/08/31 23:30:50.490, 38.96, 38.97, 210, 405, 0, 0, 454, 455, 59, P8, 0x0000000000000001
2026/08/31 23:30:50.990, 38.96, 39.07, 210, 405, 0, 0, 454, 455, 59, P8, 0x0000000000000001
2026/08/31 23:30:51.491, 38.94, 38.78, 210, 405, 0, 0, 454, 455, 59, P8, 0x0000000000000001
2026/08/31 23:30:51.991, 38.88, 38.77, 210, 405, 0, 0, 454, 455, 59, P8, 0x0000000000000001
2026/08/31 23:30:52.491, 38.88, 39.02, 210, 405, 1, 0, 454, 455, 59, P8, 0x0000000000000001
2026/08/31 23:30:52.992, 38.92, 38.91, 210, 405, 1, 0, 454, 455, 59, P8, 0x0000000000000001
2026/08/31 23:30:53.492, 38.90, 38.85, 210, 405, 1, 0, 454, 455, 59, P8, 0x0000000000000001
2026/08/31 23:30:53.993, 38.81, 38.82, 210, 405, 1, 0, 454, 455, 59, P8, 0x0000000000000001
2026/08/31 23:30:54.493, 38.77, 38.79, 210, 405, 1, 0, 454, 455, 59, P8, 0x0000000000000001
2026/08/31 23:30:54.993, 38.82, 38.77, 210, 405, 1, 0, 454, 455, 59, P8, 0x0000000000000001
2026/08/31 23:30:55.494, 38.81, 38.66, 210, 405, 1, 0, 454, 455, 59, P8, 0x0000000000000001
2026/08/31 23:30:55.994, 38.78, 38.83, 210, 405, 1, 0, 454, 455, 59, P8, 0x0000000000000001
2026/08/31 23:30:56.494, 38.81, 38.87, 210, 405, 1, 0, 454, 455, 59, P8, 0x0000000000000001
2026/08/31 23:30:56.995, 38.84, 38.86, 210, 405, 1, 0, 454, 455, 59, P8, 0x0000000000000001
2026/08/31 23:30:57.495, 38.89, 38.82, 210, 405, 1, 0, 454, 455, 59, P8, 0x0000000000000001
2026/08/31 23:30:57.996, 38.92, 38.85, 210, 405, 1, 0, 454, 455, 59, P8, 0x0000000000000001
2026/08/31 23:30:58.496, 38.93, 39.08, 210, 405, 1, 0, 454, 455, 59, P8, 0x0000000000000001
2026/08/31 23:30:58.996, 38.97, 38.90, 210, 405, 1, 0, 454, 455, 59, P8, 0x0000000000000001
2026/08/31 23:30:59.497, 39.00, 39.17, 210, 405, 1, 0, 454, 455, 59, P8, 0x0000000000000001
2026/08/31 23:30:59.997, 38.98, 38.98, 210, 405, 1, 0, 454, 455, 59, P8, 0x0000000000000001
2026/08/31 23:31:00.497, 38.99, 38.95, 210, 405, 0, 0, 454, 455, 59, P8, 0x0000000000000001
2026/08/31 23:31:00.998, 38.99, 38.77, 210, 405, 0, 0, 454, 455, 59, P8, 0x0000000000000001
2026/08/31 23:31:01.498, 39.01, 39.06, 210, 405, 0, 0, 454, 455, 59, P8, 0x0000000000000001
2026/08/31 23:31:01.998, 39.01, 39.14, 210, 405, 0, 0, 454, 455, 59, P8, 0x0000000000000001
2026/08/31 23:31:02.499, 39.02, 38.94, 210, 405, 0, 0, 454, 455, 59, P8, 0x0000000000000001
2026/08/31 23:31:02.999, 39.03, 39.15, 210, 405, 0, 0, 454, 455, 59, P8, 0x0000000000000001
2026/08/31 23:31:03.499, 39.05, 39.03, 210, 405, 0, 0, 454, 455, 59, P8, 0x0000000000000001
2026/08/31 23:31:04.000, 39.05, 38.93, 210, 405, 0, 0, 454, 455, 59, P8, 0x0000000000000001
2026/08/31 23:31:04.500, 39.04, 39.10, 210, 405, 0, 0, 454, 455, 59, P8, 0x0000000000000001
2026/08/31 23:31:05.000, 39.10, 39.34, 210, 405, 0, 0, 454, 455, 59, P8, 0x0000000000000001
2026/08/31 23:31:05.501, 39.13, 39.05, 210, 405, 0, 0, 454, 455, 59, P8, 0x0000000000000001
2026/08/31 23:31:06.001, 39.12, 39.11, 210, 405, 0, 0, 454, 455, 59, P8, 0x0000000000000001
2026/08/31 23:31:06.502, 39.13, 39.30, 210, 405, 1, 0, 454, 455, 59, P8, 0x0000000000000001
2026/08/31 23:31:07.002, 39.14, 39.13, 210, 405, 1, 0, 454, 455, 59, P8, 0x0000000000000001
2026/08/31 23:31:07.502, 39.11, 39.29, 210, 405, 1, 0, 454, 455, 59, P8, 0x0000000000000001
2026/08/31 23:31:08.003, 39.15, 39.33, 210, 405, 1, 0, 454, 455, 59, P8, 0x0000000000000001
2026/08/31 23:31:08.503, 39.24, 39.16, 210, 405, 1, 0, 454, 455, 59, P8, 0x0000000000000001
2026/08/31 23:31:09.003, 39.18, 39.15, 210, 405, 1, 0, 454, 455, 59, P8, 0x0000000000000001
2026/08/31 23:31:09.504, 39.14, 39.08, 210, 405, 1, 0, 454, 455, 59, P8, 0x0000000000000001
2026/08/31 23:31:10.004, 39.09, 38.97, 210, 405, 1, 0, 454, 455, 59, P8, 0x0000000000000001
2026/08/31 23:31:10.504, 39.06, 39.07, 210, 405, 1, 0, 454, 455, 59, P8, 0x0000000000000001
2026/08/31 23:31:11.005, 39.09, 39.10, 210, 405, 1, 0, 454, 455, 59, P8, 0x0000000000000001
2026/08/31 23:31:11.505, 39.17, 39.18, 210, 405, 1, 0, 454, 455, 59, P8, 0x0000000000000001
2026/08/31 23:31:12.005, 39.18, 39.11, 210, 405, 1, 0, 454, 455, 59, P8, 0x0000000000000001
2026/08/31 23:31:12.506, 39.19, 39.30, 210, 405, 1, 0, 454, 455, 59, P8, 0x0000000000000001
2026/08/31 23:31:13.006, 39.19, 39.22, 210, 405, 1, 0, 454, 455, 59, P8, 0x0000000000000001
2026/08/31 23:31:13.506, 39.19, 39.10, 210, 405, 1, 0, 454, 455, 59, P8, 0x0000000000000001
2026/08/31 23:31:14.007, 39.15, 39.05, 210, 405, 1, 0, 454, 455, 59, P8, 0x0000000000000001
2026/08/31 23:31:14.507, 39.08, 39.04, 210, 405, 0, 0, 454, 455, 59, P8, 0x0000000000000001
2026/08/31 23:31:15.007, 39.06, 39.02, 210, 405, 0, 0, 454, 455, 59, P8, 0x0000000000000001
2026/08/31 23:31:15.508, 39.08, 39.15, 210, 405, 0, 0, 454, 455, 59, P8, 0x0000000000000001
2026/08/31 23:31:16.008, 39.08, 39.02, 210, 405, 0, 0, 454, 455, 59, P8, 0x0000000000000001
